solid OpenSCAD_Model
  facet normal -0.998019 -0.0629071 0
    outer loop
      vertex -27 -30 0
      vertex -27.0237 -29.624 9
      vertex -27.0237 -29.624 0
    endloop
  endfacet
  facet normal -0.998019 -0.0629071 0
    outer loop
      vertex -27.0237 -29.624 9
      vertex -27 -30 0
      vertex -27 -30 9
    endloop
  endfacet
  facet normal 0.998019 -0.0629071 0
    outer loop
      vertex -33 -30 9
      vertex -32.9763 -29.624 0
      vertex -32.9763 -29.624 9
    endloop
  endfacet
  facet normal 0.998019 -0.0629071 0
    outer loop
      vertex -32.9763 -29.624 0
      vertex -33 -30 9
      vertex -33 -30 0
    endloop
  endfacet
  facet normal 0 -1 0
    outer loop
      vertex -30.1884 -27.0059 0
      vertex -29.8116 -27.0059 9
      vertex -30.1884 -27.0059 9
    endloop
  endfacet
  facet normal 0 -1 -0
    outer loop
      vertex -29.8116 -27.0059 9
      vertex -30.1884 -27.0059 0
      vertex -29.8116 -27.0059 0
    endloop
  endfacet
  facet normal 0 1 -0
    outer loop
      vertex -29.8116 -32.9941 0
      vertex -30.1884 -32.9941 9
      vertex -29.8116 -32.9941 9
    endloop
  endfacet
  facet normal 0 1 0
    outer loop
      vertex -30.1884 -32.9941 9
      vertex -29.8116 -32.9941 0
      vertex -30.1884 -32.9941 0
    endloop
  endfacet
  facet normal -0.684594 -0.728924 0
    outer loop
      vertex -28.0877 -27.6885 0
      vertex -27.8131 -27.9464 9
      vertex -28.0877 -27.6885 9
    endloop
  endfacet
  facet normal -0.684594 -0.728924 -0
    outer loop
      vertex -27.8131 -27.9464 9
      vertex -28.0877 -27.6885 0
      vertex -27.8131 -27.9464 0
    endloop
  endfacet
  facet normal 0.684594 -0.728924 0
    outer loop
      vertex -32.1869 -27.9464 0
      vertex -31.9123 -27.6885 9
      vertex -32.1869 -27.9464 9
    endloop
  endfacet
  facet normal 0.684594 -0.728924 0
    outer loop
      vertex -31.9123 -27.6885 9
      vertex -32.1869 -27.9464 0
      vertex -31.9123 -27.6885 0
    endloop
  endfacet
  facet normal 0.36823 -0.929735 0
    outer loop
      vertex -31.2773 -27.2855 0
      vertex -30.9271 -27.1468 9
      vertex -31.2773 -27.2855 9
    endloop
  endfacet
  facet normal 0.36823 -0.929735 0
    outer loop
      vertex -30.9271 -27.1468 9
      vertex -31.2773 -27.2855 0
      vertex -30.9271 -27.1468 0
    endloop
  endfacet
  facet normal -0.844415 0.53569 0
    outer loop
      vertex -27.5729 -31.7634 0
      vertex -27.3711 -31.4453 9
      vertex -27.3711 -31.4453 0
    endloop
  endfacet
  facet normal -0.844415 0.53569 0
    outer loop
      vertex -27.3711 -31.4453 9
      vertex -27.5729 -31.7634 0
      vertex -27.5729 -31.7634 9
    endloop
  endfacet
  facet normal -0.904843 -0.425746 0
    outer loop
      vertex -27.2107 -28.8956 0
      vertex -27.3711 -28.5547 9
      vertex -27.3711 -28.5547 0
    endloop
  endfacet
  facet normal -0.904843 -0.425746 0
    outer loop
      vertex -27.3711 -28.5547 9
      vertex -27.2107 -28.8956 0
      vertex -27.2107 -28.8956 9
    endloop
  endfacet
  facet normal -0.982336 -0.187124 0
    outer loop
      vertex -27.0237 -29.624 0
      vertex -27.0942 -29.2539 9
      vertex -27.0942 -29.2539 0
    endloop
  endfacet
  facet normal -0.982336 -0.187124 0
    outer loop
      vertex -27.0942 -29.2539 9
      vertex -27.0237 -29.624 0
      vertex -27.0237 -29.624 9
    endloop
  endfacet
  facet normal -0.36823 -0.929735 0
    outer loop
      vertex -29.0729 -27.1468 0
      vertex -28.7227 -27.2855 9
      vertex -29.0729 -27.1468 9
    endloop
  endfacet
  facet normal -0.36823 -0.929735 -0
    outer loop
      vertex -28.7227 -27.2855 9
      vertex -29.0729 -27.1468 0
      vertex -28.7227 -27.2855 0
    endloop
  endfacet
  facet normal -0.587872 -0.808954 0
    outer loop
      vertex -28.3925 -27.467 0
      vertex -28.0877 -27.6885 9
      vertex -28.3925 -27.467 9
    endloop
  endfacet
  facet normal -0.587872 -0.808954 -0
    outer loop
      vertex -28.0877 -27.6885 9
      vertex -28.3925 -27.467 0
      vertex -28.0877 -27.6885 0
    endloop
  endfacet
  facet normal 0.904843 -0.425746 0
    outer loop
      vertex -32.7893 -28.8956 9
      vertex -32.6289 -28.5547 0
      vertex -32.6289 -28.5547 9
    endloop
  endfacet
  facet normal 0.904843 -0.425746 0
    outer loop
      vertex -32.6289 -28.5547 0
      vertex -32.7893 -28.8956 9
      vertex -32.7893 -28.8956 0
    endloop
  endfacet
  facet normal 0.844415 -0.53569 0
    outer loop
      vertex -32.6289 -28.5547 9
      vertex -32.4271 -28.2366 0
      vertex -32.4271 -28.2366 9
    endloop
  endfacet
  facet normal 0.844415 -0.53569 0
    outer loop
      vertex -32.4271 -28.2366 0
      vertex -32.6289 -28.5547 9
      vertex -32.6289 -28.5547 0
    endloop
  endfacet
  facet normal 0.950993 -0.309212 0
    outer loop
      vertex -32.9058 -29.2539 9
      vertex -32.7893 -28.8956 0
      vertex -32.7893 -28.8956 9
    endloop
  endfacet
  facet normal 0.950993 -0.309212 0
    outer loop
      vertex -32.7893 -28.8956 0
      vertex -32.9058 -29.2539 9
      vertex -32.9058 -29.2539 0
    endloop
  endfacet
  facet normal 0.587872 -0.808954 0
    outer loop
      vertex -31.9123 -27.6885 0
      vertex -31.6075 -27.467 9
      vertex -31.9123 -27.6885 9
    endloop
  endfacet
  facet normal 0.587872 -0.808954 0
    outer loop
      vertex -31.6075 -27.467 9
      vertex -31.9123 -27.6885 0
      vertex -31.6075 -27.467 0
    endloop
  endfacet
  facet normal 0.24865 -0.968593 0
    outer loop
      vertex -30.9271 -27.1468 0
      vertex -30.5621 -27.0531 9
      vertex -30.9271 -27.1468 9
    endloop
  endfacet
  facet normal 0.24865 -0.968593 0
    outer loop
      vertex -30.5621 -27.0531 9
      vertex -30.9271 -27.1468 0
      vertex -30.5621 -27.0531 0
    endloop
  endfacet
  facet normal -0.950993 0.309212 0
    outer loop
      vertex -27.2107 -31.1044 0
      vertex -27.0942 -30.7461 9
      vertex -27.0942 -30.7461 0
    endloop
  endfacet
  facet normal -0.950993 0.309212 0
    outer loop
      vertex -27.0942 -30.7461 9
      vertex -27.2107 -31.1044 0
      vertex -27.2107 -31.1044 9
    endloop
  endfacet
  facet normal -0.36823 0.929735 0
    outer loop
      vertex -28.7227 -32.7145 0
      vertex -29.0729 -32.8532 9
      vertex -28.7227 -32.7145 9
    endloop
  endfacet
  facet normal -0.36823 0.929735 0
    outer loop
      vertex -29.0729 -32.8532 9
      vertex -28.7227 -32.7145 0
      vertex -29.0729 -32.8532 0
    endloop
  endfacet
  facet normal -0.950993 -0.309212 0
    outer loop
      vertex -27.0942 -29.2539 0
      vertex -27.2107 -28.8956 9
      vertex -27.2107 -28.8956 0
    endloop
  endfacet
  facet normal -0.950993 -0.309212 0
    outer loop
      vertex -27.2107 -28.8956 9
      vertex -27.0942 -29.2539 0
      vertex -27.0942 -29.2539 9
    endloop
  endfacet
  facet normal -0.770349 -0.637622 0
    outer loop
      vertex -27.5729 -28.2366 0
      vertex -27.8131 -27.9464 9
      vertex -27.8131 -27.9464 0
    endloop
  endfacet
  facet normal -0.770349 -0.637622 0
    outer loop
      vertex -27.8131 -27.9464 9
      vertex -27.5729 -28.2366 0
      vertex -27.5729 -28.2366 9
    endloop
  endfacet
  facet normal -0.844415 -0.53569 0
    outer loop
      vertex -27.3711 -28.5547 0
      vertex -27.5729 -28.2366 9
      vertex -27.5729 -28.2366 0
    endloop
  endfacet
  facet normal -0.844415 -0.53569 0
    outer loop
      vertex -27.5729 -28.2366 9
      vertex -27.3711 -28.5547 0
      vertex -27.3711 -28.5547 9
    endloop
  endfacet
  facet normal -0.24865 -0.968593 0
    outer loop
      vertex -29.4379 -27.0531 0
      vertex -29.0729 -27.1468 9
      vertex -29.4379 -27.0531 9
    endloop
  endfacet
  facet normal -0.24865 -0.968593 -0
    outer loop
      vertex -29.0729 -27.1468 9
      vertex -29.4379 -27.0531 0
      vertex -29.0729 -27.1468 0
    endloop
  endfacet
  facet normal -0.125309 -0.992118 0
    outer loop
      vertex -29.8116 -27.0059 0
      vertex -29.4379 -27.0531 9
      vertex -29.8116 -27.0059 9
    endloop
  endfacet
  facet normal -0.125309 -0.992118 -0
    outer loop
      vertex -29.4379 -27.0531 9
      vertex -29.8116 -27.0059 0
      vertex -29.4379 -27.0531 0
    endloop
  endfacet
  facet normal 0.982336 -0.187124 0
    outer loop
      vertex -32.9763 -29.624 9
      vertex -32.9058 -29.2539 0
      vertex -32.9058 -29.2539 9
    endloop
  endfacet
  facet normal 0.982336 -0.187124 0
    outer loop
      vertex -32.9058 -29.2539 0
      vertex -32.9763 -29.624 9
      vertex -32.9763 -29.624 0
    endloop
  endfacet
  facet normal 0.125309 -0.992118 0
    outer loop
      vertex -30.5621 -27.0531 0
      vertex -30.1884 -27.0059 9
      vertex -30.5621 -27.0531 9
    endloop
  endfacet
  facet normal 0.125309 -0.992118 0
    outer loop
      vertex -30.1884 -27.0059 9
      vertex -30.5621 -27.0531 0
      vertex -30.1884 -27.0059 0
    endloop
  endfacet
  facet normal -0.998019 0.0629071 0
    outer loop
      vertex -27.0237 -30.376 0
      vertex -27 -30 9
      vertex -27 -30 0
    endloop
  endfacet
  facet normal -0.998019 0.0629071 0
    outer loop
      vertex -27 -30 9
      vertex -27.0237 -30.376 0
      vertex -27.0237 -30.376 9
    endloop
  endfacet
  facet normal -0.770349 0.637622 0
    outer loop
      vertex -27.8131 -32.0536 0
      vertex -27.5729 -31.7634 9
      vertex -27.5729 -31.7634 0
    endloop
  endfacet
  facet normal -0.770349 0.637622 0
    outer loop
      vertex -27.5729 -31.7634 9
      vertex -27.8131 -32.0536 0
      vertex -27.8131 -32.0536 9
    endloop
  endfacet
  facet normal -0.982336 0.187124 0
    outer loop
      vertex -27.0942 -30.7461 0
      vertex -27.0237 -30.376 9
      vertex -27.0237 -30.376 0
    endloop
  endfacet
  facet normal -0.982336 0.187124 0
    outer loop
      vertex -27.0237 -30.376 9
      vertex -27.0942 -30.7461 0
      vertex -27.0942 -30.7461 9
    endloop
  endfacet
  facet normal 0.904843 0.425746 0
    outer loop
      vertex -32.6289 -31.4453 9
      vertex -32.7893 -31.1044 0
      vertex -32.7893 -31.1044 9
    endloop
  endfacet
  facet normal 0.904843 0.425746 0
    outer loop
      vertex -32.7893 -31.1044 0
      vertex -32.6289 -31.4453 9
      vertex -32.6289 -31.4453 0
    endloop
  endfacet
  facet normal -0.481695 0.876339 0
    outer loop
      vertex -28.3925 -32.533 0
      vertex -28.7227 -32.7145 9
      vertex -28.3925 -32.533 9
    endloop
  endfacet
  facet normal -0.481695 0.876339 0
    outer loop
      vertex -28.7227 -32.7145 9
      vertex -28.3925 -32.533 0
      vertex -28.7227 -32.7145 0
    endloop
  endfacet
  facet normal -0.481695 -0.876339 0
    outer loop
      vertex -28.7227 -27.2855 0
      vertex -28.3925 -27.467 9
      vertex -28.7227 -27.2855 9
    endloop
  endfacet
  facet normal -0.481695 -0.876339 -0
    outer loop
      vertex -28.3925 -27.467 9
      vertex -28.7227 -27.2855 0
      vertex -28.3925 -27.467 0
    endloop
  endfacet
  facet normal 0.770349 -0.637622 0
    outer loop
      vertex -32.4271 -28.2366 9
      vertex -32.1869 -27.9464 0
      vertex -32.1869 -27.9464 9
    endloop
  endfacet
  facet normal 0.770349 -0.637622 0
    outer loop
      vertex -32.1869 -27.9464 0
      vertex -32.4271 -28.2366 9
      vertex -32.4271 -28.2366 0
    endloop
  endfacet
  facet normal 0.481695 -0.876339 0
    outer loop
      vertex -31.6075 -27.467 0
      vertex -31.2773 -27.2855 9
      vertex -31.6075 -27.467 9
    endloop
  endfacet
  facet normal 0.481695 -0.876339 0
    outer loop
      vertex -31.2773 -27.2855 9
      vertex -31.6075 -27.467 0
      vertex -31.2773 -27.2855 0
    endloop
  endfacet
  facet normal -0.587872 0.808954 0
    outer loop
      vertex -28.0877 -32.3115 0
      vertex -28.3925 -32.533 9
      vertex -28.0877 -32.3115 9
    endloop
  endfacet
  facet normal -0.587872 0.808954 0
    outer loop
      vertex -28.3925 -32.533 9
      vertex -28.0877 -32.3115 0
      vertex -28.3925 -32.533 0
    endloop
  endfacet
  facet normal -0.684594 0.728924 0
    outer loop
      vertex -27.8131 -32.0536 0
      vertex -28.0877 -32.3115 9
      vertex -27.8131 -32.0536 9
    endloop
  endfacet
  facet normal -0.684594 0.728924 0
    outer loop
      vertex -28.0877 -32.3115 9
      vertex -27.8131 -32.0536 0
      vertex -28.0877 -32.3115 0
    endloop
  endfacet
  facet normal -0.904843 0.425746 0
    outer loop
      vertex -27.3711 -31.4453 0
      vertex -27.2107 -31.1044 9
      vertex -27.2107 -31.1044 0
    endloop
  endfacet
  facet normal -0.904843 0.425746 0
    outer loop
      vertex -27.2107 -31.1044 9
      vertex -27.3711 -31.4453 0
      vertex -27.3711 -31.4453 9
    endloop
  endfacet
  facet normal 0.36823 0.929735 -0
    outer loop
      vertex -30.9271 -32.8532 0
      vertex -31.2773 -32.7145 9
      vertex -30.9271 -32.8532 9
    endloop
  endfacet
  facet normal 0.36823 0.929735 0
    outer loop
      vertex -31.2773 -32.7145 9
      vertex -30.9271 -32.8532 0
      vertex -31.2773 -32.7145 0
    endloop
  endfacet
  facet normal 0.684594 0.728924 -0
    outer loop
      vertex -31.9123 -32.3115 0
      vertex -32.1869 -32.0536 9
      vertex -31.9123 -32.3115 9
    endloop
  endfacet
  facet normal 0.684594 0.728924 0
    outer loop
      vertex -32.1869 -32.0536 9
      vertex -31.9123 -32.3115 0
      vertex -32.1869 -32.0536 0
    endloop
  endfacet
  facet normal 0.950993 0.309212 0
    outer loop
      vertex -32.7893 -31.1044 9
      vertex -32.9058 -30.7461 0
      vertex -32.9058 -30.7461 9
    endloop
  endfacet
  facet normal 0.950993 0.309212 0
    outer loop
      vertex -32.9058 -30.7461 0
      vertex -32.7893 -31.1044 9
      vertex -32.7893 -31.1044 0
    endloop
  endfacet
  facet normal -0.125309 0.992118 0
    outer loop
      vertex -29.4379 -32.9469 0
      vertex -29.8116 -32.9941 9
      vertex -29.4379 -32.9469 9
    endloop
  endfacet
  facet normal -0.125309 0.992118 0
    outer loop
      vertex -29.8116 -32.9941 9
      vertex -29.4379 -32.9469 0
      vertex -29.8116 -32.9941 0
    endloop
  endfacet
  facet normal 0.587872 0.808954 -0
    outer loop
      vertex -31.6075 -32.533 0
      vertex -31.9123 -32.3115 9
      vertex -31.6075 -32.533 9
    endloop
  endfacet
  facet normal 0.587872 0.808954 0
    outer loop
      vertex -31.9123 -32.3115 9
      vertex -31.6075 -32.533 0
      vertex -31.9123 -32.3115 0
    endloop
  endfacet
  facet normal 0.24865 0.968593 -0
    outer loop
      vertex -30.5621 -32.9469 0
      vertex -30.9271 -32.8532 9
      vertex -30.5621 -32.9469 9
    endloop
  endfacet
  facet normal 0.24865 0.968593 0
    outer loop
      vertex -30.9271 -32.8532 9
      vertex -30.5621 -32.9469 0
      vertex -30.9271 -32.8532 0
    endloop
  endfacet
  facet normal 0.844415 0.53569 0
    outer loop
      vertex -32.4271 -31.7634 9
      vertex -32.6289 -31.4453 0
      vertex -32.6289 -31.4453 9
    endloop
  endfacet
  facet normal 0.844415 0.53569 0
    outer loop
      vertex -32.6289 -31.4453 0
      vertex -32.4271 -31.7634 9
      vertex -32.4271 -31.7634 0
    endloop
  endfacet
  facet normal 0.982336 0.187124 0
    outer loop
      vertex -32.9058 -30.7461 9
      vertex -32.9763 -30.376 0
      vertex -32.9763 -30.376 9
    endloop
  endfacet
  facet normal 0.982336 0.187124 0
    outer loop
      vertex -32.9763 -30.376 0
      vertex -32.9058 -30.7461 9
      vertex -32.9058 -30.7461 0
    endloop
  endfacet
  facet normal 0.998019 0.0629071 0
    outer loop
      vertex -32.9763 -30.376 9
      vertex -33 -30 0
      vertex -33 -30 9
    endloop
  endfacet
  facet normal 0.998019 0.0629071 0
    outer loop
      vertex -33 -30 0
      vertex -32.9763 -30.376 9
      vertex -32.9763 -30.376 0
    endloop
  endfacet
  facet normal -0.24865 0.968593 0
    outer loop
      vertex -29.0729 -32.8532 0
      vertex -29.4379 -32.9469 9
      vertex -29.0729 -32.8532 9
    endloop
  endfacet
  facet normal -0.24865 0.968593 0
    outer loop
      vertex -29.4379 -32.9469 9
      vertex -29.0729 -32.8532 0
      vertex -29.4379 -32.9469 0
    endloop
  endfacet
  facet normal 0.481695 0.876339 -0
    outer loop
      vertex -31.2773 -32.7145 0
      vertex -31.6075 -32.533 9
      vertex -31.2773 -32.7145 9
    endloop
  endfacet
  facet normal 0.481695 0.876339 0
    outer loop
      vertex -31.6075 -32.533 9
      vertex -31.2773 -32.7145 0
      vertex -31.6075 -32.533 0
    endloop
  endfacet
  facet normal 0.125309 0.992118 -0
    outer loop
      vertex -30.1884 -32.9941 0
      vertex -30.5621 -32.9469 9
      vertex -30.1884 -32.9941 9
    endloop
  endfacet
  facet normal 0.125309 0.992118 0
    outer loop
      vertex -30.5621 -32.9469 9
      vertex -30.1884 -32.9941 0
      vertex -30.5621 -32.9469 0
    endloop
  endfacet
  facet normal 0.770349 0.637622 0
    outer loop
      vertex -32.1869 -32.0536 9
      vertex -32.4271 -31.7634 0
      vertex -32.4271 -31.7634 9
    endloop
  endfacet
  facet normal 0.770349 0.637622 0
    outer loop
      vertex -32.4271 -31.7634 0
      vertex -32.1869 -32.0536 9
      vertex -32.1869 -32.0536 0
    endloop
  endfacet
  facet normal -0.998019 -0.0629071 0
    outer loop
      vertex -27 30 0
      vertex -27.0237 30.376 9
      vertex -27.0237 30.376 0
    endloop
  endfacet
  facet normal -0.998019 -0.0629071 0
    outer loop
      vertex -27.0237 30.376 9
      vertex -27 30 0
      vertex -27 30 9
    endloop
  endfacet
  facet normal 0.998019 -0.0629071 0
    outer loop
      vertex -33 30 9
      vertex -32.9763 30.376 0
      vertex -32.9763 30.376 9
    endloop
  endfacet
  facet normal 0.998019 -0.0629071 0
    outer loop
      vertex -32.9763 30.376 0
      vertex -33 30 9
      vertex -33 30 0
    endloop
  endfacet
  facet normal 0 -1 0
    outer loop
      vertex -30.1884 32.9941 0
      vertex -29.8116 32.9941 9
      vertex -30.1884 32.9941 9
    endloop
  endfacet
  facet normal 0 -1 -0
    outer loop
      vertex -29.8116 32.9941 9
      vertex -30.1884 32.9941 0
      vertex -29.8116 32.9941 0
    endloop
  endfacet
  facet normal 0 1 -0
    outer loop
      vertex -29.8116 27.0059 0
      vertex -30.1884 27.0059 9
      vertex -29.8116 27.0059 9
    endloop
  endfacet
  facet normal 0 1 0
    outer loop
      vertex -30.1884 27.0059 9
      vertex -29.8116 27.0059 0
      vertex -30.1884 27.0059 0
    endloop
  endfacet
  facet normal -0.684594 -0.728924 0
    outer loop
      vertex -28.0877 32.3115 0
      vertex -27.8131 32.0536 9
      vertex -28.0877 32.3115 9
    endloop
  endfacet
  facet normal -0.684594 -0.728924 -0
    outer loop
      vertex -27.8131 32.0536 9
      vertex -28.0877 32.3115 0
      vertex -27.8131 32.0536 0
    endloop
  endfacet
  facet normal 0.684594 -0.728924 0
    outer loop
      vertex -32.1869 32.0536 0
      vertex -31.9123 32.3115 9
      vertex -32.1869 32.0536 9
    endloop
  endfacet
  facet normal 0.684594 -0.728924 0
    outer loop
      vertex -31.9123 32.3115 9
      vertex -32.1869 32.0536 0
      vertex -31.9123 32.3115 0
    endloop
  endfacet
  facet normal 0.36823 -0.929735 0
    outer loop
      vertex -31.2773 32.7145 0
      vertex -30.9271 32.8532 9
      vertex -31.2773 32.7145 9
    endloop
  endfacet
  facet normal 0.36823 -0.929735 0
    outer loop
      vertex -30.9271 32.8532 9
      vertex -31.2773 32.7145 0
      vertex -30.9271 32.8532 0
    endloop
  endfacet
  facet normal -0.844415 0.53569 0
    outer loop
      vertex -27.5729 28.2366 0
      vertex -27.3711 28.5547 9
      vertex -27.3711 28.5547 0
    endloop
  endfacet
  facet normal -0.844415 0.53569 0
    outer loop
      vertex -27.3711 28.5547 9
      vertex -27.5729 28.2366 0
      vertex -27.5729 28.2366 9
    endloop
  endfacet
  facet normal -0.904843 -0.425746 0
    outer loop
      vertex -27.2107 31.1044 0
      vertex -27.3711 31.4453 9
      vertex -27.3711 31.4453 0
    endloop
  endfacet
  facet normal -0.904843 -0.425746 0
    outer loop
      vertex -27.3711 31.4453 9
      vertex -27.2107 31.1044 0
      vertex -27.2107 31.1044 9
    endloop
  endfacet
  facet normal -0.982336 -0.187124 0
    outer loop
      vertex -27.0237 30.376 0
      vertex -27.0942 30.7461 9
      vertex -27.0942 30.7461 0
    endloop
  endfacet
  facet normal -0.982336 -0.187124 0
    outer loop
      vertex -27.0942 30.7461 9
      vertex -27.0237 30.376 0
      vertex -27.0237 30.376 9
    endloop
  endfacet
  facet normal -0.36823 -0.929735 0
    outer loop
      vertex -29.0729 32.8532 0
      vertex -28.7227 32.7145 9
      vertex -29.0729 32.8532 9
    endloop
  endfacet
  facet normal -0.36823 -0.929735 -0
    outer loop
      vertex -28.7227 32.7145 9
      vertex -29.0729 32.8532 0
      vertex -28.7227 32.7145 0
    endloop
  endfacet
  facet normal -0.587872 -0.808954 0
    outer loop
      vertex -28.3925 32.533 0
      vertex -28.0877 32.3115 9
      vertex -28.3925 32.533 9
    endloop
  endfacet
  facet normal -0.587872 -0.808954 -0
    outer loop
      vertex -28.0877 32.3115 9
      vertex -28.3925 32.533 0
      vertex -28.0877 32.3115 0
    endloop
  endfacet
  facet normal 0.904843 -0.425746 0
    outer loop
      vertex -32.7893 31.1044 9
      vertex -32.6289 31.4453 0
      vertex -32.6289 31.4453 9
    endloop
  endfacet
  facet normal 0.904843 -0.425746 0
    outer loop
      vertex -32.6289 31.4453 0
      vertex -32.7893 31.1044 9
      vertex -32.7893 31.1044 0
    endloop
  endfacet
  facet normal 0.950993 -0.309212 0
    outer loop
      vertex -32.9058 30.7461 9
      vertex -32.7893 31.1044 0
      vertex -32.7893 31.1044 9
    endloop
  endfacet
  facet normal 0.950993 -0.309212 0
    outer loop
      vertex -32.7893 31.1044 0
      vertex -32.9058 30.7461 9
      vertex -32.9058 30.7461 0
    endloop
  endfacet
  facet normal 0.24865 -0.968593 0
    outer loop
      vertex -30.9271 32.8532 0
      vertex -30.5621 32.9469 9
      vertex -30.9271 32.8532 9
    endloop
  endfacet
  facet normal 0.24865 -0.968593 0
    outer loop
      vertex -30.5621 32.9469 9
      vertex -30.9271 32.8532 0
      vertex -30.5621 32.9469 0
    endloop
  endfacet
  facet normal -0.36823 0.929735 0
    outer loop
      vertex -28.7227 27.2855 0
      vertex -29.0729 27.1468 9
      vertex -28.7227 27.2855 9
    endloop
  endfacet
  facet normal -0.36823 0.929735 0
    outer loop
      vertex -29.0729 27.1468 9
      vertex -28.7227 27.2855 0
      vertex -29.0729 27.1468 0
    endloop
  endfacet
  facet normal -0.481695 0.876339 0
    outer loop
      vertex -28.3925 27.467 0
      vertex -28.7227 27.2855 9
      vertex -28.3925 27.467 9
    endloop
  endfacet
  facet normal -0.481695 0.876339 0
    outer loop
      vertex -28.7227 27.2855 9
      vertex -28.3925 27.467 0
      vertex -28.7227 27.2855 0
    endloop
  endfacet
  facet normal -0.950993 -0.309212 0
    outer loop
      vertex -27.0942 30.7461 0
      vertex -27.2107 31.1044 9
      vertex -27.2107 31.1044 0
    endloop
  endfacet
  facet normal -0.950993 -0.309212 0
    outer loop
      vertex -27.2107 31.1044 9
      vertex -27.0942 30.7461 0
      vertex -27.0942 30.7461 9
    endloop
  endfacet
  facet normal -0.770349 -0.637622 0
    outer loop
      vertex -27.5729 31.7634 0
      vertex -27.8131 32.0536 9
      vertex -27.8131 32.0536 0
    endloop
  endfacet
  facet normal -0.770349 -0.637622 0
    outer loop
      vertex -27.8131 32.0536 9
      vertex -27.5729 31.7634 0
      vertex -27.5729 31.7634 9
    endloop
  endfacet
  facet normal -0.844415 -0.53569 0
    outer loop
      vertex -27.3711 31.4453 0
      vertex -27.5729 31.7634 9
      vertex -27.5729 31.7634 0
    endloop
  endfacet
  facet normal -0.844415 -0.53569 0
    outer loop
      vertex -27.5729 31.7634 9
      vertex -27.3711 31.4453 0
      vertex -27.3711 31.4453 9
    endloop
  endfacet
  facet normal -0.24865 -0.968593 0
    outer loop
      vertex -29.4379 32.9469 0
      vertex -29.0729 32.8532 9
      vertex -29.4379 32.9469 9
    endloop
  endfacet
  facet normal -0.24865 -0.968593 -0
    outer loop
      vertex -29.0729 32.8532 9
      vertex -29.4379 32.9469 0
      vertex -29.0729 32.8532 0
    endloop
  endfacet
  facet normal -0.125309 -0.992118 0
    outer loop
      vertex -29.8116 32.9941 0
      vertex -29.4379 32.9469 9
      vertex -29.8116 32.9941 9
    endloop
  endfacet
  facet normal -0.125309 -0.992118 -0
    outer loop
      vertex -29.4379 32.9469 9
      vertex -29.8116 32.9941 0
      vertex -29.4379 32.9469 0
    endloop
  endfacet
  facet normal -0.481695 -0.876339 0
    outer loop
      vertex -28.7227 32.7145 0
      vertex -28.3925 32.533 9
      vertex -28.7227 32.7145 9
    endloop
  endfacet
  facet normal -0.481695 -0.876339 -0
    outer loop
      vertex -28.3925 32.533 9
      vertex -28.7227 32.7145 0
      vertex -28.3925 32.533 0
    endloop
  endfacet
  facet normal 0.844415 -0.53569 0
    outer loop
      vertex -32.6289 31.4453 9
      vertex -32.4271 31.7634 0
      vertex -32.4271 31.7634 9
    endloop
  endfacet
  facet normal 0.844415 -0.53569 0
    outer loop
      vertex -32.4271 31.7634 0
      vertex -32.6289 31.4453 9
      vertex -32.6289 31.4453 0
    endloop
  endfacet
  facet normal 0.770349 -0.637622 0
    outer loop
      vertex -32.4271 31.7634 9
      vertex -32.1869 32.0536 0
      vertex -32.1869 32.0536 9
    endloop
  endfacet
  facet normal 0.770349 -0.637622 0
    outer loop
      vertex -32.1869 32.0536 0
      vertex -32.4271 31.7634 9
      vertex -32.4271 31.7634 0
    endloop
  endfacet
  facet normal 0.982336 -0.187124 0
    outer loop
      vertex -32.9763 30.376 9
      vertex -32.9058 30.7461 0
      vertex -32.9058 30.7461 9
    endloop
  endfacet
  facet normal 0.982336 -0.187124 0
    outer loop
      vertex -32.9058 30.7461 0
      vertex -32.9763 30.376 9
      vertex -32.9763 30.376 0
    endloop
  endfacet
  facet normal 0.481695 -0.876339 0
    outer loop
      vertex -31.6075 32.533 0
      vertex -31.2773 32.7145 9
      vertex -31.6075 32.533 9
    endloop
  endfacet
  facet normal 0.481695 -0.876339 0
    outer loop
      vertex -31.2773 32.7145 9
      vertex -31.6075 32.533 0
      vertex -31.2773 32.7145 0
    endloop
  endfacet
  facet normal 0.587872 -0.808954 0
    outer loop
      vertex -31.9123 32.3115 0
      vertex -31.6075 32.533 9
      vertex -31.9123 32.3115 9
    endloop
  endfacet
  facet normal 0.587872 -0.808954 0
    outer loop
      vertex -31.6075 32.533 9
      vertex -31.9123 32.3115 0
      vertex -31.6075 32.533 0
    endloop
  endfacet
  facet normal 0.125309 -0.992118 0
    outer loop
      vertex -30.5621 32.9469 0
      vertex -30.1884 32.9941 9
      vertex -30.5621 32.9469 9
    endloop
  endfacet
  facet normal 0.125309 -0.992118 0
    outer loop
      vertex -30.1884 32.9941 9
      vertex -30.5621 32.9469 0
      vertex -30.1884 32.9941 0
    endloop
  endfacet
  facet normal -0.770349 0.637622 0
    outer loop
      vertex -27.8131 27.9464 0
      vertex -27.5729 28.2366 9
      vertex -27.5729 28.2366 0
    endloop
  endfacet
  facet normal -0.770349 0.637622 0
    outer loop
      vertex -27.5729 28.2366 9
      vertex -27.8131 27.9464 0
      vertex -27.8131 27.9464 9
    endloop
  endfacet
  facet normal -0.982336 0.187124 0
    outer loop
      vertex -27.0942 29.2539 0
      vertex -27.0237 29.624 9
      vertex -27.0237 29.624 0
    endloop
  endfacet
  facet normal -0.982336 0.187124 0
    outer loop
      vertex -27.0237 29.624 9
      vertex -27.0942 29.2539 0
      vertex -27.0942 29.2539 9
    endloop
  endfacet
  facet normal -0.587872 0.808954 0
    outer loop
      vertex -28.0877 27.6885 0
      vertex -28.3925 27.467 9
      vertex -28.0877 27.6885 9
    endloop
  endfacet
  facet normal -0.587872 0.808954 0
    outer loop
      vertex -28.3925 27.467 9
      vertex -28.0877 27.6885 0
      vertex -28.3925 27.467 0
    endloop
  endfacet
  facet normal -0.684594 0.728924 0
    outer loop
      vertex -27.8131 27.9464 0
      vertex -28.0877 27.6885 9
      vertex -27.8131 27.9464 9
    endloop
  endfacet
  facet normal -0.684594 0.728924 0
    outer loop
      vertex -28.0877 27.6885 9
      vertex -27.8131 27.9464 0
      vertex -28.0877 27.6885 0
    endloop
  endfacet
  facet normal -0.904843 0.425746 0
    outer loop
      vertex -27.3711 28.5547 0
      vertex -27.2107 28.8956 9
      vertex -27.2107 28.8956 0
    endloop
  endfacet
  facet normal -0.904843 0.425746 0
    outer loop
      vertex -27.2107 28.8956 9
      vertex -27.3711 28.5547 0
      vertex -27.3711 28.5547 9
    endloop
  endfacet
  facet normal -0.998019 0.0629071 0
    outer loop
      vertex -27.0237 29.624 0
      vertex -27 30 9
      vertex -27 30 0
    endloop
  endfacet
  facet normal -0.998019 0.0629071 0
    outer loop
      vertex -27 30 9
      vertex -27.0237 29.624 0
      vertex -27.0237 29.624 9
    endloop
  endfacet
  facet normal 0.684594 0.728924 -0
    outer loop
      vertex -31.9123 27.6885 0
      vertex -32.1869 27.9464 9
      vertex -31.9123 27.6885 9
    endloop
  endfacet
  facet normal 0.684594 0.728924 0
    outer loop
      vertex -32.1869 27.9464 9
      vertex -31.9123 27.6885 0
      vertex -32.1869 27.9464 0
    endloop
  endfacet
  facet normal 0.844415 0.53569 0
    outer loop
      vertex -32.4271 28.2366 9
      vertex -32.6289 28.5547 0
      vertex -32.6289 28.5547 9
    endloop
  endfacet
  facet normal 0.844415 0.53569 0
    outer loop
      vertex -32.6289 28.5547 0
      vertex -32.4271 28.2366 9
      vertex -32.4271 28.2366 0
    endloop
  endfacet
  facet normal 0.950993 0.309212 0
    outer loop
      vertex -32.7893 28.8956 9
      vertex -32.9058 29.2539 0
      vertex -32.9058 29.2539 9
    endloop
  endfacet
  facet normal 0.950993 0.309212 0
    outer loop
      vertex -32.9058 29.2539 0
      vertex -32.7893 28.8956 9
      vertex -32.7893 28.8956 0
    endloop
  endfacet
  facet normal 0.998019 0.0629071 0
    outer loop
      vertex -32.9763 29.624 9
      vertex -33 30 0
      vertex -33 30 9
    endloop
  endfacet
  facet normal 0.998019 0.0629071 0
    outer loop
      vertex -33 30 0
      vertex -32.9763 29.624 9
      vertex -32.9763 29.624 0
    endloop
  endfacet
  facet normal -0.125309 0.992118 0
    outer loop
      vertex -29.4379 27.0531 0
      vertex -29.8116 27.0059 9
      vertex -29.4379 27.0531 9
    endloop
  endfacet
  facet normal -0.125309 0.992118 0
    outer loop
      vertex -29.8116 27.0059 9
      vertex -29.4379 27.0531 0
      vertex -29.8116 27.0059 0
    endloop
  endfacet
  facet normal -0.950993 0.309212 0
    outer loop
      vertex -27.2107 28.8956 0
      vertex -27.0942 29.2539 9
      vertex -27.0942 29.2539 0
    endloop
  endfacet
  facet normal -0.950993 0.309212 0
    outer loop
      vertex -27.0942 29.2539 9
      vertex -27.2107 28.8956 0
      vertex -27.2107 28.8956 9
    endloop
  endfacet
  facet normal 0.125309 0.992118 -0
    outer loop
      vertex -30.1884 27.0059 0
      vertex -30.5621 27.0531 9
      vertex -30.1884 27.0059 9
    endloop
  endfacet
  facet normal 0.125309 0.992118 0
    outer loop
      vertex -30.5621 27.0531 9
      vertex -30.1884 27.0059 0
      vertex -30.5621 27.0531 0
    endloop
  endfacet
  facet normal 0.36823 0.929735 -0
    outer loop
      vertex -30.9271 27.1468 0
      vertex -31.2773 27.2855 9
      vertex -30.9271 27.1468 9
    endloop
  endfacet
  facet normal 0.36823 0.929735 0
    outer loop
      vertex -31.2773 27.2855 9
      vertex -30.9271 27.1468 0
      vertex -31.2773 27.2855 0
    endloop
  endfacet
  facet normal 0.587872 0.808954 -0
    outer loop
      vertex -31.6075 27.467 0
      vertex -31.9123 27.6885 9
      vertex -31.6075 27.467 9
    endloop
  endfacet
  facet normal 0.587872 0.808954 0
    outer loop
      vertex -31.9123 27.6885 9
      vertex -31.6075 27.467 0
      vertex -31.9123 27.6885 0
    endloop
  endfacet
  facet normal 0.24865 0.968593 -0
    outer loop
      vertex -30.5621 27.0531 0
      vertex -30.9271 27.1468 9
      vertex -30.5621 27.0531 9
    endloop
  endfacet
  facet normal 0.24865 0.968593 0
    outer loop
      vertex -30.9271 27.1468 9
      vertex -30.5621 27.0531 0
      vertex -30.9271 27.1468 0
    endloop
  endfacet
  facet normal 0.770349 0.637622 0
    outer loop
      vertex -32.1869 27.9464 9
      vertex -32.4271 28.2366 0
      vertex -32.4271 28.2366 9
    endloop
  endfacet
  facet normal 0.770349 0.637622 0
    outer loop
      vertex -32.4271 28.2366 0
      vertex -32.1869 27.9464 9
      vertex -32.1869 27.9464 0
    endloop
  endfacet
  facet normal 0.904843 0.425746 0
    outer loop
      vertex -32.6289 28.5547 9
      vertex -32.7893 28.8956 0
      vertex -32.7893 28.8956 9
    endloop
  endfacet
  facet normal 0.904843 0.425746 0
    outer loop
      vertex -32.7893 28.8956 0
      vertex -32.6289 28.5547 9
      vertex -32.6289 28.5547 0
    endloop
  endfacet
  facet normal 0.982336 0.187124 0
    outer loop
      vertex -32.9058 29.2539 9
      vertex -32.9763 29.624 0
      vertex -32.9763 29.624 9
    endloop
  endfacet
  facet normal 0.982336 0.187124 0
    outer loop
      vertex -32.9763 29.624 0
      vertex -32.9058 29.2539 9
      vertex -32.9058 29.2539 0
    endloop
  endfacet
  facet normal -0.24865 0.968593 0
    outer loop
      vertex -29.0729 27.1468 0
      vertex -29.4379 27.0531 9
      vertex -29.0729 27.1468 9
    endloop
  endfacet
  facet normal -0.24865 0.968593 0
    outer loop
      vertex -29.4379 27.0531 9
      vertex -29.0729 27.1468 0
      vertex -29.4379 27.0531 0
    endloop
  endfacet
  facet normal 0.481695 0.876339 -0
    outer loop
      vertex -31.2773 27.2855 0
      vertex -31.6075 27.467 9
      vertex -31.2773 27.2855 9
    endloop
  endfacet
  facet normal 0.481695 0.876339 0
    outer loop
      vertex -31.6075 27.467 9
      vertex -31.2773 27.2855 0
      vertex -31.6075 27.467 0
    endloop
  endfacet
  facet normal -0.998019 -0.0629071 0
    outer loop
      vertex 33 -30 0
      vertex 32.9763 -29.624 9
      vertex 32.9763 -29.624 0
    endloop
  endfacet
  facet normal -0.998019 -0.0629071 0
    outer loop
      vertex 32.9763 -29.624 9
      vertex 33 -30 0
      vertex 33 -30 9
    endloop
  endfacet
  facet normal 0.125309 -0.992118 0
    outer loop
      vertex 29.4379 -27.0531 0
      vertex 29.8116 -27.0059 9
      vertex 29.4379 -27.0531 9
    endloop
  endfacet
  facet normal 0.125309 -0.992118 0
    outer loop
      vertex 29.8116 -27.0059 9
      vertex 29.4379 -27.0531 0
      vertex 29.8116 -27.0059 0
    endloop
  endfacet
  facet normal -0.125309 0.992118 0
    outer loop
      vertex 30.5621 -32.9469 0
      vertex 30.1884 -32.9941 9
      vertex 30.5621 -32.9469 9
    endloop
  endfacet
  facet normal -0.125309 0.992118 0
    outer loop
      vertex 30.1884 -32.9941 9
      vertex 30.5621 -32.9469 0
      vertex 30.1884 -32.9941 0
    endloop
  endfacet
  facet normal -0.770349 0.637622 0
    outer loop
      vertex 32.1869 -32.0536 0
      vertex 32.4271 -31.7634 9
      vertex 32.4271 -31.7634 0
    endloop
  endfacet
  facet normal -0.770349 0.637622 0
    outer loop
      vertex 32.4271 -31.7634 9
      vertex 32.1869 -32.0536 0
      vertex 32.1869 -32.0536 9
    endloop
  endfacet
  facet normal -0.684594 -0.728924 0
    outer loop
      vertex 31.9123 -27.6885 0
      vertex 32.1869 -27.9464 9
      vertex 31.9123 -27.6885 9
    endloop
  endfacet
  facet normal -0.684594 -0.728924 -0
    outer loop
      vertex 32.1869 -27.9464 9
      vertex 31.9123 -27.6885 0
      vertex 32.1869 -27.9464 0
    endloop
  endfacet
  facet normal 0.770349 -0.637622 0
    outer loop
      vertex 27.5729 -28.2366 9
      vertex 27.8131 -27.9464 0
      vertex 27.8131 -27.9464 9
    endloop
  endfacet
  facet normal 0.770349 -0.637622 0
    outer loop
      vertex 27.8131 -27.9464 0
      vertex 27.5729 -28.2366 9
      vertex 27.5729 -28.2366 0
    endloop
  endfacet
  facet normal 0.481695 -0.876339 0
    outer loop
      vertex 28.3925 -27.467 0
      vertex 28.7227 -27.2855 9
      vertex 28.3925 -27.467 9
    endloop
  endfacet
  facet normal 0.481695 -0.876339 0
    outer loop
      vertex 28.7227 -27.2855 9
      vertex 28.3925 -27.467 0
      vertex 28.7227 -27.2855 0
    endloop
  endfacet
  facet normal -0.950993 0.309212 0
    outer loop
      vertex 32.7893 -31.1044 0
      vertex 32.9058 -30.7461 9
      vertex 32.9058 -30.7461 0
    endloop
  endfacet
  facet normal -0.950993 0.309212 0
    outer loop
      vertex 32.9058 -30.7461 9
      vertex 32.7893 -31.1044 0
      vertex 32.7893 -31.1044 9
    endloop
  endfacet
  facet normal -0.904843 -0.425746 0
    outer loop
      vertex 32.7893 -28.8956 0
      vertex 32.6289 -28.5547 9
      vertex 32.6289 -28.5547 0
    endloop
  endfacet
  facet normal -0.904843 -0.425746 0
    outer loop
      vertex 32.6289 -28.5547 9
      vertex 32.7893 -28.8956 0
      vertex 32.7893 -28.8956 9
    endloop
  endfacet
  facet normal -0.982336 -0.187124 0
    outer loop
      vertex 32.9763 -29.624 0
      vertex 32.9058 -29.2539 9
      vertex 32.9058 -29.2539 0
    endloop
  endfacet
  facet normal -0.982336 -0.187124 0
    outer loop
      vertex 32.9058 -29.2539 9
      vertex 32.9763 -29.624 0
      vertex 32.9763 -29.624 9
    endloop
  endfacet
  facet normal -0.36823 -0.929735 0
    outer loop
      vertex 30.9271 -27.1468 0
      vertex 31.2773 -27.2855 9
      vertex 30.9271 -27.1468 9
    endloop
  endfacet
  facet normal -0.36823 -0.929735 -0
    outer loop
      vertex 31.2773 -27.2855 9
      vertex 30.9271 -27.1468 0
      vertex 31.2773 -27.2855 0
    endloop
  endfacet
  facet normal -0.587872 -0.808954 0
    outer loop
      vertex 31.6075 -27.467 0
      vertex 31.9123 -27.6885 9
      vertex 31.6075 -27.467 9
    endloop
  endfacet
  facet normal -0.587872 -0.808954 -0
    outer loop
      vertex 31.9123 -27.6885 9
      vertex 31.6075 -27.467 0
      vertex 31.9123 -27.6885 0
    endloop
  endfacet
  facet normal 0.950993 -0.309212 0
    outer loop
      vertex 27.0942 -29.2539 9
      vertex 27.2107 -28.8956 0
      vertex 27.2107 -28.8956 9
    endloop
  endfacet
  facet normal 0.950993 -0.309212 0
    outer loop
      vertex 27.2107 -28.8956 0
      vertex 27.0942 -29.2539 9
      vertex 27.0942 -29.2539 0
    endloop
  endfacet
  facet normal 0.844415 -0.53569 0
    outer loop
      vertex 27.3711 -28.5547 9
      vertex 27.5729 -28.2366 0
      vertex 27.5729 -28.2366 9
    endloop
  endfacet
  facet normal 0.844415 -0.53569 0
    outer loop
      vertex 27.5729 -28.2366 0
      vertex 27.3711 -28.5547 9
      vertex 27.3711 -28.5547 0
    endloop
  endfacet
  facet normal 0.587872 -0.808954 0
    outer loop
      vertex 28.0877 -27.6885 0
      vertex 28.3925 -27.467 9
      vertex 28.0877 -27.6885 9
    endloop
  endfacet
  facet normal 0.587872 -0.808954 0
    outer loop
      vertex 28.3925 -27.467 9
      vertex 28.0877 -27.6885 0
      vertex 28.3925 -27.467 0
    endloop
  endfacet
  facet normal 0.24865 -0.968593 0
    outer loop
      vertex 29.0729 -27.1468 0
      vertex 29.4379 -27.0531 9
      vertex 29.0729 -27.1468 9
    endloop
  endfacet
  facet normal 0.24865 -0.968593 0
    outer loop
      vertex 29.4379 -27.0531 9
      vertex 29.0729 -27.1468 0
      vertex 29.4379 -27.0531 0
    endloop
  endfacet
  facet normal -0.24865 0.968593 0
    outer loop
      vertex 30.9271 -32.8532 0
      vertex 30.5621 -32.9469 9
      vertex 30.9271 -32.8532 9
    endloop
  endfacet
  facet normal -0.24865 0.968593 0
    outer loop
      vertex 30.5621 -32.9469 9
      vertex 30.9271 -32.8532 0
      vertex 30.5621 -32.9469 0
    endloop
  endfacet
  facet normal -0.481695 0.876339 0
    outer loop
      vertex 31.6075 -32.533 0
      vertex 31.2773 -32.7145 9
      vertex 31.6075 -32.533 9
    endloop
  endfacet
  facet normal -0.481695 0.876339 0
    outer loop
      vertex 31.2773 -32.7145 9
      vertex 31.6075 -32.533 0
      vertex 31.2773 -32.7145 0
    endloop
  endfacet
  facet normal -0.950993 -0.309212 0
    outer loop
      vertex 32.9058 -29.2539 0
      vertex 32.7893 -28.8956 9
      vertex 32.7893 -28.8956 0
    endloop
  endfacet
  facet normal -0.950993 -0.309212 0
    outer loop
      vertex 32.7893 -28.8956 9
      vertex 32.9058 -29.2539 0
      vertex 32.9058 -29.2539 9
    endloop
  endfacet
  facet normal -0.770349 -0.637622 0
    outer loop
      vertex 32.4271 -28.2366 0
      vertex 32.1869 -27.9464 9
      vertex 32.1869 -27.9464 0
    endloop
  endfacet
  facet normal -0.770349 -0.637622 0
    outer loop
      vertex 32.1869 -27.9464 9
      vertex 32.4271 -28.2366 0
      vertex 32.4271 -28.2366 9
    endloop
  endfacet
  facet normal -0.844415 -0.53569 0
    outer loop
      vertex 32.6289 -28.5547 0
      vertex 32.4271 -28.2366 9
      vertex 32.4271 -28.2366 0
    endloop
  endfacet
  facet normal -0.844415 -0.53569 0
    outer loop
      vertex 32.4271 -28.2366 9
      vertex 32.6289 -28.5547 0
      vertex 32.6289 -28.5547 9
    endloop
  endfacet
  facet normal -0.125309 -0.992118 0
    outer loop
      vertex 30.1884 -27.0059 0
      vertex 30.5621 -27.0531 9
      vertex 30.1884 -27.0059 9
    endloop
  endfacet
  facet normal -0.125309 -0.992118 -0
    outer loop
      vertex 30.5621 -27.0531 9
      vertex 30.1884 -27.0059 0
      vertex 30.5621 -27.0531 0
    endloop
  endfacet
  facet normal -0.24865 -0.968593 0
    outer loop
      vertex 30.5621 -27.0531 0
      vertex 30.9271 -27.1468 9
      vertex 30.5621 -27.0531 9
    endloop
  endfacet
  facet normal -0.24865 -0.968593 -0
    outer loop
      vertex 30.9271 -27.1468 9
      vertex 30.5621 -27.0531 0
      vertex 30.9271 -27.1468 0
    endloop
  endfacet
  facet normal 0 -1 0
    outer loop
      vertex 29.8116 -27.0059 0
      vertex 30.1884 -27.0059 9
      vertex 29.8116 -27.0059 9
    endloop
  endfacet
  facet normal 0 -1 -0
    outer loop
      vertex 30.1884 -27.0059 9
      vertex 29.8116 -27.0059 0
      vertex 30.1884 -27.0059 0
    endloop
  endfacet
  facet normal -0.481695 -0.876339 0
    outer loop
      vertex 31.2773 -27.2855 0
      vertex 31.6075 -27.467 9
      vertex 31.2773 -27.2855 9
    endloop
  endfacet
  facet normal -0.481695 -0.876339 -0
    outer loop
      vertex 31.6075 -27.467 9
      vertex 31.2773 -27.2855 0
      vertex 31.6075 -27.467 0
    endloop
  endfacet
  facet normal 0.904843 -0.425746 0
    outer loop
      vertex 27.2107 -28.8956 9
      vertex 27.3711 -28.5547 0
      vertex 27.3711 -28.5547 9
    endloop
  endfacet
  facet normal 0.904843 -0.425746 0
    outer loop
      vertex 27.3711 -28.5547 0
      vertex 27.2107 -28.8956 9
      vertex 27.2107 -28.8956 0
    endloop
  endfacet
  facet normal 0.982336 -0.187124 0
    outer loop
      vertex 27.0237 -29.624 9
      vertex 27.0942 -29.2539 0
      vertex 27.0942 -29.2539 9
    endloop
  endfacet
  facet normal 0.982336 -0.187124 0
    outer loop
      vertex 27.0942 -29.2539 0
      vertex 27.0237 -29.624 9
      vertex 27.0237 -29.624 0
    endloop
  endfacet
  facet normal 0.998019 -0.0629071 0
    outer loop
      vertex 27 -30 9
      vertex 27.0237 -29.624 0
      vertex 27.0237 -29.624 9
    endloop
  endfacet
  facet normal 0.998019 -0.0629071 0
    outer loop
      vertex 27.0237 -29.624 0
      vertex 27 -30 9
      vertex 27 -30 0
    endloop
  endfacet
  facet normal 0.998019 0.0629071 0
    outer loop
      vertex 27.0237 -30.376 9
      vertex 27 -30 0
      vertex 27 -30 9
    endloop
  endfacet
  facet normal 0.998019 0.0629071 0
    outer loop
      vertex 27 -30 0
      vertex 27.0237 -30.376 9
      vertex 27.0237 -30.376 0
    endloop
  endfacet
  facet normal 0.684594 -0.728924 0
    outer loop
      vertex 27.8131 -27.9464 0
      vertex 28.0877 -27.6885 9
      vertex 27.8131 -27.9464 9
    endloop
  endfacet
  facet normal 0.684594 -0.728924 0
    outer loop
      vertex 28.0877 -27.6885 9
      vertex 27.8131 -27.9464 0
      vertex 28.0877 -27.6885 0
    endloop
  endfacet
  facet normal 0.36823 -0.929735 0
    outer loop
      vertex 28.7227 -27.2855 0
      vertex 29.0729 -27.1468 9
      vertex 28.7227 -27.2855 9
    endloop
  endfacet
  facet normal 0.36823 -0.929735 0
    outer loop
      vertex 29.0729 -27.1468 9
      vertex 28.7227 -27.2855 0
      vertex 29.0729 -27.1468 0
    endloop
  endfacet
  facet normal -0.998019 0.0629071 0
    outer loop
      vertex 32.9763 -30.376 0
      vertex 33 -30 9
      vertex 33 -30 0
    endloop
  endfacet
  facet normal -0.998019 0.0629071 0
    outer loop
      vertex 33 -30 9
      vertex 32.9763 -30.376 0
      vertex 32.9763 -30.376 9
    endloop
  endfacet
  facet normal -0.844415 0.53569 0
    outer loop
      vertex 32.4271 -31.7634 0
      vertex 32.6289 -31.4453 9
      vertex 32.6289 -31.4453 0
    endloop
  endfacet
  facet normal -0.844415 0.53569 0
    outer loop
      vertex 32.6289 -31.4453 9
      vertex 32.4271 -31.7634 0
      vertex 32.4271 -31.7634 9
    endloop
  endfacet
  facet normal -0.982336 0.187124 0
    outer loop
      vertex 32.9058 -30.7461 0
      vertex 32.9763 -30.376 9
      vertex 32.9763 -30.376 0
    endloop
  endfacet
  facet normal -0.982336 0.187124 0
    outer loop
      vertex 32.9763 -30.376 9
      vertex 32.9058 -30.7461 0
      vertex 32.9058 -30.7461 9
    endloop
  endfacet
  facet normal 0.587872 0.808954 -0
    outer loop
      vertex 28.3925 -32.533 0
      vertex 28.0877 -32.3115 9
      vertex 28.3925 -32.533 9
    endloop
  endfacet
  facet normal 0.587872 0.808954 0
    outer loop
      vertex 28.0877 -32.3115 9
      vertex 28.3925 -32.533 0
      vertex 28.0877 -32.3115 0
    endloop
  endfacet
  facet normal 0.844415 0.53569 0
    outer loop
      vertex 27.5729 -31.7634 9
      vertex 27.3711 -31.4453 0
      vertex 27.3711 -31.4453 9
    endloop
  endfacet
  facet normal 0.844415 0.53569 0
    outer loop
      vertex 27.3711 -31.4453 0
      vertex 27.5729 -31.7634 9
      vertex 27.5729 -31.7634 0
    endloop
  endfacet
  facet normal 0.684594 0.728924 -0
    outer loop
      vertex 28.0877 -32.3115 0
      vertex 27.8131 -32.0536 9
      vertex 28.0877 -32.3115 9
    endloop
  endfacet
  facet normal 0.684594 0.728924 0
    outer loop
      vertex 27.8131 -32.0536 9
      vertex 28.0877 -32.3115 0
      vertex 27.8131 -32.0536 0
    endloop
  endfacet
  facet normal -0.587872 0.808954 0
    outer loop
      vertex 31.9123 -32.3115 0
      vertex 31.6075 -32.533 9
      vertex 31.9123 -32.3115 9
    endloop
  endfacet
  facet normal -0.587872 0.808954 0
    outer loop
      vertex 31.6075 -32.533 9
      vertex 31.9123 -32.3115 0
      vertex 31.6075 -32.533 0
    endloop
  endfacet
  facet normal -0.904843 0.425746 0
    outer loop
      vertex 32.6289 -31.4453 0
      vertex 32.7893 -31.1044 9
      vertex 32.7893 -31.1044 0
    endloop
  endfacet
  facet normal -0.904843 0.425746 0
    outer loop
      vertex 32.7893 -31.1044 9
      vertex 32.6289 -31.4453 0
      vertex 32.6289 -31.4453 9
    endloop
  endfacet
  facet normal 0.24865 0.968593 -0
    outer loop
      vertex 29.4379 -32.9469 0
      vertex 29.0729 -32.8532 9
      vertex 29.4379 -32.9469 9
    endloop
  endfacet
  facet normal 0.24865 0.968593 0
    outer loop
      vertex 29.0729 -32.8532 9
      vertex 29.4379 -32.9469 0
      vertex 29.0729 -32.8532 0
    endloop
  endfacet
  facet normal 0.950993 0.309212 0
    outer loop
      vertex 27.2107 -31.1044 9
      vertex 27.0942 -30.7461 0
      vertex 27.0942 -30.7461 9
    endloop
  endfacet
  facet normal 0.950993 0.309212 0
    outer loop
      vertex 27.0942 -30.7461 0
      vertex 27.2107 -31.1044 9
      vertex 27.2107 -31.1044 0
    endloop
  endfacet
  facet normal 0.982336 0.187124 0
    outer loop
      vertex 27.0942 -30.7461 9
      vertex 27.0237 -30.376 0
      vertex 27.0237 -30.376 9
    endloop
  endfacet
  facet normal 0.982336 0.187124 0
    outer loop
      vertex 27.0237 -30.376 0
      vertex 27.0942 -30.7461 9
      vertex 27.0942 -30.7461 0
    endloop
  endfacet
  facet normal 0.904843 0.425746 0
    outer loop
      vertex 27.3711 -31.4453 9
      vertex 27.2107 -31.1044 0
      vertex 27.2107 -31.1044 9
    endloop
  endfacet
  facet normal 0.904843 0.425746 0
    outer loop
      vertex 27.2107 -31.1044 0
      vertex 27.3711 -31.4453 9
      vertex 27.3711 -31.4453 0
    endloop
  endfacet
  facet normal -0.684594 0.728924 0
    outer loop
      vertex 32.1869 -32.0536 0
      vertex 31.9123 -32.3115 9
      vertex 32.1869 -32.0536 9
    endloop
  endfacet
  facet normal -0.684594 0.728924 0
    outer loop
      vertex 31.9123 -32.3115 9
      vertex 32.1869 -32.0536 0
      vertex 31.9123 -32.3115 0
    endloop
  endfacet
  facet normal -0.36823 0.929735 0
    outer loop
      vertex 31.2773 -32.7145 0
      vertex 30.9271 -32.8532 9
      vertex 31.2773 -32.7145 9
    endloop
  endfacet
  facet normal -0.36823 0.929735 0
    outer loop
      vertex 30.9271 -32.8532 9
      vertex 31.2773 -32.7145 0
      vertex 30.9271 -32.8532 0
    endloop
  endfacet
  facet normal 0 1 -0
    outer loop
      vertex 30.1884 -32.9941 0
      vertex 29.8116 -32.9941 9
      vertex 30.1884 -32.9941 9
    endloop
  endfacet
  facet normal 0 1 0
    outer loop
      vertex 29.8116 -32.9941 9
      vertex 30.1884 -32.9941 0
      vertex 29.8116 -32.9941 0
    endloop
  endfacet
  facet normal 0.481695 0.876339 -0
    outer loop
      vertex 28.7227 -32.7145 0
      vertex 28.3925 -32.533 9
      vertex 28.7227 -32.7145 9
    endloop
  endfacet
  facet normal 0.481695 0.876339 0
    outer loop
      vertex 28.3925 -32.533 9
      vertex 28.7227 -32.7145 0
      vertex 28.3925 -32.533 0
    endloop
  endfacet
  facet normal 0.36823 0.929735 -0
    outer loop
      vertex 29.0729 -32.8532 0
      vertex 28.7227 -32.7145 9
      vertex 29.0729 -32.8532 9
    endloop
  endfacet
  facet normal 0.36823 0.929735 0
    outer loop
      vertex 28.7227 -32.7145 9
      vertex 29.0729 -32.8532 0
      vertex 28.7227 -32.7145 0
    endloop
  endfacet
  facet normal 0.770349 0.637622 0
    outer loop
      vertex 27.8131 -32.0536 9
      vertex 27.5729 -31.7634 0
      vertex 27.5729 -31.7634 9
    endloop
  endfacet
  facet normal 0.770349 0.637622 0
    outer loop
      vertex 27.5729 -31.7634 0
      vertex 27.8131 -32.0536 9
      vertex 27.8131 -32.0536 0
    endloop
  endfacet
  facet normal 0.125309 0.992118 -0
    outer loop
      vertex 29.8116 -32.9941 0
      vertex 29.4379 -32.9469 9
      vertex 29.8116 -32.9941 9
    endloop
  endfacet
  facet normal 0.125309 0.992118 0
    outer loop
      vertex 29.4379 -32.9469 9
      vertex 29.8116 -32.9941 0
      vertex 29.4379 -32.9469 0
    endloop
  endfacet
  facet normal -0.998019 -0.0629071 0
    outer loop
      vertex 33 30 0
      vertex 32.9763 30.376 9
      vertex 32.9763 30.376 0
    endloop
  endfacet
  facet normal -0.998019 -0.0629071 0
    outer loop
      vertex 32.9763 30.376 9
      vertex 33 30 0
      vertex 33 30 9
    endloop
  endfacet
  facet normal 0.125309 -0.992118 0
    outer loop
      vertex 29.4379 32.9469 0
      vertex 29.8116 32.9941 9
      vertex 29.4379 32.9469 9
    endloop
  endfacet
  facet normal 0.125309 -0.992118 0
    outer loop
      vertex 29.8116 32.9941 9
      vertex 29.4379 32.9469 0
      vertex 29.8116 32.9941 0
    endloop
  endfacet
  facet normal -0.125309 0.992118 0
    outer loop
      vertex 30.5621 27.0531 0
      vertex 30.1884 27.0059 9
      vertex 30.5621 27.0531 9
    endloop
  endfacet
  facet normal -0.125309 0.992118 0
    outer loop
      vertex 30.1884 27.0059 9
      vertex 30.5621 27.0531 0
      vertex 30.1884 27.0059 0
    endloop
  endfacet
  facet normal -0.770349 0.637622 0
    outer loop
      vertex 32.1869 27.9464 0
      vertex 32.4271 28.2366 9
      vertex 32.4271 28.2366 0
    endloop
  endfacet
  facet normal -0.770349 0.637622 0
    outer loop
      vertex 32.4271 28.2366 9
      vertex 32.1869 27.9464 0
      vertex 32.1869 27.9464 9
    endloop
  endfacet
  facet normal -0.684594 -0.728924 0
    outer loop
      vertex 31.9123 32.3115 0
      vertex 32.1869 32.0536 9
      vertex 31.9123 32.3115 9
    endloop
  endfacet
  facet normal -0.684594 -0.728924 -0
    outer loop
      vertex 32.1869 32.0536 9
      vertex 31.9123 32.3115 0
      vertex 32.1869 32.0536 0
    endloop
  endfacet
  facet normal 0.770349 -0.637622 0
    outer loop
      vertex 27.5729 31.7634 9
      vertex 27.8131 32.0536 0
      vertex 27.8131 32.0536 9
    endloop
  endfacet
  facet normal 0.770349 -0.637622 0
    outer loop
      vertex 27.8131 32.0536 0
      vertex 27.5729 31.7634 9
      vertex 27.5729 31.7634 0
    endloop
  endfacet
  facet normal 0.481695 -0.876339 0
    outer loop
      vertex 28.3925 32.533 0
      vertex 28.7227 32.7145 9
      vertex 28.3925 32.533 9
    endloop
  endfacet
  facet normal 0.481695 -0.876339 0
    outer loop
      vertex 28.7227 32.7145 9
      vertex 28.3925 32.533 0
      vertex 28.7227 32.7145 0
    endloop
  endfacet
  facet normal -0.904843 -0.425746 0
    outer loop
      vertex 32.7893 31.1044 0
      vertex 32.6289 31.4453 9
      vertex 32.6289 31.4453 0
    endloop
  endfacet
  facet normal -0.904843 -0.425746 0
    outer loop
      vertex 32.6289 31.4453 9
      vertex 32.7893 31.1044 0
      vertex 32.7893 31.1044 9
    endloop
  endfacet
  facet normal -0.982336 -0.187124 0
    outer loop
      vertex 32.9763 30.376 0
      vertex 32.9058 30.7461 9
      vertex 32.9058 30.7461 0
    endloop
  endfacet
  facet normal -0.982336 -0.187124 0
    outer loop
      vertex 32.9058 30.7461 9
      vertex 32.9763 30.376 0
      vertex 32.9763 30.376 9
    endloop
  endfacet
  facet normal -0.36823 -0.929735 0
    outer loop
      vertex 30.9271 32.8532 0
      vertex 31.2773 32.7145 9
      vertex 30.9271 32.8532 9
    endloop
  endfacet
  facet normal -0.36823 -0.929735 -0
    outer loop
      vertex 31.2773 32.7145 9
      vertex 30.9271 32.8532 0
      vertex 31.2773 32.7145 0
    endloop
  endfacet
  facet normal -0.587872 -0.808954 0
    outer loop
      vertex 31.6075 32.533 0
      vertex 31.9123 32.3115 9
      vertex 31.6075 32.533 9
    endloop
  endfacet
  facet normal -0.587872 -0.808954 -0
    outer loop
      vertex 31.9123 32.3115 9
      vertex 31.6075 32.533 0
      vertex 31.9123 32.3115 0
    endloop
  endfacet
  facet normal 0.904843 -0.425746 0
    outer loop
      vertex 27.2107 31.1044 9
      vertex 27.3711 31.4453 0
      vertex 27.3711 31.4453 9
    endloop
  endfacet
  facet normal 0.904843 -0.425746 0
    outer loop
      vertex 27.3711 31.4453 0
      vertex 27.2107 31.1044 9
      vertex 27.2107 31.1044 0
    endloop
  endfacet
  facet normal 0.844415 -0.53569 0
    outer loop
      vertex 27.3711 31.4453 9
      vertex 27.5729 31.7634 0
      vertex 27.5729 31.7634 9
    endloop
  endfacet
  facet normal 0.844415 -0.53569 0
    outer loop
      vertex 27.5729 31.7634 0
      vertex 27.3711 31.4453 9
      vertex 27.3711 31.4453 0
    endloop
  endfacet
  facet normal 0.587872 -0.808954 0
    outer loop
      vertex 28.0877 32.3115 0
      vertex 28.3925 32.533 9
      vertex 28.0877 32.3115 9
    endloop
  endfacet
  facet normal 0.587872 -0.808954 0
    outer loop
      vertex 28.3925 32.533 9
      vertex 28.0877 32.3115 0
      vertex 28.3925 32.533 0
    endloop
  endfacet
  facet normal 0.24865 -0.968593 0
    outer loop
      vertex 29.0729 32.8532 0
      vertex 29.4379 32.9469 9
      vertex 29.0729 32.8532 9
    endloop
  endfacet
  facet normal 0.24865 -0.968593 0
    outer loop
      vertex 29.4379 32.9469 9
      vertex 29.0729 32.8532 0
      vertex 29.4379 32.9469 0
    endloop
  endfacet
  facet normal -0.24865 0.968593 0
    outer loop
      vertex 30.9271 27.1468 0
      vertex 30.5621 27.0531 9
      vertex 30.9271 27.1468 9
    endloop
  endfacet
  facet normal -0.24865 0.968593 0
    outer loop
      vertex 30.5621 27.0531 9
      vertex 30.9271 27.1468 0
      vertex 30.5621 27.0531 0
    endloop
  endfacet
  facet normal -0.950993 -0.309212 0
    outer loop
      vertex 32.9058 30.7461 0
      vertex 32.7893 31.1044 9
      vertex 32.7893 31.1044 0
    endloop
  endfacet
  facet normal -0.950993 -0.309212 0
    outer loop
      vertex 32.7893 31.1044 9
      vertex 32.9058 30.7461 0
      vertex 32.9058 30.7461 9
    endloop
  endfacet
  facet normal -0.770349 -0.637622 0
    outer loop
      vertex 32.4271 31.7634 0
      vertex 32.1869 32.0536 9
      vertex 32.1869 32.0536 0
    endloop
  endfacet
  facet normal -0.770349 -0.637622 0
    outer loop
      vertex 32.1869 32.0536 9
      vertex 32.4271 31.7634 0
      vertex 32.4271 31.7634 9
    endloop
  endfacet
  facet normal -0.844415 -0.53569 0
    outer loop
      vertex 32.6289 31.4453 0
      vertex 32.4271 31.7634 9
      vertex 32.4271 31.7634 0
    endloop
  endfacet
  facet normal -0.844415 -0.53569 0
    outer loop
      vertex 32.4271 31.7634 9
      vertex 32.6289 31.4453 0
      vertex 32.6289 31.4453 9
    endloop
  endfacet
  facet normal -0.125309 -0.992118 0
    outer loop
      vertex 30.1884 32.9941 0
      vertex 30.5621 32.9469 9
      vertex 30.1884 32.9941 9
    endloop
  endfacet
  facet normal -0.125309 -0.992118 -0
    outer loop
      vertex 30.5621 32.9469 9
      vertex 30.1884 32.9941 0
      vertex 30.5621 32.9469 0
    endloop
  endfacet
  facet normal -0.24865 -0.968593 0
    outer loop
      vertex 30.5621 32.9469 0
      vertex 30.9271 32.8532 9
      vertex 30.5621 32.9469 9
    endloop
  endfacet
  facet normal -0.24865 -0.968593 -0
    outer loop
      vertex 30.9271 32.8532 9
      vertex 30.5621 32.9469 0
      vertex 30.9271 32.8532 0
    endloop
  endfacet
  facet normal 0 -1 0
    outer loop
      vertex 29.8116 32.9941 0
      vertex 30.1884 32.9941 9
      vertex 29.8116 32.9941 9
    endloop
  endfacet
  facet normal 0 -1 -0
    outer loop
      vertex 30.1884 32.9941 9
      vertex 29.8116 32.9941 0
      vertex 30.1884 32.9941 0
    endloop
  endfacet
  facet normal -0.481695 -0.876339 0
    outer loop
      vertex 31.2773 32.7145 0
      vertex 31.6075 32.533 9
      vertex 31.2773 32.7145 9
    endloop
  endfacet
  facet normal -0.481695 -0.876339 -0
    outer loop
      vertex 31.6075 32.533 9
      vertex 31.2773 32.7145 0
      vertex 31.6075 32.533 0
    endloop
  endfacet
  facet normal 0.950993 -0.309212 0
    outer loop
      vertex 27.0942 30.7461 9
      vertex 27.2107 31.1044 0
      vertex 27.2107 31.1044 9
    endloop
  endfacet
  facet normal 0.950993 -0.309212 0
    outer loop
      vertex 27.2107 31.1044 0
      vertex 27.0942 30.7461 9
      vertex 27.0942 30.7461 0
    endloop
  endfacet
  facet normal 0.982336 -0.187124 0
    outer loop
      vertex 27.0237 30.376 9
      vertex 27.0942 30.7461 0
      vertex 27.0942 30.7461 9
    endloop
  endfacet
  facet normal 0.982336 -0.187124 0
    outer loop
      vertex 27.0942 30.7461 0
      vertex 27.0237 30.376 9
      vertex 27.0237 30.376 0
    endloop
  endfacet
  facet normal 0.998019 -0.0629071 0
    outer loop
      vertex 27 30 9
      vertex 27.0237 30.376 0
      vertex 27.0237 30.376 9
    endloop
  endfacet
  facet normal 0.998019 -0.0629071 0
    outer loop
      vertex 27.0237 30.376 0
      vertex 27 30 9
      vertex 27 30 0
    endloop
  endfacet
  facet normal 0.998019 0.0629071 0
    outer loop
      vertex 27.0237 29.624 9
      vertex 27 30 0
      vertex 27 30 9
    endloop
  endfacet
  facet normal 0.998019 0.0629071 0
    outer loop
      vertex 27 30 0
      vertex 27.0237 29.624 9
      vertex 27.0237 29.624 0
    endloop
  endfacet
  facet normal 0.684594 -0.728924 0
    outer loop
      vertex 27.8131 32.0536 0
      vertex 28.0877 32.3115 9
      vertex 27.8131 32.0536 9
    endloop
  endfacet
  facet normal 0.684594 -0.728924 0
    outer loop
      vertex 28.0877 32.3115 9
      vertex 27.8131 32.0536 0
      vertex 28.0877 32.3115 0
    endloop
  endfacet
  facet normal 0.36823 -0.929735 0
    outer loop
      vertex 28.7227 32.7145 0
      vertex 29.0729 32.8532 9
      vertex 28.7227 32.7145 9
    endloop
  endfacet
  facet normal 0.36823 -0.929735 0
    outer loop
      vertex 29.0729 32.8532 9
      vertex 28.7227 32.7145 0
      vertex 29.0729 32.8532 0
    endloop
  endfacet
  facet normal -0.998019 0.0629071 0
    outer loop
      vertex 32.9763 29.624 0
      vertex 33 30 9
      vertex 33 30 0
    endloop
  endfacet
  facet normal -0.998019 0.0629071 0
    outer loop
      vertex 33 30 9
      vertex 32.9763 29.624 0
      vertex 32.9763 29.624 9
    endloop
  endfacet
  facet normal -0.844415 0.53569 0
    outer loop
      vertex 32.4271 28.2366 0
      vertex 32.6289 28.5547 9
      vertex 32.6289 28.5547 0
    endloop
  endfacet
  facet normal -0.844415 0.53569 0
    outer loop
      vertex 32.6289 28.5547 9
      vertex 32.4271 28.2366 0
      vertex 32.4271 28.2366 9
    endloop
  endfacet
  facet normal -0.982336 0.187124 0
    outer loop
      vertex 32.9058 29.2539 0
      vertex 32.9763 29.624 9
      vertex 32.9763 29.624 0
    endloop
  endfacet
  facet normal -0.982336 0.187124 0
    outer loop
      vertex 32.9763 29.624 9
      vertex 32.9058 29.2539 0
      vertex 32.9058 29.2539 9
    endloop
  endfacet
  facet normal -0.587872 0.808954 0
    outer loop
      vertex 31.9123 27.6885 0
      vertex 31.6075 27.467 9
      vertex 31.9123 27.6885 9
    endloop
  endfacet
  facet normal -0.587872 0.808954 0
    outer loop
      vertex 31.6075 27.467 9
      vertex 31.9123 27.6885 0
      vertex 31.6075 27.467 0
    endloop
  endfacet
  facet normal -0.481695 0.876339 0
    outer loop
      vertex 31.6075 27.467 0
      vertex 31.2773 27.2855 9
      vertex 31.6075 27.467 9
    endloop
  endfacet
  facet normal -0.481695 0.876339 0
    outer loop
      vertex 31.2773 27.2855 9
      vertex 31.6075 27.467 0
      vertex 31.2773 27.2855 0
    endloop
  endfacet
  facet normal -0.950993 0.309212 0
    outer loop
      vertex 32.7893 28.8956 0
      vertex 32.9058 29.2539 9
      vertex 32.9058 29.2539 0
    endloop
  endfacet
  facet normal -0.950993 0.309212 0
    outer loop
      vertex 32.9058 29.2539 9
      vertex 32.7893 28.8956 0
      vertex 32.7893 28.8956 9
    endloop
  endfacet
  facet normal -0.904843 0.425746 0
    outer loop
      vertex 32.6289 28.5547 0
      vertex 32.7893 28.8956 9
      vertex 32.7893 28.8956 0
    endloop
  endfacet
  facet normal -0.904843 0.425746 0
    outer loop
      vertex 32.7893 28.8956 9
      vertex 32.6289 28.5547 0
      vertex 32.6289 28.5547 9
    endloop
  endfacet
  facet normal 0.36823 0.929735 -0
    outer loop
      vertex 29.0729 27.1468 0
      vertex 28.7227 27.2855 9
      vertex 29.0729 27.1468 9
    endloop
  endfacet
  facet normal 0.36823 0.929735 0
    outer loop
      vertex 28.7227 27.2855 9
      vertex 29.0729 27.1468 0
      vertex 28.7227 27.2855 0
    endloop
  endfacet
  facet normal 0.24865 0.968593 -0
    outer loop
      vertex 29.4379 27.0531 0
      vertex 29.0729 27.1468 9
      vertex 29.4379 27.0531 9
    endloop
  endfacet
  facet normal 0.24865 0.968593 0
    outer loop
      vertex 29.0729 27.1468 9
      vertex 29.4379 27.0531 0
      vertex 29.0729 27.1468 0
    endloop
  endfacet
  facet normal 0.587872 0.808954 -0
    outer loop
      vertex 28.3925 27.467 0
      vertex 28.0877 27.6885 9
      vertex 28.3925 27.467 9
    endloop
  endfacet
  facet normal 0.587872 0.808954 0
    outer loop
      vertex 28.0877 27.6885 9
      vertex 28.3925 27.467 0
      vertex 28.0877 27.6885 0
    endloop
  endfacet
  facet normal 0.684594 0.728924 -0
    outer loop
      vertex 28.0877 27.6885 0
      vertex 27.8131 27.9464 9
      vertex 28.0877 27.6885 9
    endloop
  endfacet
  facet normal 0.684594 0.728924 0
    outer loop
      vertex 27.8131 27.9464 9
      vertex 28.0877 27.6885 0
      vertex 27.8131 27.9464 0
    endloop
  endfacet
  facet normal 0.844415 0.53569 0
    outer loop
      vertex 27.5729 28.2366 9
      vertex 27.3711 28.5547 0
      vertex 27.3711 28.5547 9
    endloop
  endfacet
  facet normal 0.844415 0.53569 0
    outer loop
      vertex 27.3711 28.5547 0
      vertex 27.5729 28.2366 9
      vertex 27.5729 28.2366 0
    endloop
  endfacet
  facet normal 0.982336 0.187124 0
    outer loop
      vertex 27.0942 29.2539 9
      vertex 27.0237 29.624 0
      vertex 27.0237 29.624 9
    endloop
  endfacet
  facet normal 0.982336 0.187124 0
    outer loop
      vertex 27.0237 29.624 0
      vertex 27.0942 29.2539 9
      vertex 27.0942 29.2539 0
    endloop
  endfacet
  facet normal 0.950993 0.309212 0
    outer loop
      vertex 27.2107 28.8956 9
      vertex 27.0942 29.2539 0
      vertex 27.0942 29.2539 9
    endloop
  endfacet
  facet normal 0.950993 0.309212 0
    outer loop
      vertex 27.0942 29.2539 0
      vertex 27.2107 28.8956 9
      vertex 27.2107 28.8956 0
    endloop
  endfacet
  facet normal 0.904843 0.425746 0
    outer loop
      vertex 27.3711 28.5547 9
      vertex 27.2107 28.8956 0
      vertex 27.2107 28.8956 9
    endloop
  endfacet
  facet normal 0.904843 0.425746 0
    outer loop
      vertex 27.2107 28.8956 0
      vertex 27.3711 28.5547 9
      vertex 27.3711 28.5547 0
    endloop
  endfacet
  facet normal -0.684594 0.728924 0
    outer loop
      vertex 32.1869 27.9464 0
      vertex 31.9123 27.6885 9
      vertex 32.1869 27.9464 9
    endloop
  endfacet
  facet normal -0.684594 0.728924 0
    outer loop
      vertex 31.9123 27.6885 9
      vertex 32.1869 27.9464 0
      vertex 31.9123 27.6885 0
    endloop
  endfacet
  facet normal -0.36823 0.929735 0
    outer loop
      vertex 31.2773 27.2855 0
      vertex 30.9271 27.1468 9
      vertex 31.2773 27.2855 9
    endloop
  endfacet
  facet normal -0.36823 0.929735 0
    outer loop
      vertex 30.9271 27.1468 9
      vertex 31.2773 27.2855 0
      vertex 30.9271 27.1468 0
    endloop
  endfacet
  facet normal 0 1 -0
    outer loop
      vertex 30.1884 27.0059 0
      vertex 29.8116 27.0059 9
      vertex 30.1884 27.0059 9
    endloop
  endfacet
  facet normal 0 1 0
    outer loop
      vertex 29.8116 27.0059 9
      vertex 30.1884 27.0059 0
      vertex 29.8116 27.0059 0
    endloop
  endfacet
  facet normal 0.481695 0.876339 -0
    outer loop
      vertex 28.7227 27.2855 0
      vertex 28.3925 27.467 9
      vertex 28.7227 27.2855 9
    endloop
  endfacet
  facet normal 0.481695 0.876339 0
    outer loop
      vertex 28.3925 27.467 9
      vertex 28.7227 27.2855 0
      vertex 28.3925 27.467 0
    endloop
  endfacet
  facet normal 0.770349 0.637622 0
    outer loop
      vertex 27.8131 27.9464 9
      vertex 27.5729 28.2366 0
      vertex 27.5729 28.2366 9
    endloop
  endfacet
  facet normal 0.770349 0.637622 0
    outer loop
      vertex 27.5729 28.2366 0
      vertex 27.8131 27.9464 9
      vertex 27.8131 27.9464 0
    endloop
  endfacet
  facet normal 0.125309 0.992118 -0
    outer loop
      vertex 29.8116 27.0059 0
      vertex 29.4379 27.0531 9
      vertex 29.8116 27.0059 9
    endloop
  endfacet
  facet normal 0.125309 0.992118 0
    outer loop
      vertex 29.4379 27.0531 9
      vertex 29.8116 27.0059 0
      vertex 29.4379 27.0531 0
    endloop
  endfacet
  facet normal 0.125348 0.992113 -0
    outer loop
      vertex 32.9369 36.9114 0
      vertex 32.314 36.9901 9
      vertex 32.9369 36.9114 9
    endloop
  endfacet
  facet normal 0.125348 0.992113 0
    outer loop
      vertex 32.314 36.9901 9
      vertex 32.9369 36.9114 0
      vertex 32.314 36.9901 0
    endloop
  endfacet
  facet normal 0 1 -0
    outer loop
      vertex 32.314 36.9901 0
      vertex -32.314 36.9901 9
      vertex 32.314 36.9901 9
    endloop
  endfacet
  facet normal 0 1 0
    outer loop
      vertex -32.314 36.9901 9
      vertex 32.314 36.9901 0
      vertex -32.314 36.9901 0
    endloop
  endfacet
  facet normal -0.125348 0.992113 0
    outer loop
      vertex -32.314 36.9901 0
      vertex -32.9369 36.9114 9
      vertex -32.314 36.9901 9
    endloop
  endfacet
  facet normal -0.125348 0.992113 0
    outer loop
      vertex -32.9369 36.9114 9
      vertex -32.314 36.9901 0
      vertex -32.9369 36.9114 0
    endloop
  endfacet
  facet normal -0.684624 -0.728896 0
    outer loop
      vertex -35.6448 -35.4227 0
      vertex -35.1871 -35.8526 9
      vertex -35.6448 -35.4227 9
    endloop
  endfacet
  facet normal -0.684624 -0.728896 -0
    outer loop
      vertex -35.1871 -35.8526 9
      vertex -35.6448 -35.4227 0
      vertex -35.1871 -35.8526 0
    endloop
  endfacet
  facet normal 0 -1 0
    outer loop
      vertex -32.314 -36.9901 0
      vertex 32.314 -36.9901 9
      vertex -32.314 -36.9901 9
    endloop
  endfacet
  facet normal 0 -1 -0
    outer loop
      vertex 32.314 -36.9901 9
      vertex -32.314 -36.9901 0
      vertex 32.314 -36.9901 0
    endloop
  endfacet
  facet normal -0.684624 0.728896 0
    outer loop
      vertex -35.1871 35.8526 0
      vertex -35.6448 35.4227 9
      vertex -35.1871 35.8526 9
    endloop
  endfacet
  facet normal -0.684624 0.728896 0
    outer loop
      vertex -35.6448 35.4227 9
      vertex -35.1871 35.8526 0
      vertex -35.6448 35.4227 0
    endloop
  endfacet
  facet normal 0.770462 0.637486 0
    outer loop
      vertex 36.0451 34.9389 9
      vertex 35.6448 35.4227 0
      vertex 35.6448 35.4227 9
    endloop
  endfacet
  facet normal 0.770462 0.637486 0
    outer loop
      vertex 35.6448 35.4227 0
      vertex 36.0451 34.9389 9
      vertex 36.0451 34.9389 0
    endloop
  endfacet
  facet normal -0.368203 0.929745 0
    outer loop
      vertex -33.5451 36.7553 0
      vertex -34.1289 36.5241 9
      vertex -33.5451 36.7553 9
    endloop
  endfacet
  facet normal -0.368203 0.929745 0
    outer loop
      vertex -34.1289 36.5241 9
      vertex -33.5451 36.7553 0
      vertex -34.1289 36.5241 0
    endloop
  endfacet
  facet normal 0.770462 -0.637486 0
    outer loop
      vertex 35.6448 -35.4227 9
      vertex 36.0451 -34.9389 0
      vertex 36.0451 -34.9389 9
    endloop
  endfacet
  facet normal 0.770462 -0.637486 0
    outer loop
      vertex 36.0451 -34.9389 0
      vertex 35.6448 -35.4227 9
      vertex 35.6448 -35.4227 0
    endloop
  endfacet
  facet normal 1 -0 0
    outer loop
      vertex 37 -32 9
      vertex 37 32 0
      vertex 37 32 9
    endloop
  endfacet
  facet normal 1 0 0
    outer loop
      vertex 37 32 0
      vertex 37 -32 9
      vertex 37 -32 0
    endloop
  endfacet
  facet normal -1 0 0
    outer loop
      vertex -37 -32 0
      vertex -37 32 9
      vertex -37 32 0
    endloop
  endfacet
  facet normal -1 -0 0
    outer loop
      vertex -37 32 9
      vertex -37 -32 0
      vertex -37 -32 9
    endloop
  endfacet
  facet normal -0.99803 0.0627451 0
    outer loop
      vertex -37 32 0
      vertex -36.9606 32.6267 9
      vertex -36.9606 32.6267 0
    endloop
  endfacet
  facet normal -0.99803 0.0627451 0
    outer loop
      vertex -36.9606 32.6267 9
      vertex -37 32 0
      vertex -37 32 9
    endloop
  endfacet
  facet normal -0.904811 0.425812 0
    outer loop
      vertex -36.6489 33.8406 0
      vertex -36.3815 34.4088 9
      vertex -36.3815 34.4088 0
    endloop
  endfacet
  facet normal -0.904811 0.425812 0
    outer loop
      vertex -36.3815 34.4088 9
      vertex -36.6489 33.8406 0
      vertex -36.6489 33.8406 9
    endloop
  endfacet
  facet normal -0.982276 0.187441 0
    outer loop
      vertex -36.9606 32.6267 0
      vertex -36.8429 33.2435 9
      vertex -36.8429 33.2435 0
    endloop
  endfacet
  facet normal -0.982276 0.187441 0
    outer loop
      vertex -36.8429 33.2435 9
      vertex -36.9606 32.6267 0
      vertex -36.9606 32.6267 9
    endloop
  endfacet
  facet normal 0.368203 0.929745 -0
    outer loop
      vertex 34.1289 36.5241 0
      vertex 33.5451 36.7553 9
      vertex 34.1289 36.5241 9
    endloop
  endfacet
  facet normal 0.368203 0.929745 0
    outer loop
      vertex 33.5451 36.7553 9
      vertex 34.1289 36.5241 0
      vertex 33.5451 36.7553 0
    endloop
  endfacet
  facet normal 0.587698 0.80908 -0
    outer loop
      vertex 35.1871 35.8526 0
      vertex 34.6791 36.2216 9
      vertex 35.1871 35.8526 9
    endloop
  endfacet
  facet normal 0.587698 0.80908 0
    outer loop
      vertex 34.6791 36.2216 9
      vertex 35.1871 35.8526 0
      vertex 34.6791 36.2216 0
    endloop
  endfacet
  facet normal -0.248601 0.968606 0
    outer loop
      vertex -32.9369 36.9114 0
      vertex -33.5451 36.7553 9
      vertex -32.9369 36.9114 9
    endloop
  endfacet
  facet normal -0.248601 0.968606 0
    outer loop
      vertex -33.5451 36.7553 9
      vertex -32.9369 36.9114 0
      vertex -33.5451 36.7553 0
    endloop
  endfacet
  facet normal -0.587698 -0.80908 0
    outer loop
      vertex -35.1871 -35.8526 0
      vertex -34.6791 -36.2216 9
      vertex -35.1871 -35.8526 9
    endloop
  endfacet
  facet normal -0.587698 -0.80908 -0
    outer loop
      vertex -34.6791 -36.2216 9
      vertex -35.1871 -35.8526 0
      vertex -34.6791 -36.2216 0
    endloop
  endfacet
  facet normal -0.368203 -0.929745 0
    outer loop
      vertex -34.1289 -36.5241 0
      vertex -33.5451 -36.7553 9
      vertex -34.1289 -36.5241 9
    endloop
  endfacet
  facet normal -0.368203 -0.929745 -0
    outer loop
      vertex -33.5451 -36.7553 9
      vertex -34.1289 -36.5241 0
      vertex -33.5451 -36.7553 0
    endloop
  endfacet
  facet normal -0.125348 -0.992113 0
    outer loop
      vertex -32.9369 -36.9114 0
      vertex -32.314 -36.9901 9
      vertex -32.9369 -36.9114 9
    endloop
  endfacet
  facet normal -0.125348 -0.992113 -0
    outer loop
      vertex -32.314 -36.9901 9
      vertex -32.9369 -36.9114 0
      vertex -32.314 -36.9901 0
    endloop
  endfacet
  facet normal 0.904811 -0.425812 0
    outer loop
      vertex 36.3815 -34.4088 9
      vertex 36.6489 -33.8406 0
      vertex 36.6489 -33.8406 9
    endloop
  endfacet
  facet normal 0.904811 -0.425812 0
    outer loop
      vertex 36.6489 -33.8406 0
      vertex 36.3815 -34.4088 9
      vertex 36.3815 -34.4088 0
    endloop
  endfacet
  facet normal 0.951061 0.309003 0
    outer loop
      vertex 36.8429 33.2435 9
      vertex 36.6489 33.8406 0
      vertex 36.6489 33.8406 9
    endloop
  endfacet
  facet normal 0.951061 0.309003 0
    outer loop
      vertex 36.6489 33.8406 0
      vertex 36.8429 33.2435 9
      vertex 36.8429 33.2435 0
    endloop
  endfacet
  facet normal 0.684624 0.728896 -0
    outer loop
      vertex 35.6448 35.4227 0
      vertex 35.1871 35.8526 9
      vertex 35.6448 35.4227 9
    endloop
  endfacet
  facet normal 0.684624 0.728896 0
    outer loop
      vertex 35.1871 35.8526 9
      vertex 35.6448 35.4227 0
      vertex 35.1871 35.8526 0
    endloop
  endfacet
  facet normal 0 0 1
    outer loop
      vertex 27.3711 28.5547 9
      vertex -27.3711 28.5547 9
      vertex 27.5729 28.2366 9
    endloop
  endfacet
  facet normal 0 0 1
    outer loop
      vertex 27.8131 -27.9464 9
      vertex -27.0237 -29.624 9
      vertex -27 -30 9
    endloop
  endfacet
  facet normal 0 0 1
    outer loop
      vertex -27.5729 28.2366 9
      vertex 27.5729 28.2366 9
      vertex -27.3711 28.5547 9
    endloop
  endfacet
  facet normal 0 0 1
    outer loop
      vertex 27.8131 -27.9464 9
      vertex -27.0942 -29.2539 9
      vertex -27.0237 -29.624 9
    endloop
  endfacet
  facet normal 0 0 1
    outer loop
      vertex 27.5729 28.2366 9
      vertex -27.5729 28.2366 9
      vertex 27.8131 27.9464 9
    endloop
  endfacet
  facet normal 0 0 1
    outer loop
      vertex 27.8131 -27.9464 9
      vertex -27.2107 -28.8956 9
      vertex -27.0942 -29.2539 9
    endloop
  endfacet
  facet normal 0 0 1
    outer loop
      vertex -27.8131 27.9464 9
      vertex 27.8131 27.9464 9
      vertex -27.5729 28.2366 9
    endloop
  endfacet
  facet normal 0 0 1
    outer loop
      vertex 27.8131 -27.9464 9
      vertex -27.3711 -28.5547 9
      vertex -27.2107 -28.8956 9
    endloop
  endfacet
  facet normal 0 0 1
    outer loop
      vertex 27.8131 27.9464 9
      vertex -27.8131 27.9464 9
      vertex 27.8131 -27.9464 9
    endloop
  endfacet
  facet normal 0 0 1
    outer loop
      vertex 27.8131 -27.9464 9
      vertex -27.5729 -28.2366 9
      vertex -27.3711 -28.5547 9
    endloop
  endfacet
  facet normal 0 0 1
    outer loop
      vertex -27.8131 -27.9464 9
      vertex 27.8131 -27.9464 9
      vertex -27.8131 27.9464 9
    endloop
  endfacet
  facet normal 0 0 1
    outer loop
      vertex 27.8131 -27.9464 9
      vertex -27.8131 -27.9464 9
      vertex -27.5729 -28.2366 9
    endloop
  endfacet
  facet normal -0 0 1
    outer loop
      vertex -28.0877 27.6885 9
      vertex -27.8131 -27.9464 9
      vertex -27.8131 27.9464 9
    endloop
  endfacet
  facet normal 0 0 1
    outer loop
      vertex -28.0877 27.6885 9
      vertex -28.0877 -27.6885 9
      vertex -27.8131 -27.9464 9
    endloop
  endfacet
  facet normal -0 0 1
    outer loop
      vertex -28.3925 27.467 9
      vertex -28.0877 -27.6885 9
      vertex -28.0877 27.6885 9
    endloop
  endfacet
  facet normal 0 0 1
    outer loop
      vertex -28.3925 27.467 9
      vertex -28.3925 -27.467 9
      vertex -28.0877 -27.6885 9
    endloop
  endfacet
  facet normal -0 0 1
    outer loop
      vertex -28.7227 27.2855 9
      vertex -28.3925 -27.467 9
      vertex -28.3925 27.467 9
    endloop
  endfacet
  facet normal 0 0 1
    outer loop
      vertex -28.7227 27.2855 9
      vertex -28.7227 -27.2855 9
      vertex -28.3925 -27.467 9
    endloop
  endfacet
  facet normal -0 0 1
    outer loop
      vertex -29.0729 27.1468 9
      vertex -28.7227 -27.2855 9
      vertex -28.7227 27.2855 9
    endloop
  endfacet
  facet normal 0 0 1
    outer loop
      vertex -29.0729 27.1468 9
      vertex -29.0729 -27.1468 9
      vertex -28.7227 -27.2855 9
    endloop
  endfacet
  facet normal -0 0 1
    outer loop
      vertex -29.4379 27.0531 9
      vertex -29.0729 -27.1468 9
      vertex -29.0729 27.1468 9
    endloop
  endfacet
  facet normal 0 0 1
    outer loop
      vertex -29.4379 27.0531 9
      vertex -29.4379 -27.0531 9
      vertex -29.0729 -27.1468 9
    endloop
  endfacet
  facet normal -0 0 1
    outer loop
      vertex -29.8116 27.0059 9
      vertex -29.4379 -27.0531 9
      vertex -29.4379 27.0531 9
    endloop
  endfacet
  facet normal 0 0 1
    outer loop
      vertex -29.8116 27.0059 9
      vertex -29.8116 -27.0059 9
      vertex -29.4379 -27.0531 9
    endloop
  endfacet
  facet normal -0 0 1
    outer loop
      vertex -30.1884 27.0059 9
      vertex -29.8116 -27.0059 9
      vertex -29.8116 27.0059 9
    endloop
  endfacet
  facet normal 0 0 1
    outer loop
      vertex -30.1884 27.0059 9
      vertex -30.1884 -27.0059 9
      vertex -29.8116 -27.0059 9
    endloop
  endfacet
  facet normal 0 0 1
    outer loop
      vertex -30.5621 27.0531 9
      vertex -30.1884 -27.0059 9
      vertex -30.1884 27.0059 9
    endloop
  endfacet
  facet normal 0 0 1
    outer loop
      vertex -30.5621 27.0531 9
      vertex -30.5621 -27.0531 9
      vertex -30.1884 -27.0059 9
    endloop
  endfacet
  facet normal 0 0 1
    outer loop
      vertex -30.9271 27.1468 9
      vertex -30.5621 -27.0531 9
      vertex -30.5621 27.0531 9
    endloop
  endfacet
  facet normal 0 0 1
    outer loop
      vertex -30.9271 27.1468 9
      vertex -30.9271 -27.1468 9
      vertex -30.5621 -27.0531 9
    endloop
  endfacet
  facet normal 0 0 1
    outer loop
      vertex -31.2773 27.2855 9
      vertex -30.9271 -27.1468 9
      vertex -30.9271 27.1468 9
    endloop
  endfacet
  facet normal 0 0 1
    outer loop
      vertex -31.2773 27.2855 9
      vertex -31.2773 -27.2855 9
      vertex -30.9271 -27.1468 9
    endloop
  endfacet
  facet normal 0 0 1
    outer loop
      vertex -31.6075 27.467 9
      vertex -31.2773 -27.2855 9
      vertex -31.2773 27.2855 9
    endloop
  endfacet
  facet normal 0 0 1
    outer loop
      vertex -31.6075 27.467 9
      vertex -31.6075 -27.467 9
      vertex -31.2773 -27.2855 9
    endloop
  endfacet
  facet normal 0 0 1
    outer loop
      vertex -31.9123 27.6885 9
      vertex -31.6075 -27.467 9
      vertex -31.6075 27.467 9
    endloop
  endfacet
  facet normal 0 0 1
    outer loop
      vertex -31.9123 27.6885 9
      vertex -31.9123 -27.6885 9
      vertex -31.6075 -27.467 9
    endloop
  endfacet
  facet normal 0 0 1
    outer loop
      vertex -32.1869 27.9464 9
      vertex -31.9123 -27.6885 9
      vertex -31.9123 27.6885 9
    endloop
  endfacet
  facet normal 0 0 1
    outer loop
      vertex -32.1869 27.9464 9
      vertex -32.1869 -27.9464 9
      vertex -31.9123 -27.6885 9
    endloop
  endfacet
  facet normal 0 0 1
    outer loop
      vertex -37 32 9
      vertex -32.1869 27.9464 9
      vertex -32.4271 28.2366 9
    endloop
  endfacet
  facet normal 0 0 1
    outer loop
      vertex -32.1869 27.9464 9
      vertex -37 32 9
      vertex -32.1869 -27.9464 9
    endloop
  endfacet
  facet normal 0 0 1
    outer loop
      vertex -37 32 9
      vertex -32.4271 28.2366 9
      vertex -32.6289 28.5547 9
    endloop
  endfacet
  facet normal 0 0 1
    outer loop
      vertex -37 -32 9
      vertex -32.1869 -27.9464 9
      vertex -37 32 9
    endloop
  endfacet
  facet normal 0 0 1
    outer loop
      vertex -37 32 9
      vertex -32.6289 28.5547 9
      vertex -32.7893 28.8956 9
    endloop
  endfacet
  facet normal 0 0 1
    outer loop
      vertex -32.1869 -27.9464 9
      vertex -37 -32 9
      vertex -32.4271 -28.2366 9
    endloop
  endfacet
  facet normal 0 0 1
    outer loop
      vertex -37 32 9
      vertex -32.7893 28.8956 9
      vertex -32.9058 29.2539 9
    endloop
  endfacet
  facet normal 0 0 1
    outer loop
      vertex -32.4271 -28.2366 9
      vertex -37 -32 9
      vertex -32.6289 -28.5547 9
    endloop
  endfacet
  facet normal 0 0 1
    outer loop
      vertex -37 32 9
      vertex -32.9058 29.2539 9
      vertex -32.9763 29.624 9
    endloop
  endfacet
  facet normal 0 0 1
    outer loop
      vertex -32.6289 -28.5547 9
      vertex -37 -32 9
      vertex -32.7893 -28.8956 9
    endloop
  endfacet
  facet normal 0 0 1
    outer loop
      vertex -37 32 9
      vertex -32.9763 29.624 9
      vertex -33 30 9
    endloop
  endfacet
  facet normal 0 0 1
    outer loop
      vertex -32.7893 -28.8956 9
      vertex -37 -32 9
      vertex -32.9058 -29.2539 9
    endloop
  endfacet
  facet normal 0 0 1
    outer loop
      vertex 32.7893 28.8956 9
      vertex 37 32 9
      vertex 32.9058 29.2539 9
    endloop
  endfacet
  facet normal 0 0 1
    outer loop
      vertex 37 -32 9
      vertex 32.9763 -29.624 9
      vertex 33 -30 9
    endloop
  endfacet
  facet normal 0 0 1
    outer loop
      vertex 32.6289 28.5547 9
      vertex 37 32 9
      vertex 32.7893 28.8956 9
    endloop
  endfacet
  facet normal 0 0 1
    outer loop
      vertex 37 -32 9
      vertex 32.9058 -29.2539 9
      vertex 32.9763 -29.624 9
    endloop
  endfacet
  facet normal 0 0 1
    outer loop
      vertex 32.4271 28.2366 9
      vertex 37 32 9
      vertex 32.6289 28.5547 9
    endloop
  endfacet
  facet normal 0 0 1
    outer loop
      vertex 37 -32 9
      vertex 32.7893 -28.8956 9
      vertex 32.9058 -29.2539 9
    endloop
  endfacet
  facet normal 0 0 1
    outer loop
      vertex 32.1869 27.9464 9
      vertex 37 32 9
      vertex 32.4271 28.2366 9
    endloop
  endfacet
  facet normal 0 0 1
    outer loop
      vertex 37 -32 9
      vertex 32.6289 -28.5547 9
      vertex 32.7893 -28.8956 9
    endloop
  endfacet
  facet normal 0 0 1
    outer loop
      vertex 37 32 9
      vertex 32.1869 27.9464 9
      vertex 37 -32 9
    endloop
  endfacet
  facet normal 0 0 1
    outer loop
      vertex 37 -32 9
      vertex 32.4271 -28.2366 9
      vertex 32.6289 -28.5547 9
    endloop
  endfacet
  facet normal -0 0 1
    outer loop
      vertex 32.1869 -27.9464 9
      vertex 37 -32 9
      vertex 32.1869 27.9464 9
    endloop
  endfacet
  facet normal 0 0 1
    outer loop
      vertex 37 -32 9
      vertex 32.1869 -27.9464 9
      vertex 32.4271 -28.2366 9
    endloop
  endfacet
  facet normal -0 0 1
    outer loop
      vertex 31.9123 27.6885 9
      vertex 32.1869 -27.9464 9
      vertex 32.1869 27.9464 9
    endloop
  endfacet
  facet normal 0 0 1
    outer loop
      vertex 31.9123 27.6885 9
      vertex 31.9123 -27.6885 9
      vertex 32.1869 -27.9464 9
    endloop
  endfacet
  facet normal -0 0 1
    outer loop
      vertex 31.6075 27.467 9
      vertex 31.9123 -27.6885 9
      vertex 31.9123 27.6885 9
    endloop
  endfacet
  facet normal 0 0 1
    outer loop
      vertex 31.6075 27.467 9
      vertex 31.6075 -27.467 9
      vertex 31.9123 -27.6885 9
    endloop
  endfacet
  facet normal -0 0 1
    outer loop
      vertex 31.2773 27.2855 9
      vertex 31.6075 -27.467 9
      vertex 31.6075 27.467 9
    endloop
  endfacet
  facet normal 0 0 1
    outer loop
      vertex 31.2773 27.2855 9
      vertex 31.2773 -27.2855 9
      vertex 31.6075 -27.467 9
    endloop
  endfacet
  facet normal -0 0 1
    outer loop
      vertex 30.9271 27.1468 9
      vertex 31.2773 -27.2855 9
      vertex 31.2773 27.2855 9
    endloop
  endfacet
  facet normal 0 0 1
    outer loop
      vertex 30.9271 27.1468 9
      vertex 30.9271 -27.1468 9
      vertex 31.2773 -27.2855 9
    endloop
  endfacet
  facet normal -0 0 1
    outer loop
      vertex 30.5621 27.0531 9
      vertex 30.9271 -27.1468 9
      vertex 30.9271 27.1468 9
    endloop
  endfacet
  facet normal 0 0 1
    outer loop
      vertex 30.5621 27.0531 9
      vertex 30.5621 -27.0531 9
      vertex 30.9271 -27.1468 9
    endloop
  endfacet
  facet normal -0 0 1
    outer loop
      vertex 30.1884 27.0059 9
      vertex 30.5621 -27.0531 9
      vertex 30.5621 27.0531 9
    endloop
  endfacet
  facet normal 0 0 1
    outer loop
      vertex 30.1884 27.0059 9
      vertex 30.1884 -27.0059 9
      vertex 30.5621 -27.0531 9
    endloop
  endfacet
  facet normal -0 0 1
    outer loop
      vertex 29.8116 27.0059 9
      vertex 30.1884 -27.0059 9
      vertex 30.1884 27.0059 9
    endloop
  endfacet
  facet normal 0 0 1
    outer loop
      vertex 29.8116 27.0059 9
      vertex 29.8116 -27.0059 9
      vertex 30.1884 -27.0059 9
    endloop
  endfacet
  facet normal 0 0 1
    outer loop
      vertex 29.4379 27.0531 9
      vertex 29.8116 -27.0059 9
      vertex 29.8116 27.0059 9
    endloop
  endfacet
  facet normal 0 0 1
    outer loop
      vertex 29.4379 27.0531 9
      vertex 29.4379 -27.0531 9
      vertex 29.8116 -27.0059 9
    endloop
  endfacet
  facet normal 0 0 1
    outer loop
      vertex 29.0729 27.1468 9
      vertex 29.4379 -27.0531 9
      vertex 29.4379 27.0531 9
    endloop
  endfacet
  facet normal 0 0 1
    outer loop
      vertex 29.0729 27.1468 9
      vertex 29.0729 -27.1468 9
      vertex 29.4379 -27.0531 9
    endloop
  endfacet
  facet normal 0 0 1
    outer loop
      vertex 28.7227 27.2855 9
      vertex 29.0729 -27.1468 9
      vertex 29.0729 27.1468 9
    endloop
  endfacet
  facet normal 0 0 1
    outer loop
      vertex 28.7227 27.2855 9
      vertex 28.7227 -27.2855 9
      vertex 29.0729 -27.1468 9
    endloop
  endfacet
  facet normal 0 0 1
    outer loop
      vertex 28.3925 27.467 9
      vertex 28.7227 -27.2855 9
      vertex 28.7227 27.2855 9
    endloop
  endfacet
  facet normal 0 0 1
    outer loop
      vertex 28.3925 27.467 9
      vertex 28.3925 -27.467 9
      vertex 28.7227 -27.2855 9
    endloop
  endfacet
  facet normal 0 0 1
    outer loop
      vertex 28.0877 27.6885 9
      vertex 28.3925 -27.467 9
      vertex 28.3925 27.467 9
    endloop
  endfacet
  facet normal 0 0 1
    outer loop
      vertex 28.0877 27.6885 9
      vertex 28.0877 -27.6885 9
      vertex 28.3925 -27.467 9
    endloop
  endfacet
  facet normal 0 0 1
    outer loop
      vertex 27.8131 27.9464 9
      vertex 28.0877 -27.6885 9
      vertex 28.0877 27.6885 9
    endloop
  endfacet
  facet normal 0 0 1
    outer loop
      vertex 27.8131 27.9464 9
      vertex 27.8131 -27.9464 9
      vertex 28.0877 -27.6885 9
    endloop
  endfacet
  facet normal 0 0 1
    outer loop
      vertex -27.2107 28.8956 9
      vertex 27.2107 28.8956 9
      vertex -27.0942 29.2539 9
    endloop
  endfacet
  facet normal 0 0 1
    outer loop
      vertex 27.2107 28.8956 9
      vertex -27.2107 28.8956 9
      vertex 27.3711 28.5547 9
    endloop
  endfacet
  facet normal 0 0 1
    outer loop
      vertex 27.0942 29.2539 9
      vertex -27.0942 29.2539 9
      vertex 27.2107 28.8956 9
    endloop
  endfacet
  facet normal 0 0 1
    outer loop
      vertex -27.3711 28.5547 9
      vertex 27.3711 28.5547 9
      vertex -27.2107 28.8956 9
    endloop
  endfacet
  facet normal 0 0 1
    outer loop
      vertex -27.0942 29.2539 9
      vertex 27.0942 29.2539 9
      vertex -27.0237 29.624 9
    endloop
  endfacet
  facet normal 0 0 1
    outer loop
      vertex 27.8131 -27.9464 9
      vertex -27 -30 9
      vertex 27.5729 -28.2366 9
    endloop
  endfacet
  facet normal 0 0 1
    outer loop
      vertex 27.0237 29.624 9
      vertex -27.0237 29.624 9
      vertex 27.0942 29.2539 9
    endloop
  endfacet
  facet normal 0 0 1
    outer loop
      vertex 27.5729 -28.2366 9
      vertex -27 -30 9
      vertex 27.3711 -28.5547 9
    endloop
  endfacet
  facet normal 0 0 1
    outer loop
      vertex -27.0237 29.624 9
      vertex 27.0237 29.624 9
      vertex -27 30 9
    endloop
  endfacet
  facet normal 0 0 1
    outer loop
      vertex 27.3711 -28.5547 9
      vertex -27 -30 9
      vertex 27.2107 -28.8956 9
    endloop
  endfacet
  facet normal -0 0 1
    outer loop
      vertex -27 30 9
      vertex 27.0237 29.624 9
      vertex 27 30 9
    endloop
  endfacet
  facet normal 0 0 1
    outer loop
      vertex 27.2107 -28.8956 9
      vertex -27 -30 9
      vertex 27.0942 -29.2539 9
    endloop
  endfacet
  facet normal 0 0 1
    outer loop
      vertex 32.7893 31.1044 9
      vertex 37 32 9
      vertex 36.9606 32.6267 9
    endloop
  endfacet
  facet normal 0 0 1
    outer loop
      vertex 32.9763 29.624 9
      vertex 37 32 9
      vertex 33 30 9
    endloop
  endfacet
  facet normal 0 0 1
    outer loop
      vertex 32.6289 31.4453 9
      vertex 36.9606 32.6267 9
      vertex 36.8429 33.2435 9
    endloop
  endfacet
  facet normal 0 0 1
    outer loop
      vertex 32.9058 29.2539 9
      vertex 37 32 9
      vertex 32.9763 29.624 9
    endloop
  endfacet
  facet normal 0 0 1
    outer loop
      vertex 32.6289 31.4453 9
      vertex 36.8429 33.2435 9
      vertex 36.6489 33.8406 9
    endloop
  endfacet
  facet normal -0 0 1
    outer loop
      vertex 32.9763 -30.376 9
      vertex 37 -32 9
      vertex 33 -30 9
    endloop
  endfacet
  facet normal 0 0 1
    outer loop
      vertex 32.4271 31.7634 9
      vertex 36.6489 33.8406 9
      vertex 36.3815 34.4088 9
    endloop
  endfacet
  facet normal -0 0 1
    outer loop
      vertex 32.9058 -30.7461 9
      vertex 37 -32 9
      vertex 32.9763 -30.376 9
    endloop
  endfacet
  facet normal 0 0 1
    outer loop
      vertex 32.4271 31.7634 9
      vertex 36.3815 34.4088 9
      vertex 36.0451 34.9389 9
    endloop
  endfacet
  facet normal -0 0 1
    outer loop
      vertex 32.7893 -31.1044 9
      vertex 37 -32 9
      vertex 32.9058 -30.7461 9
    endloop
  endfacet
  facet normal 0 0 1
    outer loop
      vertex 32.1869 32.0536 9
      vertex 36.0451 34.9389 9
      vertex 35.6448 35.4227 9
    endloop
  endfacet
  facet normal 0 0 1
    outer loop
      vertex 37 -32 9
      vertex 32.7893 -31.1044 9
      vertex 36.9606 -32.6267 9
    endloop
  endfacet
  facet normal 0 0 1
    outer loop
      vertex 32.1869 32.0536 9
      vertex 35.6448 35.4227 9
      vertex 35.1871 35.8526 9
    endloop
  endfacet
  facet normal -0 0 1
    outer loop
      vertex 32.6289 -31.4453 9
      vertex 36.9606 -32.6267 9
      vertex 32.7893 -31.1044 9
    endloop
  endfacet
  facet normal 0 0 1
    outer loop
      vertex 31.9123 32.3115 9
      vertex 35.1871 35.8526 9
      vertex 34.6791 36.2216 9
    endloop
  endfacet
  facet normal 0 0 1
    outer loop
      vertex 36.9606 -32.6267 9
      vertex 32.6289 -31.4453 9
      vertex 36.8429 -33.2435 9
    endloop
  endfacet
  facet normal 0 0 1
    outer loop
      vertex 31.9123 32.3115 9
      vertex 34.6791 36.2216 9
      vertex 34.1289 36.5241 9
    endloop
  endfacet
  facet normal 0 0 1
    outer loop
      vertex 36.8429 -33.2435 9
      vertex 32.6289 -31.4453 9
      vertex 36.6489 -33.8406 9
    endloop
  endfacet
  facet normal 0 0 1
    outer loop
      vertex 31.6075 32.533 9
      vertex 34.1289 36.5241 9
      vertex 33.5451 36.7553 9
    endloop
  endfacet
  facet normal -0 0 1
    outer loop
      vertex 32.4271 -31.7634 9
      vertex 36.6489 -33.8406 9
      vertex 32.6289 -31.4453 9
    endloop
  endfacet
  facet normal 0 0 1
    outer loop
      vertex 36.6489 -33.8406 9
      vertex 32.4271 -31.7634 9
      vertex 36.3815 -34.4088 9
    endloop
  endfacet
  facet normal 0 0 1
    outer loop
      vertex 37 32 9
      vertex 32.9763 30.376 9
      vertex 33 30 9
    endloop
  endfacet
  facet normal 0 0 1
    outer loop
      vertex 31.6075 32.533 9
      vertex 33.5451 36.7553 9
      vertex 32.9369 36.9114 9
    endloop
  endfacet
  facet normal 0 0 1
    outer loop
      vertex 37 32 9
      vertex 32.9058 30.7461 9
      vertex 32.9763 30.376 9
    endloop
  endfacet
  facet normal 0 0 1
    outer loop
      vertex 37 32 9
      vertex 32.7893 31.1044 9
      vertex 32.9058 30.7461 9
    endloop
  endfacet
  facet normal 0 0 1
    outer loop
      vertex 36.9606 32.6267 9
      vertex 32.6289 31.4453 9
      vertex 32.7893 31.1044 9
    endloop
  endfacet
  facet normal 0 0 1
    outer loop
      vertex 36.6489 33.8406 9
      vertex 32.4271 31.7634 9
      vertex 32.6289 31.4453 9
    endloop
  endfacet
  facet normal 0 0 1
    outer loop
      vertex 31.2773 32.7145 9
      vertex 32.9369 36.9114 9
      vertex 32.314 36.9901 9
    endloop
  endfacet
  facet normal 0 0 1
    outer loop
      vertex 36.0451 34.9389 9
      vertex 32.1869 32.0536 9
      vertex 32.4271 31.7634 9
    endloop
  endfacet
  facet normal 0 0 1
    outer loop
      vertex 35.1871 35.8526 9
      vertex 31.9123 32.3115 9
      vertex 32.1869 32.0536 9
    endloop
  endfacet
  facet normal 0 0 1
    outer loop
      vertex 34.1289 36.5241 9
      vertex 31.6075 32.533 9
      vertex 31.9123 32.3115 9
    endloop
  endfacet
  facet normal 0 0 1
    outer loop
      vertex 32.9369 36.9114 9
      vertex 31.2773 32.7145 9
      vertex 31.6075 32.533 9
    endloop
  endfacet
  facet normal 0 0 1
    outer loop
      vertex 32.314 36.9901 9
      vertex 30.9271 32.8532 9
      vertex 31.2773 32.7145 9
    endloop
  endfacet
  facet normal 0 0 1
    outer loop
      vertex 32.314 36.9901 9
      vertex 30.5621 32.9469 9
      vertex 30.9271 32.8532 9
    endloop
  endfacet
  facet normal 0 0 1
    outer loop
      vertex 32.314 36.9901 9
      vertex 30.1884 32.9941 9
      vertex 30.5621 32.9469 9
    endloop
  endfacet
  facet normal 0 0 1
    outer loop
      vertex 32.314 36.9901 9
      vertex 29.8116 32.9941 9
      vertex 30.1884 32.9941 9
    endloop
  endfacet
  facet normal 0 0 1
    outer loop
      vertex 32.314 36.9901 9
      vertex 29.4379 32.9469 9
      vertex 29.8116 32.9941 9
    endloop
  endfacet
  facet normal 0 0 1
    outer loop
      vertex 32.314 36.9901 9
      vertex 29.0729 32.8532 9
      vertex 29.4379 32.9469 9
    endloop
  endfacet
  facet normal 0 0 1
    outer loop
      vertex 32.314 36.9901 9
      vertex 28.7227 32.7145 9
      vertex 29.0729 32.8532 9
    endloop
  endfacet
  facet normal 0 0 1
    outer loop
      vertex 32.314 36.9901 9
      vertex 28.3925 32.533 9
      vertex 28.7227 32.7145 9
    endloop
  endfacet
  facet normal 0 0 1
    outer loop
      vertex 32.314 36.9901 9
      vertex 28.0877 32.3115 9
      vertex 28.3925 32.533 9
    endloop
  endfacet
  facet normal 0 0 1
    outer loop
      vertex 32.314 36.9901 9
      vertex 27.8131 32.0536 9
      vertex 28.0877 32.3115 9
    endloop
  endfacet
  facet normal 0 0 1
    outer loop
      vertex 27.0942 -29.2539 9
      vertex -27 -30 9
      vertex 27.0237 -29.624 9
    endloop
  endfacet
  facet normal 0 0 1
    outer loop
      vertex 27.0237 30.376 9
      vertex -27 30 9
      vertex 27 30 9
    endloop
  endfacet
  facet normal 0 0 1
    outer loop
      vertex -27.0237 30.376 9
      vertex 27.0237 30.376 9
      vertex 27.0942 30.7461 9
    endloop
  endfacet
  facet normal 0 0 1
    outer loop
      vertex -27.0942 30.7461 9
      vertex 27.0942 30.7461 9
      vertex 27.2107 31.1044 9
    endloop
  endfacet
  facet normal 0 0 1
    outer loop
      vertex -27.2107 31.1044 9
      vertex 27.2107 31.1044 9
      vertex 27.3711 31.4453 9
    endloop
  endfacet
  facet normal 0 0 1
    outer loop
      vertex -27.3711 31.4453 9
      vertex 27.3711 31.4453 9
      vertex 27.5729 31.7634 9
    endloop
  endfacet
  facet normal 0 0 1
    outer loop
      vertex -27.5729 31.7634 9
      vertex 27.5729 31.7634 9
      vertex 27.8131 32.0536 9
    endloop
  endfacet
  facet normal 0 0 1
    outer loop
      vertex -27.8131 32.0536 9
      vertex 27.8131 32.0536 9
      vertex 32.314 36.9901 9
    endloop
  endfacet
  facet normal 0 0 1
    outer loop
      vertex 27.0237 30.376 9
      vertex -27.0237 30.376 9
      vertex -27 30 9
    endloop
  endfacet
  facet normal 0 0 1
    outer loop
      vertex 27.0942 30.7461 9
      vertex -27.0942 30.7461 9
      vertex -27.0237 30.376 9
    endloop
  endfacet
  facet normal 0 0 1
    outer loop
      vertex 27.2107 31.1044 9
      vertex -27.2107 31.1044 9
      vertex -27.0942 30.7461 9
    endloop
  endfacet
  facet normal 0 0 1
    outer loop
      vertex 27.3711 31.4453 9
      vertex -27.3711 31.4453 9
      vertex -27.2107 31.1044 9
    endloop
  endfacet
  facet normal 0 0 1
    outer loop
      vertex 27.5729 31.7634 9
      vertex -27.5729 31.7634 9
      vertex -27.3711 31.4453 9
    endloop
  endfacet
  facet normal 0 0 1
    outer loop
      vertex 27.8131 32.0536 9
      vertex -27.8131 32.0536 9
      vertex -27.5729 31.7634 9
    endloop
  endfacet
  facet normal 0 0 1
    outer loop
      vertex 32.314 36.9901 9
      vertex -28.0877 32.3115 9
      vertex -27.8131 32.0536 9
    endloop
  endfacet
  facet normal -0 0 1
    outer loop
      vertex -32.314 36.9901 9
      vertex -28.0877 32.3115 9
      vertex 32.314 36.9901 9
    endloop
  endfacet
  facet normal 0 0 1
    outer loop
      vertex -28.0877 32.3115 9
      vertex -32.314 36.9901 9
      vertex -28.3925 32.533 9
    endloop
  endfacet
  facet normal 0 0 1
    outer loop
      vertex -28.3925 32.533 9
      vertex -32.314 36.9901 9
      vertex -28.7227 32.7145 9
    endloop
  endfacet
  facet normal 0 0 1
    outer loop
      vertex -28.7227 32.7145 9
      vertex -32.314 36.9901 9
      vertex -29.0729 32.8532 9
    endloop
  endfacet
  facet normal 0 0 1
    outer loop
      vertex -29.0729 32.8532 9
      vertex -32.314 36.9901 9
      vertex -29.4379 32.9469 9
    endloop
  endfacet
  facet normal 0 0 1
    outer loop
      vertex -29.4379 32.9469 9
      vertex -32.314 36.9901 9
      vertex -29.8116 32.9941 9
    endloop
  endfacet
  facet normal 0 0 1
    outer loop
      vertex -29.8116 32.9941 9
      vertex -32.314 36.9901 9
      vertex -30.1884 32.9941 9
    endloop
  endfacet
  facet normal 0 0 1
    outer loop
      vertex -32.314 36.9901 9
      vertex -30.5621 32.9469 9
      vertex -30.1884 32.9941 9
    endloop
  endfacet
  facet normal 0 0 1
    outer loop
      vertex -32.314 36.9901 9
      vertex -30.9271 32.8532 9
      vertex -30.5621 32.9469 9
    endloop
  endfacet
  facet normal 0 0 1
    outer loop
      vertex -32.314 36.9901 9
      vertex -31.2773 32.7145 9
      vertex -30.9271 32.8532 9
    endloop
  endfacet
  facet normal -0 0 1
    outer loop
      vertex -32.9369 36.9114 9
      vertex -31.2773 32.7145 9
      vertex -32.314 36.9901 9
    endloop
  endfacet
  facet normal 0 0 1
    outer loop
      vertex -31.2773 32.7145 9
      vertex -32.9369 36.9114 9
      vertex -31.6075 32.533 9
    endloop
  endfacet
  facet normal -0 0 1
    outer loop
      vertex -33.5451 36.7553 9
      vertex -31.6075 32.533 9
      vertex -32.9369 36.9114 9
    endloop
  endfacet
  facet normal -0 0 1
    outer loop
      vertex -34.1289 36.5241 9
      vertex -31.6075 32.533 9
      vertex -33.5451 36.7553 9
    endloop
  endfacet
  facet normal 0 0 1
    outer loop
      vertex -31.6075 32.533 9
      vertex -34.1289 36.5241 9
      vertex -31.9123 32.3115 9
    endloop
  endfacet
  facet normal -0 0 1
    outer loop
      vertex -34.6791 36.2216 9
      vertex -31.9123 32.3115 9
      vertex -34.1289 36.5241 9
    endloop
  endfacet
  facet normal -0 0 1
    outer loop
      vertex -35.1871 35.8526 9
      vertex -31.9123 32.3115 9
      vertex -34.6791 36.2216 9
    endloop
  endfacet
  facet normal 0 0 1
    outer loop
      vertex -31.9123 32.3115 9
      vertex -35.1871 35.8526 9
      vertex -32.1869 32.0536 9
    endloop
  endfacet
  facet normal -0 0 1
    outer loop
      vertex -35.6448 35.4227 9
      vertex -32.1869 32.0536 9
      vertex -35.1871 35.8526 9
    endloop
  endfacet
  facet normal -0 0 1
    outer loop
      vertex -36.0451 34.9389 9
      vertex -32.1869 32.0536 9
      vertex -35.6448 35.4227 9
    endloop
  endfacet
  facet normal -0 0 1
    outer loop
      vertex -36.3815 34.4088 9
      vertex -32.4271 31.7634 9
      vertex -36.0451 34.9389 9
    endloop
  endfacet
  facet normal 0 0 1
    outer loop
      vertex -32.1869 32.0536 9
      vertex -36.0451 34.9389 9
      vertex -32.4271 31.7634 9
    endloop
  endfacet
  facet normal 0 0 1
    outer loop
      vertex 36.3815 -34.4088 9
      vertex 32.4271 -31.7634 9
      vertex 36.0451 -34.9389 9
    endloop
  endfacet
  facet normal -0 0 1
    outer loop
      vertex 32.1869 -32.0536 9
      vertex 36.0451 -34.9389 9
      vertex 32.4271 -31.7634 9
    endloop
  endfacet
  facet normal 0 0 1
    outer loop
      vertex 36.0451 -34.9389 9
      vertex 32.1869 -32.0536 9
      vertex 35.6448 -35.4227 9
    endloop
  endfacet
  facet normal 0 0 1
    outer loop
      vertex 35.6448 -35.4227 9
      vertex 32.1869 -32.0536 9
      vertex 35.1871 -35.8526 9
    endloop
  endfacet
  facet normal -0 0 1
    outer loop
      vertex 31.9123 -32.3115 9
      vertex 35.1871 -35.8526 9
      vertex 32.1869 -32.0536 9
    endloop
  endfacet
  facet normal 0 0 1
    outer loop
      vertex 35.1871 -35.8526 9
      vertex 31.9123 -32.3115 9
      vertex 34.6791 -36.2216 9
    endloop
  endfacet
  facet normal 0 0 1
    outer loop
      vertex 34.6791 -36.2216 9
      vertex 31.9123 -32.3115 9
      vertex 34.1289 -36.5241 9
    endloop
  endfacet
  facet normal -0 0 1
    outer loop
      vertex 31.6075 -32.533 9
      vertex 34.1289 -36.5241 9
      vertex 31.9123 -32.3115 9
    endloop
  endfacet
  facet normal 0 0 1
    outer loop
      vertex 34.1289 -36.5241 9
      vertex 31.6075 -32.533 9
      vertex 33.5451 -36.7553 9
    endloop
  endfacet
  facet normal 0 0 1
    outer loop
      vertex 33.5451 -36.7553 9
      vertex 31.6075 -32.533 9
      vertex 32.9369 -36.9114 9
    endloop
  endfacet
  facet normal -0 0 1
    outer loop
      vertex 31.2773 -32.7145 9
      vertex 32.9369 -36.9114 9
      vertex 31.6075 -32.533 9
    endloop
  endfacet
  facet normal 0 0 1
    outer loop
      vertex 32.9369 -36.9114 9
      vertex 31.2773 -32.7145 9
      vertex 32.314 -36.9901 9
    endloop
  endfacet
  facet normal -0 0 1
    outer loop
      vertex 30.9271 -32.8532 9
      vertex 32.314 -36.9901 9
      vertex 31.2773 -32.7145 9
    endloop
  endfacet
  facet normal -0 0 1
    outer loop
      vertex 30.5621 -32.9469 9
      vertex 32.314 -36.9901 9
      vertex 30.9271 -32.8532 9
    endloop
  endfacet
  facet normal -0 0 1
    outer loop
      vertex 30.1884 -32.9941 9
      vertex 32.314 -36.9901 9
      vertex 30.5621 -32.9469 9
    endloop
  endfacet
  facet normal -0 0 1
    outer loop
      vertex 29.8116 -32.9941 9
      vertex 32.314 -36.9901 9
      vertex 30.1884 -32.9941 9
    endloop
  endfacet
  facet normal 0 0 1
    outer loop
      vertex 29.4379 -32.9469 9
      vertex 32.314 -36.9901 9
      vertex 29.8116 -32.9941 9
    endloop
  endfacet
  facet normal 0 0 1
    outer loop
      vertex 29.0729 -32.8532 9
      vertex 32.314 -36.9901 9
      vertex 29.4379 -32.9469 9
    endloop
  endfacet
  facet normal 0 0 1
    outer loop
      vertex 28.7227 -32.7145 9
      vertex 32.314 -36.9901 9
      vertex 29.0729 -32.8532 9
    endloop
  endfacet
  facet normal 0 0 1
    outer loop
      vertex 28.3925 -32.533 9
      vertex 32.314 -36.9901 9
      vertex 28.7227 -32.7145 9
    endloop
  endfacet
  facet normal 0 0 1
    outer loop
      vertex 28.0877 -32.3115 9
      vertex 32.314 -36.9901 9
      vertex 28.3925 -32.533 9
    endloop
  endfacet
  facet normal 0 0 1
    outer loop
      vertex 27.8131 -32.0536 9
      vertex 32.314 -36.9901 9
      vertex 28.0877 -32.3115 9
    endloop
  endfacet
  facet normal 0 0 1
    outer loop
      vertex 27.0237 -29.624 9
      vertex -27 -30 9
      vertex 27 -30 9
    endloop
  endfacet
  facet normal 0 0 1
    outer loop
      vertex 27 -30 9
      vertex -27 -30 9
      vertex 27.0237 -30.376 9
    endloop
  endfacet
  facet normal 0 0 1
    outer loop
      vertex -27.0237 -30.376 9
      vertex 27.0237 -30.376 9
      vertex -27 -30 9
    endloop
  endfacet
  facet normal 0 0 1
    outer loop
      vertex 27.0237 -30.376 9
      vertex -27.0237 -30.376 9
      vertex 27.0942 -30.7461 9
    endloop
  endfacet
  facet normal 0 0 1
    outer loop
      vertex -27.0942 -30.7461 9
      vertex 27.0942 -30.7461 9
      vertex -27.0237 -30.376 9
    endloop
  endfacet
  facet normal 0 0 1
    outer loop
      vertex 27.0942 -30.7461 9
      vertex -27.0942 -30.7461 9
      vertex 27.2107 -31.1044 9
    endloop
  endfacet
  facet normal 0 0 1
    outer loop
      vertex -27.2107 -31.1044 9
      vertex 27.2107 -31.1044 9
      vertex -27.0942 -30.7461 9
    endloop
  endfacet
  facet normal 0 0 1
    outer loop
      vertex 27.2107 -31.1044 9
      vertex -27.2107 -31.1044 9
      vertex 27.3711 -31.4453 9
    endloop
  endfacet
  facet normal 0 0 1
    outer loop
      vertex -27.3711 -31.4453 9
      vertex 27.3711 -31.4453 9
      vertex -27.2107 -31.1044 9
    endloop
  endfacet
  facet normal 0 0 1
    outer loop
      vertex 27.3711 -31.4453 9
      vertex -27.3711 -31.4453 9
      vertex 27.5729 -31.7634 9
    endloop
  endfacet
  facet normal 0 0 1
    outer loop
      vertex -27.5729 -31.7634 9
      vertex 27.5729 -31.7634 9
      vertex -27.3711 -31.4453 9
    endloop
  endfacet
  facet normal 0 0 1
    outer loop
      vertex 27.5729 -31.7634 9
      vertex -27.5729 -31.7634 9
      vertex 27.8131 -32.0536 9
    endloop
  endfacet
  facet normal 0 0 1
    outer loop
      vertex -27.8131 -32.0536 9
      vertex 27.8131 -32.0536 9
      vertex -27.5729 -31.7634 9
    endloop
  endfacet
  facet normal 0 0 1
    outer loop
      vertex 27.8131 -32.0536 9
      vertex -27.8131 -32.0536 9
      vertex 32.314 -36.9901 9
    endloop
  endfacet
  facet normal -0 0 1
    outer loop
      vertex -28.0877 -32.3115 9
      vertex 32.314 -36.9901 9
      vertex -27.8131 -32.0536 9
    endloop
  endfacet
  facet normal 0 0 1
    outer loop
      vertex -32.314 -36.9901 9
      vertex -28.0877 -32.3115 9
      vertex -28.3925 -32.533 9
    endloop
  endfacet
  facet normal 0 0 1
    outer loop
      vertex -32.314 -36.9901 9
      vertex -28.3925 -32.533 9
      vertex -28.7227 -32.7145 9
    endloop
  endfacet
  facet normal 0 0 1
    outer loop
      vertex -32.314 -36.9901 9
      vertex -28.7227 -32.7145 9
      vertex -29.0729 -32.8532 9
    endloop
  endfacet
  facet normal 0 0 1
    outer loop
      vertex -32.314 -36.9901 9
      vertex -29.0729 -32.8532 9
      vertex -29.4379 -32.9469 9
    endloop
  endfacet
  facet normal 0 0 1
    outer loop
      vertex -32.314 -36.9901 9
      vertex -29.4379 -32.9469 9
      vertex -29.8116 -32.9941 9
    endloop
  endfacet
  facet normal 0 0 1
    outer loop
      vertex -32.314 -36.9901 9
      vertex -29.8116 -32.9941 9
      vertex -30.1884 -32.9941 9
    endloop
  endfacet
  facet normal 0 0 1
    outer loop
      vertex -28.0877 -32.3115 9
      vertex -32.314 -36.9901 9
      vertex 32.314 -36.9901 9
    endloop
  endfacet
  facet normal 0 0 1
    outer loop
      vertex -30.5621 -32.9469 9
      vertex -32.314 -36.9901 9
      vertex -30.1884 -32.9941 9
    endloop
  endfacet
  facet normal 0 0 1
    outer loop
      vertex -30.9271 -32.8532 9
      vertex -32.314 -36.9901 9
      vertex -30.5621 -32.9469 9
    endloop
  endfacet
  facet normal 0 0 1
    outer loop
      vertex -31.2773 -32.7145 9
      vertex -32.314 -36.9901 9
      vertex -30.9271 -32.8532 9
    endloop
  endfacet
  facet normal 0 0 1
    outer loop
      vertex -32.9369 -36.9114 9
      vertex -31.2773 -32.7145 9
      vertex -31.6075 -32.533 9
    endloop
  endfacet
  facet normal 0 0 1
    outer loop
      vertex -34.1289 -36.5241 9
      vertex -31.6075 -32.533 9
      vertex -31.9123 -32.3115 9
    endloop
  endfacet
  facet normal 0 0 1
    outer loop
      vertex -35.1871 -35.8526 9
      vertex -31.9123 -32.3115 9
      vertex -32.1869 -32.0536 9
    endloop
  endfacet
  facet normal 0 0 1
    outer loop
      vertex -36.0451 -34.9389 9
      vertex -32.1869 -32.0536 9
      vertex -32.4271 -31.7634 9
    endloop
  endfacet
  facet normal 0 0 1
    outer loop
      vertex -36.6489 -33.8406 9
      vertex -32.4271 -31.7634 9
      vertex -32.6289 -31.4453 9
    endloop
  endfacet
  facet normal 0 0 1
    outer loop
      vertex -36.9606 -32.6267 9
      vertex -32.6289 -31.4453 9
      vertex -32.7893 -31.1044 9
    endloop
  endfacet
  facet normal 0 0 1
    outer loop
      vertex -37 -32 9
      vertex -32.7893 -31.1044 9
      vertex -32.9058 -30.7461 9
    endloop
  endfacet
  facet normal 0 0 1
    outer loop
      vertex -31.2773 -32.7145 9
      vertex -32.9369 -36.9114 9
      vertex -32.314 -36.9901 9
    endloop
  endfacet
  facet normal 0 0 1
    outer loop
      vertex -37 -32 9
      vertex -32.9058 -30.7461 9
      vertex -32.9763 -30.376 9
    endloop
  endfacet
  facet normal 0 0 1
    outer loop
      vertex -37 -32 9
      vertex -32.9763 -30.376 9
      vertex -33 -30 9
    endloop
  endfacet
  facet normal 0 0 1
    outer loop
      vertex -31.6075 -32.533 9
      vertex -33.5451 -36.7553 9
      vertex -32.9369 -36.9114 9
    endloop
  endfacet
  facet normal 0 0 1
    outer loop
      vertex -32.9058 -29.2539 9
      vertex -37 -32 9
      vertex -32.9763 -29.624 9
    endloop
  endfacet
  facet normal -0 0 1
    outer loop
      vertex -36.6489 33.8406 9
      vertex -32.4271 31.7634 9
      vertex -36.3815 34.4088 9
    endloop
  endfacet
  facet normal 0 0 1
    outer loop
      vertex -32.9763 -29.624 9
      vertex -37 -32 9
      vertex -33 -30 9
    endloop
  endfacet
  facet normal 0 0 1
    outer loop
      vertex -32.4271 31.7634 9
      vertex -36.6489 33.8406 9
      vertex -32.6289 31.4453 9
    endloop
  endfacet
  facet normal 0 0 1
    outer loop
      vertex -32.7893 -31.1044 9
      vertex -37 -32 9
      vertex -36.9606 -32.6267 9
    endloop
  endfacet
  facet normal -0 0 1
    outer loop
      vertex -36.8429 33.2435 9
      vertex -32.6289 31.4453 9
      vertex -36.6489 33.8406 9
    endloop
  endfacet
  facet normal 0 0 1
    outer loop
      vertex -31.6075 -32.533 9
      vertex -34.1289 -36.5241 9
      vertex -33.5451 -36.7553 9
    endloop
  endfacet
  facet normal -0 0 1
    outer loop
      vertex -36.9606 32.6267 9
      vertex -32.6289 31.4453 9
      vertex -36.8429 33.2435 9
    endloop
  endfacet
  facet normal 0 0 1
    outer loop
      vertex -31.9123 -32.3115 9
      vertex -34.6791 -36.2216 9
      vertex -34.1289 -36.5241 9
    endloop
  endfacet
  facet normal 0 0 1
    outer loop
      vertex -32.6289 31.4453 9
      vertex -36.9606 32.6267 9
      vertex -32.7893 31.1044 9
    endloop
  endfacet
  facet normal 0 0 1
    outer loop
      vertex -31.9123 -32.3115 9
      vertex -35.1871 -35.8526 9
      vertex -34.6791 -36.2216 9
    endloop
  endfacet
  facet normal -0 0 1
    outer loop
      vertex -37 32 9
      vertex -32.7893 31.1044 9
      vertex -36.9606 32.6267 9
    endloop
  endfacet
  facet normal 0 0 1
    outer loop
      vertex -32.1869 -32.0536 9
      vertex -35.6448 -35.4227 9
      vertex -35.1871 -35.8526 9
    endloop
  endfacet
  facet normal 0 0 1
    outer loop
      vertex -32.7893 31.1044 9
      vertex -37 32 9
      vertex -32.9058 30.7461 9
    endloop
  endfacet
  facet normal 0 0 1
    outer loop
      vertex -32.1869 -32.0536 9
      vertex -36.0451 -34.9389 9
      vertex -35.6448 -35.4227 9
    endloop
  endfacet
  facet normal 0 0 1
    outer loop
      vertex -32.9058 30.7461 9
      vertex -37 32 9
      vertex -32.9763 30.376 9
    endloop
  endfacet
  facet normal 0 0 1
    outer loop
      vertex -32.4271 -31.7634 9
      vertex -36.3815 -34.4088 9
      vertex -36.0451 -34.9389 9
    endloop
  endfacet
  facet normal 0 0 1
    outer loop
      vertex -32.9763 30.376 9
      vertex -37 32 9
      vertex -33 30 9
    endloop
  endfacet
  facet normal 0 0 1
    outer loop
      vertex -32.4271 -31.7634 9
      vertex -36.6489 -33.8406 9
      vertex -36.3815 -34.4088 9
    endloop
  endfacet
  facet normal 0 0 1
    outer loop
      vertex -32.6289 -31.4453 9
      vertex -36.8429 -33.2435 9
      vertex -36.6489 -33.8406 9
    endloop
  endfacet
  facet normal 0 0 1
    outer loop
      vertex -32.6289 -31.4453 9
      vertex -36.9606 -32.6267 9
      vertex -36.8429 -33.2435 9
    endloop
  endfacet
  facet normal -0.951061 -0.309003 0
    outer loop
      vertex -36.6489 -33.8406 0
      vertex -36.8429 -33.2435 9
      vertex -36.8429 -33.2435 0
    endloop
  endfacet
  facet normal -0.951061 -0.309003 0
    outer loop
      vertex -36.8429 -33.2435 9
      vertex -36.6489 -33.8406 0
      vertex -36.6489 -33.8406 9
    endloop
  endfacet
  facet normal -0.770462 -0.637486 0
    outer loop
      vertex -35.6448 -35.4227 0
      vertex -36.0451 -34.9389 9
      vertex -36.0451 -34.9389 0
    endloop
  endfacet
  facet normal -0.770462 -0.637486 0
    outer loop
      vertex -36.0451 -34.9389 9
      vertex -35.6448 -35.4227 0
      vertex -35.6448 -35.4227 9
    endloop
  endfacet
  facet normal -0.481784 0.87629 0
    outer loop
      vertex -34.1289 36.5241 0
      vertex -34.6791 36.2216 9
      vertex -34.1289 36.5241 9
    endloop
  endfacet
  facet normal -0.481784 0.87629 0
    outer loop
      vertex -34.6791 36.2216 9
      vertex -34.1289 36.5241 0
      vertex -34.6791 36.2216 0
    endloop
  endfacet
  facet normal -0.587698 0.80908 0
    outer loop
      vertex -34.6791 36.2216 0
      vertex -35.1871 35.8526 9
      vertex -34.6791 36.2216 9
    endloop
  endfacet
  facet normal -0.587698 0.80908 0
    outer loop
      vertex -35.1871 35.8526 9
      vertex -34.6791 36.2216 0
      vertex -35.1871 35.8526 0
    endloop
  endfacet
  facet normal 0.248601 0.968606 -0
    outer loop
      vertex 33.5451 36.7553 0
      vertex 32.9369 36.9114 9
      vertex 33.5451 36.7553 9
    endloop
  endfacet
  facet normal 0.248601 0.968606 0
    outer loop
      vertex 32.9369 36.9114 9
      vertex 33.5451 36.7553 0
      vertex 32.9369 36.9114 0
    endloop
  endfacet
  facet normal 0.481784 0.87629 -0
    outer loop
      vertex 34.6791 36.2216 0
      vertex 34.1289 36.5241 9
      vertex 34.6791 36.2216 9
    endloop
  endfacet
  facet normal 0.481784 0.87629 0
    outer loop
      vertex 34.1289 36.5241 9
      vertex 34.6791 36.2216 0
      vertex 34.1289 36.5241 0
    endloop
  endfacet
  facet normal -0.248601 -0.968606 0
    outer loop
      vertex -33.5451 -36.7553 0
      vertex -32.9369 -36.9114 9
      vertex -33.5451 -36.7553 9
    endloop
  endfacet
  facet normal -0.248601 -0.968606 -0
    outer loop
      vertex -32.9369 -36.9114 9
      vertex -33.5451 -36.7553 0
      vertex -32.9369 -36.9114 0
    endloop
  endfacet
  facet normal -0.951061 0.309003 0
    outer loop
      vertex -36.8429 33.2435 0
      vertex -36.6489 33.8406 9
      vertex -36.6489 33.8406 0
    endloop
  endfacet
  facet normal -0.951061 0.309003 0
    outer loop
      vertex -36.6489 33.8406 9
      vertex -36.8429 33.2435 0
      vertex -36.8429 33.2435 9
    endloop
  endfacet
  facet normal -0.770462 0.637486 0
    outer loop
      vertex -36.0451 34.9389 0
      vertex -35.6448 35.4227 9
      vertex -35.6448 35.4227 0
    endloop
  endfacet
  facet normal -0.770462 0.637486 0
    outer loop
      vertex -35.6448 35.4227 9
      vertex -36.0451 34.9389 0
      vertex -36.0451 34.9389 9
    endloop
  endfacet
  facet normal -0.481784 -0.87629 0
    outer loop
      vertex -34.6791 -36.2216 0
      vertex -34.1289 -36.5241 9
      vertex -34.6791 -36.2216 9
    endloop
  endfacet
  facet normal -0.481784 -0.87629 -0
    outer loop
      vertex -34.1289 -36.5241 9
      vertex -34.6791 -36.2216 0
      vertex -34.1289 -36.5241 0
    endloop
  endfacet
  facet normal 0.951061 -0.309003 0
    outer loop
      vertex 36.6489 -33.8406 9
      vertex 36.8429 -33.2435 0
      vertex 36.8429 -33.2435 9
    endloop
  endfacet
  facet normal 0.951061 -0.309003 0
    outer loop
      vertex 36.8429 -33.2435 0
      vertex 36.6489 -33.8406 9
      vertex 36.6489 -33.8406 0
    endloop
  endfacet
  facet normal 0.982276 -0.187441 0
    outer loop
      vertex 36.8429 -33.2435 9
      vertex 36.9606 -32.6267 0
      vertex 36.9606 -32.6267 9
    endloop
  endfacet
  facet normal 0.982276 -0.187441 0
    outer loop
      vertex 36.9606 -32.6267 0
      vertex 36.8429 -33.2435 9
      vertex 36.8429 -33.2435 0
    endloop
  endfacet
  facet normal 0.99803 -0.0627451 0
    outer loop
      vertex 36.9606 -32.6267 9
      vertex 37 -32 0
      vertex 37 -32 9
    endloop
  endfacet
  facet normal 0.99803 -0.0627451 0
    outer loop
      vertex 37 -32 0
      vertex 36.9606 -32.6267 9
      vertex 36.9606 -32.6267 0
    endloop
  endfacet
  facet normal 0.481784 -0.87629 0
    outer loop
      vertex 34.1289 -36.5241 0
      vertex 34.6791 -36.2216 9
      vertex 34.1289 -36.5241 9
    endloop
  endfacet
  facet normal 0.481784 -0.87629 0
    outer loop
      vertex 34.6791 -36.2216 9
      vertex 34.1289 -36.5241 0
      vertex 34.6791 -36.2216 0
    endloop
  endfacet
  facet normal 0.684624 -0.728896 0
    outer loop
      vertex 35.1871 -35.8526 0
      vertex 35.6448 -35.4227 9
      vertex 35.1871 -35.8526 9
    endloop
  endfacet
  facet normal 0.684624 -0.728896 0
    outer loop
      vertex 35.6448 -35.4227 9
      vertex 35.1871 -35.8526 0
      vertex 35.6448 -35.4227 0
    endloop
  endfacet
  facet normal 0.368203 -0.929745 0
    outer loop
      vertex 33.5451 -36.7553 0
      vertex 34.1289 -36.5241 9
      vertex 33.5451 -36.7553 9
    endloop
  endfacet
  facet normal 0.368203 -0.929745 0
    outer loop
      vertex 34.1289 -36.5241 9
      vertex 33.5451 -36.7553 0
      vertex 34.1289 -36.5241 0
    endloop
  endfacet
  facet normal 0.125348 -0.992113 0
    outer loop
      vertex 32.314 -36.9901 0
      vertex 32.9369 -36.9114 9
      vertex 32.314 -36.9901 9
    endloop
  endfacet
  facet normal 0.125348 -0.992113 0
    outer loop
      vertex 32.9369 -36.9114 9
      vertex 32.314 -36.9901 0
      vertex 32.9369 -36.9114 0
    endloop
  endfacet
  facet normal 0.844336 0.535814 0
    outer loop
      vertex 36.3815 34.4088 9
      vertex 36.0451 34.9389 0
      vertex 36.0451 34.9389 9
    endloop
  endfacet
  facet normal 0.844336 0.535814 0
    outer loop
      vertex 36.0451 34.9389 0
      vertex 36.3815 34.4088 9
      vertex 36.3815 34.4088 0
    endloop
  endfacet
  facet normal 0.904811 0.425812 0
    outer loop
      vertex 36.6489 33.8406 9
      vertex 36.3815 34.4088 0
      vertex 36.3815 34.4088 9
    endloop
  endfacet
  facet normal 0.904811 0.425812 0
    outer loop
      vertex 36.3815 34.4088 0
      vertex 36.6489 33.8406 9
      vertex 36.6489 33.8406 0
    endloop
  endfacet
  facet normal 0.982276 0.187441 0
    outer loop
      vertex 36.9606 32.6267 9
      vertex 36.8429 33.2435 0
      vertex 36.8429 33.2435 9
    endloop
  endfacet
  facet normal 0.982276 0.187441 0
    outer loop
      vertex 36.8429 33.2435 0
      vertex 36.9606 32.6267 9
      vertex 36.9606 32.6267 0
    endloop
  endfacet
  facet normal 0.99803 0.0627451 0
    outer loop
      vertex 37 32 9
      vertex 36.9606 32.6267 0
      vertex 36.9606 32.6267 9
    endloop
  endfacet
  facet normal 0.99803 0.0627451 0
    outer loop
      vertex 36.9606 32.6267 0
      vertex 37 32 9
      vertex 37 32 0
    endloop
  endfacet
  facet normal 0 0 -1
    outer loop
      vertex 27.3711 -28.5547 0
      vertex -27.3711 -28.5547 0
      vertex 27.5729 -28.2366 0
    endloop
  endfacet
  facet normal 0 0 -1
    outer loop
      vertex 27.8131 27.9464 0
      vertex -27.0237 29.624 0
      vertex -27 30 0
    endloop
  endfacet
  facet normal 0 0 -1
    outer loop
      vertex -27.5729 -28.2366 0
      vertex 27.5729 -28.2366 0
      vertex -27.3711 -28.5547 0
    endloop
  endfacet
  facet normal 0 0 -1
    outer loop
      vertex 27.8131 27.9464 0
      vertex -27.0942 29.2539 0
      vertex -27.0237 29.624 0
    endloop
  endfacet
  facet normal 0 0 -1
    outer loop
      vertex 27.5729 -28.2366 0
      vertex -27.5729 -28.2366 0
      vertex 27.8131 -27.9464 0
    endloop
  endfacet
  facet normal 0 0 -1
    outer loop
      vertex 27.8131 27.9464 0
      vertex -27.2107 28.8956 0
      vertex -27.0942 29.2539 0
    endloop
  endfacet
  facet normal 0 0 -1
    outer loop
      vertex -27.8131 -27.9464 0
      vertex 27.8131 -27.9464 0
      vertex -27.5729 -28.2366 0
    endloop
  endfacet
  facet normal 0 0 -1
    outer loop
      vertex 27.8131 27.9464 0
      vertex -27.3711 28.5547 0
      vertex -27.2107 28.8956 0
    endloop
  endfacet
  facet normal 0 0 -1
    outer loop
      vertex 27.8131 -27.9464 0
      vertex -27.8131 -27.9464 0
      vertex 27.8131 27.9464 0
    endloop
  endfacet
  facet normal 0 0 -1
    outer loop
      vertex 27.8131 27.9464 0
      vertex -27.5729 28.2366 0
      vertex -27.3711 28.5547 0
    endloop
  endfacet
  facet normal 0 0 -1
    outer loop
      vertex -27.8131 27.9464 0
      vertex 27.8131 27.9464 0
      vertex -27.8131 -27.9464 0
    endloop
  endfacet
  facet normal 0 0 -1
    outer loop
      vertex 27.8131 27.9464 0
      vertex -27.8131 27.9464 0
      vertex -27.5729 28.2366 0
    endloop
  endfacet
  facet normal 0 0 -1
    outer loop
      vertex -28.0877 -27.6885 0
      vertex -27.8131 27.9464 0
      vertex -27.8131 -27.9464 0
    endloop
  endfacet
  facet normal 0 0 -1
    outer loop
      vertex -28.0877 -27.6885 0
      vertex -28.0877 27.6885 0
      vertex -27.8131 27.9464 0
    endloop
  endfacet
  facet normal 0 0 -1
    outer loop
      vertex -28.3925 -27.467 0
      vertex -28.0877 27.6885 0
      vertex -28.0877 -27.6885 0
    endloop
  endfacet
  facet normal 0 0 -1
    outer loop
      vertex -28.3925 -27.467 0
      vertex -28.3925 27.467 0
      vertex -28.0877 27.6885 0
    endloop
  endfacet
  facet normal 0 0 -1
    outer loop
      vertex -28.7227 -27.2855 0
      vertex -28.3925 27.467 0
      vertex -28.3925 -27.467 0
    endloop
  endfacet
  facet normal 0 0 -1
    outer loop
      vertex -28.7227 -27.2855 0
      vertex -28.7227 27.2855 0
      vertex -28.3925 27.467 0
    endloop
  endfacet
  facet normal 0 0 -1
    outer loop
      vertex -29.0729 -27.1468 0
      vertex -28.7227 27.2855 0
      vertex -28.7227 -27.2855 0
    endloop
  endfacet
  facet normal 0 0 -1
    outer loop
      vertex -29.0729 -27.1468 0
      vertex -29.0729 27.1468 0
      vertex -28.7227 27.2855 0
    endloop
  endfacet
  facet normal 0 0 -1
    outer loop
      vertex -29.4379 -27.0531 0
      vertex -29.0729 27.1468 0
      vertex -29.0729 -27.1468 0
    endloop
  endfacet
  facet normal 0 0 -1
    outer loop
      vertex -29.4379 -27.0531 0
      vertex -29.4379 27.0531 0
      vertex -29.0729 27.1468 0
    endloop
  endfacet
  facet normal 0 0 -1
    outer loop
      vertex -29.8116 -27.0059 0
      vertex -29.4379 27.0531 0
      vertex -29.4379 -27.0531 0
    endloop
  endfacet
  facet normal 0 0 -1
    outer loop
      vertex -29.8116 -27.0059 0
      vertex -29.8116 27.0059 0
      vertex -29.4379 27.0531 0
    endloop
  endfacet
  facet normal 0 0 -1
    outer loop
      vertex -30.1884 -27.0059 0
      vertex -29.8116 27.0059 0
      vertex -29.8116 -27.0059 0
    endloop
  endfacet
  facet normal 0 0 -1
    outer loop
      vertex -30.1884 -27.0059 0
      vertex -30.1884 27.0059 0
      vertex -29.8116 27.0059 0
    endloop
  endfacet
  facet normal 0 0 -1
    outer loop
      vertex -30.5621 -27.0531 0
      vertex -30.1884 27.0059 0
      vertex -30.1884 -27.0059 0
    endloop
  endfacet
  facet normal 0 0 -1
    outer loop
      vertex -30.5621 -27.0531 0
      vertex -30.5621 27.0531 0
      vertex -30.1884 27.0059 0
    endloop
  endfacet
  facet normal 0 0 -1
    outer loop
      vertex -30.9271 -27.1468 0
      vertex -30.5621 27.0531 0
      vertex -30.5621 -27.0531 0
    endloop
  endfacet
  facet normal 0 0 -1
    outer loop
      vertex -30.9271 -27.1468 0
      vertex -30.9271 27.1468 0
      vertex -30.5621 27.0531 0
    endloop
  endfacet
  facet normal 0 0 -1
    outer loop
      vertex -31.2773 -27.2855 0
      vertex -30.9271 27.1468 0
      vertex -30.9271 -27.1468 0
    endloop
  endfacet
  facet normal 0 0 -1
    outer loop
      vertex -31.2773 -27.2855 0
      vertex -31.2773 27.2855 0
      vertex -30.9271 27.1468 0
    endloop
  endfacet
  facet normal 0 0 -1
    outer loop
      vertex -31.6075 -27.467 0
      vertex -31.2773 27.2855 0
      vertex -31.2773 -27.2855 0
    endloop
  endfacet
  facet normal 0 0 -1
    outer loop
      vertex -31.6075 -27.467 0
      vertex -31.6075 27.467 0
      vertex -31.2773 27.2855 0
    endloop
  endfacet
  facet normal 0 0 -1
    outer loop
      vertex -31.9123 -27.6885 0
      vertex -31.6075 27.467 0
      vertex -31.6075 -27.467 0
    endloop
  endfacet
  facet normal 0 0 -1
    outer loop
      vertex -31.9123 -27.6885 0
      vertex -31.9123 27.6885 0
      vertex -31.6075 27.467 0
    endloop
  endfacet
  facet normal 0 0 -1
    outer loop
      vertex -32.1869 -27.9464 0
      vertex -31.9123 27.6885 0
      vertex -31.9123 -27.6885 0
    endloop
  endfacet
  facet normal 0 0 -1
    outer loop
      vertex -32.1869 -27.9464 0
      vertex -32.1869 27.9464 0
      vertex -31.9123 27.6885 0
    endloop
  endfacet
  facet normal 0 0 -1
    outer loop
      vertex -37 -32 0
      vertex -32.1869 -27.9464 0
      vertex -32.4271 -28.2366 0
    endloop
  endfacet
  facet normal -0 0 -1
    outer loop
      vertex -32.1869 -27.9464 0
      vertex -37 -32 0
      vertex -32.1869 27.9464 0
    endloop
  endfacet
  facet normal 0 0 -1
    outer loop
      vertex -37 -32 0
      vertex -32.4271 -28.2366 0
      vertex -32.6289 -28.5547 0
    endloop
  endfacet
  facet normal 0 0 -1
    outer loop
      vertex -37 32 0
      vertex -32.1869 27.9464 0
      vertex -37 -32 0
    endloop
  endfacet
  facet normal 0 0 -1
    outer loop
      vertex -37 -32 0
      vertex -32.6289 -28.5547 0
      vertex -32.7893 -28.8956 0
    endloop
  endfacet
  facet normal 0 0 -1
    outer loop
      vertex -32.1869 27.9464 0
      vertex -37 32 0
      vertex -32.4271 28.2366 0
    endloop
  endfacet
  facet normal 0 0 -1
    outer loop
      vertex -37 -32 0
      vertex -32.7893 -28.8956 0
      vertex -32.9058 -29.2539 0
    endloop
  endfacet
  facet normal 0 0 -1
    outer loop
      vertex -32.4271 28.2366 0
      vertex -37 32 0
      vertex -32.6289 28.5547 0
    endloop
  endfacet
  facet normal 0 0 -1
    outer loop
      vertex -37 -32 0
      vertex -32.9058 -29.2539 0
      vertex -32.9763 -29.624 0
    endloop
  endfacet
  facet normal 0 0 -1
    outer loop
      vertex -32.6289 28.5547 0
      vertex -37 32 0
      vertex -32.7893 28.8956 0
    endloop
  endfacet
  facet normal 0 0 -1
    outer loop
      vertex -37 -32 0
      vertex -32.9763 -29.624 0
      vertex -33 -30 0
    endloop
  endfacet
  facet normal 0 0 -1
    outer loop
      vertex -32.7893 28.8956 0
      vertex -37 32 0
      vertex -32.9058 29.2539 0
    endloop
  endfacet
  facet normal 0 0 -1
    outer loop
      vertex 32.7893 -28.8956 0
      vertex 37 -32 0
      vertex 32.9058 -29.2539 0
    endloop
  endfacet
  facet normal 0 0 -1
    outer loop
      vertex 37 32 0
      vertex 32.9763 29.624 0
      vertex 33 30 0
    endloop
  endfacet
  facet normal 0 0 -1
    outer loop
      vertex 32.6289 -28.5547 0
      vertex 37 -32 0
      vertex 32.7893 -28.8956 0
    endloop
  endfacet
  facet normal 0 0 -1
    outer loop
      vertex 37 32 0
      vertex 32.9058 29.2539 0
      vertex 32.9763 29.624 0
    endloop
  endfacet
  facet normal 0 0 -1
    outer loop
      vertex 32.4271 -28.2366 0
      vertex 37 -32 0
      vertex 32.6289 -28.5547 0
    endloop
  endfacet
  facet normal 0 0 -1
    outer loop
      vertex 37 32 0
      vertex 32.7893 28.8956 0
      vertex 32.9058 29.2539 0
    endloop
  endfacet
  facet normal 0 0 -1
    outer loop
      vertex 32.1869 -27.9464 0
      vertex 37 -32 0
      vertex 32.4271 -28.2366 0
    endloop
  endfacet
  facet normal 0 0 -1
    outer loop
      vertex 37 32 0
      vertex 32.6289 28.5547 0
      vertex 32.7893 28.8956 0
    endloop
  endfacet
  facet normal 0 0 -1
    outer loop
      vertex 37 -32 0
      vertex 32.1869 -27.9464 0
      vertex 37 32 0
    endloop
  endfacet
  facet normal 0 0 -1
    outer loop
      vertex 37 32 0
      vertex 32.4271 28.2366 0
      vertex 32.6289 28.5547 0
    endloop
  endfacet
  facet normal 0 0 -1
    outer loop
      vertex 32.1869 27.9464 0
      vertex 37 32 0
      vertex 32.1869 -27.9464 0
    endloop
  endfacet
  facet normal 0 0 -1
    outer loop
      vertex 37 32 0
      vertex 32.1869 27.9464 0
      vertex 32.4271 28.2366 0
    endloop
  endfacet
  facet normal 0 0 -1
    outer loop
      vertex 31.9123 -27.6885 0
      vertex 32.1869 27.9464 0
      vertex 32.1869 -27.9464 0
    endloop
  endfacet
  facet normal 0 0 -1
    outer loop
      vertex 31.9123 -27.6885 0
      vertex 31.9123 27.6885 0
      vertex 32.1869 27.9464 0
    endloop
  endfacet
  facet normal 0 0 -1
    outer loop
      vertex 31.6075 -27.467 0
      vertex 31.9123 27.6885 0
      vertex 31.9123 -27.6885 0
    endloop
  endfacet
  facet normal 0 0 -1
    outer loop
      vertex 31.6075 -27.467 0
      vertex 31.6075 27.467 0
      vertex 31.9123 27.6885 0
    endloop
  endfacet
  facet normal 0 0 -1
    outer loop
      vertex 31.2773 -27.2855 0
      vertex 31.6075 27.467 0
      vertex 31.6075 -27.467 0
    endloop
  endfacet
  facet normal 0 0 -1
    outer loop
      vertex 31.2773 -27.2855 0
      vertex 31.2773 27.2855 0
      vertex 31.6075 27.467 0
    endloop
  endfacet
  facet normal 0 0 -1
    outer loop
      vertex 30.9271 -27.1468 0
      vertex 31.2773 27.2855 0
      vertex 31.2773 -27.2855 0
    endloop
  endfacet
  facet normal 0 0 -1
    outer loop
      vertex 30.9271 -27.1468 0
      vertex 30.9271 27.1468 0
      vertex 31.2773 27.2855 0
    endloop
  endfacet
  facet normal 0 0 -1
    outer loop
      vertex 30.5621 -27.0531 0
      vertex 30.9271 27.1468 0
      vertex 30.9271 -27.1468 0
    endloop
  endfacet
  facet normal 0 0 -1
    outer loop
      vertex 30.5621 -27.0531 0
      vertex 30.5621 27.0531 0
      vertex 30.9271 27.1468 0
    endloop
  endfacet
  facet normal 0 0 -1
    outer loop
      vertex 30.1884 -27.0059 0
      vertex 30.5621 27.0531 0
      vertex 30.5621 -27.0531 0
    endloop
  endfacet
  facet normal 0 0 -1
    outer loop
      vertex 30.1884 -27.0059 0
      vertex 30.1884 27.0059 0
      vertex 30.5621 27.0531 0
    endloop
  endfacet
  facet normal 0 0 -1
    outer loop
      vertex 29.8116 -27.0059 0
      vertex 30.1884 27.0059 0
      vertex 30.1884 -27.0059 0
    endloop
  endfacet
  facet normal 0 0 -1
    outer loop
      vertex 29.8116 -27.0059 0
      vertex 29.8116 27.0059 0
      vertex 30.1884 27.0059 0
    endloop
  endfacet
  facet normal 0 0 -1
    outer loop
      vertex 29.4379 -27.0531 0
      vertex 29.8116 27.0059 0
      vertex 29.8116 -27.0059 0
    endloop
  endfacet
  facet normal 0 0 -1
    outer loop
      vertex 29.4379 -27.0531 0
      vertex 29.4379 27.0531 0
      vertex 29.8116 27.0059 0
    endloop
  endfacet
  facet normal 0 0 -1
    outer loop
      vertex 29.0729 -27.1468 0
      vertex 29.4379 27.0531 0
      vertex 29.4379 -27.0531 0
    endloop
  endfacet
  facet normal 0 0 -1
    outer loop
      vertex 29.0729 -27.1468 0
      vertex 29.0729 27.1468 0
      vertex 29.4379 27.0531 0
    endloop
  endfacet
  facet normal 0 0 -1
    outer loop
      vertex 28.7227 -27.2855 0
      vertex 29.0729 27.1468 0
      vertex 29.0729 -27.1468 0
    endloop
  endfacet
  facet normal 0 0 -1
    outer loop
      vertex 28.7227 -27.2855 0
      vertex 28.7227 27.2855 0
      vertex 29.0729 27.1468 0
    endloop
  endfacet
  facet normal 0 0 -1
    outer loop
      vertex 28.3925 -27.467 0
      vertex 28.7227 27.2855 0
      vertex 28.7227 -27.2855 0
    endloop
  endfacet
  facet normal 0 0 -1
    outer loop
      vertex 28.3925 -27.467 0
      vertex 28.3925 27.467 0
      vertex 28.7227 27.2855 0
    endloop
  endfacet
  facet normal 0 0 -1
    outer loop
      vertex 28.0877 -27.6885 0
      vertex 28.3925 27.467 0
      vertex 28.3925 -27.467 0
    endloop
  endfacet
  facet normal 0 0 -1
    outer loop
      vertex 28.0877 -27.6885 0
      vertex 28.0877 27.6885 0
      vertex 28.3925 27.467 0
    endloop
  endfacet
  facet normal 0 0 -1
    outer loop
      vertex 27.8131 -27.9464 0
      vertex 28.0877 27.6885 0
      vertex 28.0877 -27.6885 0
    endloop
  endfacet
  facet normal 0 0 -1
    outer loop
      vertex 27.8131 -27.9464 0
      vertex 27.8131 27.9464 0
      vertex 28.0877 27.6885 0
    endloop
  endfacet
  facet normal 0 0 -1
    outer loop
      vertex -27.2107 -28.8956 0
      vertex 27.2107 -28.8956 0
      vertex -27.0942 -29.2539 0
    endloop
  endfacet
  facet normal 0 0 -1
    outer loop
      vertex 27.2107 -28.8956 0
      vertex -27.2107 -28.8956 0
      vertex 27.3711 -28.5547 0
    endloop
  endfacet
  facet normal 0 0 -1
    outer loop
      vertex 27.0942 -29.2539 0
      vertex -27.0942 -29.2539 0
      vertex 27.2107 -28.8956 0
    endloop
  endfacet
  facet normal 0 0 -1
    outer loop
      vertex -27.3711 -28.5547 0
      vertex 27.3711 -28.5547 0
      vertex -27.2107 -28.8956 0
    endloop
  endfacet
  facet normal 0 0 -1
    outer loop
      vertex -27.0942 -29.2539 0
      vertex 27.0942 -29.2539 0
      vertex -27.0237 -29.624 0
    endloop
  endfacet
  facet normal 0 0 -1
    outer loop
      vertex 27.8131 27.9464 0
      vertex -27 30 0
      vertex 27.5729 28.2366 0
    endloop
  endfacet
  facet normal 0 0 -1
    outer loop
      vertex 27.0237 -29.624 0
      vertex -27.0237 -29.624 0
      vertex 27.0942 -29.2539 0
    endloop
  endfacet
  facet normal 0 0 -1
    outer loop
      vertex 27.5729 28.2366 0
      vertex -27 30 0
      vertex 27.3711 28.5547 0
    endloop
  endfacet
  facet normal 0 0 -1
    outer loop
      vertex -27.0237 -29.624 0
      vertex 27.0237 -29.624 0
      vertex -27 -30 0
    endloop
  endfacet
  facet normal 0 0 -1
    outer loop
      vertex 27.3711 28.5547 0
      vertex -27 30 0
      vertex 27.2107 28.8956 0
    endloop
  endfacet
  facet normal 0 0 -1
    outer loop
      vertex -27 -30 0
      vertex 27.0237 -29.624 0
      vertex 27 -30 0
    endloop
  endfacet
  facet normal 0 0 -1
    outer loop
      vertex 27.2107 28.8956 0
      vertex -27 30 0
      vertex 27.0942 29.2539 0
    endloop
  endfacet
  facet normal 0 0 -1
    outer loop
      vertex 32.7893 -31.1044 0
      vertex 37 -32 0
      vertex 36.9606 -32.6267 0
    endloop
  endfacet
  facet normal 0 0 -1
    outer loop
      vertex 32.9763 -29.624 0
      vertex 37 -32 0
      vertex 33 -30 0
    endloop
  endfacet
  facet normal 0 0 -1
    outer loop
      vertex 32.6289 -31.4453 0
      vertex 36.9606 -32.6267 0
      vertex 36.8429 -33.2435 0
    endloop
  endfacet
  facet normal 0 0 -1
    outer loop
      vertex 32.9058 -29.2539 0
      vertex 37 -32 0
      vertex 32.9763 -29.624 0
    endloop
  endfacet
  facet normal 0 0 -1
    outer loop
      vertex 32.6289 -31.4453 0
      vertex 36.8429 -33.2435 0
      vertex 36.6489 -33.8406 0
    endloop
  endfacet
  facet normal 0 0 -1
    outer loop
      vertex 32.9763 30.376 0
      vertex 37 32 0
      vertex 33 30 0
    endloop
  endfacet
  facet normal 0 0 -1
    outer loop
      vertex 32.4271 -31.7634 0
      vertex 36.6489 -33.8406 0
      vertex 36.3815 -34.4088 0
    endloop
  endfacet
  facet normal 0 0 -1
    outer loop
      vertex 32.9058 30.7461 0
      vertex 37 32 0
      vertex 32.9763 30.376 0
    endloop
  endfacet
  facet normal 0 0 -1
    outer loop
      vertex 32.4271 -31.7634 0
      vertex 36.3815 -34.4088 0
      vertex 36.0451 -34.9389 0
    endloop
  endfacet
  facet normal 0 0 -1
    outer loop
      vertex 32.7893 31.1044 0
      vertex 37 32 0
      vertex 32.9058 30.7461 0
    endloop
  endfacet
  facet normal 0 0 -1
    outer loop
      vertex 32.1869 -32.0536 0
      vertex 36.0451 -34.9389 0
      vertex 35.6448 -35.4227 0
    endloop
  endfacet
  facet normal -0 0 -1
    outer loop
      vertex 37 32 0
      vertex 32.7893 31.1044 0
      vertex 36.9606 32.6267 0
    endloop
  endfacet
  facet normal 0 0 -1
    outer loop
      vertex 32.1869 -32.0536 0
      vertex 35.6448 -35.4227 0
      vertex 35.1871 -35.8526 0
    endloop
  endfacet
  facet normal 0 0 -1
    outer loop
      vertex 32.6289 31.4453 0
      vertex 36.9606 32.6267 0
      vertex 32.7893 31.1044 0
    endloop
  endfacet
  facet normal 0 0 -1
    outer loop
      vertex 31.9123 -32.3115 0
      vertex 35.1871 -35.8526 0
      vertex 34.6791 -36.2216 0
    endloop
  endfacet
  facet normal -0 0 -1
    outer loop
      vertex 36.9606 32.6267 0
      vertex 32.6289 31.4453 0
      vertex 36.8429 33.2435 0
    endloop
  endfacet
  facet normal 0 0 -1
    outer loop
      vertex 31.9123 -32.3115 0
      vertex 34.6791 -36.2216 0
      vertex 34.1289 -36.5241 0
    endloop
  endfacet
  facet normal -0 0 -1
    outer loop
      vertex 36.8429 33.2435 0
      vertex 32.6289 31.4453 0
      vertex 36.6489 33.8406 0
    endloop
  endfacet
  facet normal 0 0 -1
    outer loop
      vertex 31.6075 -32.533 0
      vertex 34.1289 -36.5241 0
      vertex 33.5451 -36.7553 0
    endloop
  endfacet
  facet normal 0 0 -1
    outer loop
      vertex 32.4271 31.7634 0
      vertex 36.6489 33.8406 0
      vertex 32.6289 31.4453 0
    endloop
  endfacet
  facet normal -0 0 -1
    outer loop
      vertex 36.6489 33.8406 0
      vertex 32.4271 31.7634 0
      vertex 36.3815 34.4088 0
    endloop
  endfacet
  facet normal 0 0 -1
    outer loop
      vertex 37 -32 0
      vertex 32.9763 -30.376 0
      vertex 33 -30 0
    endloop
  endfacet
  facet normal 0 0 -1
    outer loop
      vertex 31.6075 -32.533 0
      vertex 33.5451 -36.7553 0
      vertex 32.9369 -36.9114 0
    endloop
  endfacet
  facet normal 0 0 -1
    outer loop
      vertex 37 -32 0
      vertex 32.9058 -30.7461 0
      vertex 32.9763 -30.376 0
    endloop
  endfacet
  facet normal 0 0 -1
    outer loop
      vertex 37 -32 0
      vertex 32.7893 -31.1044 0
      vertex 32.9058 -30.7461 0
    endloop
  endfacet
  facet normal 0 0 -1
    outer loop
      vertex 36.9606 -32.6267 0
      vertex 32.6289 -31.4453 0
      vertex 32.7893 -31.1044 0
    endloop
  endfacet
  facet normal 0 0 -1
    outer loop
      vertex 36.6489 -33.8406 0
      vertex 32.4271 -31.7634 0
      vertex 32.6289 -31.4453 0
    endloop
  endfacet
  facet normal 0 0 -1
    outer loop
      vertex 31.2773 -32.7145 0
      vertex 32.9369 -36.9114 0
      vertex 32.314 -36.9901 0
    endloop
  endfacet
  facet normal 0 0 -1
    outer loop
      vertex 36.0451 -34.9389 0
      vertex 32.1869 -32.0536 0
      vertex 32.4271 -31.7634 0
    endloop
  endfacet
  facet normal 0 0 -1
    outer loop
      vertex 35.1871 -35.8526 0
      vertex 31.9123 -32.3115 0
      vertex 32.1869 -32.0536 0
    endloop
  endfacet
  facet normal 0 0 -1
    outer loop
      vertex 34.1289 -36.5241 0
      vertex 31.6075 -32.533 0
      vertex 31.9123 -32.3115 0
    endloop
  endfacet
  facet normal 0 0 -1
    outer loop
      vertex 32.9369 -36.9114 0
      vertex 31.2773 -32.7145 0
      vertex 31.6075 -32.533 0
    endloop
  endfacet
  facet normal 0 0 -1
    outer loop
      vertex 32.314 -36.9901 0
      vertex 30.9271 -32.8532 0
      vertex 31.2773 -32.7145 0
    endloop
  endfacet
  facet normal 0 0 -1
    outer loop
      vertex 32.314 -36.9901 0
      vertex 30.5621 -32.9469 0
      vertex 30.9271 -32.8532 0
    endloop
  endfacet
  facet normal 0 0 -1
    outer loop
      vertex 32.314 -36.9901 0
      vertex 30.1884 -32.9941 0
      vertex 30.5621 -32.9469 0
    endloop
  endfacet
  facet normal 0 0 -1
    outer loop
      vertex 32.314 -36.9901 0
      vertex 29.8116 -32.9941 0
      vertex 30.1884 -32.9941 0
    endloop
  endfacet
  facet normal 0 0 -1
    outer loop
      vertex 32.314 -36.9901 0
      vertex 29.4379 -32.9469 0
      vertex 29.8116 -32.9941 0
    endloop
  endfacet
  facet normal 0 0 -1
    outer loop
      vertex 32.314 -36.9901 0
      vertex 29.0729 -32.8532 0
      vertex 29.4379 -32.9469 0
    endloop
  endfacet
  facet normal 0 0 -1
    outer loop
      vertex 32.314 -36.9901 0
      vertex 28.7227 -32.7145 0
      vertex 29.0729 -32.8532 0
    endloop
  endfacet
  facet normal 0 0 -1
    outer loop
      vertex 32.314 -36.9901 0
      vertex 28.3925 -32.533 0
      vertex 28.7227 -32.7145 0
    endloop
  endfacet
  facet normal 0 0 -1
    outer loop
      vertex 32.314 -36.9901 0
      vertex 28.0877 -32.3115 0
      vertex 28.3925 -32.533 0
    endloop
  endfacet
  facet normal 0 0 -1
    outer loop
      vertex 32.314 -36.9901 0
      vertex 27.8131 -32.0536 0
      vertex 28.0877 -32.3115 0
    endloop
  endfacet
  facet normal 0 0 -1
    outer loop
      vertex 27.0942 29.2539 0
      vertex -27 30 0
      vertex 27.0237 29.624 0
    endloop
  endfacet
  facet normal 0 0 -1
    outer loop
      vertex 27.0237 -30.376 0
      vertex -27 -30 0
      vertex 27 -30 0
    endloop
  endfacet
  facet normal 0 0 -1
    outer loop
      vertex -27.0237 -30.376 0
      vertex 27.0237 -30.376 0
      vertex 27.0942 -30.7461 0
    endloop
  endfacet
  facet normal 0 0 -1
    outer loop
      vertex -27.0942 -30.7461 0
      vertex 27.0942 -30.7461 0
      vertex 27.2107 -31.1044 0
    endloop
  endfacet
  facet normal 0 0 -1
    outer loop
      vertex -27.2107 -31.1044 0
      vertex 27.2107 -31.1044 0
      vertex 27.3711 -31.4453 0
    endloop
  endfacet
  facet normal 0 0 -1
    outer loop
      vertex -27.3711 -31.4453 0
      vertex 27.3711 -31.4453 0
      vertex 27.5729 -31.7634 0
    endloop
  endfacet
  facet normal 0 0 -1
    outer loop
      vertex -27.5729 -31.7634 0
      vertex 27.5729 -31.7634 0
      vertex 27.8131 -32.0536 0
    endloop
  endfacet
  facet normal 0 0 -1
    outer loop
      vertex -27.8131 -32.0536 0
      vertex 27.8131 -32.0536 0
      vertex 32.314 -36.9901 0
    endloop
  endfacet
  facet normal 0 0 -1
    outer loop
      vertex 27.0237 -30.376 0
      vertex -27.0237 -30.376 0
      vertex -27 -30 0
    endloop
  endfacet
  facet normal 0 0 -1
    outer loop
      vertex 27.0942 -30.7461 0
      vertex -27.0942 -30.7461 0
      vertex -27.0237 -30.376 0
    endloop
  endfacet
  facet normal 0 0 -1
    outer loop
      vertex 27.2107 -31.1044 0
      vertex -27.2107 -31.1044 0
      vertex -27.0942 -30.7461 0
    endloop
  endfacet
  facet normal 0 0 -1
    outer loop
      vertex 27.3711 -31.4453 0
      vertex -27.3711 -31.4453 0
      vertex -27.2107 -31.1044 0
    endloop
  endfacet
  facet normal 0 0 -1
    outer loop
      vertex 27.5729 -31.7634 0
      vertex -27.5729 -31.7634 0
      vertex -27.3711 -31.4453 0
    endloop
  endfacet
  facet normal 0 0 -1
    outer loop
      vertex 27.8131 -32.0536 0
      vertex -27.8131 -32.0536 0
      vertex -27.5729 -31.7634 0
    endloop
  endfacet
  facet normal 0 0 -1
    outer loop
      vertex 32.314 -36.9901 0
      vertex -28.0877 -32.3115 0
      vertex -27.8131 -32.0536 0
    endloop
  endfacet
  facet normal 0 0 -1
    outer loop
      vertex -32.314 -36.9901 0
      vertex -28.0877 -32.3115 0
      vertex 32.314 -36.9901 0
    endloop
  endfacet
  facet normal 0 0 -1
    outer loop
      vertex -28.0877 -32.3115 0
      vertex -32.314 -36.9901 0
      vertex -28.3925 -32.533 0
    endloop
  endfacet
  facet normal 0 0 -1
    outer loop
      vertex -28.3925 -32.533 0
      vertex -32.314 -36.9901 0
      vertex -28.7227 -32.7145 0
    endloop
  endfacet
  facet normal 0 0 -1
    outer loop
      vertex -28.7227 -32.7145 0
      vertex -32.314 -36.9901 0
      vertex -29.0729 -32.8532 0
    endloop
  endfacet
  facet normal 0 0 -1
    outer loop
      vertex -29.0729 -32.8532 0
      vertex -32.314 -36.9901 0
      vertex -29.4379 -32.9469 0
    endloop
  endfacet
  facet normal 0 0 -1
    outer loop
      vertex -29.4379 -32.9469 0
      vertex -32.314 -36.9901 0
      vertex -29.8116 -32.9941 0
    endloop
  endfacet
  facet normal -0 0 -1
    outer loop
      vertex -29.8116 -32.9941 0
      vertex -32.314 -36.9901 0
      vertex -30.1884 -32.9941 0
    endloop
  endfacet
  facet normal 0 0 -1
    outer loop
      vertex -32.314 -36.9901 0
      vertex -30.5621 -32.9469 0
      vertex -30.1884 -32.9941 0
    endloop
  endfacet
  facet normal 0 0 -1
    outer loop
      vertex -32.314 -36.9901 0
      vertex -30.9271 -32.8532 0
      vertex -30.5621 -32.9469 0
    endloop
  endfacet
  facet normal 0 0 -1
    outer loop
      vertex -32.314 -36.9901 0
      vertex -31.2773 -32.7145 0
      vertex -30.9271 -32.8532 0
    endloop
  endfacet
  facet normal 0 0 -1
    outer loop
      vertex -32.9369 -36.9114 0
      vertex -31.2773 -32.7145 0
      vertex -32.314 -36.9901 0
    endloop
  endfacet
  facet normal -0 0 -1
    outer loop
      vertex -31.2773 -32.7145 0
      vertex -32.9369 -36.9114 0
      vertex -31.6075 -32.533 0
    endloop
  endfacet
  facet normal 0 0 -1
    outer loop
      vertex -33.5451 -36.7553 0
      vertex -31.6075 -32.533 0
      vertex -32.9369 -36.9114 0
    endloop
  endfacet
  facet normal 0 0 -1
    outer loop
      vertex -34.1289 -36.5241 0
      vertex -31.6075 -32.533 0
      vertex -33.5451 -36.7553 0
    endloop
  endfacet
  facet normal -0 0 -1
    outer loop
      vertex -31.6075 -32.533 0
      vertex -34.1289 -36.5241 0
      vertex -31.9123 -32.3115 0
    endloop
  endfacet
  facet normal 0 0 -1
    outer loop
      vertex -34.6791 -36.2216 0
      vertex -31.9123 -32.3115 0
      vertex -34.1289 -36.5241 0
    endloop
  endfacet
  facet normal 0 0 -1
    outer loop
      vertex -35.1871 -35.8526 0
      vertex -31.9123 -32.3115 0
      vertex -34.6791 -36.2216 0
    endloop
  endfacet
  facet normal -0 0 -1
    outer loop
      vertex -31.9123 -32.3115 0
      vertex -35.1871 -35.8526 0
      vertex -32.1869 -32.0536 0
    endloop
  endfacet
  facet normal 0 0 -1
    outer loop
      vertex -35.6448 -35.4227 0
      vertex -32.1869 -32.0536 0
      vertex -35.1871 -35.8526 0
    endloop
  endfacet
  facet normal 0 0 -1
    outer loop
      vertex -36.0451 -34.9389 0
      vertex -32.1869 -32.0536 0
      vertex -35.6448 -35.4227 0
    endloop
  endfacet
  facet normal 0 0 -1
    outer loop
      vertex -36.3815 -34.4088 0
      vertex -32.4271 -31.7634 0
      vertex -36.0451 -34.9389 0
    endloop
  endfacet
  facet normal -0 0 -1
    outer loop
      vertex -32.1869 -32.0536 0
      vertex -36.0451 -34.9389 0
      vertex -32.4271 -31.7634 0
    endloop
  endfacet
  facet normal -0 0 -1
    outer loop
      vertex 36.3815 34.4088 0
      vertex 32.4271 31.7634 0
      vertex 36.0451 34.9389 0
    endloop
  endfacet
  facet normal 0 0 -1
    outer loop
      vertex 32.1869 32.0536 0
      vertex 36.0451 34.9389 0
      vertex 32.4271 31.7634 0
    endloop
  endfacet
  facet normal -0 0 -1
    outer loop
      vertex 36.0451 34.9389 0
      vertex 32.1869 32.0536 0
      vertex 35.6448 35.4227 0
    endloop
  endfacet
  facet normal -0 0 -1
    outer loop
      vertex 35.6448 35.4227 0
      vertex 32.1869 32.0536 0
      vertex 35.1871 35.8526 0
    endloop
  endfacet
  facet normal 0 0 -1
    outer loop
      vertex 31.9123 32.3115 0
      vertex 35.1871 35.8526 0
      vertex 32.1869 32.0536 0
    endloop
  endfacet
  facet normal -0 0 -1
    outer loop
      vertex 35.1871 35.8526 0
      vertex 31.9123 32.3115 0
      vertex 34.6791 36.2216 0
    endloop
  endfacet
  facet normal -0 0 -1
    outer loop
      vertex 34.6791 36.2216 0
      vertex 31.9123 32.3115 0
      vertex 34.1289 36.5241 0
    endloop
  endfacet
  facet normal 0 0 -1
    outer loop
      vertex 31.6075 32.533 0
      vertex 34.1289 36.5241 0
      vertex 31.9123 32.3115 0
    endloop
  endfacet
  facet normal -0 0 -1
    outer loop
      vertex 34.1289 36.5241 0
      vertex 31.6075 32.533 0
      vertex 33.5451 36.7553 0
    endloop
  endfacet
  facet normal -0 0 -1
    outer loop
      vertex 33.5451 36.7553 0
      vertex 31.6075 32.533 0
      vertex 32.9369 36.9114 0
    endloop
  endfacet
  facet normal 0 0 -1
    outer loop
      vertex 31.2773 32.7145 0
      vertex 32.9369 36.9114 0
      vertex 31.6075 32.533 0
    endloop
  endfacet
  facet normal -0 0 -1
    outer loop
      vertex 32.9369 36.9114 0
      vertex 31.2773 32.7145 0
      vertex 32.314 36.9901 0
    endloop
  endfacet
  facet normal 0 0 -1
    outer loop
      vertex 30.9271 32.8532 0
      vertex 32.314 36.9901 0
      vertex 31.2773 32.7145 0
    endloop
  endfacet
  facet normal 0 0 -1
    outer loop
      vertex 30.5621 32.9469 0
      vertex 32.314 36.9901 0
      vertex 30.9271 32.8532 0
    endloop
  endfacet
  facet normal 0 0 -1
    outer loop
      vertex 30.1884 32.9941 0
      vertex 32.314 36.9901 0
      vertex 30.5621 32.9469 0
    endloop
  endfacet
  facet normal 0 0 -1
    outer loop
      vertex 29.8116 32.9941 0
      vertex 32.314 36.9901 0
      vertex 30.1884 32.9941 0
    endloop
  endfacet
  facet normal 0 0 -1
    outer loop
      vertex 29.4379 32.9469 0
      vertex 32.314 36.9901 0
      vertex 29.8116 32.9941 0
    endloop
  endfacet
  facet normal 0 0 -1
    outer loop
      vertex 29.0729 32.8532 0
      vertex 32.314 36.9901 0
      vertex 29.4379 32.9469 0
    endloop
  endfacet
  facet normal 0 0 -1
    outer loop
      vertex 28.7227 32.7145 0
      vertex 32.314 36.9901 0
      vertex 29.0729 32.8532 0
    endloop
  endfacet
  facet normal 0 0 -1
    outer loop
      vertex 28.3925 32.533 0
      vertex 32.314 36.9901 0
      vertex 28.7227 32.7145 0
    endloop
  endfacet
  facet normal 0 0 -1
    outer loop
      vertex 28.0877 32.3115 0
      vertex 32.314 36.9901 0
      vertex 28.3925 32.533 0
    endloop
  endfacet
  facet normal 0 0 -1
    outer loop
      vertex 27.8131 32.0536 0
      vertex 32.314 36.9901 0
      vertex 28.0877 32.3115 0
    endloop
  endfacet
  facet normal 0 0 -1
    outer loop
      vertex 27.0237 29.624 0
      vertex -27 30 0
      vertex 27 30 0
    endloop
  endfacet
  facet normal 0 0 -1
    outer loop
      vertex 27 30 0
      vertex -27 30 0
      vertex 27.0237 30.376 0
    endloop
  endfacet
  facet normal 0 0 -1
    outer loop
      vertex -27.0237 30.376 0
      vertex 27.0237 30.376 0
      vertex -27 30 0
    endloop
  endfacet
  facet normal 0 0 -1
    outer loop
      vertex 27.0237 30.376 0
      vertex -27.0237 30.376 0
      vertex 27.0942 30.7461 0
    endloop
  endfacet
  facet normal 0 0 -1
    outer loop
      vertex -27.0942 30.7461 0
      vertex 27.0942 30.7461 0
      vertex -27.0237 30.376 0
    endloop
  endfacet
  facet normal 0 0 -1
    outer loop
      vertex 27.0942 30.7461 0
      vertex -27.0942 30.7461 0
      vertex 27.2107 31.1044 0
    endloop
  endfacet
  facet normal 0 0 -1
    outer loop
      vertex -27.2107 31.1044 0
      vertex 27.2107 31.1044 0
      vertex -27.0942 30.7461 0
    endloop
  endfacet
  facet normal 0 0 -1
    outer loop
      vertex 27.2107 31.1044 0
      vertex -27.2107 31.1044 0
      vertex 27.3711 31.4453 0
    endloop
  endfacet
  facet normal 0 0 -1
    outer loop
      vertex -27.3711 31.4453 0
      vertex 27.3711 31.4453 0
      vertex -27.2107 31.1044 0
    endloop
  endfacet
  facet normal 0 0 -1
    outer loop
      vertex 27.3711 31.4453 0
      vertex -27.3711 31.4453 0
      vertex 27.5729 31.7634 0
    endloop
  endfacet
  facet normal 0 0 -1
    outer loop
      vertex -27.5729 31.7634 0
      vertex 27.5729 31.7634 0
      vertex -27.3711 31.4453 0
    endloop
  endfacet
  facet normal 0 0 -1
    outer loop
      vertex 27.5729 31.7634 0
      vertex -27.5729 31.7634 0
      vertex 27.8131 32.0536 0
    endloop
  endfacet
  facet normal 0 0 -1
    outer loop
      vertex -27.8131 32.0536 0
      vertex 27.8131 32.0536 0
      vertex -27.5729 31.7634 0
    endloop
  endfacet
  facet normal 0 0 -1
    outer loop
      vertex 27.8131 32.0536 0
      vertex -27.8131 32.0536 0
      vertex 32.314 36.9901 0
    endloop
  endfacet
  facet normal 0 0 -1
    outer loop
      vertex -28.0877 32.3115 0
      vertex 32.314 36.9901 0
      vertex -27.8131 32.0536 0
    endloop
  endfacet
  facet normal 0 0 -1
    outer loop
      vertex -32.314 36.9901 0
      vertex -28.0877 32.3115 0
      vertex -28.3925 32.533 0
    endloop
  endfacet
  facet normal 0 0 -1
    outer loop
      vertex -32.314 36.9901 0
      vertex -28.3925 32.533 0
      vertex -28.7227 32.7145 0
    endloop
  endfacet
  facet normal 0 0 -1
    outer loop
      vertex -32.314 36.9901 0
      vertex -28.7227 32.7145 0
      vertex -29.0729 32.8532 0
    endloop
  endfacet
  facet normal 0 0 -1
    outer loop
      vertex -32.314 36.9901 0
      vertex -29.0729 32.8532 0
      vertex -29.4379 32.9469 0
    endloop
  endfacet
  facet normal 0 0 -1
    outer loop
      vertex -32.314 36.9901 0
      vertex -29.4379 32.9469 0
      vertex -29.8116 32.9941 0
    endloop
  endfacet
  facet normal 0 0 -1
    outer loop
      vertex -32.314 36.9901 0
      vertex -29.8116 32.9941 0
      vertex -30.1884 32.9941 0
    endloop
  endfacet
  facet normal 0 0 -1
    outer loop
      vertex -28.0877 32.3115 0
      vertex -32.314 36.9901 0
      vertex 32.314 36.9901 0
    endloop
  endfacet
  facet normal 0 0 -1
    outer loop
      vertex -30.5621 32.9469 0
      vertex -32.314 36.9901 0
      vertex -30.1884 32.9941 0
    endloop
  endfacet
  facet normal 0 0 -1
    outer loop
      vertex -30.9271 32.8532 0
      vertex -32.314 36.9901 0
      vertex -30.5621 32.9469 0
    endloop
  endfacet
  facet normal 0 0 -1
    outer loop
      vertex -31.2773 32.7145 0
      vertex -32.314 36.9901 0
      vertex -30.9271 32.8532 0
    endloop
  endfacet
  facet normal 0 0 -1
    outer loop
      vertex -32.9369 36.9114 0
      vertex -31.2773 32.7145 0
      vertex -31.6075 32.533 0
    endloop
  endfacet
  facet normal 0 0 -1
    outer loop
      vertex -34.1289 36.5241 0
      vertex -31.6075 32.533 0
      vertex -31.9123 32.3115 0
    endloop
  endfacet
  facet normal 0 0 -1
    outer loop
      vertex -35.1871 35.8526 0
      vertex -31.9123 32.3115 0
      vertex -32.1869 32.0536 0
    endloop
  endfacet
  facet normal 0 0 -1
    outer loop
      vertex -36.0451 34.9389 0
      vertex -32.1869 32.0536 0
      vertex -32.4271 31.7634 0
    endloop
  endfacet
  facet normal 0 0 -1
    outer loop
      vertex -36.6489 33.8406 0
      vertex -32.4271 31.7634 0
      vertex -32.6289 31.4453 0
    endloop
  endfacet
  facet normal 0 0 -1
    outer loop
      vertex -36.9606 32.6267 0
      vertex -32.6289 31.4453 0
      vertex -32.7893 31.1044 0
    endloop
  endfacet
  facet normal 0 0 -1
    outer loop
      vertex -37 32 0
      vertex -32.7893 31.1044 0
      vertex -32.9058 30.7461 0
    endloop
  endfacet
  facet normal 0 0 -1
    outer loop
      vertex -31.2773 32.7145 0
      vertex -32.9369 36.9114 0
      vertex -32.314 36.9901 0
    endloop
  endfacet
  facet normal 0 0 -1
    outer loop
      vertex -37 32 0
      vertex -32.9058 30.7461 0
      vertex -32.9763 30.376 0
    endloop
  endfacet
  facet normal 0 0 -1
    outer loop
      vertex -37 32 0
      vertex -32.9763 30.376 0
      vertex -33 30 0
    endloop
  endfacet
  facet normal 0 0 -1
    outer loop
      vertex -31.6075 32.533 0
      vertex -33.5451 36.7553 0
      vertex -32.9369 36.9114 0
    endloop
  endfacet
  facet normal 0 0 -1
    outer loop
      vertex -32.9058 29.2539 0
      vertex -37 32 0
      vertex -32.9763 29.624 0
    endloop
  endfacet
  facet normal 0 0 -1
    outer loop
      vertex -36.6489 -33.8406 0
      vertex -32.4271 -31.7634 0
      vertex -36.3815 -34.4088 0
    endloop
  endfacet
  facet normal 0 0 -1
    outer loop
      vertex -32.9763 29.624 0
      vertex -37 32 0
      vertex -33 30 0
    endloop
  endfacet
  facet normal -0 0 -1
    outer loop
      vertex -32.4271 -31.7634 0
      vertex -36.6489 -33.8406 0
      vertex -32.6289 -31.4453 0
    endloop
  endfacet
  facet normal 0 0 -1
    outer loop
      vertex -32.7893 31.1044 0
      vertex -37 32 0
      vertex -36.9606 32.6267 0
    endloop
  endfacet
  facet normal 0 0 -1
    outer loop
      vertex -36.8429 -33.2435 0
      vertex -32.6289 -31.4453 0
      vertex -36.6489 -33.8406 0
    endloop
  endfacet
  facet normal 0 0 -1
    outer loop
      vertex -31.6075 32.533 0
      vertex -34.1289 36.5241 0
      vertex -33.5451 36.7553 0
    endloop
  endfacet
  facet normal 0 0 -1
    outer loop
      vertex -36.9606 -32.6267 0
      vertex -32.6289 -31.4453 0
      vertex -36.8429 -33.2435 0
    endloop
  endfacet
  facet normal 0 0 -1
    outer loop
      vertex -31.9123 32.3115 0
      vertex -34.6791 36.2216 0
      vertex -34.1289 36.5241 0
    endloop
  endfacet
  facet normal -0 0 -1
    outer loop
      vertex -32.6289 -31.4453 0
      vertex -36.9606 -32.6267 0
      vertex -32.7893 -31.1044 0
    endloop
  endfacet
  facet normal 0 0 -1
    outer loop
      vertex -31.9123 32.3115 0
      vertex -35.1871 35.8526 0
      vertex -34.6791 36.2216 0
    endloop
  endfacet
  facet normal 0 0 -1
    outer loop
      vertex -37 -32 0
      vertex -32.7893 -31.1044 0
      vertex -36.9606 -32.6267 0
    endloop
  endfacet
  facet normal 0 0 -1
    outer loop
      vertex -32.1869 32.0536 0
      vertex -35.6448 35.4227 0
      vertex -35.1871 35.8526 0
    endloop
  endfacet
  facet normal -0 0 -1
    outer loop
      vertex -32.7893 -31.1044 0
      vertex -37 -32 0
      vertex -32.9058 -30.7461 0
    endloop
  endfacet
  facet normal 0 0 -1
    outer loop
      vertex -32.1869 32.0536 0
      vertex -36.0451 34.9389 0
      vertex -35.6448 35.4227 0
    endloop
  endfacet
  facet normal -0 0 -1
    outer loop
      vertex -32.9058 -30.7461 0
      vertex -37 -32 0
      vertex -32.9763 -30.376 0
    endloop
  endfacet
  facet normal 0 0 -1
    outer loop
      vertex -32.4271 31.7634 0
      vertex -36.3815 34.4088 0
      vertex -36.0451 34.9389 0
    endloop
  endfacet
  facet normal -0 0 -1
    outer loop
      vertex -32.9763 -30.376 0
      vertex -37 -32 0
      vertex -33 -30 0
    endloop
  endfacet
  facet normal 0 0 -1
    outer loop
      vertex -32.4271 31.7634 0
      vertex -36.6489 33.8406 0
      vertex -36.3815 34.4088 0
    endloop
  endfacet
  facet normal 0 0 -1
    outer loop
      vertex -32.6289 31.4453 0
      vertex -36.8429 33.2435 0
      vertex -36.6489 33.8406 0
    endloop
  endfacet
  facet normal 0 0 -1
    outer loop
      vertex -32.6289 31.4453 0
      vertex -36.9606 32.6267 0
      vertex -36.8429 33.2435 0
    endloop
  endfacet
  facet normal -0.844336 -0.535814 0
    outer loop
      vertex -36.0451 -34.9389 0
      vertex -36.3815 -34.4088 9
      vertex -36.3815 -34.4088 0
    endloop
  endfacet
  facet normal -0.844336 -0.535814 0
    outer loop
      vertex -36.3815 -34.4088 9
      vertex -36.0451 -34.9389 0
      vertex -36.0451 -34.9389 9
    endloop
  endfacet
  facet normal -0.904811 -0.425812 0
    outer loop
      vertex -36.3815 -34.4088 0
      vertex -36.6489 -33.8406 9
      vertex -36.6489 -33.8406 0
    endloop
  endfacet
  facet normal -0.904811 -0.425812 0
    outer loop
      vertex -36.6489 -33.8406 9
      vertex -36.3815 -34.4088 0
      vertex -36.3815 -34.4088 9
    endloop
  endfacet
  facet normal -0.844336 0.535814 0
    outer loop
      vertex -36.3815 34.4088 0
      vertex -36.0451 34.9389 9
      vertex -36.0451 34.9389 0
    endloop
  endfacet
  facet normal -0.844336 0.535814 0
    outer loop
      vertex -36.0451 34.9389 9
      vertex -36.3815 34.4088 0
      vertex -36.3815 34.4088 9
    endloop
  endfacet
  facet normal 0.844336 -0.535814 0
    outer loop
      vertex 36.0451 -34.9389 9
      vertex 36.3815 -34.4088 0
      vertex 36.3815 -34.4088 9
    endloop
  endfacet
  facet normal 0.844336 -0.535814 0
    outer loop
      vertex 36.3815 -34.4088 0
      vertex 36.0451 -34.9389 9
      vertex 36.0451 -34.9389 0
    endloop
  endfacet
  facet normal 0.587698 -0.80908 0
    outer loop
      vertex 34.6791 -36.2216 0
      vertex 35.1871 -35.8526 9
      vertex 34.6791 -36.2216 9
    endloop
  endfacet
  facet normal 0.587698 -0.80908 0
    outer loop
      vertex 35.1871 -35.8526 9
      vertex 34.6791 -36.2216 0
      vertex 35.1871 -35.8526 0
    endloop
  endfacet
  facet normal 0.248601 -0.968606 0
    outer loop
      vertex 32.9369 -36.9114 0
      vertex 33.5451 -36.7553 9
      vertex 32.9369 -36.9114 9
    endloop
  endfacet
  facet normal 0.248601 -0.968606 0
    outer loop
      vertex 33.5451 -36.7553 9
      vertex 32.9369 -36.9114 0
      vertex 33.5451 -36.7553 0
    endloop
  endfacet
  facet normal -0.982276 -0.187441 0
    outer loop
      vertex -36.8429 -33.2435 0
      vertex -36.9606 -32.6267 9
      vertex -36.9606 -32.6267 0
    endloop
  endfacet
  facet normal -0.982276 -0.187441 0
    outer loop
      vertex -36.9606 -32.6267 9
      vertex -36.8429 -33.2435 0
      vertex -36.8429 -33.2435 9
    endloop
  endfacet
  facet normal -0.99803 -0.0627451 0
    outer loop
      vertex -36.9606 -32.6267 0
      vertex -37 -32 9
      vertex -37 -32 0
    endloop
  endfacet
  facet normal -0.99803 -0.0627451 0
    outer loop
      vertex -37 -32 9
      vertex -36.9606 -32.6267 0
      vertex -36.9606 -32.6267 9
    endloop
  endfacet
endsolid OpenSCAD_Model
