  0
SECTION
  2
BLOCKS
  0
ENDSEC
  0
SECTION
  2
ENTITIES
  0
LINE
  8
0
 10
130.437
 20
632.089
 11
131.045
 21
632.245
  0
LINE
  8
0
 10
131.045
 20
632.245
 11
131.629
 21
632.476
  0
LINE
  8
0
 10
131.629
 20
632.476
 11
132.179
 21
632.778
  0
LINE
  8
0
 10
132.179
 20
632.778
 11
132.687
 21
633.147
  0
LINE
  8
0
 10
132.687
 20
633.147
 11
133.145
 21
633.577
  0
LINE
  8
0
 10
133.145
 20
633.577
 11
133.545
 21
634.061
  0
LINE
  8
0
 10
133.545
 20
634.061
 11
133.882
 21
634.591
  0
LINE
  8
0
 10
133.882
 20
634.591
 11
134.149
 21
635.159
  0
LINE
  8
0
 10
134.149
 20
635.159
 11
134.343
 21
635.757
  0
LINE
  8
0
 10
134.343
 20
635.757
 11
134.461
 21
636.373
  0
LINE
  8
0
 10
134.461
 20
636.373
 11
134.5
 21
637
  0
LINE
  8
0
 10
134.5
 20
637
 11
134.5
 21
731
  0
LINE
  8
0
 10
134.5
 20
731
 11
134.461
 21
731.627
  0
LINE
  8
0
 10
134.461
 20
731.627
 11
134.343
 21
732.243
  0
LINE
  8
0
 10
134.343
 20
732.243
 11
134.149
 21
732.841
  0
LINE
  8
0
 10
134.149
 20
732.841
 11
133.882
 21
733.409
  0
LINE
  8
0
 10
133.882
 20
733.409
 11
133.545
 21
733.939
  0
LINE
  8
0
 10
133.545
 20
733.939
 11
133.145
 21
734.423
  0
LINE
  8
0
 10
133.145
 20
734.423
 11
132.687
 21
734.853
  0
LINE
  8
0
 10
132.687
 20
734.853
 11
132.179
 21
735.222
  0
LINE
  8
0
 10
132.179
 20
735.222
 11
131.629
 21
735.524
  0
LINE
  8
0
 10
131.629
 20
735.524
 11
131.045
 21
735.755
  0
LINE
  8
0
 10
131.045
 20
735.755
 11
130.437
 21
735.911
  0
LINE
  8
0
 10
130.437
 20
735.911
 11
129.814
 21
735.99
  0
LINE
  8
0
 10
129.814
 20
735.99
 11
-129.814
 21
735.99
  0
LINE
  8
0
 10
-129.814
 20
735.99
 11
-130.437
 21
735.911
  0
LINE
  8
0
 10
-130.437
 20
735.911
 11
-131.045
 21
735.755
  0
LINE
  8
0
 10
-131.045
 20
735.755
 11
-131.629
 21
735.524
  0
LINE
  8
0
 10
-131.629
 20
735.524
 11
-132.179
 21
735.222
  0
LINE
  8
0
 10
-132.179
 20
735.222
 11
-132.687
 21
734.853
  0
LINE
  8
0
 10
-132.687
 20
734.853
 11
-133.145
 21
734.423
  0
LINE
  8
0
 10
-133.145
 20
734.423
 11
-133.545
 21
733.939
  0
LINE
  8
0
 10
-133.545
 20
733.939
 11
-133.882
 21
733.409
  0
LINE
  8
0
 10
-133.882
 20
733.409
 11
-134.149
 21
732.841
  0
LINE
  8
0
 10
-134.149
 20
732.841
 11
-134.343
 21
732.243
  0
LINE
  8
0
 10
-134.343
 20
732.243
 11
-134.461
 21
731.627
  0
LINE
  8
0
 10
-134.461
 20
731.627
 11
-134.5
 21
731
  0
LINE
  8
0
 10
-134.5
 20
731
 11
-134.5
 21
637
  0
LINE
  8
0
 10
-134.5
 20
637
 11
-134.461
 21
636.373
  0
LINE
  8
0
 10
-134.461
 20
636.373
 11
-134.343
 21
635.757
  0
LINE
  8
0
 10
-134.343
 20
635.757
 11
-134.149
 21
635.159
  0
LINE
  8
0
 10
-134.149
 20
635.159
 11
-133.882
 21
634.591
  0
LINE
  8
0
 10
-133.882
 20
634.591
 11
-133.545
 21
634.061
  0
LINE
  8
0
 10
-133.545
 20
634.061
 11
-133.145
 21
633.577
  0
LINE
  8
0
 10
-133.145
 20
633.577
 11
-132.687
 21
633.147
  0
LINE
  8
0
 10
-132.687
 20
633.147
 11
-132.179
 21
632.778
  0
LINE
  8
0
 10
-132.179
 20
632.778
 11
-131.629
 21
632.476
  0
LINE
  8
0
 10
-131.629
 20
632.476
 11
-131.045
 21
632.245
  0
LINE
  8
0
 10
-131.045
 20
632.245
 11
-130.437
 21
632.089
  0
LINE
  8
0
 10
-130.437
 20
632.089
 11
-129.814
 21
632.01
  0
LINE
  8
0
 10
-129.814
 20
632.01
 11
129.814
 21
632.01
  0
LINE
  8
0
 10
129.814
 20
632.01
 11
130.437
 21
632.089
  0
LINE
  8
0
 10
127.312
 20
726.006
 11
126.938
 21
726.053
  0
LINE
  8
0
 10
126.938
 20
726.053
 11
126.573
 21
726.147
  0
LINE
  8
0
 10
126.573
 20
726.147
 11
126.223
 21
726.286
  0
LINE
  8
0
 10
126.223
 20
726.286
 11
125.893
 21
726.467
  0
LINE
  8
0
 10
125.893
 20
726.467
 11
125.588
 21
726.688
  0
LINE
  8
0
 10
125.588
 20
726.688
 11
125.313
 21
726.946
  0
LINE
  8
0
 10
125.313
 20
726.946
 11
125.073
 21
727.237
  0
LINE
  8
0
 10
125.073
 20
727.237
 11
124.871
 21
727.555
  0
LINE
  8
0
 10
124.871
 20
727.555
 11
124.711
 21
727.896
  0
LINE
  8
0
 10
124.711
 20
727.896
 11
124.594
 21
728.254
  0
LINE
  8
0
 10
124.594
 20
728.254
 11
124.524
 21
728.624
  0
LINE
  8
0
 10
124.524
 20
728.624
 11
124.5
 21
729
  0
LINE
  8
0
 10
124.5
 20
729
 11
124.524
 21
729.376
  0
LINE
  8
0
 10
124.524
 20
729.376
 11
124.594
 21
729.746
  0
LINE
  8
0
 10
124.594
 20
729.746
 11
124.711
 21
730.104
  0
LINE
  8
0
 10
124.711
 20
730.104
 11
124.871
 21
730.445
  0
LINE
  8
0
 10
124.871
 20
730.445
 11
125.073
 21
730.763
  0
LINE
  8
0
 10
125.073
 20
730.763
 11
125.313
 21
731.054
  0
LINE
  8
0
 10
125.313
 20
731.054
 11
125.588
 21
731.312
  0
LINE
  8
0
 10
125.588
 20
731.312
 11
125.893
 21
731.533
  0
LINE
  8
0
 10
125.893
 20
731.533
 11
126.223
 21
731.714
  0
LINE
  8
0
 10
126.223
 20
731.714
 11
126.573
 21
731.853
  0
LINE
  8
0
 10
126.573
 20
731.853
 11
126.938
 21
731.947
  0
LINE
  8
0
 10
126.938
 20
731.947
 11
127.312
 21
731.994
  0
LINE
  8
0
 10
127.312
 20
731.994
 11
127.688
 21
731.994
  0
LINE
  8
0
 10
127.688
 20
731.994
 11
128.062
 21
731.947
  0
LINE
  8
0
 10
128.062
 20
731.947
 11
128.427
 21
731.853
  0
LINE
  8
0
 10
128.427
 20
731.853
 11
128.777
 21
731.714
  0
LINE
  8
0
 10
128.777
 20
731.714
 11
129.107
 21
731.533
  0
LINE
  8
0
 10
129.107
 20
731.533
 11
129.412
 21
731.312
  0
LINE
  8
0
 10
129.412
 20
731.312
 11
129.687
 21
731.054
  0
LINE
  8
0
 10
129.687
 20
731.054
 11
129.927
 21
730.763
  0
LINE
  8
0
 10
129.927
 20
730.763
 11
130.129
 21
730.445
  0
LINE
  8
0
 10
130.129
 20
730.445
 11
130.289
 21
730.104
  0
LINE
  8
0
 10
130.289
 20
730.104
 11
130.406
 21
729.746
  0
LINE
  8
0
 10
130.406
 20
729.746
 11
130.476
 21
729.376
  0
LINE
  8
0
 10
130.476
 20
729.376
 11
130.5
 21
729
  0
LINE
  8
0
 10
130.5
 20
729
 11
130.476
 21
728.624
  0
LINE
  8
0
 10
130.476
 20
728.624
 11
130.406
 21
728.254
  0
LINE
  8
0
 10
130.406
 20
728.254
 11
130.289
 21
727.896
  0
LINE
  8
0
 10
130.289
 20
727.896
 11
130.129
 21
727.555
  0
LINE
  8
0
 10
130.129
 20
727.555
 11
129.927
 21
727.237
  0
LINE
  8
0
 10
129.927
 20
727.237
 11
129.687
 21
726.946
  0
LINE
  8
0
 10
129.687
 20
726.946
 11
129.412
 21
726.688
  0
LINE
  8
0
 10
129.412
 20
726.688
 11
129.107
 21
726.467
  0
LINE
  8
0
 10
129.107
 20
726.467
 11
128.777
 21
726.286
  0
LINE
  8
0
 10
128.777
 20
726.286
 11
128.427
 21
726.147
  0
LINE
  8
0
 10
128.427
 20
726.147
 11
128.062
 21
726.053
  0
LINE
  8
0
 10
128.062
 20
726.053
 11
127.688
 21
726.006
  0
LINE
  8
0
 10
127.688
 20
726.006
 11
127.312
 21
726.006
  0
LINE
  8
0
 10
-127.688
 20
726.006
 11
-128.062
 21
726.053
  0
LINE
  8
0
 10
-128.062
 20
726.053
 11
-128.427
 21
726.147
  0
LINE
  8
0
 10
-128.427
 20
726.147
 11
-128.777
 21
726.286
  0
LINE
  8
0
 10
-128.777
 20
726.286
 11
-129.107
 21
726.467
  0
LINE
  8
0
 10
-129.107
 20
726.467
 11
-129.412
 21
726.688
  0
LINE
  8
0
 10
-129.412
 20
726.688
 11
-129.687
 21
726.946
  0
LINE
  8
0
 10
-129.687
 20
726.946
 11
-129.927
 21
727.237
  0
LINE
  8
0
 10
-129.927
 20
727.237
 11
-130.129
 21
727.555
  0
LINE
  8
0
 10
-130.129
 20
727.555
 11
-130.289
 21
727.896
  0
LINE
  8
0
 10
-130.289
 20
727.896
 11
-130.406
 21
728.254
  0
LINE
  8
0
 10
-130.406
 20
728.254
 11
-130.476
 21
728.624
  0
LINE
  8
0
 10
-130.476
 20
728.624
 11
-130.5
 21
729
  0
LINE
  8
0
 10
-130.5
 20
729
 11
-130.476
 21
729.376
  0
LINE
  8
0
 10
-130.476
 20
729.376
 11
-130.406
 21
729.746
  0
LINE
  8
0
 10
-130.406
 20
729.746
 11
-130.289
 21
730.104
  0
LINE
  8
0
 10
-130.289
 20
730.104
 11
-130.129
 21
730.445
  0
LINE
  8
0
 10
-130.129
 20
730.445
 11
-129.927
 21
730.763
  0
LINE
  8
0
 10
-129.927
 20
730.763
 11
-129.687
 21
731.054
  0
LINE
  8
0
 10
-129.687
 20
731.054
 11
-129.412
 21
731.312
  0
LINE
  8
0
 10
-129.412
 20
731.312
 11
-129.107
 21
731.533
  0
LINE
  8
0
 10
-129.107
 20
731.533
 11
-128.777
 21
731.714
  0
LINE
  8
0
 10
-128.777
 20
731.714
 11
-128.427
 21
731.853
  0
LINE
  8
0
 10
-128.427
 20
731.853
 11
-128.062
 21
731.947
  0
LINE
  8
0
 10
-128.062
 20
731.947
 11
-127.688
 21
731.994
  0
LINE
  8
0
 10
-127.688
 20
731.994
 11
-127.312
 21
731.994
  0
LINE
  8
0
 10
-127.312
 20
731.994
 11
-126.938
 21
731.947
  0
LINE
  8
0
 10
-126.938
 20
731.947
 11
-126.573
 21
731.853
  0
LINE
  8
0
 10
-126.573
 20
731.853
 11
-126.223
 21
731.714
  0
LINE
  8
0
 10
-126.223
 20
731.714
 11
-125.893
 21
731.533
  0
LINE
  8
0
 10
-125.893
 20
731.533
 11
-125.588
 21
731.312
  0
LINE
  8
0
 10
-125.588
 20
731.312
 11
-125.313
 21
731.054
  0
LINE
  8
0
 10
-125.313
 20
731.054
 11
-125.073
 21
730.763
  0
LINE
  8
0
 10
-125.073
 20
730.763
 11
-124.871
 21
730.445
  0
LINE
  8
0
 10
-124.871
 20
730.445
 11
-124.711
 21
730.104
  0
LINE
  8
0
 10
-124.711
 20
730.104
 11
-124.594
 21
729.746
  0
LINE
  8
0
 10
-124.594
 20
729.746
 11
-124.524
 21
729.376
  0
LINE
  8
0
 10
-124.524
 20
729.376
 11
-124.5
 21
729
  0
LINE
  8
0
 10
-124.5
 20
729
 11
-124.524
 21
728.624
  0
LINE
  8
0
 10
-124.524
 20
728.624
 11
-124.594
 21
728.254
  0
LINE
  8
0
 10
-124.594
 20
728.254
 11
-124.711
 21
727.896
  0
LINE
  8
0
 10
-124.711
 20
727.896
 11
-124.871
 21
727.555
  0
LINE
  8
0
 10
-124.871
 20
727.555
 11
-125.073
 21
727.237
  0
LINE
  8
0
 10
-125.073
 20
727.237
 11
-125.313
 21
726.946
  0
LINE
  8
0
 10
-125.313
 20
726.946
 11
-125.588
 21
726.688
  0
LINE
  8
0
 10
-125.588
 20
726.688
 11
-125.893
 21
726.467
  0
LINE
  8
0
 10
-125.893
 20
726.467
 11
-126.223
 21
726.286
  0
LINE
  8
0
 10
-126.223
 20
726.286
 11
-126.573
 21
726.147
  0
LINE
  8
0
 10
-126.573
 20
726.147
 11
-126.938
 21
726.053
  0
LINE
  8
0
 10
-126.938
 20
726.053
 11
-127.312
 21
726.006
  0
LINE
  8
0
 10
-127.312
 20
726.006
 11
-127.688
 21
726.006
  0
LINE
  8
0
 10
-127.594
 20
720.003
 11
-127.781
 21
720.027
  0
LINE
  8
0
 10
-127.781
 20
720.027
 11
-127.964
 21
720.073
  0
LINE
  8
0
 10
-127.964
 20
720.073
 11
-128.139
 21
720.143
  0
LINE
  8
0
 10
-128.139
 20
720.143
 11
-128.304
 21
720.234
  0
LINE
  8
0
 10
-128.304
 20
720.234
 11
-128.456
 21
720.344
  0
LINE
  8
0
 10
-128.456
 20
720.344
 11
-128.593
 21
720.473
  0
LINE
  8
0
 10
-128.593
 20
720.473
 11
-128.714
 21
720.618
  0
LINE
  8
0
 10
-128.714
 20
720.618
 11
-128.814
 21
720.777
  0
LINE
  8
0
 10
-128.814
 20
720.777
 11
-128.895
 21
720.948
  0
LINE
  8
0
 10
-128.895
 20
720.948
 11
-128.953
 21
721.127
  0
LINE
  8
0
 10
-128.953
 20
721.127
 11
-128.988
 21
721.312
  0
LINE
  8
0
 10
-128.988
 20
721.312
 11
-129
 21
721.5
  0
LINE
  8
0
 10
-129
 20
721.5
 11
-128.988
 21
721.688
  0
LINE
  8
0
 10
-128.988
 20
721.688
 11
-128.953
 21
721.873
  0
LINE
  8
0
 10
-128.953
 20
721.873
 11
-128.895
 21
722.052
  0
LINE
  8
0
 10
-128.895
 20
722.052
 11
-128.814
 21
722.223
  0
LINE
  8
0
 10
-128.814
 20
722.223
 11
-128.714
 21
722.382
  0
LINE
  8
0
 10
-128.714
 20
722.382
 11
-128.593
 21
722.527
  0
LINE
  8
0
 10
-128.593
 20
722.527
 11
-128.456
 21
722.656
  0
LINE
  8
0
 10
-128.456
 20
722.656
 11
-128.304
 21
722.766
  0
LINE
  8
0
 10
-128.304
 20
722.766
 11
-128.139
 21
722.857
  0
LINE
  8
0
 10
-128.139
 20
722.857
 11
-127.964
 21
722.927
  0
LINE
  8
0
 10
-127.964
 20
722.927
 11
-127.781
 21
722.973
  0
LINE
  8
0
 10
-127.781
 20
722.973
 11
-127.594
 21
722.997
  0
LINE
  8
0
 10
-127.594
 20
722.997
 11
-127.406
 21
722.997
  0
LINE
  8
0
 10
-127.406
 20
722.997
 11
-127.219
 21
722.973
  0
LINE
  8
0
 10
-127.219
 20
722.973
 11
-127.036
 21
722.927
  0
LINE
  8
0
 10
-127.036
 20
722.927
 11
-126.861
 21
722.857
  0
LINE
  8
0
 10
-126.861
 20
722.857
 11
-126.696
 21
722.766
  0
LINE
  8
0
 10
-126.696
 20
722.766
 11
-126.544
 21
722.656
  0
LINE
  8
0
 10
-126.544
 20
722.656
 11
-126.407
 21
722.527
  0
LINE
  8
0
 10
-126.407
 20
722.527
 11
-126.286
 21
722.382
  0
LINE
  8
0
 10
-126.286
 20
722.382
 11
-126.186
 21
722.223
  0
LINE
  8
0
 10
-126.186
 20
722.223
 11
-126.105
 21
722.052
  0
LINE
  8
0
 10
-126.105
 20
722.052
 11
-126.047
 21
721.873
  0
LINE
  8
0
 10
-126.047
 20
721.873
 11
-126.012
 21
721.688
  0
LINE
  8
0
 10
-126.012
 20
721.688
 11
-126
 21
721.5
  0
LINE
  8
0
 10
-126
 20
721.5
 11
-126.012
 21
721.312
  0
LINE
  8
0
 10
-126.012
 20
721.312
 11
-126.047
 21
721.127
  0
LINE
  8
0
 10
-126.047
 20
721.127
 11
-126.105
 21
720.948
  0
LINE
  8
0
 10
-126.105
 20
720.948
 11
-126.186
 21
720.777
  0
LINE
  8
0
 10
-126.186
 20
720.777
 11
-126.286
 21
720.618
  0
LINE
  8
0
 10
-126.286
 20
720.618
 11
-126.407
 21
720.473
  0
LINE
  8
0
 10
-126.407
 20
720.473
 11
-126.544
 21
720.344
  0
LINE
  8
0
 10
-126.544
 20
720.344
 11
-126.696
 21
720.234
  0
LINE
  8
0
 10
-126.696
 20
720.234
 11
-126.861
 21
720.143
  0
LINE
  8
0
 10
-126.861
 20
720.143
 11
-127.036
 21
720.073
  0
LINE
  8
0
 10
-127.036
 20
720.073
 11
-127.219
 21
720.027
  0
LINE
  8
0
 10
-127.219
 20
720.027
 11
-127.406
 21
720.003
  0
LINE
  8
0
 10
-127.406
 20
720.003
 11
-127.594
 21
720.003
  0
LINE
  8
0
 10
127.406
 20
720.003
 11
127.219
 21
720.027
  0
LINE
  8
0
 10
127.219
 20
720.027
 11
127.036
 21
720.073
  0
LINE
  8
0
 10
127.036
 20
720.073
 11
126.861
 21
720.143
  0
LINE
  8
0
 10
126.861
 20
720.143
 11
126.696
 21
720.234
  0
LINE
  8
0
 10
126.696
 20
720.234
 11
126.544
 21
720.344
  0
LINE
  8
0
 10
126.544
 20
720.344
 11
126.407
 21
720.473
  0
LINE
  8
0
 10
126.407
 20
720.473
 11
126.286
 21
720.618
  0
LINE
  8
0
 10
126.286
 20
720.618
 11
126.186
 21
720.777
  0
LINE
  8
0
 10
126.186
 20
720.777
 11
126.105
 21
720.948
  0
LINE
  8
0
 10
126.105
 20
720.948
 11
126.047
 21
721.127
  0
LINE
  8
0
 10
126.047
 20
721.127
 11
126.012
 21
721.312
  0
LINE
  8
0
 10
126.012
 20
721.312
 11
126
 21
721.5
  0
LINE
  8
0
 10
126
 20
721.5
 11
126.012
 21
721.688
  0
LINE
  8
0
 10
126.012
 20
721.688
 11
126.047
 21
721.873
  0
LINE
  8
0
 10
126.047
 20
721.873
 11
126.105
 21
722.052
  0
LINE
  8
0
 10
126.105
 20
722.052
 11
126.186
 21
722.223
  0
LINE
  8
0
 10
126.186
 20
722.223
 11
126.286
 21
722.382
  0
LINE
  8
0
 10
126.286
 20
722.382
 11
126.407
 21
722.527
  0
LINE
  8
0
 10
126.407
 20
722.527
 11
126.544
 21
722.656
  0
LINE
  8
0
 10
126.544
 20
722.656
 11
126.696
 21
722.766
  0
LINE
  8
0
 10
126.696
 20
722.766
 11
126.861
 21
722.857
  0
LINE
  8
0
 10
126.861
 20
722.857
 11
127.036
 21
722.927
  0
LINE
  8
0
 10
127.036
 20
722.927
 11
127.219
 21
722.973
  0
LINE
  8
0
 10
127.219
 20
722.973
 11
127.406
 21
722.997
  0
LINE
  8
0
 10
127.406
 20
722.997
 11
127.594
 21
722.997
  0
LINE
  8
0
 10
127.594
 20
722.997
 11
127.781
 21
722.973
  0
LINE
  8
0
 10
127.781
 20
722.973
 11
127.964
 21
722.927
  0
LINE
  8
0
 10
127.964
 20
722.927
 11
128.139
 21
722.857
  0
LINE
  8
0
 10
128.139
 20
722.857
 11
128.304
 21
722.766
  0
LINE
  8
0
 10
128.304
 20
722.766
 11
128.456
 21
722.656
  0
LINE
  8
0
 10
128.456
 20
722.656
 11
128.593
 21
722.527
  0
LINE
  8
0
 10
128.593
 20
722.527
 11
128.714
 21
722.382
  0
LINE
  8
0
 10
128.714
 20
722.382
 11
128.814
 21
722.223
  0
LINE
  8
0
 10
128.814
 20
722.223
 11
128.895
 21
722.052
  0
LINE
  8
0
 10
128.895
 20
722.052
 11
128.953
 21
721.873
  0
LINE
  8
0
 10
128.953
 20
721.873
 11
128.988
 21
721.688
  0
LINE
  8
0
 10
128.988
 20
721.688
 11
129
 21
721.5
  0
LINE
  8
0
 10
129
 20
721.5
 11
128.988
 21
721.312
  0
LINE
  8
0
 10
128.988
 20
721.312
 11
128.953
 21
721.127
  0
LINE
  8
0
 10
128.953
 20
721.127
 11
128.895
 21
720.948
  0
LINE
  8
0
 10
128.895
 20
720.948
 11
128.814
 21
720.777
  0
LINE
  8
0
 10
128.814
 20
720.777
 11
128.714
 21
720.618
  0
LINE
  8
0
 10
128.714
 20
720.618
 11
128.593
 21
720.473
  0
LINE
  8
0
 10
128.593
 20
720.473
 11
128.456
 21
720.344
  0
LINE
  8
0
 10
128.456
 20
720.344
 11
128.304
 21
720.234
  0
LINE
  8
0
 10
128.304
 20
720.234
 11
128.139
 21
720.143
  0
LINE
  8
0
 10
128.139
 20
720.143
 11
127.964
 21
720.073
  0
LINE
  8
0
 10
127.964
 20
720.073
 11
127.781
 21
720.027
  0
LINE
  8
0
 10
127.781
 20
720.027
 11
127.594
 21
720.003
  0
LINE
  8
0
 10
127.594
 20
720.003
 11
127.406
 21
720.003
  0
LINE
  8
0
 10
-127.688
 20
711.006
 11
-128.062
 21
711.053
  0
LINE
  8
0
 10
-128.062
 20
711.053
 11
-128.427
 21
711.147
  0
LINE
  8
0
 10
-128.427
 20
711.147
 11
-128.777
 21
711.286
  0
LINE
  8
0
 10
-128.777
 20
711.286
 11
-129.107
 21
711.467
  0
LINE
  8
0
 10
-129.107
 20
711.467
 11
-129.412
 21
711.688
  0
LINE
  8
0
 10
-129.412
 20
711.688
 11
-129.687
 21
711.946
  0
LINE
  8
0
 10
-129.687
 20
711.946
 11
-129.927
 21
712.237
  0
LINE
  8
0
 10
-129.927
 20
712.237
 11
-130.129
 21
712.555
  0
LINE
  8
0
 10
-130.129
 20
712.555
 11
-130.289
 21
712.896
  0
LINE
  8
0
 10
-130.289
 20
712.896
 11
-130.406
 21
713.254
  0
LINE
  8
0
 10
-130.406
 20
713.254
 11
-130.476
 21
713.624
  0
LINE
  8
0
 10
-130.476
 20
713.624
 11
-130.5
 21
714
  0
LINE
  8
0
 10
-130.5
 20
714
 11
-130.476
 21
714.376
  0
LINE
  8
0
 10
-130.476
 20
714.376
 11
-130.406
 21
714.746
  0
LINE
  8
0
 10
-130.406
 20
714.746
 11
-130.289
 21
715.104
  0
LINE
  8
0
 10
-130.289
 20
715.104
 11
-130.129
 21
715.445
  0
LINE
  8
0
 10
-130.129
 20
715.445
 11
-129.927
 21
715.763
  0
LINE
  8
0
 10
-129.927
 20
715.763
 11
-129.687
 21
716.054
  0
LINE
  8
0
 10
-129.687
 20
716.054
 11
-129.412
 21
716.312
  0
LINE
  8
0
 10
-129.412
 20
716.312
 11
-129.107
 21
716.533
  0
LINE
  8
0
 10
-129.107
 20
716.533
 11
-128.777
 21
716.714
  0
LINE
  8
0
 10
-128.777
 20
716.714
 11
-128.427
 21
716.853
  0
LINE
  8
0
 10
-128.427
 20
716.853
 11
-128.062
 21
716.947
  0
LINE
  8
0
 10
-128.062
 20
716.947
 11
-127.688
 21
716.994
  0
LINE
  8
0
 10
-127.688
 20
716.994
 11
-127.312
 21
716.994
  0
LINE
  8
0
 10
-127.312
 20
716.994
 11
-126.938
 21
716.947
  0
LINE
  8
0
 10
-126.938
 20
716.947
 11
-126.573
 21
716.853
  0
LINE
  8
0
 10
-126.573
 20
716.853
 11
-126.223
 21
716.714
  0
LINE
  8
0
 10
-126.223
 20
716.714
 11
-125.893
 21
716.533
  0
LINE
  8
0
 10
-125.893
 20
716.533
 11
-125.588
 21
716.312
  0
LINE
  8
0
 10
-125.588
 20
716.312
 11
-125.313
 21
716.054
  0
LINE
  8
0
 10
-125.313
 20
716.054
 11
-125.073
 21
715.763
  0
LINE
  8
0
 10
-125.073
 20
715.763
 11
-124.871
 21
715.445
  0
LINE
  8
0
 10
-124.871
 20
715.445
 11
-124.711
 21
715.104
  0
LINE
  8
0
 10
-124.711
 20
715.104
 11
-124.594
 21
714.746
  0
LINE
  8
0
 10
-124.594
 20
714.746
 11
-124.524
 21
714.376
  0
LINE
  8
0
 10
-124.524
 20
714.376
 11
-124.5
 21
714
  0
LINE
  8
0
 10
-124.5
 20
714
 11
-124.524
 21
713.624
  0
LINE
  8
0
 10
-124.524
 20
713.624
 11
-124.594
 21
713.254
  0
LINE
  8
0
 10
-124.594
 20
713.254
 11
-124.711
 21
712.896
  0
LINE
  8
0
 10
-124.711
 20
712.896
 11
-124.871
 21
712.555
  0
LINE
  8
0
 10
-124.871
 20
712.555
 11
-125.073
 21
712.237
  0
LINE
  8
0
 10
-125.073
 20
712.237
 11
-125.313
 21
711.946
  0
LINE
  8
0
 10
-125.313
 20
711.946
 11
-125.588
 21
711.688
  0
LINE
  8
0
 10
-125.588
 20
711.688
 11
-125.893
 21
711.467
  0
LINE
  8
0
 10
-125.893
 20
711.467
 11
-126.223
 21
711.286
  0
LINE
  8
0
 10
-126.223
 20
711.286
 11
-126.573
 21
711.147
  0
LINE
  8
0
 10
-126.573
 20
711.147
 11
-126.938
 21
711.053
  0
LINE
  8
0
 10
-126.938
 20
711.053
 11
-127.312
 21
711.006
  0
LINE
  8
0
 10
-127.312
 20
711.006
 11
-127.688
 21
711.006
  0
LINE
  8
0
 10
127.312
 20
711.006
 11
126.938
 21
711.053
  0
LINE
  8
0
 10
126.938
 20
711.053
 11
126.573
 21
711.147
  0
LINE
  8
0
 10
126.573
 20
711.147
 11
126.223
 21
711.286
  0
LINE
  8
0
 10
126.223
 20
711.286
 11
125.893
 21
711.467
  0
LINE
  8
0
 10
125.893
 20
711.467
 11
125.588
 21
711.688
  0
LINE
  8
0
 10
125.588
 20
711.688
 11
125.313
 21
711.946
  0
LINE
  8
0
 10
125.313
 20
711.946
 11
125.073
 21
712.237
  0
LINE
  8
0
 10
125.073
 20
712.237
 11
124.871
 21
712.555
  0
LINE
  8
0
 10
124.871
 20
712.555
 11
124.711
 21
712.896
  0
LINE
  8
0
 10
124.711
 20
712.896
 11
124.594
 21
713.254
  0
LINE
  8
0
 10
124.594
 20
713.254
 11
124.524
 21
713.624
  0
LINE
  8
0
 10
124.524
 20
713.624
 11
124.5
 21
714
  0
LINE
  8
0
 10
124.5
 20
714
 11
124.524
 21
714.376
  0
LINE
  8
0
 10
124.524
 20
714.376
 11
124.594
 21
714.746
  0
LINE
  8
0
 10
124.594
 20
714.746
 11
124.711
 21
715.104
  0
LINE
  8
0
 10
124.711
 20
715.104
 11
124.871
 21
715.445
  0
LINE
  8
0
 10
124.871
 20
715.445
 11
125.073
 21
715.763
  0
LINE
  8
0
 10
125.073
 20
715.763
 11
125.313
 21
716.054
  0
LINE
  8
0
 10
125.313
 20
716.054
 11
125.588
 21
716.312
  0
LINE
  8
0
 10
125.588
 20
716.312
 11
125.893
 21
716.533
  0
LINE
  8
0
 10
125.893
 20
716.533
 11
126.223
 21
716.714
  0
LINE
  8
0
 10
126.223
 20
716.714
 11
126.573
 21
716.853
  0
LINE
  8
0
 10
126.573
 20
716.853
 11
126.938
 21
716.947
  0
LINE
  8
0
 10
126.938
 20
716.947
 11
127.312
 21
716.994
  0
LINE
  8
0
 10
127.312
 20
716.994
 11
127.688
 21
716.994
  0
LINE
  8
0
 10
127.688
 20
716.994
 11
128.062
 21
716.947
  0
LINE
  8
0
 10
128.062
 20
716.947
 11
128.427
 21
716.853
  0
LINE
  8
0
 10
128.427
 20
716.853
 11
128.777
 21
716.714
  0
LINE
  8
0
 10
128.777
 20
716.714
 11
129.107
 21
716.533
  0
LINE
  8
0
 10
129.107
 20
716.533
 11
129.412
 21
716.312
  0
LINE
  8
0
 10
129.412
 20
716.312
 11
129.687
 21
716.054
  0
LINE
  8
0
 10
129.687
 20
716.054
 11
129.927
 21
715.763
  0
LINE
  8
0
 10
129.927
 20
715.763
 11
130.129
 21
715.445
  0
LINE
  8
0
 10
130.129
 20
715.445
 11
130.289
 21
715.104
  0
LINE
  8
0
 10
130.289
 20
715.104
 11
130.406
 21
714.746
  0
LINE
  8
0
 10
130.406
 20
714.746
 11
130.476
 21
714.376
  0
LINE
  8
0
 10
130.476
 20
714.376
 11
130.5
 21
714
  0
LINE
  8
0
 10
130.5
 20
714
 11
130.476
 21
713.624
  0
LINE
  8
0
 10
130.476
 20
713.624
 11
130.406
 21
713.254
  0
LINE
  8
0
 10
130.406
 20
713.254
 11
130.289
 21
712.896
  0
LINE
  8
0
 10
130.289
 20
712.896
 11
130.129
 21
712.555
  0
LINE
  8
0
 10
130.129
 20
712.555
 11
129.927
 21
712.237
  0
LINE
  8
0
 10
129.927
 20
712.237
 11
129.687
 21
711.946
  0
LINE
  8
0
 10
129.687
 20
711.946
 11
129.412
 21
711.688
  0
LINE
  8
0
 10
129.412
 20
711.688
 11
129.107
 21
711.467
  0
LINE
  8
0
 10
129.107
 20
711.467
 11
128.777
 21
711.286
  0
LINE
  8
0
 10
128.777
 20
711.286
 11
128.427
 21
711.147
  0
LINE
  8
0
 10
128.427
 20
711.147
 11
128.062
 21
711.053
  0
LINE
  8
0
 10
128.062
 20
711.053
 11
127.688
 21
711.006
  0
LINE
  8
0
 10
127.688
 20
711.006
 11
127.312
 21
711.006
  0
LINE
  8
0
 10
127.406
 20
705.003
 11
127.219
 21
705.027
  0
LINE
  8
0
 10
127.219
 20
705.027
 11
127.036
 21
705.073
  0
LINE
  8
0
 10
127.036
 20
705.073
 11
126.861
 21
705.143
  0
LINE
  8
0
 10
126.861
 20
705.143
 11
126.696
 21
705.234
  0
LINE
  8
0
 10
126.696
 20
705.234
 11
126.544
 21
705.344
  0
LINE
  8
0
 10
126.544
 20
705.344
 11
126.407
 21
705.473
  0
LINE
  8
0
 10
126.407
 20
705.473
 11
126.286
 21
705.618
  0
LINE
  8
0
 10
126.286
 20
705.618
 11
126.186
 21
705.777
  0
LINE
  8
0
 10
126.186
 20
705.777
 11
126.105
 21
705.948
  0
LINE
  8
0
 10
126.105
 20
705.948
 11
126.047
 21
706.127
  0
LINE
  8
0
 10
126.047
 20
706.127
 11
126.012
 21
706.312
  0
LINE
  8
0
 10
126.012
 20
706.312
 11
126
 21
706.5
  0
LINE
  8
0
 10
126
 20
706.5
 11
126.012
 21
706.688
  0
LINE
  8
0
 10
126.012
 20
706.688
 11
126.047
 21
706.873
  0
LINE
  8
0
 10
126.047
 20
706.873
 11
126.105
 21
707.052
  0
LINE
  8
0
 10
126.105
 20
707.052
 11
126.186
 21
707.223
  0
LINE
  8
0
 10
126.186
 20
707.223
 11
126.286
 21
707.382
  0
LINE
  8
0
 10
126.286
 20
707.382
 11
126.407
 21
707.527
  0
LINE
  8
0
 10
126.407
 20
707.527
 11
126.544
 21
707.656
  0
LINE
  8
0
 10
126.544
 20
707.656
 11
126.696
 21
707.766
  0
LINE
  8
0
 10
126.696
 20
707.766
 11
126.861
 21
707.857
  0
LINE
  8
0
 10
126.861
 20
707.857
 11
127.036
 21
707.927
  0
LINE
  8
0
 10
127.036
 20
707.927
 11
127.219
 21
707.973
  0
LINE
  8
0
 10
127.219
 20
707.973
 11
127.406
 21
707.997
  0
LINE
  8
0
 10
127.406
 20
707.997
 11
127.594
 21
707.997
  0
LINE
  8
0
 10
127.594
 20
707.997
 11
127.781
 21
707.973
  0
LINE
  8
0
 10
127.781
 20
707.973
 11
127.964
 21
707.927
  0
LINE
  8
0
 10
127.964
 20
707.927
 11
128.139
 21
707.857
  0
LINE
  8
0
 10
128.139
 20
707.857
 11
128.304
 21
707.766
  0
LINE
  8
0
 10
128.304
 20
707.766
 11
128.456
 21
707.656
  0
LINE
  8
0
 10
128.456
 20
707.656
 11
128.593
 21
707.527
  0
LINE
  8
0
 10
128.593
 20
707.527
 11
128.714
 21
707.382
  0
LINE
  8
0
 10
128.714
 20
707.382
 11
128.814
 21
707.223
  0
LINE
  8
0
 10
128.814
 20
707.223
 11
128.895
 21
707.052
  0
LINE
  8
0
 10
128.895
 20
707.052
 11
128.953
 21
706.873
  0
LINE
  8
0
 10
128.953
 20
706.873
 11
128.988
 21
706.688
  0
LINE
  8
0
 10
128.988
 20
706.688
 11
129
 21
706.5
  0
LINE
  8
0
 10
129
 20
706.5
 11
128.988
 21
706.312
  0
LINE
  8
0
 10
128.988
 20
706.312
 11
128.953
 21
706.127
  0
LINE
  8
0
 10
128.953
 20
706.127
 11
128.895
 21
705.948
  0
LINE
  8
0
 10
128.895
 20
705.948
 11
128.814
 21
705.777
  0
LINE
  8
0
 10
128.814
 20
705.777
 11
128.714
 21
705.618
  0
LINE
  8
0
 10
128.714
 20
705.618
 11
128.593
 21
705.473
  0
LINE
  8
0
 10
128.593
 20
705.473
 11
128.456
 21
705.344
  0
LINE
  8
0
 10
128.456
 20
705.344
 11
128.304
 21
705.234
  0
LINE
  8
0
 10
128.304
 20
705.234
 11
128.139
 21
705.143
  0
LINE
  8
0
 10
128.139
 20
705.143
 11
127.964
 21
705.073
  0
LINE
  8
0
 10
127.964
 20
705.073
 11
127.781
 21
705.027
  0
LINE
  8
0
 10
127.781
 20
705.027
 11
127.594
 21
705.003
  0
LINE
  8
0
 10
127.594
 20
705.003
 11
127.406
 21
705.003
  0
LINE
  8
0
 10
-127.594
 20
705.003
 11
-127.781
 21
705.027
  0
LINE
  8
0
 10
-127.781
 20
705.027
 11
-127.964
 21
705.073
  0
LINE
  8
0
 10
-127.964
 20
705.073
 11
-128.139
 21
705.143
  0
LINE
  8
0
 10
-128.139
 20
705.143
 11
-128.304
 21
705.234
  0
LINE
  8
0
 10
-128.304
 20
705.234
 11
-128.456
 21
705.344
  0
LINE
  8
0
 10
-128.456
 20
705.344
 11
-128.593
 21
705.473
  0
LINE
  8
0
 10
-128.593
 20
705.473
 11
-128.714
 21
705.618
  0
LINE
  8
0
 10
-128.714
 20
705.618
 11
-128.814
 21
705.777
  0
LINE
  8
0
 10
-128.814
 20
705.777
 11
-128.895
 21
705.948
  0
LINE
  8
0
 10
-128.895
 20
705.948
 11
-128.953
 21
706.127
  0
LINE
  8
0
 10
-128.953
 20
706.127
 11
-128.988
 21
706.312
  0
LINE
  8
0
 10
-128.988
 20
706.312
 11
-129
 21
706.5
  0
LINE
  8
0
 10
-129
 20
706.5
 11
-128.988
 21
706.688
  0
LINE
  8
0
 10
-128.988
 20
706.688
 11
-128.953
 21
706.873
  0
LINE
  8
0
 10
-128.953
 20
706.873
 11
-128.895
 21
707.052
  0
LINE
  8
0
 10
-128.895
 20
707.052
 11
-128.814
 21
707.223
  0
LINE
  8
0
 10
-128.814
 20
707.223
 11
-128.714
 21
707.382
  0
LINE
  8
0
 10
-128.714
 20
707.382
 11
-128.593
 21
707.527
  0
LINE
  8
0
 10
-128.593
 20
707.527
 11
-128.456
 21
707.656
  0
LINE
  8
0
 10
-128.456
 20
707.656
 11
-128.304
 21
707.766
  0
LINE
  8
0
 10
-128.304
 20
707.766
 11
-128.139
 21
707.857
  0
LINE
  8
0
 10
-128.139
 20
707.857
 11
-127.964
 21
707.927
  0
LINE
  8
0
 10
-127.964
 20
707.927
 11
-127.781
 21
707.973
  0
LINE
  8
0
 10
-127.781
 20
707.973
 11
-127.594
 21
707.997
  0
LINE
  8
0
 10
-127.594
 20
707.997
 11
-127.406
 21
707.997
  0
LINE
  8
0
 10
-127.406
 20
707.997
 11
-127.219
 21
707.973
  0
LINE
  8
0
 10
-127.219
 20
707.973
 11
-127.036
 21
707.927
  0
LINE
  8
0
 10
-127.036
 20
707.927
 11
-126.861
 21
707.857
  0
LINE
  8
0
 10
-126.861
 20
707.857
 11
-126.696
 21
707.766
  0
LINE
  8
0
 10
-126.696
 20
707.766
 11
-126.544
 21
707.656
  0
LINE
  8
0
 10
-126.544
 20
707.656
 11
-126.407
 21
707.527
  0
LINE
  8
0
 10
-126.407
 20
707.527
 11
-126.286
 21
707.382
  0
LINE
  8
0
 10
-126.286
 20
707.382
 11
-126.186
 21
707.223
  0
LINE
  8
0
 10
-126.186
 20
707.223
 11
-126.105
 21
707.052
  0
LINE
  8
0
 10
-126.105
 20
707.052
 11
-126.047
 21
706.873
  0
LINE
  8
0
 10
-126.047
 20
706.873
 11
-126.012
 21
706.688
  0
LINE
  8
0
 10
-126.012
 20
706.688
 11
-126
 21
706.5
  0
LINE
  8
0
 10
-126
 20
706.5
 11
-126.012
 21
706.312
  0
LINE
  8
0
 10
-126.012
 20
706.312
 11
-126.047
 21
706.127
  0
LINE
  8
0
 10
-126.047
 20
706.127
 11
-126.105
 21
705.948
  0
LINE
  8
0
 10
-126.105
 20
705.948
 11
-126.186
 21
705.777
  0
LINE
  8
0
 10
-126.186
 20
705.777
 11
-126.286
 21
705.618
  0
LINE
  8
0
 10
-126.286
 20
705.618
 11
-126.407
 21
705.473
  0
LINE
  8
0
 10
-126.407
 20
705.473
 11
-126.544
 21
705.344
  0
LINE
  8
0
 10
-126.544
 20
705.344
 11
-126.696
 21
705.234
  0
LINE
  8
0
 10
-126.696
 20
705.234
 11
-126.861
 21
705.143
  0
LINE
  8
0
 10
-126.861
 20
705.143
 11
-127.036
 21
705.073
  0
LINE
  8
0
 10
-127.036
 20
705.073
 11
-127.219
 21
705.027
  0
LINE
  8
0
 10
-127.219
 20
705.027
 11
-127.406
 21
705.003
  0
LINE
  8
0
 10
-127.406
 20
705.003
 11
-127.594
 21
705.003
  0
LINE
  8
0
 10
127.312
 20
696.006
 11
126.938
 21
696.053
  0
LINE
  8
0
 10
126.938
 20
696.053
 11
126.573
 21
696.147
  0
LINE
  8
0
 10
126.573
 20
696.147
 11
126.223
 21
696.286
  0
LINE
  8
0
 10
126.223
 20
696.286
 11
125.893
 21
696.467
  0
LINE
  8
0
 10
125.893
 20
696.467
 11
125.588
 21
696.688
  0
LINE
  8
0
 10
125.588
 20
696.688
 11
125.313
 21
696.946
  0
LINE
  8
0
 10
125.313
 20
696.946
 11
125.073
 21
697.237
  0
LINE
  8
0
 10
125.073
 20
697.237
 11
124.871
 21
697.555
  0
LINE
  8
0
 10
124.871
 20
697.555
 11
124.711
 21
697.896
  0
LINE
  8
0
 10
124.711
 20
697.896
 11
124.594
 21
698.254
  0
LINE
  8
0
 10
124.594
 20
698.254
 11
124.524
 21
698.624
  0
LINE
  8
0
 10
124.524
 20
698.624
 11
124.5
 21
699
  0
LINE
  8
0
 10
124.5
 20
699
 11
124.524
 21
699.376
  0
LINE
  8
0
 10
124.524
 20
699.376
 11
124.594
 21
699.746
  0
LINE
  8
0
 10
124.594
 20
699.746
 11
124.711
 21
700.104
  0
LINE
  8
0
 10
124.711
 20
700.104
 11
124.871
 21
700.445
  0
LINE
  8
0
 10
124.871
 20
700.445
 11
125.073
 21
700.763
  0
LINE
  8
0
 10
125.073
 20
700.763
 11
125.313
 21
701.054
  0
LINE
  8
0
 10
125.313
 20
701.054
 11
125.588
 21
701.312
  0
LINE
  8
0
 10
125.588
 20
701.312
 11
125.893
 21
701.533
  0
LINE
  8
0
 10
125.893
 20
701.533
 11
126.223
 21
701.714
  0
LINE
  8
0
 10
126.223
 20
701.714
 11
126.573
 21
701.853
  0
LINE
  8
0
 10
126.573
 20
701.853
 11
126.938
 21
701.947
  0
LINE
  8
0
 10
126.938
 20
701.947
 11
127.312
 21
701.994
  0
LINE
  8
0
 10
127.312
 20
701.994
 11
127.688
 21
701.994
  0
LINE
  8
0
 10
127.688
 20
701.994
 11
128.062
 21
701.947
  0
LINE
  8
0
 10
128.062
 20
701.947
 11
128.427
 21
701.853
  0
LINE
  8
0
 10
128.427
 20
701.853
 11
128.777
 21
701.714
  0
LINE
  8
0
 10
128.777
 20
701.714
 11
129.107
 21
701.533
  0
LINE
  8
0
 10
129.107
 20
701.533
 11
129.412
 21
701.312
  0
LINE
  8
0
 10
129.412
 20
701.312
 11
129.687
 21
701.054
  0
LINE
  8
0
 10
129.687
 20
701.054
 11
129.927
 21
700.763
  0
LINE
  8
0
 10
129.927
 20
700.763
 11
130.129
 21
700.445
  0
LINE
  8
0
 10
130.129
 20
700.445
 11
130.289
 21
700.104
  0
LINE
  8
0
 10
130.289
 20
700.104
 11
130.406
 21
699.746
  0
LINE
  8
0
 10
130.406
 20
699.746
 11
130.476
 21
699.376
  0
LINE
  8
0
 10
130.476
 20
699.376
 11
130.5
 21
699
  0
LINE
  8
0
 10
130.5
 20
699
 11
130.476
 21
698.624
  0
LINE
  8
0
 10
130.476
 20
698.624
 11
130.406
 21
698.254
  0
LINE
  8
0
 10
130.406
 20
698.254
 11
130.289
 21
697.896
  0
LINE
  8
0
 10
130.289
 20
697.896
 11
130.129
 21
697.555
  0
LINE
  8
0
 10
130.129
 20
697.555
 11
129.927
 21
697.237
  0
LINE
  8
0
 10
129.927
 20
697.237
 11
129.687
 21
696.946
  0
LINE
  8
0
 10
129.687
 20
696.946
 11
129.412
 21
696.688
  0
LINE
  8
0
 10
129.412
 20
696.688
 11
129.107
 21
696.467
  0
LINE
  8
0
 10
129.107
 20
696.467
 11
128.777
 21
696.286
  0
LINE
  8
0
 10
128.777
 20
696.286
 11
128.427
 21
696.147
  0
LINE
  8
0
 10
128.427
 20
696.147
 11
128.062
 21
696.053
  0
LINE
  8
0
 10
128.062
 20
696.053
 11
127.688
 21
696.006
  0
LINE
  8
0
 10
127.688
 20
696.006
 11
127.312
 21
696.006
  0
LINE
  8
0
 10
-127.688
 20
696.006
 11
-128.062
 21
696.053
  0
LINE
  8
0
 10
-128.062
 20
696.053
 11
-128.427
 21
696.147
  0
LINE
  8
0
 10
-128.427
 20
696.147
 11
-128.777
 21
696.286
  0
LINE
  8
0
 10
-128.777
 20
696.286
 11
-129.107
 21
696.467
  0
LINE
  8
0
 10
-129.107
 20
696.467
 11
-129.412
 21
696.688
  0
LINE
  8
0
 10
-129.412
 20
696.688
 11
-129.687
 21
696.946
  0
LINE
  8
0
 10
-129.687
 20
696.946
 11
-129.927
 21
697.237
  0
LINE
  8
0
 10
-129.927
 20
697.237
 11
-130.129
 21
697.555
  0
LINE
  8
0
 10
-130.129
 20
697.555
 11
-130.289
 21
697.896
  0
LINE
  8
0
 10
-130.289
 20
697.896
 11
-130.406
 21
698.254
  0
LINE
  8
0
 10
-130.406
 20
698.254
 11
-130.476
 21
698.624
  0
LINE
  8
0
 10
-130.476
 20
698.624
 11
-130.5
 21
699
  0
LINE
  8
0
 10
-130.5
 20
699
 11
-130.476
 21
699.376
  0
LINE
  8
0
 10
-130.476
 20
699.376
 11
-130.406
 21
699.746
  0
LINE
  8
0
 10
-130.406
 20
699.746
 11
-130.289
 21
700.104
  0
LINE
  8
0
 10
-130.289
 20
700.104
 11
-130.129
 21
700.445
  0
LINE
  8
0
 10
-130.129
 20
700.445
 11
-129.927
 21
700.763
  0
LINE
  8
0
 10
-129.927
 20
700.763
 11
-129.687
 21
701.054
  0
LINE
  8
0
 10
-129.687
 20
701.054
 11
-129.412
 21
701.312
  0
LINE
  8
0
 10
-129.412
 20
701.312
 11
-129.107
 21
701.533
  0
LINE
  8
0
 10
-129.107
 20
701.533
 11
-128.777
 21
701.714
  0
LINE
  8
0
 10
-128.777
 20
701.714
 11
-128.427
 21
701.853
  0
LINE
  8
0
 10
-128.427
 20
701.853
 11
-128.062
 21
701.947
  0
LINE
  8
0
 10
-128.062
 20
701.947
 11
-127.688
 21
701.994
  0
LINE
  8
0
 10
-127.688
 20
701.994
 11
-127.312
 21
701.994
  0
LINE
  8
0
 10
-127.312
 20
701.994
 11
-126.938
 21
701.947
  0
LINE
  8
0
 10
-126.938
 20
701.947
 11
-126.573
 21
701.853
  0
LINE
  8
0
 10
-126.573
 20
701.853
 11
-126.223
 21
701.714
  0
LINE
  8
0
 10
-126.223
 20
701.714
 11
-125.893
 21
701.533
  0
LINE
  8
0
 10
-125.893
 20
701.533
 11
-125.588
 21
701.312
  0
LINE
  8
0
 10
-125.588
 20
701.312
 11
-125.313
 21
701.054
  0
LINE
  8
0
 10
-125.313
 20
701.054
 11
-125.073
 21
700.763
  0
LINE
  8
0
 10
-125.073
 20
700.763
 11
-124.871
 21
700.445
  0
LINE
  8
0
 10
-124.871
 20
700.445
 11
-124.711
 21
700.104
  0
LINE
  8
0
 10
-124.711
 20
700.104
 11
-124.594
 21
699.746
  0
LINE
  8
0
 10
-124.594
 20
699.746
 11
-124.524
 21
699.376
  0
LINE
  8
0
 10
-124.524
 20
699.376
 11
-124.5
 21
699
  0
LINE
  8
0
 10
-124.5
 20
699
 11
-124.524
 21
698.624
  0
LINE
  8
0
 10
-124.524
 20
698.624
 11
-124.594
 21
698.254
  0
LINE
  8
0
 10
-124.594
 20
698.254
 11
-124.711
 21
697.896
  0
LINE
  8
0
 10
-124.711
 20
697.896
 11
-124.871
 21
697.555
  0
LINE
  8
0
 10
-124.871
 20
697.555
 11
-125.073
 21
697.237
  0
LINE
  8
0
 10
-125.073
 20
697.237
 11
-125.313
 21
696.946
  0
LINE
  8
0
 10
-125.313
 20
696.946
 11
-125.588
 21
696.688
  0
LINE
  8
0
 10
-125.588
 20
696.688
 11
-125.893
 21
696.467
  0
LINE
  8
0
 10
-125.893
 20
696.467
 11
-126.223
 21
696.286
  0
LINE
  8
0
 10
-126.223
 20
696.286
 11
-126.573
 21
696.147
  0
LINE
  8
0
 10
-126.573
 20
696.147
 11
-126.938
 21
696.053
  0
LINE
  8
0
 10
-126.938
 20
696.053
 11
-127.312
 21
696.006
  0
LINE
  8
0
 10
-127.312
 20
696.006
 11
-127.688
 21
696.006
  0
LINE
  8
0
 10
-127.594
 20
690.003
 11
-127.781
 21
690.027
  0
LINE
  8
0
 10
-127.781
 20
690.027
 11
-127.964
 21
690.073
  0
LINE
  8
0
 10
-127.964
 20
690.073
 11
-128.139
 21
690.143
  0
LINE
  8
0
 10
-128.139
 20
690.143
 11
-128.304
 21
690.234
  0
LINE
  8
0
 10
-128.304
 20
690.234
 11
-128.456
 21
690.344
  0
LINE
  8
0
 10
-128.456
 20
690.344
 11
-128.593
 21
690.473
  0
LINE
  8
0
 10
-128.593
 20
690.473
 11
-128.714
 21
690.618
  0
LINE
  8
0
 10
-128.714
 20
690.618
 11
-128.814
 21
690.777
  0
LINE
  8
0
 10
-128.814
 20
690.777
 11
-128.895
 21
690.948
  0
LINE
  8
0
 10
-128.895
 20
690.948
 11
-128.953
 21
691.127
  0
LINE
  8
0
 10
-128.953
 20
691.127
 11
-128.988
 21
691.312
  0
LINE
  8
0
 10
-128.988
 20
691.312
 11
-129
 21
691.5
  0
LINE
  8
0
 10
-129
 20
691.5
 11
-128.988
 21
691.688
  0
LINE
  8
0
 10
-128.988
 20
691.688
 11
-128.953
 21
691.873
  0
LINE
  8
0
 10
-128.953
 20
691.873
 11
-128.895
 21
692.052
  0
LINE
  8
0
 10
-128.895
 20
692.052
 11
-128.814
 21
692.223
  0
LINE
  8
0
 10
-128.814
 20
692.223
 11
-128.714
 21
692.382
  0
LINE
  8
0
 10
-128.714
 20
692.382
 11
-128.593
 21
692.527
  0
LINE
  8
0
 10
-128.593
 20
692.527
 11
-128.456
 21
692.656
  0
LINE
  8
0
 10
-128.456
 20
692.656
 11
-128.304
 21
692.766
  0
LINE
  8
0
 10
-128.304
 20
692.766
 11
-128.139
 21
692.857
  0
LINE
  8
0
 10
-128.139
 20
692.857
 11
-127.964
 21
692.927
  0
LINE
  8
0
 10
-127.964
 20
692.927
 11
-127.781
 21
692.973
  0
LINE
  8
0
 10
-127.781
 20
692.973
 11
-127.594
 21
692.997
  0
LINE
  8
0
 10
-127.594
 20
692.997
 11
-127.406
 21
692.997
  0
LINE
  8
0
 10
-127.406
 20
692.997
 11
-127.219
 21
692.973
  0
LINE
  8
0
 10
-127.219
 20
692.973
 11
-127.036
 21
692.927
  0
LINE
  8
0
 10
-127.036
 20
692.927
 11
-126.861
 21
692.857
  0
LINE
  8
0
 10
-126.861
 20
692.857
 11
-126.696
 21
692.766
  0
LINE
  8
0
 10
-126.696
 20
692.766
 11
-126.544
 21
692.656
  0
LINE
  8
0
 10
-126.544
 20
692.656
 11
-126.407
 21
692.527
  0
LINE
  8
0
 10
-126.407
 20
692.527
 11
-126.286
 21
692.382
  0
LINE
  8
0
 10
-126.286
 20
692.382
 11
-126.186
 21
692.223
  0
LINE
  8
0
 10
-126.186
 20
692.223
 11
-126.105
 21
692.052
  0
LINE
  8
0
 10
-126.105
 20
692.052
 11
-126.047
 21
691.873
  0
LINE
  8
0
 10
-126.047
 20
691.873
 11
-126.012
 21
691.688
  0
LINE
  8
0
 10
-126.012
 20
691.688
 11
-126
 21
691.5
  0
LINE
  8
0
 10
-126
 20
691.5
 11
-126.012
 21
691.312
  0
LINE
  8
0
 10
-126.012
 20
691.312
 11
-126.047
 21
691.127
  0
LINE
  8
0
 10
-126.047
 20
691.127
 11
-126.105
 21
690.948
  0
LINE
  8
0
 10
-126.105
 20
690.948
 11
-126.186
 21
690.777
  0
LINE
  8
0
 10
-126.186
 20
690.777
 11
-126.286
 21
690.618
  0
LINE
  8
0
 10
-126.286
 20
690.618
 11
-126.407
 21
690.473
  0
LINE
  8
0
 10
-126.407
 20
690.473
 11
-126.544
 21
690.344
  0
LINE
  8
0
 10
-126.544
 20
690.344
 11
-126.696
 21
690.234
  0
LINE
  8
0
 10
-126.696
 20
690.234
 11
-126.861
 21
690.143
  0
LINE
  8
0
 10
-126.861
 20
690.143
 11
-127.036
 21
690.073
  0
LINE
  8
0
 10
-127.036
 20
690.073
 11
-127.219
 21
690.027
  0
LINE
  8
0
 10
-127.219
 20
690.027
 11
-127.406
 21
690.003
  0
LINE
  8
0
 10
-127.406
 20
690.003
 11
-127.594
 21
690.003
  0
LINE
  8
0
 10
127.406
 20
690.003
 11
127.219
 21
690.027
  0
LINE
  8
0
 10
127.219
 20
690.027
 11
127.036
 21
690.073
  0
LINE
  8
0
 10
127.036
 20
690.073
 11
126.861
 21
690.143
  0
LINE
  8
0
 10
126.861
 20
690.143
 11
126.696
 21
690.234
  0
LINE
  8
0
 10
126.696
 20
690.234
 11
126.544
 21
690.344
  0
LINE
  8
0
 10
126.544
 20
690.344
 11
126.407
 21
690.473
  0
LINE
  8
0
 10
126.407
 20
690.473
 11
126.286
 21
690.618
  0
LINE
  8
0
 10
126.286
 20
690.618
 11
126.186
 21
690.777
  0
LINE
  8
0
 10
126.186
 20
690.777
 11
126.105
 21
690.948
  0
LINE
  8
0
 10
126.105
 20
690.948
 11
126.047
 21
691.127
  0
LINE
  8
0
 10
126.047
 20
691.127
 11
126.012
 21
691.312
  0
LINE
  8
0
 10
126.012
 20
691.312
 11
126
 21
691.5
  0
LINE
  8
0
 10
126
 20
691.5
 11
126.012
 21
691.688
  0
LINE
  8
0
 10
126.012
 20
691.688
 11
126.047
 21
691.873
  0
LINE
  8
0
 10
126.047
 20
691.873
 11
126.105
 21
692.052
  0
LINE
  8
0
 10
126.105
 20
692.052
 11
126.186
 21
692.223
  0
LINE
  8
0
 10
126.186
 20
692.223
 11
126.286
 21
692.382
  0
LINE
  8
0
 10
126.286
 20
692.382
 11
126.407
 21
692.527
  0
LINE
  8
0
 10
126.407
 20
692.527
 11
126.544
 21
692.656
  0
LINE
  8
0
 10
126.544
 20
692.656
 11
126.696
 21
692.766
  0
LINE
  8
0
 10
126.696
 20
692.766
 11
126.861
 21
692.857
  0
LINE
  8
0
 10
126.861
 20
692.857
 11
127.036
 21
692.927
  0
LINE
  8
0
 10
127.036
 20
692.927
 11
127.219
 21
692.973
  0
LINE
  8
0
 10
127.219
 20
692.973
 11
127.406
 21
692.997
  0
LINE
  8
0
 10
127.406
 20
692.997
 11
127.594
 21
692.997
  0
LINE
  8
0
 10
127.594
 20
692.997
 11
127.781
 21
692.973
  0
LINE
  8
0
 10
127.781
 20
692.973
 11
127.964
 21
692.927
  0
LINE
  8
0
 10
127.964
 20
692.927
 11
128.139
 21
692.857
  0
LINE
  8
0
 10
128.139
 20
692.857
 11
128.304
 21
692.766
  0
LINE
  8
0
 10
128.304
 20
692.766
 11
128.456
 21
692.656
  0
LINE
  8
0
 10
128.456
 20
692.656
 11
128.593
 21
692.527
  0
LINE
  8
0
 10
128.593
 20
692.527
 11
128.714
 21
692.382
  0
LINE
  8
0
 10
128.714
 20
692.382
 11
128.814
 21
692.223
  0
LINE
  8
0
 10
128.814
 20
692.223
 11
128.895
 21
692.052
  0
LINE
  8
0
 10
128.895
 20
692.052
 11
128.953
 21
691.873
  0
LINE
  8
0
 10
128.953
 20
691.873
 11
128.988
 21
691.688
  0
LINE
  8
0
 10
128.988
 20
691.688
 11
129
 21
691.5
  0
LINE
  8
0
 10
129
 20
691.5
 11
128.988
 21
691.312
  0
LINE
  8
0
 10
128.988
 20
691.312
 11
128.953
 21
691.127
  0
LINE
  8
0
 10
128.953
 20
691.127
 11
128.895
 21
690.948
  0
LINE
  8
0
 10
128.895
 20
690.948
 11
128.814
 21
690.777
  0
LINE
  8
0
 10
128.814
 20
690.777
 11
128.714
 21
690.618
  0
LINE
  8
0
 10
128.714
 20
690.618
 11
128.593
 21
690.473
  0
LINE
  8
0
 10
128.593
 20
690.473
 11
128.456
 21
690.344
  0
LINE
  8
0
 10
128.456
 20
690.344
 11
128.304
 21
690.234
  0
LINE
  8
0
 10
128.304
 20
690.234
 11
128.139
 21
690.143
  0
LINE
  8
0
 10
128.139
 20
690.143
 11
127.964
 21
690.073
  0
LINE
  8
0
 10
127.964
 20
690.073
 11
127.781
 21
690.027
  0
LINE
  8
0
 10
127.781
 20
690.027
 11
127.594
 21
690.003
  0
LINE
  8
0
 10
127.594
 20
690.003
 11
127.406
 21
690.003
  0
LINE
  8
0
 10
127.312
 20
681.006
 11
126.938
 21
681.053
  0
LINE
  8
0
 10
126.938
 20
681.053
 11
126.573
 21
681.147
  0
LINE
  8
0
 10
126.573
 20
681.147
 11
126.223
 21
681.286
  0
LINE
  8
0
 10
126.223
 20
681.286
 11
125.893
 21
681.467
  0
LINE
  8
0
 10
125.893
 20
681.467
 11
125.588
 21
681.688
  0
LINE
  8
0
 10
125.588
 20
681.688
 11
125.313
 21
681.946
  0
LINE
  8
0
 10
125.313
 20
681.946
 11
125.073
 21
682.237
  0
LINE
  8
0
 10
125.073
 20
682.237
 11
124.871
 21
682.555
  0
LINE
  8
0
 10
124.871
 20
682.555
 11
124.711
 21
682.896
  0
LINE
  8
0
 10
124.711
 20
682.896
 11
124.594
 21
683.254
  0
LINE
  8
0
 10
124.594
 20
683.254
 11
124.524
 21
683.624
  0
LINE
  8
0
 10
124.524
 20
683.624
 11
124.5
 21
684
  0
LINE
  8
0
 10
124.5
 20
684
 11
124.524
 21
684.376
  0
LINE
  8
0
 10
124.524
 20
684.376
 11
124.594
 21
684.746
  0
LINE
  8
0
 10
124.594
 20
684.746
 11
124.711
 21
685.104
  0
LINE
  8
0
 10
124.711
 20
685.104
 11
124.871
 21
685.445
  0
LINE
  8
0
 10
124.871
 20
685.445
 11
125.073
 21
685.763
  0
LINE
  8
0
 10
125.073
 20
685.763
 11
125.313
 21
686.054
  0
LINE
  8
0
 10
125.313
 20
686.054
 11
125.588
 21
686.312
  0
LINE
  8
0
 10
125.588
 20
686.312
 11
125.893
 21
686.533
  0
LINE
  8
0
 10
125.893
 20
686.533
 11
126.223
 21
686.714
  0
LINE
  8
0
 10
126.223
 20
686.714
 11
126.573
 21
686.853
  0
LINE
  8
0
 10
126.573
 20
686.853
 11
126.938
 21
686.947
  0
LINE
  8
0
 10
126.938
 20
686.947
 11
127.312
 21
686.994
  0
LINE
  8
0
 10
127.312
 20
686.994
 11
127.688
 21
686.994
  0
LINE
  8
0
 10
127.688
 20
686.994
 11
128.062
 21
686.947
  0
LINE
  8
0
 10
128.062
 20
686.947
 11
128.427
 21
686.853
  0
LINE
  8
0
 10
128.427
 20
686.853
 11
128.777
 21
686.714
  0
LINE
  8
0
 10
128.777
 20
686.714
 11
129.107
 21
686.533
  0
LINE
  8
0
 10
129.107
 20
686.533
 11
129.412
 21
686.312
  0
LINE
  8
0
 10
129.412
 20
686.312
 11
129.687
 21
686.054
  0
LINE
  8
0
 10
129.687
 20
686.054
 11
129.927
 21
685.763
  0
LINE
  8
0
 10
129.927
 20
685.763
 11
130.129
 21
685.445
  0
LINE
  8
0
 10
130.129
 20
685.445
 11
130.289
 21
685.104
  0
LINE
  8
0
 10
130.289
 20
685.104
 11
130.406
 21
684.746
  0
LINE
  8
0
 10
130.406
 20
684.746
 11
130.476
 21
684.376
  0
LINE
  8
0
 10
130.476
 20
684.376
 11
130.5
 21
684
  0
LINE
  8
0
 10
130.5
 20
684
 11
130.476
 21
683.624
  0
LINE
  8
0
 10
130.476
 20
683.624
 11
130.406
 21
683.254
  0
LINE
  8
0
 10
130.406
 20
683.254
 11
130.289
 21
682.896
  0
LINE
  8
0
 10
130.289
 20
682.896
 11
130.129
 21
682.555
  0
LINE
  8
0
 10
130.129
 20
682.555
 11
129.927
 21
682.237
  0
LINE
  8
0
 10
129.927
 20
682.237
 11
129.687
 21
681.946
  0
LINE
  8
0
 10
129.687
 20
681.946
 11
129.412
 21
681.688
  0
LINE
  8
0
 10
129.412
 20
681.688
 11
129.107
 21
681.467
  0
LINE
  8
0
 10
129.107
 20
681.467
 11
128.777
 21
681.286
  0
LINE
  8
0
 10
128.777
 20
681.286
 11
128.427
 21
681.147
  0
LINE
  8
0
 10
128.427
 20
681.147
 11
128.062
 21
681.053
  0
LINE
  8
0
 10
128.062
 20
681.053
 11
127.688
 21
681.006
  0
LINE
  8
0
 10
127.688
 20
681.006
 11
127.312
 21
681.006
  0
LINE
  8
0
 10
-127.688
 20
681.006
 11
-128.062
 21
681.053
  0
LINE
  8
0
 10
-128.062
 20
681.053
 11
-128.427
 21
681.147
  0
LINE
  8
0
 10
-128.427
 20
681.147
 11
-128.777
 21
681.286
  0
LINE
  8
0
 10
-128.777
 20
681.286
 11
-129.107
 21
681.467
  0
LINE
  8
0
 10
-129.107
 20
681.467
 11
-129.412
 21
681.688
  0
LINE
  8
0
 10
-129.412
 20
681.688
 11
-129.687
 21
681.946
  0
LINE
  8
0
 10
-129.687
 20
681.946
 11
-129.927
 21
682.237
  0
LINE
  8
0
 10
-129.927
 20
682.237
 11
-130.129
 21
682.555
  0
LINE
  8
0
 10
-130.129
 20
682.555
 11
-130.289
 21
682.896
  0
LINE
  8
0
 10
-130.289
 20
682.896
 11
-130.406
 21
683.254
  0
LINE
  8
0
 10
-130.406
 20
683.254
 11
-130.476
 21
683.624
  0
LINE
  8
0
 10
-130.476
 20
683.624
 11
-130.5
 21
684
  0
LINE
  8
0
 10
-130.5
 20
684
 11
-130.476
 21
684.376
  0
LINE
  8
0
 10
-130.476
 20
684.376
 11
-130.406
 21
684.746
  0
LINE
  8
0
 10
-130.406
 20
684.746
 11
-130.289
 21
685.104
  0
LINE
  8
0
 10
-130.289
 20
685.104
 11
-130.129
 21
685.445
  0
LINE
  8
0
 10
-130.129
 20
685.445
 11
-129.927
 21
685.763
  0
LINE
  8
0
 10
-129.927
 20
685.763
 11
-129.687
 21
686.054
  0
LINE
  8
0
 10
-129.687
 20
686.054
 11
-129.412
 21
686.312
  0
LINE
  8
0
 10
-129.412
 20
686.312
 11
-129.107
 21
686.533
  0
LINE
  8
0
 10
-129.107
 20
686.533
 11
-128.777
 21
686.714
  0
LINE
  8
0
 10
-128.777
 20
686.714
 11
-128.427
 21
686.853
  0
LINE
  8
0
 10
-128.427
 20
686.853
 11
-128.062
 21
686.947
  0
LINE
  8
0
 10
-128.062
 20
686.947
 11
-127.688
 21
686.994
  0
LINE
  8
0
 10
-127.688
 20
686.994
 11
-127.312
 21
686.994
  0
LINE
  8
0
 10
-127.312
 20
686.994
 11
-126.938
 21
686.947
  0
LINE
  8
0
 10
-126.938
 20
686.947
 11
-126.573
 21
686.853
  0
LINE
  8
0
 10
-126.573
 20
686.853
 11
-126.223
 21
686.714
  0
LINE
  8
0
 10
-126.223
 20
686.714
 11
-125.893
 21
686.533
  0
LINE
  8
0
 10
-125.893
 20
686.533
 11
-125.588
 21
686.312
  0
LINE
  8
0
 10
-125.588
 20
686.312
 11
-125.313
 21
686.054
  0
LINE
  8
0
 10
-125.313
 20
686.054
 11
-125.073
 21
685.763
  0
LINE
  8
0
 10
-125.073
 20
685.763
 11
-124.871
 21
685.445
  0
LINE
  8
0
 10
-124.871
 20
685.445
 11
-124.711
 21
685.104
  0
LINE
  8
0
 10
-124.711
 20
685.104
 11
-124.594
 21
684.746
  0
LINE
  8
0
 10
-124.594
 20
684.746
 11
-124.524
 21
684.376
  0
LINE
  8
0
 10
-124.524
 20
684.376
 11
-124.5
 21
684
  0
LINE
  8
0
 10
-124.5
 20
684
 11
-124.524
 21
683.624
  0
LINE
  8
0
 10
-124.524
 20
683.624
 11
-124.594
 21
683.254
  0
LINE
  8
0
 10
-124.594
 20
683.254
 11
-124.711
 21
682.896
  0
LINE
  8
0
 10
-124.711
 20
682.896
 11
-124.871
 21
682.555
  0
LINE
  8
0
 10
-124.871
 20
682.555
 11
-125.073
 21
682.237
  0
LINE
  8
0
 10
-125.073
 20
682.237
 11
-125.313
 21
681.946
  0
LINE
  8
0
 10
-125.313
 20
681.946
 11
-125.588
 21
681.688
  0
LINE
  8
0
 10
-125.588
 20
681.688
 11
-125.893
 21
681.467
  0
LINE
  8
0
 10
-125.893
 20
681.467
 11
-126.223
 21
681.286
  0
LINE
  8
0
 10
-126.223
 20
681.286
 11
-126.573
 21
681.147
  0
LINE
  8
0
 10
-126.573
 20
681.147
 11
-126.938
 21
681.053
  0
LINE
  8
0
 10
-126.938
 20
681.053
 11
-127.312
 21
681.006
  0
LINE
  8
0
 10
-127.312
 20
681.006
 11
-127.688
 21
681.006
  0
LINE
  8
0
 10
127.406
 20
675.003
 11
127.219
 21
675.027
  0
LINE
  8
0
 10
127.219
 20
675.027
 11
127.036
 21
675.073
  0
LINE
  8
0
 10
127.036
 20
675.073
 11
126.861
 21
675.143
  0
LINE
  8
0
 10
126.861
 20
675.143
 11
126.696
 21
675.234
  0
LINE
  8
0
 10
126.696
 20
675.234
 11
126.544
 21
675.344
  0
LINE
  8
0
 10
126.544
 20
675.344
 11
126.407
 21
675.473
  0
LINE
  8
0
 10
126.407
 20
675.473
 11
126.286
 21
675.618
  0
LINE
  8
0
 10
126.286
 20
675.618
 11
126.186
 21
675.777
  0
LINE
  8
0
 10
126.186
 20
675.777
 11
126.105
 21
675.948
  0
LINE
  8
0
 10
126.105
 20
675.948
 11
126.047
 21
676.127
  0
LINE
  8
0
 10
126.047
 20
676.127
 11
126.012
 21
676.312
  0
LINE
  8
0
 10
126.012
 20
676.312
 11
126
 21
676.5
  0
LINE
  8
0
 10
126
 20
676.5
 11
126.012
 21
676.688
  0
LINE
  8
0
 10
126.012
 20
676.688
 11
126.047
 21
676.873
  0
LINE
  8
0
 10
126.047
 20
676.873
 11
126.105
 21
677.052
  0
LINE
  8
0
 10
126.105
 20
677.052
 11
126.186
 21
677.223
  0
LINE
  8
0
 10
126.186
 20
677.223
 11
126.286
 21
677.382
  0
LINE
  8
0
 10
126.286
 20
677.382
 11
126.407
 21
677.527
  0
LINE
  8
0
 10
126.407
 20
677.527
 11
126.544
 21
677.656
  0
LINE
  8
0
 10
126.544
 20
677.656
 11
126.696
 21
677.766
  0
LINE
  8
0
 10
126.696
 20
677.766
 11
126.861
 21
677.857
  0
LINE
  8
0
 10
126.861
 20
677.857
 11
127.036
 21
677.927
  0
LINE
  8
0
 10
127.036
 20
677.927
 11
127.219
 21
677.973
  0
LINE
  8
0
 10
127.219
 20
677.973
 11
127.406
 21
677.997
  0
LINE
  8
0
 10
127.406
 20
677.997
 11
127.594
 21
677.997
  0
LINE
  8
0
 10
127.594
 20
677.997
 11
127.781
 21
677.973
  0
LINE
  8
0
 10
127.781
 20
677.973
 11
127.964
 21
677.927
  0
LINE
  8
0
 10
127.964
 20
677.927
 11
128.139
 21
677.857
  0
LINE
  8
0
 10
128.139
 20
677.857
 11
128.304
 21
677.766
  0
LINE
  8
0
 10
128.304
 20
677.766
 11
128.456
 21
677.656
  0
LINE
  8
0
 10
128.456
 20
677.656
 11
128.593
 21
677.527
  0
LINE
  8
0
 10
128.593
 20
677.527
 11
128.714
 21
677.382
  0
LINE
  8
0
 10
128.714
 20
677.382
 11
128.814
 21
677.223
  0
LINE
  8
0
 10
128.814
 20
677.223
 11
128.895
 21
677.052
  0
LINE
  8
0
 10
128.895
 20
677.052
 11
128.953
 21
676.873
  0
LINE
  8
0
 10
128.953
 20
676.873
 11
128.988
 21
676.688
  0
LINE
  8
0
 10
128.988
 20
676.688
 11
129
 21
676.5
  0
LINE
  8
0
 10
129
 20
676.5
 11
128.988
 21
676.312
  0
LINE
  8
0
 10
128.988
 20
676.312
 11
128.953
 21
676.127
  0
LINE
  8
0
 10
128.953
 20
676.127
 11
128.895
 21
675.948
  0
LINE
  8
0
 10
128.895
 20
675.948
 11
128.814
 21
675.777
  0
LINE
  8
0
 10
128.814
 20
675.777
 11
128.714
 21
675.618
  0
LINE
  8
0
 10
128.714
 20
675.618
 11
128.593
 21
675.473
  0
LINE
  8
0
 10
128.593
 20
675.473
 11
128.456
 21
675.344
  0
LINE
  8
0
 10
128.456
 20
675.344
 11
128.304
 21
675.234
  0
LINE
  8
0
 10
128.304
 20
675.234
 11
128.139
 21
675.143
  0
LINE
  8
0
 10
128.139
 20
675.143
 11
127.964
 21
675.073
  0
LINE
  8
0
 10
127.964
 20
675.073
 11
127.781
 21
675.027
  0
LINE
  8
0
 10
127.781
 20
675.027
 11
127.594
 21
675.003
  0
LINE
  8
0
 10
127.594
 20
675.003
 11
127.406
 21
675.003
  0
LINE
  8
0
 10
-127.594
 20
675.003
 11
-127.781
 21
675.027
  0
LINE
  8
0
 10
-127.781
 20
675.027
 11
-127.964
 21
675.073
  0
LINE
  8
0
 10
-127.964
 20
675.073
 11
-128.139
 21
675.143
  0
LINE
  8
0
 10
-128.139
 20
675.143
 11
-128.304
 21
675.234
  0
LINE
  8
0
 10
-128.304
 20
675.234
 11
-128.456
 21
675.344
  0
LINE
  8
0
 10
-128.456
 20
675.344
 11
-128.593
 21
675.473
  0
LINE
  8
0
 10
-128.593
 20
675.473
 11
-128.714
 21
675.618
  0
LINE
  8
0
 10
-128.714
 20
675.618
 11
-128.814
 21
675.777
  0
LINE
  8
0
 10
-128.814
 20
675.777
 11
-128.895
 21
675.948
  0
LINE
  8
0
 10
-128.895
 20
675.948
 11
-128.953
 21
676.127
  0
LINE
  8
0
 10
-128.953
 20
676.127
 11
-128.988
 21
676.312
  0
LINE
  8
0
 10
-128.988
 20
676.312
 11
-129
 21
676.5
  0
LINE
  8
0
 10
-129
 20
676.5
 11
-128.988
 21
676.688
  0
LINE
  8
0
 10
-128.988
 20
676.688
 11
-128.953
 21
676.873
  0
LINE
  8
0
 10
-128.953
 20
676.873
 11
-128.895
 21
677.052
  0
LINE
  8
0
 10
-128.895
 20
677.052
 11
-128.814
 21
677.223
  0
LINE
  8
0
 10
-128.814
 20
677.223
 11
-128.714
 21
677.382
  0
LINE
  8
0
 10
-128.714
 20
677.382
 11
-128.593
 21
677.527
  0
LINE
  8
0
 10
-128.593
 20
677.527
 11
-128.456
 21
677.656
  0
LINE
  8
0
 10
-128.456
 20
677.656
 11
-128.304
 21
677.766
  0
LINE
  8
0
 10
-128.304
 20
677.766
 11
-128.139
 21
677.857
  0
LINE
  8
0
 10
-128.139
 20
677.857
 11
-127.964
 21
677.927
  0
LINE
  8
0
 10
-127.964
 20
677.927
 11
-127.781
 21
677.973
  0
LINE
  8
0
 10
-127.781
 20
677.973
 11
-127.594
 21
677.997
  0
LINE
  8
0
 10
-127.594
 20
677.997
 11
-127.406
 21
677.997
  0
LINE
  8
0
 10
-127.406
 20
677.997
 11
-127.219
 21
677.973
  0
LINE
  8
0
 10
-127.219
 20
677.973
 11
-127.036
 21
677.927
  0
LINE
  8
0
 10
-127.036
 20
677.927
 11
-126.861
 21
677.857
  0
LINE
  8
0
 10
-126.861
 20
677.857
 11
-126.696
 21
677.766
  0
LINE
  8
0
 10
-126.696
 20
677.766
 11
-126.544
 21
677.656
  0
LINE
  8
0
 10
-126.544
 20
677.656
 11
-126.407
 21
677.527
  0
LINE
  8
0
 10
-126.407
 20
677.527
 11
-126.286
 21
677.382
  0
LINE
  8
0
 10
-126.286
 20
677.382
 11
-126.186
 21
677.223
  0
LINE
  8
0
 10
-126.186
 20
677.223
 11
-126.105
 21
677.052
  0
LINE
  8
0
 10
-126.105
 20
677.052
 11
-126.047
 21
676.873
  0
LINE
  8
0
 10
-126.047
 20
676.873
 11
-126.012
 21
676.688
  0
LINE
  8
0
 10
-126.012
 20
676.688
 11
-126
 21
676.5
  0
LINE
  8
0
 10
-126
 20
676.5
 11
-126.012
 21
676.312
  0
LINE
  8
0
 10
-126.012
 20
676.312
 11
-126.047
 21
676.127
  0
LINE
  8
0
 10
-126.047
 20
676.127
 11
-126.105
 21
675.948
  0
LINE
  8
0
 10
-126.105
 20
675.948
 11
-126.186
 21
675.777
  0
LINE
  8
0
 10
-126.186
 20
675.777
 11
-126.286
 21
675.618
  0
LINE
  8
0
 10
-126.286
 20
675.618
 11
-126.407
 21
675.473
  0
LINE
  8
0
 10
-126.407
 20
675.473
 11
-126.544
 21
675.344
  0
LINE
  8
0
 10
-126.544
 20
675.344
 11
-126.696
 21
675.234
  0
LINE
  8
0
 10
-126.696
 20
675.234
 11
-126.861
 21
675.143
  0
LINE
  8
0
 10
-126.861
 20
675.143
 11
-127.036
 21
675.073
  0
LINE
  8
0
 10
-127.036
 20
675.073
 11
-127.219
 21
675.027
  0
LINE
  8
0
 10
-127.219
 20
675.027
 11
-127.406
 21
675.003
  0
LINE
  8
0
 10
-127.406
 20
675.003
 11
-127.594
 21
675.003
  0
LINE
  8
0
 10
-127.688
 20
666.006
 11
-128.062
 21
666.053
  0
LINE
  8
0
 10
-128.062
 20
666.053
 11
-128.427
 21
666.147
  0
LINE
  8
0
 10
-128.427
 20
666.147
 11
-128.777
 21
666.286
  0
LINE
  8
0
 10
-128.777
 20
666.286
 11
-129.107
 21
666.467
  0
LINE
  8
0
 10
-129.107
 20
666.467
 11
-129.412
 21
666.688
  0
LINE
  8
0
 10
-129.412
 20
666.688
 11
-129.687
 21
666.946
  0
LINE
  8
0
 10
-129.687
 20
666.946
 11
-129.927
 21
667.237
  0
LINE
  8
0
 10
-129.927
 20
667.237
 11
-130.129
 21
667.555
  0
LINE
  8
0
 10
-130.129
 20
667.555
 11
-130.289
 21
667.896
  0
LINE
  8
0
 10
-130.289
 20
667.896
 11
-130.406
 21
668.254
  0
LINE
  8
0
 10
-130.406
 20
668.254
 11
-130.476
 21
668.624
  0
LINE
  8
0
 10
-130.476
 20
668.624
 11
-130.5
 21
669
  0
LINE
  8
0
 10
-130.5
 20
669
 11
-130.476
 21
669.376
  0
LINE
  8
0
 10
-130.476
 20
669.376
 11
-130.406
 21
669.746
  0
LINE
  8
0
 10
-130.406
 20
669.746
 11
-130.289
 21
670.104
  0
LINE
  8
0
 10
-130.289
 20
670.104
 11
-130.129
 21
670.445
  0
LINE
  8
0
 10
-130.129
 20
670.445
 11
-129.927
 21
670.763
  0
LINE
  8
0
 10
-129.927
 20
670.763
 11
-129.687
 21
671.054
  0
LINE
  8
0
 10
-129.687
 20
671.054
 11
-129.412
 21
671.312
  0
LINE
  8
0
 10
-129.412
 20
671.312
 11
-129.107
 21
671.533
  0
LINE
  8
0
 10
-129.107
 20
671.533
 11
-128.777
 21
671.714
  0
LINE
  8
0
 10
-128.777
 20
671.714
 11
-128.427
 21
671.853
  0
LINE
  8
0
 10
-128.427
 20
671.853
 11
-128.062
 21
671.947
  0
LINE
  8
0
 10
-128.062
 20
671.947
 11
-127.688
 21
671.994
  0
LINE
  8
0
 10
-127.688
 20
671.994
 11
-127.312
 21
671.994
  0
LINE
  8
0
 10
-127.312
 20
671.994
 11
-126.938
 21
671.947
  0
LINE
  8
0
 10
-126.938
 20
671.947
 11
-126.573
 21
671.853
  0
LINE
  8
0
 10
-126.573
 20
671.853
 11
-126.223
 21
671.714
  0
LINE
  8
0
 10
-126.223
 20
671.714
 11
-125.893
 21
671.533
  0
LINE
  8
0
 10
-125.893
 20
671.533
 11
-125.588
 21
671.312
  0
LINE
  8
0
 10
-125.588
 20
671.312
 11
-125.313
 21
671.054
  0
LINE
  8
0
 10
-125.313
 20
671.054
 11
-125.073
 21
670.763
  0
LINE
  8
0
 10
-125.073
 20
670.763
 11
-124.871
 21
670.445
  0
LINE
  8
0
 10
-124.871
 20
670.445
 11
-124.711
 21
670.104
  0
LINE
  8
0
 10
-124.711
 20
670.104
 11
-124.594
 21
669.746
  0
LINE
  8
0
 10
-124.594
 20
669.746
 11
-124.524
 21
669.376
  0
LINE
  8
0
 10
-124.524
 20
669.376
 11
-124.5
 21
669
  0
LINE
  8
0
 10
-124.5
 20
669
 11
-124.524
 21
668.624
  0
LINE
  8
0
 10
-124.524
 20
668.624
 11
-124.594
 21
668.254
  0
LINE
  8
0
 10
-124.594
 20
668.254
 11
-124.711
 21
667.896
  0
LINE
  8
0
 10
-124.711
 20
667.896
 11
-124.871
 21
667.555
  0
LINE
  8
0
 10
-124.871
 20
667.555
 11
-125.073
 21
667.237
  0
LINE
  8
0
 10
-125.073
 20
667.237
 11
-125.313
 21
666.946
  0
LINE
  8
0
 10
-125.313
 20
666.946
 11
-125.588
 21
666.688
  0
LINE
  8
0
 10
-125.588
 20
666.688
 11
-125.893
 21
666.467
  0
LINE
  8
0
 10
-125.893
 20
666.467
 11
-126.223
 21
666.286
  0
LINE
  8
0
 10
-126.223
 20
666.286
 11
-126.573
 21
666.147
  0
LINE
  8
0
 10
-126.573
 20
666.147
 11
-126.938
 21
666.053
  0
LINE
  8
0
 10
-126.938
 20
666.053
 11
-127.312
 21
666.006
  0
LINE
  8
0
 10
-127.312
 20
666.006
 11
-127.688
 21
666.006
  0
LINE
  8
0
 10
127.312
 20
666.006
 11
126.938
 21
666.053
  0
LINE
  8
0
 10
126.938
 20
666.053
 11
126.573
 21
666.147
  0
LINE
  8
0
 10
126.573
 20
666.147
 11
126.223
 21
666.286
  0
LINE
  8
0
 10
126.223
 20
666.286
 11
125.893
 21
666.467
  0
LINE
  8
0
 10
125.893
 20
666.467
 11
125.588
 21
666.688
  0
LINE
  8
0
 10
125.588
 20
666.688
 11
125.313
 21
666.946
  0
LINE
  8
0
 10
125.313
 20
666.946
 11
125.073
 21
667.237
  0
LINE
  8
0
 10
125.073
 20
667.237
 11
124.871
 21
667.555
  0
LINE
  8
0
 10
124.871
 20
667.555
 11
124.711
 21
667.896
  0
LINE
  8
0
 10
124.711
 20
667.896
 11
124.594
 21
668.254
  0
LINE
  8
0
 10
124.594
 20
668.254
 11
124.524
 21
668.624
  0
LINE
  8
0
 10
124.524
 20
668.624
 11
124.5
 21
669
  0
LINE
  8
0
 10
124.5
 20
669
 11
124.524
 21
669.376
  0
LINE
  8
0
 10
124.524
 20
669.376
 11
124.594
 21
669.746
  0
LINE
  8
0
 10
124.594
 20
669.746
 11
124.711
 21
670.104
  0
LINE
  8
0
 10
124.711
 20
670.104
 11
124.871
 21
670.445
  0
LINE
  8
0
 10
124.871
 20
670.445
 11
125.073
 21
670.763
  0
LINE
  8
0
 10
125.073
 20
670.763
 11
125.313
 21
671.054
  0
LINE
  8
0
 10
125.313
 20
671.054
 11
125.588
 21
671.312
  0
LINE
  8
0
 10
125.588
 20
671.312
 11
125.893
 21
671.533
  0
LINE
  8
0
 10
125.893
 20
671.533
 11
126.223
 21
671.714
  0
LINE
  8
0
 10
126.223
 20
671.714
 11
126.573
 21
671.853
  0
LINE
  8
0
 10
126.573
 20
671.853
 11
126.938
 21
671.947
  0
LINE
  8
0
 10
126.938
 20
671.947
 11
127.312
 21
671.994
  0
LINE
  8
0
 10
127.312
 20
671.994
 11
127.688
 21
671.994
  0
LINE
  8
0
 10
127.688
 20
671.994
 11
128.062
 21
671.947
  0
LINE
  8
0
 10
128.062
 20
671.947
 11
128.427
 21
671.853
  0
LINE
  8
0
 10
128.427
 20
671.853
 11
128.777
 21
671.714
  0
LINE
  8
0
 10
128.777
 20
671.714
 11
129.107
 21
671.533
  0
LINE
  8
0
 10
129.107
 20
671.533
 11
129.412
 21
671.312
  0
LINE
  8
0
 10
129.412
 20
671.312
 11
129.687
 21
671.054
  0
LINE
  8
0
 10
129.687
 20
671.054
 11
129.927
 21
670.763
  0
LINE
  8
0
 10
129.927
 20
670.763
 11
130.129
 21
670.445
  0
LINE
  8
0
 10
130.129
 20
670.445
 11
130.289
 21
670.104
  0
LINE
  8
0
 10
130.289
 20
670.104
 11
130.406
 21
669.746
  0
LINE
  8
0
 10
130.406
 20
669.746
 11
130.476
 21
669.376
  0
LINE
  8
0
 10
130.476
 20
669.376
 11
130.5
 21
669
  0
LINE
  8
0
 10
130.5
 20
669
 11
130.476
 21
668.624
  0
LINE
  8
0
 10
130.476
 20
668.624
 11
130.406
 21
668.254
  0
LINE
  8
0
 10
130.406
 20
668.254
 11
130.289
 21
667.896
  0
LINE
  8
0
 10
130.289
 20
667.896
 11
130.129
 21
667.555
  0
LINE
  8
0
 10
130.129
 20
667.555
 11
129.927
 21
667.237
  0
LINE
  8
0
 10
129.927
 20
667.237
 11
129.687
 21
666.946
  0
LINE
  8
0
 10
129.687
 20
666.946
 11
129.412
 21
666.688
  0
LINE
  8
0
 10
129.412
 20
666.688
 11
129.107
 21
666.467
  0
LINE
  8
0
 10
129.107
 20
666.467
 11
128.777
 21
666.286
  0
LINE
  8
0
 10
128.777
 20
666.286
 11
128.427
 21
666.147
  0
LINE
  8
0
 10
128.427
 20
666.147
 11
128.062
 21
666.053
  0
LINE
  8
0
 10
128.062
 20
666.053
 11
127.688
 21
666.006
  0
LINE
  8
0
 10
127.688
 20
666.006
 11
127.312
 21
666.006
  0
LINE
  8
0
 10
127.406
 20
660.003
 11
127.219
 21
660.027
  0
LINE
  8
0
 10
127.219
 20
660.027
 11
127.036
 21
660.073
  0
LINE
  8
0
 10
127.036
 20
660.073
 11
126.861
 21
660.143
  0
LINE
  8
0
 10
126.861
 20
660.143
 11
126.696
 21
660.234
  0
LINE
  8
0
 10
126.696
 20
660.234
 11
126.544
 21
660.344
  0
LINE
  8
0
 10
126.544
 20
660.344
 11
126.407
 21
660.473
  0
LINE
  8
0
 10
126.407
 20
660.473
 11
126.286
 21
660.618
  0
LINE
  8
0
 10
126.286
 20
660.618
 11
126.186
 21
660.777
  0
LINE
  8
0
 10
126.186
 20
660.777
 11
126.105
 21
660.948
  0
LINE
  8
0
 10
126.105
 20
660.948
 11
126.047
 21
661.127
  0
LINE
  8
0
 10
126.047
 20
661.127
 11
126.012
 21
661.312
  0
LINE
  8
0
 10
126.012
 20
661.312
 11
126
 21
661.5
  0
LINE
  8
0
 10
126
 20
661.5
 11
126.012
 21
661.688
  0
LINE
  8
0
 10
126.012
 20
661.688
 11
126.047
 21
661.873
  0
LINE
  8
0
 10
126.047
 20
661.873
 11
126.105
 21
662.052
  0
LINE
  8
0
 10
126.105
 20
662.052
 11
126.186
 21
662.223
  0
LINE
  8
0
 10
126.186
 20
662.223
 11
126.286
 21
662.382
  0
LINE
  8
0
 10
126.286
 20
662.382
 11
126.407
 21
662.527
  0
LINE
  8
0
 10
126.407
 20
662.527
 11
126.544
 21
662.656
  0
LINE
  8
0
 10
126.544
 20
662.656
 11
126.696
 21
662.766
  0
LINE
  8
0
 10
126.696
 20
662.766
 11
126.861
 21
662.857
  0
LINE
  8
0
 10
126.861
 20
662.857
 11
127.036
 21
662.927
  0
LINE
  8
0
 10
127.036
 20
662.927
 11
127.219
 21
662.973
  0
LINE
  8
0
 10
127.219
 20
662.973
 11
127.406
 21
662.997
  0
LINE
  8
0
 10
127.406
 20
662.997
 11
127.594
 21
662.997
  0
LINE
  8
0
 10
127.594
 20
662.997
 11
127.781
 21
662.973
  0
LINE
  8
0
 10
127.781
 20
662.973
 11
127.964
 21
662.927
  0
LINE
  8
0
 10
127.964
 20
662.927
 11
128.139
 21
662.857
  0
LINE
  8
0
 10
128.139
 20
662.857
 11
128.304
 21
662.766
  0
LINE
  8
0
 10
128.304
 20
662.766
 11
128.456
 21
662.656
  0
LINE
  8
0
 10
128.456
 20
662.656
 11
128.593
 21
662.527
  0
LINE
  8
0
 10
128.593
 20
662.527
 11
128.714
 21
662.382
  0
LINE
  8
0
 10
128.714
 20
662.382
 11
128.814
 21
662.223
  0
LINE
  8
0
 10
128.814
 20
662.223
 11
128.895
 21
662.052
  0
LINE
  8
0
 10
128.895
 20
662.052
 11
128.953
 21
661.873
  0
LINE
  8
0
 10
128.953
 20
661.873
 11
128.988
 21
661.688
  0
LINE
  8
0
 10
128.988
 20
661.688
 11
129
 21
661.5
  0
LINE
  8
0
 10
129
 20
661.5
 11
128.988
 21
661.312
  0
LINE
  8
0
 10
128.988
 20
661.312
 11
128.953
 21
661.127
  0
LINE
  8
0
 10
128.953
 20
661.127
 11
128.895
 21
660.948
  0
LINE
  8
0
 10
128.895
 20
660.948
 11
128.814
 21
660.777
  0
LINE
  8
0
 10
128.814
 20
660.777
 11
128.714
 21
660.618
  0
LINE
  8
0
 10
128.714
 20
660.618
 11
128.593
 21
660.473
  0
LINE
  8
0
 10
128.593
 20
660.473
 11
128.456
 21
660.344
  0
LINE
  8
0
 10
128.456
 20
660.344
 11
128.304
 21
660.234
  0
LINE
  8
0
 10
128.304
 20
660.234
 11
128.139
 21
660.143
  0
LINE
  8
0
 10
128.139
 20
660.143
 11
127.964
 21
660.073
  0
LINE
  8
0
 10
127.964
 20
660.073
 11
127.781
 21
660.027
  0
LINE
  8
0
 10
127.781
 20
660.027
 11
127.594
 21
660.003
  0
LINE
  8
0
 10
127.594
 20
660.003
 11
127.406
 21
660.003
  0
LINE
  8
0
 10
-127.594
 20
660.003
 11
-127.781
 21
660.027
  0
LINE
  8
0
 10
-127.781
 20
660.027
 11
-127.964
 21
660.073
  0
LINE
  8
0
 10
-127.964
 20
660.073
 11
-128.139
 21
660.143
  0
LINE
  8
0
 10
-128.139
 20
660.143
 11
-128.304
 21
660.234
  0
LINE
  8
0
 10
-128.304
 20
660.234
 11
-128.456
 21
660.344
  0
LINE
  8
0
 10
-128.456
 20
660.344
 11
-128.593
 21
660.473
  0
LINE
  8
0
 10
-128.593
 20
660.473
 11
-128.714
 21
660.618
  0
LINE
  8
0
 10
-128.714
 20
660.618
 11
-128.814
 21
660.777
  0
LINE
  8
0
 10
-128.814
 20
660.777
 11
-128.895
 21
660.948
  0
LINE
  8
0
 10
-128.895
 20
660.948
 11
-128.953
 21
661.127
  0
LINE
  8
0
 10
-128.953
 20
661.127
 11
-128.988
 21
661.312
  0
LINE
  8
0
 10
-128.988
 20
661.312
 11
-129
 21
661.5
  0
LINE
  8
0
 10
-129
 20
661.5
 11
-128.988
 21
661.688
  0
LINE
  8
0
 10
-128.988
 20
661.688
 11
-128.953
 21
661.873
  0
LINE
  8
0
 10
-128.953
 20
661.873
 11
-128.895
 21
662.052
  0
LINE
  8
0
 10
-128.895
 20
662.052
 11
-128.814
 21
662.223
  0
LINE
  8
0
 10
-128.814
 20
662.223
 11
-128.714
 21
662.382
  0
LINE
  8
0
 10
-128.714
 20
662.382
 11
-128.593
 21
662.527
  0
LINE
  8
0
 10
-128.593
 20
662.527
 11
-128.456
 21
662.656
  0
LINE
  8
0
 10
-128.456
 20
662.656
 11
-128.304
 21
662.766
  0
LINE
  8
0
 10
-128.304
 20
662.766
 11
-128.139
 21
662.857
  0
LINE
  8
0
 10
-128.139
 20
662.857
 11
-127.964
 21
662.927
  0
LINE
  8
0
 10
-127.964
 20
662.927
 11
-127.781
 21
662.973
  0
LINE
  8
0
 10
-127.781
 20
662.973
 11
-127.594
 21
662.997
  0
LINE
  8
0
 10
-127.594
 20
662.997
 11
-127.406
 21
662.997
  0
LINE
  8
0
 10
-127.406
 20
662.997
 11
-127.219
 21
662.973
  0
LINE
  8
0
 10
-127.219
 20
662.973
 11
-127.036
 21
662.927
  0
LINE
  8
0
 10
-127.036
 20
662.927
 11
-126.861
 21
662.857
  0
LINE
  8
0
 10
-126.861
 20
662.857
 11
-126.696
 21
662.766
  0
LINE
  8
0
 10
-126.696
 20
662.766
 11
-126.544
 21
662.656
  0
LINE
  8
0
 10
-126.544
 20
662.656
 11
-126.407
 21
662.527
  0
LINE
  8
0
 10
-126.407
 20
662.527
 11
-126.286
 21
662.382
  0
LINE
  8
0
 10
-126.286
 20
662.382
 11
-126.186
 21
662.223
  0
LINE
  8
0
 10
-126.186
 20
662.223
 11
-126.105
 21
662.052
  0
LINE
  8
0
 10
-126.105
 20
662.052
 11
-126.047
 21
661.873
  0
LINE
  8
0
 10
-126.047
 20
661.873
 11
-126.012
 21
661.688
  0
LINE
  8
0
 10
-126.012
 20
661.688
 11
-126
 21
661.5
  0
LINE
  8
0
 10
-126
 20
661.5
 11
-126.012
 21
661.312
  0
LINE
  8
0
 10
-126.012
 20
661.312
 11
-126.047
 21
661.127
  0
LINE
  8
0
 10
-126.047
 20
661.127
 11
-126.105
 21
660.948
  0
LINE
  8
0
 10
-126.105
 20
660.948
 11
-126.186
 21
660.777
  0
LINE
  8
0
 10
-126.186
 20
660.777
 11
-126.286
 21
660.618
  0
LINE
  8
0
 10
-126.286
 20
660.618
 11
-126.407
 21
660.473
  0
LINE
  8
0
 10
-126.407
 20
660.473
 11
-126.544
 21
660.344
  0
LINE
  8
0
 10
-126.544
 20
660.344
 11
-126.696
 21
660.234
  0
LINE
  8
0
 10
-126.696
 20
660.234
 11
-126.861
 21
660.143
  0
LINE
  8
0
 10
-126.861
 20
660.143
 11
-127.036
 21
660.073
  0
LINE
  8
0
 10
-127.036
 20
660.073
 11
-127.219
 21
660.027
  0
LINE
  8
0
 10
-127.219
 20
660.027
 11
-127.406
 21
660.003
  0
LINE
  8
0
 10
-127.406
 20
660.003
 11
-127.594
 21
660.003
  0
LINE
  8
0
 10
-127.688
 20
651.006
 11
-128.062
 21
651.053
  0
LINE
  8
0
 10
-128.062
 20
651.053
 11
-128.427
 21
651.147
  0
LINE
  8
0
 10
-128.427
 20
651.147
 11
-128.777
 21
651.286
  0
LINE
  8
0
 10
-128.777
 20
651.286
 11
-129.107
 21
651.467
  0
LINE
  8
0
 10
-129.107
 20
651.467
 11
-129.412
 21
651.688
  0
LINE
  8
0
 10
-129.412
 20
651.688
 11
-129.687
 21
651.946
  0
LINE
  8
0
 10
-129.687
 20
651.946
 11
-129.927
 21
652.237
  0
LINE
  8
0
 10
-129.927
 20
652.237
 11
-130.129
 21
652.555
  0
LINE
  8
0
 10
-130.129
 20
652.555
 11
-130.289
 21
652.896
  0
LINE
  8
0
 10
-130.289
 20
652.896
 11
-130.406
 21
653.254
  0
LINE
  8
0
 10
-130.406
 20
653.254
 11
-130.476
 21
653.624
  0
LINE
  8
0
 10
-130.476
 20
653.624
 11
-130.5
 21
654
  0
LINE
  8
0
 10
-130.5
 20
654
 11
-130.476
 21
654.376
  0
LINE
  8
0
 10
-130.476
 20
654.376
 11
-130.406
 21
654.746
  0
LINE
  8
0
 10
-130.406
 20
654.746
 11
-130.289
 21
655.104
  0
LINE
  8
0
 10
-130.289
 20
655.104
 11
-130.129
 21
655.445
  0
LINE
  8
0
 10
-130.129
 20
655.445
 11
-129.927
 21
655.763
  0
LINE
  8
0
 10
-129.927
 20
655.763
 11
-129.687
 21
656.054
  0
LINE
  8
0
 10
-129.687
 20
656.054
 11
-129.412
 21
656.312
  0
LINE
  8
0
 10
-129.412
 20
656.312
 11
-129.107
 21
656.533
  0
LINE
  8
0
 10
-129.107
 20
656.533
 11
-128.777
 21
656.714
  0
LINE
  8
0
 10
-128.777
 20
656.714
 11
-128.427
 21
656.853
  0
LINE
  8
0
 10
-128.427
 20
656.853
 11
-128.062
 21
656.947
  0
LINE
  8
0
 10
-128.062
 20
656.947
 11
-127.688
 21
656.994
  0
LINE
  8
0
 10
-127.688
 20
656.994
 11
-127.312
 21
656.994
  0
LINE
  8
0
 10
-127.312
 20
656.994
 11
-126.938
 21
656.947
  0
LINE
  8
0
 10
-126.938
 20
656.947
 11
-126.573
 21
656.853
  0
LINE
  8
0
 10
-126.573
 20
656.853
 11
-126.223
 21
656.714
  0
LINE
  8
0
 10
-126.223
 20
656.714
 11
-125.893
 21
656.533
  0
LINE
  8
0
 10
-125.893
 20
656.533
 11
-125.588
 21
656.312
  0
LINE
  8
0
 10
-125.588
 20
656.312
 11
-125.313
 21
656.054
  0
LINE
  8
0
 10
-125.313
 20
656.054
 11
-125.073
 21
655.763
  0
LINE
  8
0
 10
-125.073
 20
655.763
 11
-124.871
 21
655.445
  0
LINE
  8
0
 10
-124.871
 20
655.445
 11
-124.711
 21
655.104
  0
LINE
  8
0
 10
-124.711
 20
655.104
 11
-124.594
 21
654.746
  0
LINE
  8
0
 10
-124.594
 20
654.746
 11
-124.524
 21
654.376
  0
LINE
  8
0
 10
-124.524
 20
654.376
 11
-124.5
 21
654
  0
LINE
  8
0
 10
-124.5
 20
654
 11
-124.524
 21
653.624
  0
LINE
  8
0
 10
-124.524
 20
653.624
 11
-124.594
 21
653.254
  0
LINE
  8
0
 10
-124.594
 20
653.254
 11
-124.711
 21
652.896
  0
LINE
  8
0
 10
-124.711
 20
652.896
 11
-124.871
 21
652.555
  0
LINE
  8
0
 10
-124.871
 20
652.555
 11
-125.073
 21
652.237
  0
LINE
  8
0
 10
-125.073
 20
652.237
 11
-125.313
 21
651.946
  0
LINE
  8
0
 10
-125.313
 20
651.946
 11
-125.588
 21
651.688
  0
LINE
  8
0
 10
-125.588
 20
651.688
 11
-125.893
 21
651.467
  0
LINE
  8
0
 10
-125.893
 20
651.467
 11
-126.223
 21
651.286
  0
LINE
  8
0
 10
-126.223
 20
651.286
 11
-126.573
 21
651.147
  0
LINE
  8
0
 10
-126.573
 20
651.147
 11
-126.938
 21
651.053
  0
LINE
  8
0
 10
-126.938
 20
651.053
 11
-127.312
 21
651.006
  0
LINE
  8
0
 10
-127.312
 20
651.006
 11
-127.688
 21
651.006
  0
LINE
  8
0
 10
127.312
 20
651.006
 11
126.938
 21
651.053
  0
LINE
  8
0
 10
126.938
 20
651.053
 11
126.573
 21
651.147
  0
LINE
  8
0
 10
126.573
 20
651.147
 11
126.223
 21
651.286
  0
LINE
  8
0
 10
126.223
 20
651.286
 11
125.893
 21
651.467
  0
LINE
  8
0
 10
125.893
 20
651.467
 11
125.588
 21
651.688
  0
LINE
  8
0
 10
125.588
 20
651.688
 11
125.313
 21
651.946
  0
LINE
  8
0
 10
125.313
 20
651.946
 11
125.073
 21
652.237
  0
LINE
  8
0
 10
125.073
 20
652.237
 11
124.871
 21
652.555
  0
LINE
  8
0
 10
124.871
 20
652.555
 11
124.711
 21
652.896
  0
LINE
  8
0
 10
124.711
 20
652.896
 11
124.594
 21
653.254
  0
LINE
  8
0
 10
124.594
 20
653.254
 11
124.524
 21
653.624
  0
LINE
  8
0
 10
124.524
 20
653.624
 11
124.5
 21
654
  0
LINE
  8
0
 10
124.5
 20
654
 11
124.524
 21
654.376
  0
LINE
  8
0
 10
124.524
 20
654.376
 11
124.594
 21
654.746
  0
LINE
  8
0
 10
124.594
 20
654.746
 11
124.711
 21
655.104
  0
LINE
  8
0
 10
124.711
 20
655.104
 11
124.871
 21
655.445
  0
LINE
  8
0
 10
124.871
 20
655.445
 11
125.073
 21
655.763
  0
LINE
  8
0
 10
125.073
 20
655.763
 11
125.313
 21
656.054
  0
LINE
  8
0
 10
125.313
 20
656.054
 11
125.588
 21
656.312
  0
LINE
  8
0
 10
125.588
 20
656.312
 11
125.893
 21
656.533
  0
LINE
  8
0
 10
125.893
 20
656.533
 11
126.223
 21
656.714
  0
LINE
  8
0
 10
126.223
 20
656.714
 11
126.573
 21
656.853
  0
LINE
  8
0
 10
126.573
 20
656.853
 11
126.938
 21
656.947
  0
LINE
  8
0
 10
126.938
 20
656.947
 11
127.312
 21
656.994
  0
LINE
  8
0
 10
127.312
 20
656.994
 11
127.688
 21
656.994
  0
LINE
  8
0
 10
127.688
 20
656.994
 11
128.062
 21
656.947
  0
LINE
  8
0
 10
128.062
 20
656.947
 11
128.427
 21
656.853
  0
LINE
  8
0
 10
128.427
 20
656.853
 11
128.777
 21
656.714
  0
LINE
  8
0
 10
128.777
 20
656.714
 11
129.107
 21
656.533
  0
LINE
  8
0
 10
129.107
 20
656.533
 11
129.412
 21
656.312
  0
LINE
  8
0
 10
129.412
 20
656.312
 11
129.687
 21
656.054
  0
LINE
  8
0
 10
129.687
 20
656.054
 11
129.927
 21
655.763
  0
LINE
  8
0
 10
129.927
 20
655.763
 11
130.129
 21
655.445
  0
LINE
  8
0
 10
130.129
 20
655.445
 11
130.289
 21
655.104
  0
LINE
  8
0
 10
130.289
 20
655.104
 11
130.406
 21
654.746
  0
LINE
  8
0
 10
130.406
 20
654.746
 11
130.476
 21
654.376
  0
LINE
  8
0
 10
130.476
 20
654.376
 11
130.5
 21
654
  0
LINE
  8
0
 10
130.5
 20
654
 11
130.476
 21
653.624
  0
LINE
  8
0
 10
130.476
 20
653.624
 11
130.406
 21
653.254
  0
LINE
  8
0
 10
130.406
 20
653.254
 11
130.289
 21
652.896
  0
LINE
  8
0
 10
130.289
 20
652.896
 11
130.129
 21
652.555
  0
LINE
  8
0
 10
130.129
 20
652.555
 11
129.927
 21
652.237
  0
LINE
  8
0
 10
129.927
 20
652.237
 11
129.687
 21
651.946
  0
LINE
  8
0
 10
129.687
 20
651.946
 11
129.412
 21
651.688
  0
LINE
  8
0
 10
129.412
 20
651.688
 11
129.107
 21
651.467
  0
LINE
  8
0
 10
129.107
 20
651.467
 11
128.777
 21
651.286
  0
LINE
  8
0
 10
128.777
 20
651.286
 11
128.427
 21
651.147
  0
LINE
  8
0
 10
128.427
 20
651.147
 11
128.062
 21
651.053
  0
LINE
  8
0
 10
128.062
 20
651.053
 11
127.688
 21
651.006
  0
LINE
  8
0
 10
127.688
 20
651.006
 11
127.312
 21
651.006
  0
LINE
  8
0
 10
-127.594
 20
645.003
 11
-127.781
 21
645.027
  0
LINE
  8
0
 10
-127.781
 20
645.027
 11
-127.964
 21
645.073
  0
LINE
  8
0
 10
-127.964
 20
645.073
 11
-128.139
 21
645.143
  0
LINE
  8
0
 10
-128.139
 20
645.143
 11
-128.304
 21
645.234
  0
LINE
  8
0
 10
-128.304
 20
645.234
 11
-128.456
 21
645.344
  0
LINE
  8
0
 10
-128.456
 20
645.344
 11
-128.593
 21
645.473
  0
LINE
  8
0
 10
-128.593
 20
645.473
 11
-128.714
 21
645.618
  0
LINE
  8
0
 10
-128.714
 20
645.618
 11
-128.814
 21
645.777
  0
LINE
  8
0
 10
-128.814
 20
645.777
 11
-128.895
 21
645.948
  0
LINE
  8
0
 10
-128.895
 20
645.948
 11
-128.953
 21
646.127
  0
LINE
  8
0
 10
-128.953
 20
646.127
 11
-128.988
 21
646.312
  0
LINE
  8
0
 10
-128.988
 20
646.312
 11
-129
 21
646.5
  0
LINE
  8
0
 10
-129
 20
646.5
 11
-128.988
 21
646.688
  0
LINE
  8
0
 10
-128.988
 20
646.688
 11
-128.953
 21
646.873
  0
LINE
  8
0
 10
-128.953
 20
646.873
 11
-128.895
 21
647.052
  0
LINE
  8
0
 10
-128.895
 20
647.052
 11
-128.814
 21
647.223
  0
LINE
  8
0
 10
-128.814
 20
647.223
 11
-128.714
 21
647.382
  0
LINE
  8
0
 10
-128.714
 20
647.382
 11
-128.593
 21
647.527
  0
LINE
  8
0
 10
-128.593
 20
647.527
 11
-128.456
 21
647.656
  0
LINE
  8
0
 10
-128.456
 20
647.656
 11
-128.304
 21
647.766
  0
LINE
  8
0
 10
-128.304
 20
647.766
 11
-128.139
 21
647.857
  0
LINE
  8
0
 10
-128.139
 20
647.857
 11
-127.964
 21
647.927
  0
LINE
  8
0
 10
-127.964
 20
647.927
 11
-127.781
 21
647.973
  0
LINE
  8
0
 10
-127.781
 20
647.973
 11
-127.594
 21
647.997
  0
LINE
  8
0
 10
-127.594
 20
647.997
 11
-127.406
 21
647.997
  0
LINE
  8
0
 10
-127.406
 20
647.997
 11
-127.219
 21
647.973
  0
LINE
  8
0
 10
-127.219
 20
647.973
 11
-127.036
 21
647.927
  0
LINE
  8
0
 10
-127.036
 20
647.927
 11
-126.861
 21
647.857
  0
LINE
  8
0
 10
-126.861
 20
647.857
 11
-126.696
 21
647.766
  0
LINE
  8
0
 10
-126.696
 20
647.766
 11
-126.544
 21
647.656
  0
LINE
  8
0
 10
-126.544
 20
647.656
 11
-126.407
 21
647.527
  0
LINE
  8
0
 10
-126.407
 20
647.527
 11
-126.286
 21
647.382
  0
LINE
  8
0
 10
-126.286
 20
647.382
 11
-126.186
 21
647.223
  0
LINE
  8
0
 10
-126.186
 20
647.223
 11
-126.105
 21
647.052
  0
LINE
  8
0
 10
-126.105
 20
647.052
 11
-126.047
 21
646.873
  0
LINE
  8
0
 10
-126.047
 20
646.873
 11
-126.012
 21
646.688
  0
LINE
  8
0
 10
-126.012
 20
646.688
 11
-126
 21
646.5
  0
LINE
  8
0
 10
-126
 20
646.5
 11
-126.012
 21
646.312
  0
LINE
  8
0
 10
-126.012
 20
646.312
 11
-126.047
 21
646.127
  0
LINE
  8
0
 10
-126.047
 20
646.127
 11
-126.105
 21
645.948
  0
LINE
  8
0
 10
-126.105
 20
645.948
 11
-126.186
 21
645.777
  0
LINE
  8
0
 10
-126.186
 20
645.777
 11
-126.286
 21
645.618
  0
LINE
  8
0
 10
-126.286
 20
645.618
 11
-126.407
 21
645.473
  0
LINE
  8
0
 10
-126.407
 20
645.473
 11
-126.544
 21
645.344
  0
LINE
  8
0
 10
-126.544
 20
645.344
 11
-126.696
 21
645.234
  0
LINE
  8
0
 10
-126.696
 20
645.234
 11
-126.861
 21
645.143
  0
LINE
  8
0
 10
-126.861
 20
645.143
 11
-127.036
 21
645.073
  0
LINE
  8
0
 10
-127.036
 20
645.073
 11
-127.219
 21
645.027
  0
LINE
  8
0
 10
-127.219
 20
645.027
 11
-127.406
 21
645.003
  0
LINE
  8
0
 10
-127.406
 20
645.003
 11
-127.594
 21
645.003
  0
LINE
  8
0
 10
127.406
 20
645.003
 11
127.219
 21
645.027
  0
LINE
  8
0
 10
127.219
 20
645.027
 11
127.036
 21
645.073
  0
LINE
  8
0
 10
127.036
 20
645.073
 11
126.861
 21
645.143
  0
LINE
  8
0
 10
126.861
 20
645.143
 11
126.696
 21
645.234
  0
LINE
  8
0
 10
126.696
 20
645.234
 11
126.544
 21
645.344
  0
LINE
  8
0
 10
126.544
 20
645.344
 11
126.407
 21
645.473
  0
LINE
  8
0
 10
126.407
 20
645.473
 11
126.286
 21
645.618
  0
LINE
  8
0
 10
126.286
 20
645.618
 11
126.186
 21
645.777
  0
LINE
  8
0
 10
126.186
 20
645.777
 11
126.105
 21
645.948
  0
LINE
  8
0
 10
126.105
 20
645.948
 11
126.047
 21
646.127
  0
LINE
  8
0
 10
126.047
 20
646.127
 11
126.012
 21
646.312
  0
LINE
  8
0
 10
126.012
 20
646.312
 11
126
 21
646.5
  0
LINE
  8
0
 10
126
 20
646.5
 11
126.012
 21
646.688
  0
LINE
  8
0
 10
126.012
 20
646.688
 11
126.047
 21
646.873
  0
LINE
  8
0
 10
126.047
 20
646.873
 11
126.105
 21
647.052
  0
LINE
  8
0
 10
126.105
 20
647.052
 11
126.186
 21
647.223
  0
LINE
  8
0
 10
126.186
 20
647.223
 11
126.286
 21
647.382
  0
LINE
  8
0
 10
126.286
 20
647.382
 11
126.407
 21
647.527
  0
LINE
  8
0
 10
126.407
 20
647.527
 11
126.544
 21
647.656
  0
LINE
  8
0
 10
126.544
 20
647.656
 11
126.696
 21
647.766
  0
LINE
  8
0
 10
126.696
 20
647.766
 11
126.861
 21
647.857
  0
LINE
  8
0
 10
126.861
 20
647.857
 11
127.036
 21
647.927
  0
LINE
  8
0
 10
127.036
 20
647.927
 11
127.219
 21
647.973
  0
LINE
  8
0
 10
127.219
 20
647.973
 11
127.406
 21
647.997
  0
LINE
  8
0
 10
127.406
 20
647.997
 11
127.594
 21
647.997
  0
LINE
  8
0
 10
127.594
 20
647.997
 11
127.781
 21
647.973
  0
LINE
  8
0
 10
127.781
 20
647.973
 11
127.964
 21
647.927
  0
LINE
  8
0
 10
127.964
 20
647.927
 11
128.139
 21
647.857
  0
LINE
  8
0
 10
128.139
 20
647.857
 11
128.304
 21
647.766
  0
LINE
  8
0
 10
128.304
 20
647.766
 11
128.456
 21
647.656
  0
LINE
  8
0
 10
128.456
 20
647.656
 11
128.593
 21
647.527
  0
LINE
  8
0
 10
128.593
 20
647.527
 11
128.714
 21
647.382
  0
LINE
  8
0
 10
128.714
 20
647.382
 11
128.814
 21
647.223
  0
LINE
  8
0
 10
128.814
 20
647.223
 11
128.895
 21
647.052
  0
LINE
  8
0
 10
128.895
 20
647.052
 11
128.953
 21
646.873
  0
LINE
  8
0
 10
128.953
 20
646.873
 11
128.988
 21
646.688
  0
LINE
  8
0
 10
128.988
 20
646.688
 11
129
 21
646.5
  0
LINE
  8
0
 10
129
 20
646.5
 11
128.988
 21
646.312
  0
LINE
  8
0
 10
128.988
 20
646.312
 11
128.953
 21
646.127
  0
LINE
  8
0
 10
128.953
 20
646.127
 11
128.895
 21
645.948
  0
LINE
  8
0
 10
128.895
 20
645.948
 11
128.814
 21
645.777
  0
LINE
  8
0
 10
128.814
 20
645.777
 11
128.714
 21
645.618
  0
LINE
  8
0
 10
128.714
 20
645.618
 11
128.593
 21
645.473
  0
LINE
  8
0
 10
128.593
 20
645.473
 11
128.456
 21
645.344
  0
LINE
  8
0
 10
128.456
 20
645.344
 11
128.304
 21
645.234
  0
LINE
  8
0
 10
128.304
 20
645.234
 11
128.139
 21
645.143
  0
LINE
  8
0
 10
128.139
 20
645.143
 11
127.964
 21
645.073
  0
LINE
  8
0
 10
127.964
 20
645.073
 11
127.781
 21
645.027
  0
LINE
  8
0
 10
127.781
 20
645.027
 11
127.594
 21
645.003
  0
LINE
  8
0
 10
127.594
 20
645.003
 11
127.406
 21
645.003
  0
LINE
  8
0
 10
127.312
 20
636.006
 11
126.938
 21
636.053
  0
LINE
  8
0
 10
126.938
 20
636.053
 11
126.573
 21
636.147
  0
LINE
  8
0
 10
126.573
 20
636.147
 11
126.223
 21
636.286
  0
LINE
  8
0
 10
126.223
 20
636.286
 11
125.893
 21
636.467
  0
LINE
  8
0
 10
125.893
 20
636.467
 11
125.588
 21
636.688
  0
LINE
  8
0
 10
125.588
 20
636.688
 11
125.313
 21
636.946
  0
LINE
  8
0
 10
125.313
 20
636.946
 11
125.073
 21
637.237
  0
LINE
  8
0
 10
125.073
 20
637.237
 11
124.871
 21
637.555
  0
LINE
  8
0
 10
124.871
 20
637.555
 11
124.711
 21
637.896
  0
LINE
  8
0
 10
124.711
 20
637.896
 11
124.594
 21
638.254
  0
LINE
  8
0
 10
124.594
 20
638.254
 11
124.524
 21
638.624
  0
LINE
  8
0
 10
124.524
 20
638.624
 11
124.5
 21
639
  0
LINE
  8
0
 10
124.5
 20
639
 11
124.524
 21
639.376
  0
LINE
  8
0
 10
124.524
 20
639.376
 11
124.594
 21
639.746
  0
LINE
  8
0
 10
124.594
 20
639.746
 11
124.711
 21
640.104
  0
LINE
  8
0
 10
124.711
 20
640.104
 11
124.871
 21
640.445
  0
LINE
  8
0
 10
124.871
 20
640.445
 11
125.073
 21
640.763
  0
LINE
  8
0
 10
125.073
 20
640.763
 11
125.313
 21
641.054
  0
LINE
  8
0
 10
125.313
 20
641.054
 11
125.588
 21
641.312
  0
LINE
  8
0
 10
125.588
 20
641.312
 11
125.893
 21
641.533
  0
LINE
  8
0
 10
125.893
 20
641.533
 11
126.223
 21
641.714
  0
LINE
  8
0
 10
126.223
 20
641.714
 11
126.573
 21
641.853
  0
LINE
  8
0
 10
126.573
 20
641.853
 11
126.938
 21
641.947
  0
LINE
  8
0
 10
126.938
 20
641.947
 11
127.312
 21
641.994
  0
LINE
  8
0
 10
127.312
 20
641.994
 11
127.688
 21
641.994
  0
LINE
  8
0
 10
127.688
 20
641.994
 11
128.062
 21
641.947
  0
LINE
  8
0
 10
128.062
 20
641.947
 11
128.427
 21
641.853
  0
LINE
  8
0
 10
128.427
 20
641.853
 11
128.777
 21
641.714
  0
LINE
  8
0
 10
128.777
 20
641.714
 11
129.107
 21
641.533
  0
LINE
  8
0
 10
129.107
 20
641.533
 11
129.412
 21
641.312
  0
LINE
  8
0
 10
129.412
 20
641.312
 11
129.687
 21
641.054
  0
LINE
  8
0
 10
129.687
 20
641.054
 11
129.927
 21
640.763
  0
LINE
  8
0
 10
129.927
 20
640.763
 11
130.129
 21
640.445
  0
LINE
  8
0
 10
130.129
 20
640.445
 11
130.289
 21
640.104
  0
LINE
  8
0
 10
130.289
 20
640.104
 11
130.406
 21
639.746
  0
LINE
  8
0
 10
130.406
 20
639.746
 11
130.476
 21
639.376
  0
LINE
  8
0
 10
130.476
 20
639.376
 11
130.5
 21
639
  0
LINE
  8
0
 10
130.5
 20
639
 11
130.476
 21
638.624
  0
LINE
  8
0
 10
130.476
 20
638.624
 11
130.406
 21
638.254
  0
LINE
  8
0
 10
130.406
 20
638.254
 11
130.289
 21
637.896
  0
LINE
  8
0
 10
130.289
 20
637.896
 11
130.129
 21
637.555
  0
LINE
  8
0
 10
130.129
 20
637.555
 11
129.927
 21
637.237
  0
LINE
  8
0
 10
129.927
 20
637.237
 11
129.687
 21
636.946
  0
LINE
  8
0
 10
129.687
 20
636.946
 11
129.412
 21
636.688
  0
LINE
  8
0
 10
129.412
 20
636.688
 11
129.107
 21
636.467
  0
LINE
  8
0
 10
129.107
 20
636.467
 11
128.777
 21
636.286
  0
LINE
  8
0
 10
128.777
 20
636.286
 11
128.427
 21
636.147
  0
LINE
  8
0
 10
128.427
 20
636.147
 11
128.062
 21
636.053
  0
LINE
  8
0
 10
128.062
 20
636.053
 11
127.688
 21
636.006
  0
LINE
  8
0
 10
127.688
 20
636.006
 11
127.312
 21
636.006
  0
LINE
  8
0
 10
-127.688
 20
636.006
 11
-128.062
 21
636.053
  0
LINE
  8
0
 10
-128.062
 20
636.053
 11
-128.427
 21
636.147
  0
LINE
  8
0
 10
-128.427
 20
636.147
 11
-128.777
 21
636.286
  0
LINE
  8
0
 10
-128.777
 20
636.286
 11
-129.107
 21
636.467
  0
LINE
  8
0
 10
-129.107
 20
636.467
 11
-129.412
 21
636.688
  0
LINE
  8
0
 10
-129.412
 20
636.688
 11
-129.687
 21
636.946
  0
LINE
  8
0
 10
-129.687
 20
636.946
 11
-129.927
 21
637.237
  0
LINE
  8
0
 10
-129.927
 20
637.237
 11
-130.129
 21
637.555
  0
LINE
  8
0
 10
-130.129
 20
637.555
 11
-130.289
 21
637.896
  0
LINE
  8
0
 10
-130.289
 20
637.896
 11
-130.406
 21
638.254
  0
LINE
  8
0
 10
-130.406
 20
638.254
 11
-130.476
 21
638.624
  0
LINE
  8
0
 10
-130.476
 20
638.624
 11
-130.5
 21
639
  0
LINE
  8
0
 10
-130.5
 20
639
 11
-130.476
 21
639.376
  0
LINE
  8
0
 10
-130.476
 20
639.376
 11
-130.406
 21
639.746
  0
LINE
  8
0
 10
-130.406
 20
639.746
 11
-130.289
 21
640.104
  0
LINE
  8
0
 10
-130.289
 20
640.104
 11
-130.129
 21
640.445
  0
LINE
  8
0
 10
-130.129
 20
640.445
 11
-129.927
 21
640.763
  0
LINE
  8
0
 10
-129.927
 20
640.763
 11
-129.687
 21
641.054
  0
LINE
  8
0
 10
-129.687
 20
641.054
 11
-129.412
 21
641.312
  0
LINE
  8
0
 10
-129.412
 20
641.312
 11
-129.107
 21
641.533
  0
LINE
  8
0
 10
-129.107
 20
641.533
 11
-128.777
 21
641.714
  0
LINE
  8
0
 10
-128.777
 20
641.714
 11
-128.427
 21
641.853
  0
LINE
  8
0
 10
-128.427
 20
641.853
 11
-128.062
 21
641.947
  0
LINE
  8
0
 10
-128.062
 20
641.947
 11
-127.688
 21
641.994
  0
LINE
  8
0
 10
-127.688
 20
641.994
 11
-127.312
 21
641.994
  0
LINE
  8
0
 10
-127.312
 20
641.994
 11
-126.938
 21
641.947
  0
LINE
  8
0
 10
-126.938
 20
641.947
 11
-126.573
 21
641.853
  0
LINE
  8
0
 10
-126.573
 20
641.853
 11
-126.223
 21
641.714
  0
LINE
  8
0
 10
-126.223
 20
641.714
 11
-125.893
 21
641.533
  0
LINE
  8
0
 10
-125.893
 20
641.533
 11
-125.588
 21
641.312
  0
LINE
  8
0
 10
-125.588
 20
641.312
 11
-125.313
 21
641.054
  0
LINE
  8
0
 10
-125.313
 20
641.054
 11
-125.073
 21
640.763
  0
LINE
  8
0
 10
-125.073
 20
640.763
 11
-124.871
 21
640.445
  0
LINE
  8
0
 10
-124.871
 20
640.445
 11
-124.711
 21
640.104
  0
LINE
  8
0
 10
-124.711
 20
640.104
 11
-124.594
 21
639.746
  0
LINE
  8
0
 10
-124.594
 20
639.746
 11
-124.524
 21
639.376
  0
LINE
  8
0
 10
-124.524
 20
639.376
 11
-124.5
 21
639
  0
LINE
  8
0
 10
-124.5
 20
639
 11
-124.524
 21
638.624
  0
LINE
  8
0
 10
-124.524
 20
638.624
 11
-124.594
 21
638.254
  0
LINE
  8
0
 10
-124.594
 20
638.254
 11
-124.711
 21
637.896
  0
LINE
  8
0
 10
-124.711
 20
637.896
 11
-124.871
 21
637.555
  0
LINE
  8
0
 10
-124.871
 20
637.555
 11
-125.073
 21
637.237
  0
LINE
  8
0
 10
-125.073
 20
637.237
 11
-125.313
 21
636.946
  0
LINE
  8
0
 10
-125.313
 20
636.946
 11
-125.588
 21
636.688
  0
LINE
  8
0
 10
-125.588
 20
636.688
 11
-125.893
 21
636.467
  0
LINE
  8
0
 10
-125.893
 20
636.467
 11
-126.223
 21
636.286
  0
LINE
  8
0
 10
-126.223
 20
636.286
 11
-126.573
 21
636.147
  0
LINE
  8
0
 10
-126.573
 20
636.147
 11
-126.938
 21
636.053
  0
LINE
  8
0
 10
-126.938
 20
636.053
 11
-127.312
 21
636.006
  0
LINE
  8
0
 10
-127.312
 20
636.006
 11
-127.688
 21
636.006
  0
LINE
  8
0
 10
130.437
 20
518.089
 11
131.045
 21
518.245
  0
LINE
  8
0
 10
131.045
 20
518.245
 11
131.629
 21
518.476
  0
LINE
  8
0
 10
131.629
 20
518.476
 11
132.179
 21
518.778
  0
LINE
  8
0
 10
132.179
 20
518.778
 11
132.687
 21
519.147
  0
LINE
  8
0
 10
132.687
 20
519.147
 11
133.145
 21
519.577
  0
LINE
  8
0
 10
133.145
 20
519.577
 11
133.545
 21
520.061
  0
LINE
  8
0
 10
133.545
 20
520.061
 11
133.882
 21
520.591
  0
LINE
  8
0
 10
133.882
 20
520.591
 11
134.149
 21
521.159
  0
LINE
  8
0
 10
134.149
 20
521.159
 11
134.343
 21
521.757
  0
LINE
  8
0
 10
134.343
 20
521.757
 11
134.461
 21
522.373
  0
LINE
  8
0
 10
134.461
 20
522.373
 11
134.5
 21
523
  0
LINE
  8
0
 10
134.5
 20
523
 11
134.5
 21
617
  0
LINE
  8
0
 10
134.5
 20
617
 11
134.461
 21
617.627
  0
LINE
  8
0
 10
134.461
 20
617.627
 11
134.343
 21
618.243
  0
LINE
  8
0
 10
134.343
 20
618.243
 11
134.149
 21
618.841
  0
LINE
  8
0
 10
134.149
 20
618.841
 11
133.882
 21
619.409
  0
LINE
  8
0
 10
133.882
 20
619.409
 11
133.545
 21
619.939
  0
LINE
  8
0
 10
133.545
 20
619.939
 11
133.145
 21
620.423
  0
LINE
  8
0
 10
133.145
 20
620.423
 11
132.687
 21
620.853
  0
LINE
  8
0
 10
132.687
 20
620.853
 11
132.179
 21
621.222
  0
LINE
  8
0
 10
132.179
 20
621.222
 11
131.629
 21
621.524
  0
LINE
  8
0
 10
131.629
 20
621.524
 11
131.045
 21
621.755
  0
LINE
  8
0
 10
131.045
 20
621.755
 11
130.437
 21
621.911
  0
LINE
  8
0
 10
130.437
 20
621.911
 11
129.814
 21
621.99
  0
LINE
  8
0
 10
129.814
 20
621.99
 11
-129.814
 21
621.99
  0
LINE
  8
0
 10
-129.814
 20
621.99
 11
-130.437
 21
621.911
  0
LINE
  8
0
 10
-130.437
 20
621.911
 11
-131.045
 21
621.755
  0
LINE
  8
0
 10
-131.045
 20
621.755
 11
-131.629
 21
621.524
  0
LINE
  8
0
 10
-131.629
 20
621.524
 11
-132.179
 21
621.222
  0
LINE
  8
0
 10
-132.179
 20
621.222
 11
-132.687
 21
620.853
  0
LINE
  8
0
 10
-132.687
 20
620.853
 11
-133.145
 21
620.423
  0
LINE
  8
0
 10
-133.145
 20
620.423
 11
-133.545
 21
619.939
  0
LINE
  8
0
 10
-133.545
 20
619.939
 11
-133.882
 21
619.409
  0
LINE
  8
0
 10
-133.882
 20
619.409
 11
-134.149
 21
618.841
  0
LINE
  8
0
 10
-134.149
 20
618.841
 11
-134.343
 21
618.243
  0
LINE
  8
0
 10
-134.343
 20
618.243
 11
-134.461
 21
617.627
  0
LINE
  8
0
 10
-134.461
 20
617.627
 11
-134.5
 21
617
  0
LINE
  8
0
 10
-134.5
 20
617
 11
-134.5
 21
523
  0
LINE
  8
0
 10
-134.5
 20
523
 11
-134.461
 21
522.373
  0
LINE
  8
0
 10
-134.461
 20
522.373
 11
-134.343
 21
521.757
  0
LINE
  8
0
 10
-134.343
 20
521.757
 11
-134.149
 21
521.159
  0
LINE
  8
0
 10
-134.149
 20
521.159
 11
-133.882
 21
520.591
  0
LINE
  8
0
 10
-133.882
 20
520.591
 11
-133.545
 21
520.061
  0
LINE
  8
0
 10
-133.545
 20
520.061
 11
-133.145
 21
519.577
  0
LINE
  8
0
 10
-133.145
 20
519.577
 11
-132.687
 21
519.147
  0
LINE
  8
0
 10
-132.687
 20
519.147
 11
-132.179
 21
518.778
  0
LINE
  8
0
 10
-132.179
 20
518.778
 11
-131.629
 21
518.476
  0
LINE
  8
0
 10
-131.629
 20
518.476
 11
-131.045
 21
518.245
  0
LINE
  8
0
 10
-131.045
 20
518.245
 11
-130.437
 21
518.089
  0
LINE
  8
0
 10
-130.437
 20
518.089
 11
-129.814
 21
518.01
  0
LINE
  8
0
 10
-129.814
 20
518.01
 11
129.814
 21
518.01
  0
LINE
  8
0
 10
129.814
 20
518.01
 11
130.437
 21
518.089
  0
LINE
  8
0
 10
127.312
 20
612.006
 11
126.938
 21
612.053
  0
LINE
  8
0
 10
126.938
 20
612.053
 11
126.573
 21
612.147
  0
LINE
  8
0
 10
126.573
 20
612.147
 11
126.223
 21
612.286
  0
LINE
  8
0
 10
126.223
 20
612.286
 11
125.893
 21
612.467
  0
LINE
  8
0
 10
125.893
 20
612.467
 11
125.588
 21
612.688
  0
LINE
  8
0
 10
125.588
 20
612.688
 11
125.313
 21
612.946
  0
LINE
  8
0
 10
125.313
 20
612.946
 11
125.073
 21
613.237
  0
LINE
  8
0
 10
125.073
 20
613.237
 11
124.871
 21
613.555
  0
LINE
  8
0
 10
124.871
 20
613.555
 11
124.711
 21
613.896
  0
LINE
  8
0
 10
124.711
 20
613.896
 11
124.594
 21
614.254
  0
LINE
  8
0
 10
124.594
 20
614.254
 11
124.524
 21
614.624
  0
LINE
  8
0
 10
124.524
 20
614.624
 11
124.5
 21
615
  0
LINE
  8
0
 10
124.5
 20
615
 11
124.524
 21
615.376
  0
LINE
  8
0
 10
124.524
 20
615.376
 11
124.594
 21
615.746
  0
LINE
  8
0
 10
124.594
 20
615.746
 11
124.711
 21
616.104
  0
LINE
  8
0
 10
124.711
 20
616.104
 11
124.871
 21
616.445
  0
LINE
  8
0
 10
124.871
 20
616.445
 11
125.073
 21
616.763
  0
LINE
  8
0
 10
125.073
 20
616.763
 11
125.313
 21
617.054
  0
LINE
  8
0
 10
125.313
 20
617.054
 11
125.588
 21
617.312
  0
LINE
  8
0
 10
125.588
 20
617.312
 11
125.893
 21
617.533
  0
LINE
  8
0
 10
125.893
 20
617.533
 11
126.223
 21
617.714
  0
LINE
  8
0
 10
126.223
 20
617.714
 11
126.573
 21
617.853
  0
LINE
  8
0
 10
126.573
 20
617.853
 11
126.938
 21
617.947
  0
LINE
  8
0
 10
126.938
 20
617.947
 11
127.312
 21
617.994
  0
LINE
  8
0
 10
127.312
 20
617.994
 11
127.688
 21
617.994
  0
LINE
  8
0
 10
127.688
 20
617.994
 11
128.062
 21
617.947
  0
LINE
  8
0
 10
128.062
 20
617.947
 11
128.427
 21
617.853
  0
LINE
  8
0
 10
128.427
 20
617.853
 11
128.777
 21
617.714
  0
LINE
  8
0
 10
128.777
 20
617.714
 11
129.107
 21
617.533
  0
LINE
  8
0
 10
129.107
 20
617.533
 11
129.412
 21
617.312
  0
LINE
  8
0
 10
129.412
 20
617.312
 11
129.687
 21
617.054
  0
LINE
  8
0
 10
129.687
 20
617.054
 11
129.927
 21
616.763
  0
LINE
  8
0
 10
129.927
 20
616.763
 11
130.129
 21
616.445
  0
LINE
  8
0
 10
130.129
 20
616.445
 11
130.289
 21
616.104
  0
LINE
  8
0
 10
130.289
 20
616.104
 11
130.406
 21
615.746
  0
LINE
  8
0
 10
130.406
 20
615.746
 11
130.476
 21
615.376
  0
LINE
  8
0
 10
130.476
 20
615.376
 11
130.5
 21
615
  0
LINE
  8
0
 10
130.5
 20
615
 11
130.476
 21
614.624
  0
LINE
  8
0
 10
130.476
 20
614.624
 11
130.406
 21
614.254
  0
LINE
  8
0
 10
130.406
 20
614.254
 11
130.289
 21
613.896
  0
LINE
  8
0
 10
130.289
 20
613.896
 11
130.129
 21
613.555
  0
LINE
  8
0
 10
130.129
 20
613.555
 11
129.927
 21
613.237
  0
LINE
  8
0
 10
129.927
 20
613.237
 11
129.687
 21
612.946
  0
LINE
  8
0
 10
129.687
 20
612.946
 11
129.412
 21
612.688
  0
LINE
  8
0
 10
129.412
 20
612.688
 11
129.107
 21
612.467
  0
LINE
  8
0
 10
129.107
 20
612.467
 11
128.777
 21
612.286
  0
LINE
  8
0
 10
128.777
 20
612.286
 11
128.427
 21
612.147
  0
LINE
  8
0
 10
128.427
 20
612.147
 11
128.062
 21
612.053
  0
LINE
  8
0
 10
128.062
 20
612.053
 11
127.688
 21
612.006
  0
LINE
  8
0
 10
127.688
 20
612.006
 11
127.312
 21
612.006
  0
LINE
  8
0
 10
-127.688
 20
612.006
 11
-128.062
 21
612.053
  0
LINE
  8
0
 10
-128.062
 20
612.053
 11
-128.427
 21
612.147
  0
LINE
  8
0
 10
-128.427
 20
612.147
 11
-128.777
 21
612.286
  0
LINE
  8
0
 10
-128.777
 20
612.286
 11
-129.107
 21
612.467
  0
LINE
  8
0
 10
-129.107
 20
612.467
 11
-129.412
 21
612.688
  0
LINE
  8
0
 10
-129.412
 20
612.688
 11
-129.687
 21
612.946
  0
LINE
  8
0
 10
-129.687
 20
612.946
 11
-129.927
 21
613.237
  0
LINE
  8
0
 10
-129.927
 20
613.237
 11
-130.129
 21
613.555
  0
LINE
  8
0
 10
-130.129
 20
613.555
 11
-130.289
 21
613.896
  0
LINE
  8
0
 10
-130.289
 20
613.896
 11
-130.406
 21
614.254
  0
LINE
  8
0
 10
-130.406
 20
614.254
 11
-130.476
 21
614.624
  0
LINE
  8
0
 10
-130.476
 20
614.624
 11
-130.5
 21
615
  0
LINE
  8
0
 10
-130.5
 20
615
 11
-130.476
 21
615.376
  0
LINE
  8
0
 10
-130.476
 20
615.376
 11
-130.406
 21
615.746
  0
LINE
  8
0
 10
-130.406
 20
615.746
 11
-130.289
 21
616.104
  0
LINE
  8
0
 10
-130.289
 20
616.104
 11
-130.129
 21
616.445
  0
LINE
  8
0
 10
-130.129
 20
616.445
 11
-129.927
 21
616.763
  0
LINE
  8
0
 10
-129.927
 20
616.763
 11
-129.687
 21
617.054
  0
LINE
  8
0
 10
-129.687
 20
617.054
 11
-129.412
 21
617.312
  0
LINE
  8
0
 10
-129.412
 20
617.312
 11
-129.107
 21
617.533
  0
LINE
  8
0
 10
-129.107
 20
617.533
 11
-128.777
 21
617.714
  0
LINE
  8
0
 10
-128.777
 20
617.714
 11
-128.427
 21
617.853
  0
LINE
  8
0
 10
-128.427
 20
617.853
 11
-128.062
 21
617.947
  0
LINE
  8
0
 10
-128.062
 20
617.947
 11
-127.688
 21
617.994
  0
LINE
  8
0
 10
-127.688
 20
617.994
 11
-127.312
 21
617.994
  0
LINE
  8
0
 10
-127.312
 20
617.994
 11
-126.938
 21
617.947
  0
LINE
  8
0
 10
-126.938
 20
617.947
 11
-126.573
 21
617.853
  0
LINE
  8
0
 10
-126.573
 20
617.853
 11
-126.223
 21
617.714
  0
LINE
  8
0
 10
-126.223
 20
617.714
 11
-125.893
 21
617.533
  0
LINE
  8
0
 10
-125.893
 20
617.533
 11
-125.588
 21
617.312
  0
LINE
  8
0
 10
-125.588
 20
617.312
 11
-125.313
 21
617.054
  0
LINE
  8
0
 10
-125.313
 20
617.054
 11
-125.073
 21
616.763
  0
LINE
  8
0
 10
-125.073
 20
616.763
 11
-124.871
 21
616.445
  0
LINE
  8
0
 10
-124.871
 20
616.445
 11
-124.711
 21
616.104
  0
LINE
  8
0
 10
-124.711
 20
616.104
 11
-124.594
 21
615.746
  0
LINE
  8
0
 10
-124.594
 20
615.746
 11
-124.524
 21
615.376
  0
LINE
  8
0
 10
-124.524
 20
615.376
 11
-124.5
 21
615
  0
LINE
  8
0
 10
-124.5
 20
615
 11
-124.524
 21
614.624
  0
LINE
  8
0
 10
-124.524
 20
614.624
 11
-124.594
 21
614.254
  0
LINE
  8
0
 10
-124.594
 20
614.254
 11
-124.711
 21
613.896
  0
LINE
  8
0
 10
-124.711
 20
613.896
 11
-124.871
 21
613.555
  0
LINE
  8
0
 10
-124.871
 20
613.555
 11
-125.073
 21
613.237
  0
LINE
  8
0
 10
-125.073
 20
613.237
 11
-125.313
 21
612.946
  0
LINE
  8
0
 10
-125.313
 20
612.946
 11
-125.588
 21
612.688
  0
LINE
  8
0
 10
-125.588
 20
612.688
 11
-125.893
 21
612.467
  0
LINE
  8
0
 10
-125.893
 20
612.467
 11
-126.223
 21
612.286
  0
LINE
  8
0
 10
-126.223
 20
612.286
 11
-126.573
 21
612.147
  0
LINE
  8
0
 10
-126.573
 20
612.147
 11
-126.938
 21
612.053
  0
LINE
  8
0
 10
-126.938
 20
612.053
 11
-127.312
 21
612.006
  0
LINE
  8
0
 10
-127.312
 20
612.006
 11
-127.688
 21
612.006
  0
LINE
  8
0
 10
-127.594
 20
606.003
 11
-127.781
 21
606.027
  0
LINE
  8
0
 10
-127.781
 20
606.027
 11
-127.964
 21
606.073
  0
LINE
  8
0
 10
-127.964
 20
606.073
 11
-128.139
 21
606.143
  0
LINE
  8
0
 10
-128.139
 20
606.143
 11
-128.304
 21
606.234
  0
LINE
  8
0
 10
-128.304
 20
606.234
 11
-128.456
 21
606.344
  0
LINE
  8
0
 10
-128.456
 20
606.344
 11
-128.593
 21
606.473
  0
LINE
  8
0
 10
-128.593
 20
606.473
 11
-128.714
 21
606.618
  0
LINE
  8
0
 10
-128.714
 20
606.618
 11
-128.814
 21
606.777
  0
LINE
  8
0
 10
-128.814
 20
606.777
 11
-128.895
 21
606.948
  0
LINE
  8
0
 10
-128.895
 20
606.948
 11
-128.953
 21
607.127
  0
LINE
  8
0
 10
-128.953
 20
607.127
 11
-128.988
 21
607.312
  0
LINE
  8
0
 10
-128.988
 20
607.312
 11
-129
 21
607.5
  0
LINE
  8
0
 10
-129
 20
607.5
 11
-128.988
 21
607.688
  0
LINE
  8
0
 10
-128.988
 20
607.688
 11
-128.953
 21
607.873
  0
LINE
  8
0
 10
-128.953
 20
607.873
 11
-128.895
 21
608.052
  0
LINE
  8
0
 10
-128.895
 20
608.052
 11
-128.814
 21
608.223
  0
LINE
  8
0
 10
-128.814
 20
608.223
 11
-128.714
 21
608.382
  0
LINE
  8
0
 10
-128.714
 20
608.382
 11
-128.593
 21
608.527
  0
LINE
  8
0
 10
-128.593
 20
608.527
 11
-128.456
 21
608.656
  0
LINE
  8
0
 10
-128.456
 20
608.656
 11
-128.304
 21
608.766
  0
LINE
  8
0
 10
-128.304
 20
608.766
 11
-128.139
 21
608.857
  0
LINE
  8
0
 10
-128.139
 20
608.857
 11
-127.964
 21
608.927
  0
LINE
  8
0
 10
-127.964
 20
608.927
 11
-127.781
 21
608.973
  0
LINE
  8
0
 10
-127.781
 20
608.973
 11
-127.594
 21
608.997
  0
LINE
  8
0
 10
-127.594
 20
608.997
 11
-127.406
 21
608.997
  0
LINE
  8
0
 10
-127.406
 20
608.997
 11
-127.219
 21
608.973
  0
LINE
  8
0
 10
-127.219
 20
608.973
 11
-127.036
 21
608.927
  0
LINE
  8
0
 10
-127.036
 20
608.927
 11
-126.861
 21
608.857
  0
LINE
  8
0
 10
-126.861
 20
608.857
 11
-126.696
 21
608.766
  0
LINE
  8
0
 10
-126.696
 20
608.766
 11
-126.544
 21
608.656
  0
LINE
  8
0
 10
-126.544
 20
608.656
 11
-126.407
 21
608.527
  0
LINE
  8
0
 10
-126.407
 20
608.527
 11
-126.286
 21
608.382
  0
LINE
  8
0
 10
-126.286
 20
608.382
 11
-126.186
 21
608.223
  0
LINE
  8
0
 10
-126.186
 20
608.223
 11
-126.105
 21
608.052
  0
LINE
  8
0
 10
-126.105
 20
608.052
 11
-126.047
 21
607.873
  0
LINE
  8
0
 10
-126.047
 20
607.873
 11
-126.012
 21
607.688
  0
LINE
  8
0
 10
-126.012
 20
607.688
 11
-126
 21
607.5
  0
LINE
  8
0
 10
-126
 20
607.5
 11
-126.012
 21
607.312
  0
LINE
  8
0
 10
-126.012
 20
607.312
 11
-126.047
 21
607.127
  0
LINE
  8
0
 10
-126.047
 20
607.127
 11
-126.105
 21
606.948
  0
LINE
  8
0
 10
-126.105
 20
606.948
 11
-126.186
 21
606.777
  0
LINE
  8
0
 10
-126.186
 20
606.777
 11
-126.286
 21
606.618
  0
LINE
  8
0
 10
-126.286
 20
606.618
 11
-126.407
 21
606.473
  0
LINE
  8
0
 10
-126.407
 20
606.473
 11
-126.544
 21
606.344
  0
LINE
  8
0
 10
-126.544
 20
606.344
 11
-126.696
 21
606.234
  0
LINE
  8
0
 10
-126.696
 20
606.234
 11
-126.861
 21
606.143
  0
LINE
  8
0
 10
-126.861
 20
606.143
 11
-127.036
 21
606.073
  0
LINE
  8
0
 10
-127.036
 20
606.073
 11
-127.219
 21
606.027
  0
LINE
  8
0
 10
-127.219
 20
606.027
 11
-127.406
 21
606.003
  0
LINE
  8
0
 10
-127.406
 20
606.003
 11
-127.594
 21
606.003
  0
LINE
  8
0
 10
127.406
 20
606.003
 11
127.219
 21
606.027
  0
LINE
  8
0
 10
127.219
 20
606.027
 11
127.036
 21
606.073
  0
LINE
  8
0
 10
127.036
 20
606.073
 11
126.861
 21
606.143
  0
LINE
  8
0
 10
126.861
 20
606.143
 11
126.696
 21
606.234
  0
LINE
  8
0
 10
126.696
 20
606.234
 11
126.544
 21
606.344
  0
LINE
  8
0
 10
126.544
 20
606.344
 11
126.407
 21
606.473
  0
LINE
  8
0
 10
126.407
 20
606.473
 11
126.286
 21
606.618
  0
LINE
  8
0
 10
126.286
 20
606.618
 11
126.186
 21
606.777
  0
LINE
  8
0
 10
126.186
 20
606.777
 11
126.105
 21
606.948
  0
LINE
  8
0
 10
126.105
 20
606.948
 11
126.047
 21
607.127
  0
LINE
  8
0
 10
126.047
 20
607.127
 11
126.012
 21
607.312
  0
LINE
  8
0
 10
126.012
 20
607.312
 11
126
 21
607.5
  0
LINE
  8
0
 10
126
 20
607.5
 11
126.012
 21
607.688
  0
LINE
  8
0
 10
126.012
 20
607.688
 11
126.047
 21
607.873
  0
LINE
  8
0
 10
126.047
 20
607.873
 11
126.105
 21
608.052
  0
LINE
  8
0
 10
126.105
 20
608.052
 11
126.186
 21
608.223
  0
LINE
  8
0
 10
126.186
 20
608.223
 11
126.286
 21
608.382
  0
LINE
  8
0
 10
126.286
 20
608.382
 11
126.407
 21
608.527
  0
LINE
  8
0
 10
126.407
 20
608.527
 11
126.544
 21
608.656
  0
LINE
  8
0
 10
126.544
 20
608.656
 11
126.696
 21
608.766
  0
LINE
  8
0
 10
126.696
 20
608.766
 11
126.861
 21
608.857
  0
LINE
  8
0
 10
126.861
 20
608.857
 11
127.036
 21
608.927
  0
LINE
  8
0
 10
127.036
 20
608.927
 11
127.219
 21
608.973
  0
LINE
  8
0
 10
127.219
 20
608.973
 11
127.406
 21
608.997
  0
LINE
  8
0
 10
127.406
 20
608.997
 11
127.594
 21
608.997
  0
LINE
  8
0
 10
127.594
 20
608.997
 11
127.781
 21
608.973
  0
LINE
  8
0
 10
127.781
 20
608.973
 11
127.964
 21
608.927
  0
LINE
  8
0
 10
127.964
 20
608.927
 11
128.139
 21
608.857
  0
LINE
  8
0
 10
128.139
 20
608.857
 11
128.304
 21
608.766
  0
LINE
  8
0
 10
128.304
 20
608.766
 11
128.456
 21
608.656
  0
LINE
  8
0
 10
128.456
 20
608.656
 11
128.593
 21
608.527
  0
LINE
  8
0
 10
128.593
 20
608.527
 11
128.714
 21
608.382
  0
LINE
  8
0
 10
128.714
 20
608.382
 11
128.814
 21
608.223
  0
LINE
  8
0
 10
128.814
 20
608.223
 11
128.895
 21
608.052
  0
LINE
  8
0
 10
128.895
 20
608.052
 11
128.953
 21
607.873
  0
LINE
  8
0
 10
128.953
 20
607.873
 11
128.988
 21
607.688
  0
LINE
  8
0
 10
128.988
 20
607.688
 11
129
 21
607.5
  0
LINE
  8
0
 10
129
 20
607.5
 11
128.988
 21
607.312
  0
LINE
  8
0
 10
128.988
 20
607.312
 11
128.953
 21
607.127
  0
LINE
  8
0
 10
128.953
 20
607.127
 11
128.895
 21
606.948
  0
LINE
  8
0
 10
128.895
 20
606.948
 11
128.814
 21
606.777
  0
LINE
  8
0
 10
128.814
 20
606.777
 11
128.714
 21
606.618
  0
LINE
  8
0
 10
128.714
 20
606.618
 11
128.593
 21
606.473
  0
LINE
  8
0
 10
128.593
 20
606.473
 11
128.456
 21
606.344
  0
LINE
  8
0
 10
128.456
 20
606.344
 11
128.304
 21
606.234
  0
LINE
  8
0
 10
128.304
 20
606.234
 11
128.139
 21
606.143
  0
LINE
  8
0
 10
128.139
 20
606.143
 11
127.964
 21
606.073
  0
LINE
  8
0
 10
127.964
 20
606.073
 11
127.781
 21
606.027
  0
LINE
  8
0
 10
127.781
 20
606.027
 11
127.594
 21
606.003
  0
LINE
  8
0
 10
127.594
 20
606.003
 11
127.406
 21
606.003
  0
LINE
  8
0
 10
-127.688
 20
597.006
 11
-128.062
 21
597.053
  0
LINE
  8
0
 10
-128.062
 20
597.053
 11
-128.427
 21
597.147
  0
LINE
  8
0
 10
-128.427
 20
597.147
 11
-128.777
 21
597.286
  0
LINE
  8
0
 10
-128.777
 20
597.286
 11
-129.107
 21
597.467
  0
LINE
  8
0
 10
-129.107
 20
597.467
 11
-129.412
 21
597.688
  0
LINE
  8
0
 10
-129.412
 20
597.688
 11
-129.687
 21
597.946
  0
LINE
  8
0
 10
-129.687
 20
597.946
 11
-129.927
 21
598.237
  0
LINE
  8
0
 10
-129.927
 20
598.237
 11
-130.129
 21
598.555
  0
LINE
  8
0
 10
-130.129
 20
598.555
 11
-130.289
 21
598.896
  0
LINE
  8
0
 10
-130.289
 20
598.896
 11
-130.406
 21
599.254
  0
LINE
  8
0
 10
-130.406
 20
599.254
 11
-130.476
 21
599.624
  0
LINE
  8
0
 10
-130.476
 20
599.624
 11
-130.5
 21
600
  0
LINE
  8
0
 10
-130.5
 20
600
 11
-130.476
 21
600.376
  0
LINE
  8
0
 10
-130.476
 20
600.376
 11
-130.406
 21
600.746
  0
LINE
  8
0
 10
-130.406
 20
600.746
 11
-130.289
 21
601.104
  0
LINE
  8
0
 10
-130.289
 20
601.104
 11
-130.129
 21
601.445
  0
LINE
  8
0
 10
-130.129
 20
601.445
 11
-129.927
 21
601.763
  0
LINE
  8
0
 10
-129.927
 20
601.763
 11
-129.687
 21
602.054
  0
LINE
  8
0
 10
-129.687
 20
602.054
 11
-129.412
 21
602.312
  0
LINE
  8
0
 10
-129.412
 20
602.312
 11
-129.107
 21
602.533
  0
LINE
  8
0
 10
-129.107
 20
602.533
 11
-128.777
 21
602.714
  0
LINE
  8
0
 10
-128.777
 20
602.714
 11
-128.427
 21
602.853
  0
LINE
  8
0
 10
-128.427
 20
602.853
 11
-128.062
 21
602.947
  0
LINE
  8
0
 10
-128.062
 20
602.947
 11
-127.688
 21
602.994
  0
LINE
  8
0
 10
-127.688
 20
602.994
 11
-127.312
 21
602.994
  0
LINE
  8
0
 10
-127.312
 20
602.994
 11
-126.938
 21
602.947
  0
LINE
  8
0
 10
-126.938
 20
602.947
 11
-126.573
 21
602.853
  0
LINE
  8
0
 10
-126.573
 20
602.853
 11
-126.223
 21
602.714
  0
LINE
  8
0
 10
-126.223
 20
602.714
 11
-125.893
 21
602.533
  0
LINE
  8
0
 10
-125.893
 20
602.533
 11
-125.588
 21
602.312
  0
LINE
  8
0
 10
-125.588
 20
602.312
 11
-125.313
 21
602.054
  0
LINE
  8
0
 10
-125.313
 20
602.054
 11
-125.073
 21
601.763
  0
LINE
  8
0
 10
-125.073
 20
601.763
 11
-124.871
 21
601.445
  0
LINE
  8
0
 10
-124.871
 20
601.445
 11
-124.711
 21
601.104
  0
LINE
  8
0
 10
-124.711
 20
601.104
 11
-124.594
 21
600.746
  0
LINE
  8
0
 10
-124.594
 20
600.746
 11
-124.524
 21
600.376
  0
LINE
  8
0
 10
-124.524
 20
600.376
 11
-124.5
 21
600
  0
LINE
  8
0
 10
-124.5
 20
600
 11
-124.524
 21
599.624
  0
LINE
  8
0
 10
-124.524
 20
599.624
 11
-124.594
 21
599.254
  0
LINE
  8
0
 10
-124.594
 20
599.254
 11
-124.711
 21
598.896
  0
LINE
  8
0
 10
-124.711
 20
598.896
 11
-124.871
 21
598.555
  0
LINE
  8
0
 10
-124.871
 20
598.555
 11
-125.073
 21
598.237
  0
LINE
  8
0
 10
-125.073
 20
598.237
 11
-125.313
 21
597.946
  0
LINE
  8
0
 10
-125.313
 20
597.946
 11
-125.588
 21
597.688
  0
LINE
  8
0
 10
-125.588
 20
597.688
 11
-125.893
 21
597.467
  0
LINE
  8
0
 10
-125.893
 20
597.467
 11
-126.223
 21
597.286
  0
LINE
  8
0
 10
-126.223
 20
597.286
 11
-126.573
 21
597.147
  0
LINE
  8
0
 10
-126.573
 20
597.147
 11
-126.938
 21
597.053
  0
LINE
  8
0
 10
-126.938
 20
597.053
 11
-127.312
 21
597.006
  0
LINE
  8
0
 10
-127.312
 20
597.006
 11
-127.688
 21
597.006
  0
LINE
  8
0
 10
127.312
 20
597.006
 11
126.938
 21
597.053
  0
LINE
  8
0
 10
126.938
 20
597.053
 11
126.573
 21
597.147
  0
LINE
  8
0
 10
126.573
 20
597.147
 11
126.223
 21
597.286
  0
LINE
  8
0
 10
126.223
 20
597.286
 11
125.893
 21
597.467
  0
LINE
  8
0
 10
125.893
 20
597.467
 11
125.588
 21
597.688
  0
LINE
  8
0
 10
125.588
 20
597.688
 11
125.313
 21
597.946
  0
LINE
  8
0
 10
125.313
 20
597.946
 11
125.073
 21
598.237
  0
LINE
  8
0
 10
125.073
 20
598.237
 11
124.871
 21
598.555
  0
LINE
  8
0
 10
124.871
 20
598.555
 11
124.711
 21
598.896
  0
LINE
  8
0
 10
124.711
 20
598.896
 11
124.594
 21
599.254
  0
LINE
  8
0
 10
124.594
 20
599.254
 11
124.524
 21
599.624
  0
LINE
  8
0
 10
124.524
 20
599.624
 11
124.5
 21
600
  0
LINE
  8
0
 10
124.5
 20
600
 11
124.524
 21
600.376
  0
LINE
  8
0
 10
124.524
 20
600.376
 11
124.594
 21
600.746
  0
LINE
  8
0
 10
124.594
 20
600.746
 11
124.711
 21
601.104
  0
LINE
  8
0
 10
124.711
 20
601.104
 11
124.871
 21
601.445
  0
LINE
  8
0
 10
124.871
 20
601.445
 11
125.073
 21
601.763
  0
LINE
  8
0
 10
125.073
 20
601.763
 11
125.313
 21
602.054
  0
LINE
  8
0
 10
125.313
 20
602.054
 11
125.588
 21
602.312
  0
LINE
  8
0
 10
125.588
 20
602.312
 11
125.893
 21
602.533
  0
LINE
  8
0
 10
125.893
 20
602.533
 11
126.223
 21
602.714
  0
LINE
  8
0
 10
126.223
 20
602.714
 11
126.573
 21
602.853
  0
LINE
  8
0
 10
126.573
 20
602.853
 11
126.938
 21
602.947
  0
LINE
  8
0
 10
126.938
 20
602.947
 11
127.312
 21
602.994
  0
LINE
  8
0
 10
127.312
 20
602.994
 11
127.688
 21
602.994
  0
LINE
  8
0
 10
127.688
 20
602.994
 11
128.062
 21
602.947
  0
LINE
  8
0
 10
128.062
 20
602.947
 11
128.427
 21
602.853
  0
LINE
  8
0
 10
128.427
 20
602.853
 11
128.777
 21
602.714
  0
LINE
  8
0
 10
128.777
 20
602.714
 11
129.107
 21
602.533
  0
LINE
  8
0
 10
129.107
 20
602.533
 11
129.412
 21
602.312
  0
LINE
  8
0
 10
129.412
 20
602.312
 11
129.687
 21
602.054
  0
LINE
  8
0
 10
129.687
 20
602.054
 11
129.927
 21
601.763
  0
LINE
  8
0
 10
129.927
 20
601.763
 11
130.129
 21
601.445
  0
LINE
  8
0
 10
130.129
 20
601.445
 11
130.289
 21
601.104
  0
LINE
  8
0
 10
130.289
 20
601.104
 11
130.406
 21
600.746
  0
LINE
  8
0
 10
130.406
 20
600.746
 11
130.476
 21
600.376
  0
LINE
  8
0
 10
130.476
 20
600.376
 11
130.5
 21
600
  0
LINE
  8
0
 10
130.5
 20
600
 11
130.476
 21
599.624
  0
LINE
  8
0
 10
130.476
 20
599.624
 11
130.406
 21
599.254
  0
LINE
  8
0
 10
130.406
 20
599.254
 11
130.289
 21
598.896
  0
LINE
  8
0
 10
130.289
 20
598.896
 11
130.129
 21
598.555
  0
LINE
  8
0
 10
130.129
 20
598.555
 11
129.927
 21
598.237
  0
LINE
  8
0
 10
129.927
 20
598.237
 11
129.687
 21
597.946
  0
LINE
  8
0
 10
129.687
 20
597.946
 11
129.412
 21
597.688
  0
LINE
  8
0
 10
129.412
 20
597.688
 11
129.107
 21
597.467
  0
LINE
  8
0
 10
129.107
 20
597.467
 11
128.777
 21
597.286
  0
LINE
  8
0
 10
128.777
 20
597.286
 11
128.427
 21
597.147
  0
LINE
  8
0
 10
128.427
 20
597.147
 11
128.062
 21
597.053
  0
LINE
  8
0
 10
128.062
 20
597.053
 11
127.688
 21
597.006
  0
LINE
  8
0
 10
127.688
 20
597.006
 11
127.312
 21
597.006
  0
LINE
  8
0
 10
127.406
 20
591.003
 11
127.219
 21
591.027
  0
LINE
  8
0
 10
127.219
 20
591.027
 11
127.036
 21
591.073
  0
LINE
  8
0
 10
127.036
 20
591.073
 11
126.861
 21
591.143
  0
LINE
  8
0
 10
126.861
 20
591.143
 11
126.696
 21
591.234
  0
LINE
  8
0
 10
126.696
 20
591.234
 11
126.544
 21
591.344
  0
LINE
  8
0
 10
126.544
 20
591.344
 11
126.407
 21
591.473
  0
LINE
  8
0
 10
126.407
 20
591.473
 11
126.286
 21
591.618
  0
LINE
  8
0
 10
126.286
 20
591.618
 11
126.186
 21
591.777
  0
LINE
  8
0
 10
126.186
 20
591.777
 11
126.105
 21
591.948
  0
LINE
  8
0
 10
126.105
 20
591.948
 11
126.047
 21
592.127
  0
LINE
  8
0
 10
126.047
 20
592.127
 11
126.012
 21
592.312
  0
LINE
  8
0
 10
126.012
 20
592.312
 11
126
 21
592.5
  0
LINE
  8
0
 10
126
 20
592.5
 11
126.012
 21
592.688
  0
LINE
  8
0
 10
126.012
 20
592.688
 11
126.047
 21
592.873
  0
LINE
  8
0
 10
126.047
 20
592.873
 11
126.105
 21
593.052
  0
LINE
  8
0
 10
126.105
 20
593.052
 11
126.186
 21
593.223
  0
LINE
  8
0
 10
126.186
 20
593.223
 11
126.286
 21
593.382
  0
LINE
  8
0
 10
126.286
 20
593.382
 11
126.407
 21
593.527
  0
LINE
  8
0
 10
126.407
 20
593.527
 11
126.544
 21
593.656
  0
LINE
  8
0
 10
126.544
 20
593.656
 11
126.696
 21
593.766
  0
LINE
  8
0
 10
126.696
 20
593.766
 11
126.861
 21
593.857
  0
LINE
  8
0
 10
126.861
 20
593.857
 11
127.036
 21
593.927
  0
LINE
  8
0
 10
127.036
 20
593.927
 11
127.219
 21
593.973
  0
LINE
  8
0
 10
127.219
 20
593.973
 11
127.406
 21
593.997
  0
LINE
  8
0
 10
127.406
 20
593.997
 11
127.594
 21
593.997
  0
LINE
  8
0
 10
127.594
 20
593.997
 11
127.781
 21
593.973
  0
LINE
  8
0
 10
127.781
 20
593.973
 11
127.964
 21
593.927
  0
LINE
  8
0
 10
127.964
 20
593.927
 11
128.139
 21
593.857
  0
LINE
  8
0
 10
128.139
 20
593.857
 11
128.304
 21
593.766
  0
LINE
  8
0
 10
128.304
 20
593.766
 11
128.456
 21
593.656
  0
LINE
  8
0
 10
128.456
 20
593.656
 11
128.593
 21
593.527
  0
LINE
  8
0
 10
128.593
 20
593.527
 11
128.714
 21
593.382
  0
LINE
  8
0
 10
128.714
 20
593.382
 11
128.814
 21
593.223
  0
LINE
  8
0
 10
128.814
 20
593.223
 11
128.895
 21
593.052
  0
LINE
  8
0
 10
128.895
 20
593.052
 11
128.953
 21
592.873
  0
LINE
  8
0
 10
128.953
 20
592.873
 11
128.988
 21
592.688
  0
LINE
  8
0
 10
128.988
 20
592.688
 11
129
 21
592.5
  0
LINE
  8
0
 10
129
 20
592.5
 11
128.988
 21
592.312
  0
LINE
  8
0
 10
128.988
 20
592.312
 11
128.953
 21
592.127
  0
LINE
  8
0
 10
128.953
 20
592.127
 11
128.895
 21
591.948
  0
LINE
  8
0
 10
128.895
 20
591.948
 11
128.814
 21
591.777
  0
LINE
  8
0
 10
128.814
 20
591.777
 11
128.714
 21
591.618
  0
LINE
  8
0
 10
128.714
 20
591.618
 11
128.593
 21
591.473
  0
LINE
  8
0
 10
128.593
 20
591.473
 11
128.456
 21
591.344
  0
LINE
  8
0
 10
128.456
 20
591.344
 11
128.304
 21
591.234
  0
LINE
  8
0
 10
128.304
 20
591.234
 11
128.139
 21
591.143
  0
LINE
  8
0
 10
128.139
 20
591.143
 11
127.964
 21
591.073
  0
LINE
  8
0
 10
127.964
 20
591.073
 11
127.781
 21
591.027
  0
LINE
  8
0
 10
127.781
 20
591.027
 11
127.594
 21
591.003
  0
LINE
  8
0
 10
127.594
 20
591.003
 11
127.406
 21
591.003
  0
LINE
  8
0
 10
-127.594
 20
591.003
 11
-127.781
 21
591.027
  0
LINE
  8
0
 10
-127.781
 20
591.027
 11
-127.964
 21
591.073
  0
LINE
  8
0
 10
-127.964
 20
591.073
 11
-128.139
 21
591.143
  0
LINE
  8
0
 10
-128.139
 20
591.143
 11
-128.304
 21
591.234
  0
LINE
  8
0
 10
-128.304
 20
591.234
 11
-128.456
 21
591.344
  0
LINE
  8
0
 10
-128.456
 20
591.344
 11
-128.593
 21
591.473
  0
LINE
  8
0
 10
-128.593
 20
591.473
 11
-128.714
 21
591.618
  0
LINE
  8
0
 10
-128.714
 20
591.618
 11
-128.814
 21
591.777
  0
LINE
  8
0
 10
-128.814
 20
591.777
 11
-128.895
 21
591.948
  0
LINE
  8
0
 10
-128.895
 20
591.948
 11
-128.953
 21
592.127
  0
LINE
  8
0
 10
-128.953
 20
592.127
 11
-128.988
 21
592.312
  0
LINE
  8
0
 10
-128.988
 20
592.312
 11
-129
 21
592.5
  0
LINE
  8
0
 10
-129
 20
592.5
 11
-128.988
 21
592.688
  0
LINE
  8
0
 10
-128.988
 20
592.688
 11
-128.953
 21
592.873
  0
LINE
  8
0
 10
-128.953
 20
592.873
 11
-128.895
 21
593.052
  0
LINE
  8
0
 10
-128.895
 20
593.052
 11
-128.814
 21
593.223
  0
LINE
  8
0
 10
-128.814
 20
593.223
 11
-128.714
 21
593.382
  0
LINE
  8
0
 10
-128.714
 20
593.382
 11
-128.593
 21
593.527
  0
LINE
  8
0
 10
-128.593
 20
593.527
 11
-128.456
 21
593.656
  0
LINE
  8
0
 10
-128.456
 20
593.656
 11
-128.304
 21
593.766
  0
LINE
  8
0
 10
-128.304
 20
593.766
 11
-128.139
 21
593.857
  0
LINE
  8
0
 10
-128.139
 20
593.857
 11
-127.964
 21
593.927
  0
LINE
  8
0
 10
-127.964
 20
593.927
 11
-127.781
 21
593.973
  0
LINE
  8
0
 10
-127.781
 20
593.973
 11
-127.594
 21
593.997
  0
LINE
  8
0
 10
-127.594
 20
593.997
 11
-127.406
 21
593.997
  0
LINE
  8
0
 10
-127.406
 20
593.997
 11
-127.219
 21
593.973
  0
LINE
  8
0
 10
-127.219
 20
593.973
 11
-127.036
 21
593.927
  0
LINE
  8
0
 10
-127.036
 20
593.927
 11
-126.861
 21
593.857
  0
LINE
  8
0
 10
-126.861
 20
593.857
 11
-126.696
 21
593.766
  0
LINE
  8
0
 10
-126.696
 20
593.766
 11
-126.544
 21
593.656
  0
LINE
  8
0
 10
-126.544
 20
593.656
 11
-126.407
 21
593.527
  0
LINE
  8
0
 10
-126.407
 20
593.527
 11
-126.286
 21
593.382
  0
LINE
  8
0
 10
-126.286
 20
593.382
 11
-126.186
 21
593.223
  0
LINE
  8
0
 10
-126.186
 20
593.223
 11
-126.105
 21
593.052
  0
LINE
  8
0
 10
-126.105
 20
593.052
 11
-126.047
 21
592.873
  0
LINE
  8
0
 10
-126.047
 20
592.873
 11
-126.012
 21
592.688
  0
LINE
  8
0
 10
-126.012
 20
592.688
 11
-126
 21
592.5
  0
LINE
  8
0
 10
-126
 20
592.5
 11
-126.012
 21
592.312
  0
LINE
  8
0
 10
-126.012
 20
592.312
 11
-126.047
 21
592.127
  0
LINE
  8
0
 10
-126.047
 20
592.127
 11
-126.105
 21
591.948
  0
LINE
  8
0
 10
-126.105
 20
591.948
 11
-126.186
 21
591.777
  0
LINE
  8
0
 10
-126.186
 20
591.777
 11
-126.286
 21
591.618
  0
LINE
  8
0
 10
-126.286
 20
591.618
 11
-126.407
 21
591.473
  0
LINE
  8
0
 10
-126.407
 20
591.473
 11
-126.544
 21
591.344
  0
LINE
  8
0
 10
-126.544
 20
591.344
 11
-126.696
 21
591.234
  0
LINE
  8
0
 10
-126.696
 20
591.234
 11
-126.861
 21
591.143
  0
LINE
  8
0
 10
-126.861
 20
591.143
 11
-127.036
 21
591.073
  0
LINE
  8
0
 10
-127.036
 20
591.073
 11
-127.219
 21
591.027
  0
LINE
  8
0
 10
-127.219
 20
591.027
 11
-127.406
 21
591.003
  0
LINE
  8
0
 10
-127.406
 20
591.003
 11
-127.594
 21
591.003
  0
LINE
  8
0
 10
127.312
 20
582.006
 11
126.938
 21
582.053
  0
LINE
  8
0
 10
126.938
 20
582.053
 11
126.573
 21
582.147
  0
LINE
  8
0
 10
126.573
 20
582.147
 11
126.223
 21
582.286
  0
LINE
  8
0
 10
126.223
 20
582.286
 11
125.893
 21
582.467
  0
LINE
  8
0
 10
125.893
 20
582.467
 11
125.588
 21
582.688
  0
LINE
  8
0
 10
125.588
 20
582.688
 11
125.313
 21
582.946
  0
LINE
  8
0
 10
125.313
 20
582.946
 11
125.073
 21
583.237
  0
LINE
  8
0
 10
125.073
 20
583.237
 11
124.871
 21
583.555
  0
LINE
  8
0
 10
124.871
 20
583.555
 11
124.711
 21
583.896
  0
LINE
  8
0
 10
124.711
 20
583.896
 11
124.594
 21
584.254
  0
LINE
  8
0
 10
124.594
 20
584.254
 11
124.524
 21
584.624
  0
LINE
  8
0
 10
124.524
 20
584.624
 11
124.5
 21
585
  0
LINE
  8
0
 10
124.5
 20
585
 11
124.524
 21
585.376
  0
LINE
  8
0
 10
124.524
 20
585.376
 11
124.594
 21
585.746
  0
LINE
  8
0
 10
124.594
 20
585.746
 11
124.711
 21
586.104
  0
LINE
  8
0
 10
124.711
 20
586.104
 11
124.871
 21
586.445
  0
LINE
  8
0
 10
124.871
 20
586.445
 11
125.073
 21
586.763
  0
LINE
  8
0
 10
125.073
 20
586.763
 11
125.313
 21
587.054
  0
LINE
  8
0
 10
125.313
 20
587.054
 11
125.588
 21
587.312
  0
LINE
  8
0
 10
125.588
 20
587.312
 11
125.893
 21
587.533
  0
LINE
  8
0
 10
125.893
 20
587.533
 11
126.223
 21
587.714
  0
LINE
  8
0
 10
126.223
 20
587.714
 11
126.573
 21
587.853
  0
LINE
  8
0
 10
126.573
 20
587.853
 11
126.938
 21
587.947
  0
LINE
  8
0
 10
126.938
 20
587.947
 11
127.312
 21
587.994
  0
LINE
  8
0
 10
127.312
 20
587.994
 11
127.688
 21
587.994
  0
LINE
  8
0
 10
127.688
 20
587.994
 11
128.062
 21
587.947
  0
LINE
  8
0
 10
128.062
 20
587.947
 11
128.427
 21
587.853
  0
LINE
  8
0
 10
128.427
 20
587.853
 11
128.777
 21
587.714
  0
LINE
  8
0
 10
128.777
 20
587.714
 11
129.107
 21
587.533
  0
LINE
  8
0
 10
129.107
 20
587.533
 11
129.412
 21
587.312
  0
LINE
  8
0
 10
129.412
 20
587.312
 11
129.687
 21
587.054
  0
LINE
  8
0
 10
129.687
 20
587.054
 11
129.927
 21
586.763
  0
LINE
  8
0
 10
129.927
 20
586.763
 11
130.129
 21
586.445
  0
LINE
  8
0
 10
130.129
 20
586.445
 11
130.289
 21
586.104
  0
LINE
  8
0
 10
130.289
 20
586.104
 11
130.406
 21
585.746
  0
LINE
  8
0
 10
130.406
 20
585.746
 11
130.476
 21
585.376
  0
LINE
  8
0
 10
130.476
 20
585.376
 11
130.5
 21
585
  0
LINE
  8
0
 10
130.5
 20
585
 11
130.476
 21
584.624
  0
LINE
  8
0
 10
130.476
 20
584.624
 11
130.406
 21
584.254
  0
LINE
  8
0
 10
130.406
 20
584.254
 11
130.289
 21
583.896
  0
LINE
  8
0
 10
130.289
 20
583.896
 11
130.129
 21
583.555
  0
LINE
  8
0
 10
130.129
 20
583.555
 11
129.927
 21
583.237
  0
LINE
  8
0
 10
129.927
 20
583.237
 11
129.687
 21
582.946
  0
LINE
  8
0
 10
129.687
 20
582.946
 11
129.412
 21
582.688
  0
LINE
  8
0
 10
129.412
 20
582.688
 11
129.107
 21
582.467
  0
LINE
  8
0
 10
129.107
 20
582.467
 11
128.777
 21
582.286
  0
LINE
  8
0
 10
128.777
 20
582.286
 11
128.427
 21
582.147
  0
LINE
  8
0
 10
128.427
 20
582.147
 11
128.062
 21
582.053
  0
LINE
  8
0
 10
128.062
 20
582.053
 11
127.688
 21
582.006
  0
LINE
  8
0
 10
127.688
 20
582.006
 11
127.312
 21
582.006
  0
LINE
  8
0
 10
-127.688
 20
582.006
 11
-128.062
 21
582.053
  0
LINE
  8
0
 10
-128.062
 20
582.053
 11
-128.427
 21
582.147
  0
LINE
  8
0
 10
-128.427
 20
582.147
 11
-128.777
 21
582.286
  0
LINE
  8
0
 10
-128.777
 20
582.286
 11
-129.107
 21
582.467
  0
LINE
  8
0
 10
-129.107
 20
582.467
 11
-129.412
 21
582.688
  0
LINE
  8
0
 10
-129.412
 20
582.688
 11
-129.687
 21
582.946
  0
LINE
  8
0
 10
-129.687
 20
582.946
 11
-129.927
 21
583.237
  0
LINE
  8
0
 10
-129.927
 20
583.237
 11
-130.129
 21
583.555
  0
LINE
  8
0
 10
-130.129
 20
583.555
 11
-130.289
 21
583.896
  0
LINE
  8
0
 10
-130.289
 20
583.896
 11
-130.406
 21
584.254
  0
LINE
  8
0
 10
-130.406
 20
584.254
 11
-130.476
 21
584.624
  0
LINE
  8
0
 10
-130.476
 20
584.624
 11
-130.5
 21
585
  0
LINE
  8
0
 10
-130.5
 20
585
 11
-130.476
 21
585.376
  0
LINE
  8
0
 10
-130.476
 20
585.376
 11
-130.406
 21
585.746
  0
LINE
  8
0
 10
-130.406
 20
585.746
 11
-130.289
 21
586.104
  0
LINE
  8
0
 10
-130.289
 20
586.104
 11
-130.129
 21
586.445
  0
LINE
  8
0
 10
-130.129
 20
586.445
 11
-129.927
 21
586.763
  0
LINE
  8
0
 10
-129.927
 20
586.763
 11
-129.687
 21
587.054
  0
LINE
  8
0
 10
-129.687
 20
587.054
 11
-129.412
 21
587.312
  0
LINE
  8
0
 10
-129.412
 20
587.312
 11
-129.107
 21
587.533
  0
LINE
  8
0
 10
-129.107
 20
587.533
 11
-128.777
 21
587.714
  0
LINE
  8
0
 10
-128.777
 20
587.714
 11
-128.427
 21
587.853
  0
LINE
  8
0
 10
-128.427
 20
587.853
 11
-128.062
 21
587.947
  0
LINE
  8
0
 10
-128.062
 20
587.947
 11
-127.688
 21
587.994
  0
LINE
  8
0
 10
-127.688
 20
587.994
 11
-127.312
 21
587.994
  0
LINE
  8
0
 10
-127.312
 20
587.994
 11
-126.938
 21
587.947
  0
LINE
  8
0
 10
-126.938
 20
587.947
 11
-126.573
 21
587.853
  0
LINE
  8
0
 10
-126.573
 20
587.853
 11
-126.223
 21
587.714
  0
LINE
  8
0
 10
-126.223
 20
587.714
 11
-125.893
 21
587.533
  0
LINE
  8
0
 10
-125.893
 20
587.533
 11
-125.588
 21
587.312
  0
LINE
  8
0
 10
-125.588
 20
587.312
 11
-125.313
 21
587.054
  0
LINE
  8
0
 10
-125.313
 20
587.054
 11
-125.073
 21
586.763
  0
LINE
  8
0
 10
-125.073
 20
586.763
 11
-124.871
 21
586.445
  0
LINE
  8
0
 10
-124.871
 20
586.445
 11
-124.711
 21
586.104
  0
LINE
  8
0
 10
-124.711
 20
586.104
 11
-124.594
 21
585.746
  0
LINE
  8
0
 10
-124.594
 20
585.746
 11
-124.524
 21
585.376
  0
LINE
  8
0
 10
-124.524
 20
585.376
 11
-124.5
 21
585
  0
LINE
  8
0
 10
-124.5
 20
585
 11
-124.524
 21
584.624
  0
LINE
  8
0
 10
-124.524
 20
584.624
 11
-124.594
 21
584.254
  0
LINE
  8
0
 10
-124.594
 20
584.254
 11
-124.711
 21
583.896
  0
LINE
  8
0
 10
-124.711
 20
583.896
 11
-124.871
 21
583.555
  0
LINE
  8
0
 10
-124.871
 20
583.555
 11
-125.073
 21
583.237
  0
LINE
  8
0
 10
-125.073
 20
583.237
 11
-125.313
 21
582.946
  0
LINE
  8
0
 10
-125.313
 20
582.946
 11
-125.588
 21
582.688
  0
LINE
  8
0
 10
-125.588
 20
582.688
 11
-125.893
 21
582.467
  0
LINE
  8
0
 10
-125.893
 20
582.467
 11
-126.223
 21
582.286
  0
LINE
  8
0
 10
-126.223
 20
582.286
 11
-126.573
 21
582.147
  0
LINE
  8
0
 10
-126.573
 20
582.147
 11
-126.938
 21
582.053
  0
LINE
  8
0
 10
-126.938
 20
582.053
 11
-127.312
 21
582.006
  0
LINE
  8
0
 10
-127.312
 20
582.006
 11
-127.688
 21
582.006
  0
LINE
  8
0
 10
-127.594
 20
576.003
 11
-127.781
 21
576.027
  0
LINE
  8
0
 10
-127.781
 20
576.027
 11
-127.964
 21
576.073
  0
LINE
  8
0
 10
-127.964
 20
576.073
 11
-128.139
 21
576.143
  0
LINE
  8
0
 10
-128.139
 20
576.143
 11
-128.304
 21
576.234
  0
LINE
  8
0
 10
-128.304
 20
576.234
 11
-128.456
 21
576.344
  0
LINE
  8
0
 10
-128.456
 20
576.344
 11
-128.593
 21
576.473
  0
LINE
  8
0
 10
-128.593
 20
576.473
 11
-128.714
 21
576.618
  0
LINE
  8
0
 10
-128.714
 20
576.618
 11
-128.814
 21
576.777
  0
LINE
  8
0
 10
-128.814
 20
576.777
 11
-128.895
 21
576.948
  0
LINE
  8
0
 10
-128.895
 20
576.948
 11
-128.953
 21
577.127
  0
LINE
  8
0
 10
-128.953
 20
577.127
 11
-128.988
 21
577.312
  0
LINE
  8
0
 10
-128.988
 20
577.312
 11
-129
 21
577.5
  0
LINE
  8
0
 10
-129
 20
577.5
 11
-128.988
 21
577.688
  0
LINE
  8
0
 10
-128.988
 20
577.688
 11
-128.953
 21
577.873
  0
LINE
  8
0
 10
-128.953
 20
577.873
 11
-128.895
 21
578.052
  0
LINE
  8
0
 10
-128.895
 20
578.052
 11
-128.814
 21
578.223
  0
LINE
  8
0
 10
-128.814
 20
578.223
 11
-128.714
 21
578.382
  0
LINE
  8
0
 10
-128.714
 20
578.382
 11
-128.593
 21
578.527
  0
LINE
  8
0
 10
-128.593
 20
578.527
 11
-128.456
 21
578.656
  0
LINE
  8
0
 10
-128.456
 20
578.656
 11
-128.304
 21
578.766
  0
LINE
  8
0
 10
-128.304
 20
578.766
 11
-128.139
 21
578.857
  0
LINE
  8
0
 10
-128.139
 20
578.857
 11
-127.964
 21
578.927
  0
LINE
  8
0
 10
-127.964
 20
578.927
 11
-127.781
 21
578.973
  0
LINE
  8
0
 10
-127.781
 20
578.973
 11
-127.594
 21
578.997
  0
LINE
  8
0
 10
-127.594
 20
578.997
 11
-127.406
 21
578.997
  0
LINE
  8
0
 10
-127.406
 20
578.997
 11
-127.219
 21
578.973
  0
LINE
  8
0
 10
-127.219
 20
578.973
 11
-127.036
 21
578.927
  0
LINE
  8
0
 10
-127.036
 20
578.927
 11
-126.861
 21
578.857
  0
LINE
  8
0
 10
-126.861
 20
578.857
 11
-126.696
 21
578.766
  0
LINE
  8
0
 10
-126.696
 20
578.766
 11
-126.544
 21
578.656
  0
LINE
  8
0
 10
-126.544
 20
578.656
 11
-126.407
 21
578.527
  0
LINE
  8
0
 10
-126.407
 20
578.527
 11
-126.286
 21
578.382
  0
LINE
  8
0
 10
-126.286
 20
578.382
 11
-126.186
 21
578.223
  0
LINE
  8
0
 10
-126.186
 20
578.223
 11
-126.105
 21
578.052
  0
LINE
  8
0
 10
-126.105
 20
578.052
 11
-126.047
 21
577.873
  0
LINE
  8
0
 10
-126.047
 20
577.873
 11
-126.012
 21
577.688
  0
LINE
  8
0
 10
-126.012
 20
577.688
 11
-126
 21
577.5
  0
LINE
  8
0
 10
-126
 20
577.5
 11
-126.012
 21
577.312
  0
LINE
  8
0
 10
-126.012
 20
577.312
 11
-126.047
 21
577.127
  0
LINE
  8
0
 10
-126.047
 20
577.127
 11
-126.105
 21
576.948
  0
LINE
  8
0
 10
-126.105
 20
576.948
 11
-126.186
 21
576.777
  0
LINE
  8
0
 10
-126.186
 20
576.777
 11
-126.286
 21
576.618
  0
LINE
  8
0
 10
-126.286
 20
576.618
 11
-126.407
 21
576.473
  0
LINE
  8
0
 10
-126.407
 20
576.473
 11
-126.544
 21
576.344
  0
LINE
  8
0
 10
-126.544
 20
576.344
 11
-126.696
 21
576.234
  0
LINE
  8
0
 10
-126.696
 20
576.234
 11
-126.861
 21
576.143
  0
LINE
  8
0
 10
-126.861
 20
576.143
 11
-127.036
 21
576.073
  0
LINE
  8
0
 10
-127.036
 20
576.073
 11
-127.219
 21
576.027
  0
LINE
  8
0
 10
-127.219
 20
576.027
 11
-127.406
 21
576.003
  0
LINE
  8
0
 10
-127.406
 20
576.003
 11
-127.594
 21
576.003
  0
LINE
  8
0
 10
127.406
 20
576.003
 11
127.219
 21
576.027
  0
LINE
  8
0
 10
127.219
 20
576.027
 11
127.036
 21
576.073
  0
LINE
  8
0
 10
127.036
 20
576.073
 11
126.861
 21
576.143
  0
LINE
  8
0
 10
126.861
 20
576.143
 11
126.696
 21
576.234
  0
LINE
  8
0
 10
126.696
 20
576.234
 11
126.544
 21
576.344
  0
LINE
  8
0
 10
126.544
 20
576.344
 11
126.407
 21
576.473
  0
LINE
  8
0
 10
126.407
 20
576.473
 11
126.286
 21
576.618
  0
LINE
  8
0
 10
126.286
 20
576.618
 11
126.186
 21
576.777
  0
LINE
  8
0
 10
126.186
 20
576.777
 11
126.105
 21
576.948
  0
LINE
  8
0
 10
126.105
 20
576.948
 11
126.047
 21
577.127
  0
LINE
  8
0
 10
126.047
 20
577.127
 11
126.012
 21
577.312
  0
LINE
  8
0
 10
126.012
 20
577.312
 11
126
 21
577.5
  0
LINE
  8
0
 10
126
 20
577.5
 11
126.012
 21
577.688
  0
LINE
  8
0
 10
126.012
 20
577.688
 11
126.047
 21
577.873
  0
LINE
  8
0
 10
126.047
 20
577.873
 11
126.105
 21
578.052
  0
LINE
  8
0
 10
126.105
 20
578.052
 11
126.186
 21
578.223
  0
LINE
  8
0
 10
126.186
 20
578.223
 11
126.286
 21
578.382
  0
LINE
  8
0
 10
126.286
 20
578.382
 11
126.407
 21
578.527
  0
LINE
  8
0
 10
126.407
 20
578.527
 11
126.544
 21
578.656
  0
LINE
  8
0
 10
126.544
 20
578.656
 11
126.696
 21
578.766
  0
LINE
  8
0
 10
126.696
 20
578.766
 11
126.861
 21
578.857
  0
LINE
  8
0
 10
126.861
 20
578.857
 11
127.036
 21
578.927
  0
LINE
  8
0
 10
127.036
 20
578.927
 11
127.219
 21
578.973
  0
LINE
  8
0
 10
127.219
 20
578.973
 11
127.406
 21
578.997
  0
LINE
  8
0
 10
127.406
 20
578.997
 11
127.594
 21
578.997
  0
LINE
  8
0
 10
127.594
 20
578.997
 11
127.781
 21
578.973
  0
LINE
  8
0
 10
127.781
 20
578.973
 11
127.964
 21
578.927
  0
LINE
  8
0
 10
127.964
 20
578.927
 11
128.139
 21
578.857
  0
LINE
  8
0
 10
128.139
 20
578.857
 11
128.304
 21
578.766
  0
LINE
  8
0
 10
128.304
 20
578.766
 11
128.456
 21
578.656
  0
LINE
  8
0
 10
128.456
 20
578.656
 11
128.593
 21
578.527
  0
LINE
  8
0
 10
128.593
 20
578.527
 11
128.714
 21
578.382
  0
LINE
  8
0
 10
128.714
 20
578.382
 11
128.814
 21
578.223
  0
LINE
  8
0
 10
128.814
 20
578.223
 11
128.895
 21
578.052
  0
LINE
  8
0
 10
128.895
 20
578.052
 11
128.953
 21
577.873
  0
LINE
  8
0
 10
128.953
 20
577.873
 11
128.988
 21
577.688
  0
LINE
  8
0
 10
128.988
 20
577.688
 11
129
 21
577.5
  0
LINE
  8
0
 10
129
 20
577.5
 11
128.988
 21
577.312
  0
LINE
  8
0
 10
128.988
 20
577.312
 11
128.953
 21
577.127
  0
LINE
  8
0
 10
128.953
 20
577.127
 11
128.895
 21
576.948
  0
LINE
  8
0
 10
128.895
 20
576.948
 11
128.814
 21
576.777
  0
LINE
  8
0
 10
128.814
 20
576.777
 11
128.714
 21
576.618
  0
LINE
  8
0
 10
128.714
 20
576.618
 11
128.593
 21
576.473
  0
LINE
  8
0
 10
128.593
 20
576.473
 11
128.456
 21
576.344
  0
LINE
  8
0
 10
128.456
 20
576.344
 11
128.304
 21
576.234
  0
LINE
  8
0
 10
128.304
 20
576.234
 11
128.139
 21
576.143
  0
LINE
  8
0
 10
128.139
 20
576.143
 11
127.964
 21
576.073
  0
LINE
  8
0
 10
127.964
 20
576.073
 11
127.781
 21
576.027
  0
LINE
  8
0
 10
127.781
 20
576.027
 11
127.594
 21
576.003
  0
LINE
  8
0
 10
127.594
 20
576.003
 11
127.406
 21
576.003
  0
LINE
  8
0
 10
-127.688
 20
567.006
 11
-128.062
 21
567.053
  0
LINE
  8
0
 10
-128.062
 20
567.053
 11
-128.427
 21
567.147
  0
LINE
  8
0
 10
-128.427
 20
567.147
 11
-128.777
 21
567.286
  0
LINE
  8
0
 10
-128.777
 20
567.286
 11
-129.107
 21
567.467
  0
LINE
  8
0
 10
-129.107
 20
567.467
 11
-129.412
 21
567.688
  0
LINE
  8
0
 10
-129.412
 20
567.688
 11
-129.687
 21
567.946
  0
LINE
  8
0
 10
-129.687
 20
567.946
 11
-129.927
 21
568.237
  0
LINE
  8
0
 10
-129.927
 20
568.237
 11
-130.129
 21
568.555
  0
LINE
  8
0
 10
-130.129
 20
568.555
 11
-130.289
 21
568.896
  0
LINE
  8
0
 10
-130.289
 20
568.896
 11
-130.406
 21
569.254
  0
LINE
  8
0
 10
-130.406
 20
569.254
 11
-130.476
 21
569.624
  0
LINE
  8
0
 10
-130.476
 20
569.624
 11
-130.5
 21
570
  0
LINE
  8
0
 10
-130.5
 20
570
 11
-130.476
 21
570.376
  0
LINE
  8
0
 10
-130.476
 20
570.376
 11
-130.406
 21
570.746
  0
LINE
  8
0
 10
-130.406
 20
570.746
 11
-130.289
 21
571.104
  0
LINE
  8
0
 10
-130.289
 20
571.104
 11
-130.129
 21
571.445
  0
LINE
  8
0
 10
-130.129
 20
571.445
 11
-129.927
 21
571.763
  0
LINE
  8
0
 10
-129.927
 20
571.763
 11
-129.687
 21
572.054
  0
LINE
  8
0
 10
-129.687
 20
572.054
 11
-129.412
 21
572.312
  0
LINE
  8
0
 10
-129.412
 20
572.312
 11
-129.107
 21
572.533
  0
LINE
  8
0
 10
-129.107
 20
572.533
 11
-128.777
 21
572.714
  0
LINE
  8
0
 10
-128.777
 20
572.714
 11
-128.427
 21
572.853
  0
LINE
  8
0
 10
-128.427
 20
572.853
 11
-128.062
 21
572.947
  0
LINE
  8
0
 10
-128.062
 20
572.947
 11
-127.688
 21
572.994
  0
LINE
  8
0
 10
-127.688
 20
572.994
 11
-127.312
 21
572.994
  0
LINE
  8
0
 10
-127.312
 20
572.994
 11
-126.938
 21
572.947
  0
LINE
  8
0
 10
-126.938
 20
572.947
 11
-126.573
 21
572.853
  0
LINE
  8
0
 10
-126.573
 20
572.853
 11
-126.223
 21
572.714
  0
LINE
  8
0
 10
-126.223
 20
572.714
 11
-125.893
 21
572.533
  0
LINE
  8
0
 10
-125.893
 20
572.533
 11
-125.588
 21
572.312
  0
LINE
  8
0
 10
-125.588
 20
572.312
 11
-125.313
 21
572.054
  0
LINE
  8
0
 10
-125.313
 20
572.054
 11
-125.073
 21
571.763
  0
LINE
  8
0
 10
-125.073
 20
571.763
 11
-124.871
 21
571.445
  0
LINE
  8
0
 10
-124.871
 20
571.445
 11
-124.711
 21
571.104
  0
LINE
  8
0
 10
-124.711
 20
571.104
 11
-124.594
 21
570.746
  0
LINE
  8
0
 10
-124.594
 20
570.746
 11
-124.524
 21
570.376
  0
LINE
  8
0
 10
-124.524
 20
570.376
 11
-124.5
 21
570
  0
LINE
  8
0
 10
-124.5
 20
570
 11
-124.524
 21
569.624
  0
LINE
  8
0
 10
-124.524
 20
569.624
 11
-124.594
 21
569.254
  0
LINE
  8
0
 10
-124.594
 20
569.254
 11
-124.711
 21
568.896
  0
LINE
  8
0
 10
-124.711
 20
568.896
 11
-124.871
 21
568.555
  0
LINE
  8
0
 10
-124.871
 20
568.555
 11
-125.073
 21
568.237
  0
LINE
  8
0
 10
-125.073
 20
568.237
 11
-125.313
 21
567.946
  0
LINE
  8
0
 10
-125.313
 20
567.946
 11
-125.588
 21
567.688
  0
LINE
  8
0
 10
-125.588
 20
567.688
 11
-125.893
 21
567.467
  0
LINE
  8
0
 10
-125.893
 20
567.467
 11
-126.223
 21
567.286
  0
LINE
  8
0
 10
-126.223
 20
567.286
 11
-126.573
 21
567.147
  0
LINE
  8
0
 10
-126.573
 20
567.147
 11
-126.938
 21
567.053
  0
LINE
  8
0
 10
-126.938
 20
567.053
 11
-127.312
 21
567.006
  0
LINE
  8
0
 10
-127.312
 20
567.006
 11
-127.688
 21
567.006
  0
LINE
  8
0
 10
127.312
 20
567.006
 11
126.938
 21
567.053
  0
LINE
  8
0
 10
126.938
 20
567.053
 11
126.573
 21
567.147
  0
LINE
  8
0
 10
126.573
 20
567.147
 11
126.223
 21
567.286
  0
LINE
  8
0
 10
126.223
 20
567.286
 11
125.893
 21
567.467
  0
LINE
  8
0
 10
125.893
 20
567.467
 11
125.588
 21
567.688
  0
LINE
  8
0
 10
125.588
 20
567.688
 11
125.313
 21
567.946
  0
LINE
  8
0
 10
125.313
 20
567.946
 11
125.073
 21
568.237
  0
LINE
  8
0
 10
125.073
 20
568.237
 11
124.871
 21
568.555
  0
LINE
  8
0
 10
124.871
 20
568.555
 11
124.711
 21
568.896
  0
LINE
  8
0
 10
124.711
 20
568.896
 11
124.594
 21
569.254
  0
LINE
  8
0
 10
124.594
 20
569.254
 11
124.524
 21
569.624
  0
LINE
  8
0
 10
124.524
 20
569.624
 11
124.5
 21
570
  0
LINE
  8
0
 10
124.5
 20
570
 11
124.524
 21
570.376
  0
LINE
  8
0
 10
124.524
 20
570.376
 11
124.594
 21
570.746
  0
LINE
  8
0
 10
124.594
 20
570.746
 11
124.711
 21
571.104
  0
LINE
  8
0
 10
124.711
 20
571.104
 11
124.871
 21
571.445
  0
LINE
  8
0
 10
124.871
 20
571.445
 11
125.073
 21
571.763
  0
LINE
  8
0
 10
125.073
 20
571.763
 11
125.313
 21
572.054
  0
LINE
  8
0
 10
125.313
 20
572.054
 11
125.588
 21
572.312
  0
LINE
  8
0
 10
125.588
 20
572.312
 11
125.893
 21
572.533
  0
LINE
  8
0
 10
125.893
 20
572.533
 11
126.223
 21
572.714
  0
LINE
  8
0
 10
126.223
 20
572.714
 11
126.573
 21
572.853
  0
LINE
  8
0
 10
126.573
 20
572.853
 11
126.938
 21
572.947
  0
LINE
  8
0
 10
126.938
 20
572.947
 11
127.312
 21
572.994
  0
LINE
  8
0
 10
127.312
 20
572.994
 11
127.688
 21
572.994
  0
LINE
  8
0
 10
127.688
 20
572.994
 11
128.062
 21
572.947
  0
LINE
  8
0
 10
128.062
 20
572.947
 11
128.427
 21
572.853
  0
LINE
  8
0
 10
128.427
 20
572.853
 11
128.777
 21
572.714
  0
LINE
  8
0
 10
128.777
 20
572.714
 11
129.107
 21
572.533
  0
LINE
  8
0
 10
129.107
 20
572.533
 11
129.412
 21
572.312
  0
LINE
  8
0
 10
129.412
 20
572.312
 11
129.687
 21
572.054
  0
LINE
  8
0
 10
129.687
 20
572.054
 11
129.927
 21
571.763
  0
LINE
  8
0
 10
129.927
 20
571.763
 11
130.129
 21
571.445
  0
LINE
  8
0
 10
130.129
 20
571.445
 11
130.289
 21
571.104
  0
LINE
  8
0
 10
130.289
 20
571.104
 11
130.406
 21
570.746
  0
LINE
  8
0
 10
130.406
 20
570.746
 11
130.476
 21
570.376
  0
LINE
  8
0
 10
130.476
 20
570.376
 11
130.5
 21
570
  0
LINE
  8
0
 10
130.5
 20
570
 11
130.476
 21
569.624
  0
LINE
  8
0
 10
130.476
 20
569.624
 11
130.406
 21
569.254
  0
LINE
  8
0
 10
130.406
 20
569.254
 11
130.289
 21
568.896
  0
LINE
  8
0
 10
130.289
 20
568.896
 11
130.129
 21
568.555
  0
LINE
  8
0
 10
130.129
 20
568.555
 11
129.927
 21
568.237
  0
LINE
  8
0
 10
129.927
 20
568.237
 11
129.687
 21
567.946
  0
LINE
  8
0
 10
129.687
 20
567.946
 11
129.412
 21
567.688
  0
LINE
  8
0
 10
129.412
 20
567.688
 11
129.107
 21
567.467
  0
LINE
  8
0
 10
129.107
 20
567.467
 11
128.777
 21
567.286
  0
LINE
  8
0
 10
128.777
 20
567.286
 11
128.427
 21
567.147
  0
LINE
  8
0
 10
128.427
 20
567.147
 11
128.062
 21
567.053
  0
LINE
  8
0
 10
128.062
 20
567.053
 11
127.688
 21
567.006
  0
LINE
  8
0
 10
127.688
 20
567.006
 11
127.312
 21
567.006
  0
LINE
  8
0
 10
127.406
 20
561.003
 11
127.219
 21
561.027
  0
LINE
  8
0
 10
127.219
 20
561.027
 11
127.036
 21
561.073
  0
LINE
  8
0
 10
127.036
 20
561.073
 11
126.861
 21
561.143
  0
LINE
  8
0
 10
126.861
 20
561.143
 11
126.696
 21
561.234
  0
LINE
  8
0
 10
126.696
 20
561.234
 11
126.544
 21
561.344
  0
LINE
  8
0
 10
126.544
 20
561.344
 11
126.407
 21
561.473
  0
LINE
  8
0
 10
126.407
 20
561.473
 11
126.286
 21
561.618
  0
LINE
  8
0
 10
126.286
 20
561.618
 11
126.186
 21
561.777
  0
LINE
  8
0
 10
126.186
 20
561.777
 11
126.105
 21
561.948
  0
LINE
  8
0
 10
126.105
 20
561.948
 11
126.047
 21
562.127
  0
LINE
  8
0
 10
126.047
 20
562.127
 11
126.012
 21
562.312
  0
LINE
  8
0
 10
126.012
 20
562.312
 11
126
 21
562.5
  0
LINE
  8
0
 10
126
 20
562.5
 11
126.012
 21
562.688
  0
LINE
  8
0
 10
126.012
 20
562.688
 11
126.047
 21
562.873
  0
LINE
  8
0
 10
126.047
 20
562.873
 11
126.105
 21
563.052
  0
LINE
  8
0
 10
126.105
 20
563.052
 11
126.186
 21
563.223
  0
LINE
  8
0
 10
126.186
 20
563.223
 11
126.286
 21
563.382
  0
LINE
  8
0
 10
126.286
 20
563.382
 11
126.407
 21
563.527
  0
LINE
  8
0
 10
126.407
 20
563.527
 11
126.544
 21
563.656
  0
LINE
  8
0
 10
126.544
 20
563.656
 11
126.696
 21
563.766
  0
LINE
  8
0
 10
126.696
 20
563.766
 11
126.861
 21
563.857
  0
LINE
  8
0
 10
126.861
 20
563.857
 11
127.036
 21
563.927
  0
LINE
  8
0
 10
127.036
 20
563.927
 11
127.219
 21
563.973
  0
LINE
  8
0
 10
127.219
 20
563.973
 11
127.406
 21
563.997
  0
LINE
  8
0
 10
127.406
 20
563.997
 11
127.594
 21
563.997
  0
LINE
  8
0
 10
127.594
 20
563.997
 11
127.781
 21
563.973
  0
LINE
  8
0
 10
127.781
 20
563.973
 11
127.964
 21
563.927
  0
LINE
  8
0
 10
127.964
 20
563.927
 11
128.139
 21
563.857
  0
LINE
  8
0
 10
128.139
 20
563.857
 11
128.304
 21
563.766
  0
LINE
  8
0
 10
128.304
 20
563.766
 11
128.456
 21
563.656
  0
LINE
  8
0
 10
128.456
 20
563.656
 11
128.593
 21
563.527
  0
LINE
  8
0
 10
128.593
 20
563.527
 11
128.714
 21
563.382
  0
LINE
  8
0
 10
128.714
 20
563.382
 11
128.814
 21
563.223
  0
LINE
  8
0
 10
128.814
 20
563.223
 11
128.895
 21
563.052
  0
LINE
  8
0
 10
128.895
 20
563.052
 11
128.953
 21
562.873
  0
LINE
  8
0
 10
128.953
 20
562.873
 11
128.988
 21
562.688
  0
LINE
  8
0
 10
128.988
 20
562.688
 11
129
 21
562.5
  0
LINE
  8
0
 10
129
 20
562.5
 11
128.988
 21
562.312
  0
LINE
  8
0
 10
128.988
 20
562.312
 11
128.953
 21
562.127
  0
LINE
  8
0
 10
128.953
 20
562.127
 11
128.895
 21
561.948
  0
LINE
  8
0
 10
128.895
 20
561.948
 11
128.814
 21
561.777
  0
LINE
  8
0
 10
128.814
 20
561.777
 11
128.714
 21
561.618
  0
LINE
  8
0
 10
128.714
 20
561.618
 11
128.593
 21
561.473
  0
LINE
  8
0
 10
128.593
 20
561.473
 11
128.456
 21
561.344
  0
LINE
  8
0
 10
128.456
 20
561.344
 11
128.304
 21
561.234
  0
LINE
  8
0
 10
128.304
 20
561.234
 11
128.139
 21
561.143
  0
LINE
  8
0
 10
128.139
 20
561.143
 11
127.964
 21
561.073
  0
LINE
  8
0
 10
127.964
 20
561.073
 11
127.781
 21
561.027
  0
LINE
  8
0
 10
127.781
 20
561.027
 11
127.594
 21
561.003
  0
LINE
  8
0
 10
127.594
 20
561.003
 11
127.406
 21
561.003
  0
LINE
  8
0
 10
-127.594
 20
561.003
 11
-127.781
 21
561.027
  0
LINE
  8
0
 10
-127.781
 20
561.027
 11
-127.964
 21
561.073
  0
LINE
  8
0
 10
-127.964
 20
561.073
 11
-128.139
 21
561.143
  0
LINE
  8
0
 10
-128.139
 20
561.143
 11
-128.304
 21
561.234
  0
LINE
  8
0
 10
-128.304
 20
561.234
 11
-128.456
 21
561.344
  0
LINE
  8
0
 10
-128.456
 20
561.344
 11
-128.593
 21
561.473
  0
LINE
  8
0
 10
-128.593
 20
561.473
 11
-128.714
 21
561.618
  0
LINE
  8
0
 10
-128.714
 20
561.618
 11
-128.814
 21
561.777
  0
LINE
  8
0
 10
-128.814
 20
561.777
 11
-128.895
 21
561.948
  0
LINE
  8
0
 10
-128.895
 20
561.948
 11
-128.953
 21
562.127
  0
LINE
  8
0
 10
-128.953
 20
562.127
 11
-128.988
 21
562.312
  0
LINE
  8
0
 10
-128.988
 20
562.312
 11
-129
 21
562.5
  0
LINE
  8
0
 10
-129
 20
562.5
 11
-128.988
 21
562.688
  0
LINE
  8
0
 10
-128.988
 20
562.688
 11
-128.953
 21
562.873
  0
LINE
  8
0
 10
-128.953
 20
562.873
 11
-128.895
 21
563.052
  0
LINE
  8
0
 10
-128.895
 20
563.052
 11
-128.814
 21
563.223
  0
LINE
  8
0
 10
-128.814
 20
563.223
 11
-128.714
 21
563.382
  0
LINE
  8
0
 10
-128.714
 20
563.382
 11
-128.593
 21
563.527
  0
LINE
  8
0
 10
-128.593
 20
563.527
 11
-128.456
 21
563.656
  0
LINE
  8
0
 10
-128.456
 20
563.656
 11
-128.304
 21
563.766
  0
LINE
  8
0
 10
-128.304
 20
563.766
 11
-128.139
 21
563.857
  0
LINE
  8
0
 10
-128.139
 20
563.857
 11
-127.964
 21
563.927
  0
LINE
  8
0
 10
-127.964
 20
563.927
 11
-127.781
 21
563.973
  0
LINE
  8
0
 10
-127.781
 20
563.973
 11
-127.594
 21
563.997
  0
LINE
  8
0
 10
-127.594
 20
563.997
 11
-127.406
 21
563.997
  0
LINE
  8
0
 10
-127.406
 20
563.997
 11
-127.219
 21
563.973
  0
LINE
  8
0
 10
-127.219
 20
563.973
 11
-127.036
 21
563.927
  0
LINE
  8
0
 10
-127.036
 20
563.927
 11
-126.861
 21
563.857
  0
LINE
  8
0
 10
-126.861
 20
563.857
 11
-126.696
 21
563.766
  0
LINE
  8
0
 10
-126.696
 20
563.766
 11
-126.544
 21
563.656
  0
LINE
  8
0
 10
-126.544
 20
563.656
 11
-126.407
 21
563.527
  0
LINE
  8
0
 10
-126.407
 20
563.527
 11
-126.286
 21
563.382
  0
LINE
  8
0
 10
-126.286
 20
563.382
 11
-126.186
 21
563.223
  0
LINE
  8
0
 10
-126.186
 20
563.223
 11
-126.105
 21
563.052
  0
LINE
  8
0
 10
-126.105
 20
563.052
 11
-126.047
 21
562.873
  0
LINE
  8
0
 10
-126.047
 20
562.873
 11
-126.012
 21
562.688
  0
LINE
  8
0
 10
-126.012
 20
562.688
 11
-126
 21
562.5
  0
LINE
  8
0
 10
-126
 20
562.5
 11
-126.012
 21
562.312
  0
LINE
  8
0
 10
-126.012
 20
562.312
 11
-126.047
 21
562.127
  0
LINE
  8
0
 10
-126.047
 20
562.127
 11
-126.105
 21
561.948
  0
LINE
  8
0
 10
-126.105
 20
561.948
 11
-126.186
 21
561.777
  0
LINE
  8
0
 10
-126.186
 20
561.777
 11
-126.286
 21
561.618
  0
LINE
  8
0
 10
-126.286
 20
561.618
 11
-126.407
 21
561.473
  0
LINE
  8
0
 10
-126.407
 20
561.473
 11
-126.544
 21
561.344
  0
LINE
  8
0
 10
-126.544
 20
561.344
 11
-126.696
 21
561.234
  0
LINE
  8
0
 10
-126.696
 20
561.234
 11
-126.861
 21
561.143
  0
LINE
  8
0
 10
-126.861
 20
561.143
 11
-127.036
 21
561.073
  0
LINE
  8
0
 10
-127.036
 20
561.073
 11
-127.219
 21
561.027
  0
LINE
  8
0
 10
-127.219
 20
561.027
 11
-127.406
 21
561.003
  0
LINE
  8
0
 10
-127.406
 20
561.003
 11
-127.594
 21
561.003
  0
LINE
  8
0
 10
-127.688
 20
552.006
 11
-128.062
 21
552.053
  0
LINE
  8
0
 10
-128.062
 20
552.053
 11
-128.427
 21
552.147
  0
LINE
  8
0
 10
-128.427
 20
552.147
 11
-128.777
 21
552.286
  0
LINE
  8
0
 10
-128.777
 20
552.286
 11
-129.107
 21
552.467
  0
LINE
  8
0
 10
-129.107
 20
552.467
 11
-129.412
 21
552.688
  0
LINE
  8
0
 10
-129.412
 20
552.688
 11
-129.687
 21
552.946
  0
LINE
  8
0
 10
-129.687
 20
552.946
 11
-129.927
 21
553.237
  0
LINE
  8
0
 10
-129.927
 20
553.237
 11
-130.129
 21
553.555
  0
LINE
  8
0
 10
-130.129
 20
553.555
 11
-130.289
 21
553.896
  0
LINE
  8
0
 10
-130.289
 20
553.896
 11
-130.406
 21
554.254
  0
LINE
  8
0
 10
-130.406
 20
554.254
 11
-130.476
 21
554.624
  0
LINE
  8
0
 10
-130.476
 20
554.624
 11
-130.5
 21
555
  0
LINE
  8
0
 10
-130.5
 20
555
 11
-130.476
 21
555.376
  0
LINE
  8
0
 10
-130.476
 20
555.376
 11
-130.406
 21
555.746
  0
LINE
  8
0
 10
-130.406
 20
555.746
 11
-130.289
 21
556.104
  0
LINE
  8
0
 10
-130.289
 20
556.104
 11
-130.129
 21
556.445
  0
LINE
  8
0
 10
-130.129
 20
556.445
 11
-129.927
 21
556.763
  0
LINE
  8
0
 10
-129.927
 20
556.763
 11
-129.687
 21
557.054
  0
LINE
  8
0
 10
-129.687
 20
557.054
 11
-129.412
 21
557.312
  0
LINE
  8
0
 10
-129.412
 20
557.312
 11
-129.107
 21
557.533
  0
LINE
  8
0
 10
-129.107
 20
557.533
 11
-128.777
 21
557.714
  0
LINE
  8
0
 10
-128.777
 20
557.714
 11
-128.427
 21
557.853
  0
LINE
  8
0
 10
-128.427
 20
557.853
 11
-128.062
 21
557.947
  0
LINE
  8
0
 10
-128.062
 20
557.947
 11
-127.688
 21
557.994
  0
LINE
  8
0
 10
-127.688
 20
557.994
 11
-127.312
 21
557.994
  0
LINE
  8
0
 10
-127.312
 20
557.994
 11
-126.938
 21
557.947
  0
LINE
  8
0
 10
-126.938
 20
557.947
 11
-126.573
 21
557.853
  0
LINE
  8
0
 10
-126.573
 20
557.853
 11
-126.223
 21
557.714
  0
LINE
  8
0
 10
-126.223
 20
557.714
 11
-125.893
 21
557.533
  0
LINE
  8
0
 10
-125.893
 20
557.533
 11
-125.588
 21
557.312
  0
LINE
  8
0
 10
-125.588
 20
557.312
 11
-125.313
 21
557.054
  0
LINE
  8
0
 10
-125.313
 20
557.054
 11
-125.073
 21
556.763
  0
LINE
  8
0
 10
-125.073
 20
556.763
 11
-124.871
 21
556.445
  0
LINE
  8
0
 10
-124.871
 20
556.445
 11
-124.711
 21
556.104
  0
LINE
  8
0
 10
-124.711
 20
556.104
 11
-124.594
 21
555.746
  0
LINE
  8
0
 10
-124.594
 20
555.746
 11
-124.524
 21
555.376
  0
LINE
  8
0
 10
-124.524
 20
555.376
 11
-124.5
 21
555
  0
LINE
  8
0
 10
-124.5
 20
555
 11
-124.524
 21
554.624
  0
LINE
  8
0
 10
-124.524
 20
554.624
 11
-124.594
 21
554.254
  0
LINE
  8
0
 10
-124.594
 20
554.254
 11
-124.711
 21
553.896
  0
LINE
  8
0
 10
-124.711
 20
553.896
 11
-124.871
 21
553.555
  0
LINE
  8
0
 10
-124.871
 20
553.555
 11
-125.073
 21
553.237
  0
LINE
  8
0
 10
-125.073
 20
553.237
 11
-125.313
 21
552.946
  0
LINE
  8
0
 10
-125.313
 20
552.946
 11
-125.588
 21
552.688
  0
LINE
  8
0
 10
-125.588
 20
552.688
 11
-125.893
 21
552.467
  0
LINE
  8
0
 10
-125.893
 20
552.467
 11
-126.223
 21
552.286
  0
LINE
  8
0
 10
-126.223
 20
552.286
 11
-126.573
 21
552.147
  0
LINE
  8
0
 10
-126.573
 20
552.147
 11
-126.938
 21
552.053
  0
LINE
  8
0
 10
-126.938
 20
552.053
 11
-127.312
 21
552.006
  0
LINE
  8
0
 10
-127.312
 20
552.006
 11
-127.688
 21
552.006
  0
LINE
  8
0
 10
127.312
 20
552.006
 11
126.938
 21
552.053
  0
LINE
  8
0
 10
126.938
 20
552.053
 11
126.573
 21
552.147
  0
LINE
  8
0
 10
126.573
 20
552.147
 11
126.223
 21
552.286
  0
LINE
  8
0
 10
126.223
 20
552.286
 11
125.893
 21
552.467
  0
LINE
  8
0
 10
125.893
 20
552.467
 11
125.588
 21
552.688
  0
LINE
  8
0
 10
125.588
 20
552.688
 11
125.313
 21
552.946
  0
LINE
  8
0
 10
125.313
 20
552.946
 11
125.073
 21
553.237
  0
LINE
  8
0
 10
125.073
 20
553.237
 11
124.871
 21
553.555
  0
LINE
  8
0
 10
124.871
 20
553.555
 11
124.711
 21
553.896
  0
LINE
  8
0
 10
124.711
 20
553.896
 11
124.594
 21
554.254
  0
LINE
  8
0
 10
124.594
 20
554.254
 11
124.524
 21
554.624
  0
LINE
  8
0
 10
124.524
 20
554.624
 11
124.5
 21
555
  0
LINE
  8
0
 10
124.5
 20
555
 11
124.524
 21
555.376
  0
LINE
  8
0
 10
124.524
 20
555.376
 11
124.594
 21
555.746
  0
LINE
  8
0
 10
124.594
 20
555.746
 11
124.711
 21
556.104
  0
LINE
  8
0
 10
124.711
 20
556.104
 11
124.871
 21
556.445
  0
LINE
  8
0
 10
124.871
 20
556.445
 11
125.073
 21
556.763
  0
LINE
  8
0
 10
125.073
 20
556.763
 11
125.313
 21
557.054
  0
LINE
  8
0
 10
125.313
 20
557.054
 11
125.588
 21
557.312
  0
LINE
  8
0
 10
125.588
 20
557.312
 11
125.893
 21
557.533
  0
LINE
  8
0
 10
125.893
 20
557.533
 11
126.223
 21
557.714
  0
LINE
  8
0
 10
126.223
 20
557.714
 11
126.573
 21
557.853
  0
LINE
  8
0
 10
126.573
 20
557.853
 11
126.938
 21
557.947
  0
LINE
  8
0
 10
126.938
 20
557.947
 11
127.312
 21
557.994
  0
LINE
  8
0
 10
127.312
 20
557.994
 11
127.688
 21
557.994
  0
LINE
  8
0
 10
127.688
 20
557.994
 11
128.062
 21
557.947
  0
LINE
  8
0
 10
128.062
 20
557.947
 11
128.427
 21
557.853
  0
LINE
  8
0
 10
128.427
 20
557.853
 11
128.777
 21
557.714
  0
LINE
  8
0
 10
128.777
 20
557.714
 11
129.107
 21
557.533
  0
LINE
  8
0
 10
129.107
 20
557.533
 11
129.412
 21
557.312
  0
LINE
  8
0
 10
129.412
 20
557.312
 11
129.687
 21
557.054
  0
LINE
  8
0
 10
129.687
 20
557.054
 11
129.927
 21
556.763
  0
LINE
  8
0
 10
129.927
 20
556.763
 11
130.129
 21
556.445
  0
LINE
  8
0
 10
130.129
 20
556.445
 11
130.289
 21
556.104
  0
LINE
  8
0
 10
130.289
 20
556.104
 11
130.406
 21
555.746
  0
LINE
  8
0
 10
130.406
 20
555.746
 11
130.476
 21
555.376
  0
LINE
  8
0
 10
130.476
 20
555.376
 11
130.5
 21
555
  0
LINE
  8
0
 10
130.5
 20
555
 11
130.476
 21
554.624
  0
LINE
  8
0
 10
130.476
 20
554.624
 11
130.406
 21
554.254
  0
LINE
  8
0
 10
130.406
 20
554.254
 11
130.289
 21
553.896
  0
LINE
  8
0
 10
130.289
 20
553.896
 11
130.129
 21
553.555
  0
LINE
  8
0
 10
130.129
 20
553.555
 11
129.927
 21
553.237
  0
LINE
  8
0
 10
129.927
 20
553.237
 11
129.687
 21
552.946
  0
LINE
  8
0
 10
129.687
 20
552.946
 11
129.412
 21
552.688
  0
LINE
  8
0
 10
129.412
 20
552.688
 11
129.107
 21
552.467
  0
LINE
  8
0
 10
129.107
 20
552.467
 11
128.777
 21
552.286
  0
LINE
  8
0
 10
128.777
 20
552.286
 11
128.427
 21
552.147
  0
LINE
  8
0
 10
128.427
 20
552.147
 11
128.062
 21
552.053
  0
LINE
  8
0
 10
128.062
 20
552.053
 11
127.688
 21
552.006
  0
LINE
  8
0
 10
127.688
 20
552.006
 11
127.312
 21
552.006
  0
LINE
  8
0
 10
127.406
 20
546.003
 11
127.219
 21
546.027
  0
LINE
  8
0
 10
127.219
 20
546.027
 11
127.036
 21
546.073
  0
LINE
  8
0
 10
127.036
 20
546.073
 11
126.861
 21
546.143
  0
LINE
  8
0
 10
126.861
 20
546.143
 11
126.696
 21
546.234
  0
LINE
  8
0
 10
126.696
 20
546.234
 11
126.544
 21
546.344
  0
LINE
  8
0
 10
126.544
 20
546.344
 11
126.407
 21
546.473
  0
LINE
  8
0
 10
126.407
 20
546.473
 11
126.286
 21
546.618
  0
LINE
  8
0
 10
126.286
 20
546.618
 11
126.186
 21
546.777
  0
LINE
  8
0
 10
126.186
 20
546.777
 11
126.105
 21
546.948
  0
LINE
  8
0
 10
126.105
 20
546.948
 11
126.047
 21
547.127
  0
LINE
  8
0
 10
126.047
 20
547.127
 11
126.012
 21
547.312
  0
LINE
  8
0
 10
126.012
 20
547.312
 11
126
 21
547.5
  0
LINE
  8
0
 10
126
 20
547.5
 11
126.012
 21
547.688
  0
LINE
  8
0
 10
126.012
 20
547.688
 11
126.047
 21
547.873
  0
LINE
  8
0
 10
126.047
 20
547.873
 11
126.105
 21
548.052
  0
LINE
  8
0
 10
126.105
 20
548.052
 11
126.186
 21
548.223
  0
LINE
  8
0
 10
126.186
 20
548.223
 11
126.286
 21
548.382
  0
LINE
  8
0
 10
126.286
 20
548.382
 11
126.407
 21
548.527
  0
LINE
  8
0
 10
126.407
 20
548.527
 11
126.544
 21
548.656
  0
LINE
  8
0
 10
126.544
 20
548.656
 11
126.696
 21
548.766
  0
LINE
  8
0
 10
126.696
 20
548.766
 11
126.861
 21
548.857
  0
LINE
  8
0
 10
126.861
 20
548.857
 11
127.036
 21
548.927
  0
LINE
  8
0
 10
127.036
 20
548.927
 11
127.219
 21
548.973
  0
LINE
  8
0
 10
127.219
 20
548.973
 11
127.406
 21
548.997
  0
LINE
  8
0
 10
127.406
 20
548.997
 11
127.594
 21
548.997
  0
LINE
  8
0
 10
127.594
 20
548.997
 11
127.781
 21
548.973
  0
LINE
  8
0
 10
127.781
 20
548.973
 11
127.964
 21
548.927
  0
LINE
  8
0
 10
127.964
 20
548.927
 11
128.139
 21
548.857
  0
LINE
  8
0
 10
128.139
 20
548.857
 11
128.304
 21
548.766
  0
LINE
  8
0
 10
128.304
 20
548.766
 11
128.456
 21
548.656
  0
LINE
  8
0
 10
128.456
 20
548.656
 11
128.593
 21
548.527
  0
LINE
  8
0
 10
128.593
 20
548.527
 11
128.714
 21
548.382
  0
LINE
  8
0
 10
128.714
 20
548.382
 11
128.814
 21
548.223
  0
LINE
  8
0
 10
128.814
 20
548.223
 11
128.895
 21
548.052
  0
LINE
  8
0
 10
128.895
 20
548.052
 11
128.953
 21
547.873
  0
LINE
  8
0
 10
128.953
 20
547.873
 11
128.988
 21
547.688
  0
LINE
  8
0
 10
128.988
 20
547.688
 11
129
 21
547.5
  0
LINE
  8
0
 10
129
 20
547.5
 11
128.988
 21
547.312
  0
LINE
  8
0
 10
128.988
 20
547.312
 11
128.953
 21
547.127
  0
LINE
  8
0
 10
128.953
 20
547.127
 11
128.895
 21
546.948
  0
LINE
  8
0
 10
128.895
 20
546.948
 11
128.814
 21
546.777
  0
LINE
  8
0
 10
128.814
 20
546.777
 11
128.714
 21
546.618
  0
LINE
  8
0
 10
128.714
 20
546.618
 11
128.593
 21
546.473
  0
LINE
  8
0
 10
128.593
 20
546.473
 11
128.456
 21
546.344
  0
LINE
  8
0
 10
128.456
 20
546.344
 11
128.304
 21
546.234
  0
LINE
  8
0
 10
128.304
 20
546.234
 11
128.139
 21
546.143
  0
LINE
  8
0
 10
128.139
 20
546.143
 11
127.964
 21
546.073
  0
LINE
  8
0
 10
127.964
 20
546.073
 11
127.781
 21
546.027
  0
LINE
  8
0
 10
127.781
 20
546.027
 11
127.594
 21
546.003
  0
LINE
  8
0
 10
127.594
 20
546.003
 11
127.406
 21
546.003
  0
LINE
  8
0
 10
-127.594
 20
546.003
 11
-127.781
 21
546.027
  0
LINE
  8
0
 10
-127.781
 20
546.027
 11
-127.964
 21
546.073
  0
LINE
  8
0
 10
-127.964
 20
546.073
 11
-128.139
 21
546.143
  0
LINE
  8
0
 10
-128.139
 20
546.143
 11
-128.304
 21
546.234
  0
LINE
  8
0
 10
-128.304
 20
546.234
 11
-128.456
 21
546.344
  0
LINE
  8
0
 10
-128.456
 20
546.344
 11
-128.593
 21
546.473
  0
LINE
  8
0
 10
-128.593
 20
546.473
 11
-128.714
 21
546.618
  0
LINE
  8
0
 10
-128.714
 20
546.618
 11
-128.814
 21
546.777
  0
LINE
  8
0
 10
-128.814
 20
546.777
 11
-128.895
 21
546.948
  0
LINE
  8
0
 10
-128.895
 20
546.948
 11
-128.953
 21
547.127
  0
LINE
  8
0
 10
-128.953
 20
547.127
 11
-128.988
 21
547.312
  0
LINE
  8
0
 10
-128.988
 20
547.312
 11
-129
 21
547.5
  0
LINE
  8
0
 10
-129
 20
547.5
 11
-128.988
 21
547.688
  0
LINE
  8
0
 10
-128.988
 20
547.688
 11
-128.953
 21
547.873
  0
LINE
  8
0
 10
-128.953
 20
547.873
 11
-128.895
 21
548.052
  0
LINE
  8
0
 10
-128.895
 20
548.052
 11
-128.814
 21
548.223
  0
LINE
  8
0
 10
-128.814
 20
548.223
 11
-128.714
 21
548.382
  0
LINE
  8
0
 10
-128.714
 20
548.382
 11
-128.593
 21
548.527
  0
LINE
  8
0
 10
-128.593
 20
548.527
 11
-128.456
 21
548.656
  0
LINE
  8
0
 10
-128.456
 20
548.656
 11
-128.304
 21
548.766
  0
LINE
  8
0
 10
-128.304
 20
548.766
 11
-128.139
 21
548.857
  0
LINE
  8
0
 10
-128.139
 20
548.857
 11
-127.964
 21
548.927
  0
LINE
  8
0
 10
-127.964
 20
548.927
 11
-127.781
 21
548.973
  0
LINE
  8
0
 10
-127.781
 20
548.973
 11
-127.594
 21
548.997
  0
LINE
  8
0
 10
-127.594
 20
548.997
 11
-127.406
 21
548.997
  0
LINE
  8
0
 10
-127.406
 20
548.997
 11
-127.219
 21
548.973
  0
LINE
  8
0
 10
-127.219
 20
548.973
 11
-127.036
 21
548.927
  0
LINE
  8
0
 10
-127.036
 20
548.927
 11
-126.861
 21
548.857
  0
LINE
  8
0
 10
-126.861
 20
548.857
 11
-126.696
 21
548.766
  0
LINE
  8
0
 10
-126.696
 20
548.766
 11
-126.544
 21
548.656
  0
LINE
  8
0
 10
-126.544
 20
548.656
 11
-126.407
 21
548.527
  0
LINE
  8
0
 10
-126.407
 20
548.527
 11
-126.286
 21
548.382
  0
LINE
  8
0
 10
-126.286
 20
548.382
 11
-126.186
 21
548.223
  0
LINE
  8
0
 10
-126.186
 20
548.223
 11
-126.105
 21
548.052
  0
LINE
  8
0
 10
-126.105
 20
548.052
 11
-126.047
 21
547.873
  0
LINE
  8
0
 10
-126.047
 20
547.873
 11
-126.012
 21
547.688
  0
LINE
  8
0
 10
-126.012
 20
547.688
 11
-126
 21
547.5
  0
LINE
  8
0
 10
-126
 20
547.5
 11
-126.012
 21
547.312
  0
LINE
  8
0
 10
-126.012
 20
547.312
 11
-126.047
 21
547.127
  0
LINE
  8
0
 10
-126.047
 20
547.127
 11
-126.105
 21
546.948
  0
LINE
  8
0
 10
-126.105
 20
546.948
 11
-126.186
 21
546.777
  0
LINE
  8
0
 10
-126.186
 20
546.777
 11
-126.286
 21
546.618
  0
LINE
  8
0
 10
-126.286
 20
546.618
 11
-126.407
 21
546.473
  0
LINE
  8
0
 10
-126.407
 20
546.473
 11
-126.544
 21
546.344
  0
LINE
  8
0
 10
-126.544
 20
546.344
 11
-126.696
 21
546.234
  0
LINE
  8
0
 10
-126.696
 20
546.234
 11
-126.861
 21
546.143
  0
LINE
  8
0
 10
-126.861
 20
546.143
 11
-127.036
 21
546.073
  0
LINE
  8
0
 10
-127.036
 20
546.073
 11
-127.219
 21
546.027
  0
LINE
  8
0
 10
-127.219
 20
546.027
 11
-127.406
 21
546.003
  0
LINE
  8
0
 10
-127.406
 20
546.003
 11
-127.594
 21
546.003
  0
LINE
  8
0
 10
-127.688
 20
537.006
 11
-128.062
 21
537.053
  0
LINE
  8
0
 10
-128.062
 20
537.053
 11
-128.427
 21
537.147
  0
LINE
  8
0
 10
-128.427
 20
537.147
 11
-128.777
 21
537.286
  0
LINE
  8
0
 10
-128.777
 20
537.286
 11
-129.107
 21
537.467
  0
LINE
  8
0
 10
-129.107
 20
537.467
 11
-129.412
 21
537.688
  0
LINE
  8
0
 10
-129.412
 20
537.688
 11
-129.687
 21
537.946
  0
LINE
  8
0
 10
-129.687
 20
537.946
 11
-129.927
 21
538.237
  0
LINE
  8
0
 10
-129.927
 20
538.237
 11
-130.129
 21
538.555
  0
LINE
  8
0
 10
-130.129
 20
538.555
 11
-130.289
 21
538.896
  0
LINE
  8
0
 10
-130.289
 20
538.896
 11
-130.406
 21
539.254
  0
LINE
  8
0
 10
-130.406
 20
539.254
 11
-130.476
 21
539.624
  0
LINE
  8
0
 10
-130.476
 20
539.624
 11
-130.5
 21
540
  0
LINE
  8
0
 10
-130.5
 20
540
 11
-130.476
 21
540.376
  0
LINE
  8
0
 10
-130.476
 20
540.376
 11
-130.406
 21
540.746
  0
LINE
  8
0
 10
-130.406
 20
540.746
 11
-130.289
 21
541.104
  0
LINE
  8
0
 10
-130.289
 20
541.104
 11
-130.129
 21
541.445
  0
LINE
  8
0
 10
-130.129
 20
541.445
 11
-129.927
 21
541.763
  0
LINE
  8
0
 10
-129.927
 20
541.763
 11
-129.687
 21
542.054
  0
LINE
  8
0
 10
-129.687
 20
542.054
 11
-129.412
 21
542.312
  0
LINE
  8
0
 10
-129.412
 20
542.312
 11
-129.107
 21
542.533
  0
LINE
  8
0
 10
-129.107
 20
542.533
 11
-128.777
 21
542.714
  0
LINE
  8
0
 10
-128.777
 20
542.714
 11
-128.427
 21
542.853
  0
LINE
  8
0
 10
-128.427
 20
542.853
 11
-128.062
 21
542.947
  0
LINE
  8
0
 10
-128.062
 20
542.947
 11
-127.688
 21
542.994
  0
LINE
  8
0
 10
-127.688
 20
542.994
 11
-127.312
 21
542.994
  0
LINE
  8
0
 10
-127.312
 20
542.994
 11
-126.938
 21
542.947
  0
LINE
  8
0
 10
-126.938
 20
542.947
 11
-126.573
 21
542.853
  0
LINE
  8
0
 10
-126.573
 20
542.853
 11
-126.223
 21
542.714
  0
LINE
  8
0
 10
-126.223
 20
542.714
 11
-125.893
 21
542.533
  0
LINE
  8
0
 10
-125.893
 20
542.533
 11
-125.588
 21
542.312
  0
LINE
  8
0
 10
-125.588
 20
542.312
 11
-125.313
 21
542.054
  0
LINE
  8
0
 10
-125.313
 20
542.054
 11
-125.073
 21
541.763
  0
LINE
  8
0
 10
-125.073
 20
541.763
 11
-124.871
 21
541.445
  0
LINE
  8
0
 10
-124.871
 20
541.445
 11
-124.711
 21
541.104
  0
LINE
  8
0
 10
-124.711
 20
541.104
 11
-124.594
 21
540.746
  0
LINE
  8
0
 10
-124.594
 20
540.746
 11
-124.524
 21
540.376
  0
LINE
  8
0
 10
-124.524
 20
540.376
 11
-124.5
 21
540
  0
LINE
  8
0
 10
-124.5
 20
540
 11
-124.524
 21
539.624
  0
LINE
  8
0
 10
-124.524
 20
539.624
 11
-124.594
 21
539.254
  0
LINE
  8
0
 10
-124.594
 20
539.254
 11
-124.711
 21
538.896
  0
LINE
  8
0
 10
-124.711
 20
538.896
 11
-124.871
 21
538.555
  0
LINE
  8
0
 10
-124.871
 20
538.555
 11
-125.073
 21
538.237
  0
LINE
  8
0
 10
-125.073
 20
538.237
 11
-125.313
 21
537.946
  0
LINE
  8
0
 10
-125.313
 20
537.946
 11
-125.588
 21
537.688
  0
LINE
  8
0
 10
-125.588
 20
537.688
 11
-125.893
 21
537.467
  0
LINE
  8
0
 10
-125.893
 20
537.467
 11
-126.223
 21
537.286
  0
LINE
  8
0
 10
-126.223
 20
537.286
 11
-126.573
 21
537.147
  0
LINE
  8
0
 10
-126.573
 20
537.147
 11
-126.938
 21
537.053
  0
LINE
  8
0
 10
-126.938
 20
537.053
 11
-127.312
 21
537.006
  0
LINE
  8
0
 10
-127.312
 20
537.006
 11
-127.688
 21
537.006
  0
LINE
  8
0
 10
127.312
 20
537.006
 11
126.938
 21
537.053
  0
LINE
  8
0
 10
126.938
 20
537.053
 11
126.573
 21
537.147
  0
LINE
  8
0
 10
126.573
 20
537.147
 11
126.223
 21
537.286
  0
LINE
  8
0
 10
126.223
 20
537.286
 11
125.893
 21
537.467
  0
LINE
  8
0
 10
125.893
 20
537.467
 11
125.588
 21
537.688
  0
LINE
  8
0
 10
125.588
 20
537.688
 11
125.313
 21
537.946
  0
LINE
  8
0
 10
125.313
 20
537.946
 11
125.073
 21
538.237
  0
LINE
  8
0
 10
125.073
 20
538.237
 11
124.871
 21
538.555
  0
LINE
  8
0
 10
124.871
 20
538.555
 11
124.711
 21
538.896
  0
LINE
  8
0
 10
124.711
 20
538.896
 11
124.594
 21
539.254
  0
LINE
  8
0
 10
124.594
 20
539.254
 11
124.524
 21
539.624
  0
LINE
  8
0
 10
124.524
 20
539.624
 11
124.5
 21
540
  0
LINE
  8
0
 10
124.5
 20
540
 11
124.524
 21
540.376
  0
LINE
  8
0
 10
124.524
 20
540.376
 11
124.594
 21
540.746
  0
LINE
  8
0
 10
124.594
 20
540.746
 11
124.711
 21
541.104
  0
LINE
  8
0
 10
124.711
 20
541.104
 11
124.871
 21
541.445
  0
LINE
  8
0
 10
124.871
 20
541.445
 11
125.073
 21
541.763
  0
LINE
  8
0
 10
125.073
 20
541.763
 11
125.313
 21
542.054
  0
LINE
  8
0
 10
125.313
 20
542.054
 11
125.588
 21
542.312
  0
LINE
  8
0
 10
125.588
 20
542.312
 11
125.893
 21
542.533
  0
LINE
  8
0
 10
125.893
 20
542.533
 11
126.223
 21
542.714
  0
LINE
  8
0
 10
126.223
 20
542.714
 11
126.573
 21
542.853
  0
LINE
  8
0
 10
126.573
 20
542.853
 11
126.938
 21
542.947
  0
LINE
  8
0
 10
126.938
 20
542.947
 11
127.312
 21
542.994
  0
LINE
  8
0
 10
127.312
 20
542.994
 11
127.688
 21
542.994
  0
LINE
  8
0
 10
127.688
 20
542.994
 11
128.062
 21
542.947
  0
LINE
  8
0
 10
128.062
 20
542.947
 11
128.427
 21
542.853
  0
LINE
  8
0
 10
128.427
 20
542.853
 11
128.777
 21
542.714
  0
LINE
  8
0
 10
128.777
 20
542.714
 11
129.107
 21
542.533
  0
LINE
  8
0
 10
129.107
 20
542.533
 11
129.412
 21
542.312
  0
LINE
  8
0
 10
129.412
 20
542.312
 11
129.687
 21
542.054
  0
LINE
  8
0
 10
129.687
 20
542.054
 11
129.927
 21
541.763
  0
LINE
  8
0
 10
129.927
 20
541.763
 11
130.129
 21
541.445
  0
LINE
  8
0
 10
130.129
 20
541.445
 11
130.289
 21
541.104
  0
LINE
  8
0
 10
130.289
 20
541.104
 11
130.406
 21
540.746
  0
LINE
  8
0
 10
130.406
 20
540.746
 11
130.476
 21
540.376
  0
LINE
  8
0
 10
130.476
 20
540.376
 11
130.5
 21
540
  0
LINE
  8
0
 10
130.5
 20
540
 11
130.476
 21
539.624
  0
LINE
  8
0
 10
130.476
 20
539.624
 11
130.406
 21
539.254
  0
LINE
  8
0
 10
130.406
 20
539.254
 11
130.289
 21
538.896
  0
LINE
  8
0
 10
130.289
 20
538.896
 11
130.129
 21
538.555
  0
LINE
  8
0
 10
130.129
 20
538.555
 11
129.927
 21
538.237
  0
LINE
  8
0
 10
129.927
 20
538.237
 11
129.687
 21
537.946
  0
LINE
  8
0
 10
129.687
 20
537.946
 11
129.412
 21
537.688
  0
LINE
  8
0
 10
129.412
 20
537.688
 11
129.107
 21
537.467
  0
LINE
  8
0
 10
129.107
 20
537.467
 11
128.777
 21
537.286
  0
LINE
  8
0
 10
128.777
 20
537.286
 11
128.427
 21
537.147
  0
LINE
  8
0
 10
128.427
 20
537.147
 11
128.062
 21
537.053
  0
LINE
  8
0
 10
128.062
 20
537.053
 11
127.688
 21
537.006
  0
LINE
  8
0
 10
127.688
 20
537.006
 11
127.312
 21
537.006
  0
LINE
  8
0
 10
-127.594
 20
531.003
 11
-127.781
 21
531.027
  0
LINE
  8
0
 10
-127.781
 20
531.027
 11
-127.964
 21
531.073
  0
LINE
  8
0
 10
-127.964
 20
531.073
 11
-128.139
 21
531.143
  0
LINE
  8
0
 10
-128.139
 20
531.143
 11
-128.304
 21
531.234
  0
LINE
  8
0
 10
-128.304
 20
531.234
 11
-128.456
 21
531.344
  0
LINE
  8
0
 10
-128.456
 20
531.344
 11
-128.593
 21
531.473
  0
LINE
  8
0
 10
-128.593
 20
531.473
 11
-128.714
 21
531.618
  0
LINE
  8
0
 10
-128.714
 20
531.618
 11
-128.814
 21
531.777
  0
LINE
  8
0
 10
-128.814
 20
531.777
 11
-128.895
 21
531.948
  0
LINE
  8
0
 10
-128.895
 20
531.948
 11
-128.953
 21
532.127
  0
LINE
  8
0
 10
-128.953
 20
532.127
 11
-128.988
 21
532.312
  0
LINE
  8
0
 10
-128.988
 20
532.312
 11
-129
 21
532.5
  0
LINE
  8
0
 10
-129
 20
532.5
 11
-128.988
 21
532.688
  0
LINE
  8
0
 10
-128.988
 20
532.688
 11
-128.953
 21
532.873
  0
LINE
  8
0
 10
-128.953
 20
532.873
 11
-128.895
 21
533.052
  0
LINE
  8
0
 10
-128.895
 20
533.052
 11
-128.814
 21
533.223
  0
LINE
  8
0
 10
-128.814
 20
533.223
 11
-128.714
 21
533.382
  0
LINE
  8
0
 10
-128.714
 20
533.382
 11
-128.593
 21
533.527
  0
LINE
  8
0
 10
-128.593
 20
533.527
 11
-128.456
 21
533.656
  0
LINE
  8
0
 10
-128.456
 20
533.656
 11
-128.304
 21
533.766
  0
LINE
  8
0
 10
-128.304
 20
533.766
 11
-128.139
 21
533.857
  0
LINE
  8
0
 10
-128.139
 20
533.857
 11
-127.964
 21
533.927
  0
LINE
  8
0
 10
-127.964
 20
533.927
 11
-127.781
 21
533.973
  0
LINE
  8
0
 10
-127.781
 20
533.973
 11
-127.594
 21
533.997
  0
LINE
  8
0
 10
-127.594
 20
533.997
 11
-127.406
 21
533.997
  0
LINE
  8
0
 10
-127.406
 20
533.997
 11
-127.219
 21
533.973
  0
LINE
  8
0
 10
-127.219
 20
533.973
 11
-127.036
 21
533.927
  0
LINE
  8
0
 10
-127.036
 20
533.927
 11
-126.861
 21
533.857
  0
LINE
  8
0
 10
-126.861
 20
533.857
 11
-126.696
 21
533.766
  0
LINE
  8
0
 10
-126.696
 20
533.766
 11
-126.544
 21
533.656
  0
LINE
  8
0
 10
-126.544
 20
533.656
 11
-126.407
 21
533.527
  0
LINE
  8
0
 10
-126.407
 20
533.527
 11
-126.286
 21
533.382
  0
LINE
  8
0
 10
-126.286
 20
533.382
 11
-126.186
 21
533.223
  0
LINE
  8
0
 10
-126.186
 20
533.223
 11
-126.105
 21
533.052
  0
LINE
  8
0
 10
-126.105
 20
533.052
 11
-126.047
 21
532.873
  0
LINE
  8
0
 10
-126.047
 20
532.873
 11
-126.012
 21
532.688
  0
LINE
  8
0
 10
-126.012
 20
532.688
 11
-126
 21
532.5
  0
LINE
  8
0
 10
-126
 20
532.5
 11
-126.012
 21
532.312
  0
LINE
  8
0
 10
-126.012
 20
532.312
 11
-126.047
 21
532.127
  0
LINE
  8
0
 10
-126.047
 20
532.127
 11
-126.105
 21
531.948
  0
LINE
  8
0
 10
-126.105
 20
531.948
 11
-126.186
 21
531.777
  0
LINE
  8
0
 10
-126.186
 20
531.777
 11
-126.286
 21
531.618
  0
LINE
  8
0
 10
-126.286
 20
531.618
 11
-126.407
 21
531.473
  0
LINE
  8
0
 10
-126.407
 20
531.473
 11
-126.544
 21
531.344
  0
LINE
  8
0
 10
-126.544
 20
531.344
 11
-126.696
 21
531.234
  0
LINE
  8
0
 10
-126.696
 20
531.234
 11
-126.861
 21
531.143
  0
LINE
  8
0
 10
-126.861
 20
531.143
 11
-127.036
 21
531.073
  0
LINE
  8
0
 10
-127.036
 20
531.073
 11
-127.219
 21
531.027
  0
LINE
  8
0
 10
-127.219
 20
531.027
 11
-127.406
 21
531.003
  0
LINE
  8
0
 10
-127.406
 20
531.003
 11
-127.594
 21
531.003
  0
LINE
  8
0
 10
127.406
 20
531.003
 11
127.219
 21
531.027
  0
LINE
  8
0
 10
127.219
 20
531.027
 11
127.036
 21
531.073
  0
LINE
  8
0
 10
127.036
 20
531.073
 11
126.861
 21
531.143
  0
LINE
  8
0
 10
126.861
 20
531.143
 11
126.696
 21
531.234
  0
LINE
  8
0
 10
126.696
 20
531.234
 11
126.544
 21
531.344
  0
LINE
  8
0
 10
126.544
 20
531.344
 11
126.407
 21
531.473
  0
LINE
  8
0
 10
126.407
 20
531.473
 11
126.286
 21
531.618
  0
LINE
  8
0
 10
126.286
 20
531.618
 11
126.186
 21
531.777
  0
LINE
  8
0
 10
126.186
 20
531.777
 11
126.105
 21
531.948
  0
LINE
  8
0
 10
126.105
 20
531.948
 11
126.047
 21
532.127
  0
LINE
  8
0
 10
126.047
 20
532.127
 11
126.012
 21
532.312
  0
LINE
  8
0
 10
126.012
 20
532.312
 11
126
 21
532.5
  0
LINE
  8
0
 10
126
 20
532.5
 11
126.012
 21
532.688
  0
LINE
  8
0
 10
126.012
 20
532.688
 11
126.047
 21
532.873
  0
LINE
  8
0
 10
126.047
 20
532.873
 11
126.105
 21
533.052
  0
LINE
  8
0
 10
126.105
 20
533.052
 11
126.186
 21
533.223
  0
LINE
  8
0
 10
126.186
 20
533.223
 11
126.286
 21
533.382
  0
LINE
  8
0
 10
126.286
 20
533.382
 11
126.407
 21
533.527
  0
LINE
  8
0
 10
126.407
 20
533.527
 11
126.544
 21
533.656
  0
LINE
  8
0
 10
126.544
 20
533.656
 11
126.696
 21
533.766
  0
LINE
  8
0
 10
126.696
 20
533.766
 11
126.861
 21
533.857
  0
LINE
  8
0
 10
126.861
 20
533.857
 11
127.036
 21
533.927
  0
LINE
  8
0
 10
127.036
 20
533.927
 11
127.219
 21
533.973
  0
LINE
  8
0
 10
127.219
 20
533.973
 11
127.406
 21
533.997
  0
LINE
  8
0
 10
127.406
 20
533.997
 11
127.594
 21
533.997
  0
LINE
  8
0
 10
127.594
 20
533.997
 11
127.781
 21
533.973
  0
LINE
  8
0
 10
127.781
 20
533.973
 11
127.964
 21
533.927
  0
LINE
  8
0
 10
127.964
 20
533.927
 11
128.139
 21
533.857
  0
LINE
  8
0
 10
128.139
 20
533.857
 11
128.304
 21
533.766
  0
LINE
  8
0
 10
128.304
 20
533.766
 11
128.456
 21
533.656
  0
LINE
  8
0
 10
128.456
 20
533.656
 11
128.593
 21
533.527
  0
LINE
  8
0
 10
128.593
 20
533.527
 11
128.714
 21
533.382
  0
LINE
  8
0
 10
128.714
 20
533.382
 11
128.814
 21
533.223
  0
LINE
  8
0
 10
128.814
 20
533.223
 11
128.895
 21
533.052
  0
LINE
  8
0
 10
128.895
 20
533.052
 11
128.953
 21
532.873
  0
LINE
  8
0
 10
128.953
 20
532.873
 11
128.988
 21
532.688
  0
LINE
  8
0
 10
128.988
 20
532.688
 11
129
 21
532.5
  0
LINE
  8
0
 10
129
 20
532.5
 11
128.988
 21
532.312
  0
LINE
  8
0
 10
128.988
 20
532.312
 11
128.953
 21
532.127
  0
LINE
  8
0
 10
128.953
 20
532.127
 11
128.895
 21
531.948
  0
LINE
  8
0
 10
128.895
 20
531.948
 11
128.814
 21
531.777
  0
LINE
  8
0
 10
128.814
 20
531.777
 11
128.714
 21
531.618
  0
LINE
  8
0
 10
128.714
 20
531.618
 11
128.593
 21
531.473
  0
LINE
  8
0
 10
128.593
 20
531.473
 11
128.456
 21
531.344
  0
LINE
  8
0
 10
128.456
 20
531.344
 11
128.304
 21
531.234
  0
LINE
  8
0
 10
128.304
 20
531.234
 11
128.139
 21
531.143
  0
LINE
  8
0
 10
128.139
 20
531.143
 11
127.964
 21
531.073
  0
LINE
  8
0
 10
127.964
 20
531.073
 11
127.781
 21
531.027
  0
LINE
  8
0
 10
127.781
 20
531.027
 11
127.594
 21
531.003
  0
LINE
  8
0
 10
127.594
 20
531.003
 11
127.406
 21
531.003
  0
LINE
  8
0
 10
127.312
 20
522.006
 11
126.938
 21
522.053
  0
LINE
  8
0
 10
126.938
 20
522.053
 11
126.573
 21
522.147
  0
LINE
  8
0
 10
126.573
 20
522.147
 11
126.223
 21
522.286
  0
LINE
  8
0
 10
126.223
 20
522.286
 11
125.893
 21
522.467
  0
LINE
  8
0
 10
125.893
 20
522.467
 11
125.588
 21
522.688
  0
LINE
  8
0
 10
125.588
 20
522.688
 11
125.313
 21
522.946
  0
LINE
  8
0
 10
125.313
 20
522.946
 11
125.073
 21
523.237
  0
LINE
  8
0
 10
125.073
 20
523.237
 11
124.871
 21
523.555
  0
LINE
  8
0
 10
124.871
 20
523.555
 11
124.711
 21
523.896
  0
LINE
  8
0
 10
124.711
 20
523.896
 11
124.594
 21
524.254
  0
LINE
  8
0
 10
124.594
 20
524.254
 11
124.524
 21
524.624
  0
LINE
  8
0
 10
124.524
 20
524.624
 11
124.5
 21
525
  0
LINE
  8
0
 10
124.5
 20
525
 11
124.524
 21
525.376
  0
LINE
  8
0
 10
124.524
 20
525.376
 11
124.594
 21
525.746
  0
LINE
  8
0
 10
124.594
 20
525.746
 11
124.711
 21
526.104
  0
LINE
  8
0
 10
124.711
 20
526.104
 11
124.871
 21
526.445
  0
LINE
  8
0
 10
124.871
 20
526.445
 11
125.073
 21
526.763
  0
LINE
  8
0
 10
125.073
 20
526.763
 11
125.313
 21
527.054
  0
LINE
  8
0
 10
125.313
 20
527.054
 11
125.588
 21
527.312
  0
LINE
  8
0
 10
125.588
 20
527.312
 11
125.893
 21
527.533
  0
LINE
  8
0
 10
125.893
 20
527.533
 11
126.223
 21
527.714
  0
LINE
  8
0
 10
126.223
 20
527.714
 11
126.573
 21
527.853
  0
LINE
  8
0
 10
126.573
 20
527.853
 11
126.938
 21
527.947
  0
LINE
  8
0
 10
126.938
 20
527.947
 11
127.312
 21
527.994
  0
LINE
  8
0
 10
127.312
 20
527.994
 11
127.688
 21
527.994
  0
LINE
  8
0
 10
127.688
 20
527.994
 11
128.062
 21
527.947
  0
LINE
  8
0
 10
128.062
 20
527.947
 11
128.427
 21
527.853
  0
LINE
  8
0
 10
128.427
 20
527.853
 11
128.777
 21
527.714
  0
LINE
  8
0
 10
128.777
 20
527.714
 11
129.107
 21
527.533
  0
LINE
  8
0
 10
129.107
 20
527.533
 11
129.412
 21
527.312
  0
LINE
  8
0
 10
129.412
 20
527.312
 11
129.687
 21
527.054
  0
LINE
  8
0
 10
129.687
 20
527.054
 11
129.927
 21
526.763
  0
LINE
  8
0
 10
129.927
 20
526.763
 11
130.129
 21
526.445
  0
LINE
  8
0
 10
130.129
 20
526.445
 11
130.289
 21
526.104
  0
LINE
  8
0
 10
130.289
 20
526.104
 11
130.406
 21
525.746
  0
LINE
  8
0
 10
130.406
 20
525.746
 11
130.476
 21
525.376
  0
LINE
  8
0
 10
130.476
 20
525.376
 11
130.5
 21
525
  0
LINE
  8
0
 10
130.5
 20
525
 11
130.476
 21
524.624
  0
LINE
  8
0
 10
130.476
 20
524.624
 11
130.406
 21
524.254
  0
LINE
  8
0
 10
130.406
 20
524.254
 11
130.289
 21
523.896
  0
LINE
  8
0
 10
130.289
 20
523.896
 11
130.129
 21
523.555
  0
LINE
  8
0
 10
130.129
 20
523.555
 11
129.927
 21
523.237
  0
LINE
  8
0
 10
129.927
 20
523.237
 11
129.687
 21
522.946
  0
LINE
  8
0
 10
129.687
 20
522.946
 11
129.412
 21
522.688
  0
LINE
  8
0
 10
129.412
 20
522.688
 11
129.107
 21
522.467
  0
LINE
  8
0
 10
129.107
 20
522.467
 11
128.777
 21
522.286
  0
LINE
  8
0
 10
128.777
 20
522.286
 11
128.427
 21
522.147
  0
LINE
  8
0
 10
128.427
 20
522.147
 11
128.062
 21
522.053
  0
LINE
  8
0
 10
128.062
 20
522.053
 11
127.688
 21
522.006
  0
LINE
  8
0
 10
127.688
 20
522.006
 11
127.312
 21
522.006
  0
LINE
  8
0
 10
-127.688
 20
522.006
 11
-128.062
 21
522.053
  0
LINE
  8
0
 10
-128.062
 20
522.053
 11
-128.427
 21
522.147
  0
LINE
  8
0
 10
-128.427
 20
522.147
 11
-128.777
 21
522.286
  0
LINE
  8
0
 10
-128.777
 20
522.286
 11
-129.107
 21
522.467
  0
LINE
  8
0
 10
-129.107
 20
522.467
 11
-129.412
 21
522.688
  0
LINE
  8
0
 10
-129.412
 20
522.688
 11
-129.687
 21
522.946
  0
LINE
  8
0
 10
-129.687
 20
522.946
 11
-129.927
 21
523.237
  0
LINE
  8
0
 10
-129.927
 20
523.237
 11
-130.129
 21
523.555
  0
LINE
  8
0
 10
-130.129
 20
523.555
 11
-130.289
 21
523.896
  0
LINE
  8
0
 10
-130.289
 20
523.896
 11
-130.406
 21
524.254
  0
LINE
  8
0
 10
-130.406
 20
524.254
 11
-130.476
 21
524.624
  0
LINE
  8
0
 10
-130.476
 20
524.624
 11
-130.5
 21
525
  0
LINE
  8
0
 10
-130.5
 20
525
 11
-130.476
 21
525.376
  0
LINE
  8
0
 10
-130.476
 20
525.376
 11
-130.406
 21
525.746
  0
LINE
  8
0
 10
-130.406
 20
525.746
 11
-130.289
 21
526.104
  0
LINE
  8
0
 10
-130.289
 20
526.104
 11
-130.129
 21
526.445
  0
LINE
  8
0
 10
-130.129
 20
526.445
 11
-129.927
 21
526.763
  0
LINE
  8
0
 10
-129.927
 20
526.763
 11
-129.687
 21
527.054
  0
LINE
  8
0
 10
-129.687
 20
527.054
 11
-129.412
 21
527.312
  0
LINE
  8
0
 10
-129.412
 20
527.312
 11
-129.107
 21
527.533
  0
LINE
  8
0
 10
-129.107
 20
527.533
 11
-128.777
 21
527.714
  0
LINE
  8
0
 10
-128.777
 20
527.714
 11
-128.427
 21
527.853
  0
LINE
  8
0
 10
-128.427
 20
527.853
 11
-128.062
 21
527.947
  0
LINE
  8
0
 10
-128.062
 20
527.947
 11
-127.688
 21
527.994
  0
LINE
  8
0
 10
-127.688
 20
527.994
 11
-127.312
 21
527.994
  0
LINE
  8
0
 10
-127.312
 20
527.994
 11
-126.938
 21
527.947
  0
LINE
  8
0
 10
-126.938
 20
527.947
 11
-126.573
 21
527.853
  0
LINE
  8
0
 10
-126.573
 20
527.853
 11
-126.223
 21
527.714
  0
LINE
  8
0
 10
-126.223
 20
527.714
 11
-125.893
 21
527.533
  0
LINE
  8
0
 10
-125.893
 20
527.533
 11
-125.588
 21
527.312
  0
LINE
  8
0
 10
-125.588
 20
527.312
 11
-125.313
 21
527.054
  0
LINE
  8
0
 10
-125.313
 20
527.054
 11
-125.073
 21
526.763
  0
LINE
  8
0
 10
-125.073
 20
526.763
 11
-124.871
 21
526.445
  0
LINE
  8
0
 10
-124.871
 20
526.445
 11
-124.711
 21
526.104
  0
LINE
  8
0
 10
-124.711
 20
526.104
 11
-124.594
 21
525.746
  0
LINE
  8
0
 10
-124.594
 20
525.746
 11
-124.524
 21
525.376
  0
LINE
  8
0
 10
-124.524
 20
525.376
 11
-124.5
 21
525
  0
LINE
  8
0
 10
-124.5
 20
525
 11
-124.524
 21
524.624
  0
LINE
  8
0
 10
-124.524
 20
524.624
 11
-124.594
 21
524.254
  0
LINE
  8
0
 10
-124.594
 20
524.254
 11
-124.711
 21
523.896
  0
LINE
  8
0
 10
-124.711
 20
523.896
 11
-124.871
 21
523.555
  0
LINE
  8
0
 10
-124.871
 20
523.555
 11
-125.073
 21
523.237
  0
LINE
  8
0
 10
-125.073
 20
523.237
 11
-125.313
 21
522.946
  0
LINE
  8
0
 10
-125.313
 20
522.946
 11
-125.588
 21
522.688
  0
LINE
  8
0
 10
-125.588
 20
522.688
 11
-125.893
 21
522.467
  0
LINE
  8
0
 10
-125.893
 20
522.467
 11
-126.223
 21
522.286
  0
LINE
  8
0
 10
-126.223
 20
522.286
 11
-126.573
 21
522.147
  0
LINE
  8
0
 10
-126.573
 20
522.147
 11
-126.938
 21
522.053
  0
LINE
  8
0
 10
-126.938
 20
522.053
 11
-127.312
 21
522.006
  0
LINE
  8
0
 10
-127.312
 20
522.006
 11
-127.688
 21
522.006
  0
LINE
  8
0
 10
130.437
 20
404.089
 11
131.045
 21
404.245
  0
LINE
  8
0
 10
131.045
 20
404.245
 11
131.629
 21
404.476
  0
LINE
  8
0
 10
131.629
 20
404.476
 11
132.179
 21
404.778
  0
LINE
  8
0
 10
132.179
 20
404.778
 11
132.687
 21
405.147
  0
LINE
  8
0
 10
132.687
 20
405.147
 11
133.145
 21
405.577
  0
LINE
  8
0
 10
133.145
 20
405.577
 11
133.545
 21
406.061
  0
LINE
  8
0
 10
133.545
 20
406.061
 11
133.882
 21
406.591
  0
LINE
  8
0
 10
133.882
 20
406.591
 11
134.149
 21
407.159
  0
LINE
  8
0
 10
134.149
 20
407.159
 11
134.343
 21
407.757
  0
LINE
  8
0
 10
134.343
 20
407.757
 11
134.461
 21
408.373
  0
LINE
  8
0
 10
134.461
 20
408.373
 11
134.5
 21
409
  0
LINE
  8
0
 10
134.5
 20
409
 11
134.5
 21
503
  0
LINE
  8
0
 10
134.5
 20
503
 11
134.461
 21
503.627
  0
LINE
  8
0
 10
134.461
 20
503.627
 11
134.343
 21
504.243
  0
LINE
  8
0
 10
134.343
 20
504.243
 11
134.149
 21
504.841
  0
LINE
  8
0
 10
134.149
 20
504.841
 11
133.882
 21
505.409
  0
LINE
  8
0
 10
133.882
 20
505.409
 11
133.545
 21
505.939
  0
LINE
  8
0
 10
133.545
 20
505.939
 11
133.145
 21
506.423
  0
LINE
  8
0
 10
133.145
 20
506.423
 11
132.687
 21
506.853
  0
LINE
  8
0
 10
132.687
 20
506.853
 11
132.179
 21
507.222
  0
LINE
  8
0
 10
132.179
 20
507.222
 11
131.629
 21
507.524
  0
LINE
  8
0
 10
131.629
 20
507.524
 11
131.045
 21
507.755
  0
LINE
  8
0
 10
131.045
 20
507.755
 11
130.437
 21
507.911
  0
LINE
  8
0
 10
130.437
 20
507.911
 11
129.814
 21
507.99
  0
LINE
  8
0
 10
129.814
 20
507.99
 11
-129.814
 21
507.99
  0
LINE
  8
0
 10
-129.814
 20
507.99
 11
-130.437
 21
507.911
  0
LINE
  8
0
 10
-130.437
 20
507.911
 11
-131.045
 21
507.755
  0
LINE
  8
0
 10
-131.045
 20
507.755
 11
-131.629
 21
507.524
  0
LINE
  8
0
 10
-131.629
 20
507.524
 11
-132.179
 21
507.222
  0
LINE
  8
0
 10
-132.179
 20
507.222
 11
-132.687
 21
506.853
  0
LINE
  8
0
 10
-132.687
 20
506.853
 11
-133.145
 21
506.423
  0
LINE
  8
0
 10
-133.145
 20
506.423
 11
-133.545
 21
505.939
  0
LINE
  8
0
 10
-133.545
 20
505.939
 11
-133.882
 21
505.409
  0
LINE
  8
0
 10
-133.882
 20
505.409
 11
-134.149
 21
504.841
  0
LINE
  8
0
 10
-134.149
 20
504.841
 11
-134.343
 21
504.243
  0
LINE
  8
0
 10
-134.343
 20
504.243
 11
-134.461
 21
503.627
  0
LINE
  8
0
 10
-134.461
 20
503.627
 11
-134.5
 21
503
  0
LINE
  8
0
 10
-134.5
 20
503
 11
-134.5
 21
409
  0
LINE
  8
0
 10
-134.5
 20
409
 11
-134.461
 21
408.373
  0
LINE
  8
0
 10
-134.461
 20
408.373
 11
-134.343
 21
407.757
  0
LINE
  8
0
 10
-134.343
 20
407.757
 11
-134.149
 21
407.159
  0
LINE
  8
0
 10
-134.149
 20
407.159
 11
-133.882
 21
406.591
  0
LINE
  8
0
 10
-133.882
 20
406.591
 11
-133.545
 21
406.061
  0
LINE
  8
0
 10
-133.545
 20
406.061
 11
-133.145
 21
405.577
  0
LINE
  8
0
 10
-133.145
 20
405.577
 11
-132.687
 21
405.147
  0
LINE
  8
0
 10
-132.687
 20
405.147
 11
-132.179
 21
404.778
  0
LINE
  8
0
 10
-132.179
 20
404.778
 11
-131.629
 21
404.476
  0
LINE
  8
0
 10
-131.629
 20
404.476
 11
-131.045
 21
404.245
  0
LINE
  8
0
 10
-131.045
 20
404.245
 11
-130.437
 21
404.089
  0
LINE
  8
0
 10
-130.437
 20
404.089
 11
-129.814
 21
404.01
  0
LINE
  8
0
 10
-129.814
 20
404.01
 11
129.814
 21
404.01
  0
LINE
  8
0
 10
129.814
 20
404.01
 11
130.437
 21
404.089
  0
LINE
  8
0
 10
-127.688
 20
498.006
 11
-128.062
 21
498.053
  0
LINE
  8
0
 10
-128.062
 20
498.053
 11
-128.427
 21
498.147
  0
LINE
  8
0
 10
-128.427
 20
498.147
 11
-128.777
 21
498.286
  0
LINE
  8
0
 10
-128.777
 20
498.286
 11
-129.107
 21
498.467
  0
LINE
  8
0
 10
-129.107
 20
498.467
 11
-129.412
 21
498.688
  0
LINE
  8
0
 10
-129.412
 20
498.688
 11
-129.687
 21
498.946
  0
LINE
  8
0
 10
-129.687
 20
498.946
 11
-129.927
 21
499.237
  0
LINE
  8
0
 10
-129.927
 20
499.237
 11
-130.129
 21
499.555
  0
LINE
  8
0
 10
-130.129
 20
499.555
 11
-130.289
 21
499.896
  0
LINE
  8
0
 10
-130.289
 20
499.896
 11
-130.406
 21
500.254
  0
LINE
  8
0
 10
-130.406
 20
500.254
 11
-130.476
 21
500.624
  0
LINE
  8
0
 10
-130.476
 20
500.624
 11
-130.5
 21
501
  0
LINE
  8
0
 10
-130.5
 20
501
 11
-130.476
 21
501.376
  0
LINE
  8
0
 10
-130.476
 20
501.376
 11
-130.406
 21
501.746
  0
LINE
  8
0
 10
-130.406
 20
501.746
 11
-130.289
 21
502.104
  0
LINE
  8
0
 10
-130.289
 20
502.104
 11
-130.129
 21
502.445
  0
LINE
  8
0
 10
-130.129
 20
502.445
 11
-129.927
 21
502.763
  0
LINE
  8
0
 10
-129.927
 20
502.763
 11
-129.687
 21
503.054
  0
LINE
  8
0
 10
-129.687
 20
503.054
 11
-129.412
 21
503.312
  0
LINE
  8
0
 10
-129.412
 20
503.312
 11
-129.107
 21
503.533
  0
LINE
  8
0
 10
-129.107
 20
503.533
 11
-128.777
 21
503.714
  0
LINE
  8
0
 10
-128.777
 20
503.714
 11
-128.427
 21
503.853
  0
LINE
  8
0
 10
-128.427
 20
503.853
 11
-128.062
 21
503.947
  0
LINE
  8
0
 10
-128.062
 20
503.947
 11
-127.688
 21
503.994
  0
LINE
  8
0
 10
-127.688
 20
503.994
 11
-127.312
 21
503.994
  0
LINE
  8
0
 10
-127.312
 20
503.994
 11
-126.938
 21
503.947
  0
LINE
  8
0
 10
-126.938
 20
503.947
 11
-126.573
 21
503.853
  0
LINE
  8
0
 10
-126.573
 20
503.853
 11
-126.223
 21
503.714
  0
LINE
  8
0
 10
-126.223
 20
503.714
 11
-125.893
 21
503.533
  0
LINE
  8
0
 10
-125.893
 20
503.533
 11
-125.588
 21
503.312
  0
LINE
  8
0
 10
-125.588
 20
503.312
 11
-125.313
 21
503.054
  0
LINE
  8
0
 10
-125.313
 20
503.054
 11
-125.073
 21
502.763
  0
LINE
  8
0
 10
-125.073
 20
502.763
 11
-124.871
 21
502.445
  0
LINE
  8
0
 10
-124.871
 20
502.445
 11
-124.711
 21
502.104
  0
LINE
  8
0
 10
-124.711
 20
502.104
 11
-124.594
 21
501.746
  0
LINE
  8
0
 10
-124.594
 20
501.746
 11
-124.524
 21
501.376
  0
LINE
  8
0
 10
-124.524
 20
501.376
 11
-124.5
 21
501
  0
LINE
  8
0
 10
-124.5
 20
501
 11
-124.524
 21
500.624
  0
LINE
  8
0
 10
-124.524
 20
500.624
 11
-124.594
 21
500.254
  0
LINE
  8
0
 10
-124.594
 20
500.254
 11
-124.711
 21
499.896
  0
LINE
  8
0
 10
-124.711
 20
499.896
 11
-124.871
 21
499.555
  0
LINE
  8
0
 10
-124.871
 20
499.555
 11
-125.073
 21
499.237
  0
LINE
  8
0
 10
-125.073
 20
499.237
 11
-125.313
 21
498.946
  0
LINE
  8
0
 10
-125.313
 20
498.946
 11
-125.588
 21
498.688
  0
LINE
  8
0
 10
-125.588
 20
498.688
 11
-125.893
 21
498.467
  0
LINE
  8
0
 10
-125.893
 20
498.467
 11
-126.223
 21
498.286
  0
LINE
  8
0
 10
-126.223
 20
498.286
 11
-126.573
 21
498.147
  0
LINE
  8
0
 10
-126.573
 20
498.147
 11
-126.938
 21
498.053
  0
LINE
  8
0
 10
-126.938
 20
498.053
 11
-127.312
 21
498.006
  0
LINE
  8
0
 10
-127.312
 20
498.006
 11
-127.688
 21
498.006
  0
LINE
  8
0
 10
127.312
 20
498.006
 11
126.938
 21
498.053
  0
LINE
  8
0
 10
126.938
 20
498.053
 11
126.573
 21
498.147
  0
LINE
  8
0
 10
126.573
 20
498.147
 11
126.223
 21
498.286
  0
LINE
  8
0
 10
126.223
 20
498.286
 11
125.893
 21
498.467
  0
LINE
  8
0
 10
125.893
 20
498.467
 11
125.588
 21
498.688
  0
LINE
  8
0
 10
125.588
 20
498.688
 11
125.313
 21
498.946
  0
LINE
  8
0
 10
125.313
 20
498.946
 11
125.073
 21
499.237
  0
LINE
  8
0
 10
125.073
 20
499.237
 11
124.871
 21
499.555
  0
LINE
  8
0
 10
124.871
 20
499.555
 11
124.711
 21
499.896
  0
LINE
  8
0
 10
124.711
 20
499.896
 11
124.594
 21
500.254
  0
LINE
  8
0
 10
124.594
 20
500.254
 11
124.524
 21
500.624
  0
LINE
  8
0
 10
124.524
 20
500.624
 11
124.5
 21
501
  0
LINE
  8
0
 10
124.5
 20
501
 11
124.524
 21
501.376
  0
LINE
  8
0
 10
124.524
 20
501.376
 11
124.594
 21
501.746
  0
LINE
  8
0
 10
124.594
 20
501.746
 11
124.711
 21
502.104
  0
LINE
  8
0
 10
124.711
 20
502.104
 11
124.871
 21
502.445
  0
LINE
  8
0
 10
124.871
 20
502.445
 11
125.073
 21
502.763
  0
LINE
  8
0
 10
125.073
 20
502.763
 11
125.313
 21
503.054
  0
LINE
  8
0
 10
125.313
 20
503.054
 11
125.588
 21
503.312
  0
LINE
  8
0
 10
125.588
 20
503.312
 11
125.893
 21
503.533
  0
LINE
  8
0
 10
125.893
 20
503.533
 11
126.223
 21
503.714
  0
LINE
  8
0
 10
126.223
 20
503.714
 11
126.573
 21
503.853
  0
LINE
  8
0
 10
126.573
 20
503.853
 11
126.938
 21
503.947
  0
LINE
  8
0
 10
126.938
 20
503.947
 11
127.312
 21
503.994
  0
LINE
  8
0
 10
127.312
 20
503.994
 11
127.688
 21
503.994
  0
LINE
  8
0
 10
127.688
 20
503.994
 11
128.062
 21
503.947
  0
LINE
  8
0
 10
128.062
 20
503.947
 11
128.427
 21
503.853
  0
LINE
  8
0
 10
128.427
 20
503.853
 11
128.777
 21
503.714
  0
LINE
  8
0
 10
128.777
 20
503.714
 11
129.107
 21
503.533
  0
LINE
  8
0
 10
129.107
 20
503.533
 11
129.412
 21
503.312
  0
LINE
  8
0
 10
129.412
 20
503.312
 11
129.687
 21
503.054
  0
LINE
  8
0
 10
129.687
 20
503.054
 11
129.927
 21
502.763
  0
LINE
  8
0
 10
129.927
 20
502.763
 11
130.129
 21
502.445
  0
LINE
  8
0
 10
130.129
 20
502.445
 11
130.289
 21
502.104
  0
LINE
  8
0
 10
130.289
 20
502.104
 11
130.406
 21
501.746
  0
LINE
  8
0
 10
130.406
 20
501.746
 11
130.476
 21
501.376
  0
LINE
  8
0
 10
130.476
 20
501.376
 11
130.5
 21
501
  0
LINE
  8
0
 10
130.5
 20
501
 11
130.476
 21
500.624
  0
LINE
  8
0
 10
130.476
 20
500.624
 11
130.406
 21
500.254
  0
LINE
  8
0
 10
130.406
 20
500.254
 11
130.289
 21
499.896
  0
LINE
  8
0
 10
130.289
 20
499.896
 11
130.129
 21
499.555
  0
LINE
  8
0
 10
130.129
 20
499.555
 11
129.927
 21
499.237
  0
LINE
  8
0
 10
129.927
 20
499.237
 11
129.687
 21
498.946
  0
LINE
  8
0
 10
129.687
 20
498.946
 11
129.412
 21
498.688
  0
LINE
  8
0
 10
129.412
 20
498.688
 11
129.107
 21
498.467
  0
LINE
  8
0
 10
129.107
 20
498.467
 11
128.777
 21
498.286
  0
LINE
  8
0
 10
128.777
 20
498.286
 11
128.427
 21
498.147
  0
LINE
  8
0
 10
128.427
 20
498.147
 11
128.062
 21
498.053
  0
LINE
  8
0
 10
128.062
 20
498.053
 11
127.688
 21
498.006
  0
LINE
  8
0
 10
127.688
 20
498.006
 11
127.312
 21
498.006
  0
LINE
  8
0
 10
-127.594
 20
492.003
 11
-127.781
 21
492.027
  0
LINE
  8
0
 10
-127.781
 20
492.027
 11
-127.964
 21
492.073
  0
LINE
  8
0
 10
-127.964
 20
492.073
 11
-128.139
 21
492.143
  0
LINE
  8
0
 10
-128.139
 20
492.143
 11
-128.304
 21
492.234
  0
LINE
  8
0
 10
-128.304
 20
492.234
 11
-128.456
 21
492.344
  0
LINE
  8
0
 10
-128.456
 20
492.344
 11
-128.593
 21
492.473
  0
LINE
  8
0
 10
-128.593
 20
492.473
 11
-128.714
 21
492.618
  0
LINE
  8
0
 10
-128.714
 20
492.618
 11
-128.814
 21
492.777
  0
LINE
  8
0
 10
-128.814
 20
492.777
 11
-128.895
 21
492.948
  0
LINE
  8
0
 10
-128.895
 20
492.948
 11
-128.953
 21
493.127
  0
LINE
  8
0
 10
-128.953
 20
493.127
 11
-128.988
 21
493.312
  0
LINE
  8
0
 10
-128.988
 20
493.312
 11
-129
 21
493.5
  0
LINE
  8
0
 10
-129
 20
493.5
 11
-128.988
 21
493.688
  0
LINE
  8
0
 10
-128.988
 20
493.688
 11
-128.953
 21
493.873
  0
LINE
  8
0
 10
-128.953
 20
493.873
 11
-128.895
 21
494.052
  0
LINE
  8
0
 10
-128.895
 20
494.052
 11
-128.814
 21
494.223
  0
LINE
  8
0
 10
-128.814
 20
494.223
 11
-128.714
 21
494.382
  0
LINE
  8
0
 10
-128.714
 20
494.382
 11
-128.593
 21
494.527
  0
LINE
  8
0
 10
-128.593
 20
494.527
 11
-128.456
 21
494.656
  0
LINE
  8
0
 10
-128.456
 20
494.656
 11
-128.304
 21
494.766
  0
LINE
  8
0
 10
-128.304
 20
494.766
 11
-128.139
 21
494.857
  0
LINE
  8
0
 10
-128.139
 20
494.857
 11
-127.964
 21
494.927
  0
LINE
  8
0
 10
-127.964
 20
494.927
 11
-127.781
 21
494.973
  0
LINE
  8
0
 10
-127.781
 20
494.973
 11
-127.594
 21
494.997
  0
LINE
  8
0
 10
-127.594
 20
494.997
 11
-127.406
 21
494.997
  0
LINE
  8
0
 10
-127.406
 20
494.997
 11
-127.219
 21
494.973
  0
LINE
  8
0
 10
-127.219
 20
494.973
 11
-127.036
 21
494.927
  0
LINE
  8
0
 10
-127.036
 20
494.927
 11
-126.861
 21
494.857
  0
LINE
  8
0
 10
-126.861
 20
494.857
 11
-126.696
 21
494.766
  0
LINE
  8
0
 10
-126.696
 20
494.766
 11
-126.544
 21
494.656
  0
LINE
  8
0
 10
-126.544
 20
494.656
 11
-126.407
 21
494.527
  0
LINE
  8
0
 10
-126.407
 20
494.527
 11
-126.286
 21
494.382
  0
LINE
  8
0
 10
-126.286
 20
494.382
 11
-126.186
 21
494.223
  0
LINE
  8
0
 10
-126.186
 20
494.223
 11
-126.105
 21
494.052
  0
LINE
  8
0
 10
-126.105
 20
494.052
 11
-126.047
 21
493.873
  0
LINE
  8
0
 10
-126.047
 20
493.873
 11
-126.012
 21
493.688
  0
LINE
  8
0
 10
-126.012
 20
493.688
 11
-126
 21
493.5
  0
LINE
  8
0
 10
-126
 20
493.5
 11
-126.012
 21
493.312
  0
LINE
  8
0
 10
-126.012
 20
493.312
 11
-126.047
 21
493.127
  0
LINE
  8
0
 10
-126.047
 20
493.127
 11
-126.105
 21
492.948
  0
LINE
  8
0
 10
-126.105
 20
492.948
 11
-126.186
 21
492.777
  0
LINE
  8
0
 10
-126.186
 20
492.777
 11
-126.286
 21
492.618
  0
LINE
  8
0
 10
-126.286
 20
492.618
 11
-126.407
 21
492.473
  0
LINE
  8
0
 10
-126.407
 20
492.473
 11
-126.544
 21
492.344
  0
LINE
  8
0
 10
-126.544
 20
492.344
 11
-126.696
 21
492.234
  0
LINE
  8
0
 10
-126.696
 20
492.234
 11
-126.861
 21
492.143
  0
LINE
  8
0
 10
-126.861
 20
492.143
 11
-127.036
 21
492.073
  0
LINE
  8
0
 10
-127.036
 20
492.073
 11
-127.219
 21
492.027
  0
LINE
  8
0
 10
-127.219
 20
492.027
 11
-127.406
 21
492.003
  0
LINE
  8
0
 10
-127.406
 20
492.003
 11
-127.594
 21
492.003
  0
LINE
  8
0
 10
127.406
 20
492.003
 11
127.219
 21
492.027
  0
LINE
  8
0
 10
127.219
 20
492.027
 11
127.036
 21
492.073
  0
LINE
  8
0
 10
127.036
 20
492.073
 11
126.861
 21
492.143
  0
LINE
  8
0
 10
126.861
 20
492.143
 11
126.696
 21
492.234
  0
LINE
  8
0
 10
126.696
 20
492.234
 11
126.544
 21
492.344
  0
LINE
  8
0
 10
126.544
 20
492.344
 11
126.407
 21
492.473
  0
LINE
  8
0
 10
126.407
 20
492.473
 11
126.286
 21
492.618
  0
LINE
  8
0
 10
126.286
 20
492.618
 11
126.186
 21
492.777
  0
LINE
  8
0
 10
126.186
 20
492.777
 11
126.105
 21
492.948
  0
LINE
  8
0
 10
126.105
 20
492.948
 11
126.047
 21
493.127
  0
LINE
  8
0
 10
126.047
 20
493.127
 11
126.012
 21
493.312
  0
LINE
  8
0
 10
126.012
 20
493.312
 11
126
 21
493.5
  0
LINE
  8
0
 10
126
 20
493.5
 11
126.012
 21
493.688
  0
LINE
  8
0
 10
126.012
 20
493.688
 11
126.047
 21
493.873
  0
LINE
  8
0
 10
126.047
 20
493.873
 11
126.105
 21
494.052
  0
LINE
  8
0
 10
126.105
 20
494.052
 11
126.186
 21
494.223
  0
LINE
  8
0
 10
126.186
 20
494.223
 11
126.286
 21
494.382
  0
LINE
  8
0
 10
126.286
 20
494.382
 11
126.407
 21
494.527
  0
LINE
  8
0
 10
126.407
 20
494.527
 11
126.544
 21
494.656
  0
LINE
  8
0
 10
126.544
 20
494.656
 11
126.696
 21
494.766
  0
LINE
  8
0
 10
126.696
 20
494.766
 11
126.861
 21
494.857
  0
LINE
  8
0
 10
126.861
 20
494.857
 11
127.036
 21
494.927
  0
LINE
  8
0
 10
127.036
 20
494.927
 11
127.219
 21
494.973
  0
LINE
  8
0
 10
127.219
 20
494.973
 11
127.406
 21
494.997
  0
LINE
  8
0
 10
127.406
 20
494.997
 11
127.594
 21
494.997
  0
LINE
  8
0
 10
127.594
 20
494.997
 11
127.781
 21
494.973
  0
LINE
  8
0
 10
127.781
 20
494.973
 11
127.964
 21
494.927
  0
LINE
  8
0
 10
127.964
 20
494.927
 11
128.139
 21
494.857
  0
LINE
  8
0
 10
128.139
 20
494.857
 11
128.304
 21
494.766
  0
LINE
  8
0
 10
128.304
 20
494.766
 11
128.456
 21
494.656
  0
LINE
  8
0
 10
128.456
 20
494.656
 11
128.593
 21
494.527
  0
LINE
  8
0
 10
128.593
 20
494.527
 11
128.714
 21
494.382
  0
LINE
  8
0
 10
128.714
 20
494.382
 11
128.814
 21
494.223
  0
LINE
  8
0
 10
128.814
 20
494.223
 11
128.895
 21
494.052
  0
LINE
  8
0
 10
128.895
 20
494.052
 11
128.953
 21
493.873
  0
LINE
  8
0
 10
128.953
 20
493.873
 11
128.988
 21
493.688
  0
LINE
  8
0
 10
128.988
 20
493.688
 11
129
 21
493.5
  0
LINE
  8
0
 10
129
 20
493.5
 11
128.988
 21
493.312
  0
LINE
  8
0
 10
128.988
 20
493.312
 11
128.953
 21
493.127
  0
LINE
  8
0
 10
128.953
 20
493.127
 11
128.895
 21
492.948
  0
LINE
  8
0
 10
128.895
 20
492.948
 11
128.814
 21
492.777
  0
LINE
  8
0
 10
128.814
 20
492.777
 11
128.714
 21
492.618
  0
LINE
  8
0
 10
128.714
 20
492.618
 11
128.593
 21
492.473
  0
LINE
  8
0
 10
128.593
 20
492.473
 11
128.456
 21
492.344
  0
LINE
  8
0
 10
128.456
 20
492.344
 11
128.304
 21
492.234
  0
LINE
  8
0
 10
128.304
 20
492.234
 11
128.139
 21
492.143
  0
LINE
  8
0
 10
128.139
 20
492.143
 11
127.964
 21
492.073
  0
LINE
  8
0
 10
127.964
 20
492.073
 11
127.781
 21
492.027
  0
LINE
  8
0
 10
127.781
 20
492.027
 11
127.594
 21
492.003
  0
LINE
  8
0
 10
127.594
 20
492.003
 11
127.406
 21
492.003
  0
LINE
  8
0
 10
-127.688
 20
483.006
 11
-128.062
 21
483.053
  0
LINE
  8
0
 10
-128.062
 20
483.053
 11
-128.427
 21
483.147
  0
LINE
  8
0
 10
-128.427
 20
483.147
 11
-128.777
 21
483.286
  0
LINE
  8
0
 10
-128.777
 20
483.286
 11
-129.107
 21
483.467
  0
LINE
  8
0
 10
-129.107
 20
483.467
 11
-129.412
 21
483.688
  0
LINE
  8
0
 10
-129.412
 20
483.688
 11
-129.687
 21
483.946
  0
LINE
  8
0
 10
-129.687
 20
483.946
 11
-129.927
 21
484.237
  0
LINE
  8
0
 10
-129.927
 20
484.237
 11
-130.129
 21
484.555
  0
LINE
  8
0
 10
-130.129
 20
484.555
 11
-130.289
 21
484.896
  0
LINE
  8
0
 10
-130.289
 20
484.896
 11
-130.406
 21
485.254
  0
LINE
  8
0
 10
-130.406
 20
485.254
 11
-130.476
 21
485.624
  0
LINE
  8
0
 10
-130.476
 20
485.624
 11
-130.5
 21
486
  0
LINE
  8
0
 10
-130.5
 20
486
 11
-130.476
 21
486.376
  0
LINE
  8
0
 10
-130.476
 20
486.376
 11
-130.406
 21
486.746
  0
LINE
  8
0
 10
-130.406
 20
486.746
 11
-130.289
 21
487.104
  0
LINE
  8
0
 10
-130.289
 20
487.104
 11
-130.129
 21
487.445
  0
LINE
  8
0
 10
-130.129
 20
487.445
 11
-129.927
 21
487.763
  0
LINE
  8
0
 10
-129.927
 20
487.763
 11
-129.687
 21
488.054
  0
LINE
  8
0
 10
-129.687
 20
488.054
 11
-129.412
 21
488.312
  0
LINE
  8
0
 10
-129.412
 20
488.312
 11
-129.107
 21
488.533
  0
LINE
  8
0
 10
-129.107
 20
488.533
 11
-128.777
 21
488.714
  0
LINE
  8
0
 10
-128.777
 20
488.714
 11
-128.427
 21
488.853
  0
LINE
  8
0
 10
-128.427
 20
488.853
 11
-128.062
 21
488.947
  0
LINE
  8
0
 10
-128.062
 20
488.947
 11
-127.688
 21
488.994
  0
LINE
  8
0
 10
-127.688
 20
488.994
 11
-127.312
 21
488.994
  0
LINE
  8
0
 10
-127.312
 20
488.994
 11
-126.938
 21
488.947
  0
LINE
  8
0
 10
-126.938
 20
488.947
 11
-126.573
 21
488.853
  0
LINE
  8
0
 10
-126.573
 20
488.853
 11
-126.223
 21
488.714
  0
LINE
  8
0
 10
-126.223
 20
488.714
 11
-125.893
 21
488.533
  0
LINE
  8
0
 10
-125.893
 20
488.533
 11
-125.588
 21
488.312
  0
LINE
  8
0
 10
-125.588
 20
488.312
 11
-125.313
 21
488.054
  0
LINE
  8
0
 10
-125.313
 20
488.054
 11
-125.073
 21
487.763
  0
LINE
  8
0
 10
-125.073
 20
487.763
 11
-124.871
 21
487.445
  0
LINE
  8
0
 10
-124.871
 20
487.445
 11
-124.711
 21
487.104
  0
LINE
  8
0
 10
-124.711
 20
487.104
 11
-124.594
 21
486.746
  0
LINE
  8
0
 10
-124.594
 20
486.746
 11
-124.524
 21
486.376
  0
LINE
  8
0
 10
-124.524
 20
486.376
 11
-124.5
 21
486
  0
LINE
  8
0
 10
-124.5
 20
486
 11
-124.524
 21
485.624
  0
LINE
  8
0
 10
-124.524
 20
485.624
 11
-124.594
 21
485.254
  0
LINE
  8
0
 10
-124.594
 20
485.254
 11
-124.711
 21
484.896
  0
LINE
  8
0
 10
-124.711
 20
484.896
 11
-124.871
 21
484.555
  0
LINE
  8
0
 10
-124.871
 20
484.555
 11
-125.073
 21
484.237
  0
LINE
  8
0
 10
-125.073
 20
484.237
 11
-125.313
 21
483.946
  0
LINE
  8
0
 10
-125.313
 20
483.946
 11
-125.588
 21
483.688
  0
LINE
  8
0
 10
-125.588
 20
483.688
 11
-125.893
 21
483.467
  0
LINE
  8
0
 10
-125.893
 20
483.467
 11
-126.223
 21
483.286
  0
LINE
  8
0
 10
-126.223
 20
483.286
 11
-126.573
 21
483.147
  0
LINE
  8
0
 10
-126.573
 20
483.147
 11
-126.938
 21
483.053
  0
LINE
  8
0
 10
-126.938
 20
483.053
 11
-127.312
 21
483.006
  0
LINE
  8
0
 10
-127.312
 20
483.006
 11
-127.688
 21
483.006
  0
LINE
  8
0
 10
127.312
 20
483.006
 11
126.938
 21
483.053
  0
LINE
  8
0
 10
126.938
 20
483.053
 11
126.573
 21
483.147
  0
LINE
  8
0
 10
126.573
 20
483.147
 11
126.223
 21
483.286
  0
LINE
  8
0
 10
126.223
 20
483.286
 11
125.893
 21
483.467
  0
LINE
  8
0
 10
125.893
 20
483.467
 11
125.588
 21
483.688
  0
LINE
  8
0
 10
125.588
 20
483.688
 11
125.313
 21
483.946
  0
LINE
  8
0
 10
125.313
 20
483.946
 11
125.073
 21
484.237
  0
LINE
  8
0
 10
125.073
 20
484.237
 11
124.871
 21
484.555
  0
LINE
  8
0
 10
124.871
 20
484.555
 11
124.711
 21
484.896
  0
LINE
  8
0
 10
124.711
 20
484.896
 11
124.594
 21
485.254
  0
LINE
  8
0
 10
124.594
 20
485.254
 11
124.524
 21
485.624
  0
LINE
  8
0
 10
124.524
 20
485.624
 11
124.5
 21
486
  0
LINE
  8
0
 10
124.5
 20
486
 11
124.524
 21
486.376
  0
LINE
  8
0
 10
124.524
 20
486.376
 11
124.594
 21
486.746
  0
LINE
  8
0
 10
124.594
 20
486.746
 11
124.711
 21
487.104
  0
LINE
  8
0
 10
124.711
 20
487.104
 11
124.871
 21
487.445
  0
LINE
  8
0
 10
124.871
 20
487.445
 11
125.073
 21
487.763
  0
LINE
  8
0
 10
125.073
 20
487.763
 11
125.313
 21
488.054
  0
LINE
  8
0
 10
125.313
 20
488.054
 11
125.588
 21
488.312
  0
LINE
  8
0
 10
125.588
 20
488.312
 11
125.893
 21
488.533
  0
LINE
  8
0
 10
125.893
 20
488.533
 11
126.223
 21
488.714
  0
LINE
  8
0
 10
126.223
 20
488.714
 11
126.573
 21
488.853
  0
LINE
  8
0
 10
126.573
 20
488.853
 11
126.938
 21
488.947
  0
LINE
  8
0
 10
126.938
 20
488.947
 11
127.312
 21
488.994
  0
LINE
  8
0
 10
127.312
 20
488.994
 11
127.688
 21
488.994
  0
LINE
  8
0
 10
127.688
 20
488.994
 11
128.062
 21
488.947
  0
LINE
  8
0
 10
128.062
 20
488.947
 11
128.427
 21
488.853
  0
LINE
  8
0
 10
128.427
 20
488.853
 11
128.777
 21
488.714
  0
LINE
  8
0
 10
128.777
 20
488.714
 11
129.107
 21
488.533
  0
LINE
  8
0
 10
129.107
 20
488.533
 11
129.412
 21
488.312
  0
LINE
  8
0
 10
129.412
 20
488.312
 11
129.687
 21
488.054
  0
LINE
  8
0
 10
129.687
 20
488.054
 11
129.927
 21
487.763
  0
LINE
  8
0
 10
129.927
 20
487.763
 11
130.129
 21
487.445
  0
LINE
  8
0
 10
130.129
 20
487.445
 11
130.289
 21
487.104
  0
LINE
  8
0
 10
130.289
 20
487.104
 11
130.406
 21
486.746
  0
LINE
  8
0
 10
130.406
 20
486.746
 11
130.476
 21
486.376
  0
LINE
  8
0
 10
130.476
 20
486.376
 11
130.5
 21
486
  0
LINE
  8
0
 10
130.5
 20
486
 11
130.476
 21
485.624
  0
LINE
  8
0
 10
130.476
 20
485.624
 11
130.406
 21
485.254
  0
LINE
  8
0
 10
130.406
 20
485.254
 11
130.289
 21
484.896
  0
LINE
  8
0
 10
130.289
 20
484.896
 11
130.129
 21
484.555
  0
LINE
  8
0
 10
130.129
 20
484.555
 11
129.927
 21
484.237
  0
LINE
  8
0
 10
129.927
 20
484.237
 11
129.687
 21
483.946
  0
LINE
  8
0
 10
129.687
 20
483.946
 11
129.412
 21
483.688
  0
LINE
  8
0
 10
129.412
 20
483.688
 11
129.107
 21
483.467
  0
LINE
  8
0
 10
129.107
 20
483.467
 11
128.777
 21
483.286
  0
LINE
  8
0
 10
128.777
 20
483.286
 11
128.427
 21
483.147
  0
LINE
  8
0
 10
128.427
 20
483.147
 11
128.062
 21
483.053
  0
LINE
  8
0
 10
128.062
 20
483.053
 11
127.688
 21
483.006
  0
LINE
  8
0
 10
127.688
 20
483.006
 11
127.312
 21
483.006
  0
LINE
  8
0
 10
127.406
 20
477.003
 11
127.219
 21
477.027
  0
LINE
  8
0
 10
127.219
 20
477.027
 11
127.036
 21
477.073
  0
LINE
  8
0
 10
127.036
 20
477.073
 11
126.861
 21
477.143
  0
LINE
  8
0
 10
126.861
 20
477.143
 11
126.696
 21
477.234
  0
LINE
  8
0
 10
126.696
 20
477.234
 11
126.544
 21
477.344
  0
LINE
  8
0
 10
126.544
 20
477.344
 11
126.407
 21
477.473
  0
LINE
  8
0
 10
126.407
 20
477.473
 11
126.286
 21
477.618
  0
LINE
  8
0
 10
126.286
 20
477.618
 11
126.186
 21
477.777
  0
LINE
  8
0
 10
126.186
 20
477.777
 11
126.105
 21
477.948
  0
LINE
  8
0
 10
126.105
 20
477.948
 11
126.047
 21
478.127
  0
LINE
  8
0
 10
126.047
 20
478.127
 11
126.012
 21
478.312
  0
LINE
  8
0
 10
126.012
 20
478.312
 11
126
 21
478.5
  0
LINE
  8
0
 10
126
 20
478.5
 11
126.012
 21
478.688
  0
LINE
  8
0
 10
126.012
 20
478.688
 11
126.047
 21
478.873
  0
LINE
  8
0
 10
126.047
 20
478.873
 11
126.105
 21
479.052
  0
LINE
  8
0
 10
126.105
 20
479.052
 11
126.186
 21
479.223
  0
LINE
  8
0
 10
126.186
 20
479.223
 11
126.286
 21
479.382
  0
LINE
  8
0
 10
126.286
 20
479.382
 11
126.407
 21
479.527
  0
LINE
  8
0
 10
126.407
 20
479.527
 11
126.544
 21
479.656
  0
LINE
  8
0
 10
126.544
 20
479.656
 11
126.696
 21
479.766
  0
LINE
  8
0
 10
126.696
 20
479.766
 11
126.861
 21
479.857
  0
LINE
  8
0
 10
126.861
 20
479.857
 11
127.036
 21
479.927
  0
LINE
  8
0
 10
127.036
 20
479.927
 11
127.219
 21
479.973
  0
LINE
  8
0
 10
127.219
 20
479.973
 11
127.406
 21
479.997
  0
LINE
  8
0
 10
127.406
 20
479.997
 11
127.594
 21
479.997
  0
LINE
  8
0
 10
127.594
 20
479.997
 11
127.781
 21
479.973
  0
LINE
  8
0
 10
127.781
 20
479.973
 11
127.964
 21
479.927
  0
LINE
  8
0
 10
127.964
 20
479.927
 11
128.139
 21
479.857
  0
LINE
  8
0
 10
128.139
 20
479.857
 11
128.304
 21
479.766
  0
LINE
  8
0
 10
128.304
 20
479.766
 11
128.456
 21
479.656
  0
LINE
  8
0
 10
128.456
 20
479.656
 11
128.593
 21
479.527
  0
LINE
  8
0
 10
128.593
 20
479.527
 11
128.714
 21
479.382
  0
LINE
  8
0
 10
128.714
 20
479.382
 11
128.814
 21
479.223
  0
LINE
  8
0
 10
128.814
 20
479.223
 11
128.895
 21
479.052
  0
LINE
  8
0
 10
128.895
 20
479.052
 11
128.953
 21
478.873
  0
LINE
  8
0
 10
128.953
 20
478.873
 11
128.988
 21
478.688
  0
LINE
  8
0
 10
128.988
 20
478.688
 11
129
 21
478.5
  0
LINE
  8
0
 10
129
 20
478.5
 11
128.988
 21
478.312
  0
LINE
  8
0
 10
128.988
 20
478.312
 11
128.953
 21
478.127
  0
LINE
  8
0
 10
128.953
 20
478.127
 11
128.895
 21
477.948
  0
LINE
  8
0
 10
128.895
 20
477.948
 11
128.814
 21
477.777
  0
LINE
  8
0
 10
128.814
 20
477.777
 11
128.714
 21
477.618
  0
LINE
  8
0
 10
128.714
 20
477.618
 11
128.593
 21
477.473
  0
LINE
  8
0
 10
128.593
 20
477.473
 11
128.456
 21
477.344
  0
LINE
  8
0
 10
128.456
 20
477.344
 11
128.304
 21
477.234
  0
LINE
  8
0
 10
128.304
 20
477.234
 11
128.139
 21
477.143
  0
LINE
  8
0
 10
128.139
 20
477.143
 11
127.964
 21
477.073
  0
LINE
  8
0
 10
127.964
 20
477.073
 11
127.781
 21
477.027
  0
LINE
  8
0
 10
127.781
 20
477.027
 11
127.594
 21
477.003
  0
LINE
  8
0
 10
127.594
 20
477.003
 11
127.406
 21
477.003
  0
LINE
  8
0
 10
-127.594
 20
477.003
 11
-127.781
 21
477.027
  0
LINE
  8
0
 10
-127.781
 20
477.027
 11
-127.964
 21
477.073
  0
LINE
  8
0
 10
-127.964
 20
477.073
 11
-128.139
 21
477.143
  0
LINE
  8
0
 10
-128.139
 20
477.143
 11
-128.304
 21
477.234
  0
LINE
  8
0
 10
-128.304
 20
477.234
 11
-128.456
 21
477.344
  0
LINE
  8
0
 10
-128.456
 20
477.344
 11
-128.593
 21
477.473
  0
LINE
  8
0
 10
-128.593
 20
477.473
 11
-128.714
 21
477.618
  0
LINE
  8
0
 10
-128.714
 20
477.618
 11
-128.814
 21
477.777
  0
LINE
  8
0
 10
-128.814
 20
477.777
 11
-128.895
 21
477.948
  0
LINE
  8
0
 10
-128.895
 20
477.948
 11
-128.953
 21
478.127
  0
LINE
  8
0
 10
-128.953
 20
478.127
 11
-128.988
 21
478.312
  0
LINE
  8
0
 10
-128.988
 20
478.312
 11
-129
 21
478.5
  0
LINE
  8
0
 10
-129
 20
478.5
 11
-128.988
 21
478.688
  0
LINE
  8
0
 10
-128.988
 20
478.688
 11
-128.953
 21
478.873
  0
LINE
  8
0
 10
-128.953
 20
478.873
 11
-128.895
 21
479.052
  0
LINE
  8
0
 10
-128.895
 20
479.052
 11
-128.814
 21
479.223
  0
LINE
  8
0
 10
-128.814
 20
479.223
 11
-128.714
 21
479.382
  0
LINE
  8
0
 10
-128.714
 20
479.382
 11
-128.593
 21
479.527
  0
LINE
  8
0
 10
-128.593
 20
479.527
 11
-128.456
 21
479.656
  0
LINE
  8
0
 10
-128.456
 20
479.656
 11
-128.304
 21
479.766
  0
LINE
  8
0
 10
-128.304
 20
479.766
 11
-128.139
 21
479.857
  0
LINE
  8
0
 10
-128.139
 20
479.857
 11
-127.964
 21
479.927
  0
LINE
  8
0
 10
-127.964
 20
479.927
 11
-127.781
 21
479.973
  0
LINE
  8
0
 10
-127.781
 20
479.973
 11
-127.594
 21
479.997
  0
LINE
  8
0
 10
-127.594
 20
479.997
 11
-127.406
 21
479.997
  0
LINE
  8
0
 10
-127.406
 20
479.997
 11
-127.219
 21
479.973
  0
LINE
  8
0
 10
-127.219
 20
479.973
 11
-127.036
 21
479.927
  0
LINE
  8
0
 10
-127.036
 20
479.927
 11
-126.861
 21
479.857
  0
LINE
  8
0
 10
-126.861
 20
479.857
 11
-126.696
 21
479.766
  0
LINE
  8
0
 10
-126.696
 20
479.766
 11
-126.544
 21
479.656
  0
LINE
  8
0
 10
-126.544
 20
479.656
 11
-126.407
 21
479.527
  0
LINE
  8
0
 10
-126.407
 20
479.527
 11
-126.286
 21
479.382
  0
LINE
  8
0
 10
-126.286
 20
479.382
 11
-126.186
 21
479.223
  0
LINE
  8
0
 10
-126.186
 20
479.223
 11
-126.105
 21
479.052
  0
LINE
  8
0
 10
-126.105
 20
479.052
 11
-126.047
 21
478.873
  0
LINE
  8
0
 10
-126.047
 20
478.873
 11
-126.012
 21
478.688
  0
LINE
  8
0
 10
-126.012
 20
478.688
 11
-126
 21
478.5
  0
LINE
  8
0
 10
-126
 20
478.5
 11
-126.012
 21
478.312
  0
LINE
  8
0
 10
-126.012
 20
478.312
 11
-126.047
 21
478.127
  0
LINE
  8
0
 10
-126.047
 20
478.127
 11
-126.105
 21
477.948
  0
LINE
  8
0
 10
-126.105
 20
477.948
 11
-126.186
 21
477.777
  0
LINE
  8
0
 10
-126.186
 20
477.777
 11
-126.286
 21
477.618
  0
LINE
  8
0
 10
-126.286
 20
477.618
 11
-126.407
 21
477.473
  0
LINE
  8
0
 10
-126.407
 20
477.473
 11
-126.544
 21
477.344
  0
LINE
  8
0
 10
-126.544
 20
477.344
 11
-126.696
 21
477.234
  0
LINE
  8
0
 10
-126.696
 20
477.234
 11
-126.861
 21
477.143
  0
LINE
  8
0
 10
-126.861
 20
477.143
 11
-127.036
 21
477.073
  0
LINE
  8
0
 10
-127.036
 20
477.073
 11
-127.219
 21
477.027
  0
LINE
  8
0
 10
-127.219
 20
477.027
 11
-127.406
 21
477.003
  0
LINE
  8
0
 10
-127.406
 20
477.003
 11
-127.594
 21
477.003
  0
LINE
  8
0
 10
127.312
 20
468.006
 11
126.938
 21
468.053
  0
LINE
  8
0
 10
126.938
 20
468.053
 11
126.573
 21
468.147
  0
LINE
  8
0
 10
126.573
 20
468.147
 11
126.223
 21
468.286
  0
LINE
  8
0
 10
126.223
 20
468.286
 11
125.893
 21
468.467
  0
LINE
  8
0
 10
125.893
 20
468.467
 11
125.588
 21
468.688
  0
LINE
  8
0
 10
125.588
 20
468.688
 11
125.313
 21
468.946
  0
LINE
  8
0
 10
125.313
 20
468.946
 11
125.073
 21
469.237
  0
LINE
  8
0
 10
125.073
 20
469.237
 11
124.871
 21
469.555
  0
LINE
  8
0
 10
124.871
 20
469.555
 11
124.711
 21
469.896
  0
LINE
  8
0
 10
124.711
 20
469.896
 11
124.594
 21
470.254
  0
LINE
  8
0
 10
124.594
 20
470.254
 11
124.524
 21
470.624
  0
LINE
  8
0
 10
124.524
 20
470.624
 11
124.5
 21
471
  0
LINE
  8
0
 10
124.5
 20
471
 11
124.524
 21
471.376
  0
LINE
  8
0
 10
124.524
 20
471.376
 11
124.594
 21
471.746
  0
LINE
  8
0
 10
124.594
 20
471.746
 11
124.711
 21
472.104
  0
LINE
  8
0
 10
124.711
 20
472.104
 11
124.871
 21
472.445
  0
LINE
  8
0
 10
124.871
 20
472.445
 11
125.073
 21
472.763
  0
LINE
  8
0
 10
125.073
 20
472.763
 11
125.313
 21
473.054
  0
LINE
  8
0
 10
125.313
 20
473.054
 11
125.588
 21
473.312
  0
LINE
  8
0
 10
125.588
 20
473.312
 11
125.893
 21
473.533
  0
LINE
  8
0
 10
125.893
 20
473.533
 11
126.223
 21
473.714
  0
LINE
  8
0
 10
126.223
 20
473.714
 11
126.573
 21
473.853
  0
LINE
  8
0
 10
126.573
 20
473.853
 11
126.938
 21
473.947
  0
LINE
  8
0
 10
126.938
 20
473.947
 11
127.312
 21
473.994
  0
LINE
  8
0
 10
127.312
 20
473.994
 11
127.688
 21
473.994
  0
LINE
  8
0
 10
127.688
 20
473.994
 11
128.062
 21
473.947
  0
LINE
  8
0
 10
128.062
 20
473.947
 11
128.427
 21
473.853
  0
LINE
  8
0
 10
128.427
 20
473.853
 11
128.777
 21
473.714
  0
LINE
  8
0
 10
128.777
 20
473.714
 11
129.107
 21
473.533
  0
LINE
  8
0
 10
129.107
 20
473.533
 11
129.412
 21
473.312
  0
LINE
  8
0
 10
129.412
 20
473.312
 11
129.687
 21
473.054
  0
LINE
  8
0
 10
129.687
 20
473.054
 11
129.927
 21
472.763
  0
LINE
  8
0
 10
129.927
 20
472.763
 11
130.129
 21
472.445
  0
LINE
  8
0
 10
130.129
 20
472.445
 11
130.289
 21
472.104
  0
LINE
  8
0
 10
130.289
 20
472.104
 11
130.406
 21
471.746
  0
LINE
  8
0
 10
130.406
 20
471.746
 11
130.476
 21
471.376
  0
LINE
  8
0
 10
130.476
 20
471.376
 11
130.5
 21
471
  0
LINE
  8
0
 10
130.5
 20
471
 11
130.476
 21
470.624
  0
LINE
  8
0
 10
130.476
 20
470.624
 11
130.406
 21
470.254
  0
LINE
  8
0
 10
130.406
 20
470.254
 11
130.289
 21
469.896
  0
LINE
  8
0
 10
130.289
 20
469.896
 11
130.129
 21
469.555
  0
LINE
  8
0
 10
130.129
 20
469.555
 11
129.927
 21
469.237
  0
LINE
  8
0
 10
129.927
 20
469.237
 11
129.687
 21
468.946
  0
LINE
  8
0
 10
129.687
 20
468.946
 11
129.412
 21
468.688
  0
LINE
  8
0
 10
129.412
 20
468.688
 11
129.107
 21
468.467
  0
LINE
  8
0
 10
129.107
 20
468.467
 11
128.777
 21
468.286
  0
LINE
  8
0
 10
128.777
 20
468.286
 11
128.427
 21
468.147
  0
LINE
  8
0
 10
128.427
 20
468.147
 11
128.062
 21
468.053
  0
LINE
  8
0
 10
128.062
 20
468.053
 11
127.688
 21
468.006
  0
LINE
  8
0
 10
127.688
 20
468.006
 11
127.312
 21
468.006
  0
LINE
  8
0
 10
-127.688
 20
468.006
 11
-128.062
 21
468.053
  0
LINE
  8
0
 10
-128.062
 20
468.053
 11
-128.427
 21
468.147
  0
LINE
  8
0
 10
-128.427
 20
468.147
 11
-128.777
 21
468.286
  0
LINE
  8
0
 10
-128.777
 20
468.286
 11
-129.107
 21
468.467
  0
LINE
  8
0
 10
-129.107
 20
468.467
 11
-129.412
 21
468.688
  0
LINE
  8
0
 10
-129.412
 20
468.688
 11
-129.687
 21
468.946
  0
LINE
  8
0
 10
-129.687
 20
468.946
 11
-129.927
 21
469.237
  0
LINE
  8
0
 10
-129.927
 20
469.237
 11
-130.129
 21
469.555
  0
LINE
  8
0
 10
-130.129
 20
469.555
 11
-130.289
 21
469.896
  0
LINE
  8
0
 10
-130.289
 20
469.896
 11
-130.406
 21
470.254
  0
LINE
  8
0
 10
-130.406
 20
470.254
 11
-130.476
 21
470.624
  0
LINE
  8
0
 10
-130.476
 20
470.624
 11
-130.5
 21
471
  0
LINE
  8
0
 10
-130.5
 20
471
 11
-130.476
 21
471.376
  0
LINE
  8
0
 10
-130.476
 20
471.376
 11
-130.406
 21
471.746
  0
LINE
  8
0
 10
-130.406
 20
471.746
 11
-130.289
 21
472.104
  0
LINE
  8
0
 10
-130.289
 20
472.104
 11
-130.129
 21
472.445
  0
LINE
  8
0
 10
-130.129
 20
472.445
 11
-129.927
 21
472.763
  0
LINE
  8
0
 10
-129.927
 20
472.763
 11
-129.687
 21
473.054
  0
LINE
  8
0
 10
-129.687
 20
473.054
 11
-129.412
 21
473.312
  0
LINE
  8
0
 10
-129.412
 20
473.312
 11
-129.107
 21
473.533
  0
LINE
  8
0
 10
-129.107
 20
473.533
 11
-128.777
 21
473.714
  0
LINE
  8
0
 10
-128.777
 20
473.714
 11
-128.427
 21
473.853
  0
LINE
  8
0
 10
-128.427
 20
473.853
 11
-128.062
 21
473.947
  0
LINE
  8
0
 10
-128.062
 20
473.947
 11
-127.688
 21
473.994
  0
LINE
  8
0
 10
-127.688
 20
473.994
 11
-127.312
 21
473.994
  0
LINE
  8
0
 10
-127.312
 20
473.994
 11
-126.938
 21
473.947
  0
LINE
  8
0
 10
-126.938
 20
473.947
 11
-126.573
 21
473.853
  0
LINE
  8
0
 10
-126.573
 20
473.853
 11
-126.223
 21
473.714
  0
LINE
  8
0
 10
-126.223
 20
473.714
 11
-125.893
 21
473.533
  0
LINE
  8
0
 10
-125.893
 20
473.533
 11
-125.588
 21
473.312
  0
LINE
  8
0
 10
-125.588
 20
473.312
 11
-125.313
 21
473.054
  0
LINE
  8
0
 10
-125.313
 20
473.054
 11
-125.073
 21
472.763
  0
LINE
  8
0
 10
-125.073
 20
472.763
 11
-124.871
 21
472.445
  0
LINE
  8
0
 10
-124.871
 20
472.445
 11
-124.711
 21
472.104
  0
LINE
  8
0
 10
-124.711
 20
472.104
 11
-124.594
 21
471.746
  0
LINE
  8
0
 10
-124.594
 20
471.746
 11
-124.524
 21
471.376
  0
LINE
  8
0
 10
-124.524
 20
471.376
 11
-124.5
 21
471
  0
LINE
  8
0
 10
-124.5
 20
471
 11
-124.524
 21
470.624
  0
LINE
  8
0
 10
-124.524
 20
470.624
 11
-124.594
 21
470.254
  0
LINE
  8
0
 10
-124.594
 20
470.254
 11
-124.711
 21
469.896
  0
LINE
  8
0
 10
-124.711
 20
469.896
 11
-124.871
 21
469.555
  0
LINE
  8
0
 10
-124.871
 20
469.555
 11
-125.073
 21
469.237
  0
LINE
  8
0
 10
-125.073
 20
469.237
 11
-125.313
 21
468.946
  0
LINE
  8
0
 10
-125.313
 20
468.946
 11
-125.588
 21
468.688
  0
LINE
  8
0
 10
-125.588
 20
468.688
 11
-125.893
 21
468.467
  0
LINE
  8
0
 10
-125.893
 20
468.467
 11
-126.223
 21
468.286
  0
LINE
  8
0
 10
-126.223
 20
468.286
 11
-126.573
 21
468.147
  0
LINE
  8
0
 10
-126.573
 20
468.147
 11
-126.938
 21
468.053
  0
LINE
  8
0
 10
-126.938
 20
468.053
 11
-127.312
 21
468.006
  0
LINE
  8
0
 10
-127.312
 20
468.006
 11
-127.688
 21
468.006
  0
LINE
  8
0
 10
-127.594
 20
462.003
 11
-127.781
 21
462.027
  0
LINE
  8
0
 10
-127.781
 20
462.027
 11
-127.964
 21
462.073
  0
LINE
  8
0
 10
-127.964
 20
462.073
 11
-128.139
 21
462.143
  0
LINE
  8
0
 10
-128.139
 20
462.143
 11
-128.304
 21
462.234
  0
LINE
  8
0
 10
-128.304
 20
462.234
 11
-128.456
 21
462.344
  0
LINE
  8
0
 10
-128.456
 20
462.344
 11
-128.593
 21
462.473
  0
LINE
  8
0
 10
-128.593
 20
462.473
 11
-128.714
 21
462.618
  0
LINE
  8
0
 10
-128.714
 20
462.618
 11
-128.814
 21
462.777
  0
LINE
  8
0
 10
-128.814
 20
462.777
 11
-128.895
 21
462.948
  0
LINE
  8
0
 10
-128.895
 20
462.948
 11
-128.953
 21
463.127
  0
LINE
  8
0
 10
-128.953
 20
463.127
 11
-128.988
 21
463.312
  0
LINE
  8
0
 10
-128.988
 20
463.312
 11
-129
 21
463.5
  0
LINE
  8
0
 10
-129
 20
463.5
 11
-128.988
 21
463.688
  0
LINE
  8
0
 10
-128.988
 20
463.688
 11
-128.953
 21
463.873
  0
LINE
  8
0
 10
-128.953
 20
463.873
 11
-128.895
 21
464.052
  0
LINE
  8
0
 10
-128.895
 20
464.052
 11
-128.814
 21
464.223
  0
LINE
  8
0
 10
-128.814
 20
464.223
 11
-128.714
 21
464.382
  0
LINE
  8
0
 10
-128.714
 20
464.382
 11
-128.593
 21
464.527
  0
LINE
  8
0
 10
-128.593
 20
464.527
 11
-128.456
 21
464.656
  0
LINE
  8
0
 10
-128.456
 20
464.656
 11
-128.304
 21
464.766
  0
LINE
  8
0
 10
-128.304
 20
464.766
 11
-128.139
 21
464.857
  0
LINE
  8
0
 10
-128.139
 20
464.857
 11
-127.964
 21
464.927
  0
LINE
  8
0
 10
-127.964
 20
464.927
 11
-127.781
 21
464.973
  0
LINE
  8
0
 10
-127.781
 20
464.973
 11
-127.594
 21
464.997
  0
LINE
  8
0
 10
-127.594
 20
464.997
 11
-127.406
 21
464.997
  0
LINE
  8
0
 10
-127.406
 20
464.997
 11
-127.219
 21
464.973
  0
LINE
  8
0
 10
-127.219
 20
464.973
 11
-127.036
 21
464.927
  0
LINE
  8
0
 10
-127.036
 20
464.927
 11
-126.861
 21
464.857
  0
LINE
  8
0
 10
-126.861
 20
464.857
 11
-126.696
 21
464.766
  0
LINE
  8
0
 10
-126.696
 20
464.766
 11
-126.544
 21
464.656
  0
LINE
  8
0
 10
-126.544
 20
464.656
 11
-126.407
 21
464.527
  0
LINE
  8
0
 10
-126.407
 20
464.527
 11
-126.286
 21
464.382
  0
LINE
  8
0
 10
-126.286
 20
464.382
 11
-126.186
 21
464.223
  0
LINE
  8
0
 10
-126.186
 20
464.223
 11
-126.105
 21
464.052
  0
LINE
  8
0
 10
-126.105
 20
464.052
 11
-126.047
 21
463.873
  0
LINE
  8
0
 10
-126.047
 20
463.873
 11
-126.012
 21
463.688
  0
LINE
  8
0
 10
-126.012
 20
463.688
 11
-126
 21
463.5
  0
LINE
  8
0
 10
-126
 20
463.5
 11
-126.012
 21
463.312
  0
LINE
  8
0
 10
-126.012
 20
463.312
 11
-126.047
 21
463.127
  0
LINE
  8
0
 10
-126.047
 20
463.127
 11
-126.105
 21
462.948
  0
LINE
  8
0
 10
-126.105
 20
462.948
 11
-126.186
 21
462.777
  0
LINE
  8
0
 10
-126.186
 20
462.777
 11
-126.286
 21
462.618
  0
LINE
  8
0
 10
-126.286
 20
462.618
 11
-126.407
 21
462.473
  0
LINE
  8
0
 10
-126.407
 20
462.473
 11
-126.544
 21
462.344
  0
LINE
  8
0
 10
-126.544
 20
462.344
 11
-126.696
 21
462.234
  0
LINE
  8
0
 10
-126.696
 20
462.234
 11
-126.861
 21
462.143
  0
LINE
  8
0
 10
-126.861
 20
462.143
 11
-127.036
 21
462.073
  0
LINE
  8
0
 10
-127.036
 20
462.073
 11
-127.219
 21
462.027
  0
LINE
  8
0
 10
-127.219
 20
462.027
 11
-127.406
 21
462.003
  0
LINE
  8
0
 10
-127.406
 20
462.003
 11
-127.594
 21
462.003
  0
LINE
  8
0
 10
127.406
 20
462.003
 11
127.219
 21
462.027
  0
LINE
  8
0
 10
127.219
 20
462.027
 11
127.036
 21
462.073
  0
LINE
  8
0
 10
127.036
 20
462.073
 11
126.861
 21
462.143
  0
LINE
  8
0
 10
126.861
 20
462.143
 11
126.696
 21
462.234
  0
LINE
  8
0
 10
126.696
 20
462.234
 11
126.544
 21
462.344
  0
LINE
  8
0
 10
126.544
 20
462.344
 11
126.407
 21
462.473
  0
LINE
  8
0
 10
126.407
 20
462.473
 11
126.286
 21
462.618
  0
LINE
  8
0
 10
126.286
 20
462.618
 11
126.186
 21
462.777
  0
LINE
  8
0
 10
126.186
 20
462.777
 11
126.105
 21
462.948
  0
LINE
  8
0
 10
126.105
 20
462.948
 11
126.047
 21
463.127
  0
LINE
  8
0
 10
126.047
 20
463.127
 11
126.012
 21
463.312
  0
LINE
  8
0
 10
126.012
 20
463.312
 11
126
 21
463.5
  0
LINE
  8
0
 10
126
 20
463.5
 11
126.012
 21
463.688
  0
LINE
  8
0
 10
126.012
 20
463.688
 11
126.047
 21
463.873
  0
LINE
  8
0
 10
126.047
 20
463.873
 11
126.105
 21
464.052
  0
LINE
  8
0
 10
126.105
 20
464.052
 11
126.186
 21
464.223
  0
LINE
  8
0
 10
126.186
 20
464.223
 11
126.286
 21
464.382
  0
LINE
  8
0
 10
126.286
 20
464.382
 11
126.407
 21
464.527
  0
LINE
  8
0
 10
126.407
 20
464.527
 11
126.544
 21
464.656
  0
LINE
  8
0
 10
126.544
 20
464.656
 11
126.696
 21
464.766
  0
LINE
  8
0
 10
126.696
 20
464.766
 11
126.861
 21
464.857
  0
LINE
  8
0
 10
126.861
 20
464.857
 11
127.036
 21
464.927
  0
LINE
  8
0
 10
127.036
 20
464.927
 11
127.219
 21
464.973
  0
LINE
  8
0
 10
127.219
 20
464.973
 11
127.406
 21
464.997
  0
LINE
  8
0
 10
127.406
 20
464.997
 11
127.594
 21
464.997
  0
LINE
  8
0
 10
127.594
 20
464.997
 11
127.781
 21
464.973
  0
LINE
  8
0
 10
127.781
 20
464.973
 11
127.964
 21
464.927
  0
LINE
  8
0
 10
127.964
 20
464.927
 11
128.139
 21
464.857
  0
LINE
  8
0
 10
128.139
 20
464.857
 11
128.304
 21
464.766
  0
LINE
  8
0
 10
128.304
 20
464.766
 11
128.456
 21
464.656
  0
LINE
  8
0
 10
128.456
 20
464.656
 11
128.593
 21
464.527
  0
LINE
  8
0
 10
128.593
 20
464.527
 11
128.714
 21
464.382
  0
LINE
  8
0
 10
128.714
 20
464.382
 11
128.814
 21
464.223
  0
LINE
  8
0
 10
128.814
 20
464.223
 11
128.895
 21
464.052
  0
LINE
  8
0
 10
128.895
 20
464.052
 11
128.953
 21
463.873
  0
LINE
  8
0
 10
128.953
 20
463.873
 11
128.988
 21
463.688
  0
LINE
  8
0
 10
128.988
 20
463.688
 11
129
 21
463.5
  0
LINE
  8
0
 10
129
 20
463.5
 11
128.988
 21
463.312
  0
LINE
  8
0
 10
128.988
 20
463.312
 11
128.953
 21
463.127
  0
LINE
  8
0
 10
128.953
 20
463.127
 11
128.895
 21
462.948
  0
LINE
  8
0
 10
128.895
 20
462.948
 11
128.814
 21
462.777
  0
LINE
  8
0
 10
128.814
 20
462.777
 11
128.714
 21
462.618
  0
LINE
  8
0
 10
128.714
 20
462.618
 11
128.593
 21
462.473
  0
LINE
  8
0
 10
128.593
 20
462.473
 11
128.456
 21
462.344
  0
LINE
  8
0
 10
128.456
 20
462.344
 11
128.304
 21
462.234
  0
LINE
  8
0
 10
128.304
 20
462.234
 11
128.139
 21
462.143
  0
LINE
  8
0
 10
128.139
 20
462.143
 11
127.964
 21
462.073
  0
LINE
  8
0
 10
127.964
 20
462.073
 11
127.781
 21
462.027
  0
LINE
  8
0
 10
127.781
 20
462.027
 11
127.594
 21
462.003
  0
LINE
  8
0
 10
127.594
 20
462.003
 11
127.406
 21
462.003
  0
LINE
  8
0
 10
-127.688
 20
453.006
 11
-128.062
 21
453.053
  0
LINE
  8
0
 10
-128.062
 20
453.053
 11
-128.427
 21
453.147
  0
LINE
  8
0
 10
-128.427
 20
453.147
 11
-128.777
 21
453.286
  0
LINE
  8
0
 10
-128.777
 20
453.286
 11
-129.107
 21
453.467
  0
LINE
  8
0
 10
-129.107
 20
453.467
 11
-129.412
 21
453.688
  0
LINE
  8
0
 10
-129.412
 20
453.688
 11
-129.687
 21
453.946
  0
LINE
  8
0
 10
-129.687
 20
453.946
 11
-129.927
 21
454.237
  0
LINE
  8
0
 10
-129.927
 20
454.237
 11
-130.129
 21
454.555
  0
LINE
  8
0
 10
-130.129
 20
454.555
 11
-130.289
 21
454.896
  0
LINE
  8
0
 10
-130.289
 20
454.896
 11
-130.406
 21
455.254
  0
LINE
  8
0
 10
-130.406
 20
455.254
 11
-130.476
 21
455.624
  0
LINE
  8
0
 10
-130.476
 20
455.624
 11
-130.5
 21
456
  0
LINE
  8
0
 10
-130.5
 20
456
 11
-130.476
 21
456.376
  0
LINE
  8
0
 10
-130.476
 20
456.376
 11
-130.406
 21
456.746
  0
LINE
  8
0
 10
-130.406
 20
456.746
 11
-130.289
 21
457.104
  0
LINE
  8
0
 10
-130.289
 20
457.104
 11
-130.129
 21
457.445
  0
LINE
  8
0
 10
-130.129
 20
457.445
 11
-129.927
 21
457.763
  0
LINE
  8
0
 10
-129.927
 20
457.763
 11
-129.687
 21
458.054
  0
LINE
  8
0
 10
-129.687
 20
458.054
 11
-129.412
 21
458.312
  0
LINE
  8
0
 10
-129.412
 20
458.312
 11
-129.107
 21
458.533
  0
LINE
  8
0
 10
-129.107
 20
458.533
 11
-128.777
 21
458.714
  0
LINE
  8
0
 10
-128.777
 20
458.714
 11
-128.427
 21
458.853
  0
LINE
  8
0
 10
-128.427
 20
458.853
 11
-128.062
 21
458.947
  0
LINE
  8
0
 10
-128.062
 20
458.947
 11
-127.688
 21
458.994
  0
LINE
  8
0
 10
-127.688
 20
458.994
 11
-127.312
 21
458.994
  0
LINE
  8
0
 10
-127.312
 20
458.994
 11
-126.938
 21
458.947
  0
LINE
  8
0
 10
-126.938
 20
458.947
 11
-126.573
 21
458.853
  0
LINE
  8
0
 10
-126.573
 20
458.853
 11
-126.223
 21
458.714
  0
LINE
  8
0
 10
-126.223
 20
458.714
 11
-125.893
 21
458.533
  0
LINE
  8
0
 10
-125.893
 20
458.533
 11
-125.588
 21
458.312
  0
LINE
  8
0
 10
-125.588
 20
458.312
 11
-125.313
 21
458.054
  0
LINE
  8
0
 10
-125.313
 20
458.054
 11
-125.073
 21
457.763
  0
LINE
  8
0
 10
-125.073
 20
457.763
 11
-124.871
 21
457.445
  0
LINE
  8
0
 10
-124.871
 20
457.445
 11
-124.711
 21
457.104
  0
LINE
  8
0
 10
-124.711
 20
457.104
 11
-124.594
 21
456.746
  0
LINE
  8
0
 10
-124.594
 20
456.746
 11
-124.524
 21
456.376
  0
LINE
  8
0
 10
-124.524
 20
456.376
 11
-124.5
 21
456
  0
LINE
  8
0
 10
-124.5
 20
456
 11
-124.524
 21
455.624
  0
LINE
  8
0
 10
-124.524
 20
455.624
 11
-124.594
 21
455.254
  0
LINE
  8
0
 10
-124.594
 20
455.254
 11
-124.711
 21
454.896
  0
LINE
  8
0
 10
-124.711
 20
454.896
 11
-124.871
 21
454.555
  0
LINE
  8
0
 10
-124.871
 20
454.555
 11
-125.073
 21
454.237
  0
LINE
  8
0
 10
-125.073
 20
454.237
 11
-125.313
 21
453.946
  0
LINE
  8
0
 10
-125.313
 20
453.946
 11
-125.588
 21
453.688
  0
LINE
  8
0
 10
-125.588
 20
453.688
 11
-125.893
 21
453.467
  0
LINE
  8
0
 10
-125.893
 20
453.467
 11
-126.223
 21
453.286
  0
LINE
  8
0
 10
-126.223
 20
453.286
 11
-126.573
 21
453.147
  0
LINE
  8
0
 10
-126.573
 20
453.147
 11
-126.938
 21
453.053
  0
LINE
  8
0
 10
-126.938
 20
453.053
 11
-127.312
 21
453.006
  0
LINE
  8
0
 10
-127.312
 20
453.006
 11
-127.688
 21
453.006
  0
LINE
  8
0
 10
127.312
 20
453.006
 11
126.938
 21
453.053
  0
LINE
  8
0
 10
126.938
 20
453.053
 11
126.573
 21
453.147
  0
LINE
  8
0
 10
126.573
 20
453.147
 11
126.223
 21
453.286
  0
LINE
  8
0
 10
126.223
 20
453.286
 11
125.893
 21
453.467
  0
LINE
  8
0
 10
125.893
 20
453.467
 11
125.588
 21
453.688
  0
LINE
  8
0
 10
125.588
 20
453.688
 11
125.313
 21
453.946
  0
LINE
  8
0
 10
125.313
 20
453.946
 11
125.073
 21
454.237
  0
LINE
  8
0
 10
125.073
 20
454.237
 11
124.871
 21
454.555
  0
LINE
  8
0
 10
124.871
 20
454.555
 11
124.711
 21
454.896
  0
LINE
  8
0
 10
124.711
 20
454.896
 11
124.594
 21
455.254
  0
LINE
  8
0
 10
124.594
 20
455.254
 11
124.524
 21
455.624
  0
LINE
  8
0
 10
124.524
 20
455.624
 11
124.5
 21
456
  0
LINE
  8
0
 10
124.5
 20
456
 11
124.524
 21
456.376
  0
LINE
  8
0
 10
124.524
 20
456.376
 11
124.594
 21
456.746
  0
LINE
  8
0
 10
124.594
 20
456.746
 11
124.711
 21
457.104
  0
LINE
  8
0
 10
124.711
 20
457.104
 11
124.871
 21
457.445
  0
LINE
  8
0
 10
124.871
 20
457.445
 11
125.073
 21
457.763
  0
LINE
  8
0
 10
125.073
 20
457.763
 11
125.313
 21
458.054
  0
LINE
  8
0
 10
125.313
 20
458.054
 11
125.588
 21
458.312
  0
LINE
  8
0
 10
125.588
 20
458.312
 11
125.893
 21
458.533
  0
LINE
  8
0
 10
125.893
 20
458.533
 11
126.223
 21
458.714
  0
LINE
  8
0
 10
126.223
 20
458.714
 11
126.573
 21
458.853
  0
LINE
  8
0
 10
126.573
 20
458.853
 11
126.938
 21
458.947
  0
LINE
  8
0
 10
126.938
 20
458.947
 11
127.312
 21
458.994
  0
LINE
  8
0
 10
127.312
 20
458.994
 11
127.688
 21
458.994
  0
LINE
  8
0
 10
127.688
 20
458.994
 11
128.062
 21
458.947
  0
LINE
  8
0
 10
128.062
 20
458.947
 11
128.427
 21
458.853
  0
LINE
  8
0
 10
128.427
 20
458.853
 11
128.777
 21
458.714
  0
LINE
  8
0
 10
128.777
 20
458.714
 11
129.107
 21
458.533
  0
LINE
  8
0
 10
129.107
 20
458.533
 11
129.412
 21
458.312
  0
LINE
  8
0
 10
129.412
 20
458.312
 11
129.687
 21
458.054
  0
LINE
  8
0
 10
129.687
 20
458.054
 11
129.927
 21
457.763
  0
LINE
  8
0
 10
129.927
 20
457.763
 11
130.129
 21
457.445
  0
LINE
  8
0
 10
130.129
 20
457.445
 11
130.289
 21
457.104
  0
LINE
  8
0
 10
130.289
 20
457.104
 11
130.406
 21
456.746
  0
LINE
  8
0
 10
130.406
 20
456.746
 11
130.476
 21
456.376
  0
LINE
  8
0
 10
130.476
 20
456.376
 11
130.5
 21
456
  0
LINE
  8
0
 10
130.5
 20
456
 11
130.476
 21
455.624
  0
LINE
  8
0
 10
130.476
 20
455.624
 11
130.406
 21
455.254
  0
LINE
  8
0
 10
130.406
 20
455.254
 11
130.289
 21
454.896
  0
LINE
  8
0
 10
130.289
 20
454.896
 11
130.129
 21
454.555
  0
LINE
  8
0
 10
130.129
 20
454.555
 11
129.927
 21
454.237
  0
LINE
  8
0
 10
129.927
 20
454.237
 11
129.687
 21
453.946
  0
LINE
  8
0
 10
129.687
 20
453.946
 11
129.412
 21
453.688
  0
LINE
  8
0
 10
129.412
 20
453.688
 11
129.107
 21
453.467
  0
LINE
  8
0
 10
129.107
 20
453.467
 11
128.777
 21
453.286
  0
LINE
  8
0
 10
128.777
 20
453.286
 11
128.427
 21
453.147
  0
LINE
  8
0
 10
128.427
 20
453.147
 11
128.062
 21
453.053
  0
LINE
  8
0
 10
128.062
 20
453.053
 11
127.688
 21
453.006
  0
LINE
  8
0
 10
127.688
 20
453.006
 11
127.312
 21
453.006
  0
LINE
  8
0
 10
127.406
 20
447.003
 11
127.219
 21
447.027
  0
LINE
  8
0
 10
127.219
 20
447.027
 11
127.036
 21
447.073
  0
LINE
  8
0
 10
127.036
 20
447.073
 11
126.861
 21
447.143
  0
LINE
  8
0
 10
126.861
 20
447.143
 11
126.696
 21
447.234
  0
LINE
  8
0
 10
126.696
 20
447.234
 11
126.544
 21
447.344
  0
LINE
  8
0
 10
126.544
 20
447.344
 11
126.407
 21
447.473
  0
LINE
  8
0
 10
126.407
 20
447.473
 11
126.286
 21
447.618
  0
LINE
  8
0
 10
126.286
 20
447.618
 11
126.186
 21
447.777
  0
LINE
  8
0
 10
126.186
 20
447.777
 11
126.105
 21
447.948
  0
LINE
  8
0
 10
126.105
 20
447.948
 11
126.047
 21
448.127
  0
LINE
  8
0
 10
126.047
 20
448.127
 11
126.012
 21
448.312
  0
LINE
  8
0
 10
126.012
 20
448.312
 11
126
 21
448.5
  0
LINE
  8
0
 10
126
 20
448.5
 11
126.012
 21
448.688
  0
LINE
  8
0
 10
126.012
 20
448.688
 11
126.047
 21
448.873
  0
LINE
  8
0
 10
126.047
 20
448.873
 11
126.105
 21
449.052
  0
LINE
  8
0
 10
126.105
 20
449.052
 11
126.186
 21
449.223
  0
LINE
  8
0
 10
126.186
 20
449.223
 11
126.286
 21
449.382
  0
LINE
  8
0
 10
126.286
 20
449.382
 11
126.407
 21
449.527
  0
LINE
  8
0
 10
126.407
 20
449.527
 11
126.544
 21
449.656
  0
LINE
  8
0
 10
126.544
 20
449.656
 11
126.696
 21
449.766
  0
LINE
  8
0
 10
126.696
 20
449.766
 11
126.861
 21
449.857
  0
LINE
  8
0
 10
126.861
 20
449.857
 11
127.036
 21
449.927
  0
LINE
  8
0
 10
127.036
 20
449.927
 11
127.219
 21
449.973
  0
LINE
  8
0
 10
127.219
 20
449.973
 11
127.406
 21
449.997
  0
LINE
  8
0
 10
127.406
 20
449.997
 11
127.594
 21
449.997
  0
LINE
  8
0
 10
127.594
 20
449.997
 11
127.781
 21
449.973
  0
LINE
  8
0
 10
127.781
 20
449.973
 11
127.964
 21
449.927
  0
LINE
  8
0
 10
127.964
 20
449.927
 11
128.139
 21
449.857
  0
LINE
  8
0
 10
128.139
 20
449.857
 11
128.304
 21
449.766
  0
LINE
  8
0
 10
128.304
 20
449.766
 11
128.456
 21
449.656
  0
LINE
  8
0
 10
128.456
 20
449.656
 11
128.593
 21
449.527
  0
LINE
  8
0
 10
128.593
 20
449.527
 11
128.714
 21
449.382
  0
LINE
  8
0
 10
128.714
 20
449.382
 11
128.814
 21
449.223
  0
LINE
  8
0
 10
128.814
 20
449.223
 11
128.895
 21
449.052
  0
LINE
  8
0
 10
128.895
 20
449.052
 11
128.953
 21
448.873
  0
LINE
  8
0
 10
128.953
 20
448.873
 11
128.988
 21
448.688
  0
LINE
  8
0
 10
128.988
 20
448.688
 11
129
 21
448.5
  0
LINE
  8
0
 10
129
 20
448.5
 11
128.988
 21
448.312
  0
LINE
  8
0
 10
128.988
 20
448.312
 11
128.953
 21
448.127
  0
LINE
  8
0
 10
128.953
 20
448.127
 11
128.895
 21
447.948
  0
LINE
  8
0
 10
128.895
 20
447.948
 11
128.814
 21
447.777
  0
LINE
  8
0
 10
128.814
 20
447.777
 11
128.714
 21
447.618
  0
LINE
  8
0
 10
128.714
 20
447.618
 11
128.593
 21
447.473
  0
LINE
  8
0
 10
128.593
 20
447.473
 11
128.456
 21
447.344
  0
LINE
  8
0
 10
128.456
 20
447.344
 11
128.304
 21
447.234
  0
LINE
  8
0
 10
128.304
 20
447.234
 11
128.139
 21
447.143
  0
LINE
  8
0
 10
128.139
 20
447.143
 11
127.964
 21
447.073
  0
LINE
  8
0
 10
127.964
 20
447.073
 11
127.781
 21
447.027
  0
LINE
  8
0
 10
127.781
 20
447.027
 11
127.594
 21
447.003
  0
LINE
  8
0
 10
127.594
 20
447.003
 11
127.406
 21
447.003
  0
LINE
  8
0
 10
-127.594
 20
447.003
 11
-127.781
 21
447.027
  0
LINE
  8
0
 10
-127.781
 20
447.027
 11
-127.964
 21
447.073
  0
LINE
  8
0
 10
-127.964
 20
447.073
 11
-128.139
 21
447.143
  0
LINE
  8
0
 10
-128.139
 20
447.143
 11
-128.304
 21
447.234
  0
LINE
  8
0
 10
-128.304
 20
447.234
 11
-128.456
 21
447.344
  0
LINE
  8
0
 10
-128.456
 20
447.344
 11
-128.593
 21
447.473
  0
LINE
  8
0
 10
-128.593
 20
447.473
 11
-128.714
 21
447.618
  0
LINE
  8
0
 10
-128.714
 20
447.618
 11
-128.814
 21
447.777
  0
LINE
  8
0
 10
-128.814
 20
447.777
 11
-128.895
 21
447.948
  0
LINE
  8
0
 10
-128.895
 20
447.948
 11
-128.953
 21
448.127
  0
LINE
  8
0
 10
-128.953
 20
448.127
 11
-128.988
 21
448.312
  0
LINE
  8
0
 10
-128.988
 20
448.312
 11
-129
 21
448.5
  0
LINE
  8
0
 10
-129
 20
448.5
 11
-128.988
 21
448.688
  0
LINE
  8
0
 10
-128.988
 20
448.688
 11
-128.953
 21
448.873
  0
LINE
  8
0
 10
-128.953
 20
448.873
 11
-128.895
 21
449.052
  0
LINE
  8
0
 10
-128.895
 20
449.052
 11
-128.814
 21
449.223
  0
LINE
  8
0
 10
-128.814
 20
449.223
 11
-128.714
 21
449.382
  0
LINE
  8
0
 10
-128.714
 20
449.382
 11
-128.593
 21
449.527
  0
LINE
  8
0
 10
-128.593
 20
449.527
 11
-128.456
 21
449.656
  0
LINE
  8
0
 10
-128.456
 20
449.656
 11
-128.304
 21
449.766
  0
LINE
  8
0
 10
-128.304
 20
449.766
 11
-128.139
 21
449.857
  0
LINE
  8
0
 10
-128.139
 20
449.857
 11
-127.964
 21
449.927
  0
LINE
  8
0
 10
-127.964
 20
449.927
 11
-127.781
 21
449.973
  0
LINE
  8
0
 10
-127.781
 20
449.973
 11
-127.594
 21
449.997
  0
LINE
  8
0
 10
-127.594
 20
449.997
 11
-127.406
 21
449.997
  0
LINE
  8
0
 10
-127.406
 20
449.997
 11
-127.219
 21
449.973
  0
LINE
  8
0
 10
-127.219
 20
449.973
 11
-127.036
 21
449.927
  0
LINE
  8
0
 10
-127.036
 20
449.927
 11
-126.861
 21
449.857
  0
LINE
  8
0
 10
-126.861
 20
449.857
 11
-126.696
 21
449.766
  0
LINE
  8
0
 10
-126.696
 20
449.766
 11
-126.544
 21
449.656
  0
LINE
  8
0
 10
-126.544
 20
449.656
 11
-126.407
 21
449.527
  0
LINE
  8
0
 10
-126.407
 20
449.527
 11
-126.286
 21
449.382
  0
LINE
  8
0
 10
-126.286
 20
449.382
 11
-126.186
 21
449.223
  0
LINE
  8
0
 10
-126.186
 20
449.223
 11
-126.105
 21
449.052
  0
LINE
  8
0
 10
-126.105
 20
449.052
 11
-126.047
 21
448.873
  0
LINE
  8
0
 10
-126.047
 20
448.873
 11
-126.012
 21
448.688
  0
LINE
  8
0
 10
-126.012
 20
448.688
 11
-126
 21
448.5
  0
LINE
  8
0
 10
-126
 20
448.5
 11
-126.012
 21
448.312
  0
LINE
  8
0
 10
-126.012
 20
448.312
 11
-126.047
 21
448.127
  0
LINE
  8
0
 10
-126.047
 20
448.127
 11
-126.105
 21
447.948
  0
LINE
  8
0
 10
-126.105
 20
447.948
 11
-126.186
 21
447.777
  0
LINE
  8
0
 10
-126.186
 20
447.777
 11
-126.286
 21
447.618
  0
LINE
  8
0
 10
-126.286
 20
447.618
 11
-126.407
 21
447.473
  0
LINE
  8
0
 10
-126.407
 20
447.473
 11
-126.544
 21
447.344
  0
LINE
  8
0
 10
-126.544
 20
447.344
 11
-126.696
 21
447.234
  0
LINE
  8
0
 10
-126.696
 20
447.234
 11
-126.861
 21
447.143
  0
LINE
  8
0
 10
-126.861
 20
447.143
 11
-127.036
 21
447.073
  0
LINE
  8
0
 10
-127.036
 20
447.073
 11
-127.219
 21
447.027
  0
LINE
  8
0
 10
-127.219
 20
447.027
 11
-127.406
 21
447.003
  0
LINE
  8
0
 10
-127.406
 20
447.003
 11
-127.594
 21
447.003
  0
LINE
  8
0
 10
-127.688
 20
438.006
 11
-128.062
 21
438.053
  0
LINE
  8
0
 10
-128.062
 20
438.053
 11
-128.427
 21
438.147
  0
LINE
  8
0
 10
-128.427
 20
438.147
 11
-128.777
 21
438.286
  0
LINE
  8
0
 10
-128.777
 20
438.286
 11
-129.107
 21
438.467
  0
LINE
  8
0
 10
-129.107
 20
438.467
 11
-129.412
 21
438.688
  0
LINE
  8
0
 10
-129.412
 20
438.688
 11
-129.687
 21
438.946
  0
LINE
  8
0
 10
-129.687
 20
438.946
 11
-129.927
 21
439.237
  0
LINE
  8
0
 10
-129.927
 20
439.237
 11
-130.129
 21
439.555
  0
LINE
  8
0
 10
-130.129
 20
439.555
 11
-130.289
 21
439.896
  0
LINE
  8
0
 10
-130.289
 20
439.896
 11
-130.406
 21
440.254
  0
LINE
  8
0
 10
-130.406
 20
440.254
 11
-130.476
 21
440.624
  0
LINE
  8
0
 10
-130.476
 20
440.624
 11
-130.5
 21
441
  0
LINE
  8
0
 10
-130.5
 20
441
 11
-130.476
 21
441.376
  0
LINE
  8
0
 10
-130.476
 20
441.376
 11
-130.406
 21
441.746
  0
LINE
  8
0
 10
-130.406
 20
441.746
 11
-130.289
 21
442.104
  0
LINE
  8
0
 10
-130.289
 20
442.104
 11
-130.129
 21
442.445
  0
LINE
  8
0
 10
-130.129
 20
442.445
 11
-129.927
 21
442.763
  0
LINE
  8
0
 10
-129.927
 20
442.763
 11
-129.687
 21
443.054
  0
LINE
  8
0
 10
-129.687
 20
443.054
 11
-129.412
 21
443.312
  0
LINE
  8
0
 10
-129.412
 20
443.312
 11
-129.107
 21
443.533
  0
LINE
  8
0
 10
-129.107
 20
443.533
 11
-128.777
 21
443.714
  0
LINE
  8
0
 10
-128.777
 20
443.714
 11
-128.427
 21
443.853
  0
LINE
  8
0
 10
-128.427
 20
443.853
 11
-128.062
 21
443.947
  0
LINE
  8
0
 10
-128.062
 20
443.947
 11
-127.688
 21
443.994
  0
LINE
  8
0
 10
-127.688
 20
443.994
 11
-127.312
 21
443.994
  0
LINE
  8
0
 10
-127.312
 20
443.994
 11
-126.938
 21
443.947
  0
LINE
  8
0
 10
-126.938
 20
443.947
 11
-126.573
 21
443.853
  0
LINE
  8
0
 10
-126.573
 20
443.853
 11
-126.223
 21
443.714
  0
LINE
  8
0
 10
-126.223
 20
443.714
 11
-125.893
 21
443.533
  0
LINE
  8
0
 10
-125.893
 20
443.533
 11
-125.588
 21
443.312
  0
LINE
  8
0
 10
-125.588
 20
443.312
 11
-125.313
 21
443.054
  0
LINE
  8
0
 10
-125.313
 20
443.054
 11
-125.073
 21
442.763
  0
LINE
  8
0
 10
-125.073
 20
442.763
 11
-124.871
 21
442.445
  0
LINE
  8
0
 10
-124.871
 20
442.445
 11
-124.711
 21
442.104
  0
LINE
  8
0
 10
-124.711
 20
442.104
 11
-124.594
 21
441.746
  0
LINE
  8
0
 10
-124.594
 20
441.746
 11
-124.524
 21
441.376
  0
LINE
  8
0
 10
-124.524
 20
441.376
 11
-124.5
 21
441
  0
LINE
  8
0
 10
-124.5
 20
441
 11
-124.524
 21
440.624
  0
LINE
  8
0
 10
-124.524
 20
440.624
 11
-124.594
 21
440.254
  0
LINE
  8
0
 10
-124.594
 20
440.254
 11
-124.711
 21
439.896
  0
LINE
  8
0
 10
-124.711
 20
439.896
 11
-124.871
 21
439.555
  0
LINE
  8
0
 10
-124.871
 20
439.555
 11
-125.073
 21
439.237
  0
LINE
  8
0
 10
-125.073
 20
439.237
 11
-125.313
 21
438.946
  0
LINE
  8
0
 10
-125.313
 20
438.946
 11
-125.588
 21
438.688
  0
LINE
  8
0
 10
-125.588
 20
438.688
 11
-125.893
 21
438.467
  0
LINE
  8
0
 10
-125.893
 20
438.467
 11
-126.223
 21
438.286
  0
LINE
  8
0
 10
-126.223
 20
438.286
 11
-126.573
 21
438.147
  0
LINE
  8
0
 10
-126.573
 20
438.147
 11
-126.938
 21
438.053
  0
LINE
  8
0
 10
-126.938
 20
438.053
 11
-127.312
 21
438.006
  0
LINE
  8
0
 10
-127.312
 20
438.006
 11
-127.688
 21
438.006
  0
LINE
  8
0
 10
127.312
 20
438.006
 11
126.938
 21
438.053
  0
LINE
  8
0
 10
126.938
 20
438.053
 11
126.573
 21
438.147
  0
LINE
  8
0
 10
126.573
 20
438.147
 11
126.223
 21
438.286
  0
LINE
  8
0
 10
126.223
 20
438.286
 11
125.893
 21
438.467
  0
LINE
  8
0
 10
125.893
 20
438.467
 11
125.588
 21
438.688
  0
LINE
  8
0
 10
125.588
 20
438.688
 11
125.313
 21
438.946
  0
LINE
  8
0
 10
125.313
 20
438.946
 11
125.073
 21
439.237
  0
LINE
  8
0
 10
125.073
 20
439.237
 11
124.871
 21
439.555
  0
LINE
  8
0
 10
124.871
 20
439.555
 11
124.711
 21
439.896
  0
LINE
  8
0
 10
124.711
 20
439.896
 11
124.594
 21
440.254
  0
LINE
  8
0
 10
124.594
 20
440.254
 11
124.524
 21
440.624
  0
LINE
  8
0
 10
124.524
 20
440.624
 11
124.5
 21
441
  0
LINE
  8
0
 10
124.5
 20
441
 11
124.524
 21
441.376
  0
LINE
  8
0
 10
124.524
 20
441.376
 11
124.594
 21
441.746
  0
LINE
  8
0
 10
124.594
 20
441.746
 11
124.711
 21
442.104
  0
LINE
  8
0
 10
124.711
 20
442.104
 11
124.871
 21
442.445
  0
LINE
  8
0
 10
124.871
 20
442.445
 11
125.073
 21
442.763
  0
LINE
  8
0
 10
125.073
 20
442.763
 11
125.313
 21
443.054
  0
LINE
  8
0
 10
125.313
 20
443.054
 11
125.588
 21
443.312
  0
LINE
  8
0
 10
125.588
 20
443.312
 11
125.893
 21
443.533
  0
LINE
  8
0
 10
125.893
 20
443.533
 11
126.223
 21
443.714
  0
LINE
  8
0
 10
126.223
 20
443.714
 11
126.573
 21
443.853
  0
LINE
  8
0
 10
126.573
 20
443.853
 11
126.938
 21
443.947
  0
LINE
  8
0
 10
126.938
 20
443.947
 11
127.312
 21
443.994
  0
LINE
  8
0
 10
127.312
 20
443.994
 11
127.688
 21
443.994
  0
LINE
  8
0
 10
127.688
 20
443.994
 11
128.062
 21
443.947
  0
LINE
  8
0
 10
128.062
 20
443.947
 11
128.427
 21
443.853
  0
LINE
  8
0
 10
128.427
 20
443.853
 11
128.777
 21
443.714
  0
LINE
  8
0
 10
128.777
 20
443.714
 11
129.107
 21
443.533
  0
LINE
  8
0
 10
129.107
 20
443.533
 11
129.412
 21
443.312
  0
LINE
  8
0
 10
129.412
 20
443.312
 11
129.687
 21
443.054
  0
LINE
  8
0
 10
129.687
 20
443.054
 11
129.927
 21
442.763
  0
LINE
  8
0
 10
129.927
 20
442.763
 11
130.129
 21
442.445
  0
LINE
  8
0
 10
130.129
 20
442.445
 11
130.289
 21
442.104
  0
LINE
  8
0
 10
130.289
 20
442.104
 11
130.406
 21
441.746
  0
LINE
  8
0
 10
130.406
 20
441.746
 11
130.476
 21
441.376
  0
LINE
  8
0
 10
130.476
 20
441.376
 11
130.5
 21
441
  0
LINE
  8
0
 10
130.5
 20
441
 11
130.476
 21
440.624
  0
LINE
  8
0
 10
130.476
 20
440.624
 11
130.406
 21
440.254
  0
LINE
  8
0
 10
130.406
 20
440.254
 11
130.289
 21
439.896
  0
LINE
  8
0
 10
130.289
 20
439.896
 11
130.129
 21
439.555
  0
LINE
  8
0
 10
130.129
 20
439.555
 11
129.927
 21
439.237
  0
LINE
  8
0
 10
129.927
 20
439.237
 11
129.687
 21
438.946
  0
LINE
  8
0
 10
129.687
 20
438.946
 11
129.412
 21
438.688
  0
LINE
  8
0
 10
129.412
 20
438.688
 11
129.107
 21
438.467
  0
LINE
  8
0
 10
129.107
 20
438.467
 11
128.777
 21
438.286
  0
LINE
  8
0
 10
128.777
 20
438.286
 11
128.427
 21
438.147
  0
LINE
  8
0
 10
128.427
 20
438.147
 11
128.062
 21
438.053
  0
LINE
  8
0
 10
128.062
 20
438.053
 11
127.688
 21
438.006
  0
LINE
  8
0
 10
127.688
 20
438.006
 11
127.312
 21
438.006
  0
LINE
  8
0
 10
127.406
 20
432.003
 11
127.219
 21
432.027
  0
LINE
  8
0
 10
127.219
 20
432.027
 11
127.036
 21
432.073
  0
LINE
  8
0
 10
127.036
 20
432.073
 11
126.861
 21
432.143
  0
LINE
  8
0
 10
126.861
 20
432.143
 11
126.696
 21
432.234
  0
LINE
  8
0
 10
126.696
 20
432.234
 11
126.544
 21
432.344
  0
LINE
  8
0
 10
126.544
 20
432.344
 11
126.407
 21
432.473
  0
LINE
  8
0
 10
126.407
 20
432.473
 11
126.286
 21
432.618
  0
LINE
  8
0
 10
126.286
 20
432.618
 11
126.186
 21
432.777
  0
LINE
  8
0
 10
126.186
 20
432.777
 11
126.105
 21
432.948
  0
LINE
  8
0
 10
126.105
 20
432.948
 11
126.047
 21
433.127
  0
LINE
  8
0
 10
126.047
 20
433.127
 11
126.012
 21
433.312
  0
LINE
  8
0
 10
126.012
 20
433.312
 11
126
 21
433.5
  0
LINE
  8
0
 10
126
 20
433.5
 11
126.012
 21
433.688
  0
LINE
  8
0
 10
126.012
 20
433.688
 11
126.047
 21
433.873
  0
LINE
  8
0
 10
126.047
 20
433.873
 11
126.105
 21
434.052
  0
LINE
  8
0
 10
126.105
 20
434.052
 11
126.186
 21
434.223
  0
LINE
  8
0
 10
126.186
 20
434.223
 11
126.286
 21
434.382
  0
LINE
  8
0
 10
126.286
 20
434.382
 11
126.407
 21
434.527
  0
LINE
  8
0
 10
126.407
 20
434.527
 11
126.544
 21
434.656
  0
LINE
  8
0
 10
126.544
 20
434.656
 11
126.696
 21
434.766
  0
LINE
  8
0
 10
126.696
 20
434.766
 11
126.861
 21
434.857
  0
LINE
  8
0
 10
126.861
 20
434.857
 11
127.036
 21
434.927
  0
LINE
  8
0
 10
127.036
 20
434.927
 11
127.219
 21
434.973
  0
LINE
  8
0
 10
127.219
 20
434.973
 11
127.406
 21
434.997
  0
LINE
  8
0
 10
127.406
 20
434.997
 11
127.594
 21
434.997
  0
LINE
  8
0
 10
127.594
 20
434.997
 11
127.781
 21
434.973
  0
LINE
  8
0
 10
127.781
 20
434.973
 11
127.964
 21
434.927
  0
LINE
  8
0
 10
127.964
 20
434.927
 11
128.139
 21
434.857
  0
LINE
  8
0
 10
128.139
 20
434.857
 11
128.304
 21
434.766
  0
LINE
  8
0
 10
128.304
 20
434.766
 11
128.456
 21
434.656
  0
LINE
  8
0
 10
128.456
 20
434.656
 11
128.593
 21
434.527
  0
LINE
  8
0
 10
128.593
 20
434.527
 11
128.714
 21
434.382
  0
LINE
  8
0
 10
128.714
 20
434.382
 11
128.814
 21
434.223
  0
LINE
  8
0
 10
128.814
 20
434.223
 11
128.895
 21
434.052
  0
LINE
  8
0
 10
128.895
 20
434.052
 11
128.953
 21
433.873
  0
LINE
  8
0
 10
128.953
 20
433.873
 11
128.988
 21
433.688
  0
LINE
  8
0
 10
128.988
 20
433.688
 11
129
 21
433.5
  0
LINE
  8
0
 10
129
 20
433.5
 11
128.988
 21
433.312
  0
LINE
  8
0
 10
128.988
 20
433.312
 11
128.953
 21
433.127
  0
LINE
  8
0
 10
128.953
 20
433.127
 11
128.895
 21
432.948
  0
LINE
  8
0
 10
128.895
 20
432.948
 11
128.814
 21
432.777
  0
LINE
  8
0
 10
128.814
 20
432.777
 11
128.714
 21
432.618
  0
LINE
  8
0
 10
128.714
 20
432.618
 11
128.593
 21
432.473
  0
LINE
  8
0
 10
128.593
 20
432.473
 11
128.456
 21
432.344
  0
LINE
  8
0
 10
128.456
 20
432.344
 11
128.304
 21
432.234
  0
LINE
  8
0
 10
128.304
 20
432.234
 11
128.139
 21
432.143
  0
LINE
  8
0
 10
128.139
 20
432.143
 11
127.964
 21
432.073
  0
LINE
  8
0
 10
127.964
 20
432.073
 11
127.781
 21
432.027
  0
LINE
  8
0
 10
127.781
 20
432.027
 11
127.594
 21
432.003
  0
LINE
  8
0
 10
127.594
 20
432.003
 11
127.406
 21
432.003
  0
LINE
  8
0
 10
-127.594
 20
432.003
 11
-127.781
 21
432.027
  0
LINE
  8
0
 10
-127.781
 20
432.027
 11
-127.964
 21
432.073
  0
LINE
  8
0
 10
-127.964
 20
432.073
 11
-128.139
 21
432.143
  0
LINE
  8
0
 10
-128.139
 20
432.143
 11
-128.304
 21
432.234
  0
LINE
  8
0
 10
-128.304
 20
432.234
 11
-128.456
 21
432.344
  0
LINE
  8
0
 10
-128.456
 20
432.344
 11
-128.593
 21
432.473
  0
LINE
  8
0
 10
-128.593
 20
432.473
 11
-128.714
 21
432.618
  0
LINE
  8
0
 10
-128.714
 20
432.618
 11
-128.814
 21
432.777
  0
LINE
  8
0
 10
-128.814
 20
432.777
 11
-128.895
 21
432.948
  0
LINE
  8
0
 10
-128.895
 20
432.948
 11
-128.953
 21
433.127
  0
LINE
  8
0
 10
-128.953
 20
433.127
 11
-128.988
 21
433.312
  0
LINE
  8
0
 10
-128.988
 20
433.312
 11
-129
 21
433.5
  0
LINE
  8
0
 10
-129
 20
433.5
 11
-128.988
 21
433.688
  0
LINE
  8
0
 10
-128.988
 20
433.688
 11
-128.953
 21
433.873
  0
LINE
  8
0
 10
-128.953
 20
433.873
 11
-128.895
 21
434.052
  0
LINE
  8
0
 10
-128.895
 20
434.052
 11
-128.814
 21
434.223
  0
LINE
  8
0
 10
-128.814
 20
434.223
 11
-128.714
 21
434.382
  0
LINE
  8
0
 10
-128.714
 20
434.382
 11
-128.593
 21
434.527
  0
LINE
  8
0
 10
-128.593
 20
434.527
 11
-128.456
 21
434.656
  0
LINE
  8
0
 10
-128.456
 20
434.656
 11
-128.304
 21
434.766
  0
LINE
  8
0
 10
-128.304
 20
434.766
 11
-128.139
 21
434.857
  0
LINE
  8
0
 10
-128.139
 20
434.857
 11
-127.964
 21
434.927
  0
LINE
  8
0
 10
-127.964
 20
434.927
 11
-127.781
 21
434.973
  0
LINE
  8
0
 10
-127.781
 20
434.973
 11
-127.594
 21
434.997
  0
LINE
  8
0
 10
-127.594
 20
434.997
 11
-127.406
 21
434.997
  0
LINE
  8
0
 10
-127.406
 20
434.997
 11
-127.219
 21
434.973
  0
LINE
  8
0
 10
-127.219
 20
434.973
 11
-127.036
 21
434.927
  0
LINE
  8
0
 10
-127.036
 20
434.927
 11
-126.861
 21
434.857
  0
LINE
  8
0
 10
-126.861
 20
434.857
 11
-126.696
 21
434.766
  0
LINE
  8
0
 10
-126.696
 20
434.766
 11
-126.544
 21
434.656
  0
LINE
  8
0
 10
-126.544
 20
434.656
 11
-126.407
 21
434.527
  0
LINE
  8
0
 10
-126.407
 20
434.527
 11
-126.286
 21
434.382
  0
LINE
  8
0
 10
-126.286
 20
434.382
 11
-126.186
 21
434.223
  0
LINE
  8
0
 10
-126.186
 20
434.223
 11
-126.105
 21
434.052
  0
LINE
  8
0
 10
-126.105
 20
434.052
 11
-126.047
 21
433.873
  0
LINE
  8
0
 10
-126.047
 20
433.873
 11
-126.012
 21
433.688
  0
LINE
  8
0
 10
-126.012
 20
433.688
 11
-126
 21
433.5
  0
LINE
  8
0
 10
-126
 20
433.5
 11
-126.012
 21
433.312
  0
LINE
  8
0
 10
-126.012
 20
433.312
 11
-126.047
 21
433.127
  0
LINE
  8
0
 10
-126.047
 20
433.127
 11
-126.105
 21
432.948
  0
LINE
  8
0
 10
-126.105
 20
432.948
 11
-126.186
 21
432.777
  0
LINE
  8
0
 10
-126.186
 20
432.777
 11
-126.286
 21
432.618
  0
LINE
  8
0
 10
-126.286
 20
432.618
 11
-126.407
 21
432.473
  0
LINE
  8
0
 10
-126.407
 20
432.473
 11
-126.544
 21
432.344
  0
LINE
  8
0
 10
-126.544
 20
432.344
 11
-126.696
 21
432.234
  0
LINE
  8
0
 10
-126.696
 20
432.234
 11
-126.861
 21
432.143
  0
LINE
  8
0
 10
-126.861
 20
432.143
 11
-127.036
 21
432.073
  0
LINE
  8
0
 10
-127.036
 20
432.073
 11
-127.219
 21
432.027
  0
LINE
  8
0
 10
-127.219
 20
432.027
 11
-127.406
 21
432.003
  0
LINE
  8
0
 10
-127.406
 20
432.003
 11
-127.594
 21
432.003
  0
LINE
  8
0
 10
-127.688
 20
423.006
 11
-128.062
 21
423.053
  0
LINE
  8
0
 10
-128.062
 20
423.053
 11
-128.427
 21
423.147
  0
LINE
  8
0
 10
-128.427
 20
423.147
 11
-128.777
 21
423.286
  0
LINE
  8
0
 10
-128.777
 20
423.286
 11
-129.107
 21
423.467
  0
LINE
  8
0
 10
-129.107
 20
423.467
 11
-129.412
 21
423.688
  0
LINE
  8
0
 10
-129.412
 20
423.688
 11
-129.687
 21
423.946
  0
LINE
  8
0
 10
-129.687
 20
423.946
 11
-129.927
 21
424.237
  0
LINE
  8
0
 10
-129.927
 20
424.237
 11
-130.129
 21
424.555
  0
LINE
  8
0
 10
-130.129
 20
424.555
 11
-130.289
 21
424.896
  0
LINE
  8
0
 10
-130.289
 20
424.896
 11
-130.406
 21
425.254
  0
LINE
  8
0
 10
-130.406
 20
425.254
 11
-130.476
 21
425.624
  0
LINE
  8
0
 10
-130.476
 20
425.624
 11
-130.5
 21
426
  0
LINE
  8
0
 10
-130.5
 20
426
 11
-130.476
 21
426.376
  0
LINE
  8
0
 10
-130.476
 20
426.376
 11
-130.406
 21
426.746
  0
LINE
  8
0
 10
-130.406
 20
426.746
 11
-130.289
 21
427.104
  0
LINE
  8
0
 10
-130.289
 20
427.104
 11
-130.129
 21
427.445
  0
LINE
  8
0
 10
-130.129
 20
427.445
 11
-129.927
 21
427.763
  0
LINE
  8
0
 10
-129.927
 20
427.763
 11
-129.687
 21
428.054
  0
LINE
  8
0
 10
-129.687
 20
428.054
 11
-129.412
 21
428.312
  0
LINE
  8
0
 10
-129.412
 20
428.312
 11
-129.107
 21
428.533
  0
LINE
  8
0
 10
-129.107
 20
428.533
 11
-128.777
 21
428.714
  0
LINE
  8
0
 10
-128.777
 20
428.714
 11
-128.427
 21
428.853
  0
LINE
  8
0
 10
-128.427
 20
428.853
 11
-128.062
 21
428.947
  0
LINE
  8
0
 10
-128.062
 20
428.947
 11
-127.688
 21
428.994
  0
LINE
  8
0
 10
-127.688
 20
428.994
 11
-127.312
 21
428.994
  0
LINE
  8
0
 10
-127.312
 20
428.994
 11
-126.938
 21
428.947
  0
LINE
  8
0
 10
-126.938
 20
428.947
 11
-126.573
 21
428.853
  0
LINE
  8
0
 10
-126.573
 20
428.853
 11
-126.223
 21
428.714
  0
LINE
  8
0
 10
-126.223
 20
428.714
 11
-125.893
 21
428.533
  0
LINE
  8
0
 10
-125.893
 20
428.533
 11
-125.588
 21
428.312
  0
LINE
  8
0
 10
-125.588
 20
428.312
 11
-125.313
 21
428.054
  0
LINE
  8
0
 10
-125.313
 20
428.054
 11
-125.073
 21
427.763
  0
LINE
  8
0
 10
-125.073
 20
427.763
 11
-124.871
 21
427.445
  0
LINE
  8
0
 10
-124.871
 20
427.445
 11
-124.711
 21
427.104
  0
LINE
  8
0
 10
-124.711
 20
427.104
 11
-124.594
 21
426.746
  0
LINE
  8
0
 10
-124.594
 20
426.746
 11
-124.524
 21
426.376
  0
LINE
  8
0
 10
-124.524
 20
426.376
 11
-124.5
 21
426
  0
LINE
  8
0
 10
-124.5
 20
426
 11
-124.524
 21
425.624
  0
LINE
  8
0
 10
-124.524
 20
425.624
 11
-124.594
 21
425.254
  0
LINE
  8
0
 10
-124.594
 20
425.254
 11
-124.711
 21
424.896
  0
LINE
  8
0
 10
-124.711
 20
424.896
 11
-124.871
 21
424.555
  0
LINE
  8
0
 10
-124.871
 20
424.555
 11
-125.073
 21
424.237
  0
LINE
  8
0
 10
-125.073
 20
424.237
 11
-125.313
 21
423.946
  0
LINE
  8
0
 10
-125.313
 20
423.946
 11
-125.588
 21
423.688
  0
LINE
  8
0
 10
-125.588
 20
423.688
 11
-125.893
 21
423.467
  0
LINE
  8
0
 10
-125.893
 20
423.467
 11
-126.223
 21
423.286
  0
LINE
  8
0
 10
-126.223
 20
423.286
 11
-126.573
 21
423.147
  0
LINE
  8
0
 10
-126.573
 20
423.147
 11
-126.938
 21
423.053
  0
LINE
  8
0
 10
-126.938
 20
423.053
 11
-127.312
 21
423.006
  0
LINE
  8
0
 10
-127.312
 20
423.006
 11
-127.688
 21
423.006
  0
LINE
  8
0
 10
127.312
 20
423.006
 11
126.938
 21
423.053
  0
LINE
  8
0
 10
126.938
 20
423.053
 11
126.573
 21
423.147
  0
LINE
  8
0
 10
126.573
 20
423.147
 11
126.223
 21
423.286
  0
LINE
  8
0
 10
126.223
 20
423.286
 11
125.893
 21
423.467
  0
LINE
  8
0
 10
125.893
 20
423.467
 11
125.588
 21
423.688
  0
LINE
  8
0
 10
125.588
 20
423.688
 11
125.313
 21
423.946
  0
LINE
  8
0
 10
125.313
 20
423.946
 11
125.073
 21
424.237
  0
LINE
  8
0
 10
125.073
 20
424.237
 11
124.871
 21
424.555
  0
LINE
  8
0
 10
124.871
 20
424.555
 11
124.711
 21
424.896
  0
LINE
  8
0
 10
124.711
 20
424.896
 11
124.594
 21
425.254
  0
LINE
  8
0
 10
124.594
 20
425.254
 11
124.524
 21
425.624
  0
LINE
  8
0
 10
124.524
 20
425.624
 11
124.5
 21
426
  0
LINE
  8
0
 10
124.5
 20
426
 11
124.524
 21
426.376
  0
LINE
  8
0
 10
124.524
 20
426.376
 11
124.594
 21
426.746
  0
LINE
  8
0
 10
124.594
 20
426.746
 11
124.711
 21
427.104
  0
LINE
  8
0
 10
124.711
 20
427.104
 11
124.871
 21
427.445
  0
LINE
  8
0
 10
124.871
 20
427.445
 11
125.073
 21
427.763
  0
LINE
  8
0
 10
125.073
 20
427.763
 11
125.313
 21
428.054
  0
LINE
  8
0
 10
125.313
 20
428.054
 11
125.588
 21
428.312
  0
LINE
  8
0
 10
125.588
 20
428.312
 11
125.893
 21
428.533
  0
LINE
  8
0
 10
125.893
 20
428.533
 11
126.223
 21
428.714
  0
LINE
  8
0
 10
126.223
 20
428.714
 11
126.573
 21
428.853
  0
LINE
  8
0
 10
126.573
 20
428.853
 11
126.938
 21
428.947
  0
LINE
  8
0
 10
126.938
 20
428.947
 11
127.312
 21
428.994
  0
LINE
  8
0
 10
127.312
 20
428.994
 11
127.688
 21
428.994
  0
LINE
  8
0
 10
127.688
 20
428.994
 11
128.062
 21
428.947
  0
LINE
  8
0
 10
128.062
 20
428.947
 11
128.427
 21
428.853
  0
LINE
  8
0
 10
128.427
 20
428.853
 11
128.777
 21
428.714
  0
LINE
  8
0
 10
128.777
 20
428.714
 11
129.107
 21
428.533
  0
LINE
  8
0
 10
129.107
 20
428.533
 11
129.412
 21
428.312
  0
LINE
  8
0
 10
129.412
 20
428.312
 11
129.687
 21
428.054
  0
LINE
  8
0
 10
129.687
 20
428.054
 11
129.927
 21
427.763
  0
LINE
  8
0
 10
129.927
 20
427.763
 11
130.129
 21
427.445
  0
LINE
  8
0
 10
130.129
 20
427.445
 11
130.289
 21
427.104
  0
LINE
  8
0
 10
130.289
 20
427.104
 11
130.406
 21
426.746
  0
LINE
  8
0
 10
130.406
 20
426.746
 11
130.476
 21
426.376
  0
LINE
  8
0
 10
130.476
 20
426.376
 11
130.5
 21
426
  0
LINE
  8
0
 10
130.5
 20
426
 11
130.476
 21
425.624
  0
LINE
  8
0
 10
130.476
 20
425.624
 11
130.406
 21
425.254
  0
LINE
  8
0
 10
130.406
 20
425.254
 11
130.289
 21
424.896
  0
LINE
  8
0
 10
130.289
 20
424.896
 11
130.129
 21
424.555
  0
LINE
  8
0
 10
130.129
 20
424.555
 11
129.927
 21
424.237
  0
LINE
  8
0
 10
129.927
 20
424.237
 11
129.687
 21
423.946
  0
LINE
  8
0
 10
129.687
 20
423.946
 11
129.412
 21
423.688
  0
LINE
  8
0
 10
129.412
 20
423.688
 11
129.107
 21
423.467
  0
LINE
  8
0
 10
129.107
 20
423.467
 11
128.777
 21
423.286
  0
LINE
  8
0
 10
128.777
 20
423.286
 11
128.427
 21
423.147
  0
LINE
  8
0
 10
128.427
 20
423.147
 11
128.062
 21
423.053
  0
LINE
  8
0
 10
128.062
 20
423.053
 11
127.688
 21
423.006
  0
LINE
  8
0
 10
127.688
 20
423.006
 11
127.312
 21
423.006
  0
LINE
  8
0
 10
-127.594
 20
417.003
 11
-127.781
 21
417.027
  0
LINE
  8
0
 10
-127.781
 20
417.027
 11
-127.964
 21
417.073
  0
LINE
  8
0
 10
-127.964
 20
417.073
 11
-128.139
 21
417.143
  0
LINE
  8
0
 10
-128.139
 20
417.143
 11
-128.304
 21
417.234
  0
LINE
  8
0
 10
-128.304
 20
417.234
 11
-128.456
 21
417.344
  0
LINE
  8
0
 10
-128.456
 20
417.344
 11
-128.593
 21
417.473
  0
LINE
  8
0
 10
-128.593
 20
417.473
 11
-128.714
 21
417.618
  0
LINE
  8
0
 10
-128.714
 20
417.618
 11
-128.814
 21
417.777
  0
LINE
  8
0
 10
-128.814
 20
417.777
 11
-128.895
 21
417.948
  0
LINE
  8
0
 10
-128.895
 20
417.948
 11
-128.953
 21
418.127
  0
LINE
  8
0
 10
-128.953
 20
418.127
 11
-128.988
 21
418.312
  0
LINE
  8
0
 10
-128.988
 20
418.312
 11
-129
 21
418.5
  0
LINE
  8
0
 10
-129
 20
418.5
 11
-128.988
 21
418.688
  0
LINE
  8
0
 10
-128.988
 20
418.688
 11
-128.953
 21
418.873
  0
LINE
  8
0
 10
-128.953
 20
418.873
 11
-128.895
 21
419.052
  0
LINE
  8
0
 10
-128.895
 20
419.052
 11
-128.814
 21
419.223
  0
LINE
  8
0
 10
-128.814
 20
419.223
 11
-128.714
 21
419.382
  0
LINE
  8
0
 10
-128.714
 20
419.382
 11
-128.593
 21
419.527
  0
LINE
  8
0
 10
-128.593
 20
419.527
 11
-128.456
 21
419.656
  0
LINE
  8
0
 10
-128.456
 20
419.656
 11
-128.304
 21
419.766
  0
LINE
  8
0
 10
-128.304
 20
419.766
 11
-128.139
 21
419.857
  0
LINE
  8
0
 10
-128.139
 20
419.857
 11
-127.964
 21
419.927
  0
LINE
  8
0
 10
-127.964
 20
419.927
 11
-127.781
 21
419.973
  0
LINE
  8
0
 10
-127.781
 20
419.973
 11
-127.594
 21
419.997
  0
LINE
  8
0
 10
-127.594
 20
419.997
 11
-127.406
 21
419.997
  0
LINE
  8
0
 10
-127.406
 20
419.997
 11
-127.219
 21
419.973
  0
LINE
  8
0
 10
-127.219
 20
419.973
 11
-127.036
 21
419.927
  0
LINE
  8
0
 10
-127.036
 20
419.927
 11
-126.861
 21
419.857
  0
LINE
  8
0
 10
-126.861
 20
419.857
 11
-126.696
 21
419.766
  0
LINE
  8
0
 10
-126.696
 20
419.766
 11
-126.544
 21
419.656
  0
LINE
  8
0
 10
-126.544
 20
419.656
 11
-126.407
 21
419.527
  0
LINE
  8
0
 10
-126.407
 20
419.527
 11
-126.286
 21
419.382
  0
LINE
  8
0
 10
-126.286
 20
419.382
 11
-126.186
 21
419.223
  0
LINE
  8
0
 10
-126.186
 20
419.223
 11
-126.105
 21
419.052
  0
LINE
  8
0
 10
-126.105
 20
419.052
 11
-126.047
 21
418.873
  0
LINE
  8
0
 10
-126.047
 20
418.873
 11
-126.012
 21
418.688
  0
LINE
  8
0
 10
-126.012
 20
418.688
 11
-126
 21
418.5
  0
LINE
  8
0
 10
-126
 20
418.5
 11
-126.012
 21
418.312
  0
LINE
  8
0
 10
-126.012
 20
418.312
 11
-126.047
 21
418.127
  0
LINE
  8
0
 10
-126.047
 20
418.127
 11
-126.105
 21
417.948
  0
LINE
  8
0
 10
-126.105
 20
417.948
 11
-126.186
 21
417.777
  0
LINE
  8
0
 10
-126.186
 20
417.777
 11
-126.286
 21
417.618
  0
LINE
  8
0
 10
-126.286
 20
417.618
 11
-126.407
 21
417.473
  0
LINE
  8
0
 10
-126.407
 20
417.473
 11
-126.544
 21
417.344
  0
LINE
  8
0
 10
-126.544
 20
417.344
 11
-126.696
 21
417.234
  0
LINE
  8
0
 10
-126.696
 20
417.234
 11
-126.861
 21
417.143
  0
LINE
  8
0
 10
-126.861
 20
417.143
 11
-127.036
 21
417.073
  0
LINE
  8
0
 10
-127.036
 20
417.073
 11
-127.219
 21
417.027
  0
LINE
  8
0
 10
-127.219
 20
417.027
 11
-127.406
 21
417.003
  0
LINE
  8
0
 10
-127.406
 20
417.003
 11
-127.594
 21
417.003
  0
LINE
  8
0
 10
127.406
 20
417.003
 11
127.219
 21
417.027
  0
LINE
  8
0
 10
127.219
 20
417.027
 11
127.036
 21
417.073
  0
LINE
  8
0
 10
127.036
 20
417.073
 11
126.861
 21
417.143
  0
LINE
  8
0
 10
126.861
 20
417.143
 11
126.696
 21
417.234
  0
LINE
  8
0
 10
126.696
 20
417.234
 11
126.544
 21
417.344
  0
LINE
  8
0
 10
126.544
 20
417.344
 11
126.407
 21
417.473
  0
LINE
  8
0
 10
126.407
 20
417.473
 11
126.286
 21
417.618
  0
LINE
  8
0
 10
126.286
 20
417.618
 11
126.186
 21
417.777
  0
LINE
  8
0
 10
126.186
 20
417.777
 11
126.105
 21
417.948
  0
LINE
  8
0
 10
126.105
 20
417.948
 11
126.047
 21
418.127
  0
LINE
  8
0
 10
126.047
 20
418.127
 11
126.012
 21
418.312
  0
LINE
  8
0
 10
126.012
 20
418.312
 11
126
 21
418.5
  0
LINE
  8
0
 10
126
 20
418.5
 11
126.012
 21
418.688
  0
LINE
  8
0
 10
126.012
 20
418.688
 11
126.047
 21
418.873
  0
LINE
  8
0
 10
126.047
 20
418.873
 11
126.105
 21
419.052
  0
LINE
  8
0
 10
126.105
 20
419.052
 11
126.186
 21
419.223
  0
LINE
  8
0
 10
126.186
 20
419.223
 11
126.286
 21
419.382
  0
LINE
  8
0
 10
126.286
 20
419.382
 11
126.407
 21
419.527
  0
LINE
  8
0
 10
126.407
 20
419.527
 11
126.544
 21
419.656
  0
LINE
  8
0
 10
126.544
 20
419.656
 11
126.696
 21
419.766
  0
LINE
  8
0
 10
126.696
 20
419.766
 11
126.861
 21
419.857
  0
LINE
  8
0
 10
126.861
 20
419.857
 11
127.036
 21
419.927
  0
LINE
  8
0
 10
127.036
 20
419.927
 11
127.219
 21
419.973
  0
LINE
  8
0
 10
127.219
 20
419.973
 11
127.406
 21
419.997
  0
LINE
  8
0
 10
127.406
 20
419.997
 11
127.594
 21
419.997
  0
LINE
  8
0
 10
127.594
 20
419.997
 11
127.781
 21
419.973
  0
LINE
  8
0
 10
127.781
 20
419.973
 11
127.964
 21
419.927
  0
LINE
  8
0
 10
127.964
 20
419.927
 11
128.139
 21
419.857
  0
LINE
  8
0
 10
128.139
 20
419.857
 11
128.304
 21
419.766
  0
LINE
  8
0
 10
128.304
 20
419.766
 11
128.456
 21
419.656
  0
LINE
  8
0
 10
128.456
 20
419.656
 11
128.593
 21
419.527
  0
LINE
  8
0
 10
128.593
 20
419.527
 11
128.714
 21
419.382
  0
LINE
  8
0
 10
128.714
 20
419.382
 11
128.814
 21
419.223
  0
LINE
  8
0
 10
128.814
 20
419.223
 11
128.895
 21
419.052
  0
LINE
  8
0
 10
128.895
 20
419.052
 11
128.953
 21
418.873
  0
LINE
  8
0
 10
128.953
 20
418.873
 11
128.988
 21
418.688
  0
LINE
  8
0
 10
128.988
 20
418.688
 11
129
 21
418.5
  0
LINE
  8
0
 10
129
 20
418.5
 11
128.988
 21
418.312
  0
LINE
  8
0
 10
128.988
 20
418.312
 11
128.953
 21
418.127
  0
LINE
  8
0
 10
128.953
 20
418.127
 11
128.895
 21
417.948
  0
LINE
  8
0
 10
128.895
 20
417.948
 11
128.814
 21
417.777
  0
LINE
  8
0
 10
128.814
 20
417.777
 11
128.714
 21
417.618
  0
LINE
  8
0
 10
128.714
 20
417.618
 11
128.593
 21
417.473
  0
LINE
  8
0
 10
128.593
 20
417.473
 11
128.456
 21
417.344
  0
LINE
  8
0
 10
128.456
 20
417.344
 11
128.304
 21
417.234
  0
LINE
  8
0
 10
128.304
 20
417.234
 11
128.139
 21
417.143
  0
LINE
  8
0
 10
128.139
 20
417.143
 11
127.964
 21
417.073
  0
LINE
  8
0
 10
127.964
 20
417.073
 11
127.781
 21
417.027
  0
LINE
  8
0
 10
127.781
 20
417.027
 11
127.594
 21
417.003
  0
LINE
  8
0
 10
127.594
 20
417.003
 11
127.406
 21
417.003
  0
LINE
  8
0
 10
127.312
 20
408.006
 11
126.938
 21
408.053
  0
LINE
  8
0
 10
126.938
 20
408.053
 11
126.573
 21
408.147
  0
LINE
  8
0
 10
126.573
 20
408.147
 11
126.223
 21
408.286
  0
LINE
  8
0
 10
126.223
 20
408.286
 11
125.893
 21
408.467
  0
LINE
  8
0
 10
125.893
 20
408.467
 11
125.588
 21
408.688
  0
LINE
  8
0
 10
125.588
 20
408.688
 11
125.313
 21
408.946
  0
LINE
  8
0
 10
125.313
 20
408.946
 11
125.073
 21
409.237
  0
LINE
  8
0
 10
125.073
 20
409.237
 11
124.871
 21
409.555
  0
LINE
  8
0
 10
124.871
 20
409.555
 11
124.711
 21
409.896
  0
LINE
  8
0
 10
124.711
 20
409.896
 11
124.594
 21
410.254
  0
LINE
  8
0
 10
124.594
 20
410.254
 11
124.524
 21
410.624
  0
LINE
  8
0
 10
124.524
 20
410.624
 11
124.5
 21
411
  0
LINE
  8
0
 10
124.5
 20
411
 11
124.524
 21
411.376
  0
LINE
  8
0
 10
124.524
 20
411.376
 11
124.594
 21
411.746
  0
LINE
  8
0
 10
124.594
 20
411.746
 11
124.711
 21
412.104
  0
LINE
  8
0
 10
124.711
 20
412.104
 11
124.871
 21
412.445
  0
LINE
  8
0
 10
124.871
 20
412.445
 11
125.073
 21
412.763
  0
LINE
  8
0
 10
125.073
 20
412.763
 11
125.313
 21
413.054
  0
LINE
  8
0
 10
125.313
 20
413.054
 11
125.588
 21
413.312
  0
LINE
  8
0
 10
125.588
 20
413.312
 11
125.893
 21
413.533
  0
LINE
  8
0
 10
125.893
 20
413.533
 11
126.223
 21
413.714
  0
LINE
  8
0
 10
126.223
 20
413.714
 11
126.573
 21
413.853
  0
LINE
  8
0
 10
126.573
 20
413.853
 11
126.938
 21
413.947
  0
LINE
  8
0
 10
126.938
 20
413.947
 11
127.312
 21
413.994
  0
LINE
  8
0
 10
127.312
 20
413.994
 11
127.688
 21
413.994
  0
LINE
  8
0
 10
127.688
 20
413.994
 11
128.062
 21
413.947
  0
LINE
  8
0
 10
128.062
 20
413.947
 11
128.427
 21
413.853
  0
LINE
  8
0
 10
128.427
 20
413.853
 11
128.777
 21
413.714
  0
LINE
  8
0
 10
128.777
 20
413.714
 11
129.107
 21
413.533
  0
LINE
  8
0
 10
129.107
 20
413.533
 11
129.412
 21
413.312
  0
LINE
  8
0
 10
129.412
 20
413.312
 11
129.687
 21
413.054
  0
LINE
  8
0
 10
129.687
 20
413.054
 11
129.927
 21
412.763
  0
LINE
  8
0
 10
129.927
 20
412.763
 11
130.129
 21
412.445
  0
LINE
  8
0
 10
130.129
 20
412.445
 11
130.289
 21
412.104
  0
LINE
  8
0
 10
130.289
 20
412.104
 11
130.406
 21
411.746
  0
LINE
  8
0
 10
130.406
 20
411.746
 11
130.476
 21
411.376
  0
LINE
  8
0
 10
130.476
 20
411.376
 11
130.5
 21
411
  0
LINE
  8
0
 10
130.5
 20
411
 11
130.476
 21
410.624
  0
LINE
  8
0
 10
130.476
 20
410.624
 11
130.406
 21
410.254
  0
LINE
  8
0
 10
130.406
 20
410.254
 11
130.289
 21
409.896
  0
LINE
  8
0
 10
130.289
 20
409.896
 11
130.129
 21
409.555
  0
LINE
  8
0
 10
130.129
 20
409.555
 11
129.927
 21
409.237
  0
LINE
  8
0
 10
129.927
 20
409.237
 11
129.687
 21
408.946
  0
LINE
  8
0
 10
129.687
 20
408.946
 11
129.412
 21
408.688
  0
LINE
  8
0
 10
129.412
 20
408.688
 11
129.107
 21
408.467
  0
LINE
  8
0
 10
129.107
 20
408.467
 11
128.777
 21
408.286
  0
LINE
  8
0
 10
128.777
 20
408.286
 11
128.427
 21
408.147
  0
LINE
  8
0
 10
128.427
 20
408.147
 11
128.062
 21
408.053
  0
LINE
  8
0
 10
128.062
 20
408.053
 11
127.688
 21
408.006
  0
LINE
  8
0
 10
127.688
 20
408.006
 11
127.312
 21
408.006
  0
LINE
  8
0
 10
-127.688
 20
408.006
 11
-128.062
 21
408.053
  0
LINE
  8
0
 10
-128.062
 20
408.053
 11
-128.427
 21
408.147
  0
LINE
  8
0
 10
-128.427
 20
408.147
 11
-128.777
 21
408.286
  0
LINE
  8
0
 10
-128.777
 20
408.286
 11
-129.107
 21
408.467
  0
LINE
  8
0
 10
-129.107
 20
408.467
 11
-129.412
 21
408.688
  0
LINE
  8
0
 10
-129.412
 20
408.688
 11
-129.687
 21
408.946
  0
LINE
  8
0
 10
-129.687
 20
408.946
 11
-129.927
 21
409.237
  0
LINE
  8
0
 10
-129.927
 20
409.237
 11
-130.129
 21
409.555
  0
LINE
  8
0
 10
-130.129
 20
409.555
 11
-130.289
 21
409.896
  0
LINE
  8
0
 10
-130.289
 20
409.896
 11
-130.406
 21
410.254
  0
LINE
  8
0
 10
-130.406
 20
410.254
 11
-130.476
 21
410.624
  0
LINE
  8
0
 10
-130.476
 20
410.624
 11
-130.5
 21
411
  0
LINE
  8
0
 10
-130.5
 20
411
 11
-130.476
 21
411.376
  0
LINE
  8
0
 10
-130.476
 20
411.376
 11
-130.406
 21
411.746
  0
LINE
  8
0
 10
-130.406
 20
411.746
 11
-130.289
 21
412.104
  0
LINE
  8
0
 10
-130.289
 20
412.104
 11
-130.129
 21
412.445
  0
LINE
  8
0
 10
-130.129
 20
412.445
 11
-129.927
 21
412.763
  0
LINE
  8
0
 10
-129.927
 20
412.763
 11
-129.687
 21
413.054
  0
LINE
  8
0
 10
-129.687
 20
413.054
 11
-129.412
 21
413.312
  0
LINE
  8
0
 10
-129.412
 20
413.312
 11
-129.107
 21
413.533
  0
LINE
  8
0
 10
-129.107
 20
413.533
 11
-128.777
 21
413.714
  0
LINE
  8
0
 10
-128.777
 20
413.714
 11
-128.427
 21
413.853
  0
LINE
  8
0
 10
-128.427
 20
413.853
 11
-128.062
 21
413.947
  0
LINE
  8
0
 10
-128.062
 20
413.947
 11
-127.688
 21
413.994
  0
LINE
  8
0
 10
-127.688
 20
413.994
 11
-127.312
 21
413.994
  0
LINE
  8
0
 10
-127.312
 20
413.994
 11
-126.938
 21
413.947
  0
LINE
  8
0
 10
-126.938
 20
413.947
 11
-126.573
 21
413.853
  0
LINE
  8
0
 10
-126.573
 20
413.853
 11
-126.223
 21
413.714
  0
LINE
  8
0
 10
-126.223
 20
413.714
 11
-125.893
 21
413.533
  0
LINE
  8
0
 10
-125.893
 20
413.533
 11
-125.588
 21
413.312
  0
LINE
  8
0
 10
-125.588
 20
413.312
 11
-125.313
 21
413.054
  0
LINE
  8
0
 10
-125.313
 20
413.054
 11
-125.073
 21
412.763
  0
LINE
  8
0
 10
-125.073
 20
412.763
 11
-124.871
 21
412.445
  0
LINE
  8
0
 10
-124.871
 20
412.445
 11
-124.711
 21
412.104
  0
LINE
  8
0
 10
-124.711
 20
412.104
 11
-124.594
 21
411.746
  0
LINE
  8
0
 10
-124.594
 20
411.746
 11
-124.524
 21
411.376
  0
LINE
  8
0
 10
-124.524
 20
411.376
 11
-124.5
 21
411
  0
LINE
  8
0
 10
-124.5
 20
411
 11
-124.524
 21
410.624
  0
LINE
  8
0
 10
-124.524
 20
410.624
 11
-124.594
 21
410.254
  0
LINE
  8
0
 10
-124.594
 20
410.254
 11
-124.711
 21
409.896
  0
LINE
  8
0
 10
-124.711
 20
409.896
 11
-124.871
 21
409.555
  0
LINE
  8
0
 10
-124.871
 20
409.555
 11
-125.073
 21
409.237
  0
LINE
  8
0
 10
-125.073
 20
409.237
 11
-125.313
 21
408.946
  0
LINE
  8
0
 10
-125.313
 20
408.946
 11
-125.588
 21
408.688
  0
LINE
  8
0
 10
-125.588
 20
408.688
 11
-125.893
 21
408.467
  0
LINE
  8
0
 10
-125.893
 20
408.467
 11
-126.223
 21
408.286
  0
LINE
  8
0
 10
-126.223
 20
408.286
 11
-126.573
 21
408.147
  0
LINE
  8
0
 10
-126.573
 20
408.147
 11
-126.938
 21
408.053
  0
LINE
  8
0
 10
-126.938
 20
408.053
 11
-127.312
 21
408.006
  0
LINE
  8
0
 10
-127.312
 20
408.006
 11
-127.688
 21
408.006
  0
LINE
  8
0
 10
130.437
 20
290.089
 11
131.045
 21
290.245
  0
LINE
  8
0
 10
131.045
 20
290.245
 11
131.629
 21
290.476
  0
LINE
  8
0
 10
131.629
 20
290.476
 11
132.179
 21
290.778
  0
LINE
  8
0
 10
132.179
 20
290.778
 11
132.687
 21
291.147
  0
LINE
  8
0
 10
132.687
 20
291.147
 11
133.145
 21
291.577
  0
LINE
  8
0
 10
133.145
 20
291.577
 11
133.545
 21
292.061
  0
LINE
  8
0
 10
133.545
 20
292.061
 11
133.882
 21
292.591
  0
LINE
  8
0
 10
133.882
 20
292.591
 11
134.149
 21
293.159
  0
LINE
  8
0
 10
134.149
 20
293.159
 11
134.343
 21
293.757
  0
LINE
  8
0
 10
134.343
 20
293.757
 11
134.461
 21
294.373
  0
LINE
  8
0
 10
134.461
 20
294.373
 11
134.5
 21
295
  0
LINE
  8
0
 10
134.5
 20
295
 11
134.5
 21
389
  0
LINE
  8
0
 10
134.5
 20
389
 11
134.461
 21
389.627
  0
LINE
  8
0
 10
134.461
 20
389.627
 11
134.343
 21
390.243
  0
LINE
  8
0
 10
134.343
 20
390.243
 11
134.149
 21
390.841
  0
LINE
  8
0
 10
134.149
 20
390.841
 11
133.882
 21
391.409
  0
LINE
  8
0
 10
133.882
 20
391.409
 11
133.545
 21
391.939
  0
LINE
  8
0
 10
133.545
 20
391.939
 11
133.145
 21
392.423
  0
LINE
  8
0
 10
133.145
 20
392.423
 11
132.687
 21
392.853
  0
LINE
  8
0
 10
132.687
 20
392.853
 11
132.179
 21
393.222
  0
LINE
  8
0
 10
132.179
 20
393.222
 11
131.629
 21
393.524
  0
LINE
  8
0
 10
131.629
 20
393.524
 11
131.045
 21
393.755
  0
LINE
  8
0
 10
131.045
 20
393.755
 11
130.437
 21
393.911
  0
LINE
  8
0
 10
130.437
 20
393.911
 11
129.814
 21
393.99
  0
LINE
  8
0
 10
129.814
 20
393.99
 11
-129.814
 21
393.99
  0
LINE
  8
0
 10
-129.814
 20
393.99
 11
-130.437
 21
393.911
  0
LINE
  8
0
 10
-130.437
 20
393.911
 11
-131.045
 21
393.755
  0
LINE
  8
0
 10
-131.045
 20
393.755
 11
-131.629
 21
393.524
  0
LINE
  8
0
 10
-131.629
 20
393.524
 11
-132.179
 21
393.222
  0
LINE
  8
0
 10
-132.179
 20
393.222
 11
-132.687
 21
392.853
  0
LINE
  8
0
 10
-132.687
 20
392.853
 11
-133.145
 21
392.423
  0
LINE
  8
0
 10
-133.145
 20
392.423
 11
-133.545
 21
391.939
  0
LINE
  8
0
 10
-133.545
 20
391.939
 11
-133.882
 21
391.409
  0
LINE
  8
0
 10
-133.882
 20
391.409
 11
-134.149
 21
390.841
  0
LINE
  8
0
 10
-134.149
 20
390.841
 11
-134.343
 21
390.243
  0
LINE
  8
0
 10
-134.343
 20
390.243
 11
-134.461
 21
389.627
  0
LINE
  8
0
 10
-134.461
 20
389.627
 11
-134.5
 21
389
  0
LINE
  8
0
 10
-134.5
 20
389
 11
-134.5
 21
295
  0
LINE
  8
0
 10
-134.5
 20
295
 11
-134.461
 21
294.373
  0
LINE
  8
0
 10
-134.461
 20
294.373
 11
-134.343
 21
293.757
  0
LINE
  8
0
 10
-134.343
 20
293.757
 11
-134.149
 21
293.159
  0
LINE
  8
0
 10
-134.149
 20
293.159
 11
-133.882
 21
292.591
  0
LINE
  8
0
 10
-133.882
 20
292.591
 11
-133.545
 21
292.061
  0
LINE
  8
0
 10
-133.545
 20
292.061
 11
-133.145
 21
291.577
  0
LINE
  8
0
 10
-133.145
 20
291.577
 11
-132.687
 21
291.147
  0
LINE
  8
0
 10
-132.687
 20
291.147
 11
-132.179
 21
290.778
  0
LINE
  8
0
 10
-132.179
 20
290.778
 11
-131.629
 21
290.476
  0
LINE
  8
0
 10
-131.629
 20
290.476
 11
-131.045
 21
290.245
  0
LINE
  8
0
 10
-131.045
 20
290.245
 11
-130.437
 21
290.089
  0
LINE
  8
0
 10
-130.437
 20
290.089
 11
-129.814
 21
290.01
  0
LINE
  8
0
 10
-129.814
 20
290.01
 11
129.814
 21
290.01
  0
LINE
  8
0
 10
129.814
 20
290.01
 11
130.437
 21
290.089
  0
LINE
  8
0
 10
-127.688
 20
384.006
 11
-128.062
 21
384.053
  0
LINE
  8
0
 10
-128.062
 20
384.053
 11
-128.427
 21
384.147
  0
LINE
  8
0
 10
-128.427
 20
384.147
 11
-128.777
 21
384.286
  0
LINE
  8
0
 10
-128.777
 20
384.286
 11
-129.107
 21
384.467
  0
LINE
  8
0
 10
-129.107
 20
384.467
 11
-129.412
 21
384.688
  0
LINE
  8
0
 10
-129.412
 20
384.688
 11
-129.687
 21
384.946
  0
LINE
  8
0
 10
-129.687
 20
384.946
 11
-129.927
 21
385.237
  0
LINE
  8
0
 10
-129.927
 20
385.237
 11
-130.129
 21
385.555
  0
LINE
  8
0
 10
-130.129
 20
385.555
 11
-130.289
 21
385.896
  0
LINE
  8
0
 10
-130.289
 20
385.896
 11
-130.406
 21
386.254
  0
LINE
  8
0
 10
-130.406
 20
386.254
 11
-130.476
 21
386.624
  0
LINE
  8
0
 10
-130.476
 20
386.624
 11
-130.5
 21
387
  0
LINE
  8
0
 10
-130.5
 20
387
 11
-130.476
 21
387.376
  0
LINE
  8
0
 10
-130.476
 20
387.376
 11
-130.406
 21
387.746
  0
LINE
  8
0
 10
-130.406
 20
387.746
 11
-130.289
 21
388.104
  0
LINE
  8
0
 10
-130.289
 20
388.104
 11
-130.129
 21
388.445
  0
LINE
  8
0
 10
-130.129
 20
388.445
 11
-129.927
 21
388.763
  0
LINE
  8
0
 10
-129.927
 20
388.763
 11
-129.687
 21
389.054
  0
LINE
  8
0
 10
-129.687
 20
389.054
 11
-129.412
 21
389.312
  0
LINE
  8
0
 10
-129.412
 20
389.312
 11
-129.107
 21
389.533
  0
LINE
  8
0
 10
-129.107
 20
389.533
 11
-128.777
 21
389.714
  0
LINE
  8
0
 10
-128.777
 20
389.714
 11
-128.427
 21
389.853
  0
LINE
  8
0
 10
-128.427
 20
389.853
 11
-128.062
 21
389.947
  0
LINE
  8
0
 10
-128.062
 20
389.947
 11
-127.688
 21
389.994
  0
LINE
  8
0
 10
-127.688
 20
389.994
 11
-127.312
 21
389.994
  0
LINE
  8
0
 10
-127.312
 20
389.994
 11
-126.938
 21
389.947
  0
LINE
  8
0
 10
-126.938
 20
389.947
 11
-126.573
 21
389.853
  0
LINE
  8
0
 10
-126.573
 20
389.853
 11
-126.223
 21
389.714
  0
LINE
  8
0
 10
-126.223
 20
389.714
 11
-125.893
 21
389.533
  0
LINE
  8
0
 10
-125.893
 20
389.533
 11
-125.588
 21
389.312
  0
LINE
  8
0
 10
-125.588
 20
389.312
 11
-125.313
 21
389.054
  0
LINE
  8
0
 10
-125.313
 20
389.054
 11
-125.073
 21
388.763
  0
LINE
  8
0
 10
-125.073
 20
388.763
 11
-124.871
 21
388.445
  0
LINE
  8
0
 10
-124.871
 20
388.445
 11
-124.711
 21
388.104
  0
LINE
  8
0
 10
-124.711
 20
388.104
 11
-124.594
 21
387.746
  0
LINE
  8
0
 10
-124.594
 20
387.746
 11
-124.524
 21
387.376
  0
LINE
  8
0
 10
-124.524
 20
387.376
 11
-124.5
 21
387
  0
LINE
  8
0
 10
-124.5
 20
387
 11
-124.524
 21
386.624
  0
LINE
  8
0
 10
-124.524
 20
386.624
 11
-124.594
 21
386.254
  0
LINE
  8
0
 10
-124.594
 20
386.254
 11
-124.711
 21
385.896
  0
LINE
  8
0
 10
-124.711
 20
385.896
 11
-124.871
 21
385.555
  0
LINE
  8
0
 10
-124.871
 20
385.555
 11
-125.073
 21
385.237
  0
LINE
  8
0
 10
-125.073
 20
385.237
 11
-125.313
 21
384.946
  0
LINE
  8
0
 10
-125.313
 20
384.946
 11
-125.588
 21
384.688
  0
LINE
  8
0
 10
-125.588
 20
384.688
 11
-125.893
 21
384.467
  0
LINE
  8
0
 10
-125.893
 20
384.467
 11
-126.223
 21
384.286
  0
LINE
  8
0
 10
-126.223
 20
384.286
 11
-126.573
 21
384.147
  0
LINE
  8
0
 10
-126.573
 20
384.147
 11
-126.938
 21
384.053
  0
LINE
  8
0
 10
-126.938
 20
384.053
 11
-127.312
 21
384.006
  0
LINE
  8
0
 10
-127.312
 20
384.006
 11
-127.688
 21
384.006
  0
LINE
  8
0
 10
127.312
 20
384.006
 11
126.938
 21
384.053
  0
LINE
  8
0
 10
126.938
 20
384.053
 11
126.573
 21
384.147
  0
LINE
  8
0
 10
126.573
 20
384.147
 11
126.223
 21
384.286
  0
LINE
  8
0
 10
126.223
 20
384.286
 11
125.893
 21
384.467
  0
LINE
  8
0
 10
125.893
 20
384.467
 11
125.588
 21
384.688
  0
LINE
  8
0
 10
125.588
 20
384.688
 11
125.313
 21
384.946
  0
LINE
  8
0
 10
125.313
 20
384.946
 11
125.073
 21
385.237
  0
LINE
  8
0
 10
125.073
 20
385.237
 11
124.871
 21
385.555
  0
LINE
  8
0
 10
124.871
 20
385.555
 11
124.711
 21
385.896
  0
LINE
  8
0
 10
124.711
 20
385.896
 11
124.594
 21
386.254
  0
LINE
  8
0
 10
124.594
 20
386.254
 11
124.524
 21
386.624
  0
LINE
  8
0
 10
124.524
 20
386.624
 11
124.5
 21
387
  0
LINE
  8
0
 10
124.5
 20
387
 11
124.524
 21
387.376
  0
LINE
  8
0
 10
124.524
 20
387.376
 11
124.594
 21
387.746
  0
LINE
  8
0
 10
124.594
 20
387.746
 11
124.711
 21
388.104
  0
LINE
  8
0
 10
124.711
 20
388.104
 11
124.871
 21
388.445
  0
LINE
  8
0
 10
124.871
 20
388.445
 11
125.073
 21
388.763
  0
LINE
  8
0
 10
125.073
 20
388.763
 11
125.313
 21
389.054
  0
LINE
  8
0
 10
125.313
 20
389.054
 11
125.588
 21
389.312
  0
LINE
  8
0
 10
125.588
 20
389.312
 11
125.893
 21
389.533
  0
LINE
  8
0
 10
125.893
 20
389.533
 11
126.223
 21
389.714
  0
LINE
  8
0
 10
126.223
 20
389.714
 11
126.573
 21
389.853
  0
LINE
  8
0
 10
126.573
 20
389.853
 11
126.938
 21
389.947
  0
LINE
  8
0
 10
126.938
 20
389.947
 11
127.312
 21
389.994
  0
LINE
  8
0
 10
127.312
 20
389.994
 11
127.688
 21
389.994
  0
LINE
  8
0
 10
127.688
 20
389.994
 11
128.062
 21
389.947
  0
LINE
  8
0
 10
128.062
 20
389.947
 11
128.427
 21
389.853
  0
LINE
  8
0
 10
128.427
 20
389.853
 11
128.777
 21
389.714
  0
LINE
  8
0
 10
128.777
 20
389.714
 11
129.107
 21
389.533
  0
LINE
  8
0
 10
129.107
 20
389.533
 11
129.412
 21
389.312
  0
LINE
  8
0
 10
129.412
 20
389.312
 11
129.687
 21
389.054
  0
LINE
  8
0
 10
129.687
 20
389.054
 11
129.927
 21
388.763
  0
LINE
  8
0
 10
129.927
 20
388.763
 11
130.129
 21
388.445
  0
LINE
  8
0
 10
130.129
 20
388.445
 11
130.289
 21
388.104
  0
LINE
  8
0
 10
130.289
 20
388.104
 11
130.406
 21
387.746
  0
LINE
  8
0
 10
130.406
 20
387.746
 11
130.476
 21
387.376
  0
LINE
  8
0
 10
130.476
 20
387.376
 11
130.5
 21
387
  0
LINE
  8
0
 10
130.5
 20
387
 11
130.476
 21
386.624
  0
LINE
  8
0
 10
130.476
 20
386.624
 11
130.406
 21
386.254
  0
LINE
  8
0
 10
130.406
 20
386.254
 11
130.289
 21
385.896
  0
LINE
  8
0
 10
130.289
 20
385.896
 11
130.129
 21
385.555
  0
LINE
  8
0
 10
130.129
 20
385.555
 11
129.927
 21
385.237
  0
LINE
  8
0
 10
129.927
 20
385.237
 11
129.687
 21
384.946
  0
LINE
  8
0
 10
129.687
 20
384.946
 11
129.412
 21
384.688
  0
LINE
  8
0
 10
129.412
 20
384.688
 11
129.107
 21
384.467
  0
LINE
  8
0
 10
129.107
 20
384.467
 11
128.777
 21
384.286
  0
LINE
  8
0
 10
128.777
 20
384.286
 11
128.427
 21
384.147
  0
LINE
  8
0
 10
128.427
 20
384.147
 11
128.062
 21
384.053
  0
LINE
  8
0
 10
128.062
 20
384.053
 11
127.688
 21
384.006
  0
LINE
  8
0
 10
127.688
 20
384.006
 11
127.312
 21
384.006
  0
LINE
  8
0
 10
-127.594
 20
378.003
 11
-127.781
 21
378.027
  0
LINE
  8
0
 10
-127.781
 20
378.027
 11
-127.964
 21
378.073
  0
LINE
  8
0
 10
-127.964
 20
378.073
 11
-128.139
 21
378.143
  0
LINE
  8
0
 10
-128.139
 20
378.143
 11
-128.304
 21
378.234
  0
LINE
  8
0
 10
-128.304
 20
378.234
 11
-128.456
 21
378.344
  0
LINE
  8
0
 10
-128.456
 20
378.344
 11
-128.593
 21
378.473
  0
LINE
  8
0
 10
-128.593
 20
378.473
 11
-128.714
 21
378.618
  0
LINE
  8
0
 10
-128.714
 20
378.618
 11
-128.814
 21
378.777
  0
LINE
  8
0
 10
-128.814
 20
378.777
 11
-128.895
 21
378.948
  0
LINE
  8
0
 10
-128.895
 20
378.948
 11
-128.953
 21
379.127
  0
LINE
  8
0
 10
-128.953
 20
379.127
 11
-128.988
 21
379.312
  0
LINE
  8
0
 10
-128.988
 20
379.312
 11
-129
 21
379.5
  0
LINE
  8
0
 10
-129
 20
379.5
 11
-128.988
 21
379.688
  0
LINE
  8
0
 10
-128.988
 20
379.688
 11
-128.953
 21
379.873
  0
LINE
  8
0
 10
-128.953
 20
379.873
 11
-128.895
 21
380.052
  0
LINE
  8
0
 10
-128.895
 20
380.052
 11
-128.814
 21
380.223
  0
LINE
  8
0
 10
-128.814
 20
380.223
 11
-128.714
 21
380.382
  0
LINE
  8
0
 10
-128.714
 20
380.382
 11
-128.593
 21
380.527
  0
LINE
  8
0
 10
-128.593
 20
380.527
 11
-128.456
 21
380.656
  0
LINE
  8
0
 10
-128.456
 20
380.656
 11
-128.304
 21
380.766
  0
LINE
  8
0
 10
-128.304
 20
380.766
 11
-128.139
 21
380.857
  0
LINE
  8
0
 10
-128.139
 20
380.857
 11
-127.964
 21
380.927
  0
LINE
  8
0
 10
-127.964
 20
380.927
 11
-127.781
 21
380.973
  0
LINE
  8
0
 10
-127.781
 20
380.973
 11
-127.594
 21
380.997
  0
LINE
  8
0
 10
-127.594
 20
380.997
 11
-127.406
 21
380.997
  0
LINE
  8
0
 10
-127.406
 20
380.997
 11
-127.219
 21
380.973
  0
LINE
  8
0
 10
-127.219
 20
380.973
 11
-127.036
 21
380.927
  0
LINE
  8
0
 10
-127.036
 20
380.927
 11
-126.861
 21
380.857
  0
LINE
  8
0
 10
-126.861
 20
380.857
 11
-126.696
 21
380.766
  0
LINE
  8
0
 10
-126.696
 20
380.766
 11
-126.544
 21
380.656
  0
LINE
  8
0
 10
-126.544
 20
380.656
 11
-126.407
 21
380.527
  0
LINE
  8
0
 10
-126.407
 20
380.527
 11
-126.286
 21
380.382
  0
LINE
  8
0
 10
-126.286
 20
380.382
 11
-126.186
 21
380.223
  0
LINE
  8
0
 10
-126.186
 20
380.223
 11
-126.105
 21
380.052
  0
LINE
  8
0
 10
-126.105
 20
380.052
 11
-126.047
 21
379.873
  0
LINE
  8
0
 10
-126.047
 20
379.873
 11
-126.012
 21
379.688
  0
LINE
  8
0
 10
-126.012
 20
379.688
 11
-126
 21
379.5
  0
LINE
  8
0
 10
-126
 20
379.5
 11
-126.012
 21
379.312
  0
LINE
  8
0
 10
-126.012
 20
379.312
 11
-126.047
 21
379.127
  0
LINE
  8
0
 10
-126.047
 20
379.127
 11
-126.105
 21
378.948
  0
LINE
  8
0
 10
-126.105
 20
378.948
 11
-126.186
 21
378.777
  0
LINE
  8
0
 10
-126.186
 20
378.777
 11
-126.286
 21
378.618
  0
LINE
  8
0
 10
-126.286
 20
378.618
 11
-126.407
 21
378.473
  0
LINE
  8
0
 10
-126.407
 20
378.473
 11
-126.544
 21
378.344
  0
LINE
  8
0
 10
-126.544
 20
378.344
 11
-126.696
 21
378.234
  0
LINE
  8
0
 10
-126.696
 20
378.234
 11
-126.861
 21
378.143
  0
LINE
  8
0
 10
-126.861
 20
378.143
 11
-127.036
 21
378.073
  0
LINE
  8
0
 10
-127.036
 20
378.073
 11
-127.219
 21
378.027
  0
LINE
  8
0
 10
-127.219
 20
378.027
 11
-127.406
 21
378.003
  0
LINE
  8
0
 10
-127.406
 20
378.003
 11
-127.594
 21
378.003
  0
LINE
  8
0
 10
127.406
 20
378.003
 11
127.219
 21
378.027
  0
LINE
  8
0
 10
127.219
 20
378.027
 11
127.036
 21
378.073
  0
LINE
  8
0
 10
127.036
 20
378.073
 11
126.861
 21
378.143
  0
LINE
  8
0
 10
126.861
 20
378.143
 11
126.696
 21
378.234
  0
LINE
  8
0
 10
126.696
 20
378.234
 11
126.544
 21
378.344
  0
LINE
  8
0
 10
126.544
 20
378.344
 11
126.407
 21
378.473
  0
LINE
  8
0
 10
126.407
 20
378.473
 11
126.286
 21
378.618
  0
LINE
  8
0
 10
126.286
 20
378.618
 11
126.186
 21
378.777
  0
LINE
  8
0
 10
126.186
 20
378.777
 11
126.105
 21
378.948
  0
LINE
  8
0
 10
126.105
 20
378.948
 11
126.047
 21
379.127
  0
LINE
  8
0
 10
126.047
 20
379.127
 11
126.012
 21
379.312
  0
LINE
  8
0
 10
126.012
 20
379.312
 11
126
 21
379.5
  0
LINE
  8
0
 10
126
 20
379.5
 11
126.012
 21
379.688
  0
LINE
  8
0
 10
126.012
 20
379.688
 11
126.047
 21
379.873
  0
LINE
  8
0
 10
126.047
 20
379.873
 11
126.105
 21
380.052
  0
LINE
  8
0
 10
126.105
 20
380.052
 11
126.186
 21
380.223
  0
LINE
  8
0
 10
126.186
 20
380.223
 11
126.286
 21
380.382
  0
LINE
  8
0
 10
126.286
 20
380.382
 11
126.407
 21
380.527
  0
LINE
  8
0
 10
126.407
 20
380.527
 11
126.544
 21
380.656
  0
LINE
  8
0
 10
126.544
 20
380.656
 11
126.696
 21
380.766
  0
LINE
  8
0
 10
126.696
 20
380.766
 11
126.861
 21
380.857
  0
LINE
  8
0
 10
126.861
 20
380.857
 11
127.036
 21
380.927
  0
LINE
  8
0
 10
127.036
 20
380.927
 11
127.219
 21
380.973
  0
LINE
  8
0
 10
127.219
 20
380.973
 11
127.406
 21
380.997
  0
LINE
  8
0
 10
127.406
 20
380.997
 11
127.594
 21
380.997
  0
LINE
  8
0
 10
127.594
 20
380.997
 11
127.781
 21
380.973
  0
LINE
  8
0
 10
127.781
 20
380.973
 11
127.964
 21
380.927
  0
LINE
  8
0
 10
127.964
 20
380.927
 11
128.139
 21
380.857
  0
LINE
  8
0
 10
128.139
 20
380.857
 11
128.304
 21
380.766
  0
LINE
  8
0
 10
128.304
 20
380.766
 11
128.456
 21
380.656
  0
LINE
  8
0
 10
128.456
 20
380.656
 11
128.593
 21
380.527
  0
LINE
  8
0
 10
128.593
 20
380.527
 11
128.714
 21
380.382
  0
LINE
  8
0
 10
128.714
 20
380.382
 11
128.814
 21
380.223
  0
LINE
  8
0
 10
128.814
 20
380.223
 11
128.895
 21
380.052
  0
LINE
  8
0
 10
128.895
 20
380.052
 11
128.953
 21
379.873
  0
LINE
  8
0
 10
128.953
 20
379.873
 11
128.988
 21
379.688
  0
LINE
  8
0
 10
128.988
 20
379.688
 11
129
 21
379.5
  0
LINE
  8
0
 10
129
 20
379.5
 11
128.988
 21
379.312
  0
LINE
  8
0
 10
128.988
 20
379.312
 11
128.953
 21
379.127
  0
LINE
  8
0
 10
128.953
 20
379.127
 11
128.895
 21
378.948
  0
LINE
  8
0
 10
128.895
 20
378.948
 11
128.814
 21
378.777
  0
LINE
  8
0
 10
128.814
 20
378.777
 11
128.714
 21
378.618
  0
LINE
  8
0
 10
128.714
 20
378.618
 11
128.593
 21
378.473
  0
LINE
  8
0
 10
128.593
 20
378.473
 11
128.456
 21
378.344
  0
LINE
  8
0
 10
128.456
 20
378.344
 11
128.304
 21
378.234
  0
LINE
  8
0
 10
128.304
 20
378.234
 11
128.139
 21
378.143
  0
LINE
  8
0
 10
128.139
 20
378.143
 11
127.964
 21
378.073
  0
LINE
  8
0
 10
127.964
 20
378.073
 11
127.781
 21
378.027
  0
LINE
  8
0
 10
127.781
 20
378.027
 11
127.594
 21
378.003
  0
LINE
  8
0
 10
127.594
 20
378.003
 11
127.406
 21
378.003
  0
LINE
  8
0
 10
-127.688
 20
369.006
 11
-128.062
 21
369.053
  0
LINE
  8
0
 10
-128.062
 20
369.053
 11
-128.427
 21
369.147
  0
LINE
  8
0
 10
-128.427
 20
369.147
 11
-128.777
 21
369.286
  0
LINE
  8
0
 10
-128.777
 20
369.286
 11
-129.107
 21
369.467
  0
LINE
  8
0
 10
-129.107
 20
369.467
 11
-129.412
 21
369.688
  0
LINE
  8
0
 10
-129.412
 20
369.688
 11
-129.687
 21
369.946
  0
LINE
  8
0
 10
-129.687
 20
369.946
 11
-129.927
 21
370.237
  0
LINE
  8
0
 10
-129.927
 20
370.237
 11
-130.129
 21
370.555
  0
LINE
  8
0
 10
-130.129
 20
370.555
 11
-130.289
 21
370.896
  0
LINE
  8
0
 10
-130.289
 20
370.896
 11
-130.406
 21
371.254
  0
LINE
  8
0
 10
-130.406
 20
371.254
 11
-130.476
 21
371.624
  0
LINE
  8
0
 10
-130.476
 20
371.624
 11
-130.5
 21
372
  0
LINE
  8
0
 10
-130.5
 20
372
 11
-130.476
 21
372.376
  0
LINE
  8
0
 10
-130.476
 20
372.376
 11
-130.406
 21
372.746
  0
LINE
  8
0
 10
-130.406
 20
372.746
 11
-130.289
 21
373.104
  0
LINE
  8
0
 10
-130.289
 20
373.104
 11
-130.129
 21
373.445
  0
LINE
  8
0
 10
-130.129
 20
373.445
 11
-129.927
 21
373.763
  0
LINE
  8
0
 10
-129.927
 20
373.763
 11
-129.687
 21
374.054
  0
LINE
  8
0
 10
-129.687
 20
374.054
 11
-129.412
 21
374.312
  0
LINE
  8
0
 10
-129.412
 20
374.312
 11
-129.107
 21
374.533
  0
LINE
  8
0
 10
-129.107
 20
374.533
 11
-128.777
 21
374.714
  0
LINE
  8
0
 10
-128.777
 20
374.714
 11
-128.427
 21
374.853
  0
LINE
  8
0
 10
-128.427
 20
374.853
 11
-128.062
 21
374.947
  0
LINE
  8
0
 10
-128.062
 20
374.947
 11
-127.688
 21
374.994
  0
LINE
  8
0
 10
-127.688
 20
374.994
 11
-127.312
 21
374.994
  0
LINE
  8
0
 10
-127.312
 20
374.994
 11
-126.938
 21
374.947
  0
LINE
  8
0
 10
-126.938
 20
374.947
 11
-126.573
 21
374.853
  0
LINE
  8
0
 10
-126.573
 20
374.853
 11
-126.223
 21
374.714
  0
LINE
  8
0
 10
-126.223
 20
374.714
 11
-125.893
 21
374.533
  0
LINE
  8
0
 10
-125.893
 20
374.533
 11
-125.588
 21
374.312
  0
LINE
  8
0
 10
-125.588
 20
374.312
 11
-125.313
 21
374.054
  0
LINE
  8
0
 10
-125.313
 20
374.054
 11
-125.073
 21
373.763
  0
LINE
  8
0
 10
-125.073
 20
373.763
 11
-124.871
 21
373.445
  0
LINE
  8
0
 10
-124.871
 20
373.445
 11
-124.711
 21
373.104
  0
LINE
  8
0
 10
-124.711
 20
373.104
 11
-124.594
 21
372.746
  0
LINE
  8
0
 10
-124.594
 20
372.746
 11
-124.524
 21
372.376
  0
LINE
  8
0
 10
-124.524
 20
372.376
 11
-124.5
 21
372
  0
LINE
  8
0
 10
-124.5
 20
372
 11
-124.524
 21
371.624
  0
LINE
  8
0
 10
-124.524
 20
371.624
 11
-124.594
 21
371.254
  0
LINE
  8
0
 10
-124.594
 20
371.254
 11
-124.711
 21
370.896
  0
LINE
  8
0
 10
-124.711
 20
370.896
 11
-124.871
 21
370.555
  0
LINE
  8
0
 10
-124.871
 20
370.555
 11
-125.073
 21
370.237
  0
LINE
  8
0
 10
-125.073
 20
370.237
 11
-125.313
 21
369.946
  0
LINE
  8
0
 10
-125.313
 20
369.946
 11
-125.588
 21
369.688
  0
LINE
  8
0
 10
-125.588
 20
369.688
 11
-125.893
 21
369.467
  0
LINE
  8
0
 10
-125.893
 20
369.467
 11
-126.223
 21
369.286
  0
LINE
  8
0
 10
-126.223
 20
369.286
 11
-126.573
 21
369.147
  0
LINE
  8
0
 10
-126.573
 20
369.147
 11
-126.938
 21
369.053
  0
LINE
  8
0
 10
-126.938
 20
369.053
 11
-127.312
 21
369.006
  0
LINE
  8
0
 10
-127.312
 20
369.006
 11
-127.688
 21
369.006
  0
LINE
  8
0
 10
127.312
 20
369.006
 11
126.938
 21
369.053
  0
LINE
  8
0
 10
126.938
 20
369.053
 11
126.573
 21
369.147
  0
LINE
  8
0
 10
126.573
 20
369.147
 11
126.223
 21
369.286
  0
LINE
  8
0
 10
126.223
 20
369.286
 11
125.893
 21
369.467
  0
LINE
  8
0
 10
125.893
 20
369.467
 11
125.588
 21
369.688
  0
LINE
  8
0
 10
125.588
 20
369.688
 11
125.313
 21
369.946
  0
LINE
  8
0
 10
125.313
 20
369.946
 11
125.073
 21
370.237
  0
LINE
  8
0
 10
125.073
 20
370.237
 11
124.871
 21
370.555
  0
LINE
  8
0
 10
124.871
 20
370.555
 11
124.711
 21
370.896
  0
LINE
  8
0
 10
124.711
 20
370.896
 11
124.594
 21
371.254
  0
LINE
  8
0
 10
124.594
 20
371.254
 11
124.524
 21
371.624
  0
LINE
  8
0
 10
124.524
 20
371.624
 11
124.5
 21
372
  0
LINE
  8
0
 10
124.5
 20
372
 11
124.524
 21
372.376
  0
LINE
  8
0
 10
124.524
 20
372.376
 11
124.594
 21
372.746
  0
LINE
  8
0
 10
124.594
 20
372.746
 11
124.711
 21
373.104
  0
LINE
  8
0
 10
124.711
 20
373.104
 11
124.871
 21
373.445
  0
LINE
  8
0
 10
124.871
 20
373.445
 11
125.073
 21
373.763
  0
LINE
  8
0
 10
125.073
 20
373.763
 11
125.313
 21
374.054
  0
LINE
  8
0
 10
125.313
 20
374.054
 11
125.588
 21
374.312
  0
LINE
  8
0
 10
125.588
 20
374.312
 11
125.893
 21
374.533
  0
LINE
  8
0
 10
125.893
 20
374.533
 11
126.223
 21
374.714
  0
LINE
  8
0
 10
126.223
 20
374.714
 11
126.573
 21
374.853
  0
LINE
  8
0
 10
126.573
 20
374.853
 11
126.938
 21
374.947
  0
LINE
  8
0
 10
126.938
 20
374.947
 11
127.312
 21
374.994
  0
LINE
  8
0
 10
127.312
 20
374.994
 11
127.688
 21
374.994
  0
LINE
  8
0
 10
127.688
 20
374.994
 11
128.062
 21
374.947
  0
LINE
  8
0
 10
128.062
 20
374.947
 11
128.427
 21
374.853
  0
LINE
  8
0
 10
128.427
 20
374.853
 11
128.777
 21
374.714
  0
LINE
  8
0
 10
128.777
 20
374.714
 11
129.107
 21
374.533
  0
LINE
  8
0
 10
129.107
 20
374.533
 11
129.412
 21
374.312
  0
LINE
  8
0
 10
129.412
 20
374.312
 11
129.687
 21
374.054
  0
LINE
  8
0
 10
129.687
 20
374.054
 11
129.927
 21
373.763
  0
LINE
  8
0
 10
129.927
 20
373.763
 11
130.129
 21
373.445
  0
LINE
  8
0
 10
130.129
 20
373.445
 11
130.289
 21
373.104
  0
LINE
  8
0
 10
130.289
 20
373.104
 11
130.406
 21
372.746
  0
LINE
  8
0
 10
130.406
 20
372.746
 11
130.476
 21
372.376
  0
LINE
  8
0
 10
130.476
 20
372.376
 11
130.5
 21
372
  0
LINE
  8
0
 10
130.5
 20
372
 11
130.476
 21
371.624
  0
LINE
  8
0
 10
130.476
 20
371.624
 11
130.406
 21
371.254
  0
LINE
  8
0
 10
130.406
 20
371.254
 11
130.289
 21
370.896
  0
LINE
  8
0
 10
130.289
 20
370.896
 11
130.129
 21
370.555
  0
LINE
  8
0
 10
130.129
 20
370.555
 11
129.927
 21
370.237
  0
LINE
  8
0
 10
129.927
 20
370.237
 11
129.687
 21
369.946
  0
LINE
  8
0
 10
129.687
 20
369.946
 11
129.412
 21
369.688
  0
LINE
  8
0
 10
129.412
 20
369.688
 11
129.107
 21
369.467
  0
LINE
  8
0
 10
129.107
 20
369.467
 11
128.777
 21
369.286
  0
LINE
  8
0
 10
128.777
 20
369.286
 11
128.427
 21
369.147
  0
LINE
  8
0
 10
128.427
 20
369.147
 11
128.062
 21
369.053
  0
LINE
  8
0
 10
128.062
 20
369.053
 11
127.688
 21
369.006
  0
LINE
  8
0
 10
127.688
 20
369.006
 11
127.312
 21
369.006
  0
LINE
  8
0
 10
-127.594
 20
363.003
 11
-127.781
 21
363.027
  0
LINE
  8
0
 10
-127.781
 20
363.027
 11
-127.964
 21
363.073
  0
LINE
  8
0
 10
-127.964
 20
363.073
 11
-128.139
 21
363.143
  0
LINE
  8
0
 10
-128.139
 20
363.143
 11
-128.304
 21
363.234
  0
LINE
  8
0
 10
-128.304
 20
363.234
 11
-128.456
 21
363.344
  0
LINE
  8
0
 10
-128.456
 20
363.344
 11
-128.593
 21
363.473
  0
LINE
  8
0
 10
-128.593
 20
363.473
 11
-128.714
 21
363.618
  0
LINE
  8
0
 10
-128.714
 20
363.618
 11
-128.814
 21
363.777
  0
LINE
  8
0
 10
-128.814
 20
363.777
 11
-128.895
 21
363.948
  0
LINE
  8
0
 10
-128.895
 20
363.948
 11
-128.953
 21
364.127
  0
LINE
  8
0
 10
-128.953
 20
364.127
 11
-128.988
 21
364.312
  0
LINE
  8
0
 10
-128.988
 20
364.312
 11
-129
 21
364.5
  0
LINE
  8
0
 10
-129
 20
364.5
 11
-128.988
 21
364.688
  0
LINE
  8
0
 10
-128.988
 20
364.688
 11
-128.953
 21
364.873
  0
LINE
  8
0
 10
-128.953
 20
364.873
 11
-128.895
 21
365.052
  0
LINE
  8
0
 10
-128.895
 20
365.052
 11
-128.814
 21
365.223
  0
LINE
  8
0
 10
-128.814
 20
365.223
 11
-128.714
 21
365.382
  0
LINE
  8
0
 10
-128.714
 20
365.382
 11
-128.593
 21
365.527
  0
LINE
  8
0
 10
-128.593
 20
365.527
 11
-128.456
 21
365.656
  0
LINE
  8
0
 10
-128.456
 20
365.656
 11
-128.304
 21
365.766
  0
LINE
  8
0
 10
-128.304
 20
365.766
 11
-128.139
 21
365.857
  0
LINE
  8
0
 10
-128.139
 20
365.857
 11
-127.964
 21
365.927
  0
LINE
  8
0
 10
-127.964
 20
365.927
 11
-127.781
 21
365.973
  0
LINE
  8
0
 10
-127.781
 20
365.973
 11
-127.594
 21
365.997
  0
LINE
  8
0
 10
-127.594
 20
365.997
 11
-127.406
 21
365.997
  0
LINE
  8
0
 10
-127.406
 20
365.997
 11
-127.219
 21
365.973
  0
LINE
  8
0
 10
-127.219
 20
365.973
 11
-127.036
 21
365.927
  0
LINE
  8
0
 10
-127.036
 20
365.927
 11
-126.861
 21
365.857
  0
LINE
  8
0
 10
-126.861
 20
365.857
 11
-126.696
 21
365.766
  0
LINE
  8
0
 10
-126.696
 20
365.766
 11
-126.544
 21
365.656
  0
LINE
  8
0
 10
-126.544
 20
365.656
 11
-126.407
 21
365.527
  0
LINE
  8
0
 10
-126.407
 20
365.527
 11
-126.286
 21
365.382
  0
LINE
  8
0
 10
-126.286
 20
365.382
 11
-126.186
 21
365.223
  0
LINE
  8
0
 10
-126.186
 20
365.223
 11
-126.105
 21
365.052
  0
LINE
  8
0
 10
-126.105
 20
365.052
 11
-126.047
 21
364.873
  0
LINE
  8
0
 10
-126.047
 20
364.873
 11
-126.012
 21
364.688
  0
LINE
  8
0
 10
-126.012
 20
364.688
 11
-126
 21
364.5
  0
LINE
  8
0
 10
-126
 20
364.5
 11
-126.012
 21
364.312
  0
LINE
  8
0
 10
-126.012
 20
364.312
 11
-126.047
 21
364.127
  0
LINE
  8
0
 10
-126.047
 20
364.127
 11
-126.105
 21
363.948
  0
LINE
  8
0
 10
-126.105
 20
363.948
 11
-126.186
 21
363.777
  0
LINE
  8
0
 10
-126.186
 20
363.777
 11
-126.286
 21
363.618
  0
LINE
  8
0
 10
-126.286
 20
363.618
 11
-126.407
 21
363.473
  0
LINE
  8
0
 10
-126.407
 20
363.473
 11
-126.544
 21
363.344
  0
LINE
  8
0
 10
-126.544
 20
363.344
 11
-126.696
 21
363.234
  0
LINE
  8
0
 10
-126.696
 20
363.234
 11
-126.861
 21
363.143
  0
LINE
  8
0
 10
-126.861
 20
363.143
 11
-127.036
 21
363.073
  0
LINE
  8
0
 10
-127.036
 20
363.073
 11
-127.219
 21
363.027
  0
LINE
  8
0
 10
-127.219
 20
363.027
 11
-127.406
 21
363.003
  0
LINE
  8
0
 10
-127.406
 20
363.003
 11
-127.594
 21
363.003
  0
LINE
  8
0
 10
127.406
 20
363.003
 11
127.219
 21
363.027
  0
LINE
  8
0
 10
127.219
 20
363.027
 11
127.036
 21
363.073
  0
LINE
  8
0
 10
127.036
 20
363.073
 11
126.861
 21
363.143
  0
LINE
  8
0
 10
126.861
 20
363.143
 11
126.696
 21
363.234
  0
LINE
  8
0
 10
126.696
 20
363.234
 11
126.544
 21
363.344
  0
LINE
  8
0
 10
126.544
 20
363.344
 11
126.407
 21
363.473
  0
LINE
  8
0
 10
126.407
 20
363.473
 11
126.286
 21
363.618
  0
LINE
  8
0
 10
126.286
 20
363.618
 11
126.186
 21
363.777
  0
LINE
  8
0
 10
126.186
 20
363.777
 11
126.105
 21
363.948
  0
LINE
  8
0
 10
126.105
 20
363.948
 11
126.047
 21
364.127
  0
LINE
  8
0
 10
126.047
 20
364.127
 11
126.012
 21
364.312
  0
LINE
  8
0
 10
126.012
 20
364.312
 11
126
 21
364.5
  0
LINE
  8
0
 10
126
 20
364.5
 11
126.012
 21
364.688
  0
LINE
  8
0
 10
126.012
 20
364.688
 11
126.047
 21
364.873
  0
LINE
  8
0
 10
126.047
 20
364.873
 11
126.105
 21
365.052
  0
LINE
  8
0
 10
126.105
 20
365.052
 11
126.186
 21
365.223
  0
LINE
  8
0
 10
126.186
 20
365.223
 11
126.286
 21
365.382
  0
LINE
  8
0
 10
126.286
 20
365.382
 11
126.407
 21
365.527
  0
LINE
  8
0
 10
126.407
 20
365.527
 11
126.544
 21
365.656
  0
LINE
  8
0
 10
126.544
 20
365.656
 11
126.696
 21
365.766
  0
LINE
  8
0
 10
126.696
 20
365.766
 11
126.861
 21
365.857
  0
LINE
  8
0
 10
126.861
 20
365.857
 11
127.036
 21
365.927
  0
LINE
  8
0
 10
127.036
 20
365.927
 11
127.219
 21
365.973
  0
LINE
  8
0
 10
127.219
 20
365.973
 11
127.406
 21
365.997
  0
LINE
  8
0
 10
127.406
 20
365.997
 11
127.594
 21
365.997
  0
LINE
  8
0
 10
127.594
 20
365.997
 11
127.781
 21
365.973
  0
LINE
  8
0
 10
127.781
 20
365.973
 11
127.964
 21
365.927
  0
LINE
  8
0
 10
127.964
 20
365.927
 11
128.139
 21
365.857
  0
LINE
  8
0
 10
128.139
 20
365.857
 11
128.304
 21
365.766
  0
LINE
  8
0
 10
128.304
 20
365.766
 11
128.456
 21
365.656
  0
LINE
  8
0
 10
128.456
 20
365.656
 11
128.593
 21
365.527
  0
LINE
  8
0
 10
128.593
 20
365.527
 11
128.714
 21
365.382
  0
LINE
  8
0
 10
128.714
 20
365.382
 11
128.814
 21
365.223
  0
LINE
  8
0
 10
128.814
 20
365.223
 11
128.895
 21
365.052
  0
LINE
  8
0
 10
128.895
 20
365.052
 11
128.953
 21
364.873
  0
LINE
  8
0
 10
128.953
 20
364.873
 11
128.988
 21
364.688
  0
LINE
  8
0
 10
128.988
 20
364.688
 11
129
 21
364.5
  0
LINE
  8
0
 10
129
 20
364.5
 11
128.988
 21
364.312
  0
LINE
  8
0
 10
128.988
 20
364.312
 11
128.953
 21
364.127
  0
LINE
  8
0
 10
128.953
 20
364.127
 11
128.895
 21
363.948
  0
LINE
  8
0
 10
128.895
 20
363.948
 11
128.814
 21
363.777
  0
LINE
  8
0
 10
128.814
 20
363.777
 11
128.714
 21
363.618
  0
LINE
  8
0
 10
128.714
 20
363.618
 11
128.593
 21
363.473
  0
LINE
  8
0
 10
128.593
 20
363.473
 11
128.456
 21
363.344
  0
LINE
  8
0
 10
128.456
 20
363.344
 11
128.304
 21
363.234
  0
LINE
  8
0
 10
128.304
 20
363.234
 11
128.139
 21
363.143
  0
LINE
  8
0
 10
128.139
 20
363.143
 11
127.964
 21
363.073
  0
LINE
  8
0
 10
127.964
 20
363.073
 11
127.781
 21
363.027
  0
LINE
  8
0
 10
127.781
 20
363.027
 11
127.594
 21
363.003
  0
LINE
  8
0
 10
127.594
 20
363.003
 11
127.406
 21
363.003
  0
LINE
  8
0
 10
-127.688
 20
354.006
 11
-128.062
 21
354.053
  0
LINE
  8
0
 10
-128.062
 20
354.053
 11
-128.427
 21
354.147
  0
LINE
  8
0
 10
-128.427
 20
354.147
 11
-128.777
 21
354.286
  0
LINE
  8
0
 10
-128.777
 20
354.286
 11
-129.107
 21
354.467
  0
LINE
  8
0
 10
-129.107
 20
354.467
 11
-129.412
 21
354.688
  0
LINE
  8
0
 10
-129.412
 20
354.688
 11
-129.687
 21
354.946
  0
LINE
  8
0
 10
-129.687
 20
354.946
 11
-129.927
 21
355.237
  0
LINE
  8
0
 10
-129.927
 20
355.237
 11
-130.129
 21
355.555
  0
LINE
  8
0
 10
-130.129
 20
355.555
 11
-130.289
 21
355.896
  0
LINE
  8
0
 10
-130.289
 20
355.896
 11
-130.406
 21
356.254
  0
LINE
  8
0
 10
-130.406
 20
356.254
 11
-130.476
 21
356.624
  0
LINE
  8
0
 10
-130.476
 20
356.624
 11
-130.5
 21
357
  0
LINE
  8
0
 10
-130.5
 20
357
 11
-130.476
 21
357.376
  0
LINE
  8
0
 10
-130.476
 20
357.376
 11
-130.406
 21
357.746
  0
LINE
  8
0
 10
-130.406
 20
357.746
 11
-130.289
 21
358.104
  0
LINE
  8
0
 10
-130.289
 20
358.104
 11
-130.129
 21
358.445
  0
LINE
  8
0
 10
-130.129
 20
358.445
 11
-129.927
 21
358.763
  0
LINE
  8
0
 10
-129.927
 20
358.763
 11
-129.687
 21
359.054
  0
LINE
  8
0
 10
-129.687
 20
359.054
 11
-129.412
 21
359.312
  0
LINE
  8
0
 10
-129.412
 20
359.312
 11
-129.107
 21
359.533
  0
LINE
  8
0
 10
-129.107
 20
359.533
 11
-128.777
 21
359.714
  0
LINE
  8
0
 10
-128.777
 20
359.714
 11
-128.427
 21
359.853
  0
LINE
  8
0
 10
-128.427
 20
359.853
 11
-128.062
 21
359.947
  0
LINE
  8
0
 10
-128.062
 20
359.947
 11
-127.688
 21
359.994
  0
LINE
  8
0
 10
-127.688
 20
359.994
 11
-127.312
 21
359.994
  0
LINE
  8
0
 10
-127.312
 20
359.994
 11
-126.938
 21
359.947
  0
LINE
  8
0
 10
-126.938
 20
359.947
 11
-126.573
 21
359.853
  0
LINE
  8
0
 10
-126.573
 20
359.853
 11
-126.223
 21
359.714
  0
LINE
  8
0
 10
-126.223
 20
359.714
 11
-125.893
 21
359.533
  0
LINE
  8
0
 10
-125.893
 20
359.533
 11
-125.588
 21
359.312
  0
LINE
  8
0
 10
-125.588
 20
359.312
 11
-125.313
 21
359.054
  0
LINE
  8
0
 10
-125.313
 20
359.054
 11
-125.073
 21
358.763
  0
LINE
  8
0
 10
-125.073
 20
358.763
 11
-124.871
 21
358.445
  0
LINE
  8
0
 10
-124.871
 20
358.445
 11
-124.711
 21
358.104
  0
LINE
  8
0
 10
-124.711
 20
358.104
 11
-124.594
 21
357.746
  0
LINE
  8
0
 10
-124.594
 20
357.746
 11
-124.524
 21
357.376
  0
LINE
  8
0
 10
-124.524
 20
357.376
 11
-124.5
 21
357
  0
LINE
  8
0
 10
-124.5
 20
357
 11
-124.524
 21
356.624
  0
LINE
  8
0
 10
-124.524
 20
356.624
 11
-124.594
 21
356.254
  0
LINE
  8
0
 10
-124.594
 20
356.254
 11
-124.711
 21
355.896
  0
LINE
  8
0
 10
-124.711
 20
355.896
 11
-124.871
 21
355.555
  0
LINE
  8
0
 10
-124.871
 20
355.555
 11
-125.073
 21
355.237
  0
LINE
  8
0
 10
-125.073
 20
355.237
 11
-125.313
 21
354.946
  0
LINE
  8
0
 10
-125.313
 20
354.946
 11
-125.588
 21
354.688
  0
LINE
  8
0
 10
-125.588
 20
354.688
 11
-125.893
 21
354.467
  0
LINE
  8
0
 10
-125.893
 20
354.467
 11
-126.223
 21
354.286
  0
LINE
  8
0
 10
-126.223
 20
354.286
 11
-126.573
 21
354.147
  0
LINE
  8
0
 10
-126.573
 20
354.147
 11
-126.938
 21
354.053
  0
LINE
  8
0
 10
-126.938
 20
354.053
 11
-127.312
 21
354.006
  0
LINE
  8
0
 10
-127.312
 20
354.006
 11
-127.688
 21
354.006
  0
LINE
  8
0
 10
127.312
 20
354.006
 11
126.938
 21
354.053
  0
LINE
  8
0
 10
126.938
 20
354.053
 11
126.573
 21
354.147
  0
LINE
  8
0
 10
126.573
 20
354.147
 11
126.223
 21
354.286
  0
LINE
  8
0
 10
126.223
 20
354.286
 11
125.893
 21
354.467
  0
LINE
  8
0
 10
125.893
 20
354.467
 11
125.588
 21
354.688
  0
LINE
  8
0
 10
125.588
 20
354.688
 11
125.313
 21
354.946
  0
LINE
  8
0
 10
125.313
 20
354.946
 11
125.073
 21
355.237
  0
LINE
  8
0
 10
125.073
 20
355.237
 11
124.871
 21
355.555
  0
LINE
  8
0
 10
124.871
 20
355.555
 11
124.711
 21
355.896
  0
LINE
  8
0
 10
124.711
 20
355.896
 11
124.594
 21
356.254
  0
LINE
  8
0
 10
124.594
 20
356.254
 11
124.524
 21
356.624
  0
LINE
  8
0
 10
124.524
 20
356.624
 11
124.5
 21
357
  0
LINE
  8
0
 10
124.5
 20
357
 11
124.524
 21
357.376
  0
LINE
  8
0
 10
124.524
 20
357.376
 11
124.594
 21
357.746
  0
LINE
  8
0
 10
124.594
 20
357.746
 11
124.711
 21
358.104
  0
LINE
  8
0
 10
124.711
 20
358.104
 11
124.871
 21
358.445
  0
LINE
  8
0
 10
124.871
 20
358.445
 11
125.073
 21
358.763
  0
LINE
  8
0
 10
125.073
 20
358.763
 11
125.313
 21
359.054
  0
LINE
  8
0
 10
125.313
 20
359.054
 11
125.588
 21
359.312
  0
LINE
  8
0
 10
125.588
 20
359.312
 11
125.893
 21
359.533
  0
LINE
  8
0
 10
125.893
 20
359.533
 11
126.223
 21
359.714
  0
LINE
  8
0
 10
126.223
 20
359.714
 11
126.573
 21
359.853
  0
LINE
  8
0
 10
126.573
 20
359.853
 11
126.938
 21
359.947
  0
LINE
  8
0
 10
126.938
 20
359.947
 11
127.312
 21
359.994
  0
LINE
  8
0
 10
127.312
 20
359.994
 11
127.688
 21
359.994
  0
LINE
  8
0
 10
127.688
 20
359.994
 11
128.062
 21
359.947
  0
LINE
  8
0
 10
128.062
 20
359.947
 11
128.427
 21
359.853
  0
LINE
  8
0
 10
128.427
 20
359.853
 11
128.777
 21
359.714
  0
LINE
  8
0
 10
128.777
 20
359.714
 11
129.107
 21
359.533
  0
LINE
  8
0
 10
129.107
 20
359.533
 11
129.412
 21
359.312
  0
LINE
  8
0
 10
129.412
 20
359.312
 11
129.687
 21
359.054
  0
LINE
  8
0
 10
129.687
 20
359.054
 11
129.927
 21
358.763
  0
LINE
  8
0
 10
129.927
 20
358.763
 11
130.129
 21
358.445
  0
LINE
  8
0
 10
130.129
 20
358.445
 11
130.289
 21
358.104
  0
LINE
  8
0
 10
130.289
 20
358.104
 11
130.406
 21
357.746
  0
LINE
  8
0
 10
130.406
 20
357.746
 11
130.476
 21
357.376
  0
LINE
  8
0
 10
130.476
 20
357.376
 11
130.5
 21
357
  0
LINE
  8
0
 10
130.5
 20
357
 11
130.476
 21
356.624
  0
LINE
  8
0
 10
130.476
 20
356.624
 11
130.406
 21
356.254
  0
LINE
  8
0
 10
130.406
 20
356.254
 11
130.289
 21
355.896
  0
LINE
  8
0
 10
130.289
 20
355.896
 11
130.129
 21
355.555
  0
LINE
  8
0
 10
130.129
 20
355.555
 11
129.927
 21
355.237
  0
LINE
  8
0
 10
129.927
 20
355.237
 11
129.687
 21
354.946
  0
LINE
  8
0
 10
129.687
 20
354.946
 11
129.412
 21
354.688
  0
LINE
  8
0
 10
129.412
 20
354.688
 11
129.107
 21
354.467
  0
LINE
  8
0
 10
129.107
 20
354.467
 11
128.777
 21
354.286
  0
LINE
  8
0
 10
128.777
 20
354.286
 11
128.427
 21
354.147
  0
LINE
  8
0
 10
128.427
 20
354.147
 11
128.062
 21
354.053
  0
LINE
  8
0
 10
128.062
 20
354.053
 11
127.688
 21
354.006
  0
LINE
  8
0
 10
127.688
 20
354.006
 11
127.312
 21
354.006
  0
LINE
  8
0
 10
-127.594
 20
348.003
 11
-127.781
 21
348.027
  0
LINE
  8
0
 10
-127.781
 20
348.027
 11
-127.964
 21
348.073
  0
LINE
  8
0
 10
-127.964
 20
348.073
 11
-128.139
 21
348.143
  0
LINE
  8
0
 10
-128.139
 20
348.143
 11
-128.304
 21
348.234
  0
LINE
  8
0
 10
-128.304
 20
348.234
 11
-128.456
 21
348.344
  0
LINE
  8
0
 10
-128.456
 20
348.344
 11
-128.593
 21
348.473
  0
LINE
  8
0
 10
-128.593
 20
348.473
 11
-128.714
 21
348.618
  0
LINE
  8
0
 10
-128.714
 20
348.618
 11
-128.814
 21
348.777
  0
LINE
  8
0
 10
-128.814
 20
348.777
 11
-128.895
 21
348.948
  0
LINE
  8
0
 10
-128.895
 20
348.948
 11
-128.953
 21
349.127
  0
LINE
  8
0
 10
-128.953
 20
349.127
 11
-128.988
 21
349.312
  0
LINE
  8
0
 10
-128.988
 20
349.312
 11
-129
 21
349.5
  0
LINE
  8
0
 10
-129
 20
349.5
 11
-128.988
 21
349.688
  0
LINE
  8
0
 10
-128.988
 20
349.688
 11
-128.953
 21
349.873
  0
LINE
  8
0
 10
-128.953
 20
349.873
 11
-128.895
 21
350.052
  0
LINE
  8
0
 10
-128.895
 20
350.052
 11
-128.814
 21
350.223
  0
LINE
  8
0
 10
-128.814
 20
350.223
 11
-128.714
 21
350.382
  0
LINE
  8
0
 10
-128.714
 20
350.382
 11
-128.593
 21
350.527
  0
LINE
  8
0
 10
-128.593
 20
350.527
 11
-128.456
 21
350.656
  0
LINE
  8
0
 10
-128.456
 20
350.656
 11
-128.304
 21
350.766
  0
LINE
  8
0
 10
-128.304
 20
350.766
 11
-128.139
 21
350.857
  0
LINE
  8
0
 10
-128.139
 20
350.857
 11
-127.964
 21
350.927
  0
LINE
  8
0
 10
-127.964
 20
350.927
 11
-127.781
 21
350.973
  0
LINE
  8
0
 10
-127.781
 20
350.973
 11
-127.594
 21
350.997
  0
LINE
  8
0
 10
-127.594
 20
350.997
 11
-127.406
 21
350.997
  0
LINE
  8
0
 10
-127.406
 20
350.997
 11
-127.219
 21
350.973
  0
LINE
  8
0
 10
-127.219
 20
350.973
 11
-127.036
 21
350.927
  0
LINE
  8
0
 10
-127.036
 20
350.927
 11
-126.861
 21
350.857
  0
LINE
  8
0
 10
-126.861
 20
350.857
 11
-126.696
 21
350.766
  0
LINE
  8
0
 10
-126.696
 20
350.766
 11
-126.544
 21
350.656
  0
LINE
  8
0
 10
-126.544
 20
350.656
 11
-126.407
 21
350.527
  0
LINE
  8
0
 10
-126.407
 20
350.527
 11
-126.286
 21
350.382
  0
LINE
  8
0
 10
-126.286
 20
350.382
 11
-126.186
 21
350.223
  0
LINE
  8
0
 10
-126.186
 20
350.223
 11
-126.105
 21
350.052
  0
LINE
  8
0
 10
-126.105
 20
350.052
 11
-126.047
 21
349.873
  0
LINE
  8
0
 10
-126.047
 20
349.873
 11
-126.012
 21
349.688
  0
LINE
  8
0
 10
-126.012
 20
349.688
 11
-126
 21
349.5
  0
LINE
  8
0
 10
-126
 20
349.5
 11
-126.012
 21
349.312
  0
LINE
  8
0
 10
-126.012
 20
349.312
 11
-126.047
 21
349.127
  0
LINE
  8
0
 10
-126.047
 20
349.127
 11
-126.105
 21
348.948
  0
LINE
  8
0
 10
-126.105
 20
348.948
 11
-126.186
 21
348.777
  0
LINE
  8
0
 10
-126.186
 20
348.777
 11
-126.286
 21
348.618
  0
LINE
  8
0
 10
-126.286
 20
348.618
 11
-126.407
 21
348.473
  0
LINE
  8
0
 10
-126.407
 20
348.473
 11
-126.544
 21
348.344
  0
LINE
  8
0
 10
-126.544
 20
348.344
 11
-126.696
 21
348.234
  0
LINE
  8
0
 10
-126.696
 20
348.234
 11
-126.861
 21
348.143
  0
LINE
  8
0
 10
-126.861
 20
348.143
 11
-127.036
 21
348.073
  0
LINE
  8
0
 10
-127.036
 20
348.073
 11
-127.219
 21
348.027
  0
LINE
  8
0
 10
-127.219
 20
348.027
 11
-127.406
 21
348.003
  0
LINE
  8
0
 10
-127.406
 20
348.003
 11
-127.594
 21
348.003
  0
LINE
  8
0
 10
127.406
 20
348.003
 11
127.219
 21
348.027
  0
LINE
  8
0
 10
127.219
 20
348.027
 11
127.036
 21
348.073
  0
LINE
  8
0
 10
127.036
 20
348.073
 11
126.861
 21
348.143
  0
LINE
  8
0
 10
126.861
 20
348.143
 11
126.696
 21
348.234
  0
LINE
  8
0
 10
126.696
 20
348.234
 11
126.544
 21
348.344
  0
LINE
  8
0
 10
126.544
 20
348.344
 11
126.407
 21
348.473
  0
LINE
  8
0
 10
126.407
 20
348.473
 11
126.286
 21
348.618
  0
LINE
  8
0
 10
126.286
 20
348.618
 11
126.186
 21
348.777
  0
LINE
  8
0
 10
126.186
 20
348.777
 11
126.105
 21
348.948
  0
LINE
  8
0
 10
126.105
 20
348.948
 11
126.047
 21
349.127
  0
LINE
  8
0
 10
126.047
 20
349.127
 11
126.012
 21
349.312
  0
LINE
  8
0
 10
126.012
 20
349.312
 11
126
 21
349.5
  0
LINE
  8
0
 10
126
 20
349.5
 11
126.012
 21
349.688
  0
LINE
  8
0
 10
126.012
 20
349.688
 11
126.047
 21
349.873
  0
LINE
  8
0
 10
126.047
 20
349.873
 11
126.105
 21
350.052
  0
LINE
  8
0
 10
126.105
 20
350.052
 11
126.186
 21
350.223
  0
LINE
  8
0
 10
126.186
 20
350.223
 11
126.286
 21
350.382
  0
LINE
  8
0
 10
126.286
 20
350.382
 11
126.407
 21
350.527
  0
LINE
  8
0
 10
126.407
 20
350.527
 11
126.544
 21
350.656
  0
LINE
  8
0
 10
126.544
 20
350.656
 11
126.696
 21
350.766
  0
LINE
  8
0
 10
126.696
 20
350.766
 11
126.861
 21
350.857
  0
LINE
  8
0
 10
126.861
 20
350.857
 11
127.036
 21
350.927
  0
LINE
  8
0
 10
127.036
 20
350.927
 11
127.219
 21
350.973
  0
LINE
  8
0
 10
127.219
 20
350.973
 11
127.406
 21
350.997
  0
LINE
  8
0
 10
127.406
 20
350.997
 11
127.594
 21
350.997
  0
LINE
  8
0
 10
127.594
 20
350.997
 11
127.781
 21
350.973
  0
LINE
  8
0
 10
127.781
 20
350.973
 11
127.964
 21
350.927
  0
LINE
  8
0
 10
127.964
 20
350.927
 11
128.139
 21
350.857
  0
LINE
  8
0
 10
128.139
 20
350.857
 11
128.304
 21
350.766
  0
LINE
  8
0
 10
128.304
 20
350.766
 11
128.456
 21
350.656
  0
LINE
  8
0
 10
128.456
 20
350.656
 11
128.593
 21
350.527
  0
LINE
  8
0
 10
128.593
 20
350.527
 11
128.714
 21
350.382
  0
LINE
  8
0
 10
128.714
 20
350.382
 11
128.814
 21
350.223
  0
LINE
  8
0
 10
128.814
 20
350.223
 11
128.895
 21
350.052
  0
LINE
  8
0
 10
128.895
 20
350.052
 11
128.953
 21
349.873
  0
LINE
  8
0
 10
128.953
 20
349.873
 11
128.988
 21
349.688
  0
LINE
  8
0
 10
128.988
 20
349.688
 11
129
 21
349.5
  0
LINE
  8
0
 10
129
 20
349.5
 11
128.988
 21
349.312
  0
LINE
  8
0
 10
128.988
 20
349.312
 11
128.953
 21
349.127
  0
LINE
  8
0
 10
128.953
 20
349.127
 11
128.895
 21
348.948
  0
LINE
  8
0
 10
128.895
 20
348.948
 11
128.814
 21
348.777
  0
LINE
  8
0
 10
128.814
 20
348.777
 11
128.714
 21
348.618
  0
LINE
  8
0
 10
128.714
 20
348.618
 11
128.593
 21
348.473
  0
LINE
  8
0
 10
128.593
 20
348.473
 11
128.456
 21
348.344
  0
LINE
  8
0
 10
128.456
 20
348.344
 11
128.304
 21
348.234
  0
LINE
  8
0
 10
128.304
 20
348.234
 11
128.139
 21
348.143
  0
LINE
  8
0
 10
128.139
 20
348.143
 11
127.964
 21
348.073
  0
LINE
  8
0
 10
127.964
 20
348.073
 11
127.781
 21
348.027
  0
LINE
  8
0
 10
127.781
 20
348.027
 11
127.594
 21
348.003
  0
LINE
  8
0
 10
127.594
 20
348.003
 11
127.406
 21
348.003
  0
LINE
  8
0
 10
-127.688
 20
339.006
 11
-128.062
 21
339.053
  0
LINE
  8
0
 10
-128.062
 20
339.053
 11
-128.427
 21
339.147
  0
LINE
  8
0
 10
-128.427
 20
339.147
 11
-128.777
 21
339.286
  0
LINE
  8
0
 10
-128.777
 20
339.286
 11
-129.107
 21
339.467
  0
LINE
  8
0
 10
-129.107
 20
339.467
 11
-129.412
 21
339.688
  0
LINE
  8
0
 10
-129.412
 20
339.688
 11
-129.687
 21
339.946
  0
LINE
  8
0
 10
-129.687
 20
339.946
 11
-129.927
 21
340.237
  0
LINE
  8
0
 10
-129.927
 20
340.237
 11
-130.129
 21
340.555
  0
LINE
  8
0
 10
-130.129
 20
340.555
 11
-130.289
 21
340.896
  0
LINE
  8
0
 10
-130.289
 20
340.896
 11
-130.406
 21
341.254
  0
LINE
  8
0
 10
-130.406
 20
341.254
 11
-130.476
 21
341.624
  0
LINE
  8
0
 10
-130.476
 20
341.624
 11
-130.5
 21
342
  0
LINE
  8
0
 10
-130.5
 20
342
 11
-130.476
 21
342.376
  0
LINE
  8
0
 10
-130.476
 20
342.376
 11
-130.406
 21
342.746
  0
LINE
  8
0
 10
-130.406
 20
342.746
 11
-130.289
 21
343.104
  0
LINE
  8
0
 10
-130.289
 20
343.104
 11
-130.129
 21
343.445
  0
LINE
  8
0
 10
-130.129
 20
343.445
 11
-129.927
 21
343.763
  0
LINE
  8
0
 10
-129.927
 20
343.763
 11
-129.687
 21
344.054
  0
LINE
  8
0
 10
-129.687
 20
344.054
 11
-129.412
 21
344.312
  0
LINE
  8
0
 10
-129.412
 20
344.312
 11
-129.107
 21
344.533
  0
LINE
  8
0
 10
-129.107
 20
344.533
 11
-128.777
 21
344.714
  0
LINE
  8
0
 10
-128.777
 20
344.714
 11
-128.427
 21
344.853
  0
LINE
  8
0
 10
-128.427
 20
344.853
 11
-128.062
 21
344.947
  0
LINE
  8
0
 10
-128.062
 20
344.947
 11
-127.688
 21
344.994
  0
LINE
  8
0
 10
-127.688
 20
344.994
 11
-127.312
 21
344.994
  0
LINE
  8
0
 10
-127.312
 20
344.994
 11
-126.938
 21
344.947
  0
LINE
  8
0
 10
-126.938
 20
344.947
 11
-126.573
 21
344.853
  0
LINE
  8
0
 10
-126.573
 20
344.853
 11
-126.223
 21
344.714
  0
LINE
  8
0
 10
-126.223
 20
344.714
 11
-125.893
 21
344.533
  0
LINE
  8
0
 10
-125.893
 20
344.533
 11
-125.588
 21
344.312
  0
LINE
  8
0
 10
-125.588
 20
344.312
 11
-125.313
 21
344.054
  0
LINE
  8
0
 10
-125.313
 20
344.054
 11
-125.073
 21
343.763
  0
LINE
  8
0
 10
-125.073
 20
343.763
 11
-124.871
 21
343.445
  0
LINE
  8
0
 10
-124.871
 20
343.445
 11
-124.711
 21
343.104
  0
LINE
  8
0
 10
-124.711
 20
343.104
 11
-124.594
 21
342.746
  0
LINE
  8
0
 10
-124.594
 20
342.746
 11
-124.524
 21
342.376
  0
LINE
  8
0
 10
-124.524
 20
342.376
 11
-124.5
 21
342
  0
LINE
  8
0
 10
-124.5
 20
342
 11
-124.524
 21
341.624
  0
LINE
  8
0
 10
-124.524
 20
341.624
 11
-124.594
 21
341.254
  0
LINE
  8
0
 10
-124.594
 20
341.254
 11
-124.711
 21
340.896
  0
LINE
  8
0
 10
-124.711
 20
340.896
 11
-124.871
 21
340.555
  0
LINE
  8
0
 10
-124.871
 20
340.555
 11
-125.073
 21
340.237
  0
LINE
  8
0
 10
-125.073
 20
340.237
 11
-125.313
 21
339.946
  0
LINE
  8
0
 10
-125.313
 20
339.946
 11
-125.588
 21
339.688
  0
LINE
  8
0
 10
-125.588
 20
339.688
 11
-125.893
 21
339.467
  0
LINE
  8
0
 10
-125.893
 20
339.467
 11
-126.223
 21
339.286
  0
LINE
  8
0
 10
-126.223
 20
339.286
 11
-126.573
 21
339.147
  0
LINE
  8
0
 10
-126.573
 20
339.147
 11
-126.938
 21
339.053
  0
LINE
  8
0
 10
-126.938
 20
339.053
 11
-127.312
 21
339.006
  0
LINE
  8
0
 10
-127.312
 20
339.006
 11
-127.688
 21
339.006
  0
LINE
  8
0
 10
127.312
 20
339.006
 11
126.938
 21
339.053
  0
LINE
  8
0
 10
126.938
 20
339.053
 11
126.573
 21
339.147
  0
LINE
  8
0
 10
126.573
 20
339.147
 11
126.223
 21
339.286
  0
LINE
  8
0
 10
126.223
 20
339.286
 11
125.893
 21
339.467
  0
LINE
  8
0
 10
125.893
 20
339.467
 11
125.588
 21
339.688
  0
LINE
  8
0
 10
125.588
 20
339.688
 11
125.313
 21
339.946
  0
LINE
  8
0
 10
125.313
 20
339.946
 11
125.073
 21
340.237
  0
LINE
  8
0
 10
125.073
 20
340.237
 11
124.871
 21
340.555
  0
LINE
  8
0
 10
124.871
 20
340.555
 11
124.711
 21
340.896
  0
LINE
  8
0
 10
124.711
 20
340.896
 11
124.594
 21
341.254
  0
LINE
  8
0
 10
124.594
 20
341.254
 11
124.524
 21
341.624
  0
LINE
  8
0
 10
124.524
 20
341.624
 11
124.5
 21
342
  0
LINE
  8
0
 10
124.5
 20
342
 11
124.524
 21
342.376
  0
LINE
  8
0
 10
124.524
 20
342.376
 11
124.594
 21
342.746
  0
LINE
  8
0
 10
124.594
 20
342.746
 11
124.711
 21
343.104
  0
LINE
  8
0
 10
124.711
 20
343.104
 11
124.871
 21
343.445
  0
LINE
  8
0
 10
124.871
 20
343.445
 11
125.073
 21
343.763
  0
LINE
  8
0
 10
125.073
 20
343.763
 11
125.313
 21
344.054
  0
LINE
  8
0
 10
125.313
 20
344.054
 11
125.588
 21
344.312
  0
LINE
  8
0
 10
125.588
 20
344.312
 11
125.893
 21
344.533
  0
LINE
  8
0
 10
125.893
 20
344.533
 11
126.223
 21
344.714
  0
LINE
  8
0
 10
126.223
 20
344.714
 11
126.573
 21
344.853
  0
LINE
  8
0
 10
126.573
 20
344.853
 11
126.938
 21
344.947
  0
LINE
  8
0
 10
126.938
 20
344.947
 11
127.312
 21
344.994
  0
LINE
  8
0
 10
127.312
 20
344.994
 11
127.688
 21
344.994
  0
LINE
  8
0
 10
127.688
 20
344.994
 11
128.062
 21
344.947
  0
LINE
  8
0
 10
128.062
 20
344.947
 11
128.427
 21
344.853
  0
LINE
  8
0
 10
128.427
 20
344.853
 11
128.777
 21
344.714
  0
LINE
  8
0
 10
128.777
 20
344.714
 11
129.107
 21
344.533
  0
LINE
  8
0
 10
129.107
 20
344.533
 11
129.412
 21
344.312
  0
LINE
  8
0
 10
129.412
 20
344.312
 11
129.687
 21
344.054
  0
LINE
  8
0
 10
129.687
 20
344.054
 11
129.927
 21
343.763
  0
LINE
  8
0
 10
129.927
 20
343.763
 11
130.129
 21
343.445
  0
LINE
  8
0
 10
130.129
 20
343.445
 11
130.289
 21
343.104
  0
LINE
  8
0
 10
130.289
 20
343.104
 11
130.406
 21
342.746
  0
LINE
  8
0
 10
130.406
 20
342.746
 11
130.476
 21
342.376
  0
LINE
  8
0
 10
130.476
 20
342.376
 11
130.5
 21
342
  0
LINE
  8
0
 10
130.5
 20
342
 11
130.476
 21
341.624
  0
LINE
  8
0
 10
130.476
 20
341.624
 11
130.406
 21
341.254
  0
LINE
  8
0
 10
130.406
 20
341.254
 11
130.289
 21
340.896
  0
LINE
  8
0
 10
130.289
 20
340.896
 11
130.129
 21
340.555
  0
LINE
  8
0
 10
130.129
 20
340.555
 11
129.927
 21
340.237
  0
LINE
  8
0
 10
129.927
 20
340.237
 11
129.687
 21
339.946
  0
LINE
  8
0
 10
129.687
 20
339.946
 11
129.412
 21
339.688
  0
LINE
  8
0
 10
129.412
 20
339.688
 11
129.107
 21
339.467
  0
LINE
  8
0
 10
129.107
 20
339.467
 11
128.777
 21
339.286
  0
LINE
  8
0
 10
128.777
 20
339.286
 11
128.427
 21
339.147
  0
LINE
  8
0
 10
128.427
 20
339.147
 11
128.062
 21
339.053
  0
LINE
  8
0
 10
128.062
 20
339.053
 11
127.688
 21
339.006
  0
LINE
  8
0
 10
127.688
 20
339.006
 11
127.312
 21
339.006
  0
LINE
  8
0
 10
-127.594
 20
333.003
 11
-127.781
 21
333.027
  0
LINE
  8
0
 10
-127.781
 20
333.027
 11
-127.964
 21
333.073
  0
LINE
  8
0
 10
-127.964
 20
333.073
 11
-128.139
 21
333.143
  0
LINE
  8
0
 10
-128.139
 20
333.143
 11
-128.304
 21
333.234
  0
LINE
  8
0
 10
-128.304
 20
333.234
 11
-128.456
 21
333.344
  0
LINE
  8
0
 10
-128.456
 20
333.344
 11
-128.593
 21
333.473
  0
LINE
  8
0
 10
-128.593
 20
333.473
 11
-128.714
 21
333.618
  0
LINE
  8
0
 10
-128.714
 20
333.618
 11
-128.814
 21
333.777
  0
LINE
  8
0
 10
-128.814
 20
333.777
 11
-128.895
 21
333.948
  0
LINE
  8
0
 10
-128.895
 20
333.948
 11
-128.953
 21
334.127
  0
LINE
  8
0
 10
-128.953
 20
334.127
 11
-128.988
 21
334.312
  0
LINE
  8
0
 10
-128.988
 20
334.312
 11
-129
 21
334.5
  0
LINE
  8
0
 10
-129
 20
334.5
 11
-128.988
 21
334.688
  0
LINE
  8
0
 10
-128.988
 20
334.688
 11
-128.953
 21
334.873
  0
LINE
  8
0
 10
-128.953
 20
334.873
 11
-128.895
 21
335.052
  0
LINE
  8
0
 10
-128.895
 20
335.052
 11
-128.814
 21
335.223
  0
LINE
  8
0
 10
-128.814
 20
335.223
 11
-128.714
 21
335.382
  0
LINE
  8
0
 10
-128.714
 20
335.382
 11
-128.593
 21
335.527
  0
LINE
  8
0
 10
-128.593
 20
335.527
 11
-128.456
 21
335.656
  0
LINE
  8
0
 10
-128.456
 20
335.656
 11
-128.304
 21
335.766
  0
LINE
  8
0
 10
-128.304
 20
335.766
 11
-128.139
 21
335.857
  0
LINE
  8
0
 10
-128.139
 20
335.857
 11
-127.964
 21
335.927
  0
LINE
  8
0
 10
-127.964
 20
335.927
 11
-127.781
 21
335.973
  0
LINE
  8
0
 10
-127.781
 20
335.973
 11
-127.594
 21
335.997
  0
LINE
  8
0
 10
-127.594
 20
335.997
 11
-127.406
 21
335.997
  0
LINE
  8
0
 10
-127.406
 20
335.997
 11
-127.219
 21
335.973
  0
LINE
  8
0
 10
-127.219
 20
335.973
 11
-127.036
 21
335.927
  0
LINE
  8
0
 10
-127.036
 20
335.927
 11
-126.861
 21
335.857
  0
LINE
  8
0
 10
-126.861
 20
335.857
 11
-126.696
 21
335.766
  0
LINE
  8
0
 10
-126.696
 20
335.766
 11
-126.544
 21
335.656
  0
LINE
  8
0
 10
-126.544
 20
335.656
 11
-126.407
 21
335.527
  0
LINE
  8
0
 10
-126.407
 20
335.527
 11
-126.286
 21
335.382
  0
LINE
  8
0
 10
-126.286
 20
335.382
 11
-126.186
 21
335.223
  0
LINE
  8
0
 10
-126.186
 20
335.223
 11
-126.105
 21
335.052
  0
LINE
  8
0
 10
-126.105
 20
335.052
 11
-126.047
 21
334.873
  0
LINE
  8
0
 10
-126.047
 20
334.873
 11
-126.012
 21
334.688
  0
LINE
  8
0
 10
-126.012
 20
334.688
 11
-126
 21
334.5
  0
LINE
  8
0
 10
-126
 20
334.5
 11
-126.012
 21
334.312
  0
LINE
  8
0
 10
-126.012
 20
334.312
 11
-126.047
 21
334.127
  0
LINE
  8
0
 10
-126.047
 20
334.127
 11
-126.105
 21
333.948
  0
LINE
  8
0
 10
-126.105
 20
333.948
 11
-126.186
 21
333.777
  0
LINE
  8
0
 10
-126.186
 20
333.777
 11
-126.286
 21
333.618
  0
LINE
  8
0
 10
-126.286
 20
333.618
 11
-126.407
 21
333.473
  0
LINE
  8
0
 10
-126.407
 20
333.473
 11
-126.544
 21
333.344
  0
LINE
  8
0
 10
-126.544
 20
333.344
 11
-126.696
 21
333.234
  0
LINE
  8
0
 10
-126.696
 20
333.234
 11
-126.861
 21
333.143
  0
LINE
  8
0
 10
-126.861
 20
333.143
 11
-127.036
 21
333.073
  0
LINE
  8
0
 10
-127.036
 20
333.073
 11
-127.219
 21
333.027
  0
LINE
  8
0
 10
-127.219
 20
333.027
 11
-127.406
 21
333.003
  0
LINE
  8
0
 10
-127.406
 20
333.003
 11
-127.594
 21
333.003
  0
LINE
  8
0
 10
127.406
 20
333.003
 11
127.219
 21
333.027
  0
LINE
  8
0
 10
127.219
 20
333.027
 11
127.036
 21
333.073
  0
LINE
  8
0
 10
127.036
 20
333.073
 11
126.861
 21
333.143
  0
LINE
  8
0
 10
126.861
 20
333.143
 11
126.696
 21
333.234
  0
LINE
  8
0
 10
126.696
 20
333.234
 11
126.544
 21
333.344
  0
LINE
  8
0
 10
126.544
 20
333.344
 11
126.407
 21
333.473
  0
LINE
  8
0
 10
126.407
 20
333.473
 11
126.286
 21
333.618
  0
LINE
  8
0
 10
126.286
 20
333.618
 11
126.186
 21
333.777
  0
LINE
  8
0
 10
126.186
 20
333.777
 11
126.105
 21
333.948
  0
LINE
  8
0
 10
126.105
 20
333.948
 11
126.047
 21
334.127
  0
LINE
  8
0
 10
126.047
 20
334.127
 11
126.012
 21
334.312
  0
LINE
  8
0
 10
126.012
 20
334.312
 11
126
 21
334.5
  0
LINE
  8
0
 10
126
 20
334.5
 11
126.012
 21
334.688
  0
LINE
  8
0
 10
126.012
 20
334.688
 11
126.047
 21
334.873
  0
LINE
  8
0
 10
126.047
 20
334.873
 11
126.105
 21
335.052
  0
LINE
  8
0
 10
126.105
 20
335.052
 11
126.186
 21
335.223
  0
LINE
  8
0
 10
126.186
 20
335.223
 11
126.286
 21
335.382
  0
LINE
  8
0
 10
126.286
 20
335.382
 11
126.407
 21
335.527
  0
LINE
  8
0
 10
126.407
 20
335.527
 11
126.544
 21
335.656
  0
LINE
  8
0
 10
126.544
 20
335.656
 11
126.696
 21
335.766
  0
LINE
  8
0
 10
126.696
 20
335.766
 11
126.861
 21
335.857
  0
LINE
  8
0
 10
126.861
 20
335.857
 11
127.036
 21
335.927
  0
LINE
  8
0
 10
127.036
 20
335.927
 11
127.219
 21
335.973
  0
LINE
  8
0
 10
127.219
 20
335.973
 11
127.406
 21
335.997
  0
LINE
  8
0
 10
127.406
 20
335.997
 11
127.594
 21
335.997
  0
LINE
  8
0
 10
127.594
 20
335.997
 11
127.781
 21
335.973
  0
LINE
  8
0
 10
127.781
 20
335.973
 11
127.964
 21
335.927
  0
LINE
  8
0
 10
127.964
 20
335.927
 11
128.139
 21
335.857
  0
LINE
  8
0
 10
128.139
 20
335.857
 11
128.304
 21
335.766
  0
LINE
  8
0
 10
128.304
 20
335.766
 11
128.456
 21
335.656
  0
LINE
  8
0
 10
128.456
 20
335.656
 11
128.593
 21
335.527
  0
LINE
  8
0
 10
128.593
 20
335.527
 11
128.714
 21
335.382
  0
LINE
  8
0
 10
128.714
 20
335.382
 11
128.814
 21
335.223
  0
LINE
  8
0
 10
128.814
 20
335.223
 11
128.895
 21
335.052
  0
LINE
  8
0
 10
128.895
 20
335.052
 11
128.953
 21
334.873
  0
LINE
  8
0
 10
128.953
 20
334.873
 11
128.988
 21
334.688
  0
LINE
  8
0
 10
128.988
 20
334.688
 11
129
 21
334.5
  0
LINE
  8
0
 10
129
 20
334.5
 11
128.988
 21
334.312
  0
LINE
  8
0
 10
128.988
 20
334.312
 11
128.953
 21
334.127
  0
LINE
  8
0
 10
128.953
 20
334.127
 11
128.895
 21
333.948
  0
LINE
  8
0
 10
128.895
 20
333.948
 11
128.814
 21
333.777
  0
LINE
  8
0
 10
128.814
 20
333.777
 11
128.714
 21
333.618
  0
LINE
  8
0
 10
128.714
 20
333.618
 11
128.593
 21
333.473
  0
LINE
  8
0
 10
128.593
 20
333.473
 11
128.456
 21
333.344
  0
LINE
  8
0
 10
128.456
 20
333.344
 11
128.304
 21
333.234
  0
LINE
  8
0
 10
128.304
 20
333.234
 11
128.139
 21
333.143
  0
LINE
  8
0
 10
128.139
 20
333.143
 11
127.964
 21
333.073
  0
LINE
  8
0
 10
127.964
 20
333.073
 11
127.781
 21
333.027
  0
LINE
  8
0
 10
127.781
 20
333.027
 11
127.594
 21
333.003
  0
LINE
  8
0
 10
127.594
 20
333.003
 11
127.406
 21
333.003
  0
LINE
  8
0
 10
127.312
 20
324.006
 11
126.938
 21
324.053
  0
LINE
  8
0
 10
126.938
 20
324.053
 11
126.573
 21
324.147
  0
LINE
  8
0
 10
126.573
 20
324.147
 11
126.223
 21
324.286
  0
LINE
  8
0
 10
126.223
 20
324.286
 11
125.893
 21
324.467
  0
LINE
  8
0
 10
125.893
 20
324.467
 11
125.588
 21
324.688
  0
LINE
  8
0
 10
125.588
 20
324.688
 11
125.313
 21
324.946
  0
LINE
  8
0
 10
125.313
 20
324.946
 11
125.073
 21
325.237
  0
LINE
  8
0
 10
125.073
 20
325.237
 11
124.871
 21
325.555
  0
LINE
  8
0
 10
124.871
 20
325.555
 11
124.711
 21
325.896
  0
LINE
  8
0
 10
124.711
 20
325.896
 11
124.594
 21
326.254
  0
LINE
  8
0
 10
124.594
 20
326.254
 11
124.524
 21
326.624
  0
LINE
  8
0
 10
124.524
 20
326.624
 11
124.5
 21
327
  0
LINE
  8
0
 10
124.5
 20
327
 11
124.524
 21
327.376
  0
LINE
  8
0
 10
124.524
 20
327.376
 11
124.594
 21
327.746
  0
LINE
  8
0
 10
124.594
 20
327.746
 11
124.711
 21
328.104
  0
LINE
  8
0
 10
124.711
 20
328.104
 11
124.871
 21
328.445
  0
LINE
  8
0
 10
124.871
 20
328.445
 11
125.073
 21
328.763
  0
LINE
  8
0
 10
125.073
 20
328.763
 11
125.313
 21
329.054
  0
LINE
  8
0
 10
125.313
 20
329.054
 11
125.588
 21
329.312
  0
LINE
  8
0
 10
125.588
 20
329.312
 11
125.893
 21
329.533
  0
LINE
  8
0
 10
125.893
 20
329.533
 11
126.223
 21
329.714
  0
LINE
  8
0
 10
126.223
 20
329.714
 11
126.573
 21
329.853
  0
LINE
  8
0
 10
126.573
 20
329.853
 11
126.938
 21
329.947
  0
LINE
  8
0
 10
126.938
 20
329.947
 11
127.312
 21
329.994
  0
LINE
  8
0
 10
127.312
 20
329.994
 11
127.688
 21
329.994
  0
LINE
  8
0
 10
127.688
 20
329.994
 11
128.062
 21
329.947
  0
LINE
  8
0
 10
128.062
 20
329.947
 11
128.427
 21
329.853
  0
LINE
  8
0
 10
128.427
 20
329.853
 11
128.777
 21
329.714
  0
LINE
  8
0
 10
128.777
 20
329.714
 11
129.107
 21
329.533
  0
LINE
  8
0
 10
129.107
 20
329.533
 11
129.412
 21
329.312
  0
LINE
  8
0
 10
129.412
 20
329.312
 11
129.687
 21
329.054
  0
LINE
  8
0
 10
129.687
 20
329.054
 11
129.927
 21
328.763
  0
LINE
  8
0
 10
129.927
 20
328.763
 11
130.129
 21
328.445
  0
LINE
  8
0
 10
130.129
 20
328.445
 11
130.289
 21
328.104
  0
LINE
  8
0
 10
130.289
 20
328.104
 11
130.406
 21
327.746
  0
LINE
  8
0
 10
130.406
 20
327.746
 11
130.476
 21
327.376
  0
LINE
  8
0
 10
130.476
 20
327.376
 11
130.5
 21
327
  0
LINE
  8
0
 10
130.5
 20
327
 11
130.476
 21
326.624
  0
LINE
  8
0
 10
130.476
 20
326.624
 11
130.406
 21
326.254
  0
LINE
  8
0
 10
130.406
 20
326.254
 11
130.289
 21
325.896
  0
LINE
  8
0
 10
130.289
 20
325.896
 11
130.129
 21
325.555
  0
LINE
  8
0
 10
130.129
 20
325.555
 11
129.927
 21
325.237
  0
LINE
  8
0
 10
129.927
 20
325.237
 11
129.687
 21
324.946
  0
LINE
  8
0
 10
129.687
 20
324.946
 11
129.412
 21
324.688
  0
LINE
  8
0
 10
129.412
 20
324.688
 11
129.107
 21
324.467
  0
LINE
  8
0
 10
129.107
 20
324.467
 11
128.777
 21
324.286
  0
LINE
  8
0
 10
128.777
 20
324.286
 11
128.427
 21
324.147
  0
LINE
  8
0
 10
128.427
 20
324.147
 11
128.062
 21
324.053
  0
LINE
  8
0
 10
128.062
 20
324.053
 11
127.688
 21
324.006
  0
LINE
  8
0
 10
127.688
 20
324.006
 11
127.312
 21
324.006
  0
LINE
  8
0
 10
-127.688
 20
324.006
 11
-128.062
 21
324.053
  0
LINE
  8
0
 10
-128.062
 20
324.053
 11
-128.427
 21
324.147
  0
LINE
  8
0
 10
-128.427
 20
324.147
 11
-128.777
 21
324.286
  0
LINE
  8
0
 10
-128.777
 20
324.286
 11
-129.107
 21
324.467
  0
LINE
  8
0
 10
-129.107
 20
324.467
 11
-129.412
 21
324.688
  0
LINE
  8
0
 10
-129.412
 20
324.688
 11
-129.687
 21
324.946
  0
LINE
  8
0
 10
-129.687
 20
324.946
 11
-129.927
 21
325.237
  0
LINE
  8
0
 10
-129.927
 20
325.237
 11
-130.129
 21
325.555
  0
LINE
  8
0
 10
-130.129
 20
325.555
 11
-130.289
 21
325.896
  0
LINE
  8
0
 10
-130.289
 20
325.896
 11
-130.406
 21
326.254
  0
LINE
  8
0
 10
-130.406
 20
326.254
 11
-130.476
 21
326.624
  0
LINE
  8
0
 10
-130.476
 20
326.624
 11
-130.5
 21
327
  0
LINE
  8
0
 10
-130.5
 20
327
 11
-130.476
 21
327.376
  0
LINE
  8
0
 10
-130.476
 20
327.376
 11
-130.406
 21
327.746
  0
LINE
  8
0
 10
-130.406
 20
327.746
 11
-130.289
 21
328.104
  0
LINE
  8
0
 10
-130.289
 20
328.104
 11
-130.129
 21
328.445
  0
LINE
  8
0
 10
-130.129
 20
328.445
 11
-129.927
 21
328.763
  0
LINE
  8
0
 10
-129.927
 20
328.763
 11
-129.687
 21
329.054
  0
LINE
  8
0
 10
-129.687
 20
329.054
 11
-129.412
 21
329.312
  0
LINE
  8
0
 10
-129.412
 20
329.312
 11
-129.107
 21
329.533
  0
LINE
  8
0
 10
-129.107
 20
329.533
 11
-128.777
 21
329.714
  0
LINE
  8
0
 10
-128.777
 20
329.714
 11
-128.427
 21
329.853
  0
LINE
  8
0
 10
-128.427
 20
329.853
 11
-128.062
 21
329.947
  0
LINE
  8
0
 10
-128.062
 20
329.947
 11
-127.688
 21
329.994
  0
LINE
  8
0
 10
-127.688
 20
329.994
 11
-127.312
 21
329.994
  0
LINE
  8
0
 10
-127.312
 20
329.994
 11
-126.938
 21
329.947
  0
LINE
  8
0
 10
-126.938
 20
329.947
 11
-126.573
 21
329.853
  0
LINE
  8
0
 10
-126.573
 20
329.853
 11
-126.223
 21
329.714
  0
LINE
  8
0
 10
-126.223
 20
329.714
 11
-125.893
 21
329.533
  0
LINE
  8
0
 10
-125.893
 20
329.533
 11
-125.588
 21
329.312
  0
LINE
  8
0
 10
-125.588
 20
329.312
 11
-125.313
 21
329.054
  0
LINE
  8
0
 10
-125.313
 20
329.054
 11
-125.073
 21
328.763
  0
LINE
  8
0
 10
-125.073
 20
328.763
 11
-124.871
 21
328.445
  0
LINE
  8
0
 10
-124.871
 20
328.445
 11
-124.711
 21
328.104
  0
LINE
  8
0
 10
-124.711
 20
328.104
 11
-124.594
 21
327.746
  0
LINE
  8
0
 10
-124.594
 20
327.746
 11
-124.524
 21
327.376
  0
LINE
  8
0
 10
-124.524
 20
327.376
 11
-124.5
 21
327
  0
LINE
  8
0
 10
-124.5
 20
327
 11
-124.524
 21
326.624
  0
LINE
  8
0
 10
-124.524
 20
326.624
 11
-124.594
 21
326.254
  0
LINE
  8
0
 10
-124.594
 20
326.254
 11
-124.711
 21
325.896
  0
LINE
  8
0
 10
-124.711
 20
325.896
 11
-124.871
 21
325.555
  0
LINE
  8
0
 10
-124.871
 20
325.555
 11
-125.073
 21
325.237
  0
LINE
  8
0
 10
-125.073
 20
325.237
 11
-125.313
 21
324.946
  0
LINE
  8
0
 10
-125.313
 20
324.946
 11
-125.588
 21
324.688
  0
LINE
  8
0
 10
-125.588
 20
324.688
 11
-125.893
 21
324.467
  0
LINE
  8
0
 10
-125.893
 20
324.467
 11
-126.223
 21
324.286
  0
LINE
  8
0
 10
-126.223
 20
324.286
 11
-126.573
 21
324.147
  0
LINE
  8
0
 10
-126.573
 20
324.147
 11
-126.938
 21
324.053
  0
LINE
  8
0
 10
-126.938
 20
324.053
 11
-127.312
 21
324.006
  0
LINE
  8
0
 10
-127.312
 20
324.006
 11
-127.688
 21
324.006
  0
LINE
  8
0
 10
127.406
 20
318.003
 11
127.219
 21
318.027
  0
LINE
  8
0
 10
127.219
 20
318.027
 11
127.036
 21
318.073
  0
LINE
  8
0
 10
127.036
 20
318.073
 11
126.861
 21
318.143
  0
LINE
  8
0
 10
126.861
 20
318.143
 11
126.696
 21
318.234
  0
LINE
  8
0
 10
126.696
 20
318.234
 11
126.544
 21
318.344
  0
LINE
  8
0
 10
126.544
 20
318.344
 11
126.407
 21
318.473
  0
LINE
  8
0
 10
126.407
 20
318.473
 11
126.286
 21
318.618
  0
LINE
  8
0
 10
126.286
 20
318.618
 11
126.186
 21
318.777
  0
LINE
  8
0
 10
126.186
 20
318.777
 11
126.105
 21
318.948
  0
LINE
  8
0
 10
126.105
 20
318.948
 11
126.047
 21
319.127
  0
LINE
  8
0
 10
126.047
 20
319.127
 11
126.012
 21
319.312
  0
LINE
  8
0
 10
126.012
 20
319.312
 11
126
 21
319.5
  0
LINE
  8
0
 10
126
 20
319.5
 11
126.012
 21
319.688
  0
LINE
  8
0
 10
126.012
 20
319.688
 11
126.047
 21
319.873
  0
LINE
  8
0
 10
126.047
 20
319.873
 11
126.105
 21
320.052
  0
LINE
  8
0
 10
126.105
 20
320.052
 11
126.186
 21
320.223
  0
LINE
  8
0
 10
126.186
 20
320.223
 11
126.286
 21
320.382
  0
LINE
  8
0
 10
126.286
 20
320.382
 11
126.407
 21
320.527
  0
LINE
  8
0
 10
126.407
 20
320.527
 11
126.544
 21
320.656
  0
LINE
  8
0
 10
126.544
 20
320.656
 11
126.696
 21
320.766
  0
LINE
  8
0
 10
126.696
 20
320.766
 11
126.861
 21
320.857
  0
LINE
  8
0
 10
126.861
 20
320.857
 11
127.036
 21
320.927
  0
LINE
  8
0
 10
127.036
 20
320.927
 11
127.219
 21
320.973
  0
LINE
  8
0
 10
127.219
 20
320.973
 11
127.406
 21
320.997
  0
LINE
  8
0
 10
127.406
 20
320.997
 11
127.594
 21
320.997
  0
LINE
  8
0
 10
127.594
 20
320.997
 11
127.781
 21
320.973
  0
LINE
  8
0
 10
127.781
 20
320.973
 11
127.964
 21
320.927
  0
LINE
  8
0
 10
127.964
 20
320.927
 11
128.139
 21
320.857
  0
LINE
  8
0
 10
128.139
 20
320.857
 11
128.304
 21
320.766
  0
LINE
  8
0
 10
128.304
 20
320.766
 11
128.456
 21
320.656
  0
LINE
  8
0
 10
128.456
 20
320.656
 11
128.593
 21
320.527
  0
LINE
  8
0
 10
128.593
 20
320.527
 11
128.714
 21
320.382
  0
LINE
  8
0
 10
128.714
 20
320.382
 11
128.814
 21
320.223
  0
LINE
  8
0
 10
128.814
 20
320.223
 11
128.895
 21
320.052
  0
LINE
  8
0
 10
128.895
 20
320.052
 11
128.953
 21
319.873
  0
LINE
  8
0
 10
128.953
 20
319.873
 11
128.988
 21
319.688
  0
LINE
  8
0
 10
128.988
 20
319.688
 11
129
 21
319.5
  0
LINE
  8
0
 10
129
 20
319.5
 11
128.988
 21
319.312
  0
LINE
  8
0
 10
128.988
 20
319.312
 11
128.953
 21
319.127
  0
LINE
  8
0
 10
128.953
 20
319.127
 11
128.895
 21
318.948
  0
LINE
  8
0
 10
128.895
 20
318.948
 11
128.814
 21
318.777
  0
LINE
  8
0
 10
128.814
 20
318.777
 11
128.714
 21
318.618
  0
LINE
  8
0
 10
128.714
 20
318.618
 11
128.593
 21
318.473
  0
LINE
  8
0
 10
128.593
 20
318.473
 11
128.456
 21
318.344
  0
LINE
  8
0
 10
128.456
 20
318.344
 11
128.304
 21
318.234
  0
LINE
  8
0
 10
128.304
 20
318.234
 11
128.139
 21
318.143
  0
LINE
  8
0
 10
128.139
 20
318.143
 11
127.964
 21
318.073
  0
LINE
  8
0
 10
127.964
 20
318.073
 11
127.781
 21
318.027
  0
LINE
  8
0
 10
127.781
 20
318.027
 11
127.594
 21
318.003
  0
LINE
  8
0
 10
127.594
 20
318.003
 11
127.406
 21
318.003
  0
LINE
  8
0
 10
-127.594
 20
318.003
 11
-127.781
 21
318.027
  0
LINE
  8
0
 10
-127.781
 20
318.027
 11
-127.964
 21
318.073
  0
LINE
  8
0
 10
-127.964
 20
318.073
 11
-128.139
 21
318.143
  0
LINE
  8
0
 10
-128.139
 20
318.143
 11
-128.304
 21
318.234
  0
LINE
  8
0
 10
-128.304
 20
318.234
 11
-128.456
 21
318.344
  0
LINE
  8
0
 10
-128.456
 20
318.344
 11
-128.593
 21
318.473
  0
LINE
  8
0
 10
-128.593
 20
318.473
 11
-128.714
 21
318.618
  0
LINE
  8
0
 10
-128.714
 20
318.618
 11
-128.814
 21
318.777
  0
LINE
  8
0
 10
-128.814
 20
318.777
 11
-128.895
 21
318.948
  0
LINE
  8
0
 10
-128.895
 20
318.948
 11
-128.953
 21
319.127
  0
LINE
  8
0
 10
-128.953
 20
319.127
 11
-128.988
 21
319.312
  0
LINE
  8
0
 10
-128.988
 20
319.312
 11
-129
 21
319.5
  0
LINE
  8
0
 10
-129
 20
319.5
 11
-128.988
 21
319.688
  0
LINE
  8
0
 10
-128.988
 20
319.688
 11
-128.953
 21
319.873
  0
LINE
  8
0
 10
-128.953
 20
319.873
 11
-128.895
 21
320.052
  0
LINE
  8
0
 10
-128.895
 20
320.052
 11
-128.814
 21
320.223
  0
LINE
  8
0
 10
-128.814
 20
320.223
 11
-128.714
 21
320.382
  0
LINE
  8
0
 10
-128.714
 20
320.382
 11
-128.593
 21
320.527
  0
LINE
  8
0
 10
-128.593
 20
320.527
 11
-128.456
 21
320.656
  0
LINE
  8
0
 10
-128.456
 20
320.656
 11
-128.304
 21
320.766
  0
LINE
  8
0
 10
-128.304
 20
320.766
 11
-128.139
 21
320.857
  0
LINE
  8
0
 10
-128.139
 20
320.857
 11
-127.964
 21
320.927
  0
LINE
  8
0
 10
-127.964
 20
320.927
 11
-127.781
 21
320.973
  0
LINE
  8
0
 10
-127.781
 20
320.973
 11
-127.594
 21
320.997
  0
LINE
  8
0
 10
-127.594
 20
320.997
 11
-127.406
 21
320.997
  0
LINE
  8
0
 10
-127.406
 20
320.997
 11
-127.219
 21
320.973
  0
LINE
  8
0
 10
-127.219
 20
320.973
 11
-127.036
 21
320.927
  0
LINE
  8
0
 10
-127.036
 20
320.927
 11
-126.861
 21
320.857
  0
LINE
  8
0
 10
-126.861
 20
320.857
 11
-126.696
 21
320.766
  0
LINE
  8
0
 10
-126.696
 20
320.766
 11
-126.544
 21
320.656
  0
LINE
  8
0
 10
-126.544
 20
320.656
 11
-126.407
 21
320.527
  0
LINE
  8
0
 10
-126.407
 20
320.527
 11
-126.286
 21
320.382
  0
LINE
  8
0
 10
-126.286
 20
320.382
 11
-126.186
 21
320.223
  0
LINE
  8
0
 10
-126.186
 20
320.223
 11
-126.105
 21
320.052
  0
LINE
  8
0
 10
-126.105
 20
320.052
 11
-126.047
 21
319.873
  0
LINE
  8
0
 10
-126.047
 20
319.873
 11
-126.012
 21
319.688
  0
LINE
  8
0
 10
-126.012
 20
319.688
 11
-126
 21
319.5
  0
LINE
  8
0
 10
-126
 20
319.5
 11
-126.012
 21
319.312
  0
LINE
  8
0
 10
-126.012
 20
319.312
 11
-126.047
 21
319.127
  0
LINE
  8
0
 10
-126.047
 20
319.127
 11
-126.105
 21
318.948
  0
LINE
  8
0
 10
-126.105
 20
318.948
 11
-126.186
 21
318.777
  0
LINE
  8
0
 10
-126.186
 20
318.777
 11
-126.286
 21
318.618
  0
LINE
  8
0
 10
-126.286
 20
318.618
 11
-126.407
 21
318.473
  0
LINE
  8
0
 10
-126.407
 20
318.473
 11
-126.544
 21
318.344
  0
LINE
  8
0
 10
-126.544
 20
318.344
 11
-126.696
 21
318.234
  0
LINE
  8
0
 10
-126.696
 20
318.234
 11
-126.861
 21
318.143
  0
LINE
  8
0
 10
-126.861
 20
318.143
 11
-127.036
 21
318.073
  0
LINE
  8
0
 10
-127.036
 20
318.073
 11
-127.219
 21
318.027
  0
LINE
  8
0
 10
-127.219
 20
318.027
 11
-127.406
 21
318.003
  0
LINE
  8
0
 10
-127.406
 20
318.003
 11
-127.594
 21
318.003
  0
LINE
  8
0
 10
127.312
 20
309.006
 11
126.938
 21
309.053
  0
LINE
  8
0
 10
126.938
 20
309.053
 11
126.573
 21
309.147
  0
LINE
  8
0
 10
126.573
 20
309.147
 11
126.223
 21
309.286
  0
LINE
  8
0
 10
126.223
 20
309.286
 11
125.893
 21
309.467
  0
LINE
  8
0
 10
125.893
 20
309.467
 11
125.588
 21
309.688
  0
LINE
  8
0
 10
125.588
 20
309.688
 11
125.313
 21
309.946
  0
LINE
  8
0
 10
125.313
 20
309.946
 11
125.073
 21
310.237
  0
LINE
  8
0
 10
125.073
 20
310.237
 11
124.871
 21
310.555
  0
LINE
  8
0
 10
124.871
 20
310.555
 11
124.711
 21
310.896
  0
LINE
  8
0
 10
124.711
 20
310.896
 11
124.594
 21
311.254
  0
LINE
  8
0
 10
124.594
 20
311.254
 11
124.524
 21
311.624
  0
LINE
  8
0
 10
124.524
 20
311.624
 11
124.5
 21
312
  0
LINE
  8
0
 10
124.5
 20
312
 11
124.524
 21
312.376
  0
LINE
  8
0
 10
124.524
 20
312.376
 11
124.594
 21
312.746
  0
LINE
  8
0
 10
124.594
 20
312.746
 11
124.711
 21
313.104
  0
LINE
  8
0
 10
124.711
 20
313.104
 11
124.871
 21
313.445
  0
LINE
  8
0
 10
124.871
 20
313.445
 11
125.073
 21
313.763
  0
LINE
  8
0
 10
125.073
 20
313.763
 11
125.313
 21
314.054
  0
LINE
  8
0
 10
125.313
 20
314.054
 11
125.588
 21
314.312
  0
LINE
  8
0
 10
125.588
 20
314.312
 11
125.893
 21
314.533
  0
LINE
  8
0
 10
125.893
 20
314.533
 11
126.223
 21
314.714
  0
LINE
  8
0
 10
126.223
 20
314.714
 11
126.573
 21
314.853
  0
LINE
  8
0
 10
126.573
 20
314.853
 11
126.938
 21
314.947
  0
LINE
  8
0
 10
126.938
 20
314.947
 11
127.312
 21
314.994
  0
LINE
  8
0
 10
127.312
 20
314.994
 11
127.688
 21
314.994
  0
LINE
  8
0
 10
127.688
 20
314.994
 11
128.062
 21
314.947
  0
LINE
  8
0
 10
128.062
 20
314.947
 11
128.427
 21
314.853
  0
LINE
  8
0
 10
128.427
 20
314.853
 11
128.777
 21
314.714
  0
LINE
  8
0
 10
128.777
 20
314.714
 11
129.107
 21
314.533
  0
LINE
  8
0
 10
129.107
 20
314.533
 11
129.412
 21
314.312
  0
LINE
  8
0
 10
129.412
 20
314.312
 11
129.687
 21
314.054
  0
LINE
  8
0
 10
129.687
 20
314.054
 11
129.927
 21
313.763
  0
LINE
  8
0
 10
129.927
 20
313.763
 11
130.129
 21
313.445
  0
LINE
  8
0
 10
130.129
 20
313.445
 11
130.289
 21
313.104
  0
LINE
  8
0
 10
130.289
 20
313.104
 11
130.406
 21
312.746
  0
LINE
  8
0
 10
130.406
 20
312.746
 11
130.476
 21
312.376
  0
LINE
  8
0
 10
130.476
 20
312.376
 11
130.5
 21
312
  0
LINE
  8
0
 10
130.5
 20
312
 11
130.476
 21
311.624
  0
LINE
  8
0
 10
130.476
 20
311.624
 11
130.406
 21
311.254
  0
LINE
  8
0
 10
130.406
 20
311.254
 11
130.289
 21
310.896
  0
LINE
  8
0
 10
130.289
 20
310.896
 11
130.129
 21
310.555
  0
LINE
  8
0
 10
130.129
 20
310.555
 11
129.927
 21
310.237
  0
LINE
  8
0
 10
129.927
 20
310.237
 11
129.687
 21
309.946
  0
LINE
  8
0
 10
129.687
 20
309.946
 11
129.412
 21
309.688
  0
LINE
  8
0
 10
129.412
 20
309.688
 11
129.107
 21
309.467
  0
LINE
  8
0
 10
129.107
 20
309.467
 11
128.777
 21
309.286
  0
LINE
  8
0
 10
128.777
 20
309.286
 11
128.427
 21
309.147
  0
LINE
  8
0
 10
128.427
 20
309.147
 11
128.062
 21
309.053
  0
LINE
  8
0
 10
128.062
 20
309.053
 11
127.688
 21
309.006
  0
LINE
  8
0
 10
127.688
 20
309.006
 11
127.312
 21
309.006
  0
LINE
  8
0
 10
-127.688
 20
309.006
 11
-128.062
 21
309.053
  0
LINE
  8
0
 10
-128.062
 20
309.053
 11
-128.427
 21
309.147
  0
LINE
  8
0
 10
-128.427
 20
309.147
 11
-128.777
 21
309.286
  0
LINE
  8
0
 10
-128.777
 20
309.286
 11
-129.107
 21
309.467
  0
LINE
  8
0
 10
-129.107
 20
309.467
 11
-129.412
 21
309.688
  0
LINE
  8
0
 10
-129.412
 20
309.688
 11
-129.687
 21
309.946
  0
LINE
  8
0
 10
-129.687
 20
309.946
 11
-129.927
 21
310.237
  0
LINE
  8
0
 10
-129.927
 20
310.237
 11
-130.129
 21
310.555
  0
LINE
  8
0
 10
-130.129
 20
310.555
 11
-130.289
 21
310.896
  0
LINE
  8
0
 10
-130.289
 20
310.896
 11
-130.406
 21
311.254
  0
LINE
  8
0
 10
-130.406
 20
311.254
 11
-130.476
 21
311.624
  0
LINE
  8
0
 10
-130.476
 20
311.624
 11
-130.5
 21
312
  0
LINE
  8
0
 10
-130.5
 20
312
 11
-130.476
 21
312.376
  0
LINE
  8
0
 10
-130.476
 20
312.376
 11
-130.406
 21
312.746
  0
LINE
  8
0
 10
-130.406
 20
312.746
 11
-130.289
 21
313.104
  0
LINE
  8
0
 10
-130.289
 20
313.104
 11
-130.129
 21
313.445
  0
LINE
  8
0
 10
-130.129
 20
313.445
 11
-129.927
 21
313.763
  0
LINE
  8
0
 10
-129.927
 20
313.763
 11
-129.687
 21
314.054
  0
LINE
  8
0
 10
-129.687
 20
314.054
 11
-129.412
 21
314.312
  0
LINE
  8
0
 10
-129.412
 20
314.312
 11
-129.107
 21
314.533
  0
LINE
  8
0
 10
-129.107
 20
314.533
 11
-128.777
 21
314.714
  0
LINE
  8
0
 10
-128.777
 20
314.714
 11
-128.427
 21
314.853
  0
LINE
  8
0
 10
-128.427
 20
314.853
 11
-128.062
 21
314.947
  0
LINE
  8
0
 10
-128.062
 20
314.947
 11
-127.688
 21
314.994
  0
LINE
  8
0
 10
-127.688
 20
314.994
 11
-127.312
 21
314.994
  0
LINE
  8
0
 10
-127.312
 20
314.994
 11
-126.938
 21
314.947
  0
LINE
  8
0
 10
-126.938
 20
314.947
 11
-126.573
 21
314.853
  0
LINE
  8
0
 10
-126.573
 20
314.853
 11
-126.223
 21
314.714
  0
LINE
  8
0
 10
-126.223
 20
314.714
 11
-125.893
 21
314.533
  0
LINE
  8
0
 10
-125.893
 20
314.533
 11
-125.588
 21
314.312
  0
LINE
  8
0
 10
-125.588
 20
314.312
 11
-125.313
 21
314.054
  0
LINE
  8
0
 10
-125.313
 20
314.054
 11
-125.073
 21
313.763
  0
LINE
  8
0
 10
-125.073
 20
313.763
 11
-124.871
 21
313.445
  0
LINE
  8
0
 10
-124.871
 20
313.445
 11
-124.711
 21
313.104
  0
LINE
  8
0
 10
-124.711
 20
313.104
 11
-124.594
 21
312.746
  0
LINE
  8
0
 10
-124.594
 20
312.746
 11
-124.524
 21
312.376
  0
LINE
  8
0
 10
-124.524
 20
312.376
 11
-124.5
 21
312
  0
LINE
  8
0
 10
-124.5
 20
312
 11
-124.524
 21
311.624
  0
LINE
  8
0
 10
-124.524
 20
311.624
 11
-124.594
 21
311.254
  0
LINE
  8
0
 10
-124.594
 20
311.254
 11
-124.711
 21
310.896
  0
LINE
  8
0
 10
-124.711
 20
310.896
 11
-124.871
 21
310.555
  0
LINE
  8
0
 10
-124.871
 20
310.555
 11
-125.073
 21
310.237
  0
LINE
  8
0
 10
-125.073
 20
310.237
 11
-125.313
 21
309.946
  0
LINE
  8
0
 10
-125.313
 20
309.946
 11
-125.588
 21
309.688
  0
LINE
  8
0
 10
-125.588
 20
309.688
 11
-125.893
 21
309.467
  0
LINE
  8
0
 10
-125.893
 20
309.467
 11
-126.223
 21
309.286
  0
LINE
  8
0
 10
-126.223
 20
309.286
 11
-126.573
 21
309.147
  0
LINE
  8
0
 10
-126.573
 20
309.147
 11
-126.938
 21
309.053
  0
LINE
  8
0
 10
-126.938
 20
309.053
 11
-127.312
 21
309.006
  0
LINE
  8
0
 10
-127.312
 20
309.006
 11
-127.688
 21
309.006
  0
LINE
  8
0
 10
127.406
 20
303.003
 11
127.219
 21
303.027
  0
LINE
  8
0
 10
127.219
 20
303.027
 11
127.036
 21
303.073
  0
LINE
  8
0
 10
127.036
 20
303.073
 11
126.861
 21
303.143
  0
LINE
  8
0
 10
126.861
 20
303.143
 11
126.696
 21
303.234
  0
LINE
  8
0
 10
126.696
 20
303.234
 11
126.544
 21
303.344
  0
LINE
  8
0
 10
126.544
 20
303.344
 11
126.407
 21
303.473
  0
LINE
  8
0
 10
126.407
 20
303.473
 11
126.286
 21
303.618
  0
LINE
  8
0
 10
126.286
 20
303.618
 11
126.186
 21
303.777
  0
LINE
  8
0
 10
126.186
 20
303.777
 11
126.105
 21
303.948
  0
LINE
  8
0
 10
126.105
 20
303.948
 11
126.047
 21
304.127
  0
LINE
  8
0
 10
126.047
 20
304.127
 11
126.012
 21
304.312
  0
LINE
  8
0
 10
126.012
 20
304.312
 11
126
 21
304.5
  0
LINE
  8
0
 10
126
 20
304.5
 11
126.012
 21
304.688
  0
LINE
  8
0
 10
126.012
 20
304.688
 11
126.047
 21
304.873
  0
LINE
  8
0
 10
126.047
 20
304.873
 11
126.105
 21
305.052
  0
LINE
  8
0
 10
126.105
 20
305.052
 11
126.186
 21
305.223
  0
LINE
  8
0
 10
126.186
 20
305.223
 11
126.286
 21
305.382
  0
LINE
  8
0
 10
126.286
 20
305.382
 11
126.407
 21
305.527
  0
LINE
  8
0
 10
126.407
 20
305.527
 11
126.544
 21
305.656
  0
LINE
  8
0
 10
126.544
 20
305.656
 11
126.696
 21
305.766
  0
LINE
  8
0
 10
126.696
 20
305.766
 11
126.861
 21
305.857
  0
LINE
  8
0
 10
126.861
 20
305.857
 11
127.036
 21
305.927
  0
LINE
  8
0
 10
127.036
 20
305.927
 11
127.219
 21
305.973
  0
LINE
  8
0
 10
127.219
 20
305.973
 11
127.406
 21
305.997
  0
LINE
  8
0
 10
127.406
 20
305.997
 11
127.594
 21
305.997
  0
LINE
  8
0
 10
127.594
 20
305.997
 11
127.781
 21
305.973
  0
LINE
  8
0
 10
127.781
 20
305.973
 11
127.964
 21
305.927
  0
LINE
  8
0
 10
127.964
 20
305.927
 11
128.139
 21
305.857
  0
LINE
  8
0
 10
128.139
 20
305.857
 11
128.304
 21
305.766
  0
LINE
  8
0
 10
128.304
 20
305.766
 11
128.456
 21
305.656
  0
LINE
  8
0
 10
128.456
 20
305.656
 11
128.593
 21
305.527
  0
LINE
  8
0
 10
128.593
 20
305.527
 11
128.714
 21
305.382
  0
LINE
  8
0
 10
128.714
 20
305.382
 11
128.814
 21
305.223
  0
LINE
  8
0
 10
128.814
 20
305.223
 11
128.895
 21
305.052
  0
LINE
  8
0
 10
128.895
 20
305.052
 11
128.953
 21
304.873
  0
LINE
  8
0
 10
128.953
 20
304.873
 11
128.988
 21
304.688
  0
LINE
  8
0
 10
128.988
 20
304.688
 11
129
 21
304.5
  0
LINE
  8
0
 10
129
 20
304.5
 11
128.988
 21
304.312
  0
LINE
  8
0
 10
128.988
 20
304.312
 11
128.953
 21
304.127
  0
LINE
  8
0
 10
128.953
 20
304.127
 11
128.895
 21
303.948
  0
LINE
  8
0
 10
128.895
 20
303.948
 11
128.814
 21
303.777
  0
LINE
  8
0
 10
128.814
 20
303.777
 11
128.714
 21
303.618
  0
LINE
  8
0
 10
128.714
 20
303.618
 11
128.593
 21
303.473
  0
LINE
  8
0
 10
128.593
 20
303.473
 11
128.456
 21
303.344
  0
LINE
  8
0
 10
128.456
 20
303.344
 11
128.304
 21
303.234
  0
LINE
  8
0
 10
128.304
 20
303.234
 11
128.139
 21
303.143
  0
LINE
  8
0
 10
128.139
 20
303.143
 11
127.964
 21
303.073
  0
LINE
  8
0
 10
127.964
 20
303.073
 11
127.781
 21
303.027
  0
LINE
  8
0
 10
127.781
 20
303.027
 11
127.594
 21
303.003
  0
LINE
  8
0
 10
127.594
 20
303.003
 11
127.406
 21
303.003
  0
LINE
  8
0
 10
-127.594
 20
303.003
 11
-127.781
 21
303.027
  0
LINE
  8
0
 10
-127.781
 20
303.027
 11
-127.964
 21
303.073
  0
LINE
  8
0
 10
-127.964
 20
303.073
 11
-128.139
 21
303.143
  0
LINE
  8
0
 10
-128.139
 20
303.143
 11
-128.304
 21
303.234
  0
LINE
  8
0
 10
-128.304
 20
303.234
 11
-128.456
 21
303.344
  0
LINE
  8
0
 10
-128.456
 20
303.344
 11
-128.593
 21
303.473
  0
LINE
  8
0
 10
-128.593
 20
303.473
 11
-128.714
 21
303.618
  0
LINE
  8
0
 10
-128.714
 20
303.618
 11
-128.814
 21
303.777
  0
LINE
  8
0
 10
-128.814
 20
303.777
 11
-128.895
 21
303.948
  0
LINE
  8
0
 10
-128.895
 20
303.948
 11
-128.953
 21
304.127
  0
LINE
  8
0
 10
-128.953
 20
304.127
 11
-128.988
 21
304.312
  0
LINE
  8
0
 10
-128.988
 20
304.312
 11
-129
 21
304.5
  0
LINE
  8
0
 10
-129
 20
304.5
 11
-128.988
 21
304.688
  0
LINE
  8
0
 10
-128.988
 20
304.688
 11
-128.953
 21
304.873
  0
LINE
  8
0
 10
-128.953
 20
304.873
 11
-128.895
 21
305.052
  0
LINE
  8
0
 10
-128.895
 20
305.052
 11
-128.814
 21
305.223
  0
LINE
  8
0
 10
-128.814
 20
305.223
 11
-128.714
 21
305.382
  0
LINE
  8
0
 10
-128.714
 20
305.382
 11
-128.593
 21
305.527
  0
LINE
  8
0
 10
-128.593
 20
305.527
 11
-128.456
 21
305.656
  0
LINE
  8
0
 10
-128.456
 20
305.656
 11
-128.304
 21
305.766
  0
LINE
  8
0
 10
-128.304
 20
305.766
 11
-128.139
 21
305.857
  0
LINE
  8
0
 10
-128.139
 20
305.857
 11
-127.964
 21
305.927
  0
LINE
  8
0
 10
-127.964
 20
305.927
 11
-127.781
 21
305.973
  0
LINE
  8
0
 10
-127.781
 20
305.973
 11
-127.594
 21
305.997
  0
LINE
  8
0
 10
-127.594
 20
305.997
 11
-127.406
 21
305.997
  0
LINE
  8
0
 10
-127.406
 20
305.997
 11
-127.219
 21
305.973
  0
LINE
  8
0
 10
-127.219
 20
305.973
 11
-127.036
 21
305.927
  0
LINE
  8
0
 10
-127.036
 20
305.927
 11
-126.861
 21
305.857
  0
LINE
  8
0
 10
-126.861
 20
305.857
 11
-126.696
 21
305.766
  0
LINE
  8
0
 10
-126.696
 20
305.766
 11
-126.544
 21
305.656
  0
LINE
  8
0
 10
-126.544
 20
305.656
 11
-126.407
 21
305.527
  0
LINE
  8
0
 10
-126.407
 20
305.527
 11
-126.286
 21
305.382
  0
LINE
  8
0
 10
-126.286
 20
305.382
 11
-126.186
 21
305.223
  0
LINE
  8
0
 10
-126.186
 20
305.223
 11
-126.105
 21
305.052
  0
LINE
  8
0
 10
-126.105
 20
305.052
 11
-126.047
 21
304.873
  0
LINE
  8
0
 10
-126.047
 20
304.873
 11
-126.012
 21
304.688
  0
LINE
  8
0
 10
-126.012
 20
304.688
 11
-126
 21
304.5
  0
LINE
  8
0
 10
-126
 20
304.5
 11
-126.012
 21
304.312
  0
LINE
  8
0
 10
-126.012
 20
304.312
 11
-126.047
 21
304.127
  0
LINE
  8
0
 10
-126.047
 20
304.127
 11
-126.105
 21
303.948
  0
LINE
  8
0
 10
-126.105
 20
303.948
 11
-126.186
 21
303.777
  0
LINE
  8
0
 10
-126.186
 20
303.777
 11
-126.286
 21
303.618
  0
LINE
  8
0
 10
-126.286
 20
303.618
 11
-126.407
 21
303.473
  0
LINE
  8
0
 10
-126.407
 20
303.473
 11
-126.544
 21
303.344
  0
LINE
  8
0
 10
-126.544
 20
303.344
 11
-126.696
 21
303.234
  0
LINE
  8
0
 10
-126.696
 20
303.234
 11
-126.861
 21
303.143
  0
LINE
  8
0
 10
-126.861
 20
303.143
 11
-127.036
 21
303.073
  0
LINE
  8
0
 10
-127.036
 20
303.073
 11
-127.219
 21
303.027
  0
LINE
  8
0
 10
-127.219
 20
303.027
 11
-127.406
 21
303.003
  0
LINE
  8
0
 10
-127.406
 20
303.003
 11
-127.594
 21
303.003
  0
LINE
  8
0
 10
-127.688
 20
294.006
 11
-128.062
 21
294.053
  0
LINE
  8
0
 10
-128.062
 20
294.053
 11
-128.427
 21
294.147
  0
LINE
  8
0
 10
-128.427
 20
294.147
 11
-128.777
 21
294.286
  0
LINE
  8
0
 10
-128.777
 20
294.286
 11
-129.107
 21
294.467
  0
LINE
  8
0
 10
-129.107
 20
294.467
 11
-129.412
 21
294.688
  0
LINE
  8
0
 10
-129.412
 20
294.688
 11
-129.687
 21
294.946
  0
LINE
  8
0
 10
-129.687
 20
294.946
 11
-129.927
 21
295.237
  0
LINE
  8
0
 10
-129.927
 20
295.237
 11
-130.129
 21
295.555
  0
LINE
  8
0
 10
-130.129
 20
295.555
 11
-130.289
 21
295.896
  0
LINE
  8
0
 10
-130.289
 20
295.896
 11
-130.406
 21
296.254
  0
LINE
  8
0
 10
-130.406
 20
296.254
 11
-130.476
 21
296.624
  0
LINE
  8
0
 10
-130.476
 20
296.624
 11
-130.5
 21
297
  0
LINE
  8
0
 10
-130.5
 20
297
 11
-130.476
 21
297.376
  0
LINE
  8
0
 10
-130.476
 20
297.376
 11
-130.406
 21
297.746
  0
LINE
  8
0
 10
-130.406
 20
297.746
 11
-130.289
 21
298.104
  0
LINE
  8
0
 10
-130.289
 20
298.104
 11
-130.129
 21
298.445
  0
LINE
  8
0
 10
-130.129
 20
298.445
 11
-129.927
 21
298.763
  0
LINE
  8
0
 10
-129.927
 20
298.763
 11
-129.687
 21
299.054
  0
LINE
  8
0
 10
-129.687
 20
299.054
 11
-129.412
 21
299.312
  0
LINE
  8
0
 10
-129.412
 20
299.312
 11
-129.107
 21
299.533
  0
LINE
  8
0
 10
-129.107
 20
299.533
 11
-128.777
 21
299.714
  0
LINE
  8
0
 10
-128.777
 20
299.714
 11
-128.427
 21
299.853
  0
LINE
  8
0
 10
-128.427
 20
299.853
 11
-128.062
 21
299.947
  0
LINE
  8
0
 10
-128.062
 20
299.947
 11
-127.688
 21
299.994
  0
LINE
  8
0
 10
-127.688
 20
299.994
 11
-127.312
 21
299.994
  0
LINE
  8
0
 10
-127.312
 20
299.994
 11
-126.938
 21
299.947
  0
LINE
  8
0
 10
-126.938
 20
299.947
 11
-126.573
 21
299.853
  0
LINE
  8
0
 10
-126.573
 20
299.853
 11
-126.223
 21
299.714
  0
LINE
  8
0
 10
-126.223
 20
299.714
 11
-125.893
 21
299.533
  0
LINE
  8
0
 10
-125.893
 20
299.533
 11
-125.588
 21
299.312
  0
LINE
  8
0
 10
-125.588
 20
299.312
 11
-125.313
 21
299.054
  0
LINE
  8
0
 10
-125.313
 20
299.054
 11
-125.073
 21
298.763
  0
LINE
  8
0
 10
-125.073
 20
298.763
 11
-124.871
 21
298.445
  0
LINE
  8
0
 10
-124.871
 20
298.445
 11
-124.711
 21
298.104
  0
LINE
  8
0
 10
-124.711
 20
298.104
 11
-124.594
 21
297.746
  0
LINE
  8
0
 10
-124.594
 20
297.746
 11
-124.524
 21
297.376
  0
LINE
  8
0
 10
-124.524
 20
297.376
 11
-124.5
 21
297
  0
LINE
  8
0
 10
-124.5
 20
297
 11
-124.524
 21
296.624
  0
LINE
  8
0
 10
-124.524
 20
296.624
 11
-124.594
 21
296.254
  0
LINE
  8
0
 10
-124.594
 20
296.254
 11
-124.711
 21
295.896
  0
LINE
  8
0
 10
-124.711
 20
295.896
 11
-124.871
 21
295.555
  0
LINE
  8
0
 10
-124.871
 20
295.555
 11
-125.073
 21
295.237
  0
LINE
  8
0
 10
-125.073
 20
295.237
 11
-125.313
 21
294.946
  0
LINE
  8
0
 10
-125.313
 20
294.946
 11
-125.588
 21
294.688
  0
LINE
  8
0
 10
-125.588
 20
294.688
 11
-125.893
 21
294.467
  0
LINE
  8
0
 10
-125.893
 20
294.467
 11
-126.223
 21
294.286
  0
LINE
  8
0
 10
-126.223
 20
294.286
 11
-126.573
 21
294.147
  0
LINE
  8
0
 10
-126.573
 20
294.147
 11
-126.938
 21
294.053
  0
LINE
  8
0
 10
-126.938
 20
294.053
 11
-127.312
 21
294.006
  0
LINE
  8
0
 10
-127.312
 20
294.006
 11
-127.688
 21
294.006
  0
LINE
  8
0
 10
127.312
 20
294.006
 11
126.938
 21
294.053
  0
LINE
  8
0
 10
126.938
 20
294.053
 11
126.573
 21
294.147
  0
LINE
  8
0
 10
126.573
 20
294.147
 11
126.223
 21
294.286
  0
LINE
  8
0
 10
126.223
 20
294.286
 11
125.893
 21
294.467
  0
LINE
  8
0
 10
125.893
 20
294.467
 11
125.588
 21
294.688
  0
LINE
  8
0
 10
125.588
 20
294.688
 11
125.313
 21
294.946
  0
LINE
  8
0
 10
125.313
 20
294.946
 11
125.073
 21
295.237
  0
LINE
  8
0
 10
125.073
 20
295.237
 11
124.871
 21
295.555
  0
LINE
  8
0
 10
124.871
 20
295.555
 11
124.711
 21
295.896
  0
LINE
  8
0
 10
124.711
 20
295.896
 11
124.594
 21
296.254
  0
LINE
  8
0
 10
124.594
 20
296.254
 11
124.524
 21
296.624
  0
LINE
  8
0
 10
124.524
 20
296.624
 11
124.5
 21
297
  0
LINE
  8
0
 10
124.5
 20
297
 11
124.524
 21
297.376
  0
LINE
  8
0
 10
124.524
 20
297.376
 11
124.594
 21
297.746
  0
LINE
  8
0
 10
124.594
 20
297.746
 11
124.711
 21
298.104
  0
LINE
  8
0
 10
124.711
 20
298.104
 11
124.871
 21
298.445
  0
LINE
  8
0
 10
124.871
 20
298.445
 11
125.073
 21
298.763
  0
LINE
  8
0
 10
125.073
 20
298.763
 11
125.313
 21
299.054
  0
LINE
  8
0
 10
125.313
 20
299.054
 11
125.588
 21
299.312
  0
LINE
  8
0
 10
125.588
 20
299.312
 11
125.893
 21
299.533
  0
LINE
  8
0
 10
125.893
 20
299.533
 11
126.223
 21
299.714
  0
LINE
  8
0
 10
126.223
 20
299.714
 11
126.573
 21
299.853
  0
LINE
  8
0
 10
126.573
 20
299.853
 11
126.938
 21
299.947
  0
LINE
  8
0
 10
126.938
 20
299.947
 11
127.312
 21
299.994
  0
LINE
  8
0
 10
127.312
 20
299.994
 11
127.688
 21
299.994
  0
LINE
  8
0
 10
127.688
 20
299.994
 11
128.062
 21
299.947
  0
LINE
  8
0
 10
128.062
 20
299.947
 11
128.427
 21
299.853
  0
LINE
  8
0
 10
128.427
 20
299.853
 11
128.777
 21
299.714
  0
LINE
  8
0
 10
128.777
 20
299.714
 11
129.107
 21
299.533
  0
LINE
  8
0
 10
129.107
 20
299.533
 11
129.412
 21
299.312
  0
LINE
  8
0
 10
129.412
 20
299.312
 11
129.687
 21
299.054
  0
LINE
  8
0
 10
129.687
 20
299.054
 11
129.927
 21
298.763
  0
LINE
  8
0
 10
129.927
 20
298.763
 11
130.129
 21
298.445
  0
LINE
  8
0
 10
130.129
 20
298.445
 11
130.289
 21
298.104
  0
LINE
  8
0
 10
130.289
 20
298.104
 11
130.406
 21
297.746
  0
LINE
  8
0
 10
130.406
 20
297.746
 11
130.476
 21
297.376
  0
LINE
  8
0
 10
130.476
 20
297.376
 11
130.5
 21
297
  0
LINE
  8
0
 10
130.5
 20
297
 11
130.476
 21
296.624
  0
LINE
  8
0
 10
130.476
 20
296.624
 11
130.406
 21
296.254
  0
LINE
  8
0
 10
130.406
 20
296.254
 11
130.289
 21
295.896
  0
LINE
  8
0
 10
130.289
 20
295.896
 11
130.129
 21
295.555
  0
LINE
  8
0
 10
130.129
 20
295.555
 11
129.927
 21
295.237
  0
LINE
  8
0
 10
129.927
 20
295.237
 11
129.687
 21
294.946
  0
LINE
  8
0
 10
129.687
 20
294.946
 11
129.412
 21
294.688
  0
LINE
  8
0
 10
129.412
 20
294.688
 11
129.107
 21
294.467
  0
LINE
  8
0
 10
129.107
 20
294.467
 11
128.777
 21
294.286
  0
LINE
  8
0
 10
128.777
 20
294.286
 11
128.427
 21
294.147
  0
LINE
  8
0
 10
128.427
 20
294.147
 11
128.062
 21
294.053
  0
LINE
  8
0
 10
128.062
 20
294.053
 11
127.688
 21
294.006
  0
LINE
  8
0
 10
127.688
 20
294.006
 11
127.312
 21
294.006
  0
ENDSEC
  0
SECTION
  2
OBJECTS
  0
DICTIONARY
  0
ENDSEC
  0
EOF
