  0
SECTION
  2
BLOCKS
  0
ENDSEC
  0
SECTION
  2
ENTITIES
  0
LINE
  8
0
 10
167.937
 20
-6.91142
 11
168.545
 21
-6.75528
  0
LINE
  8
0
 10
168.545
 20
-6.75528
 11
169.129
 21
-6.52412
  0
LINE
  8
0
 10
169.129
 20
-6.52412
 11
169.679
 21
-6.22163
  0
LINE
  8
0
 10
169.679
 20
-6.22163
 11
170.187
 21
-5.85255
  0
LINE
  8
0
 10
170.187
 20
-5.85255
 11
170.645
 21
-5.42273
  0
LINE
  8
0
 10
170.645
 20
-5.42273
 11
171.045
 21
-4.93892
  0
LINE
  8
0
 10
171.045
 20
-4.93892
 11
171.382
 21
-4.40877
  0
LINE
  8
0
 10
171.382
 20
-4.40877
 11
171.649
 21
-3.84062
  0
LINE
  8
0
 10
171.649
 20
-3.84062
 11
171.843
 21
-3.24344
  0
LINE
  8
0
 10
171.843
 20
-3.24344
 11
171.961
 21
-2.62666
  0
LINE
  8
0
 10
171.961
 20
-2.62666
 11
172
 21
-2
  0
LINE
  8
0
 10
172
 20
-2
 11
172
 21
2
  0
LINE
  8
0
 10
172
 20
2
 11
171.961
 21
2.62666
  0
LINE
  8
0
 10
171.961
 20
2.62666
 11
171.843
 21
3.24344
  0
LINE
  8
0
 10
171.843
 20
3.24344
 11
171.649
 21
3.84062
  0
LINE
  8
0
 10
171.649
 20
3.84062
 11
171.382
 21
4.40877
  0
LINE
  8
0
 10
171.382
 20
4.40877
 11
171.045
 21
4.93892
  0
LINE
  8
0
 10
171.045
 20
4.93892
 11
170.645
 21
5.42273
  0
LINE
  8
0
 10
170.645
 20
5.42273
 11
170.187
 21
5.85255
  0
LINE
  8
0
 10
170.187
 20
5.85255
 11
169.679
 21
6.22163
  0
LINE
  8
0
 10
169.679
 20
6.22163
 11
169.129
 21
6.52412
  0
LINE
  8
0
 10
169.129
 20
6.52412
 11
168.545
 21
6.75528
  0
LINE
  8
0
 10
168.545
 20
6.75528
 11
167.937
 21
6.91142
  0
LINE
  8
0
 10
167.937
 20
6.91142
 11
167.314
 21
6.99013
  0
LINE
  8
0
 10
167.314
 20
6.99013
 11
-167.314
 21
6.99013
  0
LINE
  8
0
 10
-167.314
 20
6.99013
 11
-167.937
 21
6.91142
  0
LINE
  8
0
 10
-167.937
 20
6.91142
 11
-168.545
 21
6.75528
  0
LINE
  8
0
 10
-168.545
 20
6.75528
 11
-169.129
 21
6.52412
  0
LINE
  8
0
 10
-169.129
 20
6.52412
 11
-169.679
 21
6.22163
  0
LINE
  8
0
 10
-169.679
 20
6.22163
 11
-170.187
 21
5.85255
  0
LINE
  8
0
 10
-170.187
 20
5.85255
 11
-170.645
 21
5.42273
  0
LINE
  8
0
 10
-170.645
 20
5.42273
 11
-171.045
 21
4.93892
  0
LINE
  8
0
 10
-171.045
 20
4.93892
 11
-171.382
 21
4.40877
  0
LINE
  8
0
 10
-171.382
 20
4.40877
 11
-171.649
 21
3.84062
  0
LINE
  8
0
 10
-171.649
 20
3.84062
 11
-171.843
 21
3.24344
  0
LINE
  8
0
 10
-171.843
 20
3.24344
 11
-171.961
 21
2.62666
  0
LINE
  8
0
 10
-171.961
 20
2.62666
 11
-172
 21
2
  0
LINE
  8
0
 10
-172
 20
2
 11
-172
 21
-2
  0
LINE
  8
0
 10
-172
 20
-2
 11
-171.961
 21
-2.62666
  0
LINE
  8
0
 10
-171.961
 20
-2.62666
 11
-171.843
 21
-3.24344
  0
LINE
  8
0
 10
-171.843
 20
-3.24344
 11
-171.649
 21
-3.84062
  0
LINE
  8
0
 10
-171.649
 20
-3.84062
 11
-171.382
 21
-4.40877
  0
LINE
  8
0
 10
-171.382
 20
-4.40877
 11
-171.045
 21
-4.93892
  0
LINE
  8
0
 10
-171.045
 20
-4.93892
 11
-170.645
 21
-5.42273
  0
LINE
  8
0
 10
-170.645
 20
-5.42273
 11
-170.187
 21
-5.85255
  0
LINE
  8
0
 10
-170.187
 20
-5.85255
 11
-169.679
 21
-6.22163
  0
LINE
  8
0
 10
-169.679
 20
-6.22163
 11
-169.129
 21
-6.52412
  0
LINE
  8
0
 10
-169.129
 20
-6.52412
 11
-168.545
 21
-6.75528
  0
LINE
  8
0
 10
-168.545
 20
-6.75528
 11
-167.937
 21
-6.91142
  0
LINE
  8
0
 10
-167.937
 20
-6.91142
 11
-167.314
 21
-6.99013
  0
LINE
  8
0
 10
-167.314
 20
-6.99013
 11
167.314
 21
-6.99013
  0
LINE
  8
0
 10
167.314
 20
-6.99013
 11
167.937
 21
-6.91142
  0
LINE
  8
0
 10
-97.5942
 20
-1.49704
 11
-97.7811
 21
-1.47342
  0
LINE
  8
0
 10
-97.7811
 20
-1.47342
 11
-97.9635
 21
-1.42657
  0
LINE
  8
0
 10
-97.9635
 20
-1.42657
 11
-98.1387
 21
-1.35724
  0
LINE
  8
0
 10
-98.1387
 20
-1.35724
 11
-98.3037
 21
-1.26648
  0
LINE
  8
0
 10
-98.3037
 20
-1.26648
 11
-98.4561
 21
-1.15576
  0
LINE
  8
0
 10
-98.4561
 20
-1.15576
 11
-98.5934
 21
-1.02681
  0
LINE
  8
0
 10
-98.5934
 20
-1.02681
 11
-98.7135
 21
-0.881668
  0
LINE
  8
0
 10
-98.7135
 20
-0.881668
 11
-98.8145
 21
-0.722626
  0
LINE
  8
0
 10
-98.8145
 20
-0.722626
 11
-98.8947
 21
-0.552185
  0
LINE
  8
0
 10
-98.8947
 20
-0.552185
 11
-98.9529
 21
-0.373032
  0
LINE
  8
0
 10
-98.9529
 20
-0.373032
 11
-98.9882
 21
-0.187988
  0
LINE
  8
0
 10
-98.9882
 20
-0.187988
 11
-99
 21
0
  0
LINE
  8
0
 10
-99
 20
0
 11
-98.9882
 21
0.187988
  0
LINE
  8
0
 10
-98.9882
 20
0.187988
 11
-98.9529
 21
0.373032
  0
LINE
  8
0
 10
-98.9529
 20
0.373032
 11
-98.8947
 21
0.552185
  0
LINE
  8
0
 10
-98.8947
 20
0.552185
 11
-98.8145
 21
0.722626
  0
LINE
  8
0
 10
-98.8145
 20
0.722626
 11
-98.7135
 21
0.881668
  0
LINE
  8
0
 10
-98.7135
 20
0.881668
 11
-98.5934
 21
1.02681
  0
LINE
  8
0
 10
-98.5934
 20
1.02681
 11
-98.4561
 21
1.15576
  0
LINE
  8
0
 10
-98.4561
 20
1.15576
 11
-98.3037
 21
1.26648
  0
LINE
  8
0
 10
-98.3037
 20
1.26648
 11
-98.1387
 21
1.35724
  0
LINE
  8
0
 10
-98.1387
 20
1.35724
 11
-97.9635
 21
1.42657
  0
LINE
  8
0
 10
-97.9635
 20
1.42657
 11
-97.7811
 21
1.47342
  0
LINE
  8
0
 10
-97.7811
 20
1.47342
 11
-97.5942
 21
1.49704
  0
LINE
  8
0
 10
-97.5942
 20
1.49704
 11
-97.4058
 21
1.49704
  0
LINE
  8
0
 10
-97.4058
 20
1.49704
 11
-97.2189
 21
1.47342
  0
LINE
  8
0
 10
-97.2189
 20
1.47342
 11
-97.0365
 21
1.42657
  0
LINE
  8
0
 10
-97.0365
 20
1.42657
 11
-96.8613
 21
1.35724
  0
LINE
  8
0
 10
-96.8613
 20
1.35724
 11
-96.6963
 21
1.26648
  0
LINE
  8
0
 10
-96.6963
 20
1.26648
 11
-96.5439
 21
1.15576
  0
LINE
  8
0
 10
-96.5439
 20
1.15576
 11
-96.4065
 21
1.02681
  0
LINE
  8
0
 10
-96.4065
 20
1.02681
 11
-96.2865
 21
0.881668
  0
LINE
  8
0
 10
-96.2865
 20
0.881668
 11
-96.1855
 21
0.722626
  0
LINE
  8
0
 10
-96.1855
 20
0.722626
 11
-96.1053
 21
0.552185
  0
LINE
  8
0
 10
-96.1053
 20
0.552185
 11
-96.0471
 21
0.373032
  0
LINE
  8
0
 10
-96.0471
 20
0.373032
 11
-96.0118
 21
0.187988
  0
LINE
  8
0
 10
-96.0118
 20
0.187988
 11
-96
 21
0
  0
LINE
  8
0
 10
-96
 20
0
 11
-96.0118
 21
-0.187988
  0
LINE
  8
0
 10
-96.0118
 20
-0.187988
 11
-96.0471
 21
-0.373032
  0
LINE
  8
0
 10
-96.0471
 20
-0.373032
 11
-96.1053
 21
-0.552185
  0
LINE
  8
0
 10
-96.1053
 20
-0.552185
 11
-96.1855
 21
-0.722626
  0
LINE
  8
0
 10
-96.1855
 20
-0.722626
 11
-96.2865
 21
-0.881668
  0
LINE
  8
0
 10
-96.2865
 20
-0.881668
 11
-96.4065
 21
-1.02681
  0
LINE
  8
0
 10
-96.4065
 20
-1.02681
 11
-96.5439
 21
-1.15576
  0
LINE
  8
0
 10
-96.5439
 20
-1.15576
 11
-96.6963
 21
-1.26648
  0
LINE
  8
0
 10
-96.6963
 20
-1.26648
 11
-96.8613
 21
-1.35724
  0
LINE
  8
0
 10
-96.8613
 20
-1.35724
 11
-97.0365
 21
-1.42657
  0
LINE
  8
0
 10
-97.0365
 20
-1.42657
 11
-97.2189
 21
-1.47342
  0
LINE
  8
0
 10
-97.2189
 20
-1.47342
 11
-97.4058
 21
-1.49704
  0
LINE
  8
0
 10
-97.4058
 20
-1.49704
 11
-97.5942
 21
-1.49704
  0
LINE
  8
0
 10
-15.0942
 20
-1.49704
 11
-15.2811
 21
-1.47342
  0
LINE
  8
0
 10
-15.2811
 20
-1.47342
 11
-15.4635
 21
-1.42657
  0
LINE
  8
0
 10
-15.4635
 20
-1.42657
 11
-15.6387
 21
-1.35724
  0
LINE
  8
0
 10
-15.6387
 20
-1.35724
 11
-15.8037
 21
-1.26648
  0
LINE
  8
0
 10
-15.8037
 20
-1.26648
 11
-15.9561
 21
-1.15576
  0
LINE
  8
0
 10
-15.9561
 20
-1.15576
 11
-16.0934
 21
-1.02681
  0
LINE
  8
0
 10
-16.0934
 20
-1.02681
 11
-16.2135
 21
-0.881668
  0
LINE
  8
0
 10
-16.2135
 20
-0.881668
 11
-16.3145
 21
-0.722626
  0
LINE
  8
0
 10
-16.3145
 20
-0.722626
 11
-16.3947
 21
-0.552185
  0
LINE
  8
0
 10
-16.3947
 20
-0.552185
 11
-16.4529
 21
-0.373032
  0
LINE
  8
0
 10
-16.4529
 20
-0.373032
 11
-16.4882
 21
-0.187988
  0
LINE
  8
0
 10
-16.4882
 20
-0.187988
 11
-16.5
 21
0
  0
LINE
  8
0
 10
-16.5
 20
0
 11
-16.4882
 21
0.187988
  0
LINE
  8
0
 10
-16.4882
 20
0.187988
 11
-16.4529
 21
0.373032
  0
LINE
  8
0
 10
-16.4529
 20
0.373032
 11
-16.3947
 21
0.552185
  0
LINE
  8
0
 10
-16.3947
 20
0.552185
 11
-16.3145
 21
0.722626
  0
LINE
  8
0
 10
-16.3145
 20
0.722626
 11
-16.2135
 21
0.881668
  0
LINE
  8
0
 10
-16.2135
 20
0.881668
 11
-16.0934
 21
1.02681
  0
LINE
  8
0
 10
-16.0934
 20
1.02681
 11
-15.9561
 21
1.15576
  0
LINE
  8
0
 10
-15.9561
 20
1.15576
 11
-15.8037
 21
1.26648
  0
LINE
  8
0
 10
-15.8037
 20
1.26648
 11
-15.6387
 21
1.35724
  0
LINE
  8
0
 10
-15.6387
 20
1.35724
 11
-15.4635
 21
1.42657
  0
LINE
  8
0
 10
-15.4635
 20
1.42657
 11
-15.2811
 21
1.47342
  0
LINE
  8
0
 10
-15.2811
 20
1.47342
 11
-15.0942
 21
1.49704
  0
LINE
  8
0
 10
-15.0942
 20
1.49704
 11
-14.9058
 21
1.49704
  0
LINE
  8
0
 10
-14.9058
 20
1.49704
 11
-14.7189
 21
1.47342
  0
LINE
  8
0
 10
-14.7189
 20
1.47342
 11
-14.5365
 21
1.42657
  0
LINE
  8
0
 10
-14.5365
 20
1.42657
 11
-14.3613
 21
1.35724
  0
LINE
  8
0
 10
-14.3613
 20
1.35724
 11
-14.1963
 21
1.26648
  0
LINE
  8
0
 10
-14.1963
 20
1.26648
 11
-14.0439
 21
1.15576
  0
LINE
  8
0
 10
-14.0439
 20
1.15576
 11
-13.9065
 21
1.02681
  0
LINE
  8
0
 10
-13.9065
 20
1.02681
 11
-13.7865
 21
0.881668
  0
LINE
  8
0
 10
-13.7865
 20
0.881668
 11
-13.6855
 21
0.722626
  0
LINE
  8
0
 10
-13.6855
 20
0.722626
 11
-13.6053
 21
0.552185
  0
LINE
  8
0
 10
-13.6053
 20
0.552185
 11
-13.5471
 21
0.373032
  0
LINE
  8
0
 10
-13.5471
 20
0.373032
 11
-13.5118
 21
0.187988
  0
LINE
  8
0
 10
-13.5118
 20
0.187988
 11
-13.5
 21
0
  0
LINE
  8
0
 10
-13.5
 20
0
 11
-13.5118
 21
-0.187988
  0
LINE
  8
0
 10
-13.5118
 20
-0.187988
 11
-13.5471
 21
-0.373032
  0
LINE
  8
0
 10
-13.5471
 20
-0.373032
 11
-13.6053
 21
-0.552185
  0
LINE
  8
0
 10
-13.6053
 20
-0.552185
 11
-13.6855
 21
-0.722626
  0
LINE
  8
0
 10
-13.6855
 20
-0.722626
 11
-13.7865
 21
-0.881668
  0
LINE
  8
0
 10
-13.7865
 20
-0.881668
 11
-13.9065
 21
-1.02681
  0
LINE
  8
0
 10
-13.9065
 20
-1.02681
 11
-14.0439
 21
-1.15576
  0
LINE
  8
0
 10
-14.0439
 20
-1.15576
 11
-14.1963
 21
-1.26648
  0
LINE
  8
0
 10
-14.1963
 20
-1.26648
 11
-14.3613
 21
-1.35724
  0
LINE
  8
0
 10
-14.3613
 20
-1.35724
 11
-14.5365
 21
-1.42657
  0
LINE
  8
0
 10
-14.5365
 20
-1.42657
 11
-14.7189
 21
-1.47342
  0
LINE
  8
0
 10
-14.7189
 20
-1.47342
 11
-14.9058
 21
-1.49704
  0
LINE
  8
0
 10
-14.9058
 20
-1.49704
 11
-15.0942
 21
-1.49704
  0
LINE
  8
0
 10
-165.094
 20
-1.49704
 11
-165.281
 21
-1.47342
  0
LINE
  8
0
 10
-165.281
 20
-1.47342
 11
-165.464
 21
-1.42657
  0
LINE
  8
0
 10
-165.464
 20
-1.42657
 11
-165.639
 21
-1.35724
  0
LINE
  8
0
 10
-165.639
 20
-1.35724
 11
-165.804
 21
-1.26648
  0
LINE
  8
0
 10
-165.804
 20
-1.26648
 11
-165.956
 21
-1.15576
  0
LINE
  8
0
 10
-165.956
 20
-1.15576
 11
-166.093
 21
-1.02681
  0
LINE
  8
0
 10
-166.093
 20
-1.02681
 11
-166.214
 21
-0.881668
  0
LINE
  8
0
 10
-166.214
 20
-0.881668
 11
-166.314
 21
-0.722626
  0
LINE
  8
0
 10
-166.314
 20
-0.722626
 11
-166.395
 21
-0.552185
  0
LINE
  8
0
 10
-166.395
 20
-0.552185
 11
-166.453
 21
-0.373032
  0
LINE
  8
0
 10
-166.453
 20
-0.373032
 11
-166.488
 21
-0.187988
  0
LINE
  8
0
 10
-166.488
 20
-0.187988
 11
-166.5
 21
0
  0
LINE
  8
0
 10
-166.5
 20
0
 11
-166.488
 21
0.187988
  0
LINE
  8
0
 10
-166.488
 20
0.187988
 11
-166.453
 21
0.373032
  0
LINE
  8
0
 10
-166.453
 20
0.373032
 11
-166.395
 21
0.552185
  0
LINE
  8
0
 10
-166.395
 20
0.552185
 11
-166.314
 21
0.722626
  0
LINE
  8
0
 10
-166.314
 20
0.722626
 11
-166.214
 21
0.881668
  0
LINE
  8
0
 10
-166.214
 20
0.881668
 11
-166.093
 21
1.02681
  0
LINE
  8
0
 10
-166.093
 20
1.02681
 11
-165.956
 21
1.15576
  0
LINE
  8
0
 10
-165.956
 20
1.15576
 11
-165.804
 21
1.26648
  0
LINE
  8
0
 10
-165.804
 20
1.26648
 11
-165.639
 21
1.35724
  0
LINE
  8
0
 10
-165.639
 20
1.35724
 11
-165.464
 21
1.42657
  0
LINE
  8
0
 10
-165.464
 20
1.42657
 11
-165.281
 21
1.47342
  0
LINE
  8
0
 10
-165.281
 20
1.47342
 11
-165.094
 21
1.49704
  0
LINE
  8
0
 10
-165.094
 20
1.49704
 11
-164.906
 21
1.49704
  0
LINE
  8
0
 10
-164.906
 20
1.49704
 11
-164.719
 21
1.47342
  0
LINE
  8
0
 10
-164.719
 20
1.47342
 11
-164.536
 21
1.42657
  0
LINE
  8
0
 10
-164.536
 20
1.42657
 11
-164.361
 21
1.35724
  0
LINE
  8
0
 10
-164.361
 20
1.35724
 11
-164.196
 21
1.26648
  0
LINE
  8
0
 10
-164.196
 20
1.26648
 11
-164.044
 21
1.15576
  0
LINE
  8
0
 10
-164.044
 20
1.15576
 11
-163.907
 21
1.02681
  0
LINE
  8
0
 10
-163.907
 20
1.02681
 11
-163.786
 21
0.881668
  0
LINE
  8
0
 10
-163.786
 20
0.881668
 11
-163.686
 21
0.722626
  0
LINE
  8
0
 10
-163.686
 20
0.722626
 11
-163.605
 21
0.552185
  0
LINE
  8
0
 10
-163.605
 20
0.552185
 11
-163.547
 21
0.373032
  0
LINE
  8
0
 10
-163.547
 20
0.373032
 11
-163.512
 21
0.187988
  0
LINE
  8
0
 10
-163.512
 20
0.187988
 11
-163.5
 21
0
  0
LINE
  8
0
 10
-163.5
 20
0
 11
-163.512
 21
-0.187988
  0
LINE
  8
0
 10
-163.512
 20
-0.187988
 11
-163.547
 21
-0.373032
  0
LINE
  8
0
 10
-163.547
 20
-0.373032
 11
-163.605
 21
-0.552185
  0
LINE
  8
0
 10
-163.605
 20
-0.552185
 11
-163.686
 21
-0.722626
  0
LINE
  8
0
 10
-163.686
 20
-0.722626
 11
-163.786
 21
-0.881668
  0
LINE
  8
0
 10
-163.786
 20
-0.881668
 11
-163.907
 21
-1.02681
  0
LINE
  8
0
 10
-163.907
 20
-1.02681
 11
-164.044
 21
-1.15576
  0
LINE
  8
0
 10
-164.044
 20
-1.15576
 11
-164.196
 21
-1.26648
  0
LINE
  8
0
 10
-164.196
 20
-1.26648
 11
-164.361
 21
-1.35724
  0
LINE
  8
0
 10
-164.361
 20
-1.35724
 11
-164.536
 21
-1.42657
  0
LINE
  8
0
 10
-164.536
 20
-1.42657
 11
-164.719
 21
-1.47342
  0
LINE
  8
0
 10
-164.719
 20
-1.47342
 11
-164.906
 21
-1.49704
  0
LINE
  8
0
 10
-164.906
 20
-1.49704
 11
-165.094
 21
-1.49704
  0
LINE
  8
0
 10
-157.594
 20
-1.49704
 11
-157.781
 21
-1.47342
  0
LINE
  8
0
 10
-157.781
 20
-1.47342
 11
-157.964
 21
-1.42657
  0
LINE
  8
0
 10
-157.964
 20
-1.42657
 11
-158.139
 21
-1.35724
  0
LINE
  8
0
 10
-158.139
 20
-1.35724
 11
-158.304
 21
-1.26648
  0
LINE
  8
0
 10
-158.304
 20
-1.26648
 11
-158.456
 21
-1.15576
  0
LINE
  8
0
 10
-158.456
 20
-1.15576
 11
-158.593
 21
-1.02681
  0
LINE
  8
0
 10
-158.593
 20
-1.02681
 11
-158.714
 21
-0.881668
  0
LINE
  8
0
 10
-158.714
 20
-0.881668
 11
-158.814
 21
-0.722626
  0
LINE
  8
0
 10
-158.814
 20
-0.722626
 11
-158.895
 21
-0.552185
  0
LINE
  8
0
 10
-158.895
 20
-0.552185
 11
-158.953
 21
-0.373032
  0
LINE
  8
0
 10
-158.953
 20
-0.373032
 11
-158.988
 21
-0.187988
  0
LINE
  8
0
 10
-158.988
 20
-0.187988
 11
-159
 21
0
  0
LINE
  8
0
 10
-159
 20
0
 11
-158.988
 21
0.187988
  0
LINE
  8
0
 10
-158.988
 20
0.187988
 11
-158.953
 21
0.373032
  0
LINE
  8
0
 10
-158.953
 20
0.373032
 11
-158.895
 21
0.552185
  0
LINE
  8
0
 10
-158.895
 20
0.552185
 11
-158.814
 21
0.722626
  0
LINE
  8
0
 10
-158.814
 20
0.722626
 11
-158.714
 21
0.881668
  0
LINE
  8
0
 10
-158.714
 20
0.881668
 11
-158.593
 21
1.02681
  0
LINE
  8
0
 10
-158.593
 20
1.02681
 11
-158.456
 21
1.15576
  0
LINE
  8
0
 10
-158.456
 20
1.15576
 11
-158.304
 21
1.26648
  0
LINE
  8
0
 10
-158.304
 20
1.26648
 11
-158.139
 21
1.35724
  0
LINE
  8
0
 10
-158.139
 20
1.35724
 11
-157.964
 21
1.42657
  0
LINE
  8
0
 10
-157.964
 20
1.42657
 11
-157.781
 21
1.47342
  0
LINE
  8
0
 10
-157.781
 20
1.47342
 11
-157.594
 21
1.49704
  0
LINE
  8
0
 10
-157.594
 20
1.49704
 11
-157.406
 21
1.49704
  0
LINE
  8
0
 10
-157.406
 20
1.49704
 11
-157.219
 21
1.47342
  0
LINE
  8
0
 10
-157.219
 20
1.47342
 11
-157.036
 21
1.42657
  0
LINE
  8
0
 10
-157.036
 20
1.42657
 11
-156.861
 21
1.35724
  0
LINE
  8
0
 10
-156.861
 20
1.35724
 11
-156.696
 21
1.26648
  0
LINE
  8
0
 10
-156.696
 20
1.26648
 11
-156.544
 21
1.15576
  0
LINE
  8
0
 10
-156.544
 20
1.15576
 11
-156.407
 21
1.02681
  0
LINE
  8
0
 10
-156.407
 20
1.02681
 11
-156.286
 21
0.881668
  0
LINE
  8
0
 10
-156.286
 20
0.881668
 11
-156.186
 21
0.722626
  0
LINE
  8
0
 10
-156.186
 20
0.722626
 11
-156.105
 21
0.552185
  0
LINE
  8
0
 10
-156.105
 20
0.552185
 11
-156.047
 21
0.373032
  0
LINE
  8
0
 10
-156.047
 20
0.373032
 11
-156.012
 21
0.187988
  0
LINE
  8
0
 10
-156.012
 20
0.187988
 11
-156
 21
0
  0
LINE
  8
0
 10
-156
 20
0
 11
-156.012
 21
-0.187988
  0
LINE
  8
0
 10
-156.012
 20
-0.187988
 11
-156.047
 21
-0.373032
  0
LINE
  8
0
 10
-156.047
 20
-0.373032
 11
-156.105
 21
-0.552185
  0
LINE
  8
0
 10
-156.105
 20
-0.552185
 11
-156.186
 21
-0.722626
  0
LINE
  8
0
 10
-156.186
 20
-0.722626
 11
-156.286
 21
-0.881668
  0
LINE
  8
0
 10
-156.286
 20
-0.881668
 11
-156.407
 21
-1.02681
  0
LINE
  8
0
 10
-156.407
 20
-1.02681
 11
-156.544
 21
-1.15576
  0
LINE
  8
0
 10
-156.544
 20
-1.15576
 11
-156.696
 21
-1.26648
  0
LINE
  8
0
 10
-156.696
 20
-1.26648
 11
-156.861
 21
-1.35724
  0
LINE
  8
0
 10
-156.861
 20
-1.35724
 11
-157.036
 21
-1.42657
  0
LINE
  8
0
 10
-157.036
 20
-1.42657
 11
-157.219
 21
-1.47342
  0
LINE
  8
0
 10
-157.219
 20
-1.47342
 11
-157.406
 21
-1.49704
  0
LINE
  8
0
 10
-157.406
 20
-1.49704
 11
-157.594
 21
-1.49704
  0
LINE
  8
0
 10
-75.0942
 20
-1.49704
 11
-75.2811
 21
-1.47342
  0
LINE
  8
0
 10
-75.2811
 20
-1.47342
 11
-75.4635
 21
-1.42657
  0
LINE
  8
0
 10
-75.4635
 20
-1.42657
 11
-75.6387
 21
-1.35724
  0
LINE
  8
0
 10
-75.6387
 20
-1.35724
 11
-75.8037
 21
-1.26648
  0
LINE
  8
0
 10
-75.8037
 20
-1.26648
 11
-75.9561
 21
-1.15576
  0
LINE
  8
0
 10
-75.9561
 20
-1.15576
 11
-76.0934
 21
-1.02681
  0
LINE
  8
0
 10
-76.0934
 20
-1.02681
 11
-76.2135
 21
-0.881668
  0
LINE
  8
0
 10
-76.2135
 20
-0.881668
 11
-76.3145
 21
-0.722626
  0
LINE
  8
0
 10
-76.3145
 20
-0.722626
 11
-76.3947
 21
-0.552185
  0
LINE
  8
0
 10
-76.3947
 20
-0.552185
 11
-76.4529
 21
-0.373032
  0
LINE
  8
0
 10
-76.4529
 20
-0.373032
 11
-76.4882
 21
-0.187988
  0
LINE
  8
0
 10
-76.4882
 20
-0.187988
 11
-76.5
 21
0
  0
LINE
  8
0
 10
-76.5
 20
0
 11
-76.4882
 21
0.187988
  0
LINE
  8
0
 10
-76.4882
 20
0.187988
 11
-76.4529
 21
0.373032
  0
LINE
  8
0
 10
-76.4529
 20
0.373032
 11
-76.3947
 21
0.552185
  0
LINE
  8
0
 10
-76.3947
 20
0.552185
 11
-76.3145
 21
0.722626
  0
LINE
  8
0
 10
-76.3145
 20
0.722626
 11
-76.2135
 21
0.881668
  0
LINE
  8
0
 10
-76.2135
 20
0.881668
 11
-76.0934
 21
1.02681
  0
LINE
  8
0
 10
-76.0934
 20
1.02681
 11
-75.9561
 21
1.15576
  0
LINE
  8
0
 10
-75.9561
 20
1.15576
 11
-75.8037
 21
1.26648
  0
LINE
  8
0
 10
-75.8037
 20
1.26648
 11
-75.6387
 21
1.35724
  0
LINE
  8
0
 10
-75.6387
 20
1.35724
 11
-75.4635
 21
1.42657
  0
LINE
  8
0
 10
-75.4635
 20
1.42657
 11
-75.2811
 21
1.47342
  0
LINE
  8
0
 10
-75.2811
 20
1.47342
 11
-75.0942
 21
1.49704
  0
LINE
  8
0
 10
-75.0942
 20
1.49704
 11
-74.9058
 21
1.49704
  0
LINE
  8
0
 10
-74.9058
 20
1.49704
 11
-74.7189
 21
1.47342
  0
LINE
  8
0
 10
-74.7189
 20
1.47342
 11
-74.5365
 21
1.42657
  0
LINE
  8
0
 10
-74.5365
 20
1.42657
 11
-74.3613
 21
1.35724
  0
LINE
  8
0
 10
-74.3613
 20
1.35724
 11
-74.1963
 21
1.26648
  0
LINE
  8
0
 10
-74.1963
 20
1.26648
 11
-74.0439
 21
1.15576
  0
LINE
  8
0
 10
-74.0439
 20
1.15576
 11
-73.9065
 21
1.02681
  0
LINE
  8
0
 10
-73.9065
 20
1.02681
 11
-73.7865
 21
0.881668
  0
LINE
  8
0
 10
-73.7865
 20
0.881668
 11
-73.6855
 21
0.722626
  0
LINE
  8
0
 10
-73.6855
 20
0.722626
 11
-73.6053
 21
0.552185
  0
LINE
  8
0
 10
-73.6053
 20
0.552185
 11
-73.5471
 21
0.373032
  0
LINE
  8
0
 10
-73.5471
 20
0.373032
 11
-73.5118
 21
0.187988
  0
LINE
  8
0
 10
-73.5118
 20
0.187988
 11
-73.5
 21
0
  0
LINE
  8
0
 10
-73.5
 20
0
 11
-73.5118
 21
-0.187988
  0
LINE
  8
0
 10
-73.5118
 20
-0.187988
 11
-73.5471
 21
-0.373032
  0
LINE
  8
0
 10
-73.5471
 20
-0.373032
 11
-73.6053
 21
-0.552185
  0
LINE
  8
0
 10
-73.6053
 20
-0.552185
 11
-73.6855
 21
-0.722626
  0
LINE
  8
0
 10
-73.6855
 20
-0.722626
 11
-73.7865
 21
-0.881668
  0
LINE
  8
0
 10
-73.7865
 20
-0.881668
 11
-73.9065
 21
-1.02681
  0
LINE
  8
0
 10
-73.9065
 20
-1.02681
 11
-74.0439
 21
-1.15576
  0
LINE
  8
0
 10
-74.0439
 20
-1.15576
 11
-74.1963
 21
-1.26648
  0
LINE
  8
0
 10
-74.1963
 20
-1.26648
 11
-74.3613
 21
-1.35724
  0
LINE
  8
0
 10
-74.3613
 20
-1.35724
 11
-74.5365
 21
-1.42657
  0
LINE
  8
0
 10
-74.5365
 20
-1.42657
 11
-74.7189
 21
-1.47342
  0
LINE
  8
0
 10
-74.7189
 20
-1.47342
 11
-74.9058
 21
-1.49704
  0
LINE
  8
0
 10
-74.9058
 20
-1.49704
 11
-75.0942
 21
-1.49704
  0
LINE
  8
0
 10
-150.094
 20
-1.49704
 11
-150.281
 21
-1.47342
  0
LINE
  8
0
 10
-150.281
 20
-1.47342
 11
-150.464
 21
-1.42657
  0
LINE
  8
0
 10
-150.464
 20
-1.42657
 11
-150.639
 21
-1.35724
  0
LINE
  8
0
 10
-150.639
 20
-1.35724
 11
-150.804
 21
-1.26648
  0
LINE
  8
0
 10
-150.804
 20
-1.26648
 11
-150.956
 21
-1.15576
  0
LINE
  8
0
 10
-150.956
 20
-1.15576
 11
-151.093
 21
-1.02681
  0
LINE
  8
0
 10
-151.093
 20
-1.02681
 11
-151.214
 21
-0.881668
  0
LINE
  8
0
 10
-151.214
 20
-0.881668
 11
-151.314
 21
-0.722626
  0
LINE
  8
0
 10
-151.314
 20
-0.722626
 11
-151.395
 21
-0.552185
  0
LINE
  8
0
 10
-151.395
 20
-0.552185
 11
-151.453
 21
-0.373032
  0
LINE
  8
0
 10
-151.453
 20
-0.373032
 11
-151.488
 21
-0.187988
  0
LINE
  8
0
 10
-151.488
 20
-0.187988
 11
-151.5
 21
0
  0
LINE
  8
0
 10
-151.5
 20
0
 11
-151.488
 21
0.187988
  0
LINE
  8
0
 10
-151.488
 20
0.187988
 11
-151.453
 21
0.373032
  0
LINE
  8
0
 10
-151.453
 20
0.373032
 11
-151.395
 21
0.552185
  0
LINE
  8
0
 10
-151.395
 20
0.552185
 11
-151.314
 21
0.722626
  0
LINE
  8
0
 10
-151.314
 20
0.722626
 11
-151.214
 21
0.881668
  0
LINE
  8
0
 10
-151.214
 20
0.881668
 11
-151.093
 21
1.02681
  0
LINE
  8
0
 10
-151.093
 20
1.02681
 11
-150.956
 21
1.15576
  0
LINE
  8
0
 10
-150.956
 20
1.15576
 11
-150.804
 21
1.26648
  0
LINE
  8
0
 10
-150.804
 20
1.26648
 11
-150.639
 21
1.35724
  0
LINE
  8
0
 10
-150.639
 20
1.35724
 11
-150.464
 21
1.42657
  0
LINE
  8
0
 10
-150.464
 20
1.42657
 11
-150.281
 21
1.47342
  0
LINE
  8
0
 10
-150.281
 20
1.47342
 11
-150.094
 21
1.49704
  0
LINE
  8
0
 10
-150.094
 20
1.49704
 11
-149.906
 21
1.49704
  0
LINE
  8
0
 10
-149.906
 20
1.49704
 11
-149.719
 21
1.47342
  0
LINE
  8
0
 10
-149.719
 20
1.47342
 11
-149.536
 21
1.42657
  0
LINE
  8
0
 10
-149.536
 20
1.42657
 11
-149.361
 21
1.35724
  0
LINE
  8
0
 10
-149.361
 20
1.35724
 11
-149.196
 21
1.26648
  0
LINE
  8
0
 10
-149.196
 20
1.26648
 11
-149.044
 21
1.15576
  0
LINE
  8
0
 10
-149.044
 20
1.15576
 11
-148.907
 21
1.02681
  0
LINE
  8
0
 10
-148.907
 20
1.02681
 11
-148.786
 21
0.881668
  0
LINE
  8
0
 10
-148.786
 20
0.881668
 11
-148.686
 21
0.722626
  0
LINE
  8
0
 10
-148.686
 20
0.722626
 11
-148.605
 21
0.552185
  0
LINE
  8
0
 10
-148.605
 20
0.552185
 11
-148.547
 21
0.373032
  0
LINE
  8
0
 10
-148.547
 20
0.373032
 11
-148.512
 21
0.187988
  0
LINE
  8
0
 10
-148.512
 20
0.187988
 11
-148.5
 21
0
  0
LINE
  8
0
 10
-148.5
 20
0
 11
-148.512
 21
-0.187988
  0
LINE
  8
0
 10
-148.512
 20
-0.187988
 11
-148.547
 21
-0.373032
  0
LINE
  8
0
 10
-148.547
 20
-0.373032
 11
-148.605
 21
-0.552185
  0
LINE
  8
0
 10
-148.605
 20
-0.552185
 11
-148.686
 21
-0.722626
  0
LINE
  8
0
 10
-148.686
 20
-0.722626
 11
-148.786
 21
-0.881668
  0
LINE
  8
0
 10
-148.786
 20
-0.881668
 11
-148.907
 21
-1.02681
  0
LINE
  8
0
 10
-148.907
 20
-1.02681
 11
-149.044
 21
-1.15576
  0
LINE
  8
0
 10
-149.044
 20
-1.15576
 11
-149.196
 21
-1.26648
  0
LINE
  8
0
 10
-149.196
 20
-1.26648
 11
-149.361
 21
-1.35724
  0
LINE
  8
0
 10
-149.361
 20
-1.35724
 11
-149.536
 21
-1.42657
  0
LINE
  8
0
 10
-149.536
 20
-1.42657
 11
-149.719
 21
-1.47342
  0
LINE
  8
0
 10
-149.719
 20
-1.47342
 11
-149.906
 21
-1.49704
  0
LINE
  8
0
 10
-149.906
 20
-1.49704
 11
-150.094
 21
-1.49704
  0
LINE
  8
0
 10
-67.5942
 20
-1.49704
 11
-67.7811
 21
-1.47342
  0
LINE
  8
0
 10
-67.7811
 20
-1.47342
 11
-67.9635
 21
-1.42657
  0
LINE
  8
0
 10
-67.9635
 20
-1.42657
 11
-68.1387
 21
-1.35724
  0
LINE
  8
0
 10
-68.1387
 20
-1.35724
 11
-68.3037
 21
-1.26648
  0
LINE
  8
0
 10
-68.3037
 20
-1.26648
 11
-68.4561
 21
-1.15576
  0
LINE
  8
0
 10
-68.4561
 20
-1.15576
 11
-68.5934
 21
-1.02681
  0
LINE
  8
0
 10
-68.5934
 20
-1.02681
 11
-68.7135
 21
-0.881668
  0
LINE
  8
0
 10
-68.7135
 20
-0.881668
 11
-68.8145
 21
-0.722626
  0
LINE
  8
0
 10
-68.8145
 20
-0.722626
 11
-68.8947
 21
-0.552185
  0
LINE
  8
0
 10
-68.8947
 20
-0.552185
 11
-68.9529
 21
-0.373032
  0
LINE
  8
0
 10
-68.9529
 20
-0.373032
 11
-68.9882
 21
-0.187988
  0
LINE
  8
0
 10
-68.9882
 20
-0.187988
 11
-69
 21
0
  0
LINE
  8
0
 10
-69
 20
0
 11
-68.9882
 21
0.187988
  0
LINE
  8
0
 10
-68.9882
 20
0.187988
 11
-68.9529
 21
0.373032
  0
LINE
  8
0
 10
-68.9529
 20
0.373032
 11
-68.8947
 21
0.552185
  0
LINE
  8
0
 10
-68.8947
 20
0.552185
 11
-68.8145
 21
0.722626
  0
LINE
  8
0
 10
-68.8145
 20
0.722626
 11
-68.7135
 21
0.881668
  0
LINE
  8
0
 10
-68.7135
 20
0.881668
 11
-68.5934
 21
1.02681
  0
LINE
  8
0
 10
-68.5934
 20
1.02681
 11
-68.4561
 21
1.15576
  0
LINE
  8
0
 10
-68.4561
 20
1.15576
 11
-68.3037
 21
1.26648
  0
LINE
  8
0
 10
-68.3037
 20
1.26648
 11
-68.1387
 21
1.35724
  0
LINE
  8
0
 10
-68.1387
 20
1.35724
 11
-67.9635
 21
1.42657
  0
LINE
  8
0
 10
-67.9635
 20
1.42657
 11
-67.7811
 21
1.47342
  0
LINE
  8
0
 10
-67.7811
 20
1.47342
 11
-67.5942
 21
1.49704
  0
LINE
  8
0
 10
-67.5942
 20
1.49704
 11
-67.4058
 21
1.49704
  0
LINE
  8
0
 10
-67.4058
 20
1.49704
 11
-67.2189
 21
1.47342
  0
LINE
  8
0
 10
-67.2189
 20
1.47342
 11
-67.0365
 21
1.42657
  0
LINE
  8
0
 10
-67.0365
 20
1.42657
 11
-66.8613
 21
1.35724
  0
LINE
  8
0
 10
-66.8613
 20
1.35724
 11
-66.6963
 21
1.26648
  0
LINE
  8
0
 10
-66.6963
 20
1.26648
 11
-66.5439
 21
1.15576
  0
LINE
  8
0
 10
-66.5439
 20
1.15576
 11
-66.4065
 21
1.02681
  0
LINE
  8
0
 10
-66.4065
 20
1.02681
 11
-66.2865
 21
0.881668
  0
LINE
  8
0
 10
-66.2865
 20
0.881668
 11
-66.1855
 21
0.722626
  0
LINE
  8
0
 10
-66.1855
 20
0.722626
 11
-66.1053
 21
0.552185
  0
LINE
  8
0
 10
-66.1053
 20
0.552185
 11
-66.0471
 21
0.373032
  0
LINE
  8
0
 10
-66.0471
 20
0.373032
 11
-66.0118
 21
0.187988
  0
LINE
  8
0
 10
-66.0118
 20
0.187988
 11
-66
 21
0
  0
LINE
  8
0
 10
-66
 20
0
 11
-66.0118
 21
-0.187988
  0
LINE
  8
0
 10
-66.0118
 20
-0.187988
 11
-66.0471
 21
-0.373032
  0
LINE
  8
0
 10
-66.0471
 20
-0.373032
 11
-66.1053
 21
-0.552185
  0
LINE
  8
0
 10
-66.1053
 20
-0.552185
 11
-66.1855
 21
-0.722626
  0
LINE
  8
0
 10
-66.1855
 20
-0.722626
 11
-66.2865
 21
-0.881668
  0
LINE
  8
0
 10
-66.2865
 20
-0.881668
 11
-66.4065
 21
-1.02681
  0
LINE
  8
0
 10
-66.4065
 20
-1.02681
 11
-66.5439
 21
-1.15576
  0
LINE
  8
0
 10
-66.5439
 20
-1.15576
 11
-66.6963
 21
-1.26648
  0
LINE
  8
0
 10
-66.6963
 20
-1.26648
 11
-66.8613
 21
-1.35724
  0
LINE
  8
0
 10
-66.8613
 20
-1.35724
 11
-67.0365
 21
-1.42657
  0
LINE
  8
0
 10
-67.0365
 20
-1.42657
 11
-67.2189
 21
-1.47342
  0
LINE
  8
0
 10
-67.2189
 20
-1.47342
 11
-67.4058
 21
-1.49704
  0
LINE
  8
0
 10
-67.4058
 20
-1.49704
 11
-67.5942
 21
-1.49704
  0
LINE
  8
0
 10
-142.594
 20
-1.49704
 11
-142.781
 21
-1.47342
  0
LINE
  8
0
 10
-142.781
 20
-1.47342
 11
-142.964
 21
-1.42657
  0
LINE
  8
0
 10
-142.964
 20
-1.42657
 11
-143.139
 21
-1.35724
  0
LINE
  8
0
 10
-143.139
 20
-1.35724
 11
-143.304
 21
-1.26648
  0
LINE
  8
0
 10
-143.304
 20
-1.26648
 11
-143.456
 21
-1.15576
  0
LINE
  8
0
 10
-143.456
 20
-1.15576
 11
-143.593
 21
-1.02681
  0
LINE
  8
0
 10
-143.593
 20
-1.02681
 11
-143.714
 21
-0.881668
  0
LINE
  8
0
 10
-143.714
 20
-0.881668
 11
-143.814
 21
-0.722626
  0
LINE
  8
0
 10
-143.814
 20
-0.722626
 11
-143.895
 21
-0.552185
  0
LINE
  8
0
 10
-143.895
 20
-0.552185
 11
-143.953
 21
-0.373032
  0
LINE
  8
0
 10
-143.953
 20
-0.373032
 11
-143.988
 21
-0.187988
  0
LINE
  8
0
 10
-143.988
 20
-0.187988
 11
-144
 21
0
  0
LINE
  8
0
 10
-144
 20
0
 11
-143.988
 21
0.187988
  0
LINE
  8
0
 10
-143.988
 20
0.187988
 11
-143.953
 21
0.373032
  0
LINE
  8
0
 10
-143.953
 20
0.373032
 11
-143.895
 21
0.552185
  0
LINE
  8
0
 10
-143.895
 20
0.552185
 11
-143.814
 21
0.722626
  0
LINE
  8
0
 10
-143.814
 20
0.722626
 11
-143.714
 21
0.881668
  0
LINE
  8
0
 10
-143.714
 20
0.881668
 11
-143.593
 21
1.02681
  0
LINE
  8
0
 10
-143.593
 20
1.02681
 11
-143.456
 21
1.15576
  0
LINE
  8
0
 10
-143.456
 20
1.15576
 11
-143.304
 21
1.26648
  0
LINE
  8
0
 10
-143.304
 20
1.26648
 11
-143.139
 21
1.35724
  0
LINE
  8
0
 10
-143.139
 20
1.35724
 11
-142.964
 21
1.42657
  0
LINE
  8
0
 10
-142.964
 20
1.42657
 11
-142.781
 21
1.47342
  0
LINE
  8
0
 10
-142.781
 20
1.47342
 11
-142.594
 21
1.49704
  0
LINE
  8
0
 10
-142.594
 20
1.49704
 11
-142.406
 21
1.49704
  0
LINE
  8
0
 10
-142.406
 20
1.49704
 11
-142.219
 21
1.47342
  0
LINE
  8
0
 10
-142.219
 20
1.47342
 11
-142.036
 21
1.42657
  0
LINE
  8
0
 10
-142.036
 20
1.42657
 11
-141.861
 21
1.35724
  0
LINE
  8
0
 10
-141.861
 20
1.35724
 11
-141.696
 21
1.26648
  0
LINE
  8
0
 10
-141.696
 20
1.26648
 11
-141.544
 21
1.15576
  0
LINE
  8
0
 10
-141.544
 20
1.15576
 11
-141.407
 21
1.02681
  0
LINE
  8
0
 10
-141.407
 20
1.02681
 11
-141.286
 21
0.881668
  0
LINE
  8
0
 10
-141.286
 20
0.881668
 11
-141.186
 21
0.722626
  0
LINE
  8
0
 10
-141.186
 20
0.722626
 11
-141.105
 21
0.552185
  0
LINE
  8
0
 10
-141.105
 20
0.552185
 11
-141.047
 21
0.373032
  0
LINE
  8
0
 10
-141.047
 20
0.373032
 11
-141.012
 21
0.187988
  0
LINE
  8
0
 10
-141.012
 20
0.187988
 11
-141
 21
0
  0
LINE
  8
0
 10
-141
 20
0
 11
-141.012
 21
-0.187988
  0
LINE
  8
0
 10
-141.012
 20
-0.187988
 11
-141.047
 21
-0.373032
  0
LINE
  8
0
 10
-141.047
 20
-0.373032
 11
-141.105
 21
-0.552185
  0
LINE
  8
0
 10
-141.105
 20
-0.552185
 11
-141.186
 21
-0.722626
  0
LINE
  8
0
 10
-141.186
 20
-0.722626
 11
-141.286
 21
-0.881668
  0
LINE
  8
0
 10
-141.286
 20
-0.881668
 11
-141.407
 21
-1.02681
  0
LINE
  8
0
 10
-141.407
 20
-1.02681
 11
-141.544
 21
-1.15576
  0
LINE
  8
0
 10
-141.544
 20
-1.15576
 11
-141.696
 21
-1.26648
  0
LINE
  8
0
 10
-141.696
 20
-1.26648
 11
-141.861
 21
-1.35724
  0
LINE
  8
0
 10
-141.861
 20
-1.35724
 11
-142.036
 21
-1.42657
  0
LINE
  8
0
 10
-142.036
 20
-1.42657
 11
-142.219
 21
-1.47342
  0
LINE
  8
0
 10
-142.219
 20
-1.47342
 11
-142.406
 21
-1.49704
  0
LINE
  8
0
 10
-142.406
 20
-1.49704
 11
-142.594
 21
-1.49704
  0
LINE
  8
0
 10
-135.094
 20
-1.49704
 11
-135.281
 21
-1.47342
  0
LINE
  8
0
 10
-135.281
 20
-1.47342
 11
-135.464
 21
-1.42657
  0
LINE
  8
0
 10
-135.464
 20
-1.42657
 11
-135.639
 21
-1.35724
  0
LINE
  8
0
 10
-135.639
 20
-1.35724
 11
-135.804
 21
-1.26648
  0
LINE
  8
0
 10
-135.804
 20
-1.26648
 11
-135.956
 21
-1.15576
  0
LINE
  8
0
 10
-135.956
 20
-1.15576
 11
-136.093
 21
-1.02681
  0
LINE
  8
0
 10
-136.093
 20
-1.02681
 11
-136.214
 21
-0.881668
  0
LINE
  8
0
 10
-136.214
 20
-0.881668
 11
-136.314
 21
-0.722626
  0
LINE
  8
0
 10
-136.314
 20
-0.722626
 11
-136.395
 21
-0.552185
  0
LINE
  8
0
 10
-136.395
 20
-0.552185
 11
-136.453
 21
-0.373032
  0
LINE
  8
0
 10
-136.453
 20
-0.373032
 11
-136.488
 21
-0.187988
  0
LINE
  8
0
 10
-136.488
 20
-0.187988
 11
-136.5
 21
0
  0
LINE
  8
0
 10
-136.5
 20
0
 11
-136.488
 21
0.187988
  0
LINE
  8
0
 10
-136.488
 20
0.187988
 11
-136.453
 21
0.373032
  0
LINE
  8
0
 10
-136.453
 20
0.373032
 11
-136.395
 21
0.552185
  0
LINE
  8
0
 10
-136.395
 20
0.552185
 11
-136.314
 21
0.722626
  0
LINE
  8
0
 10
-136.314
 20
0.722626
 11
-136.214
 21
0.881668
  0
LINE
  8
0
 10
-136.214
 20
0.881668
 11
-136.093
 21
1.02681
  0
LINE
  8
0
 10
-136.093
 20
1.02681
 11
-135.956
 21
1.15576
  0
LINE
  8
0
 10
-135.956
 20
1.15576
 11
-135.804
 21
1.26648
  0
LINE
  8
0
 10
-135.804
 20
1.26648
 11
-135.639
 21
1.35724
  0
LINE
  8
0
 10
-135.639
 20
1.35724
 11
-135.464
 21
1.42657
  0
LINE
  8
0
 10
-135.464
 20
1.42657
 11
-135.281
 21
1.47342
  0
LINE
  8
0
 10
-135.281
 20
1.47342
 11
-135.094
 21
1.49704
  0
LINE
  8
0
 10
-135.094
 20
1.49704
 11
-134.906
 21
1.49704
  0
LINE
  8
0
 10
-134.906
 20
1.49704
 11
-134.719
 21
1.47342
  0
LINE
  8
0
 10
-134.719
 20
1.47342
 11
-134.536
 21
1.42657
  0
LINE
  8
0
 10
-134.536
 20
1.42657
 11
-134.361
 21
1.35724
  0
LINE
  8
0
 10
-134.361
 20
1.35724
 11
-134.196
 21
1.26648
  0
LINE
  8
0
 10
-134.196
 20
1.26648
 11
-134.044
 21
1.15576
  0
LINE
  8
0
 10
-134.044
 20
1.15576
 11
-133.907
 21
1.02681
  0
LINE
  8
0
 10
-133.907
 20
1.02681
 11
-133.786
 21
0.881668
  0
LINE
  8
0
 10
-133.786
 20
0.881668
 11
-133.686
 21
0.722626
  0
LINE
  8
0
 10
-133.686
 20
0.722626
 11
-133.605
 21
0.552185
  0
LINE
  8
0
 10
-133.605
 20
0.552185
 11
-133.547
 21
0.373032
  0
LINE
  8
0
 10
-133.547
 20
0.373032
 11
-133.512
 21
0.187988
  0
LINE
  8
0
 10
-133.512
 20
0.187988
 11
-133.5
 21
0
  0
LINE
  8
0
 10
-133.5
 20
0
 11
-133.512
 21
-0.187988
  0
LINE
  8
0
 10
-133.512
 20
-0.187988
 11
-133.547
 21
-0.373032
  0
LINE
  8
0
 10
-133.547
 20
-0.373032
 11
-133.605
 21
-0.552185
  0
LINE
  8
0
 10
-133.605
 20
-0.552185
 11
-133.686
 21
-0.722626
  0
LINE
  8
0
 10
-133.686
 20
-0.722626
 11
-133.786
 21
-0.881668
  0
LINE
  8
0
 10
-133.786
 20
-0.881668
 11
-133.907
 21
-1.02681
  0
LINE
  8
0
 10
-133.907
 20
-1.02681
 11
-134.044
 21
-1.15576
  0
LINE
  8
0
 10
-134.044
 20
-1.15576
 11
-134.196
 21
-1.26648
  0
LINE
  8
0
 10
-134.196
 20
-1.26648
 11
-134.361
 21
-1.35724
  0
LINE
  8
0
 10
-134.361
 20
-1.35724
 11
-134.536
 21
-1.42657
  0
LINE
  8
0
 10
-134.536
 20
-1.42657
 11
-134.719
 21
-1.47342
  0
LINE
  8
0
 10
-134.719
 20
-1.47342
 11
-134.906
 21
-1.49704
  0
LINE
  8
0
 10
-134.906
 20
-1.49704
 11
-135.094
 21
-1.49704
  0
LINE
  8
0
 10
-60.0942
 20
-1.49704
 11
-60.2811
 21
-1.47342
  0
LINE
  8
0
 10
-60.2811
 20
-1.47342
 11
-60.4635
 21
-1.42657
  0
LINE
  8
0
 10
-60.4635
 20
-1.42657
 11
-60.6387
 21
-1.35724
  0
LINE
  8
0
 10
-60.6387
 20
-1.35724
 11
-60.8037
 21
-1.26648
  0
LINE
  8
0
 10
-60.8037
 20
-1.26648
 11
-60.9561
 21
-1.15576
  0
LINE
  8
0
 10
-60.9561
 20
-1.15576
 11
-61.0934
 21
-1.02681
  0
LINE
  8
0
 10
-61.0934
 20
-1.02681
 11
-61.2135
 21
-0.881668
  0
LINE
  8
0
 10
-61.2135
 20
-0.881668
 11
-61.3145
 21
-0.722626
  0
LINE
  8
0
 10
-61.3145
 20
-0.722626
 11
-61.3947
 21
-0.552185
  0
LINE
  8
0
 10
-61.3947
 20
-0.552185
 11
-61.4529
 21
-0.373032
  0
LINE
  8
0
 10
-61.4529
 20
-0.373032
 11
-61.4882
 21
-0.187988
  0
LINE
  8
0
 10
-61.4882
 20
-0.187988
 11
-61.5
 21
0
  0
LINE
  8
0
 10
-61.5
 20
0
 11
-61.4882
 21
0.187988
  0
LINE
  8
0
 10
-61.4882
 20
0.187988
 11
-61.4529
 21
0.373032
  0
LINE
  8
0
 10
-61.4529
 20
0.373032
 11
-61.3947
 21
0.552185
  0
LINE
  8
0
 10
-61.3947
 20
0.552185
 11
-61.3145
 21
0.722626
  0
LINE
  8
0
 10
-61.3145
 20
0.722626
 11
-61.2135
 21
0.881668
  0
LINE
  8
0
 10
-61.2135
 20
0.881668
 11
-61.0934
 21
1.02681
  0
LINE
  8
0
 10
-61.0934
 20
1.02681
 11
-60.9561
 21
1.15576
  0
LINE
  8
0
 10
-60.9561
 20
1.15576
 11
-60.8037
 21
1.26648
  0
LINE
  8
0
 10
-60.8037
 20
1.26648
 11
-60.6387
 21
1.35724
  0
LINE
  8
0
 10
-60.6387
 20
1.35724
 11
-60.4635
 21
1.42657
  0
LINE
  8
0
 10
-60.4635
 20
1.42657
 11
-60.2811
 21
1.47342
  0
LINE
  8
0
 10
-60.2811
 20
1.47342
 11
-60.0942
 21
1.49704
  0
LINE
  8
0
 10
-60.0942
 20
1.49704
 11
-59.9058
 21
1.49704
  0
LINE
  8
0
 10
-59.9058
 20
1.49704
 11
-59.7189
 21
1.47342
  0
LINE
  8
0
 10
-59.7189
 20
1.47342
 11
-59.5365
 21
1.42657
  0
LINE
  8
0
 10
-59.5365
 20
1.42657
 11
-59.3613
 21
1.35724
  0
LINE
  8
0
 10
-59.3613
 20
1.35724
 11
-59.1963
 21
1.26648
  0
LINE
  8
0
 10
-59.1963
 20
1.26648
 11
-59.0439
 21
1.15576
  0
LINE
  8
0
 10
-59.0439
 20
1.15576
 11
-58.9065
 21
1.02681
  0
LINE
  8
0
 10
-58.9065
 20
1.02681
 11
-58.7865
 21
0.881668
  0
LINE
  8
0
 10
-58.7865
 20
0.881668
 11
-58.6855
 21
0.722626
  0
LINE
  8
0
 10
-58.6855
 20
0.722626
 11
-58.6053
 21
0.552185
  0
LINE
  8
0
 10
-58.6053
 20
0.552185
 11
-58.5471
 21
0.373032
  0
LINE
  8
0
 10
-58.5471
 20
0.373032
 11
-58.5118
 21
0.187988
  0
LINE
  8
0
 10
-58.5118
 20
0.187988
 11
-58.5
 21
0
  0
LINE
  8
0
 10
-58.5
 20
0
 11
-58.5118
 21
-0.187988
  0
LINE
  8
0
 10
-58.5118
 20
-0.187988
 11
-58.5471
 21
-0.373032
  0
LINE
  8
0
 10
-58.5471
 20
-0.373032
 11
-58.6053
 21
-0.552185
  0
LINE
  8
0
 10
-58.6053
 20
-0.552185
 11
-58.6855
 21
-0.722626
  0
LINE
  8
0
 10
-58.6855
 20
-0.722626
 11
-58.7865
 21
-0.881668
  0
LINE
  8
0
 10
-58.7865
 20
-0.881668
 11
-58.9065
 21
-1.02681
  0
LINE
  8
0
 10
-58.9065
 20
-1.02681
 11
-59.0439
 21
-1.15576
  0
LINE
  8
0
 10
-59.0439
 20
-1.15576
 11
-59.1963
 21
-1.26648
  0
LINE
  8
0
 10
-59.1963
 20
-1.26648
 11
-59.3613
 21
-1.35724
  0
LINE
  8
0
 10
-59.3613
 20
-1.35724
 11
-59.5365
 21
-1.42657
  0
LINE
  8
0
 10
-59.5365
 20
-1.42657
 11
-59.7189
 21
-1.47342
  0
LINE
  8
0
 10
-59.7189
 20
-1.47342
 11
-59.9058
 21
-1.49704
  0
LINE
  8
0
 10
-59.9058
 20
-1.49704
 11
-60.0942
 21
-1.49704
  0
LINE
  8
0
 10
-127.594
 20
-1.49704
 11
-127.781
 21
-1.47342
  0
LINE
  8
0
 10
-127.781
 20
-1.47342
 11
-127.964
 21
-1.42657
  0
LINE
  8
0
 10
-127.964
 20
-1.42657
 11
-128.139
 21
-1.35724
  0
LINE
  8
0
 10
-128.139
 20
-1.35724
 11
-128.304
 21
-1.26648
  0
LINE
  8
0
 10
-128.304
 20
-1.26648
 11
-128.456
 21
-1.15576
  0
LINE
  8
0
 10
-128.456
 20
-1.15576
 11
-128.593
 21
-1.02681
  0
LINE
  8
0
 10
-128.593
 20
-1.02681
 11
-128.714
 21
-0.881668
  0
LINE
  8
0
 10
-128.714
 20
-0.881668
 11
-128.814
 21
-0.722626
  0
LINE
  8
0
 10
-128.814
 20
-0.722626
 11
-128.895
 21
-0.552185
  0
LINE
  8
0
 10
-128.895
 20
-0.552185
 11
-128.953
 21
-0.373032
  0
LINE
  8
0
 10
-128.953
 20
-0.373032
 11
-128.988
 21
-0.187988
  0
LINE
  8
0
 10
-128.988
 20
-0.187988
 11
-129
 21
0
  0
LINE
  8
0
 10
-129
 20
0
 11
-128.988
 21
0.187988
  0
LINE
  8
0
 10
-128.988
 20
0.187988
 11
-128.953
 21
0.373032
  0
LINE
  8
0
 10
-128.953
 20
0.373032
 11
-128.895
 21
0.552185
  0
LINE
  8
0
 10
-128.895
 20
0.552185
 11
-128.814
 21
0.722626
  0
LINE
  8
0
 10
-128.814
 20
0.722626
 11
-128.714
 21
0.881668
  0
LINE
  8
0
 10
-128.714
 20
0.881668
 11
-128.593
 21
1.02681
  0
LINE
  8
0
 10
-128.593
 20
1.02681
 11
-128.456
 21
1.15576
  0
LINE
  8
0
 10
-128.456
 20
1.15576
 11
-128.304
 21
1.26648
  0
LINE
  8
0
 10
-128.304
 20
1.26648
 11
-128.139
 21
1.35724
  0
LINE
  8
0
 10
-128.139
 20
1.35724
 11
-127.964
 21
1.42657
  0
LINE
  8
0
 10
-127.964
 20
1.42657
 11
-127.781
 21
1.47342
  0
LINE
  8
0
 10
-127.781
 20
1.47342
 11
-127.594
 21
1.49704
  0
LINE
  8
0
 10
-127.594
 20
1.49704
 11
-127.406
 21
1.49704
  0
LINE
  8
0
 10
-127.406
 20
1.49704
 11
-127.219
 21
1.47342
  0
LINE
  8
0
 10
-127.219
 20
1.47342
 11
-127.036
 21
1.42657
  0
LINE
  8
0
 10
-127.036
 20
1.42657
 11
-126.861
 21
1.35724
  0
LINE
  8
0
 10
-126.861
 20
1.35724
 11
-126.696
 21
1.26648
  0
LINE
  8
0
 10
-126.696
 20
1.26648
 11
-126.544
 21
1.15576
  0
LINE
  8
0
 10
-126.544
 20
1.15576
 11
-126.407
 21
1.02681
  0
LINE
  8
0
 10
-126.407
 20
1.02681
 11
-126.286
 21
0.881668
  0
LINE
  8
0
 10
-126.286
 20
0.881668
 11
-126.186
 21
0.722626
  0
LINE
  8
0
 10
-126.186
 20
0.722626
 11
-126.105
 21
0.552185
  0
LINE
  8
0
 10
-126.105
 20
0.552185
 11
-126.047
 21
0.373032
  0
LINE
  8
0
 10
-126.047
 20
0.373032
 11
-126.012
 21
0.187988
  0
LINE
  8
0
 10
-126.012
 20
0.187988
 11
-126
 21
0
  0
LINE
  8
0
 10
-126
 20
0
 11
-126.012
 21
-0.187988
  0
LINE
  8
0
 10
-126.012
 20
-0.187988
 11
-126.047
 21
-0.373032
  0
LINE
  8
0
 10
-126.047
 20
-0.373032
 11
-126.105
 21
-0.552185
  0
LINE
  8
0
 10
-126.105
 20
-0.552185
 11
-126.186
 21
-0.722626
  0
LINE
  8
0
 10
-126.186
 20
-0.722626
 11
-126.286
 21
-0.881668
  0
LINE
  8
0
 10
-126.286
 20
-0.881668
 11
-126.407
 21
-1.02681
  0
LINE
  8
0
 10
-126.407
 20
-1.02681
 11
-126.544
 21
-1.15576
  0
LINE
  8
0
 10
-126.544
 20
-1.15576
 11
-126.696
 21
-1.26648
  0
LINE
  8
0
 10
-126.696
 20
-1.26648
 11
-126.861
 21
-1.35724
  0
LINE
  8
0
 10
-126.861
 20
-1.35724
 11
-127.036
 21
-1.42657
  0
LINE
  8
0
 10
-127.036
 20
-1.42657
 11
-127.219
 21
-1.47342
  0
LINE
  8
0
 10
-127.219
 20
-1.47342
 11
-127.406
 21
-1.49704
  0
LINE
  8
0
 10
-127.406
 20
-1.49704
 11
-127.594
 21
-1.49704
  0
LINE
  8
0
 10
164.906
 20
-1.49704
 11
164.719
 21
-1.47342
  0
LINE
  8
0
 10
164.719
 20
-1.47342
 11
164.536
 21
-1.42657
  0
LINE
  8
0
 10
164.536
 20
-1.42657
 11
164.361
 21
-1.35724
  0
LINE
  8
0
 10
164.361
 20
-1.35724
 11
164.196
 21
-1.26648
  0
LINE
  8
0
 10
164.196
 20
-1.26648
 11
164.044
 21
-1.15576
  0
LINE
  8
0
 10
164.044
 20
-1.15576
 11
163.907
 21
-1.02681
  0
LINE
  8
0
 10
163.907
 20
-1.02681
 11
163.786
 21
-0.881668
  0
LINE
  8
0
 10
163.786
 20
-0.881668
 11
163.686
 21
-0.722626
  0
LINE
  8
0
 10
163.686
 20
-0.722626
 11
163.605
 21
-0.552185
  0
LINE
  8
0
 10
163.605
 20
-0.552185
 11
163.547
 21
-0.373032
  0
LINE
  8
0
 10
163.547
 20
-0.373032
 11
163.512
 21
-0.187988
  0
LINE
  8
0
 10
163.512
 20
-0.187988
 11
163.5
 21
0
  0
LINE
  8
0
 10
163.5
 20
0
 11
163.512
 21
0.187988
  0
LINE
  8
0
 10
163.512
 20
0.187988
 11
163.547
 21
0.373032
  0
LINE
  8
0
 10
163.547
 20
0.373032
 11
163.605
 21
0.552185
  0
LINE
  8
0
 10
163.605
 20
0.552185
 11
163.686
 21
0.722626
  0
LINE
  8
0
 10
163.686
 20
0.722626
 11
163.786
 21
0.881668
  0
LINE
  8
0
 10
163.786
 20
0.881668
 11
163.907
 21
1.02681
  0
LINE
  8
0
 10
163.907
 20
1.02681
 11
164.044
 21
1.15576
  0
LINE
  8
0
 10
164.044
 20
1.15576
 11
164.196
 21
1.26648
  0
LINE
  8
0
 10
164.196
 20
1.26648
 11
164.361
 21
1.35724
  0
LINE
  8
0
 10
164.361
 20
1.35724
 11
164.536
 21
1.42657
  0
LINE
  8
0
 10
164.536
 20
1.42657
 11
164.719
 21
1.47342
  0
LINE
  8
0
 10
164.719
 20
1.47342
 11
164.906
 21
1.49704
  0
LINE
  8
0
 10
164.906
 20
1.49704
 11
165.094
 21
1.49704
  0
LINE
  8
0
 10
165.094
 20
1.49704
 11
165.281
 21
1.47342
  0
LINE
  8
0
 10
165.281
 20
1.47342
 11
165.464
 21
1.42657
  0
LINE
  8
0
 10
165.464
 20
1.42657
 11
165.639
 21
1.35724
  0
LINE
  8
0
 10
165.639
 20
1.35724
 11
165.804
 21
1.26648
  0
LINE
  8
0
 10
165.804
 20
1.26648
 11
165.956
 21
1.15576
  0
LINE
  8
0
 10
165.956
 20
1.15576
 11
166.093
 21
1.02681
  0
LINE
  8
0
 10
166.093
 20
1.02681
 11
166.214
 21
0.881668
  0
LINE
  8
0
 10
166.214
 20
0.881668
 11
166.314
 21
0.722626
  0
LINE
  8
0
 10
166.314
 20
0.722626
 11
166.395
 21
0.552185
  0
LINE
  8
0
 10
166.395
 20
0.552185
 11
166.453
 21
0.373032
  0
LINE
  8
0
 10
166.453
 20
0.373032
 11
166.488
 21
0.187988
  0
LINE
  8
0
 10
166.488
 20
0.187988
 11
166.5
 21
0
  0
LINE
  8
0
 10
166.5
 20
0
 11
166.488
 21
-0.187988
  0
LINE
  8
0
 10
166.488
 20
-0.187988
 11
166.453
 21
-0.373032
  0
LINE
  8
0
 10
166.453
 20
-0.373032
 11
166.395
 21
-0.552185
  0
LINE
  8
0
 10
166.395
 20
-0.552185
 11
166.314
 21
-0.722626
  0
LINE
  8
0
 10
166.314
 20
-0.722626
 11
166.214
 21
-0.881668
  0
LINE
  8
0
 10
166.214
 20
-0.881668
 11
166.093
 21
-1.02681
  0
LINE
  8
0
 10
166.093
 20
-1.02681
 11
165.956
 21
-1.15576
  0
LINE
  8
0
 10
165.956
 20
-1.15576
 11
165.804
 21
-1.26648
  0
LINE
  8
0
 10
165.804
 20
-1.26648
 11
165.639
 21
-1.35724
  0
LINE
  8
0
 10
165.639
 20
-1.35724
 11
165.464
 21
-1.42657
  0
LINE
  8
0
 10
165.464
 20
-1.42657
 11
165.281
 21
-1.47342
  0
LINE
  8
0
 10
165.281
 20
-1.47342
 11
165.094
 21
-1.49704
  0
LINE
  8
0
 10
165.094
 20
-1.49704
 11
164.906
 21
-1.49704
  0
LINE
  8
0
 10
-112.594
 20
-1.49704
 11
-112.781
 21
-1.47342
  0
LINE
  8
0
 10
-112.781
 20
-1.47342
 11
-112.964
 21
-1.42657
  0
LINE
  8
0
 10
-112.964
 20
-1.42657
 11
-113.139
 21
-1.35724
  0
LINE
  8
0
 10
-113.139
 20
-1.35724
 11
-113.304
 21
-1.26648
  0
LINE
  8
0
 10
-113.304
 20
-1.26648
 11
-113.456
 21
-1.15576
  0
LINE
  8
0
 10
-113.456
 20
-1.15576
 11
-113.593
 21
-1.02681
  0
LINE
  8
0
 10
-113.593
 20
-1.02681
 11
-113.714
 21
-0.881668
  0
LINE
  8
0
 10
-113.714
 20
-0.881668
 11
-113.814
 21
-0.722626
  0
LINE
  8
0
 10
-113.814
 20
-0.722626
 11
-113.895
 21
-0.552185
  0
LINE
  8
0
 10
-113.895
 20
-0.552185
 11
-113.953
 21
-0.373032
  0
LINE
  8
0
 10
-113.953
 20
-0.373032
 11
-113.988
 21
-0.187988
  0
LINE
  8
0
 10
-113.988
 20
-0.187988
 11
-114
 21
0
  0
LINE
  8
0
 10
-114
 20
0
 11
-113.988
 21
0.187988
  0
LINE
  8
0
 10
-113.988
 20
0.187988
 11
-113.953
 21
0.373032
  0
LINE
  8
0
 10
-113.953
 20
0.373032
 11
-113.895
 21
0.552185
  0
LINE
  8
0
 10
-113.895
 20
0.552185
 11
-113.814
 21
0.722626
  0
LINE
  8
0
 10
-113.814
 20
0.722626
 11
-113.714
 21
0.881668
  0
LINE
  8
0
 10
-113.714
 20
0.881668
 11
-113.593
 21
1.02681
  0
LINE
  8
0
 10
-113.593
 20
1.02681
 11
-113.456
 21
1.15576
  0
LINE
  8
0
 10
-113.456
 20
1.15576
 11
-113.304
 21
1.26648
  0
LINE
  8
0
 10
-113.304
 20
1.26648
 11
-113.139
 21
1.35724
  0
LINE
  8
0
 10
-113.139
 20
1.35724
 11
-112.964
 21
1.42657
  0
LINE
  8
0
 10
-112.964
 20
1.42657
 11
-112.781
 21
1.47342
  0
LINE
  8
0
 10
-112.781
 20
1.47342
 11
-112.594
 21
1.49704
  0
LINE
  8
0
 10
-112.594
 20
1.49704
 11
-112.406
 21
1.49704
  0
LINE
  8
0
 10
-112.406
 20
1.49704
 11
-112.219
 21
1.47342
  0
LINE
  8
0
 10
-112.219
 20
1.47342
 11
-112.036
 21
1.42657
  0
LINE
  8
0
 10
-112.036
 20
1.42657
 11
-111.861
 21
1.35724
  0
LINE
  8
0
 10
-111.861
 20
1.35724
 11
-111.696
 21
1.26648
  0
LINE
  8
0
 10
-111.696
 20
1.26648
 11
-111.544
 21
1.15576
  0
LINE
  8
0
 10
-111.544
 20
1.15576
 11
-111.407
 21
1.02681
  0
LINE
  8
0
 10
-111.407
 20
1.02681
 11
-111.286
 21
0.881668
  0
LINE
  8
0
 10
-111.286
 20
0.881668
 11
-111.186
 21
0.722626
  0
LINE
  8
0
 10
-111.186
 20
0.722626
 11
-111.105
 21
0.552185
  0
LINE
  8
0
 10
-111.105
 20
0.552185
 11
-111.047
 21
0.373032
  0
LINE
  8
0
 10
-111.047
 20
0.373032
 11
-111.012
 21
0.187988
  0
LINE
  8
0
 10
-111.012
 20
0.187988
 11
-111
 21
0
  0
LINE
  8
0
 10
-111
 20
0
 11
-111.012
 21
-0.187988
  0
LINE
  8
0
 10
-111.012
 20
-0.187988
 11
-111.047
 21
-0.373032
  0
LINE
  8
0
 10
-111.047
 20
-0.373032
 11
-111.105
 21
-0.552185
  0
LINE
  8
0
 10
-111.105
 20
-0.552185
 11
-111.186
 21
-0.722626
  0
LINE
  8
0
 10
-111.186
 20
-0.722626
 11
-111.286
 21
-0.881668
  0
LINE
  8
0
 10
-111.286
 20
-0.881668
 11
-111.407
 21
-1.02681
  0
LINE
  8
0
 10
-111.407
 20
-1.02681
 11
-111.544
 21
-1.15576
  0
LINE
  8
0
 10
-111.544
 20
-1.15576
 11
-111.696
 21
-1.26648
  0
LINE
  8
0
 10
-111.696
 20
-1.26648
 11
-111.861
 21
-1.35724
  0
LINE
  8
0
 10
-111.861
 20
-1.35724
 11
-112.036
 21
-1.42657
  0
LINE
  8
0
 10
-112.036
 20
-1.42657
 11
-112.219
 21
-1.47342
  0
LINE
  8
0
 10
-112.219
 20
-1.47342
 11
-112.406
 21
-1.49704
  0
LINE
  8
0
 10
-112.406
 20
-1.49704
 11
-112.594
 21
-1.49704
  0
LINE
  8
0
 10
-105.094
 20
-1.49704
 11
-105.281
 21
-1.47342
  0
LINE
  8
0
 10
-105.281
 20
-1.47342
 11
-105.464
 21
-1.42657
  0
LINE
  8
0
 10
-105.464
 20
-1.42657
 11
-105.639
 21
-1.35724
  0
LINE
  8
0
 10
-105.639
 20
-1.35724
 11
-105.804
 21
-1.26648
  0
LINE
  8
0
 10
-105.804
 20
-1.26648
 11
-105.956
 21
-1.15576
  0
LINE
  8
0
 10
-105.956
 20
-1.15576
 11
-106.093
 21
-1.02681
  0
LINE
  8
0
 10
-106.093
 20
-1.02681
 11
-106.214
 21
-0.881668
  0
LINE
  8
0
 10
-106.214
 20
-0.881668
 11
-106.314
 21
-0.722626
  0
LINE
  8
0
 10
-106.314
 20
-0.722626
 11
-106.395
 21
-0.552185
  0
LINE
  8
0
 10
-106.395
 20
-0.552185
 11
-106.453
 21
-0.373032
  0
LINE
  8
0
 10
-106.453
 20
-0.373032
 11
-106.488
 21
-0.187988
  0
LINE
  8
0
 10
-106.488
 20
-0.187988
 11
-106.5
 21
0
  0
LINE
  8
0
 10
-106.5
 20
0
 11
-106.488
 21
0.187988
  0
LINE
  8
0
 10
-106.488
 20
0.187988
 11
-106.453
 21
0.373032
  0
LINE
  8
0
 10
-106.453
 20
0.373032
 11
-106.395
 21
0.552185
  0
LINE
  8
0
 10
-106.395
 20
0.552185
 11
-106.314
 21
0.722626
  0
LINE
  8
0
 10
-106.314
 20
0.722626
 11
-106.214
 21
0.881668
  0
LINE
  8
0
 10
-106.214
 20
0.881668
 11
-106.093
 21
1.02681
  0
LINE
  8
0
 10
-106.093
 20
1.02681
 11
-105.956
 21
1.15576
  0
LINE
  8
0
 10
-105.956
 20
1.15576
 11
-105.804
 21
1.26648
  0
LINE
  8
0
 10
-105.804
 20
1.26648
 11
-105.639
 21
1.35724
  0
LINE
  8
0
 10
-105.639
 20
1.35724
 11
-105.464
 21
1.42657
  0
LINE
  8
0
 10
-105.464
 20
1.42657
 11
-105.281
 21
1.47342
  0
LINE
  8
0
 10
-105.281
 20
1.47342
 11
-105.094
 21
1.49704
  0
LINE
  8
0
 10
-105.094
 20
1.49704
 11
-104.906
 21
1.49704
  0
LINE
  8
0
 10
-104.906
 20
1.49704
 11
-104.719
 21
1.47342
  0
LINE
  8
0
 10
-104.719
 20
1.47342
 11
-104.536
 21
1.42657
  0
LINE
  8
0
 10
-104.536
 20
1.42657
 11
-104.361
 21
1.35724
  0
LINE
  8
0
 10
-104.361
 20
1.35724
 11
-104.196
 21
1.26648
  0
LINE
  8
0
 10
-104.196
 20
1.26648
 11
-104.044
 21
1.15576
  0
LINE
  8
0
 10
-104.044
 20
1.15576
 11
-103.907
 21
1.02681
  0
LINE
  8
0
 10
-103.907
 20
1.02681
 11
-103.786
 21
0.881668
  0
LINE
  8
0
 10
-103.786
 20
0.881668
 11
-103.686
 21
0.722626
  0
LINE
  8
0
 10
-103.686
 20
0.722626
 11
-103.605
 21
0.552185
  0
LINE
  8
0
 10
-103.605
 20
0.552185
 11
-103.547
 21
0.373032
  0
LINE
  8
0
 10
-103.547
 20
0.373032
 11
-103.512
 21
0.187988
  0
LINE
  8
0
 10
-103.512
 20
0.187988
 11
-103.5
 21
0
  0
LINE
  8
0
 10
-103.5
 20
0
 11
-103.512
 21
-0.187988
  0
LINE
  8
0
 10
-103.512
 20
-0.187988
 11
-103.547
 21
-0.373032
  0
LINE
  8
0
 10
-103.547
 20
-0.373032
 11
-103.605
 21
-0.552185
  0
LINE
  8
0
 10
-103.605
 20
-0.552185
 11
-103.686
 21
-0.722626
  0
LINE
  8
0
 10
-103.686
 20
-0.722626
 11
-103.786
 21
-0.881668
  0
LINE
  8
0
 10
-103.786
 20
-0.881668
 11
-103.907
 21
-1.02681
  0
LINE
  8
0
 10
-103.907
 20
-1.02681
 11
-104.044
 21
-1.15576
  0
LINE
  8
0
 10
-104.044
 20
-1.15576
 11
-104.196
 21
-1.26648
  0
LINE
  8
0
 10
-104.196
 20
-1.26648
 11
-104.361
 21
-1.35724
  0
LINE
  8
0
 10
-104.361
 20
-1.35724
 11
-104.536
 21
-1.42657
  0
LINE
  8
0
 10
-104.536
 20
-1.42657
 11
-104.719
 21
-1.47342
  0
LINE
  8
0
 10
-104.719
 20
-1.47342
 11
-104.906
 21
-1.49704
  0
LINE
  8
0
 10
-104.906
 20
-1.49704
 11
-105.094
 21
-1.49704
  0
LINE
  8
0
 10
-120.094
 20
-1.49704
 11
-120.281
 21
-1.47342
  0
LINE
  8
0
 10
-120.281
 20
-1.47342
 11
-120.464
 21
-1.42657
  0
LINE
  8
0
 10
-120.464
 20
-1.42657
 11
-120.639
 21
-1.35724
  0
LINE
  8
0
 10
-120.639
 20
-1.35724
 11
-120.804
 21
-1.26648
  0
LINE
  8
0
 10
-120.804
 20
-1.26648
 11
-120.956
 21
-1.15576
  0
LINE
  8
0
 10
-120.956
 20
-1.15576
 11
-121.093
 21
-1.02681
  0
LINE
  8
0
 10
-121.093
 20
-1.02681
 11
-121.214
 21
-0.881668
  0
LINE
  8
0
 10
-121.214
 20
-0.881668
 11
-121.314
 21
-0.722626
  0
LINE
  8
0
 10
-121.314
 20
-0.722626
 11
-121.395
 21
-0.552185
  0
LINE
  8
0
 10
-121.395
 20
-0.552185
 11
-121.453
 21
-0.373032
  0
LINE
  8
0
 10
-121.453
 20
-0.373032
 11
-121.488
 21
-0.187988
  0
LINE
  8
0
 10
-121.488
 20
-0.187988
 11
-121.5
 21
0
  0
LINE
  8
0
 10
-121.5
 20
0
 11
-121.488
 21
0.187988
  0
LINE
  8
0
 10
-121.488
 20
0.187988
 11
-121.453
 21
0.373032
  0
LINE
  8
0
 10
-121.453
 20
0.373032
 11
-121.395
 21
0.552185
  0
LINE
  8
0
 10
-121.395
 20
0.552185
 11
-121.314
 21
0.722626
  0
LINE
  8
0
 10
-121.314
 20
0.722626
 11
-121.214
 21
0.881668
  0
LINE
  8
0
 10
-121.214
 20
0.881668
 11
-121.093
 21
1.02681
  0
LINE
  8
0
 10
-121.093
 20
1.02681
 11
-120.956
 21
1.15576
  0
LINE
  8
0
 10
-120.956
 20
1.15576
 11
-120.804
 21
1.26648
  0
LINE
  8
0
 10
-120.804
 20
1.26648
 11
-120.639
 21
1.35724
  0
LINE
  8
0
 10
-120.639
 20
1.35724
 11
-120.464
 21
1.42657
  0
LINE
  8
0
 10
-120.464
 20
1.42657
 11
-120.281
 21
1.47342
  0
LINE
  8
0
 10
-120.281
 20
1.47342
 11
-120.094
 21
1.49704
  0
LINE
  8
0
 10
-120.094
 20
1.49704
 11
-119.906
 21
1.49704
  0
LINE
  8
0
 10
-119.906
 20
1.49704
 11
-119.719
 21
1.47342
  0
LINE
  8
0
 10
-119.719
 20
1.47342
 11
-119.536
 21
1.42657
  0
LINE
  8
0
 10
-119.536
 20
1.42657
 11
-119.361
 21
1.35724
  0
LINE
  8
0
 10
-119.361
 20
1.35724
 11
-119.196
 21
1.26648
  0
LINE
  8
0
 10
-119.196
 20
1.26648
 11
-119.044
 21
1.15576
  0
LINE
  8
0
 10
-119.044
 20
1.15576
 11
-118.907
 21
1.02681
  0
LINE
  8
0
 10
-118.907
 20
1.02681
 11
-118.786
 21
0.881668
  0
LINE
  8
0
 10
-118.786
 20
0.881668
 11
-118.686
 21
0.722626
  0
LINE
  8
0
 10
-118.686
 20
0.722626
 11
-118.605
 21
0.552185
  0
LINE
  8
0
 10
-118.605
 20
0.552185
 11
-118.547
 21
0.373032
  0
LINE
  8
0
 10
-118.547
 20
0.373032
 11
-118.512
 21
0.187988
  0
LINE
  8
0
 10
-118.512
 20
0.187988
 11
-118.5
 21
0
  0
LINE
  8
0
 10
-118.5
 20
0
 11
-118.512
 21
-0.187988
  0
LINE
  8
0
 10
-118.512
 20
-0.187988
 11
-118.547
 21
-0.373032
  0
LINE
  8
0
 10
-118.547
 20
-0.373032
 11
-118.605
 21
-0.552185
  0
LINE
  8
0
 10
-118.605
 20
-0.552185
 11
-118.686
 21
-0.722626
  0
LINE
  8
0
 10
-118.686
 20
-0.722626
 11
-118.786
 21
-0.881668
  0
LINE
  8
0
 10
-118.786
 20
-0.881668
 11
-118.907
 21
-1.02681
  0
LINE
  8
0
 10
-118.907
 20
-1.02681
 11
-119.044
 21
-1.15576
  0
LINE
  8
0
 10
-119.044
 20
-1.15576
 11
-119.196
 21
-1.26648
  0
LINE
  8
0
 10
-119.196
 20
-1.26648
 11
-119.361
 21
-1.35724
  0
LINE
  8
0
 10
-119.361
 20
-1.35724
 11
-119.536
 21
-1.42657
  0
LINE
  8
0
 10
-119.536
 20
-1.42657
 11
-119.719
 21
-1.47342
  0
LINE
  8
0
 10
-119.719
 20
-1.47342
 11
-119.906
 21
-1.49704
  0
LINE
  8
0
 10
-119.906
 20
-1.49704
 11
-120.094
 21
-1.49704
  0
LINE
  8
0
 10
-90.0942
 20
-1.49704
 11
-90.2811
 21
-1.47342
  0
LINE
  8
0
 10
-90.2811
 20
-1.47342
 11
-90.4635
 21
-1.42657
  0
LINE
  8
0
 10
-90.4635
 20
-1.42657
 11
-90.6387
 21
-1.35724
  0
LINE
  8
0
 10
-90.6387
 20
-1.35724
 11
-90.8037
 21
-1.26648
  0
LINE
  8
0
 10
-90.8037
 20
-1.26648
 11
-90.9561
 21
-1.15576
  0
LINE
  8
0
 10
-90.9561
 20
-1.15576
 11
-91.0934
 21
-1.02681
  0
LINE
  8
0
 10
-91.0934
 20
-1.02681
 11
-91.2135
 21
-0.881668
  0
LINE
  8
0
 10
-91.2135
 20
-0.881668
 11
-91.3145
 21
-0.722626
  0
LINE
  8
0
 10
-91.3145
 20
-0.722626
 11
-91.3947
 21
-0.552185
  0
LINE
  8
0
 10
-91.3947
 20
-0.552185
 11
-91.4529
 21
-0.373032
  0
LINE
  8
0
 10
-91.4529
 20
-0.373032
 11
-91.4882
 21
-0.187988
  0
LINE
  8
0
 10
-91.4882
 20
-0.187988
 11
-91.5
 21
0
  0
LINE
  8
0
 10
-91.5
 20
0
 11
-91.4882
 21
0.187988
  0
LINE
  8
0
 10
-91.4882
 20
0.187988
 11
-91.4529
 21
0.373032
  0
LINE
  8
0
 10
-91.4529
 20
0.373032
 11
-91.3947
 21
0.552185
  0
LINE
  8
0
 10
-91.3947
 20
0.552185
 11
-91.3145
 21
0.722626
  0
LINE
  8
0
 10
-91.3145
 20
0.722626
 11
-91.2135
 21
0.881668
  0
LINE
  8
0
 10
-91.2135
 20
0.881668
 11
-91.0934
 21
1.02681
  0
LINE
  8
0
 10
-91.0934
 20
1.02681
 11
-90.9561
 21
1.15576
  0
LINE
  8
0
 10
-90.9561
 20
1.15576
 11
-90.8037
 21
1.26648
  0
LINE
  8
0
 10
-90.8037
 20
1.26648
 11
-90.6387
 21
1.35724
  0
LINE
  8
0
 10
-90.6387
 20
1.35724
 11
-90.4635
 21
1.42657
  0
LINE
  8
0
 10
-90.4635
 20
1.42657
 11
-90.2811
 21
1.47342
  0
LINE
  8
0
 10
-90.2811
 20
1.47342
 11
-90.0942
 21
1.49704
  0
LINE
  8
0
 10
-90.0942
 20
1.49704
 11
-89.9058
 21
1.49704
  0
LINE
  8
0
 10
-89.9058
 20
1.49704
 11
-89.7189
 21
1.47342
  0
LINE
  8
0
 10
-89.7189
 20
1.47342
 11
-89.5365
 21
1.42657
  0
LINE
  8
0
 10
-89.5365
 20
1.42657
 11
-89.3613
 21
1.35724
  0
LINE
  8
0
 10
-89.3613
 20
1.35724
 11
-89.1963
 21
1.26648
  0
LINE
  8
0
 10
-89.1963
 20
1.26648
 11
-89.0439
 21
1.15576
  0
LINE
  8
0
 10
-89.0439
 20
1.15576
 11
-88.9065
 21
1.02681
  0
LINE
  8
0
 10
-88.9065
 20
1.02681
 11
-88.7865
 21
0.881668
  0
LINE
  8
0
 10
-88.7865
 20
0.881668
 11
-88.6855
 21
0.722626
  0
LINE
  8
0
 10
-88.6855
 20
0.722626
 11
-88.6053
 21
0.552185
  0
LINE
  8
0
 10
-88.6053
 20
0.552185
 11
-88.5471
 21
0.373032
  0
LINE
  8
0
 10
-88.5471
 20
0.373032
 11
-88.5118
 21
0.187988
  0
LINE
  8
0
 10
-88.5118
 20
0.187988
 11
-88.5
 21
0
  0
LINE
  8
0
 10
-88.5
 20
0
 11
-88.5118
 21
-0.187988
  0
LINE
  8
0
 10
-88.5118
 20
-0.187988
 11
-88.5471
 21
-0.373032
  0
LINE
  8
0
 10
-88.5471
 20
-0.373032
 11
-88.6053
 21
-0.552185
  0
LINE
  8
0
 10
-88.6053
 20
-0.552185
 11
-88.6855
 21
-0.722626
  0
LINE
  8
0
 10
-88.6855
 20
-0.722626
 11
-88.7865
 21
-0.881668
  0
LINE
  8
0
 10
-88.7865
 20
-0.881668
 11
-88.9065
 21
-1.02681
  0
LINE
  8
0
 10
-88.9065
 20
-1.02681
 11
-89.0439
 21
-1.15576
  0
LINE
  8
0
 10
-89.0439
 20
-1.15576
 11
-89.1963
 21
-1.26648
  0
LINE
  8
0
 10
-89.1963
 20
-1.26648
 11
-89.3613
 21
-1.35724
  0
LINE
  8
0
 10
-89.3613
 20
-1.35724
 11
-89.5365
 21
-1.42657
  0
LINE
  8
0
 10
-89.5365
 20
-1.42657
 11
-89.7189
 21
-1.47342
  0
LINE
  8
0
 10
-89.7189
 20
-1.47342
 11
-89.9058
 21
-1.49704
  0
LINE
  8
0
 10
-89.9058
 20
-1.49704
 11
-90.0942
 21
-1.49704
  0
LINE
  8
0
 10
-82.5942
 20
-1.49704
 11
-82.7811
 21
-1.47342
  0
LINE
  8
0
 10
-82.7811
 20
-1.47342
 11
-82.9635
 21
-1.42657
  0
LINE
  8
0
 10
-82.9635
 20
-1.42657
 11
-83.1387
 21
-1.35724
  0
LINE
  8
0
 10
-83.1387
 20
-1.35724
 11
-83.3037
 21
-1.26648
  0
LINE
  8
0
 10
-83.3037
 20
-1.26648
 11
-83.4561
 21
-1.15576
  0
LINE
  8
0
 10
-83.4561
 20
-1.15576
 11
-83.5934
 21
-1.02681
  0
LINE
  8
0
 10
-83.5934
 20
-1.02681
 11
-83.7135
 21
-0.881668
  0
LINE
  8
0
 10
-83.7135
 20
-0.881668
 11
-83.8145
 21
-0.722626
  0
LINE
  8
0
 10
-83.8145
 20
-0.722626
 11
-83.8947
 21
-0.552185
  0
LINE
  8
0
 10
-83.8947
 20
-0.552185
 11
-83.9529
 21
-0.373032
  0
LINE
  8
0
 10
-83.9529
 20
-0.373032
 11
-83.9882
 21
-0.187988
  0
LINE
  8
0
 10
-83.9882
 20
-0.187988
 11
-84
 21
0
  0
LINE
  8
0
 10
-84
 20
0
 11
-83.9882
 21
0.187988
  0
LINE
  8
0
 10
-83.9882
 20
0.187988
 11
-83.9529
 21
0.373032
  0
LINE
  8
0
 10
-83.9529
 20
0.373032
 11
-83.8947
 21
0.552185
  0
LINE
  8
0
 10
-83.8947
 20
0.552185
 11
-83.8145
 21
0.722626
  0
LINE
  8
0
 10
-83.8145
 20
0.722626
 11
-83.7135
 21
0.881668
  0
LINE
  8
0
 10
-83.7135
 20
0.881668
 11
-83.5934
 21
1.02681
  0
LINE
  8
0
 10
-83.5934
 20
1.02681
 11
-83.4561
 21
1.15576
  0
LINE
  8
0
 10
-83.4561
 20
1.15576
 11
-83.3037
 21
1.26648
  0
LINE
  8
0
 10
-83.3037
 20
1.26648
 11
-83.1387
 21
1.35724
  0
LINE
  8
0
 10
-83.1387
 20
1.35724
 11
-82.9635
 21
1.42657
  0
LINE
  8
0
 10
-82.9635
 20
1.42657
 11
-82.7811
 21
1.47342
  0
LINE
  8
0
 10
-82.7811
 20
1.47342
 11
-82.5942
 21
1.49704
  0
LINE
  8
0
 10
-82.5942
 20
1.49704
 11
-82.4058
 21
1.49704
  0
LINE
  8
0
 10
-82.4058
 20
1.49704
 11
-82.2189
 21
1.47342
  0
LINE
  8
0
 10
-82.2189
 20
1.47342
 11
-82.0365
 21
1.42657
  0
LINE
  8
0
 10
-82.0365
 20
1.42657
 11
-81.8613
 21
1.35724
  0
LINE
  8
0
 10
-81.8613
 20
1.35724
 11
-81.6963
 21
1.26648
  0
LINE
  8
0
 10
-81.6963
 20
1.26648
 11
-81.5439
 21
1.15576
  0
LINE
  8
0
 10
-81.5439
 20
1.15576
 11
-81.4065
 21
1.02681
  0
LINE
  8
0
 10
-81.4065
 20
1.02681
 11
-81.2865
 21
0.881668
  0
LINE
  8
0
 10
-81.2865
 20
0.881668
 11
-81.1855
 21
0.722626
  0
LINE
  8
0
 10
-81.1855
 20
0.722626
 11
-81.1053
 21
0.552185
  0
LINE
  8
0
 10
-81.1053
 20
0.552185
 11
-81.0471
 21
0.373032
  0
LINE
  8
0
 10
-81.0471
 20
0.373032
 11
-81.0118
 21
0.187988
  0
LINE
  8
0
 10
-81.0118
 20
0.187988
 11
-81
 21
0
  0
LINE
  8
0
 10
-81
 20
0
 11
-81.0118
 21
-0.187988
  0
LINE
  8
0
 10
-81.0118
 20
-0.187988
 11
-81.0471
 21
-0.373032
  0
LINE
  8
0
 10
-81.0471
 20
-0.373032
 11
-81.1053
 21
-0.552185
  0
LINE
  8
0
 10
-81.1053
 20
-0.552185
 11
-81.1855
 21
-0.722626
  0
LINE
  8
0
 10
-81.1855
 20
-0.722626
 11
-81.2865
 21
-0.881668
  0
LINE
  8
0
 10
-81.2865
 20
-0.881668
 11
-81.4065
 21
-1.02681
  0
LINE
  8
0
 10
-81.4065
 20
-1.02681
 11
-81.5439
 21
-1.15576
  0
LINE
  8
0
 10
-81.5439
 20
-1.15576
 11
-81.6963
 21
-1.26648
  0
LINE
  8
0
 10
-81.6963
 20
-1.26648
 11
-81.8613
 21
-1.35724
  0
LINE
  8
0
 10
-81.8613
 20
-1.35724
 11
-82.0365
 21
-1.42657
  0
LINE
  8
0
 10
-82.0365
 20
-1.42657
 11
-82.2189
 21
-1.47342
  0
LINE
  8
0
 10
-82.2189
 20
-1.47342
 11
-82.4058
 21
-1.49704
  0
LINE
  8
0
 10
-82.4058
 20
-1.49704
 11
-82.5942
 21
-1.49704
  0
LINE
  8
0
 10
-52.5942
 20
-1.49704
 11
-52.7811
 21
-1.47342
  0
LINE
  8
0
 10
-52.7811
 20
-1.47342
 11
-52.9635
 21
-1.42657
  0
LINE
  8
0
 10
-52.9635
 20
-1.42657
 11
-53.1387
 21
-1.35724
  0
LINE
  8
0
 10
-53.1387
 20
-1.35724
 11
-53.3037
 21
-1.26648
  0
LINE
  8
0
 10
-53.3037
 20
-1.26648
 11
-53.4561
 21
-1.15576
  0
LINE
  8
0
 10
-53.4561
 20
-1.15576
 11
-53.5934
 21
-1.02681
  0
LINE
  8
0
 10
-53.5934
 20
-1.02681
 11
-53.7135
 21
-0.881668
  0
LINE
  8
0
 10
-53.7135
 20
-0.881668
 11
-53.8145
 21
-0.722626
  0
LINE
  8
0
 10
-53.8145
 20
-0.722626
 11
-53.8947
 21
-0.552185
  0
LINE
  8
0
 10
-53.8947
 20
-0.552185
 11
-53.9529
 21
-0.373032
  0
LINE
  8
0
 10
-53.9529
 20
-0.373032
 11
-53.9882
 21
-0.187988
  0
LINE
  8
0
 10
-53.9882
 20
-0.187988
 11
-54
 21
0
  0
LINE
  8
0
 10
-54
 20
0
 11
-53.9882
 21
0.187988
  0
LINE
  8
0
 10
-53.9882
 20
0.187988
 11
-53.9529
 21
0.373032
  0
LINE
  8
0
 10
-53.9529
 20
0.373032
 11
-53.8947
 21
0.552185
  0
LINE
  8
0
 10
-53.8947
 20
0.552185
 11
-53.8145
 21
0.722626
  0
LINE
  8
0
 10
-53.8145
 20
0.722626
 11
-53.7135
 21
0.881668
  0
LINE
  8
0
 10
-53.7135
 20
0.881668
 11
-53.5934
 21
1.02681
  0
LINE
  8
0
 10
-53.5934
 20
1.02681
 11
-53.4561
 21
1.15576
  0
LINE
  8
0
 10
-53.4561
 20
1.15576
 11
-53.3037
 21
1.26648
  0
LINE
  8
0
 10
-53.3037
 20
1.26648
 11
-53.1387
 21
1.35724
  0
LINE
  8
0
 10
-53.1387
 20
1.35724
 11
-52.9635
 21
1.42657
  0
LINE
  8
0
 10
-52.9635
 20
1.42657
 11
-52.7811
 21
1.47342
  0
LINE
  8
0
 10
-52.7811
 20
1.47342
 11
-52.5942
 21
1.49704
  0
LINE
  8
0
 10
-52.5942
 20
1.49704
 11
-52.4058
 21
1.49704
  0
LINE
  8
0
 10
-52.4058
 20
1.49704
 11
-52.2189
 21
1.47342
  0
LINE
  8
0
 10
-52.2189
 20
1.47342
 11
-52.0365
 21
1.42657
  0
LINE
  8
0
 10
-52.0365
 20
1.42657
 11
-51.8613
 21
1.35724
  0
LINE
  8
0
 10
-51.8613
 20
1.35724
 11
-51.6963
 21
1.26648
  0
LINE
  8
0
 10
-51.6963
 20
1.26648
 11
-51.5439
 21
1.15576
  0
LINE
  8
0
 10
-51.5439
 20
1.15576
 11
-51.4065
 21
1.02681
  0
LINE
  8
0
 10
-51.4065
 20
1.02681
 11
-51.2865
 21
0.881668
  0
LINE
  8
0
 10
-51.2865
 20
0.881668
 11
-51.1855
 21
0.722626
  0
LINE
  8
0
 10
-51.1855
 20
0.722626
 11
-51.1053
 21
0.552185
  0
LINE
  8
0
 10
-51.1053
 20
0.552185
 11
-51.0471
 21
0.373032
  0
LINE
  8
0
 10
-51.0471
 20
0.373032
 11
-51.0118
 21
0.187988
  0
LINE
  8
0
 10
-51.0118
 20
0.187988
 11
-51
 21
0
  0
LINE
  8
0
 10
-51
 20
0
 11
-51.0118
 21
-0.187988
  0
LINE
  8
0
 10
-51.0118
 20
-0.187988
 11
-51.0471
 21
-0.373032
  0
LINE
  8
0
 10
-51.0471
 20
-0.373032
 11
-51.1053
 21
-0.552185
  0
LINE
  8
0
 10
-51.1053
 20
-0.552185
 11
-51.1855
 21
-0.722626
  0
LINE
  8
0
 10
-51.1855
 20
-0.722626
 11
-51.2865
 21
-0.881668
  0
LINE
  8
0
 10
-51.2865
 20
-0.881668
 11
-51.4065
 21
-1.02681
  0
LINE
  8
0
 10
-51.4065
 20
-1.02681
 11
-51.5439
 21
-1.15576
  0
LINE
  8
0
 10
-51.5439
 20
-1.15576
 11
-51.6963
 21
-1.26648
  0
LINE
  8
0
 10
-51.6963
 20
-1.26648
 11
-51.8613
 21
-1.35724
  0
LINE
  8
0
 10
-51.8613
 20
-1.35724
 11
-52.0365
 21
-1.42657
  0
LINE
  8
0
 10
-52.0365
 20
-1.42657
 11
-52.2189
 21
-1.47342
  0
LINE
  8
0
 10
-52.2189
 20
-1.47342
 11
-52.4058
 21
-1.49704
  0
LINE
  8
0
 10
-52.4058
 20
-1.49704
 11
-52.5942
 21
-1.49704
  0
LINE
  8
0
 10
-22.5942
 20
-1.49704
 11
-22.7811
 21
-1.47342
  0
LINE
  8
0
 10
-22.7811
 20
-1.47342
 11
-22.9635
 21
-1.42657
  0
LINE
  8
0
 10
-22.9635
 20
-1.42657
 11
-23.1387
 21
-1.35724
  0
LINE
  8
0
 10
-23.1387
 20
-1.35724
 11
-23.3037
 21
-1.26648
  0
LINE
  8
0
 10
-23.3037
 20
-1.26648
 11
-23.4561
 21
-1.15576
  0
LINE
  8
0
 10
-23.4561
 20
-1.15576
 11
-23.5934
 21
-1.02681
  0
LINE
  8
0
 10
-23.5934
 20
-1.02681
 11
-23.7135
 21
-0.881668
  0
LINE
  8
0
 10
-23.7135
 20
-0.881668
 11
-23.8145
 21
-0.722626
  0
LINE
  8
0
 10
-23.8145
 20
-0.722626
 11
-23.8947
 21
-0.552185
  0
LINE
  8
0
 10
-23.8947
 20
-0.552185
 11
-23.9529
 21
-0.373032
  0
LINE
  8
0
 10
-23.9529
 20
-0.373032
 11
-23.9882
 21
-0.187988
  0
LINE
  8
0
 10
-23.9882
 20
-0.187988
 11
-24
 21
0
  0
LINE
  8
0
 10
-24
 20
0
 11
-23.9882
 21
0.187988
  0
LINE
  8
0
 10
-23.9882
 20
0.187988
 11
-23.9529
 21
0.373032
  0
LINE
  8
0
 10
-23.9529
 20
0.373032
 11
-23.8947
 21
0.552185
  0
LINE
  8
0
 10
-23.8947
 20
0.552185
 11
-23.8145
 21
0.722626
  0
LINE
  8
0
 10
-23.8145
 20
0.722626
 11
-23.7135
 21
0.881668
  0
LINE
  8
0
 10
-23.7135
 20
0.881668
 11
-23.5934
 21
1.02681
  0
LINE
  8
0
 10
-23.5934
 20
1.02681
 11
-23.4561
 21
1.15576
  0
LINE
  8
0
 10
-23.4561
 20
1.15576
 11
-23.3037
 21
1.26648
  0
LINE
  8
0
 10
-23.3037
 20
1.26648
 11
-23.1387
 21
1.35724
  0
LINE
  8
0
 10
-23.1387
 20
1.35724
 11
-22.9635
 21
1.42657
  0
LINE
  8
0
 10
-22.9635
 20
1.42657
 11
-22.7811
 21
1.47342
  0
LINE
  8
0
 10
-22.7811
 20
1.47342
 11
-22.5942
 21
1.49704
  0
LINE
  8
0
 10
-22.5942
 20
1.49704
 11
-22.4058
 21
1.49704
  0
LINE
  8
0
 10
-22.4058
 20
1.49704
 11
-22.2189
 21
1.47342
  0
LINE
  8
0
 10
-22.2189
 20
1.47342
 11
-22.0365
 21
1.42657
  0
LINE
  8
0
 10
-22.0365
 20
1.42657
 11
-21.8613
 21
1.35724
  0
LINE
  8
0
 10
-21.8613
 20
1.35724
 11
-21.6963
 21
1.26648
  0
LINE
  8
0
 10
-21.6963
 20
1.26648
 11
-21.5439
 21
1.15576
  0
LINE
  8
0
 10
-21.5439
 20
1.15576
 11
-21.4065
 21
1.02681
  0
LINE
  8
0
 10
-21.4065
 20
1.02681
 11
-21.2865
 21
0.881668
  0
LINE
  8
0
 10
-21.2865
 20
0.881668
 11
-21.1855
 21
0.722626
  0
LINE
  8
0
 10
-21.1855
 20
0.722626
 11
-21.1053
 21
0.552185
  0
LINE
  8
0
 10
-21.1053
 20
0.552185
 11
-21.0471
 21
0.373032
  0
LINE
  8
0
 10
-21.0471
 20
0.373032
 11
-21.0118
 21
0.187988
  0
LINE
  8
0
 10
-21.0118
 20
0.187988
 11
-21
 21
0
  0
LINE
  8
0
 10
-21
 20
0
 11
-21.0118
 21
-0.187988
  0
LINE
  8
0
 10
-21.0118
 20
-0.187988
 11
-21.0471
 21
-0.373032
  0
LINE
  8
0
 10
-21.0471
 20
-0.373032
 11
-21.1053
 21
-0.552185
  0
LINE
  8
0
 10
-21.1053
 20
-0.552185
 11
-21.1855
 21
-0.722626
  0
LINE
  8
0
 10
-21.1855
 20
-0.722626
 11
-21.2865
 21
-0.881668
  0
LINE
  8
0
 10
-21.2865
 20
-0.881668
 11
-21.4065
 21
-1.02681
  0
LINE
  8
0
 10
-21.4065
 20
-1.02681
 11
-21.5439
 21
-1.15576
  0
LINE
  8
0
 10
-21.5439
 20
-1.15576
 11
-21.6963
 21
-1.26648
  0
LINE
  8
0
 10
-21.6963
 20
-1.26648
 11
-21.8613
 21
-1.35724
  0
LINE
  8
0
 10
-21.8613
 20
-1.35724
 11
-22.0365
 21
-1.42657
  0
LINE
  8
0
 10
-22.0365
 20
-1.42657
 11
-22.2189
 21
-1.47342
  0
LINE
  8
0
 10
-22.2189
 20
-1.47342
 11
-22.4058
 21
-1.49704
  0
LINE
  8
0
 10
-22.4058
 20
-1.49704
 11
-22.5942
 21
-1.49704
  0
LINE
  8
0
 10
-45.0942
 20
-1.49704
 11
-45.2811
 21
-1.47342
  0
LINE
  8
0
 10
-45.2811
 20
-1.47342
 11
-45.4635
 21
-1.42657
  0
LINE
  8
0
 10
-45.4635
 20
-1.42657
 11
-45.6387
 21
-1.35724
  0
LINE
  8
0
 10
-45.6387
 20
-1.35724
 11
-45.8037
 21
-1.26648
  0
LINE
  8
0
 10
-45.8037
 20
-1.26648
 11
-45.9561
 21
-1.15576
  0
LINE
  8
0
 10
-45.9561
 20
-1.15576
 11
-46.0934
 21
-1.02681
  0
LINE
  8
0
 10
-46.0934
 20
-1.02681
 11
-46.2135
 21
-0.881668
  0
LINE
  8
0
 10
-46.2135
 20
-0.881668
 11
-46.3145
 21
-0.722626
  0
LINE
  8
0
 10
-46.3145
 20
-0.722626
 11
-46.3947
 21
-0.552185
  0
LINE
  8
0
 10
-46.3947
 20
-0.552185
 11
-46.4529
 21
-0.373032
  0
LINE
  8
0
 10
-46.4529
 20
-0.373032
 11
-46.4882
 21
-0.187988
  0
LINE
  8
0
 10
-46.4882
 20
-0.187988
 11
-46.5
 21
0
  0
LINE
  8
0
 10
-46.5
 20
0
 11
-46.4882
 21
0.187988
  0
LINE
  8
0
 10
-46.4882
 20
0.187988
 11
-46.4529
 21
0.373032
  0
LINE
  8
0
 10
-46.4529
 20
0.373032
 11
-46.3947
 21
0.552185
  0
LINE
  8
0
 10
-46.3947
 20
0.552185
 11
-46.3145
 21
0.722626
  0
LINE
  8
0
 10
-46.3145
 20
0.722626
 11
-46.2135
 21
0.881668
  0
LINE
  8
0
 10
-46.2135
 20
0.881668
 11
-46.0934
 21
1.02681
  0
LINE
  8
0
 10
-46.0934
 20
1.02681
 11
-45.9561
 21
1.15576
  0
LINE
  8
0
 10
-45.9561
 20
1.15576
 11
-45.8037
 21
1.26648
  0
LINE
  8
0
 10
-45.8037
 20
1.26648
 11
-45.6387
 21
1.35724
  0
LINE
  8
0
 10
-45.6387
 20
1.35724
 11
-45.4635
 21
1.42657
  0
LINE
  8
0
 10
-45.4635
 20
1.42657
 11
-45.2811
 21
1.47342
  0
LINE
  8
0
 10
-45.2811
 20
1.47342
 11
-45.0942
 21
1.49704
  0
LINE
  8
0
 10
-45.0942
 20
1.49704
 11
-44.9058
 21
1.49704
  0
LINE
  8
0
 10
-44.9058
 20
1.49704
 11
-44.7189
 21
1.47342
  0
LINE
  8
0
 10
-44.7189
 20
1.47342
 11
-44.5365
 21
1.42657
  0
LINE
  8
0
 10
-44.5365
 20
1.42657
 11
-44.3613
 21
1.35724
  0
LINE
  8
0
 10
-44.3613
 20
1.35724
 11
-44.1963
 21
1.26648
  0
LINE
  8
0
 10
-44.1963
 20
1.26648
 11
-44.0439
 21
1.15576
  0
LINE
  8
0
 10
-44.0439
 20
1.15576
 11
-43.9065
 21
1.02681
  0
LINE
  8
0
 10
-43.9065
 20
1.02681
 11
-43.7865
 21
0.881668
  0
LINE
  8
0
 10
-43.7865
 20
0.881668
 11
-43.6855
 21
0.722626
  0
LINE
  8
0
 10
-43.6855
 20
0.722626
 11
-43.6053
 21
0.552185
  0
LINE
  8
0
 10
-43.6053
 20
0.552185
 11
-43.5471
 21
0.373032
  0
LINE
  8
0
 10
-43.5471
 20
0.373032
 11
-43.5118
 21
0.187988
  0
LINE
  8
0
 10
-43.5118
 20
0.187988
 11
-43.5
 21
0
  0
LINE
  8
0
 10
-43.5
 20
0
 11
-43.5118
 21
-0.187988
  0
LINE
  8
0
 10
-43.5118
 20
-0.187988
 11
-43.5471
 21
-0.373032
  0
LINE
  8
0
 10
-43.5471
 20
-0.373032
 11
-43.6053
 21
-0.552185
  0
LINE
  8
0
 10
-43.6053
 20
-0.552185
 11
-43.6855
 21
-0.722626
  0
LINE
  8
0
 10
-43.6855
 20
-0.722626
 11
-43.7865
 21
-0.881668
  0
LINE
  8
0
 10
-43.7865
 20
-0.881668
 11
-43.9065
 21
-1.02681
  0
LINE
  8
0
 10
-43.9065
 20
-1.02681
 11
-44.0439
 21
-1.15576
  0
LINE
  8
0
 10
-44.0439
 20
-1.15576
 11
-44.1963
 21
-1.26648
  0
LINE
  8
0
 10
-44.1963
 20
-1.26648
 11
-44.3613
 21
-1.35724
  0
LINE
  8
0
 10
-44.3613
 20
-1.35724
 11
-44.5365
 21
-1.42657
  0
LINE
  8
0
 10
-44.5365
 20
-1.42657
 11
-44.7189
 21
-1.47342
  0
LINE
  8
0
 10
-44.7189
 20
-1.47342
 11
-44.9058
 21
-1.49704
  0
LINE
  8
0
 10
-44.9058
 20
-1.49704
 11
-45.0942
 21
-1.49704
  0
LINE
  8
0
 10
-30.0942
 20
-1.49704
 11
-30.2811
 21
-1.47342
  0
LINE
  8
0
 10
-30.2811
 20
-1.47342
 11
-30.4635
 21
-1.42657
  0
LINE
  8
0
 10
-30.4635
 20
-1.42657
 11
-30.6387
 21
-1.35724
  0
LINE
  8
0
 10
-30.6387
 20
-1.35724
 11
-30.8037
 21
-1.26648
  0
LINE
  8
0
 10
-30.8037
 20
-1.26648
 11
-30.9561
 21
-1.15576
  0
LINE
  8
0
 10
-30.9561
 20
-1.15576
 11
-31.0934
 21
-1.02681
  0
LINE
  8
0
 10
-31.0934
 20
-1.02681
 11
-31.2135
 21
-0.881668
  0
LINE
  8
0
 10
-31.2135
 20
-0.881668
 11
-31.3145
 21
-0.722626
  0
LINE
  8
0
 10
-31.3145
 20
-0.722626
 11
-31.3947
 21
-0.552185
  0
LINE
  8
0
 10
-31.3947
 20
-0.552185
 11
-31.4529
 21
-0.373032
  0
LINE
  8
0
 10
-31.4529
 20
-0.373032
 11
-31.4882
 21
-0.187988
  0
LINE
  8
0
 10
-31.4882
 20
-0.187988
 11
-31.5
 21
0
  0
LINE
  8
0
 10
-31.5
 20
0
 11
-31.4882
 21
0.187988
  0
LINE
  8
0
 10
-31.4882
 20
0.187988
 11
-31.4529
 21
0.373032
  0
LINE
  8
0
 10
-31.4529
 20
0.373032
 11
-31.3947
 21
0.552185
  0
LINE
  8
0
 10
-31.3947
 20
0.552185
 11
-31.3145
 21
0.722626
  0
LINE
  8
0
 10
-31.3145
 20
0.722626
 11
-31.2135
 21
0.881668
  0
LINE
  8
0
 10
-31.2135
 20
0.881668
 11
-31.0934
 21
1.02681
  0
LINE
  8
0
 10
-31.0934
 20
1.02681
 11
-30.9561
 21
1.15576
  0
LINE
  8
0
 10
-30.9561
 20
1.15576
 11
-30.8037
 21
1.26648
  0
LINE
  8
0
 10
-30.8037
 20
1.26648
 11
-30.6387
 21
1.35724
  0
LINE
  8
0
 10
-30.6387
 20
1.35724
 11
-30.4635
 21
1.42657
  0
LINE
  8
0
 10
-30.4635
 20
1.42657
 11
-30.2811
 21
1.47342
  0
LINE
  8
0
 10
-30.2811
 20
1.47342
 11
-30.0942
 21
1.49704
  0
LINE
  8
0
 10
-30.0942
 20
1.49704
 11
-29.9058
 21
1.49704
  0
LINE
  8
0
 10
-29.9058
 20
1.49704
 11
-29.7189
 21
1.47342
  0
LINE
  8
0
 10
-29.7189
 20
1.47342
 11
-29.5365
 21
1.42657
  0
LINE
  8
0
 10
-29.5365
 20
1.42657
 11
-29.3613
 21
1.35724
  0
LINE
  8
0
 10
-29.3613
 20
1.35724
 11
-29.1963
 21
1.26648
  0
LINE
  8
0
 10
-29.1963
 20
1.26648
 11
-29.0439
 21
1.15576
  0
LINE
  8
0
 10
-29.0439
 20
1.15576
 11
-28.9065
 21
1.02681
  0
LINE
  8
0
 10
-28.9065
 20
1.02681
 11
-28.7865
 21
0.881668
  0
LINE
  8
0
 10
-28.7865
 20
0.881668
 11
-28.6855
 21
0.722626
  0
LINE
  8
0
 10
-28.6855
 20
0.722626
 11
-28.6053
 21
0.552185
  0
LINE
  8
0
 10
-28.6053
 20
0.552185
 11
-28.5471
 21
0.373032
  0
LINE
  8
0
 10
-28.5471
 20
0.373032
 11
-28.5118
 21
0.187988
  0
LINE
  8
0
 10
-28.5118
 20
0.187988
 11
-28.5
 21
0
  0
LINE
  8
0
 10
-28.5
 20
0
 11
-28.5118
 21
-0.187988
  0
LINE
  8
0
 10
-28.5118
 20
-0.187988
 11
-28.5471
 21
-0.373032
  0
LINE
  8
0
 10
-28.5471
 20
-0.373032
 11
-28.6053
 21
-0.552185
  0
LINE
  8
0
 10
-28.6053
 20
-0.552185
 11
-28.6855
 21
-0.722626
  0
LINE
  8
0
 10
-28.6855
 20
-0.722626
 11
-28.7865
 21
-0.881668
  0
LINE
  8
0
 10
-28.7865
 20
-0.881668
 11
-28.9065
 21
-1.02681
  0
LINE
  8
0
 10
-28.9065
 20
-1.02681
 11
-29.0439
 21
-1.15576
  0
LINE
  8
0
 10
-29.0439
 20
-1.15576
 11
-29.1963
 21
-1.26648
  0
LINE
  8
0
 10
-29.1963
 20
-1.26648
 11
-29.3613
 21
-1.35724
  0
LINE
  8
0
 10
-29.3613
 20
-1.35724
 11
-29.5365
 21
-1.42657
  0
LINE
  8
0
 10
-29.5365
 20
-1.42657
 11
-29.7189
 21
-1.47342
  0
LINE
  8
0
 10
-29.7189
 20
-1.47342
 11
-29.9058
 21
-1.49704
  0
LINE
  8
0
 10
-29.9058
 20
-1.49704
 11
-30.0942
 21
-1.49704
  0
LINE
  8
0
 10
-37.5942
 20
-1.49704
 11
-37.7811
 21
-1.47342
  0
LINE
  8
0
 10
-37.7811
 20
-1.47342
 11
-37.9635
 21
-1.42657
  0
LINE
  8
0
 10
-37.9635
 20
-1.42657
 11
-38.1387
 21
-1.35724
  0
LINE
  8
0
 10
-38.1387
 20
-1.35724
 11
-38.3037
 21
-1.26648
  0
LINE
  8
0
 10
-38.3037
 20
-1.26648
 11
-38.4561
 21
-1.15576
  0
LINE
  8
0
 10
-38.4561
 20
-1.15576
 11
-38.5934
 21
-1.02681
  0
LINE
  8
0
 10
-38.5934
 20
-1.02681
 11
-38.7135
 21
-0.881668
  0
LINE
  8
0
 10
-38.7135
 20
-0.881668
 11
-38.8145
 21
-0.722626
  0
LINE
  8
0
 10
-38.8145
 20
-0.722626
 11
-38.8947
 21
-0.552185
  0
LINE
  8
0
 10
-38.8947
 20
-0.552185
 11
-38.9529
 21
-0.373032
  0
LINE
  8
0
 10
-38.9529
 20
-0.373032
 11
-38.9882
 21
-0.187988
  0
LINE
  8
0
 10
-38.9882
 20
-0.187988
 11
-39
 21
0
  0
LINE
  8
0
 10
-39
 20
0
 11
-38.9882
 21
0.187988
  0
LINE
  8
0
 10
-38.9882
 20
0.187988
 11
-38.9529
 21
0.373032
  0
LINE
  8
0
 10
-38.9529
 20
0.373032
 11
-38.8947
 21
0.552185
  0
LINE
  8
0
 10
-38.8947
 20
0.552185
 11
-38.8145
 21
0.722626
  0
LINE
  8
0
 10
-38.8145
 20
0.722626
 11
-38.7135
 21
0.881668
  0
LINE
  8
0
 10
-38.7135
 20
0.881668
 11
-38.5934
 21
1.02681
  0
LINE
  8
0
 10
-38.5934
 20
1.02681
 11
-38.4561
 21
1.15576
  0
LINE
  8
0
 10
-38.4561
 20
1.15576
 11
-38.3037
 21
1.26648
  0
LINE
  8
0
 10
-38.3037
 20
1.26648
 11
-38.1387
 21
1.35724
  0
LINE
  8
0
 10
-38.1387
 20
1.35724
 11
-37.9635
 21
1.42657
  0
LINE
  8
0
 10
-37.9635
 20
1.42657
 11
-37.7811
 21
1.47342
  0
LINE
  8
0
 10
-37.7811
 20
1.47342
 11
-37.5942
 21
1.49704
  0
LINE
  8
0
 10
-37.5942
 20
1.49704
 11
-37.4058
 21
1.49704
  0
LINE
  8
0
 10
-37.4058
 20
1.49704
 11
-37.2189
 21
1.47342
  0
LINE
  8
0
 10
-37.2189
 20
1.47342
 11
-37.0365
 21
1.42657
  0
LINE
  8
0
 10
-37.0365
 20
1.42657
 11
-36.8613
 21
1.35724
  0
LINE
  8
0
 10
-36.8613
 20
1.35724
 11
-36.6963
 21
1.26648
  0
LINE
  8
0
 10
-36.6963
 20
1.26648
 11
-36.5439
 21
1.15576
  0
LINE
  8
0
 10
-36.5439
 20
1.15576
 11
-36.4065
 21
1.02681
  0
LINE
  8
0
 10
-36.4065
 20
1.02681
 11
-36.2865
 21
0.881668
  0
LINE
  8
0
 10
-36.2865
 20
0.881668
 11
-36.1855
 21
0.722626
  0
LINE
  8
0
 10
-36.1855
 20
0.722626
 11
-36.1053
 21
0.552185
  0
LINE
  8
0
 10
-36.1053
 20
0.552185
 11
-36.0471
 21
0.373032
  0
LINE
  8
0
 10
-36.0471
 20
0.373032
 11
-36.0118
 21
0.187988
  0
LINE
  8
0
 10
-36.0118
 20
0.187988
 11
-36
 21
0
  0
LINE
  8
0
 10
-36
 20
0
 11
-36.0118
 21
-0.187988
  0
LINE
  8
0
 10
-36.0118
 20
-0.187988
 11
-36.0471
 21
-0.373032
  0
LINE
  8
0
 10
-36.0471
 20
-0.373032
 11
-36.1053
 21
-0.552185
  0
LINE
  8
0
 10
-36.1053
 20
-0.552185
 11
-36.1855
 21
-0.722626
  0
LINE
  8
0
 10
-36.1855
 20
-0.722626
 11
-36.2865
 21
-0.881668
  0
LINE
  8
0
 10
-36.2865
 20
-0.881668
 11
-36.4065
 21
-1.02681
  0
LINE
  8
0
 10
-36.4065
 20
-1.02681
 11
-36.5439
 21
-1.15576
  0
LINE
  8
0
 10
-36.5439
 20
-1.15576
 11
-36.6963
 21
-1.26648
  0
LINE
  8
0
 10
-36.6963
 20
-1.26648
 11
-36.8613
 21
-1.35724
  0
LINE
  8
0
 10
-36.8613
 20
-1.35724
 11
-37.0365
 21
-1.42657
  0
LINE
  8
0
 10
-37.0365
 20
-1.42657
 11
-37.2189
 21
-1.47342
  0
LINE
  8
0
 10
-37.2189
 20
-1.47342
 11
-37.4058
 21
-1.49704
  0
LINE
  8
0
 10
-37.4058
 20
-1.49704
 11
-37.5942
 21
-1.49704
  0
LINE
  8
0
 10
104.906
 20
-1.49704
 11
104.719
 21
-1.47342
  0
LINE
  8
0
 10
104.719
 20
-1.47342
 11
104.536
 21
-1.42657
  0
LINE
  8
0
 10
104.536
 20
-1.42657
 11
104.361
 21
-1.35724
  0
LINE
  8
0
 10
104.361
 20
-1.35724
 11
104.196
 21
-1.26648
  0
LINE
  8
0
 10
104.196
 20
-1.26648
 11
104.044
 21
-1.15576
  0
LINE
  8
0
 10
104.044
 20
-1.15576
 11
103.907
 21
-1.02681
  0
LINE
  8
0
 10
103.907
 20
-1.02681
 11
103.786
 21
-0.881668
  0
LINE
  8
0
 10
103.786
 20
-0.881668
 11
103.686
 21
-0.722626
  0
LINE
  8
0
 10
103.686
 20
-0.722626
 11
103.605
 21
-0.552185
  0
LINE
  8
0
 10
103.605
 20
-0.552185
 11
103.547
 21
-0.373032
  0
LINE
  8
0
 10
103.547
 20
-0.373032
 11
103.512
 21
-0.187988
  0
LINE
  8
0
 10
103.512
 20
-0.187988
 11
103.5
 21
0
  0
LINE
  8
0
 10
103.5
 20
0
 11
103.512
 21
0.187988
  0
LINE
  8
0
 10
103.512
 20
0.187988
 11
103.547
 21
0.373032
  0
LINE
  8
0
 10
103.547
 20
0.373032
 11
103.605
 21
0.552185
  0
LINE
  8
0
 10
103.605
 20
0.552185
 11
103.686
 21
0.722626
  0
LINE
  8
0
 10
103.686
 20
0.722626
 11
103.786
 21
0.881668
  0
LINE
  8
0
 10
103.786
 20
0.881668
 11
103.907
 21
1.02681
  0
LINE
  8
0
 10
103.907
 20
1.02681
 11
104.044
 21
1.15576
  0
LINE
  8
0
 10
104.044
 20
1.15576
 11
104.196
 21
1.26648
  0
LINE
  8
0
 10
104.196
 20
1.26648
 11
104.361
 21
1.35724
  0
LINE
  8
0
 10
104.361
 20
1.35724
 11
104.536
 21
1.42657
  0
LINE
  8
0
 10
104.536
 20
1.42657
 11
104.719
 21
1.47342
  0
LINE
  8
0
 10
104.719
 20
1.47342
 11
104.906
 21
1.49704
  0
LINE
  8
0
 10
104.906
 20
1.49704
 11
105.094
 21
1.49704
  0
LINE
  8
0
 10
105.094
 20
1.49704
 11
105.281
 21
1.47342
  0
LINE
  8
0
 10
105.281
 20
1.47342
 11
105.464
 21
1.42657
  0
LINE
  8
0
 10
105.464
 20
1.42657
 11
105.639
 21
1.35724
  0
LINE
  8
0
 10
105.639
 20
1.35724
 11
105.804
 21
1.26648
  0
LINE
  8
0
 10
105.804
 20
1.26648
 11
105.956
 21
1.15576
  0
LINE
  8
0
 10
105.956
 20
1.15576
 11
106.093
 21
1.02681
  0
LINE
  8
0
 10
106.093
 20
1.02681
 11
106.214
 21
0.881668
  0
LINE
  8
0
 10
106.214
 20
0.881668
 11
106.314
 21
0.722626
  0
LINE
  8
0
 10
106.314
 20
0.722626
 11
106.395
 21
0.552185
  0
LINE
  8
0
 10
106.395
 20
0.552185
 11
106.453
 21
0.373032
  0
LINE
  8
0
 10
106.453
 20
0.373032
 11
106.488
 21
0.187988
  0
LINE
  8
0
 10
106.488
 20
0.187988
 11
106.5
 21
0
  0
LINE
  8
0
 10
106.5
 20
0
 11
106.488
 21
-0.187988
  0
LINE
  8
0
 10
106.488
 20
-0.187988
 11
106.453
 21
-0.373032
  0
LINE
  8
0
 10
106.453
 20
-0.373032
 11
106.395
 21
-0.552185
  0
LINE
  8
0
 10
106.395
 20
-0.552185
 11
106.314
 21
-0.722626
  0
LINE
  8
0
 10
106.314
 20
-0.722626
 11
106.214
 21
-0.881668
  0
LINE
  8
0
 10
106.214
 20
-0.881668
 11
106.093
 21
-1.02681
  0
LINE
  8
0
 10
106.093
 20
-1.02681
 11
105.956
 21
-1.15576
  0
LINE
  8
0
 10
105.956
 20
-1.15576
 11
105.804
 21
-1.26648
  0
LINE
  8
0
 10
105.804
 20
-1.26648
 11
105.639
 21
-1.35724
  0
LINE
  8
0
 10
105.639
 20
-1.35724
 11
105.464
 21
-1.42657
  0
LINE
  8
0
 10
105.464
 20
-1.42657
 11
105.281
 21
-1.47342
  0
LINE
  8
0
 10
105.281
 20
-1.47342
 11
105.094
 21
-1.49704
  0
LINE
  8
0
 10
105.094
 20
-1.49704
 11
104.906
 21
-1.49704
  0
LINE
  8
0
 10
22.4058
 20
-1.49704
 11
22.2189
 21
-1.47342
  0
LINE
  8
0
 10
22.2189
 20
-1.47342
 11
22.0365
 21
-1.42657
  0
LINE
  8
0
 10
22.0365
 20
-1.42657
 11
21.8613
 21
-1.35724
  0
LINE
  8
0
 10
21.8613
 20
-1.35724
 11
21.6963
 21
-1.26648
  0
LINE
  8
0
 10
21.6963
 20
-1.26648
 11
21.5439
 21
-1.15576
  0
LINE
  8
0
 10
21.5439
 20
-1.15576
 11
21.4065
 21
-1.02681
  0
LINE
  8
0
 10
21.4065
 20
-1.02681
 11
21.2865
 21
-0.881668
  0
LINE
  8
0
 10
21.2865
 20
-0.881668
 11
21.1855
 21
-0.722626
  0
LINE
  8
0
 10
21.1855
 20
-0.722626
 11
21.1053
 21
-0.552185
  0
LINE
  8
0
 10
21.1053
 20
-0.552185
 11
21.0471
 21
-0.373032
  0
LINE
  8
0
 10
21.0471
 20
-0.373032
 11
21.0118
 21
-0.187988
  0
LINE
  8
0
 10
21.0118
 20
-0.187988
 11
21
 21
0
  0
LINE
  8
0
 10
21
 20
0
 11
21.0118
 21
0.187988
  0
LINE
  8
0
 10
21.0118
 20
0.187988
 11
21.0471
 21
0.373032
  0
LINE
  8
0
 10
21.0471
 20
0.373032
 11
21.1053
 21
0.552185
  0
LINE
  8
0
 10
21.1053
 20
0.552185
 11
21.1855
 21
0.722626
  0
LINE
  8
0
 10
21.1855
 20
0.722626
 11
21.2865
 21
0.881668
  0
LINE
  8
0
 10
21.2865
 20
0.881668
 11
21.4065
 21
1.02681
  0
LINE
  8
0
 10
21.4065
 20
1.02681
 11
21.5439
 21
1.15576
  0
LINE
  8
0
 10
21.5439
 20
1.15576
 11
21.6963
 21
1.26648
  0
LINE
  8
0
 10
21.6963
 20
1.26648
 11
21.8613
 21
1.35724
  0
LINE
  8
0
 10
21.8613
 20
1.35724
 11
22.0365
 21
1.42657
  0
LINE
  8
0
 10
22.0365
 20
1.42657
 11
22.2189
 21
1.47342
  0
LINE
  8
0
 10
22.2189
 20
1.47342
 11
22.4058
 21
1.49704
  0
LINE
  8
0
 10
22.4058
 20
1.49704
 11
22.5942
 21
1.49704
  0
LINE
  8
0
 10
22.5942
 20
1.49704
 11
22.7811
 21
1.47342
  0
LINE
  8
0
 10
22.7811
 20
1.47342
 11
22.9635
 21
1.42657
  0
LINE
  8
0
 10
22.9635
 20
1.42657
 11
23.1387
 21
1.35724
  0
LINE
  8
0
 10
23.1387
 20
1.35724
 11
23.3037
 21
1.26648
  0
LINE
  8
0
 10
23.3037
 20
1.26648
 11
23.4561
 21
1.15576
  0
LINE
  8
0
 10
23.4561
 20
1.15576
 11
23.5934
 21
1.02681
  0
LINE
  8
0
 10
23.5934
 20
1.02681
 11
23.7135
 21
0.881668
  0
LINE
  8
0
 10
23.7135
 20
0.881668
 11
23.8145
 21
0.722626
  0
LINE
  8
0
 10
23.8145
 20
0.722626
 11
23.8947
 21
0.552185
  0
LINE
  8
0
 10
23.8947
 20
0.552185
 11
23.9529
 21
0.373032
  0
LINE
  8
0
 10
23.9529
 20
0.373032
 11
23.9882
 21
0.187988
  0
LINE
  8
0
 10
23.9882
 20
0.187988
 11
24
 21
0
  0
LINE
  8
0
 10
24
 20
0
 11
23.9882
 21
-0.187988
  0
LINE
  8
0
 10
23.9882
 20
-0.187988
 11
23.9529
 21
-0.373032
  0
LINE
  8
0
 10
23.9529
 20
-0.373032
 11
23.8947
 21
-0.552185
  0
LINE
  8
0
 10
23.8947
 20
-0.552185
 11
23.8145
 21
-0.722626
  0
LINE
  8
0
 10
23.8145
 20
-0.722626
 11
23.7135
 21
-0.881668
  0
LINE
  8
0
 10
23.7135
 20
-0.881668
 11
23.5934
 21
-1.02681
  0
LINE
  8
0
 10
23.5934
 20
-1.02681
 11
23.4561
 21
-1.15576
  0
LINE
  8
0
 10
23.4561
 20
-1.15576
 11
23.3037
 21
-1.26648
  0
LINE
  8
0
 10
23.3037
 20
-1.26648
 11
23.1387
 21
-1.35724
  0
LINE
  8
0
 10
23.1387
 20
-1.35724
 11
22.9635
 21
-1.42657
  0
LINE
  8
0
 10
22.9635
 20
-1.42657
 11
22.7811
 21
-1.47342
  0
LINE
  8
0
 10
22.7811
 20
-1.47342
 11
22.5942
 21
-1.49704
  0
LINE
  8
0
 10
22.5942
 20
-1.49704
 11
22.4058
 21
-1.49704
  0
LINE
  8
0
 10
37.4058
 20
-1.49704
 11
37.2189
 21
-1.47342
  0
LINE
  8
0
 10
37.2189
 20
-1.47342
 11
37.0365
 21
-1.42657
  0
LINE
  8
0
 10
37.0365
 20
-1.42657
 11
36.8613
 21
-1.35724
  0
LINE
  8
0
 10
36.8613
 20
-1.35724
 11
36.6963
 21
-1.26648
  0
LINE
  8
0
 10
36.6963
 20
-1.26648
 11
36.5439
 21
-1.15576
  0
LINE
  8
0
 10
36.5439
 20
-1.15576
 11
36.4065
 21
-1.02681
  0
LINE
  8
0
 10
36.4065
 20
-1.02681
 11
36.2865
 21
-0.881668
  0
LINE
  8
0
 10
36.2865
 20
-0.881668
 11
36.1855
 21
-0.722626
  0
LINE
  8
0
 10
36.1855
 20
-0.722626
 11
36.1053
 21
-0.552185
  0
LINE
  8
0
 10
36.1053
 20
-0.552185
 11
36.0471
 21
-0.373032
  0
LINE
  8
0
 10
36.0471
 20
-0.373032
 11
36.0118
 21
-0.187988
  0
LINE
  8
0
 10
36.0118
 20
-0.187988
 11
36
 21
0
  0
LINE
  8
0
 10
36
 20
0
 11
36.0118
 21
0.187988
  0
LINE
  8
0
 10
36.0118
 20
0.187988
 11
36.0471
 21
0.373032
  0
LINE
  8
0
 10
36.0471
 20
0.373032
 11
36.1053
 21
0.552185
  0
LINE
  8
0
 10
36.1053
 20
0.552185
 11
36.1855
 21
0.722626
  0
LINE
  8
0
 10
36.1855
 20
0.722626
 11
36.2865
 21
0.881668
  0
LINE
  8
0
 10
36.2865
 20
0.881668
 11
36.4065
 21
1.02681
  0
LINE
  8
0
 10
36.4065
 20
1.02681
 11
36.5439
 21
1.15576
  0
LINE
  8
0
 10
36.5439
 20
1.15576
 11
36.6963
 21
1.26648
  0
LINE
  8
0
 10
36.6963
 20
1.26648
 11
36.8613
 21
1.35724
  0
LINE
  8
0
 10
36.8613
 20
1.35724
 11
37.0365
 21
1.42657
  0
LINE
  8
0
 10
37.0365
 20
1.42657
 11
37.2189
 21
1.47342
  0
LINE
  8
0
 10
37.2189
 20
1.47342
 11
37.4058
 21
1.49704
  0
LINE
  8
0
 10
37.4058
 20
1.49704
 11
37.5942
 21
1.49704
  0
LINE
  8
0
 10
37.5942
 20
1.49704
 11
37.7811
 21
1.47342
  0
LINE
  8
0
 10
37.7811
 20
1.47342
 11
37.9635
 21
1.42657
  0
LINE
  8
0
 10
37.9635
 20
1.42657
 11
38.1387
 21
1.35724
  0
LINE
  8
0
 10
38.1387
 20
1.35724
 11
38.3037
 21
1.26648
  0
LINE
  8
0
 10
38.3037
 20
1.26648
 11
38.4561
 21
1.15576
  0
LINE
  8
0
 10
38.4561
 20
1.15576
 11
38.5934
 21
1.02681
  0
LINE
  8
0
 10
38.5934
 20
1.02681
 11
38.7135
 21
0.881668
  0
LINE
  8
0
 10
38.7135
 20
0.881668
 11
38.8145
 21
0.722626
  0
LINE
  8
0
 10
38.8145
 20
0.722626
 11
38.8947
 21
0.552185
  0
LINE
  8
0
 10
38.8947
 20
0.552185
 11
38.9529
 21
0.373032
  0
LINE
  8
0
 10
38.9529
 20
0.373032
 11
38.9882
 21
0.187988
  0
LINE
  8
0
 10
38.9882
 20
0.187988
 11
39
 21
0
  0
LINE
  8
0
 10
39
 20
0
 11
38.9882
 21
-0.187988
  0
LINE
  8
0
 10
38.9882
 20
-0.187988
 11
38.9529
 21
-0.373032
  0
LINE
  8
0
 10
38.9529
 20
-0.373032
 11
38.8947
 21
-0.552185
  0
LINE
  8
0
 10
38.8947
 20
-0.552185
 11
38.8145
 21
-0.722626
  0
LINE
  8
0
 10
38.8145
 20
-0.722626
 11
38.7135
 21
-0.881668
  0
LINE
  8
0
 10
38.7135
 20
-0.881668
 11
38.5934
 21
-1.02681
  0
LINE
  8
0
 10
38.5934
 20
-1.02681
 11
38.4561
 21
-1.15576
  0
LINE
  8
0
 10
38.4561
 20
-1.15576
 11
38.3037
 21
-1.26648
  0
LINE
  8
0
 10
38.3037
 20
-1.26648
 11
38.1387
 21
-1.35724
  0
LINE
  8
0
 10
38.1387
 20
-1.35724
 11
37.9635
 21
-1.42657
  0
LINE
  8
0
 10
37.9635
 20
-1.42657
 11
37.7811
 21
-1.47342
  0
LINE
  8
0
 10
37.7811
 20
-1.47342
 11
37.5942
 21
-1.49704
  0
LINE
  8
0
 10
37.5942
 20
-1.49704
 11
37.4058
 21
-1.49704
  0
LINE
  8
0
 10
-0.0941772
 20
-1.49704
 11
-0.281067
 21
-1.47342
  0
LINE
  8
0
 10
-0.281067
 20
-1.47342
 11
-0.463516
 21
-1.42657
  0
LINE
  8
0
 10
-0.463516
 20
-1.42657
 11
-0.638657
 21
-1.35724
  0
LINE
  8
0
 10
-0.638657
 20
-1.35724
 11
-0.803726
 21
-1.26648
  0
LINE
  8
0
 10
-0.803726
 20
-1.26648
 11
-0.956131
 21
-1.15576
  0
LINE
  8
0
 10
-0.956131
 20
-1.15576
 11
-1.09344
 21
-1.02681
  0
LINE
  8
0
 10
-1.09344
 20
-1.02681
 11
-1.21352
 21
-0.881668
  0
LINE
  8
0
 10
-1.21352
 20
-0.881668
 11
-1.31445
 21
-0.722626
  0
LINE
  8
0
 10
-1.31445
 20
-0.722626
 11
-1.39465
 21
-0.552185
  0
LINE
  8
0
 10
-1.39465
 20
-0.552185
 11
-1.45287
 21
-0.373032
  0
LINE
  8
0
 10
-1.45287
 20
-0.373032
 11
-1.48816
 21
-0.187988
  0
LINE
  8
0
 10
-1.48816
 20
-0.187988
 11
-1.5
 21
0
  0
LINE
  8
0
 10
-1.5
 20
0
 11
-1.48816
 21
0.187988
  0
LINE
  8
0
 10
-1.48816
 20
0.187988
 11
-1.45287
 21
0.373032
  0
LINE
  8
0
 10
-1.45287
 20
0.373032
 11
-1.39465
 21
0.552185
  0
LINE
  8
0
 10
-1.39465
 20
0.552185
 11
-1.31445
 21
0.722626
  0
LINE
  8
0
 10
-1.31445
 20
0.722626
 11
-1.21352
 21
0.881668
  0
LINE
  8
0
 10
-1.21352
 20
0.881668
 11
-1.09344
 21
1.02681
  0
LINE
  8
0
 10
-1.09344
 20
1.02681
 11
-0.956131
 21
1.15576
  0
LINE
  8
0
 10
-0.956131
 20
1.15576
 11
-0.803726
 21
1.26648
  0
LINE
  8
0
 10
-0.803726
 20
1.26648
 11
-0.638657
 21
1.35724
  0
LINE
  8
0
 10
-0.638657
 20
1.35724
 11
-0.463516
 21
1.42657
  0
LINE
  8
0
 10
-0.463516
 20
1.42657
 11
-0.281067
 21
1.47342
  0
LINE
  8
0
 10
-0.281067
 20
1.47342
 11
-0.0941772
 21
1.49704
  0
LINE
  8
0
 10
-0.0941772
 20
1.49704
 11
0.0941772
 21
1.49704
  0
LINE
  8
0
 10
0.0941772
 20
1.49704
 11
0.281067
 21
1.47342
  0
LINE
  8
0
 10
0.281067
 20
1.47342
 11
0.463516
 21
1.42657
  0
LINE
  8
0
 10
0.463516
 20
1.42657
 11
0.638657
 21
1.35724
  0
LINE
  8
0
 10
0.638657
 20
1.35724
 11
0.803726
 21
1.26648
  0
LINE
  8
0
 10
0.803726
 20
1.26648
 11
0.956131
 21
1.15576
  0
LINE
  8
0
 10
0.956131
 20
1.15576
 11
1.09344
 21
1.02681
  0
LINE
  8
0
 10
1.09344
 20
1.02681
 11
1.21352
 21
0.881668
  0
LINE
  8
0
 10
1.21352
 20
0.881668
 11
1.31445
 21
0.722626
  0
LINE
  8
0
 10
1.31445
 20
0.722626
 11
1.39465
 21
0.552185
  0
LINE
  8
0
 10
1.39465
 20
0.552185
 11
1.45287
 21
0.373032
  0
LINE
  8
0
 10
1.45287
 20
0.373032
 11
1.48816
 21
0.187988
  0
LINE
  8
0
 10
1.48816
 20
0.187988
 11
1.5
 21
0
  0
LINE
  8
0
 10
1.5
 20
0
 11
1.48816
 21
-0.187988
  0
LINE
  8
0
 10
1.48816
 20
-0.187988
 11
1.45287
 21
-0.373032
  0
LINE
  8
0
 10
1.45287
 20
-0.373032
 11
1.39465
 21
-0.552185
  0
LINE
  8
0
 10
1.39465
 20
-0.552185
 11
1.31445
 21
-0.722626
  0
LINE
  8
0
 10
1.31445
 20
-0.722626
 11
1.21352
 21
-0.881668
  0
LINE
  8
0
 10
1.21352
 20
-0.881668
 11
1.09344
 21
-1.02681
  0
LINE
  8
0
 10
1.09344
 20
-1.02681
 11
0.956131
 21
-1.15576
  0
LINE
  8
0
 10
0.956131
 20
-1.15576
 11
0.803726
 21
-1.26648
  0
LINE
  8
0
 10
0.803726
 20
-1.26648
 11
0.638657
 21
-1.35724
  0
LINE
  8
0
 10
0.638657
 20
-1.35724
 11
0.463516
 21
-1.42657
  0
LINE
  8
0
 10
0.463516
 20
-1.42657
 11
0.281067
 21
-1.47342
  0
LINE
  8
0
 10
0.281067
 20
-1.47342
 11
0.0941772
 21
-1.49704
  0
LINE
  8
0
 10
0.0941772
 20
-1.49704
 11
-0.0941772
 21
-1.49704
  0
LINE
  8
0
 10
157.406
 20
-1.49704
 11
157.219
 21
-1.47342
  0
LINE
  8
0
 10
157.219
 20
-1.47342
 11
157.036
 21
-1.42657
  0
LINE
  8
0
 10
157.036
 20
-1.42657
 11
156.861
 21
-1.35724
  0
LINE
  8
0
 10
156.861
 20
-1.35724
 11
156.696
 21
-1.26648
  0
LINE
  8
0
 10
156.696
 20
-1.26648
 11
156.544
 21
-1.15576
  0
LINE
  8
0
 10
156.544
 20
-1.15576
 11
156.407
 21
-1.02681
  0
LINE
  8
0
 10
156.407
 20
-1.02681
 11
156.286
 21
-0.881668
  0
LINE
  8
0
 10
156.286
 20
-0.881668
 11
156.186
 21
-0.722626
  0
LINE
  8
0
 10
156.186
 20
-0.722626
 11
156.105
 21
-0.552185
  0
LINE
  8
0
 10
156.105
 20
-0.552185
 11
156.047
 21
-0.373032
  0
LINE
  8
0
 10
156.047
 20
-0.373032
 11
156.012
 21
-0.187988
  0
LINE
  8
0
 10
156.012
 20
-0.187988
 11
156
 21
0
  0
LINE
  8
0
 10
156
 20
0
 11
156.012
 21
0.187988
  0
LINE
  8
0
 10
156.012
 20
0.187988
 11
156.047
 21
0.373032
  0
LINE
  8
0
 10
156.047
 20
0.373032
 11
156.105
 21
0.552185
  0
LINE
  8
0
 10
156.105
 20
0.552185
 11
156.186
 21
0.722626
  0
LINE
  8
0
 10
156.186
 20
0.722626
 11
156.286
 21
0.881668
  0
LINE
  8
0
 10
156.286
 20
0.881668
 11
156.407
 21
1.02681
  0
LINE
  8
0
 10
156.407
 20
1.02681
 11
156.544
 21
1.15576
  0
LINE
  8
0
 10
156.544
 20
1.15576
 11
156.696
 21
1.26648
  0
LINE
  8
0
 10
156.696
 20
1.26648
 11
156.861
 21
1.35724
  0
LINE
  8
0
 10
156.861
 20
1.35724
 11
157.036
 21
1.42657
  0
LINE
  8
0
 10
157.036
 20
1.42657
 11
157.219
 21
1.47342
  0
LINE
  8
0
 10
157.219
 20
1.47342
 11
157.406
 21
1.49704
  0
LINE
  8
0
 10
157.406
 20
1.49704
 11
157.594
 21
1.49704
  0
LINE
  8
0
 10
157.594
 20
1.49704
 11
157.781
 21
1.47342
  0
LINE
  8
0
 10
157.781
 20
1.47342
 11
157.964
 21
1.42657
  0
LINE
  8
0
 10
157.964
 20
1.42657
 11
158.139
 21
1.35724
  0
LINE
  8
0
 10
158.139
 20
1.35724
 11
158.304
 21
1.26648
  0
LINE
  8
0
 10
158.304
 20
1.26648
 11
158.456
 21
1.15576
  0
LINE
  8
0
 10
158.456
 20
1.15576
 11
158.593
 21
1.02681
  0
LINE
  8
0
 10
158.593
 20
1.02681
 11
158.714
 21
0.881668
  0
LINE
  8
0
 10
158.714
 20
0.881668
 11
158.814
 21
0.722626
  0
LINE
  8
0
 10
158.814
 20
0.722626
 11
158.895
 21
0.552185
  0
LINE
  8
0
 10
158.895
 20
0.552185
 11
158.953
 21
0.373032
  0
LINE
  8
0
 10
158.953
 20
0.373032
 11
158.988
 21
0.187988
  0
LINE
  8
0
 10
158.988
 20
0.187988
 11
159
 21
0
  0
LINE
  8
0
 10
159
 20
0
 11
158.988
 21
-0.187988
  0
LINE
  8
0
 10
158.988
 20
-0.187988
 11
158.953
 21
-0.373032
  0
LINE
  8
0
 10
158.953
 20
-0.373032
 11
158.895
 21
-0.552185
  0
LINE
  8
0
 10
158.895
 20
-0.552185
 11
158.814
 21
-0.722626
  0
LINE
  8
0
 10
158.814
 20
-0.722626
 11
158.714
 21
-0.881668
  0
LINE
  8
0
 10
158.714
 20
-0.881668
 11
158.593
 21
-1.02681
  0
LINE
  8
0
 10
158.593
 20
-1.02681
 11
158.456
 21
-1.15576
  0
LINE
  8
0
 10
158.456
 20
-1.15576
 11
158.304
 21
-1.26648
  0
LINE
  8
0
 10
158.304
 20
-1.26648
 11
158.139
 21
-1.35724
  0
LINE
  8
0
 10
158.139
 20
-1.35724
 11
157.964
 21
-1.42657
  0
LINE
  8
0
 10
157.964
 20
-1.42657
 11
157.781
 21
-1.47342
  0
LINE
  8
0
 10
157.781
 20
-1.47342
 11
157.594
 21
-1.49704
  0
LINE
  8
0
 10
157.594
 20
-1.49704
 11
157.406
 21
-1.49704
  0
LINE
  8
0
 10
7.40581
 20
-1.49704
 11
7.21892
 21
-1.47342
  0
LINE
  8
0
 10
7.21892
 20
-1.47342
 11
7.03647
 21
-1.42657
  0
LINE
  8
0
 10
7.03647
 20
-1.42657
 11
6.86133
 21
-1.35724
  0
LINE
  8
0
 10
6.86133
 20
-1.35724
 11
6.69626
 21
-1.26648
  0
LINE
  8
0
 10
6.69626
 20
-1.26648
 11
6.54385
 21
-1.15576
  0
LINE
  8
0
 10
6.54385
 20
-1.15576
 11
6.40654
 21
-1.02681
  0
LINE
  8
0
 10
6.40654
 20
-1.02681
 11
6.28647
 21
-0.881668
  0
LINE
  8
0
 10
6.28647
 20
-0.881668
 11
6.18553
 21
-0.722626
  0
LINE
  8
0
 10
6.18553
 20
-0.722626
 11
6.10533
 21
-0.552185
  0
LINE
  8
0
 10
6.10533
 20
-0.552185
 11
6.04712
 21
-0.373032
  0
LINE
  8
0
 10
6.04712
 20
-0.373032
 11
6.01183
 21
-0.187988
  0
LINE
  8
0
 10
6.01183
 20
-0.187988
 11
6
 21
0
  0
LINE
  8
0
 10
6
 20
0
 11
6.01183
 21
0.187988
  0
LINE
  8
0
 10
6.01183
 20
0.187988
 11
6.04712
 21
0.373032
  0
LINE
  8
0
 10
6.04712
 20
0.373032
 11
6.10533
 21
0.552185
  0
LINE
  8
0
 10
6.10533
 20
0.552185
 11
6.18553
 21
0.722626
  0
LINE
  8
0
 10
6.18553
 20
0.722626
 11
6.28647
 21
0.881668
  0
LINE
  8
0
 10
6.28647
 20
0.881668
 11
6.40654
 21
1.02681
  0
LINE
  8
0
 10
6.40654
 20
1.02681
 11
6.54385
 21
1.15576
  0
LINE
  8
0
 10
6.54385
 20
1.15576
 11
6.69626
 21
1.26648
  0
LINE
  8
0
 10
6.69626
 20
1.26648
 11
6.86133
 21
1.35724
  0
LINE
  8
0
 10
6.86133
 20
1.35724
 11
7.03647
 21
1.42657
  0
LINE
  8
0
 10
7.03647
 20
1.42657
 11
7.21892
 21
1.47342
  0
LINE
  8
0
 10
7.21892
 20
1.47342
 11
7.40581
 21
1.49704
  0
LINE
  8
0
 10
7.40581
 20
1.49704
 11
7.59418
 21
1.49704
  0
LINE
  8
0
 10
7.59418
 20
1.49704
 11
7.78107
 21
1.47342
  0
LINE
  8
0
 10
7.78107
 20
1.47342
 11
7.96352
 21
1.42657
  0
LINE
  8
0
 10
7.96352
 20
1.42657
 11
8.13866
 21
1.35724
  0
LINE
  8
0
 10
8.13866
 20
1.35724
 11
8.30373
 21
1.26648
  0
LINE
  8
0
 10
8.30373
 20
1.26648
 11
8.45613
 21
1.15576
  0
LINE
  8
0
 10
8.45613
 20
1.15576
 11
8.59344
 21
1.02681
  0
LINE
  8
0
 10
8.59344
 20
1.02681
 11
8.71352
 21
0.881668
  0
LINE
  8
0
 10
8.71352
 20
0.881668
 11
8.81445
 21
0.722626
  0
LINE
  8
0
 10
8.81445
 20
0.722626
 11
8.89465
 21
0.552185
  0
LINE
  8
0
 10
8.89465
 20
0.552185
 11
8.95287
 21
0.373032
  0
LINE
  8
0
 10
8.95287
 20
0.373032
 11
8.98816
 21
0.187988
  0
LINE
  8
0
 10
8.98816
 20
0.187988
 11
9
 21
0
  0
LINE
  8
0
 10
9
 20
0
 11
8.98816
 21
-0.187988
  0
LINE
  8
0
 10
8.98816
 20
-0.187988
 11
8.95287
 21
-0.373032
  0
LINE
  8
0
 10
8.95287
 20
-0.373032
 11
8.89465
 21
-0.552185
  0
LINE
  8
0
 10
8.89465
 20
-0.552185
 11
8.81445
 21
-0.722626
  0
LINE
  8
0
 10
8.81445
 20
-0.722626
 11
8.71352
 21
-0.881668
  0
LINE
  8
0
 10
8.71352
 20
-0.881668
 11
8.59344
 21
-1.02681
  0
LINE
  8
0
 10
8.59344
 20
-1.02681
 11
8.45613
 21
-1.15576
  0
LINE
  8
0
 10
8.45613
 20
-1.15576
 11
8.30373
 21
-1.26648
  0
LINE
  8
0
 10
8.30373
 20
-1.26648
 11
8.13866
 21
-1.35724
  0
LINE
  8
0
 10
8.13866
 20
-1.35724
 11
7.96352
 21
-1.42657
  0
LINE
  8
0
 10
7.96352
 20
-1.42657
 11
7.78107
 21
-1.47342
  0
LINE
  8
0
 10
7.78107
 20
-1.47342
 11
7.59418
 21
-1.49704
  0
LINE
  8
0
 10
7.59418
 20
-1.49704
 11
7.40581
 21
-1.49704
  0
LINE
  8
0
 10
29.9058
 20
-1.49704
 11
29.7189
 21
-1.47342
  0
LINE
  8
0
 10
29.7189
 20
-1.47342
 11
29.5365
 21
-1.42657
  0
LINE
  8
0
 10
29.5365
 20
-1.42657
 11
29.3613
 21
-1.35724
  0
LINE
  8
0
 10
29.3613
 20
-1.35724
 11
29.1963
 21
-1.26648
  0
LINE
  8
0
 10
29.1963
 20
-1.26648
 11
29.0439
 21
-1.15576
  0
LINE
  8
0
 10
29.0439
 20
-1.15576
 11
28.9065
 21
-1.02681
  0
LINE
  8
0
 10
28.9065
 20
-1.02681
 11
28.7865
 21
-0.881668
  0
LINE
  8
0
 10
28.7865
 20
-0.881668
 11
28.6855
 21
-0.722626
  0
LINE
  8
0
 10
28.6855
 20
-0.722626
 11
28.6053
 21
-0.552185
  0
LINE
  8
0
 10
28.6053
 20
-0.552185
 11
28.5471
 21
-0.373032
  0
LINE
  8
0
 10
28.5471
 20
-0.373032
 11
28.5118
 21
-0.187988
  0
LINE
  8
0
 10
28.5118
 20
-0.187988
 11
28.5
 21
0
  0
LINE
  8
0
 10
28.5
 20
0
 11
28.5118
 21
0.187988
  0
LINE
  8
0
 10
28.5118
 20
0.187988
 11
28.5471
 21
0.373032
  0
LINE
  8
0
 10
28.5471
 20
0.373032
 11
28.6053
 21
0.552185
  0
LINE
  8
0
 10
28.6053
 20
0.552185
 11
28.6855
 21
0.722626
  0
LINE
  8
0
 10
28.6855
 20
0.722626
 11
28.7865
 21
0.881668
  0
LINE
  8
0
 10
28.7865
 20
0.881668
 11
28.9065
 21
1.02681
  0
LINE
  8
0
 10
28.9065
 20
1.02681
 11
29.0439
 21
1.15576
  0
LINE
  8
0
 10
29.0439
 20
1.15576
 11
29.1963
 21
1.26648
  0
LINE
  8
0
 10
29.1963
 20
1.26648
 11
29.3613
 21
1.35724
  0
LINE
  8
0
 10
29.3613
 20
1.35724
 11
29.5365
 21
1.42657
  0
LINE
  8
0
 10
29.5365
 20
1.42657
 11
29.7189
 21
1.47342
  0
LINE
  8
0
 10
29.7189
 20
1.47342
 11
29.9058
 21
1.49704
  0
LINE
  8
0
 10
29.9058
 20
1.49704
 11
30.0942
 21
1.49704
  0
LINE
  8
0
 10
30.0942
 20
1.49704
 11
30.2811
 21
1.47342
  0
LINE
  8
0
 10
30.2811
 20
1.47342
 11
30.4635
 21
1.42657
  0
LINE
  8
0
 10
30.4635
 20
1.42657
 11
30.6387
 21
1.35724
  0
LINE
  8
0
 10
30.6387
 20
1.35724
 11
30.8037
 21
1.26648
  0
LINE
  8
0
 10
30.8037
 20
1.26648
 11
30.9561
 21
1.15576
  0
LINE
  8
0
 10
30.9561
 20
1.15576
 11
31.0934
 21
1.02681
  0
LINE
  8
0
 10
31.0934
 20
1.02681
 11
31.2135
 21
0.881668
  0
LINE
  8
0
 10
31.2135
 20
0.881668
 11
31.3145
 21
0.722626
  0
LINE
  8
0
 10
31.3145
 20
0.722626
 11
31.3947
 21
0.552185
  0
LINE
  8
0
 10
31.3947
 20
0.552185
 11
31.4529
 21
0.373032
  0
LINE
  8
0
 10
31.4529
 20
0.373032
 11
31.4882
 21
0.187988
  0
LINE
  8
0
 10
31.4882
 20
0.187988
 11
31.5
 21
0
  0
LINE
  8
0
 10
31.5
 20
0
 11
31.4882
 21
-0.187988
  0
LINE
  8
0
 10
31.4882
 20
-0.187988
 11
31.4529
 21
-0.373032
  0
LINE
  8
0
 10
31.4529
 20
-0.373032
 11
31.3947
 21
-0.552185
  0
LINE
  8
0
 10
31.3947
 20
-0.552185
 11
31.3145
 21
-0.722626
  0
LINE
  8
0
 10
31.3145
 20
-0.722626
 11
31.2135
 21
-0.881668
  0
LINE
  8
0
 10
31.2135
 20
-0.881668
 11
31.0934
 21
-1.02681
  0
LINE
  8
0
 10
31.0934
 20
-1.02681
 11
30.9561
 21
-1.15576
  0
LINE
  8
0
 10
30.9561
 20
-1.15576
 11
30.8037
 21
-1.26648
  0
LINE
  8
0
 10
30.8037
 20
-1.26648
 11
30.6387
 21
-1.35724
  0
LINE
  8
0
 10
30.6387
 20
-1.35724
 11
30.4635
 21
-1.42657
  0
LINE
  8
0
 10
30.4635
 20
-1.42657
 11
30.2811
 21
-1.47342
  0
LINE
  8
0
 10
30.2811
 20
-1.47342
 11
30.0942
 21
-1.49704
  0
LINE
  8
0
 10
30.0942
 20
-1.49704
 11
29.9058
 21
-1.49704
  0
LINE
  8
0
 10
14.9058
 20
-1.49704
 11
14.7189
 21
-1.47342
  0
LINE
  8
0
 10
14.7189
 20
-1.47342
 11
14.5365
 21
-1.42657
  0
LINE
  8
0
 10
14.5365
 20
-1.42657
 11
14.3613
 21
-1.35724
  0
LINE
  8
0
 10
14.3613
 20
-1.35724
 11
14.1963
 21
-1.26648
  0
LINE
  8
0
 10
14.1963
 20
-1.26648
 11
14.0439
 21
-1.15576
  0
LINE
  8
0
 10
14.0439
 20
-1.15576
 11
13.9065
 21
-1.02681
  0
LINE
  8
0
 10
13.9065
 20
-1.02681
 11
13.7865
 21
-0.881668
  0
LINE
  8
0
 10
13.7865
 20
-0.881668
 11
13.6855
 21
-0.722626
  0
LINE
  8
0
 10
13.6855
 20
-0.722626
 11
13.6053
 21
-0.552185
  0
LINE
  8
0
 10
13.6053
 20
-0.552185
 11
13.5471
 21
-0.373032
  0
LINE
  8
0
 10
13.5471
 20
-0.373032
 11
13.5118
 21
-0.187988
  0
LINE
  8
0
 10
13.5118
 20
-0.187988
 11
13.5
 21
0
  0
LINE
  8
0
 10
13.5
 20
0
 11
13.5118
 21
0.187988
  0
LINE
  8
0
 10
13.5118
 20
0.187988
 11
13.5471
 21
0.373032
  0
LINE
  8
0
 10
13.5471
 20
0.373032
 11
13.6053
 21
0.552185
  0
LINE
  8
0
 10
13.6053
 20
0.552185
 11
13.6855
 21
0.722626
  0
LINE
  8
0
 10
13.6855
 20
0.722626
 11
13.7865
 21
0.881668
  0
LINE
  8
0
 10
13.7865
 20
0.881668
 11
13.9065
 21
1.02681
  0
LINE
  8
0
 10
13.9065
 20
1.02681
 11
14.0439
 21
1.15576
  0
LINE
  8
0
 10
14.0439
 20
1.15576
 11
14.1963
 21
1.26648
  0
LINE
  8
0
 10
14.1963
 20
1.26648
 11
14.3613
 21
1.35724
  0
LINE
  8
0
 10
14.3613
 20
1.35724
 11
14.5365
 21
1.42657
  0
LINE
  8
0
 10
14.5365
 20
1.42657
 11
14.7189
 21
1.47342
  0
LINE
  8
0
 10
14.7189
 20
1.47342
 11
14.9058
 21
1.49704
  0
LINE
  8
0
 10
14.9058
 20
1.49704
 11
15.0942
 21
1.49704
  0
LINE
  8
0
 10
15.0942
 20
1.49704
 11
15.2811
 21
1.47342
  0
LINE
  8
0
 10
15.2811
 20
1.47342
 11
15.4635
 21
1.42657
  0
LINE
  8
0
 10
15.4635
 20
1.42657
 11
15.6387
 21
1.35724
  0
LINE
  8
0
 10
15.6387
 20
1.35724
 11
15.8037
 21
1.26648
  0
LINE
  8
0
 10
15.8037
 20
1.26648
 11
15.9561
 21
1.15576
  0
LINE
  8
0
 10
15.9561
 20
1.15576
 11
16.0934
 21
1.02681
  0
LINE
  8
0
 10
16.0934
 20
1.02681
 11
16.2135
 21
0.881668
  0
LINE
  8
0
 10
16.2135
 20
0.881668
 11
16.3145
 21
0.722626
  0
LINE
  8
0
 10
16.3145
 20
0.722626
 11
16.3947
 21
0.552185
  0
LINE
  8
0
 10
16.3947
 20
0.552185
 11
16.4529
 21
0.373032
  0
LINE
  8
0
 10
16.4529
 20
0.373032
 11
16.4882
 21
0.187988
  0
LINE
  8
0
 10
16.4882
 20
0.187988
 11
16.5
 21
0
  0
LINE
  8
0
 10
16.5
 20
0
 11
16.4882
 21
-0.187988
  0
LINE
  8
0
 10
16.4882
 20
-0.187988
 11
16.4529
 21
-0.373032
  0
LINE
  8
0
 10
16.4529
 20
-0.373032
 11
16.3947
 21
-0.552185
  0
LINE
  8
0
 10
16.3947
 20
-0.552185
 11
16.3145
 21
-0.722626
  0
LINE
  8
0
 10
16.3145
 20
-0.722626
 11
16.2135
 21
-0.881668
  0
LINE
  8
0
 10
16.2135
 20
-0.881668
 11
16.0934
 21
-1.02681
  0
LINE
  8
0
 10
16.0934
 20
-1.02681
 11
15.9561
 21
-1.15576
  0
LINE
  8
0
 10
15.9561
 20
-1.15576
 11
15.8037
 21
-1.26648
  0
LINE
  8
0
 10
15.8037
 20
-1.26648
 11
15.6387
 21
-1.35724
  0
LINE
  8
0
 10
15.6387
 20
-1.35724
 11
15.4635
 21
-1.42657
  0
LINE
  8
0
 10
15.4635
 20
-1.42657
 11
15.2811
 21
-1.47342
  0
LINE
  8
0
 10
15.2811
 20
-1.47342
 11
15.0942
 21
-1.49704
  0
LINE
  8
0
 10
15.0942
 20
-1.49704
 11
14.9058
 21
-1.49704
  0
LINE
  8
0
 10
89.9058
 20
-1.49704
 11
89.7189
 21
-1.47342
  0
LINE
  8
0
 10
89.7189
 20
-1.47342
 11
89.5365
 21
-1.42657
  0
LINE
  8
0
 10
89.5365
 20
-1.42657
 11
89.3613
 21
-1.35724
  0
LINE
  8
0
 10
89.3613
 20
-1.35724
 11
89.1963
 21
-1.26648
  0
LINE
  8
0
 10
89.1963
 20
-1.26648
 11
89.0439
 21
-1.15576
  0
LINE
  8
0
 10
89.0439
 20
-1.15576
 11
88.9065
 21
-1.02681
  0
LINE
  8
0
 10
88.9065
 20
-1.02681
 11
88.7865
 21
-0.881668
  0
LINE
  8
0
 10
88.7865
 20
-0.881668
 11
88.6855
 21
-0.722626
  0
LINE
  8
0
 10
88.6855
 20
-0.722626
 11
88.6053
 21
-0.552185
  0
LINE
  8
0
 10
88.6053
 20
-0.552185
 11
88.5471
 21
-0.373032
  0
LINE
  8
0
 10
88.5471
 20
-0.373032
 11
88.5118
 21
-0.187988
  0
LINE
  8
0
 10
88.5118
 20
-0.187988
 11
88.5
 21
0
  0
LINE
  8
0
 10
88.5
 20
0
 11
88.5118
 21
0.187988
  0
LINE
  8
0
 10
88.5118
 20
0.187988
 11
88.5471
 21
0.373032
  0
LINE
  8
0
 10
88.5471
 20
0.373032
 11
88.6053
 21
0.552185
  0
LINE
  8
0
 10
88.6053
 20
0.552185
 11
88.6855
 21
0.722626
  0
LINE
  8
0
 10
88.6855
 20
0.722626
 11
88.7865
 21
0.881668
  0
LINE
  8
0
 10
88.7865
 20
0.881668
 11
88.9065
 21
1.02681
  0
LINE
  8
0
 10
88.9065
 20
1.02681
 11
89.0439
 21
1.15576
  0
LINE
  8
0
 10
89.0439
 20
1.15576
 11
89.1963
 21
1.26648
  0
LINE
  8
0
 10
89.1963
 20
1.26648
 11
89.3613
 21
1.35724
  0
LINE
  8
0
 10
89.3613
 20
1.35724
 11
89.5365
 21
1.42657
  0
LINE
  8
0
 10
89.5365
 20
1.42657
 11
89.7189
 21
1.47342
  0
LINE
  8
0
 10
89.7189
 20
1.47342
 11
89.9058
 21
1.49704
  0
LINE
  8
0
 10
89.9058
 20
1.49704
 11
90.0942
 21
1.49704
  0
LINE
  8
0
 10
90.0942
 20
1.49704
 11
90.2811
 21
1.47342
  0
LINE
  8
0
 10
90.2811
 20
1.47342
 11
90.4635
 21
1.42657
  0
LINE
  8
0
 10
90.4635
 20
1.42657
 11
90.6387
 21
1.35724
  0
LINE
  8
0
 10
90.6387
 20
1.35724
 11
90.8037
 21
1.26648
  0
LINE
  8
0
 10
90.8037
 20
1.26648
 11
90.9561
 21
1.15576
  0
LINE
  8
0
 10
90.9561
 20
1.15576
 11
91.0934
 21
1.02681
  0
LINE
  8
0
 10
91.0934
 20
1.02681
 11
91.2135
 21
0.881668
  0
LINE
  8
0
 10
91.2135
 20
0.881668
 11
91.3145
 21
0.722626
  0
LINE
  8
0
 10
91.3145
 20
0.722626
 11
91.3947
 21
0.552185
  0
LINE
  8
0
 10
91.3947
 20
0.552185
 11
91.4529
 21
0.373032
  0
LINE
  8
0
 10
91.4529
 20
0.373032
 11
91.4882
 21
0.187988
  0
LINE
  8
0
 10
91.4882
 20
0.187988
 11
91.5
 21
0
  0
LINE
  8
0
 10
91.5
 20
0
 11
91.4882
 21
-0.187988
  0
LINE
  8
0
 10
91.4882
 20
-0.187988
 11
91.4529
 21
-0.373032
  0
LINE
  8
0
 10
91.4529
 20
-0.373032
 11
91.3947
 21
-0.552185
  0
LINE
  8
0
 10
91.3947
 20
-0.552185
 11
91.3145
 21
-0.722626
  0
LINE
  8
0
 10
91.3145
 20
-0.722626
 11
91.2135
 21
-0.881668
  0
LINE
  8
0
 10
91.2135
 20
-0.881668
 11
91.0934
 21
-1.02681
  0
LINE
  8
0
 10
91.0934
 20
-1.02681
 11
90.9561
 21
-1.15576
  0
LINE
  8
0
 10
90.9561
 20
-1.15576
 11
90.8037
 21
-1.26648
  0
LINE
  8
0
 10
90.8037
 20
-1.26648
 11
90.6387
 21
-1.35724
  0
LINE
  8
0
 10
90.6387
 20
-1.35724
 11
90.4635
 21
-1.42657
  0
LINE
  8
0
 10
90.4635
 20
-1.42657
 11
90.2811
 21
-1.47342
  0
LINE
  8
0
 10
90.2811
 20
-1.47342
 11
90.0942
 21
-1.49704
  0
LINE
  8
0
 10
90.0942
 20
-1.49704
 11
89.9058
 21
-1.49704
  0
LINE
  8
0
 10
-7.59418
 20
-1.49704
 11
-7.78107
 21
-1.47342
  0
LINE
  8
0
 10
-7.78107
 20
-1.47342
 11
-7.96352
 21
-1.42657
  0
LINE
  8
0
 10
-7.96352
 20
-1.42657
 11
-8.13866
 21
-1.35724
  0
LINE
  8
0
 10
-8.13866
 20
-1.35724
 11
-8.30373
 21
-1.26648
  0
LINE
  8
0
 10
-8.30373
 20
-1.26648
 11
-8.45613
 21
-1.15576
  0
LINE
  8
0
 10
-8.45613
 20
-1.15576
 11
-8.59344
 21
-1.02681
  0
LINE
  8
0
 10
-8.59344
 20
-1.02681
 11
-8.71352
 21
-0.881668
  0
LINE
  8
0
 10
-8.71352
 20
-0.881668
 11
-8.81445
 21
-0.722626
  0
LINE
  8
0
 10
-8.81445
 20
-0.722626
 11
-8.89465
 21
-0.552185
  0
LINE
  8
0
 10
-8.89465
 20
-0.552185
 11
-8.95287
 21
-0.373032
  0
LINE
  8
0
 10
-8.95287
 20
-0.373032
 11
-8.98816
 21
-0.187988
  0
LINE
  8
0
 10
-8.98816
 20
-0.187988
 11
-9
 21
0
  0
LINE
  8
0
 10
-9
 20
0
 11
-8.98816
 21
0.187988
  0
LINE
  8
0
 10
-8.98816
 20
0.187988
 11
-8.95287
 21
0.373032
  0
LINE
  8
0
 10
-8.95287
 20
0.373032
 11
-8.89465
 21
0.552185
  0
LINE
  8
0
 10
-8.89465
 20
0.552185
 11
-8.81445
 21
0.722626
  0
LINE
  8
0
 10
-8.81445
 20
0.722626
 11
-8.71352
 21
0.881668
  0
LINE
  8
0
 10
-8.71352
 20
0.881668
 11
-8.59344
 21
1.02681
  0
LINE
  8
0
 10
-8.59344
 20
1.02681
 11
-8.45613
 21
1.15576
  0
LINE
  8
0
 10
-8.45613
 20
1.15576
 11
-8.30373
 21
1.26648
  0
LINE
  8
0
 10
-8.30373
 20
1.26648
 11
-8.13866
 21
1.35724
  0
LINE
  8
0
 10
-8.13866
 20
1.35724
 11
-7.96352
 21
1.42657
  0
LINE
  8
0
 10
-7.96352
 20
1.42657
 11
-7.78107
 21
1.47342
  0
LINE
  8
0
 10
-7.78107
 20
1.47342
 11
-7.59418
 21
1.49704
  0
LINE
  8
0
 10
-7.59418
 20
1.49704
 11
-7.40581
 21
1.49704
  0
LINE
  8
0
 10
-7.40581
 20
1.49704
 11
-7.21892
 21
1.47342
  0
LINE
  8
0
 10
-7.21892
 20
1.47342
 11
-7.03647
 21
1.42657
  0
LINE
  8
0
 10
-7.03647
 20
1.42657
 11
-6.86133
 21
1.35724
  0
LINE
  8
0
 10
-6.86133
 20
1.35724
 11
-6.69626
 21
1.26648
  0
LINE
  8
0
 10
-6.69626
 20
1.26648
 11
-6.54385
 21
1.15576
  0
LINE
  8
0
 10
-6.54385
 20
1.15576
 11
-6.40654
 21
1.02681
  0
LINE
  8
0
 10
-6.40654
 20
1.02681
 11
-6.28647
 21
0.881668
  0
LINE
  8
0
 10
-6.28647
 20
0.881668
 11
-6.18553
 21
0.722626
  0
LINE
  8
0
 10
-6.18553
 20
0.722626
 11
-6.10533
 21
0.552185
  0
LINE
  8
0
 10
-6.10533
 20
0.552185
 11
-6.04712
 21
0.373032
  0
LINE
  8
0
 10
-6.04712
 20
0.373032
 11
-6.01183
 21
0.187988
  0
LINE
  8
0
 10
-6.01183
 20
0.187988
 11
-6
 21
0
  0
LINE
  8
0
 10
-6
 20
0
 11
-6.01183
 21
-0.187988
  0
LINE
  8
0
 10
-6.01183
 20
-0.187988
 11
-6.04712
 21
-0.373032
  0
LINE
  8
0
 10
-6.04712
 20
-0.373032
 11
-6.10533
 21
-0.552185
  0
LINE
  8
0
 10
-6.10533
 20
-0.552185
 11
-6.18553
 21
-0.722626
  0
LINE
  8
0
 10
-6.18553
 20
-0.722626
 11
-6.28647
 21
-0.881668
  0
LINE
  8
0
 10
-6.28647
 20
-0.881668
 11
-6.40654
 21
-1.02681
  0
LINE
  8
0
 10
-6.40654
 20
-1.02681
 11
-6.54385
 21
-1.15576
  0
LINE
  8
0
 10
-6.54385
 20
-1.15576
 11
-6.69626
 21
-1.26648
  0
LINE
  8
0
 10
-6.69626
 20
-1.26648
 11
-6.86133
 21
-1.35724
  0
LINE
  8
0
 10
-6.86133
 20
-1.35724
 11
-7.03647
 21
-1.42657
  0
LINE
  8
0
 10
-7.03647
 20
-1.42657
 11
-7.21892
 21
-1.47342
  0
LINE
  8
0
 10
-7.21892
 20
-1.47342
 11
-7.40581
 21
-1.49704
  0
LINE
  8
0
 10
-7.40581
 20
-1.49704
 11
-7.59418
 21
-1.49704
  0
LINE
  8
0
 10
97.4058
 20
-1.49704
 11
97.2189
 21
-1.47342
  0
LINE
  8
0
 10
97.2189
 20
-1.47342
 11
97.0365
 21
-1.42657
  0
LINE
  8
0
 10
97.0365
 20
-1.42657
 11
96.8613
 21
-1.35724
  0
LINE
  8
0
 10
96.8613
 20
-1.35724
 11
96.6963
 21
-1.26648
  0
LINE
  8
0
 10
96.6963
 20
-1.26648
 11
96.5439
 21
-1.15576
  0
LINE
  8
0
 10
96.5439
 20
-1.15576
 11
96.4065
 21
-1.02681
  0
LINE
  8
0
 10
96.4065
 20
-1.02681
 11
96.2865
 21
-0.881668
  0
LINE
  8
0
 10
96.2865
 20
-0.881668
 11
96.1855
 21
-0.722626
  0
LINE
  8
0
 10
96.1855
 20
-0.722626
 11
96.1053
 21
-0.552185
  0
LINE
  8
0
 10
96.1053
 20
-0.552185
 11
96.0471
 21
-0.373032
  0
LINE
  8
0
 10
96.0471
 20
-0.373032
 11
96.0118
 21
-0.187988
  0
LINE
  8
0
 10
96.0118
 20
-0.187988
 11
96
 21
0
  0
LINE
  8
0
 10
96
 20
0
 11
96.0118
 21
0.187988
  0
LINE
  8
0
 10
96.0118
 20
0.187988
 11
96.0471
 21
0.373032
  0
LINE
  8
0
 10
96.0471
 20
0.373032
 11
96.1053
 21
0.552185
  0
LINE
  8
0
 10
96.1053
 20
0.552185
 11
96.1855
 21
0.722626
  0
LINE
  8
0
 10
96.1855
 20
0.722626
 11
96.2865
 21
0.881668
  0
LINE
  8
0
 10
96.2865
 20
0.881668
 11
96.4065
 21
1.02681
  0
LINE
  8
0
 10
96.4065
 20
1.02681
 11
96.5439
 21
1.15576
  0
LINE
  8
0
 10
96.5439
 20
1.15576
 11
96.6963
 21
1.26648
  0
LINE
  8
0
 10
96.6963
 20
1.26648
 11
96.8613
 21
1.35724
  0
LINE
  8
0
 10
96.8613
 20
1.35724
 11
97.0365
 21
1.42657
  0
LINE
  8
0
 10
97.0365
 20
1.42657
 11
97.2189
 21
1.47342
  0
LINE
  8
0
 10
97.2189
 20
1.47342
 11
97.4058
 21
1.49704
  0
LINE
  8
0
 10
97.4058
 20
1.49704
 11
97.5942
 21
1.49704
  0
LINE
  8
0
 10
97.5942
 20
1.49704
 11
97.7811
 21
1.47342
  0
LINE
  8
0
 10
97.7811
 20
1.47342
 11
97.9635
 21
1.42657
  0
LINE
  8
0
 10
97.9635
 20
1.42657
 11
98.1387
 21
1.35724
  0
LINE
  8
0
 10
98.1387
 20
1.35724
 11
98.3037
 21
1.26648
  0
LINE
  8
0
 10
98.3037
 20
1.26648
 11
98.4561
 21
1.15576
  0
LINE
  8
0
 10
98.4561
 20
1.15576
 11
98.5934
 21
1.02681
  0
LINE
  8
0
 10
98.5934
 20
1.02681
 11
98.7135
 21
0.881668
  0
LINE
  8
0
 10
98.7135
 20
0.881668
 11
98.8145
 21
0.722626
  0
LINE
  8
0
 10
98.8145
 20
0.722626
 11
98.8947
 21
0.552185
  0
LINE
  8
0
 10
98.8947
 20
0.552185
 11
98.9529
 21
0.373032
  0
LINE
  8
0
 10
98.9529
 20
0.373032
 11
98.9882
 21
0.187988
  0
LINE
  8
0
 10
98.9882
 20
0.187988
 11
99
 21
0
  0
LINE
  8
0
 10
99
 20
0
 11
98.9882
 21
-0.187988
  0
LINE
  8
0
 10
98.9882
 20
-0.187988
 11
98.9529
 21
-0.373032
  0
LINE
  8
0
 10
98.9529
 20
-0.373032
 11
98.8947
 21
-0.552185
  0
LINE
  8
0
 10
98.8947
 20
-0.552185
 11
98.8145
 21
-0.722626
  0
LINE
  8
0
 10
98.8145
 20
-0.722626
 11
98.7135
 21
-0.881668
  0
LINE
  8
0
 10
98.7135
 20
-0.881668
 11
98.5934
 21
-1.02681
  0
LINE
  8
0
 10
98.5934
 20
-1.02681
 11
98.4561
 21
-1.15576
  0
LINE
  8
0
 10
98.4561
 20
-1.15576
 11
98.3037
 21
-1.26648
  0
LINE
  8
0
 10
98.3037
 20
-1.26648
 11
98.1387
 21
-1.35724
  0
LINE
  8
0
 10
98.1387
 20
-1.35724
 11
97.9635
 21
-1.42657
  0
LINE
  8
0
 10
97.9635
 20
-1.42657
 11
97.7811
 21
-1.47342
  0
LINE
  8
0
 10
97.7811
 20
-1.47342
 11
97.5942
 21
-1.49704
  0
LINE
  8
0
 10
97.5942
 20
-1.49704
 11
97.4058
 21
-1.49704
  0
LINE
  8
0
 10
59.9058
 20
-1.49704
 11
59.7189
 21
-1.47342
  0
LINE
  8
0
 10
59.7189
 20
-1.47342
 11
59.5365
 21
-1.42657
  0
LINE
  8
0
 10
59.5365
 20
-1.42657
 11
59.3613
 21
-1.35724
  0
LINE
  8
0
 10
59.3613
 20
-1.35724
 11
59.1963
 21
-1.26648
  0
LINE
  8
0
 10
59.1963
 20
-1.26648
 11
59.0439
 21
-1.15576
  0
LINE
  8
0
 10
59.0439
 20
-1.15576
 11
58.9065
 21
-1.02681
  0
LINE
  8
0
 10
58.9065
 20
-1.02681
 11
58.7865
 21
-0.881668
  0
LINE
  8
0
 10
58.7865
 20
-0.881668
 11
58.6855
 21
-0.722626
  0
LINE
  8
0
 10
58.6855
 20
-0.722626
 11
58.6053
 21
-0.552185
  0
LINE
  8
0
 10
58.6053
 20
-0.552185
 11
58.5471
 21
-0.373032
  0
LINE
  8
0
 10
58.5471
 20
-0.373032
 11
58.5118
 21
-0.187988
  0
LINE
  8
0
 10
58.5118
 20
-0.187988
 11
58.5
 21
0
  0
LINE
  8
0
 10
58.5
 20
0
 11
58.5118
 21
0.187988
  0
LINE
  8
0
 10
58.5118
 20
0.187988
 11
58.5471
 21
0.373032
  0
LINE
  8
0
 10
58.5471
 20
0.373032
 11
58.6053
 21
0.552185
  0
LINE
  8
0
 10
58.6053
 20
0.552185
 11
58.6855
 21
0.722626
  0
LINE
  8
0
 10
58.6855
 20
0.722626
 11
58.7865
 21
0.881668
  0
LINE
  8
0
 10
58.7865
 20
0.881668
 11
58.9065
 21
1.02681
  0
LINE
  8
0
 10
58.9065
 20
1.02681
 11
59.0439
 21
1.15576
  0
LINE
  8
0
 10
59.0439
 20
1.15576
 11
59.1963
 21
1.26648
  0
LINE
  8
0
 10
59.1963
 20
1.26648
 11
59.3613
 21
1.35724
  0
LINE
  8
0
 10
59.3613
 20
1.35724
 11
59.5365
 21
1.42657
  0
LINE
  8
0
 10
59.5365
 20
1.42657
 11
59.7189
 21
1.47342
  0
LINE
  8
0
 10
59.7189
 20
1.47342
 11
59.9058
 21
1.49704
  0
LINE
  8
0
 10
59.9058
 20
1.49704
 11
60.0942
 21
1.49704
  0
LINE
  8
0
 10
60.0942
 20
1.49704
 11
60.2811
 21
1.47342
  0
LINE
  8
0
 10
60.2811
 20
1.47342
 11
60.4635
 21
1.42657
  0
LINE
  8
0
 10
60.4635
 20
1.42657
 11
60.6387
 21
1.35724
  0
LINE
  8
0
 10
60.6387
 20
1.35724
 11
60.8037
 21
1.26648
  0
LINE
  8
0
 10
60.8037
 20
1.26648
 11
60.9561
 21
1.15576
  0
LINE
  8
0
 10
60.9561
 20
1.15576
 11
61.0934
 21
1.02681
  0
LINE
  8
0
 10
61.0934
 20
1.02681
 11
61.2135
 21
0.881668
  0
LINE
  8
0
 10
61.2135
 20
0.881668
 11
61.3145
 21
0.722626
  0
LINE
  8
0
 10
61.3145
 20
0.722626
 11
61.3947
 21
0.552185
  0
LINE
  8
0
 10
61.3947
 20
0.552185
 11
61.4529
 21
0.373032
  0
LINE
  8
0
 10
61.4529
 20
0.373032
 11
61.4882
 21
0.187988
  0
LINE
  8
0
 10
61.4882
 20
0.187988
 11
61.5
 21
0
  0
LINE
  8
0
 10
61.5
 20
0
 11
61.4882
 21
-0.187988
  0
LINE
  8
0
 10
61.4882
 20
-0.187988
 11
61.4529
 21
-0.373032
  0
LINE
  8
0
 10
61.4529
 20
-0.373032
 11
61.3947
 21
-0.552185
  0
LINE
  8
0
 10
61.3947
 20
-0.552185
 11
61.3145
 21
-0.722626
  0
LINE
  8
0
 10
61.3145
 20
-0.722626
 11
61.2135
 21
-0.881668
  0
LINE
  8
0
 10
61.2135
 20
-0.881668
 11
61.0934
 21
-1.02681
  0
LINE
  8
0
 10
61.0934
 20
-1.02681
 11
60.9561
 21
-1.15576
  0
LINE
  8
0
 10
60.9561
 20
-1.15576
 11
60.8037
 21
-1.26648
  0
LINE
  8
0
 10
60.8037
 20
-1.26648
 11
60.6387
 21
-1.35724
  0
LINE
  8
0
 10
60.6387
 20
-1.35724
 11
60.4635
 21
-1.42657
  0
LINE
  8
0
 10
60.4635
 20
-1.42657
 11
60.2811
 21
-1.47342
  0
LINE
  8
0
 10
60.2811
 20
-1.47342
 11
60.0942
 21
-1.49704
  0
LINE
  8
0
 10
60.0942
 20
-1.49704
 11
59.9058
 21
-1.49704
  0
LINE
  8
0
 10
149.906
 20
-1.49704
 11
149.719
 21
-1.47342
  0
LINE
  8
0
 10
149.719
 20
-1.47342
 11
149.536
 21
-1.42657
  0
LINE
  8
0
 10
149.536
 20
-1.42657
 11
149.361
 21
-1.35724
  0
LINE
  8
0
 10
149.361
 20
-1.35724
 11
149.196
 21
-1.26648
  0
LINE
  8
0
 10
149.196
 20
-1.26648
 11
149.044
 21
-1.15576
  0
LINE
  8
0
 10
149.044
 20
-1.15576
 11
148.907
 21
-1.02681
  0
LINE
  8
0
 10
148.907
 20
-1.02681
 11
148.786
 21
-0.881668
  0
LINE
  8
0
 10
148.786
 20
-0.881668
 11
148.686
 21
-0.722626
  0
LINE
  8
0
 10
148.686
 20
-0.722626
 11
148.605
 21
-0.552185
  0
LINE
  8
0
 10
148.605
 20
-0.552185
 11
148.547
 21
-0.373032
  0
LINE
  8
0
 10
148.547
 20
-0.373032
 11
148.512
 21
-0.187988
  0
LINE
  8
0
 10
148.512
 20
-0.187988
 11
148.5
 21
0
  0
LINE
  8
0
 10
148.5
 20
0
 11
148.512
 21
0.187988
  0
LINE
  8
0
 10
148.512
 20
0.187988
 11
148.547
 21
0.373032
  0
LINE
  8
0
 10
148.547
 20
0.373032
 11
148.605
 21
0.552185
  0
LINE
  8
0
 10
148.605
 20
0.552185
 11
148.686
 21
0.722626
  0
LINE
  8
0
 10
148.686
 20
0.722626
 11
148.786
 21
0.881668
  0
LINE
  8
0
 10
148.786
 20
0.881668
 11
148.907
 21
1.02681
  0
LINE
  8
0
 10
148.907
 20
1.02681
 11
149.044
 21
1.15576
  0
LINE
  8
0
 10
149.044
 20
1.15576
 11
149.196
 21
1.26648
  0
LINE
  8
0
 10
149.196
 20
1.26648
 11
149.361
 21
1.35724
  0
LINE
  8
0
 10
149.361
 20
1.35724
 11
149.536
 21
1.42657
  0
LINE
  8
0
 10
149.536
 20
1.42657
 11
149.719
 21
1.47342
  0
LINE
  8
0
 10
149.719
 20
1.47342
 11
149.906
 21
1.49704
  0
LINE
  8
0
 10
149.906
 20
1.49704
 11
150.094
 21
1.49704
  0
LINE
  8
0
 10
150.094
 20
1.49704
 11
150.281
 21
1.47342
  0
LINE
  8
0
 10
150.281
 20
1.47342
 11
150.464
 21
1.42657
  0
LINE
  8
0
 10
150.464
 20
1.42657
 11
150.639
 21
1.35724
  0
LINE
  8
0
 10
150.639
 20
1.35724
 11
150.804
 21
1.26648
  0
LINE
  8
0
 10
150.804
 20
1.26648
 11
150.956
 21
1.15576
  0
LINE
  8
0
 10
150.956
 20
1.15576
 11
151.093
 21
1.02681
  0
LINE
  8
0
 10
151.093
 20
1.02681
 11
151.214
 21
0.881668
  0
LINE
  8
0
 10
151.214
 20
0.881668
 11
151.314
 21
0.722626
  0
LINE
  8
0
 10
151.314
 20
0.722626
 11
151.395
 21
0.552185
  0
LINE
  8
0
 10
151.395
 20
0.552185
 11
151.453
 21
0.373032
  0
LINE
  8
0
 10
151.453
 20
0.373032
 11
151.488
 21
0.187988
  0
LINE
  8
0
 10
151.488
 20
0.187988
 11
151.5
 21
0
  0
LINE
  8
0
 10
151.5
 20
0
 11
151.488
 21
-0.187988
  0
LINE
  8
0
 10
151.488
 20
-0.187988
 11
151.453
 21
-0.373032
  0
LINE
  8
0
 10
151.453
 20
-0.373032
 11
151.395
 21
-0.552185
  0
LINE
  8
0
 10
151.395
 20
-0.552185
 11
151.314
 21
-0.722626
  0
LINE
  8
0
 10
151.314
 20
-0.722626
 11
151.214
 21
-0.881668
  0
LINE
  8
0
 10
151.214
 20
-0.881668
 11
151.093
 21
-1.02681
  0
LINE
  8
0
 10
151.093
 20
-1.02681
 11
150.956
 21
-1.15576
  0
LINE
  8
0
 10
150.956
 20
-1.15576
 11
150.804
 21
-1.26648
  0
LINE
  8
0
 10
150.804
 20
-1.26648
 11
150.639
 21
-1.35724
  0
LINE
  8
0
 10
150.639
 20
-1.35724
 11
150.464
 21
-1.42657
  0
LINE
  8
0
 10
150.464
 20
-1.42657
 11
150.281
 21
-1.47342
  0
LINE
  8
0
 10
150.281
 20
-1.47342
 11
150.094
 21
-1.49704
  0
LINE
  8
0
 10
150.094
 20
-1.49704
 11
149.906
 21
-1.49704
  0
LINE
  8
0
 10
82.4058
 20
-1.49704
 11
82.2189
 21
-1.47342
  0
LINE
  8
0
 10
82.2189
 20
-1.47342
 11
82.0365
 21
-1.42657
  0
LINE
  8
0
 10
82.0365
 20
-1.42657
 11
81.8613
 21
-1.35724
  0
LINE
  8
0
 10
81.8613
 20
-1.35724
 11
81.6963
 21
-1.26648
  0
LINE
  8
0
 10
81.6963
 20
-1.26648
 11
81.5439
 21
-1.15576
  0
LINE
  8
0
 10
81.5439
 20
-1.15576
 11
81.4065
 21
-1.02681
  0
LINE
  8
0
 10
81.4065
 20
-1.02681
 11
81.2865
 21
-0.881668
  0
LINE
  8
0
 10
81.2865
 20
-0.881668
 11
81.1855
 21
-0.722626
  0
LINE
  8
0
 10
81.1855
 20
-0.722626
 11
81.1053
 21
-0.552185
  0
LINE
  8
0
 10
81.1053
 20
-0.552185
 11
81.0471
 21
-0.373032
  0
LINE
  8
0
 10
81.0471
 20
-0.373032
 11
81.0118
 21
-0.187988
  0
LINE
  8
0
 10
81.0118
 20
-0.187988
 11
81
 21
0
  0
LINE
  8
0
 10
81
 20
0
 11
81.0118
 21
0.187988
  0
LINE
  8
0
 10
81.0118
 20
0.187988
 11
81.0471
 21
0.373032
  0
LINE
  8
0
 10
81.0471
 20
0.373032
 11
81.1053
 21
0.552185
  0
LINE
  8
0
 10
81.1053
 20
0.552185
 11
81.1855
 21
0.722626
  0
LINE
  8
0
 10
81.1855
 20
0.722626
 11
81.2865
 21
0.881668
  0
LINE
  8
0
 10
81.2865
 20
0.881668
 11
81.4065
 21
1.02681
  0
LINE
  8
0
 10
81.4065
 20
1.02681
 11
81.5439
 21
1.15576
  0
LINE
  8
0
 10
81.5439
 20
1.15576
 11
81.6963
 21
1.26648
  0
LINE
  8
0
 10
81.6963
 20
1.26648
 11
81.8613
 21
1.35724
  0
LINE
  8
0
 10
81.8613
 20
1.35724
 11
82.0365
 21
1.42657
  0
LINE
  8
0
 10
82.0365
 20
1.42657
 11
82.2189
 21
1.47342
  0
LINE
  8
0
 10
82.2189
 20
1.47342
 11
82.4058
 21
1.49704
  0
LINE
  8
0
 10
82.4058
 20
1.49704
 11
82.5942
 21
1.49704
  0
LINE
  8
0
 10
82.5942
 20
1.49704
 11
82.7811
 21
1.47342
  0
LINE
  8
0
 10
82.7811
 20
1.47342
 11
82.9635
 21
1.42657
  0
LINE
  8
0
 10
82.9635
 20
1.42657
 11
83.1387
 21
1.35724
  0
LINE
  8
0
 10
83.1387
 20
1.35724
 11
83.3037
 21
1.26648
  0
LINE
  8
0
 10
83.3037
 20
1.26648
 11
83.4561
 21
1.15576
  0
LINE
  8
0
 10
83.4561
 20
1.15576
 11
83.5934
 21
1.02681
  0
LINE
  8
0
 10
83.5934
 20
1.02681
 11
83.7135
 21
0.881668
  0
LINE
  8
0
 10
83.7135
 20
0.881668
 11
83.8145
 21
0.722626
  0
LINE
  8
0
 10
83.8145
 20
0.722626
 11
83.8947
 21
0.552185
  0
LINE
  8
0
 10
83.8947
 20
0.552185
 11
83.9529
 21
0.373032
  0
LINE
  8
0
 10
83.9529
 20
0.373032
 11
83.9882
 21
0.187988
  0
LINE
  8
0
 10
83.9882
 20
0.187988
 11
84
 21
0
  0
LINE
  8
0
 10
84
 20
0
 11
83.9882
 21
-0.187988
  0
LINE
  8
0
 10
83.9882
 20
-0.187988
 11
83.9529
 21
-0.373032
  0
LINE
  8
0
 10
83.9529
 20
-0.373032
 11
83.8947
 21
-0.552185
  0
LINE
  8
0
 10
83.8947
 20
-0.552185
 11
83.8145
 21
-0.722626
  0
LINE
  8
0
 10
83.8145
 20
-0.722626
 11
83.7135
 21
-0.881668
  0
LINE
  8
0
 10
83.7135
 20
-0.881668
 11
83.5934
 21
-1.02681
  0
LINE
  8
0
 10
83.5934
 20
-1.02681
 11
83.4561
 21
-1.15576
  0
LINE
  8
0
 10
83.4561
 20
-1.15576
 11
83.3037
 21
-1.26648
  0
LINE
  8
0
 10
83.3037
 20
-1.26648
 11
83.1387
 21
-1.35724
  0
LINE
  8
0
 10
83.1387
 20
-1.35724
 11
82.9635
 21
-1.42657
  0
LINE
  8
0
 10
82.9635
 20
-1.42657
 11
82.7811
 21
-1.47342
  0
LINE
  8
0
 10
82.7811
 20
-1.47342
 11
82.5942
 21
-1.49704
  0
LINE
  8
0
 10
82.5942
 20
-1.49704
 11
82.4058
 21
-1.49704
  0
LINE
  8
0
 10
112.406
 20
-1.49704
 11
112.219
 21
-1.47342
  0
LINE
  8
0
 10
112.219
 20
-1.47342
 11
112.036
 21
-1.42657
  0
LINE
  8
0
 10
112.036
 20
-1.42657
 11
111.861
 21
-1.35724
  0
LINE
  8
0
 10
111.861
 20
-1.35724
 11
111.696
 21
-1.26648
  0
LINE
  8
0
 10
111.696
 20
-1.26648
 11
111.544
 21
-1.15576
  0
LINE
  8
0
 10
111.544
 20
-1.15576
 11
111.407
 21
-1.02681
  0
LINE
  8
0
 10
111.407
 20
-1.02681
 11
111.286
 21
-0.881668
  0
LINE
  8
0
 10
111.286
 20
-0.881668
 11
111.186
 21
-0.722626
  0
LINE
  8
0
 10
111.186
 20
-0.722626
 11
111.105
 21
-0.552185
  0
LINE
  8
0
 10
111.105
 20
-0.552185
 11
111.047
 21
-0.373032
  0
LINE
  8
0
 10
111.047
 20
-0.373032
 11
111.012
 21
-0.187988
  0
LINE
  8
0
 10
111.012
 20
-0.187988
 11
111
 21
0
  0
LINE
  8
0
 10
111
 20
0
 11
111.012
 21
0.187988
  0
LINE
  8
0
 10
111.012
 20
0.187988
 11
111.047
 21
0.373032
  0
LINE
  8
0
 10
111.047
 20
0.373032
 11
111.105
 21
0.552185
  0
LINE
  8
0
 10
111.105
 20
0.552185
 11
111.186
 21
0.722626
  0
LINE
  8
0
 10
111.186
 20
0.722626
 11
111.286
 21
0.881668
  0
LINE
  8
0
 10
111.286
 20
0.881668
 11
111.407
 21
1.02681
  0
LINE
  8
0
 10
111.407
 20
1.02681
 11
111.544
 21
1.15576
  0
LINE
  8
0
 10
111.544
 20
1.15576
 11
111.696
 21
1.26648
  0
LINE
  8
0
 10
111.696
 20
1.26648
 11
111.861
 21
1.35724
  0
LINE
  8
0
 10
111.861
 20
1.35724
 11
112.036
 21
1.42657
  0
LINE
  8
0
 10
112.036
 20
1.42657
 11
112.219
 21
1.47342
  0
LINE
  8
0
 10
112.219
 20
1.47342
 11
112.406
 21
1.49704
  0
LINE
  8
0
 10
112.406
 20
1.49704
 11
112.594
 21
1.49704
  0
LINE
  8
0
 10
112.594
 20
1.49704
 11
112.781
 21
1.47342
  0
LINE
  8
0
 10
112.781
 20
1.47342
 11
112.964
 21
1.42657
  0
LINE
  8
0
 10
112.964
 20
1.42657
 11
113.139
 21
1.35724
  0
LINE
  8
0
 10
113.139
 20
1.35724
 11
113.304
 21
1.26648
  0
LINE
  8
0
 10
113.304
 20
1.26648
 11
113.456
 21
1.15576
  0
LINE
  8
0
 10
113.456
 20
1.15576
 11
113.593
 21
1.02681
  0
LINE
  8
0
 10
113.593
 20
1.02681
 11
113.714
 21
0.881668
  0
LINE
  8
0
 10
113.714
 20
0.881668
 11
113.814
 21
0.722626
  0
LINE
  8
0
 10
113.814
 20
0.722626
 11
113.895
 21
0.552185
  0
LINE
  8
0
 10
113.895
 20
0.552185
 11
113.953
 21
0.373032
  0
LINE
  8
0
 10
113.953
 20
0.373032
 11
113.988
 21
0.187988
  0
LINE
  8
0
 10
113.988
 20
0.187988
 11
114
 21
0
  0
LINE
  8
0
 10
114
 20
0
 11
113.988
 21
-0.187988
  0
LINE
  8
0
 10
113.988
 20
-0.187988
 11
113.953
 21
-0.373032
  0
LINE
  8
0
 10
113.953
 20
-0.373032
 11
113.895
 21
-0.552185
  0
LINE
  8
0
 10
113.895
 20
-0.552185
 11
113.814
 21
-0.722626
  0
LINE
  8
0
 10
113.814
 20
-0.722626
 11
113.714
 21
-0.881668
  0
LINE
  8
0
 10
113.714
 20
-0.881668
 11
113.593
 21
-1.02681
  0
LINE
  8
0
 10
113.593
 20
-1.02681
 11
113.456
 21
-1.15576
  0
LINE
  8
0
 10
113.456
 20
-1.15576
 11
113.304
 21
-1.26648
  0
LINE
  8
0
 10
113.304
 20
-1.26648
 11
113.139
 21
-1.35724
  0
LINE
  8
0
 10
113.139
 20
-1.35724
 11
112.964
 21
-1.42657
  0
LINE
  8
0
 10
112.964
 20
-1.42657
 11
112.781
 21
-1.47342
  0
LINE
  8
0
 10
112.781
 20
-1.47342
 11
112.594
 21
-1.49704
  0
LINE
  8
0
 10
112.594
 20
-1.49704
 11
112.406
 21
-1.49704
  0
LINE
  8
0
 10
119.906
 20
-1.49704
 11
119.719
 21
-1.47342
  0
LINE
  8
0
 10
119.719
 20
-1.47342
 11
119.536
 21
-1.42657
  0
LINE
  8
0
 10
119.536
 20
-1.42657
 11
119.361
 21
-1.35724
  0
LINE
  8
0
 10
119.361
 20
-1.35724
 11
119.196
 21
-1.26648
  0
LINE
  8
0
 10
119.196
 20
-1.26648
 11
119.044
 21
-1.15576
  0
LINE
  8
0
 10
119.044
 20
-1.15576
 11
118.907
 21
-1.02681
  0
LINE
  8
0
 10
118.907
 20
-1.02681
 11
118.786
 21
-0.881668
  0
LINE
  8
0
 10
118.786
 20
-0.881668
 11
118.686
 21
-0.722626
  0
LINE
  8
0
 10
118.686
 20
-0.722626
 11
118.605
 21
-0.552185
  0
LINE
  8
0
 10
118.605
 20
-0.552185
 11
118.547
 21
-0.373032
  0
LINE
  8
0
 10
118.547
 20
-0.373032
 11
118.512
 21
-0.187988
  0
LINE
  8
0
 10
118.512
 20
-0.187988
 11
118.5
 21
0
  0
LINE
  8
0
 10
118.5
 20
0
 11
118.512
 21
0.187988
  0
LINE
  8
0
 10
118.512
 20
0.187988
 11
118.547
 21
0.373032
  0
LINE
  8
0
 10
118.547
 20
0.373032
 11
118.605
 21
0.552185
  0
LINE
  8
0
 10
118.605
 20
0.552185
 11
118.686
 21
0.722626
  0
LINE
  8
0
 10
118.686
 20
0.722626
 11
118.786
 21
0.881668
  0
LINE
  8
0
 10
118.786
 20
0.881668
 11
118.907
 21
1.02681
  0
LINE
  8
0
 10
118.907
 20
1.02681
 11
119.044
 21
1.15576
  0
LINE
  8
0
 10
119.044
 20
1.15576
 11
119.196
 21
1.26648
  0
LINE
  8
0
 10
119.196
 20
1.26648
 11
119.361
 21
1.35724
  0
LINE
  8
0
 10
119.361
 20
1.35724
 11
119.536
 21
1.42657
  0
LINE
  8
0
 10
119.536
 20
1.42657
 11
119.719
 21
1.47342
  0
LINE
  8
0
 10
119.719
 20
1.47342
 11
119.906
 21
1.49704
  0
LINE
  8
0
 10
119.906
 20
1.49704
 11
120.094
 21
1.49704
  0
LINE
  8
0
 10
120.094
 20
1.49704
 11
120.281
 21
1.47342
  0
LINE
  8
0
 10
120.281
 20
1.47342
 11
120.464
 21
1.42657
  0
LINE
  8
0
 10
120.464
 20
1.42657
 11
120.639
 21
1.35724
  0
LINE
  8
0
 10
120.639
 20
1.35724
 11
120.804
 21
1.26648
  0
LINE
  8
0
 10
120.804
 20
1.26648
 11
120.956
 21
1.15576
  0
LINE
  8
0
 10
120.956
 20
1.15576
 11
121.093
 21
1.02681
  0
LINE
  8
0
 10
121.093
 20
1.02681
 11
121.214
 21
0.881668
  0
LINE
  8
0
 10
121.214
 20
0.881668
 11
121.314
 21
0.722626
  0
LINE
  8
0
 10
121.314
 20
0.722626
 11
121.395
 21
0.552185
  0
LINE
  8
0
 10
121.395
 20
0.552185
 11
121.453
 21
0.373032
  0
LINE
  8
0
 10
121.453
 20
0.373032
 11
121.488
 21
0.187988
  0
LINE
  8
0
 10
121.488
 20
0.187988
 11
121.5
 21
0
  0
LINE
  8
0
 10
121.5
 20
0
 11
121.488
 21
-0.187988
  0
LINE
  8
0
 10
121.488
 20
-0.187988
 11
121.453
 21
-0.373032
  0
LINE
  8
0
 10
121.453
 20
-0.373032
 11
121.395
 21
-0.552185
  0
LINE
  8
0
 10
121.395
 20
-0.552185
 11
121.314
 21
-0.722626
  0
LINE
  8
0
 10
121.314
 20
-0.722626
 11
121.214
 21
-0.881668
  0
LINE
  8
0
 10
121.214
 20
-0.881668
 11
121.093
 21
-1.02681
  0
LINE
  8
0
 10
121.093
 20
-1.02681
 11
120.956
 21
-1.15576
  0
LINE
  8
0
 10
120.956
 20
-1.15576
 11
120.804
 21
-1.26648
  0
LINE
  8
0
 10
120.804
 20
-1.26648
 11
120.639
 21
-1.35724
  0
LINE
  8
0
 10
120.639
 20
-1.35724
 11
120.464
 21
-1.42657
  0
LINE
  8
0
 10
120.464
 20
-1.42657
 11
120.281
 21
-1.47342
  0
LINE
  8
0
 10
120.281
 20
-1.47342
 11
120.094
 21
-1.49704
  0
LINE
  8
0
 10
120.094
 20
-1.49704
 11
119.906
 21
-1.49704
  0
LINE
  8
0
 10
67.4058
 20
-1.49704
 11
67.2189
 21
-1.47342
  0
LINE
  8
0
 10
67.2189
 20
-1.47342
 11
67.0365
 21
-1.42657
  0
LINE
  8
0
 10
67.0365
 20
-1.42657
 11
66.8613
 21
-1.35724
  0
LINE
  8
0
 10
66.8613
 20
-1.35724
 11
66.6963
 21
-1.26648
  0
LINE
  8
0
 10
66.6963
 20
-1.26648
 11
66.5439
 21
-1.15576
  0
LINE
  8
0
 10
66.5439
 20
-1.15576
 11
66.4065
 21
-1.02681
  0
LINE
  8
0
 10
66.4065
 20
-1.02681
 11
66.2865
 21
-0.881668
  0
LINE
  8
0
 10
66.2865
 20
-0.881668
 11
66.1855
 21
-0.722626
  0
LINE
  8
0
 10
66.1855
 20
-0.722626
 11
66.1053
 21
-0.552185
  0
LINE
  8
0
 10
66.1053
 20
-0.552185
 11
66.0471
 21
-0.373032
  0
LINE
  8
0
 10
66.0471
 20
-0.373032
 11
66.0118
 21
-0.187988
  0
LINE
  8
0
 10
66.0118
 20
-0.187988
 11
66
 21
0
  0
LINE
  8
0
 10
66
 20
0
 11
66.0118
 21
0.187988
  0
LINE
  8
0
 10
66.0118
 20
0.187988
 11
66.0471
 21
0.373032
  0
LINE
  8
0
 10
66.0471
 20
0.373032
 11
66.1053
 21
0.552185
  0
LINE
  8
0
 10
66.1053
 20
0.552185
 11
66.1855
 21
0.722626
  0
LINE
  8
0
 10
66.1855
 20
0.722626
 11
66.2865
 21
0.881668
  0
LINE
  8
0
 10
66.2865
 20
0.881668
 11
66.4065
 21
1.02681
  0
LINE
  8
0
 10
66.4065
 20
1.02681
 11
66.5439
 21
1.15576
  0
LINE
  8
0
 10
66.5439
 20
1.15576
 11
66.6963
 21
1.26648
  0
LINE
  8
0
 10
66.6963
 20
1.26648
 11
66.8613
 21
1.35724
  0
LINE
  8
0
 10
66.8613
 20
1.35724
 11
67.0365
 21
1.42657
  0
LINE
  8
0
 10
67.0365
 20
1.42657
 11
67.2189
 21
1.47342
  0
LINE
  8
0
 10
67.2189
 20
1.47342
 11
67.4058
 21
1.49704
  0
LINE
  8
0
 10
67.4058
 20
1.49704
 11
67.5942
 21
1.49704
  0
LINE
  8
0
 10
67.5942
 20
1.49704
 11
67.7811
 21
1.47342
  0
LINE
  8
0
 10
67.7811
 20
1.47342
 11
67.9635
 21
1.42657
  0
LINE
  8
0
 10
67.9635
 20
1.42657
 11
68.1387
 21
1.35724
  0
LINE
  8
0
 10
68.1387
 20
1.35724
 11
68.3037
 21
1.26648
  0
LINE
  8
0
 10
68.3037
 20
1.26648
 11
68.4561
 21
1.15576
  0
LINE
  8
0
 10
68.4561
 20
1.15576
 11
68.5934
 21
1.02681
  0
LINE
  8
0
 10
68.5934
 20
1.02681
 11
68.7135
 21
0.881668
  0
LINE
  8
0
 10
68.7135
 20
0.881668
 11
68.8145
 21
0.722626
  0
LINE
  8
0
 10
68.8145
 20
0.722626
 11
68.8947
 21
0.552185
  0
LINE
  8
0
 10
68.8947
 20
0.552185
 11
68.9529
 21
0.373032
  0
LINE
  8
0
 10
68.9529
 20
0.373032
 11
68.9882
 21
0.187988
  0
LINE
  8
0
 10
68.9882
 20
0.187988
 11
69
 21
0
  0
LINE
  8
0
 10
69
 20
0
 11
68.9882
 21
-0.187988
  0
LINE
  8
0
 10
68.9882
 20
-0.187988
 11
68.9529
 21
-0.373032
  0
LINE
  8
0
 10
68.9529
 20
-0.373032
 11
68.8947
 21
-0.552185
  0
LINE
  8
0
 10
68.8947
 20
-0.552185
 11
68.8145
 21
-0.722626
  0
LINE
  8
0
 10
68.8145
 20
-0.722626
 11
68.7135
 21
-0.881668
  0
LINE
  8
0
 10
68.7135
 20
-0.881668
 11
68.5934
 21
-1.02681
  0
LINE
  8
0
 10
68.5934
 20
-1.02681
 11
68.4561
 21
-1.15576
  0
LINE
  8
0
 10
68.4561
 20
-1.15576
 11
68.3037
 21
-1.26648
  0
LINE
  8
0
 10
68.3037
 20
-1.26648
 11
68.1387
 21
-1.35724
  0
LINE
  8
0
 10
68.1387
 20
-1.35724
 11
67.9635
 21
-1.42657
  0
LINE
  8
0
 10
67.9635
 20
-1.42657
 11
67.7811
 21
-1.47342
  0
LINE
  8
0
 10
67.7811
 20
-1.47342
 11
67.5942
 21
-1.49704
  0
LINE
  8
0
 10
67.5942
 20
-1.49704
 11
67.4058
 21
-1.49704
  0
LINE
  8
0
 10
127.406
 20
-1.49704
 11
127.219
 21
-1.47342
  0
LINE
  8
0
 10
127.219
 20
-1.47342
 11
127.036
 21
-1.42657
  0
LINE
  8
0
 10
127.036
 20
-1.42657
 11
126.861
 21
-1.35724
  0
LINE
  8
0
 10
126.861
 20
-1.35724
 11
126.696
 21
-1.26648
  0
LINE
  8
0
 10
126.696
 20
-1.26648
 11
126.544
 21
-1.15576
  0
LINE
  8
0
 10
126.544
 20
-1.15576
 11
126.407
 21
-1.02681
  0
LINE
  8
0
 10
126.407
 20
-1.02681
 11
126.286
 21
-0.881668
  0
LINE
  8
0
 10
126.286
 20
-0.881668
 11
126.186
 21
-0.722626
  0
LINE
  8
0
 10
126.186
 20
-0.722626
 11
126.105
 21
-0.552185
  0
LINE
  8
0
 10
126.105
 20
-0.552185
 11
126.047
 21
-0.373032
  0
LINE
  8
0
 10
126.047
 20
-0.373032
 11
126.012
 21
-0.187988
  0
LINE
  8
0
 10
126.012
 20
-0.187988
 11
126
 21
0
  0
LINE
  8
0
 10
126
 20
0
 11
126.012
 21
0.187988
  0
LINE
  8
0
 10
126.012
 20
0.187988
 11
126.047
 21
0.373032
  0
LINE
  8
0
 10
126.047
 20
0.373032
 11
126.105
 21
0.552185
  0
LINE
  8
0
 10
126.105
 20
0.552185
 11
126.186
 21
0.722626
  0
LINE
  8
0
 10
126.186
 20
0.722626
 11
126.286
 21
0.881668
  0
LINE
  8
0
 10
126.286
 20
0.881668
 11
126.407
 21
1.02681
  0
LINE
  8
0
 10
126.407
 20
1.02681
 11
126.544
 21
1.15576
  0
LINE
  8
0
 10
126.544
 20
1.15576
 11
126.696
 21
1.26648
  0
LINE
  8
0
 10
126.696
 20
1.26648
 11
126.861
 21
1.35724
  0
LINE
  8
0
 10
126.861
 20
1.35724
 11
127.036
 21
1.42657
  0
LINE
  8
0
 10
127.036
 20
1.42657
 11
127.219
 21
1.47342
  0
LINE
  8
0
 10
127.219
 20
1.47342
 11
127.406
 21
1.49704
  0
LINE
  8
0
 10
127.406
 20
1.49704
 11
127.594
 21
1.49704
  0
LINE
  8
0
 10
127.594
 20
1.49704
 11
127.781
 21
1.47342
  0
LINE
  8
0
 10
127.781
 20
1.47342
 11
127.964
 21
1.42657
  0
LINE
  8
0
 10
127.964
 20
1.42657
 11
128.139
 21
1.35724
  0
LINE
  8
0
 10
128.139
 20
1.35724
 11
128.304
 21
1.26648
  0
LINE
  8
0
 10
128.304
 20
1.26648
 11
128.456
 21
1.15576
  0
LINE
  8
0
 10
128.456
 20
1.15576
 11
128.593
 21
1.02681
  0
LINE
  8
0
 10
128.593
 20
1.02681
 11
128.714
 21
0.881668
  0
LINE
  8
0
 10
128.714
 20
0.881668
 11
128.814
 21
0.722626
  0
LINE
  8
0
 10
128.814
 20
0.722626
 11
128.895
 21
0.552185
  0
LINE
  8
0
 10
128.895
 20
0.552185
 11
128.953
 21
0.373032
  0
LINE
  8
0
 10
128.953
 20
0.373032
 11
128.988
 21
0.187988
  0
LINE
  8
0
 10
128.988
 20
0.187988
 11
129
 21
0
  0
LINE
  8
0
 10
129
 20
0
 11
128.988
 21
-0.187988
  0
LINE
  8
0
 10
128.988
 20
-0.187988
 11
128.953
 21
-0.373032
  0
LINE
  8
0
 10
128.953
 20
-0.373032
 11
128.895
 21
-0.552185
  0
LINE
  8
0
 10
128.895
 20
-0.552185
 11
128.814
 21
-0.722626
  0
LINE
  8
0
 10
128.814
 20
-0.722626
 11
128.714
 21
-0.881668
  0
LINE
  8
0
 10
128.714
 20
-0.881668
 11
128.593
 21
-1.02681
  0
LINE
  8
0
 10
128.593
 20
-1.02681
 11
128.456
 21
-1.15576
  0
LINE
  8
0
 10
128.456
 20
-1.15576
 11
128.304
 21
-1.26648
  0
LINE
  8
0
 10
128.304
 20
-1.26648
 11
128.139
 21
-1.35724
  0
LINE
  8
0
 10
128.139
 20
-1.35724
 11
127.964
 21
-1.42657
  0
LINE
  8
0
 10
127.964
 20
-1.42657
 11
127.781
 21
-1.47342
  0
LINE
  8
0
 10
127.781
 20
-1.47342
 11
127.594
 21
-1.49704
  0
LINE
  8
0
 10
127.594
 20
-1.49704
 11
127.406
 21
-1.49704
  0
LINE
  8
0
 10
134.906
 20
-1.49704
 11
134.719
 21
-1.47342
  0
LINE
  8
0
 10
134.719
 20
-1.47342
 11
134.536
 21
-1.42657
  0
LINE
  8
0
 10
134.536
 20
-1.42657
 11
134.361
 21
-1.35724
  0
LINE
  8
0
 10
134.361
 20
-1.35724
 11
134.196
 21
-1.26648
  0
LINE
  8
0
 10
134.196
 20
-1.26648
 11
134.044
 21
-1.15576
  0
LINE
  8
0
 10
134.044
 20
-1.15576
 11
133.907
 21
-1.02681
  0
LINE
  8
0
 10
133.907
 20
-1.02681
 11
133.786
 21
-0.881668
  0
LINE
  8
0
 10
133.786
 20
-0.881668
 11
133.686
 21
-0.722626
  0
LINE
  8
0
 10
133.686
 20
-0.722626
 11
133.605
 21
-0.552185
  0
LINE
  8
0
 10
133.605
 20
-0.552185
 11
133.547
 21
-0.373032
  0
LINE
  8
0
 10
133.547
 20
-0.373032
 11
133.512
 21
-0.187988
  0
LINE
  8
0
 10
133.512
 20
-0.187988
 11
133.5
 21
0
  0
LINE
  8
0
 10
133.5
 20
0
 11
133.512
 21
0.187988
  0
LINE
  8
0
 10
133.512
 20
0.187988
 11
133.547
 21
0.373032
  0
LINE
  8
0
 10
133.547
 20
0.373032
 11
133.605
 21
0.552185
  0
LINE
  8
0
 10
133.605
 20
0.552185
 11
133.686
 21
0.722626
  0
LINE
  8
0
 10
133.686
 20
0.722626
 11
133.786
 21
0.881668
  0
LINE
  8
0
 10
133.786
 20
0.881668
 11
133.907
 21
1.02681
  0
LINE
  8
0
 10
133.907
 20
1.02681
 11
134.044
 21
1.15576
  0
LINE
  8
0
 10
134.044
 20
1.15576
 11
134.196
 21
1.26648
  0
LINE
  8
0
 10
134.196
 20
1.26648
 11
134.361
 21
1.35724
  0
LINE
  8
0
 10
134.361
 20
1.35724
 11
134.536
 21
1.42657
  0
LINE
  8
0
 10
134.536
 20
1.42657
 11
134.719
 21
1.47342
  0
LINE
  8
0
 10
134.719
 20
1.47342
 11
134.906
 21
1.49704
  0
LINE
  8
0
 10
134.906
 20
1.49704
 11
135.094
 21
1.49704
  0
LINE
  8
0
 10
135.094
 20
1.49704
 11
135.281
 21
1.47342
  0
LINE
  8
0
 10
135.281
 20
1.47342
 11
135.464
 21
1.42657
  0
LINE
  8
0
 10
135.464
 20
1.42657
 11
135.639
 21
1.35724
  0
LINE
  8
0
 10
135.639
 20
1.35724
 11
135.804
 21
1.26648
  0
LINE
  8
0
 10
135.804
 20
1.26648
 11
135.956
 21
1.15576
  0
LINE
  8
0
 10
135.956
 20
1.15576
 11
136.093
 21
1.02681
  0
LINE
  8
0
 10
136.093
 20
1.02681
 11
136.214
 21
0.881668
  0
LINE
  8
0
 10
136.214
 20
0.881668
 11
136.314
 21
0.722626
  0
LINE
  8
0
 10
136.314
 20
0.722626
 11
136.395
 21
0.552185
  0
LINE
  8
0
 10
136.395
 20
0.552185
 11
136.453
 21
0.373032
  0
LINE
  8
0
 10
136.453
 20
0.373032
 11
136.488
 21
0.187988
  0
LINE
  8
0
 10
136.488
 20
0.187988
 11
136.5
 21
0
  0
LINE
  8
0
 10
136.5
 20
0
 11
136.488
 21
-0.187988
  0
LINE
  8
0
 10
136.488
 20
-0.187988
 11
136.453
 21
-0.373032
  0
LINE
  8
0
 10
136.453
 20
-0.373032
 11
136.395
 21
-0.552185
  0
LINE
  8
0
 10
136.395
 20
-0.552185
 11
136.314
 21
-0.722626
  0
LINE
  8
0
 10
136.314
 20
-0.722626
 11
136.214
 21
-0.881668
  0
LINE
  8
0
 10
136.214
 20
-0.881668
 11
136.093
 21
-1.02681
  0
LINE
  8
0
 10
136.093
 20
-1.02681
 11
135.956
 21
-1.15576
  0
LINE
  8
0
 10
135.956
 20
-1.15576
 11
135.804
 21
-1.26648
  0
LINE
  8
0
 10
135.804
 20
-1.26648
 11
135.639
 21
-1.35724
  0
LINE
  8
0
 10
135.639
 20
-1.35724
 11
135.464
 21
-1.42657
  0
LINE
  8
0
 10
135.464
 20
-1.42657
 11
135.281
 21
-1.47342
  0
LINE
  8
0
 10
135.281
 20
-1.47342
 11
135.094
 21
-1.49704
  0
LINE
  8
0
 10
135.094
 20
-1.49704
 11
134.906
 21
-1.49704
  0
LINE
  8
0
 10
74.9058
 20
-1.49704
 11
74.7189
 21
-1.47342
  0
LINE
  8
0
 10
74.7189
 20
-1.47342
 11
74.5365
 21
-1.42657
  0
LINE
  8
0
 10
74.5365
 20
-1.42657
 11
74.3613
 21
-1.35724
  0
LINE
  8
0
 10
74.3613
 20
-1.35724
 11
74.1963
 21
-1.26648
  0
LINE
  8
0
 10
74.1963
 20
-1.26648
 11
74.0439
 21
-1.15576
  0
LINE
  8
0
 10
74.0439
 20
-1.15576
 11
73.9065
 21
-1.02681
  0
LINE
  8
0
 10
73.9065
 20
-1.02681
 11
73.7865
 21
-0.881668
  0
LINE
  8
0
 10
73.7865
 20
-0.881668
 11
73.6855
 21
-0.722626
  0
LINE
  8
0
 10
73.6855
 20
-0.722626
 11
73.6053
 21
-0.552185
  0
LINE
  8
0
 10
73.6053
 20
-0.552185
 11
73.5471
 21
-0.373032
  0
LINE
  8
0
 10
73.5471
 20
-0.373032
 11
73.5118
 21
-0.187988
  0
LINE
  8
0
 10
73.5118
 20
-0.187988
 11
73.5
 21
0
  0
LINE
  8
0
 10
73.5
 20
0
 11
73.5118
 21
0.187988
  0
LINE
  8
0
 10
73.5118
 20
0.187988
 11
73.5471
 21
0.373032
  0
LINE
  8
0
 10
73.5471
 20
0.373032
 11
73.6053
 21
0.552185
  0
LINE
  8
0
 10
73.6053
 20
0.552185
 11
73.6855
 21
0.722626
  0
LINE
  8
0
 10
73.6855
 20
0.722626
 11
73.7865
 21
0.881668
  0
LINE
  8
0
 10
73.7865
 20
0.881668
 11
73.9065
 21
1.02681
  0
LINE
  8
0
 10
73.9065
 20
1.02681
 11
74.0439
 21
1.15576
  0
LINE
  8
0
 10
74.0439
 20
1.15576
 11
74.1963
 21
1.26648
  0
LINE
  8
0
 10
74.1963
 20
1.26648
 11
74.3613
 21
1.35724
  0
LINE
  8
0
 10
74.3613
 20
1.35724
 11
74.5365
 21
1.42657
  0
LINE
  8
0
 10
74.5365
 20
1.42657
 11
74.7189
 21
1.47342
  0
LINE
  8
0
 10
74.7189
 20
1.47342
 11
74.9058
 21
1.49704
  0
LINE
  8
0
 10
74.9058
 20
1.49704
 11
75.0942
 21
1.49704
  0
LINE
  8
0
 10
75.0942
 20
1.49704
 11
75.2811
 21
1.47342
  0
LINE
  8
0
 10
75.2811
 20
1.47342
 11
75.4635
 21
1.42657
  0
LINE
  8
0
 10
75.4635
 20
1.42657
 11
75.6387
 21
1.35724
  0
LINE
  8
0
 10
75.6387
 20
1.35724
 11
75.8037
 21
1.26648
  0
LINE
  8
0
 10
75.8037
 20
1.26648
 11
75.9561
 21
1.15576
  0
LINE
  8
0
 10
75.9561
 20
1.15576
 11
76.0934
 21
1.02681
  0
LINE
  8
0
 10
76.0934
 20
1.02681
 11
76.2135
 21
0.881668
  0
LINE
  8
0
 10
76.2135
 20
0.881668
 11
76.3145
 21
0.722626
  0
LINE
  8
0
 10
76.3145
 20
0.722626
 11
76.3947
 21
0.552185
  0
LINE
  8
0
 10
76.3947
 20
0.552185
 11
76.4529
 21
0.373032
  0
LINE
  8
0
 10
76.4529
 20
0.373032
 11
76.4882
 21
0.187988
  0
LINE
  8
0
 10
76.4882
 20
0.187988
 11
76.5
 21
0
  0
LINE
  8
0
 10
76.5
 20
0
 11
76.4882
 21
-0.187988
  0
LINE
  8
0
 10
76.4882
 20
-0.187988
 11
76.4529
 21
-0.373032
  0
LINE
  8
0
 10
76.4529
 20
-0.373032
 11
76.3947
 21
-0.552185
  0
LINE
  8
0
 10
76.3947
 20
-0.552185
 11
76.3145
 21
-0.722626
  0
LINE
  8
0
 10
76.3145
 20
-0.722626
 11
76.2135
 21
-0.881668
  0
LINE
  8
0
 10
76.2135
 20
-0.881668
 11
76.0934
 21
-1.02681
  0
LINE
  8
0
 10
76.0934
 20
-1.02681
 11
75.9561
 21
-1.15576
  0
LINE
  8
0
 10
75.9561
 20
-1.15576
 11
75.8037
 21
-1.26648
  0
LINE
  8
0
 10
75.8037
 20
-1.26648
 11
75.6387
 21
-1.35724
  0
LINE
  8
0
 10
75.6387
 20
-1.35724
 11
75.4635
 21
-1.42657
  0
LINE
  8
0
 10
75.4635
 20
-1.42657
 11
75.2811
 21
-1.47342
  0
LINE
  8
0
 10
75.2811
 20
-1.47342
 11
75.0942
 21
-1.49704
  0
LINE
  8
0
 10
75.0942
 20
-1.49704
 11
74.9058
 21
-1.49704
  0
LINE
  8
0
 10
142.406
 20
-1.49704
 11
142.219
 21
-1.47342
  0
LINE
  8
0
 10
142.219
 20
-1.47342
 11
142.036
 21
-1.42657
  0
LINE
  8
0
 10
142.036
 20
-1.42657
 11
141.861
 21
-1.35724
  0
LINE
  8
0
 10
141.861
 20
-1.35724
 11
141.696
 21
-1.26648
  0
LINE
  8
0
 10
141.696
 20
-1.26648
 11
141.544
 21
-1.15576
  0
LINE
  8
0
 10
141.544
 20
-1.15576
 11
141.407
 21
-1.02681
  0
LINE
  8
0
 10
141.407
 20
-1.02681
 11
141.286
 21
-0.881668
  0
LINE
  8
0
 10
141.286
 20
-0.881668
 11
141.186
 21
-0.722626
  0
LINE
  8
0
 10
141.186
 20
-0.722626
 11
141.105
 21
-0.552185
  0
LINE
  8
0
 10
141.105
 20
-0.552185
 11
141.047
 21
-0.373032
  0
LINE
  8
0
 10
141.047
 20
-0.373032
 11
141.012
 21
-0.187988
  0
LINE
  8
0
 10
141.012
 20
-0.187988
 11
141
 21
0
  0
LINE
  8
0
 10
141
 20
0
 11
141.012
 21
0.187988
  0
LINE
  8
0
 10
141.012
 20
0.187988
 11
141.047
 21
0.373032
  0
LINE
  8
0
 10
141.047
 20
0.373032
 11
141.105
 21
0.552185
  0
LINE
  8
0
 10
141.105
 20
0.552185
 11
141.186
 21
0.722626
  0
LINE
  8
0
 10
141.186
 20
0.722626
 11
141.286
 21
0.881668
  0
LINE
  8
0
 10
141.286
 20
0.881668
 11
141.407
 21
1.02681
  0
LINE
  8
0
 10
141.407
 20
1.02681
 11
141.544
 21
1.15576
  0
LINE
  8
0
 10
141.544
 20
1.15576
 11
141.696
 21
1.26648
  0
LINE
  8
0
 10
141.696
 20
1.26648
 11
141.861
 21
1.35724
  0
LINE
  8
0
 10
141.861
 20
1.35724
 11
142.036
 21
1.42657
  0
LINE
  8
0
 10
142.036
 20
1.42657
 11
142.219
 21
1.47342
  0
LINE
  8
0
 10
142.219
 20
1.47342
 11
142.406
 21
1.49704
  0
LINE
  8
0
 10
142.406
 20
1.49704
 11
142.594
 21
1.49704
  0
LINE
  8
0
 10
142.594
 20
1.49704
 11
142.781
 21
1.47342
  0
LINE
  8
0
 10
142.781
 20
1.47342
 11
142.964
 21
1.42657
  0
LINE
  8
0
 10
142.964
 20
1.42657
 11
143.139
 21
1.35724
  0
LINE
  8
0
 10
143.139
 20
1.35724
 11
143.304
 21
1.26648
  0
LINE
  8
0
 10
143.304
 20
1.26648
 11
143.456
 21
1.15576
  0
LINE
  8
0
 10
143.456
 20
1.15576
 11
143.593
 21
1.02681
  0
LINE
  8
0
 10
143.593
 20
1.02681
 11
143.714
 21
0.881668
  0
LINE
  8
0
 10
143.714
 20
0.881668
 11
143.814
 21
0.722626
  0
LINE
  8
0
 10
143.814
 20
0.722626
 11
143.895
 21
0.552185
  0
LINE
  8
0
 10
143.895
 20
0.552185
 11
143.953
 21
0.373032
  0
LINE
  8
0
 10
143.953
 20
0.373032
 11
143.988
 21
0.187988
  0
LINE
  8
0
 10
143.988
 20
0.187988
 11
144
 21
0
  0
LINE
  8
0
 10
144
 20
0
 11
143.988
 21
-0.187988
  0
LINE
  8
0
 10
143.988
 20
-0.187988
 11
143.953
 21
-0.373032
  0
LINE
  8
0
 10
143.953
 20
-0.373032
 11
143.895
 21
-0.552185
  0
LINE
  8
0
 10
143.895
 20
-0.552185
 11
143.814
 21
-0.722626
  0
LINE
  8
0
 10
143.814
 20
-0.722626
 11
143.714
 21
-0.881668
  0
LINE
  8
0
 10
143.714
 20
-0.881668
 11
143.593
 21
-1.02681
  0
LINE
  8
0
 10
143.593
 20
-1.02681
 11
143.456
 21
-1.15576
  0
LINE
  8
0
 10
143.456
 20
-1.15576
 11
143.304
 21
-1.26648
  0
LINE
  8
0
 10
143.304
 20
-1.26648
 11
143.139
 21
-1.35724
  0
LINE
  8
0
 10
143.139
 20
-1.35724
 11
142.964
 21
-1.42657
  0
LINE
  8
0
 10
142.964
 20
-1.42657
 11
142.781
 21
-1.47342
  0
LINE
  8
0
 10
142.781
 20
-1.47342
 11
142.594
 21
-1.49704
  0
LINE
  8
0
 10
142.594
 20
-1.49704
 11
142.406
 21
-1.49704
  0
LINE
  8
0
 10
44.9058
 20
-1.49704
 11
44.7189
 21
-1.47342
  0
LINE
  8
0
 10
44.7189
 20
-1.47342
 11
44.5365
 21
-1.42657
  0
LINE
  8
0
 10
44.5365
 20
-1.42657
 11
44.3613
 21
-1.35724
  0
LINE
  8
0
 10
44.3613
 20
-1.35724
 11
44.1963
 21
-1.26648
  0
LINE
  8
0
 10
44.1963
 20
-1.26648
 11
44.0439
 21
-1.15576
  0
LINE
  8
0
 10
44.0439
 20
-1.15576
 11
43.9065
 21
-1.02681
  0
LINE
  8
0
 10
43.9065
 20
-1.02681
 11
43.7865
 21
-0.881668
  0
LINE
  8
0
 10
43.7865
 20
-0.881668
 11
43.6855
 21
-0.722626
  0
LINE
  8
0
 10
43.6855
 20
-0.722626
 11
43.6053
 21
-0.552185
  0
LINE
  8
0
 10
43.6053
 20
-0.552185
 11
43.5471
 21
-0.373032
  0
LINE
  8
0
 10
43.5471
 20
-0.373032
 11
43.5118
 21
-0.187988
  0
LINE
  8
0
 10
43.5118
 20
-0.187988
 11
43.5
 21
0
  0
LINE
  8
0
 10
43.5
 20
0
 11
43.5118
 21
0.187988
  0
LINE
  8
0
 10
43.5118
 20
0.187988
 11
43.5471
 21
0.373032
  0
LINE
  8
0
 10
43.5471
 20
0.373032
 11
43.6053
 21
0.552185
  0
LINE
  8
0
 10
43.6053
 20
0.552185
 11
43.6855
 21
0.722626
  0
LINE
  8
0
 10
43.6855
 20
0.722626
 11
43.7865
 21
0.881668
  0
LINE
  8
0
 10
43.7865
 20
0.881668
 11
43.9065
 21
1.02681
  0
LINE
  8
0
 10
43.9065
 20
1.02681
 11
44.0439
 21
1.15576
  0
LINE
  8
0
 10
44.0439
 20
1.15576
 11
44.1963
 21
1.26648
  0
LINE
  8
0
 10
44.1963
 20
1.26648
 11
44.3613
 21
1.35724
  0
LINE
  8
0
 10
44.3613
 20
1.35724
 11
44.5365
 21
1.42657
  0
LINE
  8
0
 10
44.5365
 20
1.42657
 11
44.7189
 21
1.47342
  0
LINE
  8
0
 10
44.7189
 20
1.47342
 11
44.9058
 21
1.49704
  0
LINE
  8
0
 10
44.9058
 20
1.49704
 11
45.0942
 21
1.49704
  0
LINE
  8
0
 10
45.0942
 20
1.49704
 11
45.2811
 21
1.47342
  0
LINE
  8
0
 10
45.2811
 20
1.47342
 11
45.4635
 21
1.42657
  0
LINE
  8
0
 10
45.4635
 20
1.42657
 11
45.6387
 21
1.35724
  0
LINE
  8
0
 10
45.6387
 20
1.35724
 11
45.8037
 21
1.26648
  0
LINE
  8
0
 10
45.8037
 20
1.26648
 11
45.9561
 21
1.15576
  0
LINE
  8
0
 10
45.9561
 20
1.15576
 11
46.0934
 21
1.02681
  0
LINE
  8
0
 10
46.0934
 20
1.02681
 11
46.2135
 21
0.881668
  0
LINE
  8
0
 10
46.2135
 20
0.881668
 11
46.3145
 21
0.722626
  0
LINE
  8
0
 10
46.3145
 20
0.722626
 11
46.3947
 21
0.552185
  0
LINE
  8
0
 10
46.3947
 20
0.552185
 11
46.4529
 21
0.373032
  0
LINE
  8
0
 10
46.4529
 20
0.373032
 11
46.4882
 21
0.187988
  0
LINE
  8
0
 10
46.4882
 20
0.187988
 11
46.5
 21
0
  0
LINE
  8
0
 10
46.5
 20
0
 11
46.4882
 21
-0.187988
  0
LINE
  8
0
 10
46.4882
 20
-0.187988
 11
46.4529
 21
-0.373032
  0
LINE
  8
0
 10
46.4529
 20
-0.373032
 11
46.3947
 21
-0.552185
  0
LINE
  8
0
 10
46.3947
 20
-0.552185
 11
46.3145
 21
-0.722626
  0
LINE
  8
0
 10
46.3145
 20
-0.722626
 11
46.2135
 21
-0.881668
  0
LINE
  8
0
 10
46.2135
 20
-0.881668
 11
46.0934
 21
-1.02681
  0
LINE
  8
0
 10
46.0934
 20
-1.02681
 11
45.9561
 21
-1.15576
  0
LINE
  8
0
 10
45.9561
 20
-1.15576
 11
45.8037
 21
-1.26648
  0
LINE
  8
0
 10
45.8037
 20
-1.26648
 11
45.6387
 21
-1.35724
  0
LINE
  8
0
 10
45.6387
 20
-1.35724
 11
45.4635
 21
-1.42657
  0
LINE
  8
0
 10
45.4635
 20
-1.42657
 11
45.2811
 21
-1.47342
  0
LINE
  8
0
 10
45.2811
 20
-1.47342
 11
45.0942
 21
-1.49704
  0
LINE
  8
0
 10
45.0942
 20
-1.49704
 11
44.9058
 21
-1.49704
  0
LINE
  8
0
 10
52.4058
 20
-1.49704
 11
52.2189
 21
-1.47342
  0
LINE
  8
0
 10
52.2189
 20
-1.47342
 11
52.0365
 21
-1.42657
  0
LINE
  8
0
 10
52.0365
 20
-1.42657
 11
51.8613
 21
-1.35724
  0
LINE
  8
0
 10
51.8613
 20
-1.35724
 11
51.6963
 21
-1.26648
  0
LINE
  8
0
 10
51.6963
 20
-1.26648
 11
51.5439
 21
-1.15576
  0
LINE
  8
0
 10
51.5439
 20
-1.15576
 11
51.4065
 21
-1.02681
  0
LINE
  8
0
 10
51.4065
 20
-1.02681
 11
51.2865
 21
-0.881668
  0
LINE
  8
0
 10
51.2865
 20
-0.881668
 11
51.1855
 21
-0.722626
  0
LINE
  8
0
 10
51.1855
 20
-0.722626
 11
51.1053
 21
-0.552185
  0
LINE
  8
0
 10
51.1053
 20
-0.552185
 11
51.0471
 21
-0.373032
  0
LINE
  8
0
 10
51.0471
 20
-0.373032
 11
51.0118
 21
-0.187988
  0
LINE
  8
0
 10
51.0118
 20
-0.187988
 11
51
 21
0
  0
LINE
  8
0
 10
51
 20
0
 11
51.0118
 21
0.187988
  0
LINE
  8
0
 10
51.0118
 20
0.187988
 11
51.0471
 21
0.373032
  0
LINE
  8
0
 10
51.0471
 20
0.373032
 11
51.1053
 21
0.552185
  0
LINE
  8
0
 10
51.1053
 20
0.552185
 11
51.1855
 21
0.722626
  0
LINE
  8
0
 10
51.1855
 20
0.722626
 11
51.2865
 21
0.881668
  0
LINE
  8
0
 10
51.2865
 20
0.881668
 11
51.4065
 21
1.02681
  0
LINE
  8
0
 10
51.4065
 20
1.02681
 11
51.5439
 21
1.15576
  0
LINE
  8
0
 10
51.5439
 20
1.15576
 11
51.6963
 21
1.26648
  0
LINE
  8
0
 10
51.6963
 20
1.26648
 11
51.8613
 21
1.35724
  0
LINE
  8
0
 10
51.8613
 20
1.35724
 11
52.0365
 21
1.42657
  0
LINE
  8
0
 10
52.0365
 20
1.42657
 11
52.2189
 21
1.47342
  0
LINE
  8
0
 10
52.2189
 20
1.47342
 11
52.4058
 21
1.49704
  0
LINE
  8
0
 10
52.4058
 20
1.49704
 11
52.5942
 21
1.49704
  0
LINE
  8
0
 10
52.5942
 20
1.49704
 11
52.7811
 21
1.47342
  0
LINE
  8
0
 10
52.7811
 20
1.47342
 11
52.9635
 21
1.42657
  0
LINE
  8
0
 10
52.9635
 20
1.42657
 11
53.1387
 21
1.35724
  0
LINE
  8
0
 10
53.1387
 20
1.35724
 11
53.3037
 21
1.26648
  0
LINE
  8
0
 10
53.3037
 20
1.26648
 11
53.4561
 21
1.15576
  0
LINE
  8
0
 10
53.4561
 20
1.15576
 11
53.5934
 21
1.02681
  0
LINE
  8
0
 10
53.5934
 20
1.02681
 11
53.7135
 21
0.881668
  0
LINE
  8
0
 10
53.7135
 20
0.881668
 11
53.8145
 21
0.722626
  0
LINE
  8
0
 10
53.8145
 20
0.722626
 11
53.8947
 21
0.552185
  0
LINE
  8
0
 10
53.8947
 20
0.552185
 11
53.9529
 21
0.373032
  0
LINE
  8
0
 10
53.9529
 20
0.373032
 11
53.9882
 21
0.187988
  0
LINE
  8
0
 10
53.9882
 20
0.187988
 11
54
 21
0
  0
LINE
  8
0
 10
54
 20
0
 11
53.9882
 21
-0.187988
  0
LINE
  8
0
 10
53.9882
 20
-0.187988
 11
53.9529
 21
-0.373032
  0
LINE
  8
0
 10
53.9529
 20
-0.373032
 11
53.8947
 21
-0.552185
  0
LINE
  8
0
 10
53.8947
 20
-0.552185
 11
53.8145
 21
-0.722626
  0
LINE
  8
0
 10
53.8145
 20
-0.722626
 11
53.7135
 21
-0.881668
  0
LINE
  8
0
 10
53.7135
 20
-0.881668
 11
53.5934
 21
-1.02681
  0
LINE
  8
0
 10
53.5934
 20
-1.02681
 11
53.4561
 21
-1.15576
  0
LINE
  8
0
 10
53.4561
 20
-1.15576
 11
53.3037
 21
-1.26648
  0
LINE
  8
0
 10
53.3037
 20
-1.26648
 11
53.1387
 21
-1.35724
  0
LINE
  8
0
 10
53.1387
 20
-1.35724
 11
52.9635
 21
-1.42657
  0
LINE
  8
0
 10
52.9635
 20
-1.42657
 11
52.7811
 21
-1.47342
  0
LINE
  8
0
 10
52.7811
 20
-1.47342
 11
52.5942
 21
-1.49704
  0
LINE
  8
0
 10
52.5942
 20
-1.49704
 11
52.4058
 21
-1.49704
  0
ENDSEC
  0
SECTION
  2
OBJECTS
  0
DICTIONARY
  0
ENDSEC
  0
EOF
