  0
SECTION
  2
BLOCKS
  0
ENDSEC
  0
SECTION
  2
ENTITIES
  0
LINE
  8
0
 10
107.937
 20
-89.4114
 11
108.545
 21
-89.2553
  0
LINE
  8
0
 10
108.545
 20
-89.2553
 11
109.129
 21
-89.0241
  0
LINE
  8
0
 10
109.129
 20
-89.0241
 11
109.679
 21
-88.7216
  0
LINE
  8
0
 10
109.679
 20
-88.7216
 11
110.187
 21
-88.3526
  0
LINE
  8
0
 10
110.187
 20
-88.3526
 11
110.645
 21
-87.9227
  0
LINE
  8
0
 10
110.645
 20
-87.9227
 11
111.045
 21
-87.4389
  0
LINE
  8
0
 10
111.045
 20
-87.4389
 11
111.382
 21
-86.9088
  0
LINE
  8
0
 10
111.382
 20
-86.9088
 11
111.649
 21
-86.3406
  0
LINE
  8
0
 10
111.649
 20
-86.3406
 11
111.843
 21
-85.7434
  0
LINE
  8
0
 10
111.843
 20
-85.7434
 11
111.961
 21
-85.1267
  0
LINE
  8
0
 10
111.961
 20
-85.1267
 11
112
 21
-84.5
  0
LINE
  8
0
 10
112
 20
-84.5
 11
112
 21
84.5
  0
LINE
  8
0
 10
112
 20
84.5
 11
111.961
 21
85.1267
  0
LINE
  8
0
 10
111.961
 20
85.1267
 11
111.843
 21
85.7434
  0
LINE
  8
0
 10
111.843
 20
85.7434
 11
111.649
 21
86.3406
  0
LINE
  8
0
 10
111.649
 20
86.3406
 11
111.382
 21
86.9088
  0
LINE
  8
0
 10
111.382
 20
86.9088
 11
111.045
 21
87.4389
  0
LINE
  8
0
 10
111.045
 20
87.4389
 11
110.645
 21
87.9227
  0
LINE
  8
0
 10
110.645
 20
87.9227
 11
110.187
 21
88.3526
  0
LINE
  8
0
 10
110.187
 20
88.3526
 11
109.679
 21
88.7216
  0
LINE
  8
0
 10
109.679
 20
88.7216
 11
109.129
 21
89.0241
  0
LINE
  8
0
 10
109.129
 20
89.0241
 11
108.545
 21
89.2553
  0
LINE
  8
0
 10
108.545
 20
89.2553
 11
107.937
 21
89.4114
  0
LINE
  8
0
 10
107.937
 20
89.4114
 11
107.314
 21
89.4901
  0
LINE
  8
0
 10
107.314
 20
89.4901
 11
-107.314
 21
89.4901
  0
LINE
  8
0
 10
-107.314
 20
89.4901
 11
-107.937
 21
89.4114
  0
LINE
  8
0
 10
-107.937
 20
89.4114
 11
-108.545
 21
89.2553
  0
LINE
  8
0
 10
-108.545
 20
89.2553
 11
-109.129
 21
89.0241
  0
LINE
  8
0
 10
-109.129
 20
89.0241
 11
-109.679
 21
88.7216
  0
LINE
  8
0
 10
-109.679
 20
88.7216
 11
-110.187
 21
88.3526
  0
LINE
  8
0
 10
-110.187
 20
88.3526
 11
-110.645
 21
87.9227
  0
LINE
  8
0
 10
-110.645
 20
87.9227
 11
-111.045
 21
87.4389
  0
LINE
  8
0
 10
-111.045
 20
87.4389
 11
-111.382
 21
86.9088
  0
LINE
  8
0
 10
-111.382
 20
86.9088
 11
-111.649
 21
86.3406
  0
LINE
  8
0
 10
-111.649
 20
86.3406
 11
-111.843
 21
85.7434
  0
LINE
  8
0
 10
-111.843
 20
85.7434
 11
-111.961
 21
85.1267
  0
LINE
  8
0
 10
-111.961
 20
85.1267
 11
-112
 21
84.5
  0
LINE
  8
0
 10
-112
 20
84.5
 11
-112
 21
-84.5
  0
LINE
  8
0
 10
-112
 20
-84.5
 11
-111.961
 21
-85.1267
  0
LINE
  8
0
 10
-111.961
 20
-85.1267
 11
-111.843
 21
-85.7434
  0
LINE
  8
0
 10
-111.843
 20
-85.7434
 11
-111.649
 21
-86.3406
  0
LINE
  8
0
 10
-111.649
 20
-86.3406
 11
-111.382
 21
-86.9088
  0
LINE
  8
0
 10
-111.382
 20
-86.9088
 11
-111.045
 21
-87.4389
  0
LINE
  8
0
 10
-111.045
 20
-87.4389
 11
-110.645
 21
-87.9227
  0
LINE
  8
0
 10
-110.645
 20
-87.9227
 11
-110.187
 21
-88.3526
  0
LINE
  8
0
 10
-110.187
 20
-88.3526
 11
-109.679
 21
-88.7216
  0
LINE
  8
0
 10
-109.679
 20
-88.7216
 11
-109.129
 21
-89.0241
  0
LINE
  8
0
 10
-109.129
 20
-89.0241
 11
-108.545
 21
-89.2553
  0
LINE
  8
0
 10
-108.545
 20
-89.2553
 11
-107.937
 21
-89.4114
  0
LINE
  8
0
 10
-107.937
 20
-89.4114
 11
-107.314
 21
-89.4901
  0
LINE
  8
0
 10
-107.314
 20
-89.4901
 11
107.314
 21
-89.4901
  0
LINE
  8
0
 10
107.314
 20
-89.4901
 11
107.937
 21
-89.4114
  0
LINE
  8
0
 10
-105.188
 20
79.5059
 11
-105.562
 21
79.5531
  0
LINE
  8
0
 10
-105.562
 20
79.5531
 11
-105.927
 21
79.6468
  0
LINE
  8
0
 10
-105.927
 20
79.6468
 11
-106.277
 21
79.7855
  0
LINE
  8
0
 10
-106.277
 20
79.7855
 11
-106.607
 21
79.967
  0
LINE
  8
0
 10
-106.607
 20
79.967
 11
-106.912
 21
80.1885
  0
LINE
  8
0
 10
-106.912
 20
80.1885
 11
-107.187
 21
80.4464
  0
LINE
  8
0
 10
-107.187
 20
80.4464
 11
-107.427
 21
80.7366
  0
LINE
  8
0
 10
-107.427
 20
80.7366
 11
-107.629
 21
81.0547
  0
LINE
  8
0
 10
-107.629
 20
81.0547
 11
-107.789
 21
81.3956
  0
LINE
  8
0
 10
-107.789
 20
81.3956
 11
-107.906
 21
81.7539
  0
LINE
  8
0
 10
-107.906
 20
81.7539
 11
-107.976
 21
82.124
  0
LINE
  8
0
 10
-107.976
 20
82.124
 11
-108
 21
82.5
  0
LINE
  8
0
 10
-108
 20
82.5
 11
-107.976
 21
82.876
  0
LINE
  8
0
 10
-107.976
 20
82.876
 11
-107.906
 21
83.2461
  0
LINE
  8
0
 10
-107.906
 20
83.2461
 11
-107.789
 21
83.6044
  0
LINE
  8
0
 10
-107.789
 20
83.6044
 11
-107.629
 21
83.9453
  0
LINE
  8
0
 10
-107.629
 20
83.9453
 11
-107.427
 21
84.2634
  0
LINE
  8
0
 10
-107.427
 20
84.2634
 11
-107.187
 21
84.5536
  0
LINE
  8
0
 10
-107.187
 20
84.5536
 11
-106.912
 21
84.8115
  0
LINE
  8
0
 10
-106.912
 20
84.8115
 11
-106.607
 21
85.033
  0
LINE
  8
0
 10
-106.607
 20
85.033
 11
-106.277
 21
85.2145
  0
LINE
  8
0
 10
-106.277
 20
85.2145
 11
-105.927
 21
85.3532
  0
LINE
  8
0
 10
-105.927
 20
85.3532
 11
-105.562
 21
85.4469
  0
LINE
  8
0
 10
-105.562
 20
85.4469
 11
-105.188
 21
85.4941
  0
LINE
  8
0
 10
-105.188
 20
85.4941
 11
-104.812
 21
85.4941
  0
LINE
  8
0
 10
-104.812
 20
85.4941
 11
-104.438
 21
85.4469
  0
LINE
  8
0
 10
-104.438
 20
85.4469
 11
-104.073
 21
85.3532
  0
LINE
  8
0
 10
-104.073
 20
85.3532
 11
-103.723
 21
85.2145
  0
LINE
  8
0
 10
-103.723
 20
85.2145
 11
-103.393
 21
85.033
  0
LINE
  8
0
 10
-103.393
 20
85.033
 11
-103.088
 21
84.8115
  0
LINE
  8
0
 10
-103.088
 20
84.8115
 11
-102.813
 21
84.5536
  0
LINE
  8
0
 10
-102.813
 20
84.5536
 11
-102.573
 21
84.2634
  0
LINE
  8
0
 10
-102.573
 20
84.2634
 11
-102.371
 21
83.9453
  0
LINE
  8
0
 10
-102.371
 20
83.9453
 11
-102.211
 21
83.6044
  0
LINE
  8
0
 10
-102.211
 20
83.6044
 11
-102.094
 21
83.2461
  0
LINE
  8
0
 10
-102.094
 20
83.2461
 11
-102.024
 21
82.876
  0
LINE
  8
0
 10
-102.024
 20
82.876
 11
-102
 21
82.5
  0
LINE
  8
0
 10
-102
 20
82.5
 11
-102.024
 21
82.124
  0
LINE
  8
0
 10
-102.024
 20
82.124
 11
-102.094
 21
81.7539
  0
LINE
  8
0
 10
-102.094
 20
81.7539
 11
-102.211
 21
81.3956
  0
LINE
  8
0
 10
-102.211
 20
81.3956
 11
-102.371
 21
81.0547
  0
LINE
  8
0
 10
-102.371
 20
81.0547
 11
-102.573
 21
80.7366
  0
LINE
  8
0
 10
-102.573
 20
80.7366
 11
-102.813
 21
80.4464
  0
LINE
  8
0
 10
-102.813
 20
80.4464
 11
-103.088
 21
80.1885
  0
LINE
  8
0
 10
-103.088
 20
80.1885
 11
-103.393
 21
79.967
  0
LINE
  8
0
 10
-103.393
 20
79.967
 11
-103.723
 21
79.7855
  0
LINE
  8
0
 10
-103.723
 20
79.7855
 11
-104.073
 21
79.6468
  0
LINE
  8
0
 10
-104.073
 20
79.6468
 11
-104.438
 21
79.5531
  0
LINE
  8
0
 10
-104.438
 20
79.5531
 11
-104.812
 21
79.5059
  0
LINE
  8
0
 10
-104.812
 20
79.5059
 11
-105.188
 21
79.5059
  0
LINE
  8
0
 10
104.812
 20
79.5059
 11
104.438
 21
79.5531
  0
LINE
  8
0
 10
104.438
 20
79.5531
 11
104.073
 21
79.6468
  0
LINE
  8
0
 10
104.073
 20
79.6468
 11
103.723
 21
79.7855
  0
LINE
  8
0
 10
103.723
 20
79.7855
 11
103.393
 21
79.967
  0
LINE
  8
0
 10
103.393
 20
79.967
 11
103.088
 21
80.1885
  0
LINE
  8
0
 10
103.088
 20
80.1885
 11
102.813
 21
80.4464
  0
LINE
  8
0
 10
102.813
 20
80.4464
 11
102.573
 21
80.7366
  0
LINE
  8
0
 10
102.573
 20
80.7366
 11
102.371
 21
81.0547
  0
LINE
  8
0
 10
102.371
 20
81.0547
 11
102.211
 21
81.3956
  0
LINE
  8
0
 10
102.211
 20
81.3956
 11
102.094
 21
81.7539
  0
LINE
  8
0
 10
102.094
 20
81.7539
 11
102.024
 21
82.124
  0
LINE
  8
0
 10
102.024
 20
82.124
 11
102
 21
82.5
  0
LINE
  8
0
 10
102
 20
82.5
 11
102.024
 21
82.876
  0
LINE
  8
0
 10
102.024
 20
82.876
 11
102.094
 21
83.2461
  0
LINE
  8
0
 10
102.094
 20
83.2461
 11
102.211
 21
83.6044
  0
LINE
  8
0
 10
102.211
 20
83.6044
 11
102.371
 21
83.9453
  0
LINE
  8
0
 10
102.371
 20
83.9453
 11
102.573
 21
84.2634
  0
LINE
  8
0
 10
102.573
 20
84.2634
 11
102.813
 21
84.5536
  0
LINE
  8
0
 10
102.813
 20
84.5536
 11
103.088
 21
84.8115
  0
LINE
  8
0
 10
103.088
 20
84.8115
 11
103.393
 21
85.033
  0
LINE
  8
0
 10
103.393
 20
85.033
 11
103.723
 21
85.2145
  0
LINE
  8
0
 10
103.723
 20
85.2145
 11
104.073
 21
85.3532
  0
LINE
  8
0
 10
104.073
 20
85.3532
 11
104.438
 21
85.4469
  0
LINE
  8
0
 10
104.438
 20
85.4469
 11
104.812
 21
85.4941
  0
LINE
  8
0
 10
104.812
 20
85.4941
 11
105.188
 21
85.4941
  0
LINE
  8
0
 10
105.188
 20
85.4941
 11
105.562
 21
85.4469
  0
LINE
  8
0
 10
105.562
 20
85.4469
 11
105.927
 21
85.3532
  0
LINE
  8
0
 10
105.927
 20
85.3532
 11
106.277
 21
85.2145
  0
LINE
  8
0
 10
106.277
 20
85.2145
 11
106.607
 21
85.033
  0
LINE
  8
0
 10
106.607
 20
85.033
 11
106.912
 21
84.8115
  0
LINE
  8
0
 10
106.912
 20
84.8115
 11
107.187
 21
84.5536
  0
LINE
  8
0
 10
107.187
 20
84.5536
 11
107.427
 21
84.2634
  0
LINE
  8
0
 10
107.427
 20
84.2634
 11
107.629
 21
83.9453
  0
LINE
  8
0
 10
107.629
 20
83.9453
 11
107.789
 21
83.6044
  0
LINE
  8
0
 10
107.789
 20
83.6044
 11
107.906
 21
83.2461
  0
LINE
  8
0
 10
107.906
 20
83.2461
 11
107.976
 21
82.876
  0
LINE
  8
0
 10
107.976
 20
82.876
 11
108
 21
82.5
  0
LINE
  8
0
 10
108
 20
82.5
 11
107.976
 21
82.124
  0
LINE
  8
0
 10
107.976
 20
82.124
 11
107.906
 21
81.7539
  0
LINE
  8
0
 10
107.906
 20
81.7539
 11
107.789
 21
81.3956
  0
LINE
  8
0
 10
107.789
 20
81.3956
 11
107.629
 21
81.0547
  0
LINE
  8
0
 10
107.629
 20
81.0547
 11
107.427
 21
80.7366
  0
LINE
  8
0
 10
107.427
 20
80.7366
 11
107.187
 21
80.4464
  0
LINE
  8
0
 10
107.187
 20
80.4464
 11
106.912
 21
80.1885
  0
LINE
  8
0
 10
106.912
 20
80.1885
 11
106.607
 21
79.967
  0
LINE
  8
0
 10
106.607
 20
79.967
 11
106.277
 21
79.7855
  0
LINE
  8
0
 10
106.277
 20
79.7855
 11
105.927
 21
79.6468
  0
LINE
  8
0
 10
105.927
 20
79.6468
 11
105.562
 21
79.5531
  0
LINE
  8
0
 10
105.562
 20
79.5531
 11
105.188
 21
79.5059
  0
LINE
  8
0
 10
105.188
 20
79.5059
 11
104.812
 21
79.5059
  0
LINE
  8
0
 10
-105.094
 20
73.503
 11
-105.281
 21
73.5266
  0
LINE
  8
0
 10
-105.281
 20
73.5266
 11
-105.464
 21
73.5734
  0
LINE
  8
0
 10
-105.464
 20
73.5734
 11
-105.639
 21
73.6428
  0
LINE
  8
0
 10
-105.639
 20
73.6428
 11
-105.804
 21
73.7335
  0
LINE
  8
0
 10
-105.804
 20
73.7335
 11
-105.956
 21
73.8442
  0
LINE
  8
0
 10
-105.956
 20
73.8442
 11
-106.093
 21
73.9732
  0
LINE
  8
0
 10
-106.093
 20
73.9732
 11
-106.214
 21
74.1183
  0
LINE
  8
0
 10
-106.214
 20
74.1183
 11
-106.314
 21
74.2774
  0
LINE
  8
0
 10
-106.314
 20
74.2774
 11
-106.395
 21
74.4478
  0
LINE
  8
0
 10
-106.395
 20
74.4478
 11
-106.453
 21
74.627
  0
LINE
  8
0
 10
-106.453
 20
74.627
 11
-106.488
 21
74.812
  0
LINE
  8
0
 10
-106.488
 20
74.812
 11
-106.5
 21
75
  0
LINE
  8
0
 10
-106.5
 20
75
 11
-106.488
 21
75.188
  0
LINE
  8
0
 10
-106.488
 20
75.188
 11
-106.453
 21
75.373
  0
LINE
  8
0
 10
-106.453
 20
75.373
 11
-106.395
 21
75.5522
  0
LINE
  8
0
 10
-106.395
 20
75.5522
 11
-106.314
 21
75.7226
  0
LINE
  8
0
 10
-106.314
 20
75.7226
 11
-106.214
 21
75.8817
  0
LINE
  8
0
 10
-106.214
 20
75.8817
 11
-106.093
 21
76.0268
  0
LINE
  8
0
 10
-106.093
 20
76.0268
 11
-105.956
 21
76.1558
  0
LINE
  8
0
 10
-105.956
 20
76.1558
 11
-105.804
 21
76.2665
  0
LINE
  8
0
 10
-105.804
 20
76.2665
 11
-105.639
 21
76.3572
  0
LINE
  8
0
 10
-105.639
 20
76.3572
 11
-105.464
 21
76.4266
  0
LINE
  8
0
 10
-105.464
 20
76.4266
 11
-105.281
 21
76.4734
  0
LINE
  8
0
 10
-105.281
 20
76.4734
 11
-105.094
 21
76.497
  0
LINE
  8
0
 10
-105.094
 20
76.497
 11
-104.906
 21
76.497
  0
LINE
  8
0
 10
-104.906
 20
76.497
 11
-104.719
 21
76.4734
  0
LINE
  8
0
 10
-104.719
 20
76.4734
 11
-104.536
 21
76.4266
  0
LINE
  8
0
 10
-104.536
 20
76.4266
 11
-104.361
 21
76.3572
  0
LINE
  8
0
 10
-104.361
 20
76.3572
 11
-104.196
 21
76.2665
  0
LINE
  8
0
 10
-104.196
 20
76.2665
 11
-104.044
 21
76.1558
  0
LINE
  8
0
 10
-104.044
 20
76.1558
 11
-103.907
 21
76.0268
  0
LINE
  8
0
 10
-103.907
 20
76.0268
 11
-103.786
 21
75.8817
  0
LINE
  8
0
 10
-103.786
 20
75.8817
 11
-103.686
 21
75.7226
  0
LINE
  8
0
 10
-103.686
 20
75.7226
 11
-103.605
 21
75.5522
  0
LINE
  8
0
 10
-103.605
 20
75.5522
 11
-103.547
 21
75.373
  0
LINE
  8
0
 10
-103.547
 20
75.373
 11
-103.512
 21
75.188
  0
LINE
  8
0
 10
-103.512
 20
75.188
 11
-103.5
 21
75
  0
LINE
  8
0
 10
-103.5
 20
75
 11
-103.512
 21
74.812
  0
LINE
  8
0
 10
-103.512
 20
74.812
 11
-103.547
 21
74.627
  0
LINE
  8
0
 10
-103.547
 20
74.627
 11
-103.605
 21
74.4478
  0
LINE
  8
0
 10
-103.605
 20
74.4478
 11
-103.686
 21
74.2774
  0
LINE
  8
0
 10
-103.686
 20
74.2774
 11
-103.786
 21
74.1183
  0
LINE
  8
0
 10
-103.786
 20
74.1183
 11
-103.907
 21
73.9732
  0
LINE
  8
0
 10
-103.907
 20
73.9732
 11
-104.044
 21
73.8442
  0
LINE
  8
0
 10
-104.044
 20
73.8442
 11
-104.196
 21
73.7335
  0
LINE
  8
0
 10
-104.196
 20
73.7335
 11
-104.361
 21
73.6428
  0
LINE
  8
0
 10
-104.361
 20
73.6428
 11
-104.536
 21
73.5734
  0
LINE
  8
0
 10
-104.536
 20
73.5734
 11
-104.719
 21
73.5266
  0
LINE
  8
0
 10
-104.719
 20
73.5266
 11
-104.906
 21
73.503
  0
LINE
  8
0
 10
-104.906
 20
73.503
 11
-105.094
 21
73.503
  0
LINE
  8
0
 10
104.906
 20
73.503
 11
104.719
 21
73.5266
  0
LINE
  8
0
 10
104.719
 20
73.5266
 11
104.536
 21
73.5734
  0
LINE
  8
0
 10
104.536
 20
73.5734
 11
104.361
 21
73.6428
  0
LINE
  8
0
 10
104.361
 20
73.6428
 11
104.196
 21
73.7335
  0
LINE
  8
0
 10
104.196
 20
73.7335
 11
104.044
 21
73.8442
  0
LINE
  8
0
 10
104.044
 20
73.8442
 11
103.907
 21
73.9732
  0
LINE
  8
0
 10
103.907
 20
73.9732
 11
103.786
 21
74.1183
  0
LINE
  8
0
 10
103.786
 20
74.1183
 11
103.686
 21
74.2774
  0
LINE
  8
0
 10
103.686
 20
74.2774
 11
103.605
 21
74.4478
  0
LINE
  8
0
 10
103.605
 20
74.4478
 11
103.547
 21
74.627
  0
LINE
  8
0
 10
103.547
 20
74.627
 11
103.512
 21
74.812
  0
LINE
  8
0
 10
103.512
 20
74.812
 11
103.5
 21
75
  0
LINE
  8
0
 10
103.5
 20
75
 11
103.512
 21
75.188
  0
LINE
  8
0
 10
103.512
 20
75.188
 11
103.547
 21
75.373
  0
LINE
  8
0
 10
103.547
 20
75.373
 11
103.605
 21
75.5522
  0
LINE
  8
0
 10
103.605
 20
75.5522
 11
103.686
 21
75.7226
  0
LINE
  8
0
 10
103.686
 20
75.7226
 11
103.786
 21
75.8817
  0
LINE
  8
0
 10
103.786
 20
75.8817
 11
103.907
 21
76.0268
  0
LINE
  8
0
 10
103.907
 20
76.0268
 11
104.044
 21
76.1558
  0
LINE
  8
0
 10
104.044
 20
76.1558
 11
104.196
 21
76.2665
  0
LINE
  8
0
 10
104.196
 20
76.2665
 11
104.361
 21
76.3572
  0
LINE
  8
0
 10
104.361
 20
76.3572
 11
104.536
 21
76.4266
  0
LINE
  8
0
 10
104.536
 20
76.4266
 11
104.719
 21
76.4734
  0
LINE
  8
0
 10
104.719
 20
76.4734
 11
104.906
 21
76.497
  0
LINE
  8
0
 10
104.906
 20
76.497
 11
105.094
 21
76.497
  0
LINE
  8
0
 10
105.094
 20
76.497
 11
105.281
 21
76.4734
  0
LINE
  8
0
 10
105.281
 20
76.4734
 11
105.464
 21
76.4266
  0
LINE
  8
0
 10
105.464
 20
76.4266
 11
105.639
 21
76.3572
  0
LINE
  8
0
 10
105.639
 20
76.3572
 11
105.804
 21
76.2665
  0
LINE
  8
0
 10
105.804
 20
76.2665
 11
105.956
 21
76.1558
  0
LINE
  8
0
 10
105.956
 20
76.1558
 11
106.093
 21
76.0268
  0
LINE
  8
0
 10
106.093
 20
76.0268
 11
106.214
 21
75.8817
  0
LINE
  8
0
 10
106.214
 20
75.8817
 11
106.314
 21
75.7226
  0
LINE
  8
0
 10
106.314
 20
75.7226
 11
106.395
 21
75.5522
  0
LINE
  8
0
 10
106.395
 20
75.5522
 11
106.453
 21
75.373
  0
LINE
  8
0
 10
106.453
 20
75.373
 11
106.488
 21
75.188
  0
LINE
  8
0
 10
106.488
 20
75.188
 11
106.5
 21
75
  0
LINE
  8
0
 10
106.5
 20
75
 11
106.488
 21
74.812
  0
LINE
  8
0
 10
106.488
 20
74.812
 11
106.453
 21
74.627
  0
LINE
  8
0
 10
106.453
 20
74.627
 11
106.395
 21
74.4478
  0
LINE
  8
0
 10
106.395
 20
74.4478
 11
106.314
 21
74.2774
  0
LINE
  8
0
 10
106.314
 20
74.2774
 11
106.214
 21
74.1183
  0
LINE
  8
0
 10
106.214
 20
74.1183
 11
106.093
 21
73.9732
  0
LINE
  8
0
 10
106.093
 20
73.9732
 11
105.956
 21
73.8442
  0
LINE
  8
0
 10
105.956
 20
73.8442
 11
105.804
 21
73.7335
  0
LINE
  8
0
 10
105.804
 20
73.7335
 11
105.639
 21
73.6428
  0
LINE
  8
0
 10
105.639
 20
73.6428
 11
105.464
 21
73.5734
  0
LINE
  8
0
 10
105.464
 20
73.5734
 11
105.281
 21
73.5266
  0
LINE
  8
0
 10
105.281
 20
73.5266
 11
105.094
 21
73.503
  0
LINE
  8
0
 10
105.094
 20
73.503
 11
104.906
 21
73.503
  0
LINE
  8
0
 10
-105.188
 20
64.5059
 11
-105.562
 21
64.5531
  0
LINE
  8
0
 10
-105.562
 20
64.5531
 11
-105.927
 21
64.6468
  0
LINE
  8
0
 10
-105.927
 20
64.6468
 11
-106.277
 21
64.7855
  0
LINE
  8
0
 10
-106.277
 20
64.7855
 11
-106.607
 21
64.967
  0
LINE
  8
0
 10
-106.607
 20
64.967
 11
-106.912
 21
65.1885
  0
LINE
  8
0
 10
-106.912
 20
65.1885
 11
-107.187
 21
65.4464
  0
LINE
  8
0
 10
-107.187
 20
65.4464
 11
-107.427
 21
65.7366
  0
LINE
  8
0
 10
-107.427
 20
65.7366
 11
-107.629
 21
66.0547
  0
LINE
  8
0
 10
-107.629
 20
66.0547
 11
-107.789
 21
66.3956
  0
LINE
  8
0
 10
-107.789
 20
66.3956
 11
-107.906
 21
66.7539
  0
LINE
  8
0
 10
-107.906
 20
66.7539
 11
-107.976
 21
67.124
  0
LINE
  8
0
 10
-107.976
 20
67.124
 11
-108
 21
67.5
  0
LINE
  8
0
 10
-108
 20
67.5
 11
-107.976
 21
67.876
  0
LINE
  8
0
 10
-107.976
 20
67.876
 11
-107.906
 21
68.2461
  0
LINE
  8
0
 10
-107.906
 20
68.2461
 11
-107.789
 21
68.6044
  0
LINE
  8
0
 10
-107.789
 20
68.6044
 11
-107.629
 21
68.9453
  0
LINE
  8
0
 10
-107.629
 20
68.9453
 11
-107.427
 21
69.2634
  0
LINE
  8
0
 10
-107.427
 20
69.2634
 11
-107.187
 21
69.5536
  0
LINE
  8
0
 10
-107.187
 20
69.5536
 11
-106.912
 21
69.8115
  0
LINE
  8
0
 10
-106.912
 20
69.8115
 11
-106.607
 21
70.033
  0
LINE
  8
0
 10
-106.607
 20
70.033
 11
-106.277
 21
70.2145
  0
LINE
  8
0
 10
-106.277
 20
70.2145
 11
-105.927
 21
70.3532
  0
LINE
  8
0
 10
-105.927
 20
70.3532
 11
-105.562
 21
70.4469
  0
LINE
  8
0
 10
-105.562
 20
70.4469
 11
-105.188
 21
70.4941
  0
LINE
  8
0
 10
-105.188
 20
70.4941
 11
-104.812
 21
70.4941
  0
LINE
  8
0
 10
-104.812
 20
70.4941
 11
-104.438
 21
70.4469
  0
LINE
  8
0
 10
-104.438
 20
70.4469
 11
-104.073
 21
70.3532
  0
LINE
  8
0
 10
-104.073
 20
70.3532
 11
-103.723
 21
70.2145
  0
LINE
  8
0
 10
-103.723
 20
70.2145
 11
-103.393
 21
70.033
  0
LINE
  8
0
 10
-103.393
 20
70.033
 11
-103.088
 21
69.8115
  0
LINE
  8
0
 10
-103.088
 20
69.8115
 11
-102.813
 21
69.5536
  0
LINE
  8
0
 10
-102.813
 20
69.5536
 11
-102.573
 21
69.2634
  0
LINE
  8
0
 10
-102.573
 20
69.2634
 11
-102.371
 21
68.9453
  0
LINE
  8
0
 10
-102.371
 20
68.9453
 11
-102.211
 21
68.6044
  0
LINE
  8
0
 10
-102.211
 20
68.6044
 11
-102.094
 21
68.2461
  0
LINE
  8
0
 10
-102.094
 20
68.2461
 11
-102.024
 21
67.876
  0
LINE
  8
0
 10
-102.024
 20
67.876
 11
-102
 21
67.5
  0
LINE
  8
0
 10
-102
 20
67.5
 11
-102.024
 21
67.124
  0
LINE
  8
0
 10
-102.024
 20
67.124
 11
-102.094
 21
66.7539
  0
LINE
  8
0
 10
-102.094
 20
66.7539
 11
-102.211
 21
66.3956
  0
LINE
  8
0
 10
-102.211
 20
66.3956
 11
-102.371
 21
66.0547
  0
LINE
  8
0
 10
-102.371
 20
66.0547
 11
-102.573
 21
65.7366
  0
LINE
  8
0
 10
-102.573
 20
65.7366
 11
-102.813
 21
65.4464
  0
LINE
  8
0
 10
-102.813
 20
65.4464
 11
-103.088
 21
65.1885
  0
LINE
  8
0
 10
-103.088
 20
65.1885
 11
-103.393
 21
64.967
  0
LINE
  8
0
 10
-103.393
 20
64.967
 11
-103.723
 21
64.7855
  0
LINE
  8
0
 10
-103.723
 20
64.7855
 11
-104.073
 21
64.6468
  0
LINE
  8
0
 10
-104.073
 20
64.6468
 11
-104.438
 21
64.5531
  0
LINE
  8
0
 10
-104.438
 20
64.5531
 11
-104.812
 21
64.5059
  0
LINE
  8
0
 10
-104.812
 20
64.5059
 11
-105.188
 21
64.5059
  0
LINE
  8
0
 10
104.812
 20
64.5059
 11
104.438
 21
64.5531
  0
LINE
  8
0
 10
104.438
 20
64.5531
 11
104.073
 21
64.6468
  0
LINE
  8
0
 10
104.073
 20
64.6468
 11
103.723
 21
64.7855
  0
LINE
  8
0
 10
103.723
 20
64.7855
 11
103.393
 21
64.967
  0
LINE
  8
0
 10
103.393
 20
64.967
 11
103.088
 21
65.1885
  0
LINE
  8
0
 10
103.088
 20
65.1885
 11
102.813
 21
65.4464
  0
LINE
  8
0
 10
102.813
 20
65.4464
 11
102.573
 21
65.7366
  0
LINE
  8
0
 10
102.573
 20
65.7366
 11
102.371
 21
66.0547
  0
LINE
  8
0
 10
102.371
 20
66.0547
 11
102.211
 21
66.3956
  0
LINE
  8
0
 10
102.211
 20
66.3956
 11
102.094
 21
66.7539
  0
LINE
  8
0
 10
102.094
 20
66.7539
 11
102.024
 21
67.124
  0
LINE
  8
0
 10
102.024
 20
67.124
 11
102
 21
67.5
  0
LINE
  8
0
 10
102
 20
67.5
 11
102.024
 21
67.876
  0
LINE
  8
0
 10
102.024
 20
67.876
 11
102.094
 21
68.2461
  0
LINE
  8
0
 10
102.094
 20
68.2461
 11
102.211
 21
68.6044
  0
LINE
  8
0
 10
102.211
 20
68.6044
 11
102.371
 21
68.9453
  0
LINE
  8
0
 10
102.371
 20
68.9453
 11
102.573
 21
69.2634
  0
LINE
  8
0
 10
102.573
 20
69.2634
 11
102.813
 21
69.5536
  0
LINE
  8
0
 10
102.813
 20
69.5536
 11
103.088
 21
69.8115
  0
LINE
  8
0
 10
103.088
 20
69.8115
 11
103.393
 21
70.033
  0
LINE
  8
0
 10
103.393
 20
70.033
 11
103.723
 21
70.2145
  0
LINE
  8
0
 10
103.723
 20
70.2145
 11
104.073
 21
70.3532
  0
LINE
  8
0
 10
104.073
 20
70.3532
 11
104.438
 21
70.4469
  0
LINE
  8
0
 10
104.438
 20
70.4469
 11
104.812
 21
70.4941
  0
LINE
  8
0
 10
104.812
 20
70.4941
 11
105.188
 21
70.4941
  0
LINE
  8
0
 10
105.188
 20
70.4941
 11
105.562
 21
70.4469
  0
LINE
  8
0
 10
105.562
 20
70.4469
 11
105.927
 21
70.3532
  0
LINE
  8
0
 10
105.927
 20
70.3532
 11
106.277
 21
70.2145
  0
LINE
  8
0
 10
106.277
 20
70.2145
 11
106.607
 21
70.033
  0
LINE
  8
0
 10
106.607
 20
70.033
 11
106.912
 21
69.8115
  0
LINE
  8
0
 10
106.912
 20
69.8115
 11
107.187
 21
69.5536
  0
LINE
  8
0
 10
107.187
 20
69.5536
 11
107.427
 21
69.2634
  0
LINE
  8
0
 10
107.427
 20
69.2634
 11
107.629
 21
68.9453
  0
LINE
  8
0
 10
107.629
 20
68.9453
 11
107.789
 21
68.6044
  0
LINE
  8
0
 10
107.789
 20
68.6044
 11
107.906
 21
68.2461
  0
LINE
  8
0
 10
107.906
 20
68.2461
 11
107.976
 21
67.876
  0
LINE
  8
0
 10
107.976
 20
67.876
 11
108
 21
67.5
  0
LINE
  8
0
 10
108
 20
67.5
 11
107.976
 21
67.124
  0
LINE
  8
0
 10
107.976
 20
67.124
 11
107.906
 21
66.7539
  0
LINE
  8
0
 10
107.906
 20
66.7539
 11
107.789
 21
66.3956
  0
LINE
  8
0
 10
107.789
 20
66.3956
 11
107.629
 21
66.0547
  0
LINE
  8
0
 10
107.629
 20
66.0547
 11
107.427
 21
65.7366
  0
LINE
  8
0
 10
107.427
 20
65.7366
 11
107.187
 21
65.4464
  0
LINE
  8
0
 10
107.187
 20
65.4464
 11
106.912
 21
65.1885
  0
LINE
  8
0
 10
106.912
 20
65.1885
 11
106.607
 21
64.967
  0
LINE
  8
0
 10
106.607
 20
64.967
 11
106.277
 21
64.7855
  0
LINE
  8
0
 10
106.277
 20
64.7855
 11
105.927
 21
64.6468
  0
LINE
  8
0
 10
105.927
 20
64.6468
 11
105.562
 21
64.5531
  0
LINE
  8
0
 10
105.562
 20
64.5531
 11
105.188
 21
64.5059
  0
LINE
  8
0
 10
105.188
 20
64.5059
 11
104.812
 21
64.5059
  0
LINE
  8
0
 10
-105.094
 20
58.503
 11
-105.281
 21
58.5266
  0
LINE
  8
0
 10
-105.281
 20
58.5266
 11
-105.464
 21
58.5734
  0
LINE
  8
0
 10
-105.464
 20
58.5734
 11
-105.639
 21
58.6428
  0
LINE
  8
0
 10
-105.639
 20
58.6428
 11
-105.804
 21
58.7335
  0
LINE
  8
0
 10
-105.804
 20
58.7335
 11
-105.956
 21
58.8442
  0
LINE
  8
0
 10
-105.956
 20
58.8442
 11
-106.093
 21
58.9732
  0
LINE
  8
0
 10
-106.093
 20
58.9732
 11
-106.214
 21
59.1183
  0
LINE
  8
0
 10
-106.214
 20
59.1183
 11
-106.314
 21
59.2774
  0
LINE
  8
0
 10
-106.314
 20
59.2774
 11
-106.395
 21
59.4478
  0
LINE
  8
0
 10
-106.395
 20
59.4478
 11
-106.453
 21
59.627
  0
LINE
  8
0
 10
-106.453
 20
59.627
 11
-106.488
 21
59.812
  0
LINE
  8
0
 10
-106.488
 20
59.812
 11
-106.5
 21
60
  0
LINE
  8
0
 10
-106.5
 20
60
 11
-106.488
 21
60.188
  0
LINE
  8
0
 10
-106.488
 20
60.188
 11
-106.453
 21
60.373
  0
LINE
  8
0
 10
-106.453
 20
60.373
 11
-106.395
 21
60.5522
  0
LINE
  8
0
 10
-106.395
 20
60.5522
 11
-106.314
 21
60.7226
  0
LINE
  8
0
 10
-106.314
 20
60.7226
 11
-106.214
 21
60.8817
  0
LINE
  8
0
 10
-106.214
 20
60.8817
 11
-106.093
 21
61.0268
  0
LINE
  8
0
 10
-106.093
 20
61.0268
 11
-105.956
 21
61.1558
  0
LINE
  8
0
 10
-105.956
 20
61.1558
 11
-105.804
 21
61.2665
  0
LINE
  8
0
 10
-105.804
 20
61.2665
 11
-105.639
 21
61.3572
  0
LINE
  8
0
 10
-105.639
 20
61.3572
 11
-105.464
 21
61.4266
  0
LINE
  8
0
 10
-105.464
 20
61.4266
 11
-105.281
 21
61.4734
  0
LINE
  8
0
 10
-105.281
 20
61.4734
 11
-105.094
 21
61.497
  0
LINE
  8
0
 10
-105.094
 20
61.497
 11
-104.906
 21
61.497
  0
LINE
  8
0
 10
-104.906
 20
61.497
 11
-104.719
 21
61.4734
  0
LINE
  8
0
 10
-104.719
 20
61.4734
 11
-104.536
 21
61.4266
  0
LINE
  8
0
 10
-104.536
 20
61.4266
 11
-104.361
 21
61.3572
  0
LINE
  8
0
 10
-104.361
 20
61.3572
 11
-104.196
 21
61.2665
  0
LINE
  8
0
 10
-104.196
 20
61.2665
 11
-104.044
 21
61.1558
  0
LINE
  8
0
 10
-104.044
 20
61.1558
 11
-103.907
 21
61.0268
  0
LINE
  8
0
 10
-103.907
 20
61.0268
 11
-103.786
 21
60.8817
  0
LINE
  8
0
 10
-103.786
 20
60.8817
 11
-103.686
 21
60.7226
  0
LINE
  8
0
 10
-103.686
 20
60.7226
 11
-103.605
 21
60.5522
  0
LINE
  8
0
 10
-103.605
 20
60.5522
 11
-103.547
 21
60.373
  0
LINE
  8
0
 10
-103.547
 20
60.373
 11
-103.512
 21
60.188
  0
LINE
  8
0
 10
-103.512
 20
60.188
 11
-103.5
 21
60
  0
LINE
  8
0
 10
-103.5
 20
60
 11
-103.512
 21
59.812
  0
LINE
  8
0
 10
-103.512
 20
59.812
 11
-103.547
 21
59.627
  0
LINE
  8
0
 10
-103.547
 20
59.627
 11
-103.605
 21
59.4478
  0
LINE
  8
0
 10
-103.605
 20
59.4478
 11
-103.686
 21
59.2774
  0
LINE
  8
0
 10
-103.686
 20
59.2774
 11
-103.786
 21
59.1183
  0
LINE
  8
0
 10
-103.786
 20
59.1183
 11
-103.907
 21
58.9732
  0
LINE
  8
0
 10
-103.907
 20
58.9732
 11
-104.044
 21
58.8442
  0
LINE
  8
0
 10
-104.044
 20
58.8442
 11
-104.196
 21
58.7335
  0
LINE
  8
0
 10
-104.196
 20
58.7335
 11
-104.361
 21
58.6428
  0
LINE
  8
0
 10
-104.361
 20
58.6428
 11
-104.536
 21
58.5734
  0
LINE
  8
0
 10
-104.536
 20
58.5734
 11
-104.719
 21
58.5266
  0
LINE
  8
0
 10
-104.719
 20
58.5266
 11
-104.906
 21
58.503
  0
LINE
  8
0
 10
-104.906
 20
58.503
 11
-105.094
 21
58.503
  0
LINE
  8
0
 10
104.906
 20
58.503
 11
104.719
 21
58.5266
  0
LINE
  8
0
 10
104.719
 20
58.5266
 11
104.536
 21
58.5734
  0
LINE
  8
0
 10
104.536
 20
58.5734
 11
104.361
 21
58.6428
  0
LINE
  8
0
 10
104.361
 20
58.6428
 11
104.196
 21
58.7335
  0
LINE
  8
0
 10
104.196
 20
58.7335
 11
104.044
 21
58.8442
  0
LINE
  8
0
 10
104.044
 20
58.8442
 11
103.907
 21
58.9732
  0
LINE
  8
0
 10
103.907
 20
58.9732
 11
103.786
 21
59.1183
  0
LINE
  8
0
 10
103.786
 20
59.1183
 11
103.686
 21
59.2774
  0
LINE
  8
0
 10
103.686
 20
59.2774
 11
103.605
 21
59.4478
  0
LINE
  8
0
 10
103.605
 20
59.4478
 11
103.547
 21
59.627
  0
LINE
  8
0
 10
103.547
 20
59.627
 11
103.512
 21
59.812
  0
LINE
  8
0
 10
103.512
 20
59.812
 11
103.5
 21
60
  0
LINE
  8
0
 10
103.5
 20
60
 11
103.512
 21
60.188
  0
LINE
  8
0
 10
103.512
 20
60.188
 11
103.547
 21
60.373
  0
LINE
  8
0
 10
103.547
 20
60.373
 11
103.605
 21
60.5522
  0
LINE
  8
0
 10
103.605
 20
60.5522
 11
103.686
 21
60.7226
  0
LINE
  8
0
 10
103.686
 20
60.7226
 11
103.786
 21
60.8817
  0
LINE
  8
0
 10
103.786
 20
60.8817
 11
103.907
 21
61.0268
  0
LINE
  8
0
 10
103.907
 20
61.0268
 11
104.044
 21
61.1558
  0
LINE
  8
0
 10
104.044
 20
61.1558
 11
104.196
 21
61.2665
  0
LINE
  8
0
 10
104.196
 20
61.2665
 11
104.361
 21
61.3572
  0
LINE
  8
0
 10
104.361
 20
61.3572
 11
104.536
 21
61.4266
  0
LINE
  8
0
 10
104.536
 20
61.4266
 11
104.719
 21
61.4734
  0
LINE
  8
0
 10
104.719
 20
61.4734
 11
104.906
 21
61.497
  0
LINE
  8
0
 10
104.906
 20
61.497
 11
105.094
 21
61.497
  0
LINE
  8
0
 10
105.094
 20
61.497
 11
105.281
 21
61.4734
  0
LINE
  8
0
 10
105.281
 20
61.4734
 11
105.464
 21
61.4266
  0
LINE
  8
0
 10
105.464
 20
61.4266
 11
105.639
 21
61.3572
  0
LINE
  8
0
 10
105.639
 20
61.3572
 11
105.804
 21
61.2665
  0
LINE
  8
0
 10
105.804
 20
61.2665
 11
105.956
 21
61.1558
  0
LINE
  8
0
 10
105.956
 20
61.1558
 11
106.093
 21
61.0268
  0
LINE
  8
0
 10
106.093
 20
61.0268
 11
106.214
 21
60.8817
  0
LINE
  8
0
 10
106.214
 20
60.8817
 11
106.314
 21
60.7226
  0
LINE
  8
0
 10
106.314
 20
60.7226
 11
106.395
 21
60.5522
  0
LINE
  8
0
 10
106.395
 20
60.5522
 11
106.453
 21
60.373
  0
LINE
  8
0
 10
106.453
 20
60.373
 11
106.488
 21
60.188
  0
LINE
  8
0
 10
106.488
 20
60.188
 11
106.5
 21
60
  0
LINE
  8
0
 10
106.5
 20
60
 11
106.488
 21
59.812
  0
LINE
  8
0
 10
106.488
 20
59.812
 11
106.453
 21
59.627
  0
LINE
  8
0
 10
106.453
 20
59.627
 11
106.395
 21
59.4478
  0
LINE
  8
0
 10
106.395
 20
59.4478
 11
106.314
 21
59.2774
  0
LINE
  8
0
 10
106.314
 20
59.2774
 11
106.214
 21
59.1183
  0
LINE
  8
0
 10
106.214
 20
59.1183
 11
106.093
 21
58.9732
  0
LINE
  8
0
 10
106.093
 20
58.9732
 11
105.956
 21
58.8442
  0
LINE
  8
0
 10
105.956
 20
58.8442
 11
105.804
 21
58.7335
  0
LINE
  8
0
 10
105.804
 20
58.7335
 11
105.639
 21
58.6428
  0
LINE
  8
0
 10
105.639
 20
58.6428
 11
105.464
 21
58.5734
  0
LINE
  8
0
 10
105.464
 20
58.5734
 11
105.281
 21
58.5266
  0
LINE
  8
0
 10
105.281
 20
58.5266
 11
105.094
 21
58.503
  0
LINE
  8
0
 10
105.094
 20
58.503
 11
104.906
 21
58.503
  0
LINE
  8
0
 10
-105.188
 20
49.5059
 11
-105.562
 21
49.5531
  0
LINE
  8
0
 10
-105.562
 20
49.5531
 11
-105.927
 21
49.6468
  0
LINE
  8
0
 10
-105.927
 20
49.6468
 11
-106.277
 21
49.7855
  0
LINE
  8
0
 10
-106.277
 20
49.7855
 11
-106.607
 21
49.967
  0
LINE
  8
0
 10
-106.607
 20
49.967
 11
-106.912
 21
50.1885
  0
LINE
  8
0
 10
-106.912
 20
50.1885
 11
-107.187
 21
50.4464
  0
LINE
  8
0
 10
-107.187
 20
50.4464
 11
-107.427
 21
50.7366
  0
LINE
  8
0
 10
-107.427
 20
50.7366
 11
-107.629
 21
51.0547
  0
LINE
  8
0
 10
-107.629
 20
51.0547
 11
-107.789
 21
51.3956
  0
LINE
  8
0
 10
-107.789
 20
51.3956
 11
-107.906
 21
51.7539
  0
LINE
  8
0
 10
-107.906
 20
51.7539
 11
-107.976
 21
52.124
  0
LINE
  8
0
 10
-107.976
 20
52.124
 11
-108
 21
52.5
  0
LINE
  8
0
 10
-108
 20
52.5
 11
-107.976
 21
52.876
  0
LINE
  8
0
 10
-107.976
 20
52.876
 11
-107.906
 21
53.2461
  0
LINE
  8
0
 10
-107.906
 20
53.2461
 11
-107.789
 21
53.6044
  0
LINE
  8
0
 10
-107.789
 20
53.6044
 11
-107.629
 21
53.9453
  0
LINE
  8
0
 10
-107.629
 20
53.9453
 11
-107.427
 21
54.2634
  0
LINE
  8
0
 10
-107.427
 20
54.2634
 11
-107.187
 21
54.5536
  0
LINE
  8
0
 10
-107.187
 20
54.5536
 11
-106.912
 21
54.8115
  0
LINE
  8
0
 10
-106.912
 20
54.8115
 11
-106.607
 21
55.033
  0
LINE
  8
0
 10
-106.607
 20
55.033
 11
-106.277
 21
55.2145
  0
LINE
  8
0
 10
-106.277
 20
55.2145
 11
-105.927
 21
55.3532
  0
LINE
  8
0
 10
-105.927
 20
55.3532
 11
-105.562
 21
55.4469
  0
LINE
  8
0
 10
-105.562
 20
55.4469
 11
-105.188
 21
55.4941
  0
LINE
  8
0
 10
-105.188
 20
55.4941
 11
-104.812
 21
55.4941
  0
LINE
  8
0
 10
-104.812
 20
55.4941
 11
-104.438
 21
55.4469
  0
LINE
  8
0
 10
-104.438
 20
55.4469
 11
-104.073
 21
55.3532
  0
LINE
  8
0
 10
-104.073
 20
55.3532
 11
-103.723
 21
55.2145
  0
LINE
  8
0
 10
-103.723
 20
55.2145
 11
-103.393
 21
55.033
  0
LINE
  8
0
 10
-103.393
 20
55.033
 11
-103.088
 21
54.8115
  0
LINE
  8
0
 10
-103.088
 20
54.8115
 11
-102.813
 21
54.5536
  0
LINE
  8
0
 10
-102.813
 20
54.5536
 11
-102.573
 21
54.2634
  0
LINE
  8
0
 10
-102.573
 20
54.2634
 11
-102.371
 21
53.9453
  0
LINE
  8
0
 10
-102.371
 20
53.9453
 11
-102.211
 21
53.6044
  0
LINE
  8
0
 10
-102.211
 20
53.6044
 11
-102.094
 21
53.2461
  0
LINE
  8
0
 10
-102.094
 20
53.2461
 11
-102.024
 21
52.876
  0
LINE
  8
0
 10
-102.024
 20
52.876
 11
-102
 21
52.5
  0
LINE
  8
0
 10
-102
 20
52.5
 11
-102.024
 21
52.124
  0
LINE
  8
0
 10
-102.024
 20
52.124
 11
-102.094
 21
51.7539
  0
LINE
  8
0
 10
-102.094
 20
51.7539
 11
-102.211
 21
51.3956
  0
LINE
  8
0
 10
-102.211
 20
51.3956
 11
-102.371
 21
51.0547
  0
LINE
  8
0
 10
-102.371
 20
51.0547
 11
-102.573
 21
50.7366
  0
LINE
  8
0
 10
-102.573
 20
50.7366
 11
-102.813
 21
50.4464
  0
LINE
  8
0
 10
-102.813
 20
50.4464
 11
-103.088
 21
50.1885
  0
LINE
  8
0
 10
-103.088
 20
50.1885
 11
-103.393
 21
49.967
  0
LINE
  8
0
 10
-103.393
 20
49.967
 11
-103.723
 21
49.7855
  0
LINE
  8
0
 10
-103.723
 20
49.7855
 11
-104.073
 21
49.6468
  0
LINE
  8
0
 10
-104.073
 20
49.6468
 11
-104.438
 21
49.5531
  0
LINE
  8
0
 10
-104.438
 20
49.5531
 11
-104.812
 21
49.5059
  0
LINE
  8
0
 10
-104.812
 20
49.5059
 11
-105.188
 21
49.5059
  0
LINE
  8
0
 10
104.812
 20
49.5059
 11
104.438
 21
49.5531
  0
LINE
  8
0
 10
104.438
 20
49.5531
 11
104.073
 21
49.6468
  0
LINE
  8
0
 10
104.073
 20
49.6468
 11
103.723
 21
49.7855
  0
LINE
  8
0
 10
103.723
 20
49.7855
 11
103.393
 21
49.967
  0
LINE
  8
0
 10
103.393
 20
49.967
 11
103.088
 21
50.1885
  0
LINE
  8
0
 10
103.088
 20
50.1885
 11
102.813
 21
50.4464
  0
LINE
  8
0
 10
102.813
 20
50.4464
 11
102.573
 21
50.7366
  0
LINE
  8
0
 10
102.573
 20
50.7366
 11
102.371
 21
51.0547
  0
LINE
  8
0
 10
102.371
 20
51.0547
 11
102.211
 21
51.3956
  0
LINE
  8
0
 10
102.211
 20
51.3956
 11
102.094
 21
51.7539
  0
LINE
  8
0
 10
102.094
 20
51.7539
 11
102.024
 21
52.124
  0
LINE
  8
0
 10
102.024
 20
52.124
 11
102
 21
52.5
  0
LINE
  8
0
 10
102
 20
52.5
 11
102.024
 21
52.876
  0
LINE
  8
0
 10
102.024
 20
52.876
 11
102.094
 21
53.2461
  0
LINE
  8
0
 10
102.094
 20
53.2461
 11
102.211
 21
53.6044
  0
LINE
  8
0
 10
102.211
 20
53.6044
 11
102.371
 21
53.9453
  0
LINE
  8
0
 10
102.371
 20
53.9453
 11
102.573
 21
54.2634
  0
LINE
  8
0
 10
102.573
 20
54.2634
 11
102.813
 21
54.5536
  0
LINE
  8
0
 10
102.813
 20
54.5536
 11
103.088
 21
54.8115
  0
LINE
  8
0
 10
103.088
 20
54.8115
 11
103.393
 21
55.033
  0
LINE
  8
0
 10
103.393
 20
55.033
 11
103.723
 21
55.2145
  0
LINE
  8
0
 10
103.723
 20
55.2145
 11
104.073
 21
55.3532
  0
LINE
  8
0
 10
104.073
 20
55.3532
 11
104.438
 21
55.4469
  0
LINE
  8
0
 10
104.438
 20
55.4469
 11
104.812
 21
55.4941
  0
LINE
  8
0
 10
104.812
 20
55.4941
 11
105.188
 21
55.4941
  0
LINE
  8
0
 10
105.188
 20
55.4941
 11
105.562
 21
55.4469
  0
LINE
  8
0
 10
105.562
 20
55.4469
 11
105.927
 21
55.3532
  0
LINE
  8
0
 10
105.927
 20
55.3532
 11
106.277
 21
55.2145
  0
LINE
  8
0
 10
106.277
 20
55.2145
 11
106.607
 21
55.033
  0
LINE
  8
0
 10
106.607
 20
55.033
 11
106.912
 21
54.8115
  0
LINE
  8
0
 10
106.912
 20
54.8115
 11
107.187
 21
54.5536
  0
LINE
  8
0
 10
107.187
 20
54.5536
 11
107.427
 21
54.2634
  0
LINE
  8
0
 10
107.427
 20
54.2634
 11
107.629
 21
53.9453
  0
LINE
  8
0
 10
107.629
 20
53.9453
 11
107.789
 21
53.6044
  0
LINE
  8
0
 10
107.789
 20
53.6044
 11
107.906
 21
53.2461
  0
LINE
  8
0
 10
107.906
 20
53.2461
 11
107.976
 21
52.876
  0
LINE
  8
0
 10
107.976
 20
52.876
 11
108
 21
52.5
  0
LINE
  8
0
 10
108
 20
52.5
 11
107.976
 21
52.124
  0
LINE
  8
0
 10
107.976
 20
52.124
 11
107.906
 21
51.7539
  0
LINE
  8
0
 10
107.906
 20
51.7539
 11
107.789
 21
51.3956
  0
LINE
  8
0
 10
107.789
 20
51.3956
 11
107.629
 21
51.0547
  0
LINE
  8
0
 10
107.629
 20
51.0547
 11
107.427
 21
50.7366
  0
LINE
  8
0
 10
107.427
 20
50.7366
 11
107.187
 21
50.4464
  0
LINE
  8
0
 10
107.187
 20
50.4464
 11
106.912
 21
50.1885
  0
LINE
  8
0
 10
106.912
 20
50.1885
 11
106.607
 21
49.967
  0
LINE
  8
0
 10
106.607
 20
49.967
 11
106.277
 21
49.7855
  0
LINE
  8
0
 10
106.277
 20
49.7855
 11
105.927
 21
49.6468
  0
LINE
  8
0
 10
105.927
 20
49.6468
 11
105.562
 21
49.5531
  0
LINE
  8
0
 10
105.562
 20
49.5531
 11
105.188
 21
49.5059
  0
LINE
  8
0
 10
105.188
 20
49.5059
 11
104.812
 21
49.5059
  0
LINE
  8
0
 10
104.906
 20
43.503
 11
104.719
 21
43.5266
  0
LINE
  8
0
 10
104.719
 20
43.5266
 11
104.536
 21
43.5734
  0
LINE
  8
0
 10
104.536
 20
43.5734
 11
104.361
 21
43.6428
  0
LINE
  8
0
 10
104.361
 20
43.6428
 11
104.196
 21
43.7335
  0
LINE
  8
0
 10
104.196
 20
43.7335
 11
104.044
 21
43.8442
  0
LINE
  8
0
 10
104.044
 20
43.8442
 11
103.907
 21
43.9732
  0
LINE
  8
0
 10
103.907
 20
43.9732
 11
103.786
 21
44.1183
  0
LINE
  8
0
 10
103.786
 20
44.1183
 11
103.686
 21
44.2774
  0
LINE
  8
0
 10
103.686
 20
44.2774
 11
103.605
 21
44.4478
  0
LINE
  8
0
 10
103.605
 20
44.4478
 11
103.547
 21
44.627
  0
LINE
  8
0
 10
103.547
 20
44.627
 11
103.512
 21
44.812
  0
LINE
  8
0
 10
103.512
 20
44.812
 11
103.5
 21
45
  0
LINE
  8
0
 10
103.5
 20
45
 11
103.512
 21
45.188
  0
LINE
  8
0
 10
103.512
 20
45.188
 11
103.547
 21
45.373
  0
LINE
  8
0
 10
103.547
 20
45.373
 11
103.605
 21
45.5522
  0
LINE
  8
0
 10
103.605
 20
45.5522
 11
103.686
 21
45.7226
  0
LINE
  8
0
 10
103.686
 20
45.7226
 11
103.786
 21
45.8817
  0
LINE
  8
0
 10
103.786
 20
45.8817
 11
103.907
 21
46.0268
  0
LINE
  8
0
 10
103.907
 20
46.0268
 11
104.044
 21
46.1558
  0
LINE
  8
0
 10
104.044
 20
46.1558
 11
104.196
 21
46.2665
  0
LINE
  8
0
 10
104.196
 20
46.2665
 11
104.361
 21
46.3572
  0
LINE
  8
0
 10
104.361
 20
46.3572
 11
104.536
 21
46.4266
  0
LINE
  8
0
 10
104.536
 20
46.4266
 11
104.719
 21
46.4734
  0
LINE
  8
0
 10
104.719
 20
46.4734
 11
104.906
 21
46.497
  0
LINE
  8
0
 10
104.906
 20
46.497
 11
105.094
 21
46.497
  0
LINE
  8
0
 10
105.094
 20
46.497
 11
105.281
 21
46.4734
  0
LINE
  8
0
 10
105.281
 20
46.4734
 11
105.464
 21
46.4266
  0
LINE
  8
0
 10
105.464
 20
46.4266
 11
105.639
 21
46.3572
  0
LINE
  8
0
 10
105.639
 20
46.3572
 11
105.804
 21
46.2665
  0
LINE
  8
0
 10
105.804
 20
46.2665
 11
105.956
 21
46.1558
  0
LINE
  8
0
 10
105.956
 20
46.1558
 11
106.093
 21
46.0268
  0
LINE
  8
0
 10
106.093
 20
46.0268
 11
106.214
 21
45.8817
  0
LINE
  8
0
 10
106.214
 20
45.8817
 11
106.314
 21
45.7226
  0
LINE
  8
0
 10
106.314
 20
45.7226
 11
106.395
 21
45.5522
  0
LINE
  8
0
 10
106.395
 20
45.5522
 11
106.453
 21
45.373
  0
LINE
  8
0
 10
106.453
 20
45.373
 11
106.488
 21
45.188
  0
LINE
  8
0
 10
106.488
 20
45.188
 11
106.5
 21
45
  0
LINE
  8
0
 10
106.5
 20
45
 11
106.488
 21
44.812
  0
LINE
  8
0
 10
106.488
 20
44.812
 11
106.453
 21
44.627
  0
LINE
  8
0
 10
106.453
 20
44.627
 11
106.395
 21
44.4478
  0
LINE
  8
0
 10
106.395
 20
44.4478
 11
106.314
 21
44.2774
  0
LINE
  8
0
 10
106.314
 20
44.2774
 11
106.214
 21
44.1183
  0
LINE
  8
0
 10
106.214
 20
44.1183
 11
106.093
 21
43.9732
  0
LINE
  8
0
 10
106.093
 20
43.9732
 11
105.956
 21
43.8442
  0
LINE
  8
0
 10
105.956
 20
43.8442
 11
105.804
 21
43.7335
  0
LINE
  8
0
 10
105.804
 20
43.7335
 11
105.639
 21
43.6428
  0
LINE
  8
0
 10
105.639
 20
43.6428
 11
105.464
 21
43.5734
  0
LINE
  8
0
 10
105.464
 20
43.5734
 11
105.281
 21
43.5266
  0
LINE
  8
0
 10
105.281
 20
43.5266
 11
105.094
 21
43.503
  0
LINE
  8
0
 10
105.094
 20
43.503
 11
104.906
 21
43.503
  0
LINE
  8
0
 10
-105.094
 20
43.503
 11
-105.281
 21
43.5266
  0
LINE
  8
0
 10
-105.281
 20
43.5266
 11
-105.464
 21
43.5734
  0
LINE
  8
0
 10
-105.464
 20
43.5734
 11
-105.639
 21
43.6428
  0
LINE
  8
0
 10
-105.639
 20
43.6428
 11
-105.804
 21
43.7335
  0
LINE
  8
0
 10
-105.804
 20
43.7335
 11
-105.956
 21
43.8442
  0
LINE
  8
0
 10
-105.956
 20
43.8442
 11
-106.093
 21
43.9732
  0
LINE
  8
0
 10
-106.093
 20
43.9732
 11
-106.214
 21
44.1183
  0
LINE
  8
0
 10
-106.214
 20
44.1183
 11
-106.314
 21
44.2774
  0
LINE
  8
0
 10
-106.314
 20
44.2774
 11
-106.395
 21
44.4478
  0
LINE
  8
0
 10
-106.395
 20
44.4478
 11
-106.453
 21
44.627
  0
LINE
  8
0
 10
-106.453
 20
44.627
 11
-106.488
 21
44.812
  0
LINE
  8
0
 10
-106.488
 20
44.812
 11
-106.5
 21
45
  0
LINE
  8
0
 10
-106.5
 20
45
 11
-106.488
 21
45.188
  0
LINE
  8
0
 10
-106.488
 20
45.188
 11
-106.453
 21
45.373
  0
LINE
  8
0
 10
-106.453
 20
45.373
 11
-106.395
 21
45.5522
  0
LINE
  8
0
 10
-106.395
 20
45.5522
 11
-106.314
 21
45.7226
  0
LINE
  8
0
 10
-106.314
 20
45.7226
 11
-106.214
 21
45.8817
  0
LINE
  8
0
 10
-106.214
 20
45.8817
 11
-106.093
 21
46.0268
  0
LINE
  8
0
 10
-106.093
 20
46.0268
 11
-105.956
 21
46.1558
  0
LINE
  8
0
 10
-105.956
 20
46.1558
 11
-105.804
 21
46.2665
  0
LINE
  8
0
 10
-105.804
 20
46.2665
 11
-105.639
 21
46.3572
  0
LINE
  8
0
 10
-105.639
 20
46.3572
 11
-105.464
 21
46.4266
  0
LINE
  8
0
 10
-105.464
 20
46.4266
 11
-105.281
 21
46.4734
  0
LINE
  8
0
 10
-105.281
 20
46.4734
 11
-105.094
 21
46.497
  0
LINE
  8
0
 10
-105.094
 20
46.497
 11
-104.906
 21
46.497
  0
LINE
  8
0
 10
-104.906
 20
46.497
 11
-104.719
 21
46.4734
  0
LINE
  8
0
 10
-104.719
 20
46.4734
 11
-104.536
 21
46.4266
  0
LINE
  8
0
 10
-104.536
 20
46.4266
 11
-104.361
 21
46.3572
  0
LINE
  8
0
 10
-104.361
 20
46.3572
 11
-104.196
 21
46.2665
  0
LINE
  8
0
 10
-104.196
 20
46.2665
 11
-104.044
 21
46.1558
  0
LINE
  8
0
 10
-104.044
 20
46.1558
 11
-103.907
 21
46.0268
  0
LINE
  8
0
 10
-103.907
 20
46.0268
 11
-103.786
 21
45.8817
  0
LINE
  8
0
 10
-103.786
 20
45.8817
 11
-103.686
 21
45.7226
  0
LINE
  8
0
 10
-103.686
 20
45.7226
 11
-103.605
 21
45.5522
  0
LINE
  8
0
 10
-103.605
 20
45.5522
 11
-103.547
 21
45.373
  0
LINE
  8
0
 10
-103.547
 20
45.373
 11
-103.512
 21
45.188
  0
LINE
  8
0
 10
-103.512
 20
45.188
 11
-103.5
 21
45
  0
LINE
  8
0
 10
-103.5
 20
45
 11
-103.512
 21
44.812
  0
LINE
  8
0
 10
-103.512
 20
44.812
 11
-103.547
 21
44.627
  0
LINE
  8
0
 10
-103.547
 20
44.627
 11
-103.605
 21
44.4478
  0
LINE
  8
0
 10
-103.605
 20
44.4478
 11
-103.686
 21
44.2774
  0
LINE
  8
0
 10
-103.686
 20
44.2774
 11
-103.786
 21
44.1183
  0
LINE
  8
0
 10
-103.786
 20
44.1183
 11
-103.907
 21
43.9732
  0
LINE
  8
0
 10
-103.907
 20
43.9732
 11
-104.044
 21
43.8442
  0
LINE
  8
0
 10
-104.044
 20
43.8442
 11
-104.196
 21
43.7335
  0
LINE
  8
0
 10
-104.196
 20
43.7335
 11
-104.361
 21
43.6428
  0
LINE
  8
0
 10
-104.361
 20
43.6428
 11
-104.536
 21
43.5734
  0
LINE
  8
0
 10
-104.536
 20
43.5734
 11
-104.719
 21
43.5266
  0
LINE
  8
0
 10
-104.719
 20
43.5266
 11
-104.906
 21
43.503
  0
LINE
  8
0
 10
-104.906
 20
43.503
 11
-105.094
 21
43.503
  0
LINE
  8
0
 10
-105.188
 20
34.5059
 11
-105.562
 21
34.5531
  0
LINE
  8
0
 10
-105.562
 20
34.5531
 11
-105.927
 21
34.6468
  0
LINE
  8
0
 10
-105.927
 20
34.6468
 11
-106.277
 21
34.7855
  0
LINE
  8
0
 10
-106.277
 20
34.7855
 11
-106.607
 21
34.967
  0
LINE
  8
0
 10
-106.607
 20
34.967
 11
-106.912
 21
35.1885
  0
LINE
  8
0
 10
-106.912
 20
35.1885
 11
-107.187
 21
35.4464
  0
LINE
  8
0
 10
-107.187
 20
35.4464
 11
-107.427
 21
35.7366
  0
LINE
  8
0
 10
-107.427
 20
35.7366
 11
-107.629
 21
36.0547
  0
LINE
  8
0
 10
-107.629
 20
36.0547
 11
-107.789
 21
36.3956
  0
LINE
  8
0
 10
-107.789
 20
36.3956
 11
-107.906
 21
36.7539
  0
LINE
  8
0
 10
-107.906
 20
36.7539
 11
-107.976
 21
37.124
  0
LINE
  8
0
 10
-107.976
 20
37.124
 11
-108
 21
37.5
  0
LINE
  8
0
 10
-108
 20
37.5
 11
-107.976
 21
37.876
  0
LINE
  8
0
 10
-107.976
 20
37.876
 11
-107.906
 21
38.2461
  0
LINE
  8
0
 10
-107.906
 20
38.2461
 11
-107.789
 21
38.6044
  0
LINE
  8
0
 10
-107.789
 20
38.6044
 11
-107.629
 21
38.9453
  0
LINE
  8
0
 10
-107.629
 20
38.9453
 11
-107.427
 21
39.2634
  0
LINE
  8
0
 10
-107.427
 20
39.2634
 11
-107.187
 21
39.5536
  0
LINE
  8
0
 10
-107.187
 20
39.5536
 11
-106.912
 21
39.8115
  0
LINE
  8
0
 10
-106.912
 20
39.8115
 11
-106.607
 21
40.033
  0
LINE
  8
0
 10
-106.607
 20
40.033
 11
-106.277
 21
40.2145
  0
LINE
  8
0
 10
-106.277
 20
40.2145
 11
-105.927
 21
40.3532
  0
LINE
  8
0
 10
-105.927
 20
40.3532
 11
-105.562
 21
40.4469
  0
LINE
  8
0
 10
-105.562
 20
40.4469
 11
-105.188
 21
40.4941
  0
LINE
  8
0
 10
-105.188
 20
40.4941
 11
-104.812
 21
40.4941
  0
LINE
  8
0
 10
-104.812
 20
40.4941
 11
-104.438
 21
40.4469
  0
LINE
  8
0
 10
-104.438
 20
40.4469
 11
-104.073
 21
40.3532
  0
LINE
  8
0
 10
-104.073
 20
40.3532
 11
-103.723
 21
40.2145
  0
LINE
  8
0
 10
-103.723
 20
40.2145
 11
-103.393
 21
40.033
  0
LINE
  8
0
 10
-103.393
 20
40.033
 11
-103.088
 21
39.8115
  0
LINE
  8
0
 10
-103.088
 20
39.8115
 11
-102.813
 21
39.5536
  0
LINE
  8
0
 10
-102.813
 20
39.5536
 11
-102.573
 21
39.2634
  0
LINE
  8
0
 10
-102.573
 20
39.2634
 11
-102.371
 21
38.9453
  0
LINE
  8
0
 10
-102.371
 20
38.9453
 11
-102.211
 21
38.6044
  0
LINE
  8
0
 10
-102.211
 20
38.6044
 11
-102.094
 21
38.2461
  0
LINE
  8
0
 10
-102.094
 20
38.2461
 11
-102.024
 21
37.876
  0
LINE
  8
0
 10
-102.024
 20
37.876
 11
-102
 21
37.5
  0
LINE
  8
0
 10
-102
 20
37.5
 11
-102.024
 21
37.124
  0
LINE
  8
0
 10
-102.024
 20
37.124
 11
-102.094
 21
36.7539
  0
LINE
  8
0
 10
-102.094
 20
36.7539
 11
-102.211
 21
36.3956
  0
LINE
  8
0
 10
-102.211
 20
36.3956
 11
-102.371
 21
36.0547
  0
LINE
  8
0
 10
-102.371
 20
36.0547
 11
-102.573
 21
35.7366
  0
LINE
  8
0
 10
-102.573
 20
35.7366
 11
-102.813
 21
35.4464
  0
LINE
  8
0
 10
-102.813
 20
35.4464
 11
-103.088
 21
35.1885
  0
LINE
  8
0
 10
-103.088
 20
35.1885
 11
-103.393
 21
34.967
  0
LINE
  8
0
 10
-103.393
 20
34.967
 11
-103.723
 21
34.7855
  0
LINE
  8
0
 10
-103.723
 20
34.7855
 11
-104.073
 21
34.6468
  0
LINE
  8
0
 10
-104.073
 20
34.6468
 11
-104.438
 21
34.5531
  0
LINE
  8
0
 10
-104.438
 20
34.5531
 11
-104.812
 21
34.5059
  0
LINE
  8
0
 10
-104.812
 20
34.5059
 11
-105.188
 21
34.5059
  0
LINE
  8
0
 10
104.812
 20
34.5059
 11
104.438
 21
34.5531
  0
LINE
  8
0
 10
104.438
 20
34.5531
 11
104.073
 21
34.6468
  0
LINE
  8
0
 10
104.073
 20
34.6468
 11
103.723
 21
34.7855
  0
LINE
  8
0
 10
103.723
 20
34.7855
 11
103.393
 21
34.967
  0
LINE
  8
0
 10
103.393
 20
34.967
 11
103.088
 21
35.1885
  0
LINE
  8
0
 10
103.088
 20
35.1885
 11
102.813
 21
35.4464
  0
LINE
  8
0
 10
102.813
 20
35.4464
 11
102.573
 21
35.7366
  0
LINE
  8
0
 10
102.573
 20
35.7366
 11
102.371
 21
36.0547
  0
LINE
  8
0
 10
102.371
 20
36.0547
 11
102.211
 21
36.3956
  0
LINE
  8
0
 10
102.211
 20
36.3956
 11
102.094
 21
36.7539
  0
LINE
  8
0
 10
102.094
 20
36.7539
 11
102.024
 21
37.124
  0
LINE
  8
0
 10
102.024
 20
37.124
 11
102
 21
37.5
  0
LINE
  8
0
 10
102
 20
37.5
 11
102.024
 21
37.876
  0
LINE
  8
0
 10
102.024
 20
37.876
 11
102.094
 21
38.2461
  0
LINE
  8
0
 10
102.094
 20
38.2461
 11
102.211
 21
38.6044
  0
LINE
  8
0
 10
102.211
 20
38.6044
 11
102.371
 21
38.9453
  0
LINE
  8
0
 10
102.371
 20
38.9453
 11
102.573
 21
39.2634
  0
LINE
  8
0
 10
102.573
 20
39.2634
 11
102.813
 21
39.5536
  0
LINE
  8
0
 10
102.813
 20
39.5536
 11
103.088
 21
39.8115
  0
LINE
  8
0
 10
103.088
 20
39.8115
 11
103.393
 21
40.033
  0
LINE
  8
0
 10
103.393
 20
40.033
 11
103.723
 21
40.2145
  0
LINE
  8
0
 10
103.723
 20
40.2145
 11
104.073
 21
40.3532
  0
LINE
  8
0
 10
104.073
 20
40.3532
 11
104.438
 21
40.4469
  0
LINE
  8
0
 10
104.438
 20
40.4469
 11
104.812
 21
40.4941
  0
LINE
  8
0
 10
104.812
 20
40.4941
 11
105.188
 21
40.4941
  0
LINE
  8
0
 10
105.188
 20
40.4941
 11
105.562
 21
40.4469
  0
LINE
  8
0
 10
105.562
 20
40.4469
 11
105.927
 21
40.3532
  0
LINE
  8
0
 10
105.927
 20
40.3532
 11
106.277
 21
40.2145
  0
LINE
  8
0
 10
106.277
 20
40.2145
 11
106.607
 21
40.033
  0
LINE
  8
0
 10
106.607
 20
40.033
 11
106.912
 21
39.8115
  0
LINE
  8
0
 10
106.912
 20
39.8115
 11
107.187
 21
39.5536
  0
LINE
  8
0
 10
107.187
 20
39.5536
 11
107.427
 21
39.2634
  0
LINE
  8
0
 10
107.427
 20
39.2634
 11
107.629
 21
38.9453
  0
LINE
  8
0
 10
107.629
 20
38.9453
 11
107.789
 21
38.6044
  0
LINE
  8
0
 10
107.789
 20
38.6044
 11
107.906
 21
38.2461
  0
LINE
  8
0
 10
107.906
 20
38.2461
 11
107.976
 21
37.876
  0
LINE
  8
0
 10
107.976
 20
37.876
 11
108
 21
37.5
  0
LINE
  8
0
 10
108
 20
37.5
 11
107.976
 21
37.124
  0
LINE
  8
0
 10
107.976
 20
37.124
 11
107.906
 21
36.7539
  0
LINE
  8
0
 10
107.906
 20
36.7539
 11
107.789
 21
36.3956
  0
LINE
  8
0
 10
107.789
 20
36.3956
 11
107.629
 21
36.0547
  0
LINE
  8
0
 10
107.629
 20
36.0547
 11
107.427
 21
35.7366
  0
LINE
  8
0
 10
107.427
 20
35.7366
 11
107.187
 21
35.4464
  0
LINE
  8
0
 10
107.187
 20
35.4464
 11
106.912
 21
35.1885
  0
LINE
  8
0
 10
106.912
 20
35.1885
 11
106.607
 21
34.967
  0
LINE
  8
0
 10
106.607
 20
34.967
 11
106.277
 21
34.7855
  0
LINE
  8
0
 10
106.277
 20
34.7855
 11
105.927
 21
34.6468
  0
LINE
  8
0
 10
105.927
 20
34.6468
 11
105.562
 21
34.5531
  0
LINE
  8
0
 10
105.562
 20
34.5531
 11
105.188
 21
34.5059
  0
LINE
  8
0
 10
105.188
 20
34.5059
 11
104.812
 21
34.5059
  0
LINE
  8
0
 10
104.906
 20
28.503
 11
104.719
 21
28.5266
  0
LINE
  8
0
 10
104.719
 20
28.5266
 11
104.536
 21
28.5734
  0
LINE
  8
0
 10
104.536
 20
28.5734
 11
104.361
 21
28.6427
  0
LINE
  8
0
 10
104.361
 20
28.6427
 11
104.196
 21
28.7335
  0
LINE
  8
0
 10
104.196
 20
28.7335
 11
104.044
 21
28.8442
  0
LINE
  8
0
 10
104.044
 20
28.8442
 11
103.907
 21
28.9732
  0
LINE
  8
0
 10
103.907
 20
28.9732
 11
103.786
 21
29.1183
  0
LINE
  8
0
 10
103.786
 20
29.1183
 11
103.686
 21
29.2774
  0
LINE
  8
0
 10
103.686
 20
29.2774
 11
103.605
 21
29.4478
  0
LINE
  8
0
 10
103.605
 20
29.4478
 11
103.547
 21
29.627
  0
LINE
  8
0
 10
103.547
 20
29.627
 11
103.512
 21
29.812
  0
LINE
  8
0
 10
103.512
 20
29.812
 11
103.5
 21
30
  0
LINE
  8
0
 10
103.5
 20
30
 11
103.512
 21
30.188
  0
LINE
  8
0
 10
103.512
 20
30.188
 11
103.547
 21
30.373
  0
LINE
  8
0
 10
103.547
 20
30.373
 11
103.605
 21
30.5522
  0
LINE
  8
0
 10
103.605
 20
30.5522
 11
103.686
 21
30.7226
  0
LINE
  8
0
 10
103.686
 20
30.7226
 11
103.786
 21
30.8817
  0
LINE
  8
0
 10
103.786
 20
30.8817
 11
103.907
 21
31.0268
  0
LINE
  8
0
 10
103.907
 20
31.0268
 11
104.044
 21
31.1558
  0
LINE
  8
0
 10
104.044
 20
31.1558
 11
104.196
 21
31.2665
  0
LINE
  8
0
 10
104.196
 20
31.2665
 11
104.361
 21
31.3572
  0
LINE
  8
0
 10
104.361
 20
31.3572
 11
104.536
 21
31.4266
  0
LINE
  8
0
 10
104.536
 20
31.4266
 11
104.719
 21
31.4734
  0
LINE
  8
0
 10
104.719
 20
31.4734
 11
104.906
 21
31.497
  0
LINE
  8
0
 10
104.906
 20
31.497
 11
105.094
 21
31.497
  0
LINE
  8
0
 10
105.094
 20
31.497
 11
105.281
 21
31.4734
  0
LINE
  8
0
 10
105.281
 20
31.4734
 11
105.464
 21
31.4266
  0
LINE
  8
0
 10
105.464
 20
31.4266
 11
105.639
 21
31.3572
  0
LINE
  8
0
 10
105.639
 20
31.3572
 11
105.804
 21
31.2665
  0
LINE
  8
0
 10
105.804
 20
31.2665
 11
105.956
 21
31.1558
  0
LINE
  8
0
 10
105.956
 20
31.1558
 11
106.093
 21
31.0268
  0
LINE
  8
0
 10
106.093
 20
31.0268
 11
106.214
 21
30.8817
  0
LINE
  8
0
 10
106.214
 20
30.8817
 11
106.314
 21
30.7226
  0
LINE
  8
0
 10
106.314
 20
30.7226
 11
106.395
 21
30.5522
  0
LINE
  8
0
 10
106.395
 20
30.5522
 11
106.453
 21
30.373
  0
LINE
  8
0
 10
106.453
 20
30.373
 11
106.488
 21
30.188
  0
LINE
  8
0
 10
106.488
 20
30.188
 11
106.5
 21
30
  0
LINE
  8
0
 10
106.5
 20
30
 11
106.488
 21
29.812
  0
LINE
  8
0
 10
106.488
 20
29.812
 11
106.453
 21
29.627
  0
LINE
  8
0
 10
106.453
 20
29.627
 11
106.395
 21
29.4478
  0
LINE
  8
0
 10
106.395
 20
29.4478
 11
106.314
 21
29.2774
  0
LINE
  8
0
 10
106.314
 20
29.2774
 11
106.214
 21
29.1183
  0
LINE
  8
0
 10
106.214
 20
29.1183
 11
106.093
 21
28.9732
  0
LINE
  8
0
 10
106.093
 20
28.9732
 11
105.956
 21
28.8442
  0
LINE
  8
0
 10
105.956
 20
28.8442
 11
105.804
 21
28.7335
  0
LINE
  8
0
 10
105.804
 20
28.7335
 11
105.639
 21
28.6427
  0
LINE
  8
0
 10
105.639
 20
28.6427
 11
105.464
 21
28.5734
  0
LINE
  8
0
 10
105.464
 20
28.5734
 11
105.281
 21
28.5266
  0
LINE
  8
0
 10
105.281
 20
28.5266
 11
105.094
 21
28.503
  0
LINE
  8
0
 10
105.094
 20
28.503
 11
104.906
 21
28.503
  0
LINE
  8
0
 10
-105.094
 20
28.503
 11
-105.281
 21
28.5266
  0
LINE
  8
0
 10
-105.281
 20
28.5266
 11
-105.464
 21
28.5734
  0
LINE
  8
0
 10
-105.464
 20
28.5734
 11
-105.639
 21
28.6427
  0
LINE
  8
0
 10
-105.639
 20
28.6427
 11
-105.804
 21
28.7335
  0
LINE
  8
0
 10
-105.804
 20
28.7335
 11
-105.956
 21
28.8442
  0
LINE
  8
0
 10
-105.956
 20
28.8442
 11
-106.093
 21
28.9732
  0
LINE
  8
0
 10
-106.093
 20
28.9732
 11
-106.214
 21
29.1183
  0
LINE
  8
0
 10
-106.214
 20
29.1183
 11
-106.314
 21
29.2774
  0
LINE
  8
0
 10
-106.314
 20
29.2774
 11
-106.395
 21
29.4478
  0
LINE
  8
0
 10
-106.395
 20
29.4478
 11
-106.453
 21
29.627
  0
LINE
  8
0
 10
-106.453
 20
29.627
 11
-106.488
 21
29.812
  0
LINE
  8
0
 10
-106.488
 20
29.812
 11
-106.5
 21
30
  0
LINE
  8
0
 10
-106.5
 20
30
 11
-106.488
 21
30.188
  0
LINE
  8
0
 10
-106.488
 20
30.188
 11
-106.453
 21
30.373
  0
LINE
  8
0
 10
-106.453
 20
30.373
 11
-106.395
 21
30.5522
  0
LINE
  8
0
 10
-106.395
 20
30.5522
 11
-106.314
 21
30.7226
  0
LINE
  8
0
 10
-106.314
 20
30.7226
 11
-106.214
 21
30.8817
  0
LINE
  8
0
 10
-106.214
 20
30.8817
 11
-106.093
 21
31.0268
  0
LINE
  8
0
 10
-106.093
 20
31.0268
 11
-105.956
 21
31.1558
  0
LINE
  8
0
 10
-105.956
 20
31.1558
 11
-105.804
 21
31.2665
  0
LINE
  8
0
 10
-105.804
 20
31.2665
 11
-105.639
 21
31.3572
  0
LINE
  8
0
 10
-105.639
 20
31.3572
 11
-105.464
 21
31.4266
  0
LINE
  8
0
 10
-105.464
 20
31.4266
 11
-105.281
 21
31.4734
  0
LINE
  8
0
 10
-105.281
 20
31.4734
 11
-105.094
 21
31.497
  0
LINE
  8
0
 10
-105.094
 20
31.497
 11
-104.906
 21
31.497
  0
LINE
  8
0
 10
-104.906
 20
31.497
 11
-104.719
 21
31.4734
  0
LINE
  8
0
 10
-104.719
 20
31.4734
 11
-104.536
 21
31.4266
  0
LINE
  8
0
 10
-104.536
 20
31.4266
 11
-104.361
 21
31.3572
  0
LINE
  8
0
 10
-104.361
 20
31.3572
 11
-104.196
 21
31.2665
  0
LINE
  8
0
 10
-104.196
 20
31.2665
 11
-104.044
 21
31.1558
  0
LINE
  8
0
 10
-104.044
 20
31.1558
 11
-103.907
 21
31.0268
  0
LINE
  8
0
 10
-103.907
 20
31.0268
 11
-103.786
 21
30.8817
  0
LINE
  8
0
 10
-103.786
 20
30.8817
 11
-103.686
 21
30.7226
  0
LINE
  8
0
 10
-103.686
 20
30.7226
 11
-103.605
 21
30.5522
  0
LINE
  8
0
 10
-103.605
 20
30.5522
 11
-103.547
 21
30.373
  0
LINE
  8
0
 10
-103.547
 20
30.373
 11
-103.512
 21
30.188
  0
LINE
  8
0
 10
-103.512
 20
30.188
 11
-103.5
 21
30
  0
LINE
  8
0
 10
-103.5
 20
30
 11
-103.512
 21
29.812
  0
LINE
  8
0
 10
-103.512
 20
29.812
 11
-103.547
 21
29.627
  0
LINE
  8
0
 10
-103.547
 20
29.627
 11
-103.605
 21
29.4478
  0
LINE
  8
0
 10
-103.605
 20
29.4478
 11
-103.686
 21
29.2774
  0
LINE
  8
0
 10
-103.686
 20
29.2774
 11
-103.786
 21
29.1183
  0
LINE
  8
0
 10
-103.786
 20
29.1183
 11
-103.907
 21
28.9732
  0
LINE
  8
0
 10
-103.907
 20
28.9732
 11
-104.044
 21
28.8442
  0
LINE
  8
0
 10
-104.044
 20
28.8442
 11
-104.196
 21
28.7335
  0
LINE
  8
0
 10
-104.196
 20
28.7335
 11
-104.361
 21
28.6427
  0
LINE
  8
0
 10
-104.361
 20
28.6427
 11
-104.536
 21
28.5734
  0
LINE
  8
0
 10
-104.536
 20
28.5734
 11
-104.719
 21
28.5266
  0
LINE
  8
0
 10
-104.719
 20
28.5266
 11
-104.906
 21
28.503
  0
LINE
  8
0
 10
-104.906
 20
28.503
 11
-105.094
 21
28.503
  0
LINE
  8
0
 10
-105.188
 20
19.5059
 11
-105.562
 21
19.5531
  0
LINE
  8
0
 10
-105.562
 20
19.5531
 11
-105.927
 21
19.6468
  0
LINE
  8
0
 10
-105.927
 20
19.6468
 11
-106.277
 21
19.7855
  0
LINE
  8
0
 10
-106.277
 20
19.7855
 11
-106.607
 21
19.967
  0
LINE
  8
0
 10
-106.607
 20
19.967
 11
-106.912
 21
20.1884
  0
LINE
  8
0
 10
-106.912
 20
20.1884
 11
-107.187
 21
20.4464
  0
LINE
  8
0
 10
-107.187
 20
20.4464
 11
-107.427
 21
20.7366
  0
LINE
  8
0
 10
-107.427
 20
20.7366
 11
-107.629
 21
21.0547
  0
LINE
  8
0
 10
-107.629
 20
21.0547
 11
-107.789
 21
21.3956
  0
LINE
  8
0
 10
-107.789
 20
21.3956
 11
-107.906
 21
21.7539
  0
LINE
  8
0
 10
-107.906
 20
21.7539
 11
-107.976
 21
22.124
  0
LINE
  8
0
 10
-107.976
 20
22.124
 11
-108
 21
22.5
  0
LINE
  8
0
 10
-108
 20
22.5
 11
-107.976
 21
22.876
  0
LINE
  8
0
 10
-107.976
 20
22.876
 11
-107.906
 21
23.2461
  0
LINE
  8
0
 10
-107.906
 20
23.2461
 11
-107.789
 21
23.6044
  0
LINE
  8
0
 10
-107.789
 20
23.6044
 11
-107.629
 21
23.9453
  0
LINE
  8
0
 10
-107.629
 20
23.9453
 11
-107.427
 21
24.2634
  0
LINE
  8
0
 10
-107.427
 20
24.2634
 11
-107.187
 21
24.5536
  0
LINE
  8
0
 10
-107.187
 20
24.5536
 11
-106.912
 21
24.8115
  0
LINE
  8
0
 10
-106.912
 20
24.8115
 11
-106.607
 21
25.033
  0
LINE
  8
0
 10
-106.607
 20
25.033
 11
-106.277
 21
25.2145
  0
LINE
  8
0
 10
-106.277
 20
25.2145
 11
-105.927
 21
25.3532
  0
LINE
  8
0
 10
-105.927
 20
25.3532
 11
-105.562
 21
25.4469
  0
LINE
  8
0
 10
-105.562
 20
25.4469
 11
-105.188
 21
25.4941
  0
LINE
  8
0
 10
-105.188
 20
25.4941
 11
-104.812
 21
25.4941
  0
LINE
  8
0
 10
-104.812
 20
25.4941
 11
-104.438
 21
25.4469
  0
LINE
  8
0
 10
-104.438
 20
25.4469
 11
-104.073
 21
25.3532
  0
LINE
  8
0
 10
-104.073
 20
25.3532
 11
-103.723
 21
25.2145
  0
LINE
  8
0
 10
-103.723
 20
25.2145
 11
-103.393
 21
25.033
  0
LINE
  8
0
 10
-103.393
 20
25.033
 11
-103.088
 21
24.8115
  0
LINE
  8
0
 10
-103.088
 20
24.8115
 11
-102.813
 21
24.5536
  0
LINE
  8
0
 10
-102.813
 20
24.5536
 11
-102.573
 21
24.2634
  0
LINE
  8
0
 10
-102.573
 20
24.2634
 11
-102.371
 21
23.9453
  0
LINE
  8
0
 10
-102.371
 20
23.9453
 11
-102.211
 21
23.6044
  0
LINE
  8
0
 10
-102.211
 20
23.6044
 11
-102.094
 21
23.2461
  0
LINE
  8
0
 10
-102.094
 20
23.2461
 11
-102.024
 21
22.876
  0
LINE
  8
0
 10
-102.024
 20
22.876
 11
-102
 21
22.5
  0
LINE
  8
0
 10
-102
 20
22.5
 11
-102.024
 21
22.124
  0
LINE
  8
0
 10
-102.024
 20
22.124
 11
-102.094
 21
21.7539
  0
LINE
  8
0
 10
-102.094
 20
21.7539
 11
-102.211
 21
21.3956
  0
LINE
  8
0
 10
-102.211
 20
21.3956
 11
-102.371
 21
21.0547
  0
LINE
  8
0
 10
-102.371
 20
21.0547
 11
-102.573
 21
20.7366
  0
LINE
  8
0
 10
-102.573
 20
20.7366
 11
-102.813
 21
20.4464
  0
LINE
  8
0
 10
-102.813
 20
20.4464
 11
-103.088
 21
20.1884
  0
LINE
  8
0
 10
-103.088
 20
20.1884
 11
-103.393
 21
19.967
  0
LINE
  8
0
 10
-103.393
 20
19.967
 11
-103.723
 21
19.7855
  0
LINE
  8
0
 10
-103.723
 20
19.7855
 11
-104.073
 21
19.6468
  0
LINE
  8
0
 10
-104.073
 20
19.6468
 11
-104.438
 21
19.5531
  0
LINE
  8
0
 10
-104.438
 20
19.5531
 11
-104.812
 21
19.5059
  0
LINE
  8
0
 10
-104.812
 20
19.5059
 11
-105.188
 21
19.5059
  0
LINE
  8
0
 10
104.812
 20
19.5059
 11
104.438
 21
19.5531
  0
LINE
  8
0
 10
104.438
 20
19.5531
 11
104.073
 21
19.6468
  0
LINE
  8
0
 10
104.073
 20
19.6468
 11
103.723
 21
19.7855
  0
LINE
  8
0
 10
103.723
 20
19.7855
 11
103.393
 21
19.967
  0
LINE
  8
0
 10
103.393
 20
19.967
 11
103.088
 21
20.1884
  0
LINE
  8
0
 10
103.088
 20
20.1884
 11
102.813
 21
20.4464
  0
LINE
  8
0
 10
102.813
 20
20.4464
 11
102.573
 21
20.7366
  0
LINE
  8
0
 10
102.573
 20
20.7366
 11
102.371
 21
21.0547
  0
LINE
  8
0
 10
102.371
 20
21.0547
 11
102.211
 21
21.3956
  0
LINE
  8
0
 10
102.211
 20
21.3956
 11
102.094
 21
21.7539
  0
LINE
  8
0
 10
102.094
 20
21.7539
 11
102.024
 21
22.124
  0
LINE
  8
0
 10
102.024
 20
22.124
 11
102
 21
22.5
  0
LINE
  8
0
 10
102
 20
22.5
 11
102.024
 21
22.876
  0
LINE
  8
0
 10
102.024
 20
22.876
 11
102.094
 21
23.2461
  0
LINE
  8
0
 10
102.094
 20
23.2461
 11
102.211
 21
23.6044
  0
LINE
  8
0
 10
102.211
 20
23.6044
 11
102.371
 21
23.9453
  0
LINE
  8
0
 10
102.371
 20
23.9453
 11
102.573
 21
24.2634
  0
LINE
  8
0
 10
102.573
 20
24.2634
 11
102.813
 21
24.5536
  0
LINE
  8
0
 10
102.813
 20
24.5536
 11
103.088
 21
24.8115
  0
LINE
  8
0
 10
103.088
 20
24.8115
 11
103.393
 21
25.033
  0
LINE
  8
0
 10
103.393
 20
25.033
 11
103.723
 21
25.2145
  0
LINE
  8
0
 10
103.723
 20
25.2145
 11
104.073
 21
25.3532
  0
LINE
  8
0
 10
104.073
 20
25.3532
 11
104.438
 21
25.4469
  0
LINE
  8
0
 10
104.438
 20
25.4469
 11
104.812
 21
25.4941
  0
LINE
  8
0
 10
104.812
 20
25.4941
 11
105.188
 21
25.4941
  0
LINE
  8
0
 10
105.188
 20
25.4941
 11
105.562
 21
25.4469
  0
LINE
  8
0
 10
105.562
 20
25.4469
 11
105.927
 21
25.3532
  0
LINE
  8
0
 10
105.927
 20
25.3532
 11
106.277
 21
25.2145
  0
LINE
  8
0
 10
106.277
 20
25.2145
 11
106.607
 21
25.033
  0
LINE
  8
0
 10
106.607
 20
25.033
 11
106.912
 21
24.8115
  0
LINE
  8
0
 10
106.912
 20
24.8115
 11
107.187
 21
24.5536
  0
LINE
  8
0
 10
107.187
 20
24.5536
 11
107.427
 21
24.2634
  0
LINE
  8
0
 10
107.427
 20
24.2634
 11
107.629
 21
23.9453
  0
LINE
  8
0
 10
107.629
 20
23.9453
 11
107.789
 21
23.6044
  0
LINE
  8
0
 10
107.789
 20
23.6044
 11
107.906
 21
23.2461
  0
LINE
  8
0
 10
107.906
 20
23.2461
 11
107.976
 21
22.876
  0
LINE
  8
0
 10
107.976
 20
22.876
 11
108
 21
22.5
  0
LINE
  8
0
 10
108
 20
22.5
 11
107.976
 21
22.124
  0
LINE
  8
0
 10
107.976
 20
22.124
 11
107.906
 21
21.7539
  0
LINE
  8
0
 10
107.906
 20
21.7539
 11
107.789
 21
21.3956
  0
LINE
  8
0
 10
107.789
 20
21.3956
 11
107.629
 21
21.0547
  0
LINE
  8
0
 10
107.629
 20
21.0547
 11
107.427
 21
20.7366
  0
LINE
  8
0
 10
107.427
 20
20.7366
 11
107.187
 21
20.4464
  0
LINE
  8
0
 10
107.187
 20
20.4464
 11
106.912
 21
20.1884
  0
LINE
  8
0
 10
106.912
 20
20.1884
 11
106.607
 21
19.967
  0
LINE
  8
0
 10
106.607
 20
19.967
 11
106.277
 21
19.7855
  0
LINE
  8
0
 10
106.277
 20
19.7855
 11
105.927
 21
19.6468
  0
LINE
  8
0
 10
105.927
 20
19.6468
 11
105.562
 21
19.5531
  0
LINE
  8
0
 10
105.562
 20
19.5531
 11
105.188
 21
19.5059
  0
LINE
  8
0
 10
105.188
 20
19.5059
 11
104.812
 21
19.5059
  0
LINE
  8
0
 10
-105.094
 20
13.5029
 11
-105.281
 21
13.5266
  0
LINE
  8
0
 10
-105.281
 20
13.5266
 11
-105.464
 21
13.5734
  0
LINE
  8
0
 10
-105.464
 20
13.5734
 11
-105.639
 21
13.6427
  0
LINE
  8
0
 10
-105.639
 20
13.6427
 11
-105.804
 21
13.7335
  0
LINE
  8
0
 10
-105.804
 20
13.7335
 11
-105.956
 21
13.8442
  0
LINE
  8
0
 10
-105.956
 20
13.8442
 11
-106.093
 21
13.9732
  0
LINE
  8
0
 10
-106.093
 20
13.9732
 11
-106.214
 21
14.1183
  0
LINE
  8
0
 10
-106.214
 20
14.1183
 11
-106.314
 21
14.2774
  0
LINE
  8
0
 10
-106.314
 20
14.2774
 11
-106.395
 21
14.4478
  0
LINE
  8
0
 10
-106.395
 20
14.4478
 11
-106.453
 21
14.627
  0
LINE
  8
0
 10
-106.453
 20
14.627
 11
-106.488
 21
14.812
  0
LINE
  8
0
 10
-106.488
 20
14.812
 11
-106.5
 21
15
  0
LINE
  8
0
 10
-106.5
 20
15
 11
-106.488
 21
15.188
  0
LINE
  8
0
 10
-106.488
 20
15.188
 11
-106.453
 21
15.373
  0
LINE
  8
0
 10
-106.453
 20
15.373
 11
-106.395
 21
15.5522
  0
LINE
  8
0
 10
-106.395
 20
15.5522
 11
-106.314
 21
15.7226
  0
LINE
  8
0
 10
-106.314
 20
15.7226
 11
-106.214
 21
15.8817
  0
LINE
  8
0
 10
-106.214
 20
15.8817
 11
-106.093
 21
16.0268
  0
LINE
  8
0
 10
-106.093
 20
16.0268
 11
-105.956
 21
16.1558
  0
LINE
  8
0
 10
-105.956
 20
16.1558
 11
-105.804
 21
16.2665
  0
LINE
  8
0
 10
-105.804
 20
16.2665
 11
-105.639
 21
16.3572
  0
LINE
  8
0
 10
-105.639
 20
16.3572
 11
-105.464
 21
16.4266
  0
LINE
  8
0
 10
-105.464
 20
16.4266
 11
-105.281
 21
16.4734
  0
LINE
  8
0
 10
-105.281
 20
16.4734
 11
-105.094
 21
16.497
  0
LINE
  8
0
 10
-105.094
 20
16.497
 11
-104.906
 21
16.497
  0
LINE
  8
0
 10
-104.906
 20
16.497
 11
-104.719
 21
16.4734
  0
LINE
  8
0
 10
-104.719
 20
16.4734
 11
-104.536
 21
16.4266
  0
LINE
  8
0
 10
-104.536
 20
16.4266
 11
-104.361
 21
16.3572
  0
LINE
  8
0
 10
-104.361
 20
16.3572
 11
-104.196
 21
16.2665
  0
LINE
  8
0
 10
-104.196
 20
16.2665
 11
-104.044
 21
16.1558
  0
LINE
  8
0
 10
-104.044
 20
16.1558
 11
-103.907
 21
16.0268
  0
LINE
  8
0
 10
-103.907
 20
16.0268
 11
-103.786
 21
15.8817
  0
LINE
  8
0
 10
-103.786
 20
15.8817
 11
-103.686
 21
15.7226
  0
LINE
  8
0
 10
-103.686
 20
15.7226
 11
-103.605
 21
15.5522
  0
LINE
  8
0
 10
-103.605
 20
15.5522
 11
-103.547
 21
15.373
  0
LINE
  8
0
 10
-103.547
 20
15.373
 11
-103.512
 21
15.188
  0
LINE
  8
0
 10
-103.512
 20
15.188
 11
-103.5
 21
15
  0
LINE
  8
0
 10
-103.5
 20
15
 11
-103.512
 21
14.812
  0
LINE
  8
0
 10
-103.512
 20
14.812
 11
-103.547
 21
14.627
  0
LINE
  8
0
 10
-103.547
 20
14.627
 11
-103.605
 21
14.4478
  0
LINE
  8
0
 10
-103.605
 20
14.4478
 11
-103.686
 21
14.2774
  0
LINE
  8
0
 10
-103.686
 20
14.2774
 11
-103.786
 21
14.1183
  0
LINE
  8
0
 10
-103.786
 20
14.1183
 11
-103.907
 21
13.9732
  0
LINE
  8
0
 10
-103.907
 20
13.9732
 11
-104.044
 21
13.8442
  0
LINE
  8
0
 10
-104.044
 20
13.8442
 11
-104.196
 21
13.7335
  0
LINE
  8
0
 10
-104.196
 20
13.7335
 11
-104.361
 21
13.6427
  0
LINE
  8
0
 10
-104.361
 20
13.6427
 11
-104.536
 21
13.5734
  0
LINE
  8
0
 10
-104.536
 20
13.5734
 11
-104.719
 21
13.5266
  0
LINE
  8
0
 10
-104.719
 20
13.5266
 11
-104.906
 21
13.5029
  0
LINE
  8
0
 10
-104.906
 20
13.5029
 11
-105.094
 21
13.5029
  0
LINE
  8
0
 10
104.906
 20
13.5029
 11
104.719
 21
13.5266
  0
LINE
  8
0
 10
104.719
 20
13.5266
 11
104.536
 21
13.5734
  0
LINE
  8
0
 10
104.536
 20
13.5734
 11
104.361
 21
13.6427
  0
LINE
  8
0
 10
104.361
 20
13.6427
 11
104.196
 21
13.7335
  0
LINE
  8
0
 10
104.196
 20
13.7335
 11
104.044
 21
13.8442
  0
LINE
  8
0
 10
104.044
 20
13.8442
 11
103.907
 21
13.9732
  0
LINE
  8
0
 10
103.907
 20
13.9732
 11
103.786
 21
14.1183
  0
LINE
  8
0
 10
103.786
 20
14.1183
 11
103.686
 21
14.2774
  0
LINE
  8
0
 10
103.686
 20
14.2774
 11
103.605
 21
14.4478
  0
LINE
  8
0
 10
103.605
 20
14.4478
 11
103.547
 21
14.627
  0
LINE
  8
0
 10
103.547
 20
14.627
 11
103.512
 21
14.812
  0
LINE
  8
0
 10
103.512
 20
14.812
 11
103.5
 21
15
  0
LINE
  8
0
 10
103.5
 20
15
 11
103.512
 21
15.188
  0
LINE
  8
0
 10
103.512
 20
15.188
 11
103.547
 21
15.373
  0
LINE
  8
0
 10
103.547
 20
15.373
 11
103.605
 21
15.5522
  0
LINE
  8
0
 10
103.605
 20
15.5522
 11
103.686
 21
15.7226
  0
LINE
  8
0
 10
103.686
 20
15.7226
 11
103.786
 21
15.8817
  0
LINE
  8
0
 10
103.786
 20
15.8817
 11
103.907
 21
16.0268
  0
LINE
  8
0
 10
103.907
 20
16.0268
 11
104.044
 21
16.1558
  0
LINE
  8
0
 10
104.044
 20
16.1558
 11
104.196
 21
16.2665
  0
LINE
  8
0
 10
104.196
 20
16.2665
 11
104.361
 21
16.3572
  0
LINE
  8
0
 10
104.361
 20
16.3572
 11
104.536
 21
16.4266
  0
LINE
  8
0
 10
104.536
 20
16.4266
 11
104.719
 21
16.4734
  0
LINE
  8
0
 10
104.719
 20
16.4734
 11
104.906
 21
16.497
  0
LINE
  8
0
 10
104.906
 20
16.497
 11
105.094
 21
16.497
  0
LINE
  8
0
 10
105.094
 20
16.497
 11
105.281
 21
16.4734
  0
LINE
  8
0
 10
105.281
 20
16.4734
 11
105.464
 21
16.4266
  0
LINE
  8
0
 10
105.464
 20
16.4266
 11
105.639
 21
16.3572
  0
LINE
  8
0
 10
105.639
 20
16.3572
 11
105.804
 21
16.2665
  0
LINE
  8
0
 10
105.804
 20
16.2665
 11
105.956
 21
16.1558
  0
LINE
  8
0
 10
105.956
 20
16.1558
 11
106.093
 21
16.0268
  0
LINE
  8
0
 10
106.093
 20
16.0268
 11
106.214
 21
15.8817
  0
LINE
  8
0
 10
106.214
 20
15.8817
 11
106.314
 21
15.7226
  0
LINE
  8
0
 10
106.314
 20
15.7226
 11
106.395
 21
15.5522
  0
LINE
  8
0
 10
106.395
 20
15.5522
 11
106.453
 21
15.373
  0
LINE
  8
0
 10
106.453
 20
15.373
 11
106.488
 21
15.188
  0
LINE
  8
0
 10
106.488
 20
15.188
 11
106.5
 21
15
  0
LINE
  8
0
 10
106.5
 20
15
 11
106.488
 21
14.812
  0
LINE
  8
0
 10
106.488
 20
14.812
 11
106.453
 21
14.627
  0
LINE
  8
0
 10
106.453
 20
14.627
 11
106.395
 21
14.4478
  0
LINE
  8
0
 10
106.395
 20
14.4478
 11
106.314
 21
14.2774
  0
LINE
  8
0
 10
106.314
 20
14.2774
 11
106.214
 21
14.1183
  0
LINE
  8
0
 10
106.214
 20
14.1183
 11
106.093
 21
13.9732
  0
LINE
  8
0
 10
106.093
 20
13.9732
 11
105.956
 21
13.8442
  0
LINE
  8
0
 10
105.956
 20
13.8442
 11
105.804
 21
13.7335
  0
LINE
  8
0
 10
105.804
 20
13.7335
 11
105.639
 21
13.6427
  0
LINE
  8
0
 10
105.639
 20
13.6427
 11
105.464
 21
13.5734
  0
LINE
  8
0
 10
105.464
 20
13.5734
 11
105.281
 21
13.5266
  0
LINE
  8
0
 10
105.281
 20
13.5266
 11
105.094
 21
13.5029
  0
LINE
  8
0
 10
105.094
 20
13.5029
 11
104.906
 21
13.5029
  0
LINE
  8
0
 10
-105.188
 20
4.50591
 11
-105.562
 21
4.55313
  0
LINE
  8
0
 10
-105.562
 20
4.55313
 11
-105.927
 21
4.64682
  0
LINE
  8
0
 10
-105.927
 20
4.64682
 11
-106.277
 21
4.78551
  0
LINE
  8
0
 10
-106.277
 20
4.78551
 11
-106.607
 21
4.96701
  0
LINE
  8
0
 10
-106.607
 20
4.96701
 11
-106.912
 21
5.18845
  0
LINE
  8
0
 10
-106.912
 20
5.18845
 11
-107.187
 21
5.44635
  0
LINE
  8
0
 10
-107.187
 20
5.44635
 11
-107.427
 21
5.73663
  0
LINE
  8
0
 10
-107.427
 20
5.73663
 11
-107.629
 21
6.05473
  0
LINE
  8
0
 10
-107.629
 20
6.05473
 11
-107.789
 21
6.39561
  0
LINE
  8
0
 10
-107.789
 20
6.39561
 11
-107.906
 21
6.75392
  0
LINE
  8
0
 10
-107.906
 20
6.75392
 11
-107.976
 21
7.12399
  0
LINE
  8
0
 10
-107.976
 20
7.12399
 11
-108
 21
7.5
  0
LINE
  8
0
 10
-108
 20
7.5
 11
-107.976
 21
7.87599
  0
LINE
  8
0
 10
-107.976
 20
7.87599
 11
-107.906
 21
8.24606
  0
LINE
  8
0
 10
-107.906
 20
8.24606
 11
-107.789
 21
8.60437
  0
LINE
  8
0
 10
-107.789
 20
8.60437
 11
-107.629
 21
8.94525
  0
LINE
  8
0
 10
-107.629
 20
8.94525
 11
-107.427
 21
9.26335
  0
LINE
  8
0
 10
-107.427
 20
9.26335
 11
-107.187
 21
9.55363
  0
LINE
  8
0
 10
-107.187
 20
9.55363
 11
-106.912
 21
9.81154
  0
LINE
  8
0
 10
-106.912
 20
9.81154
 11
-106.607
 21
10.033
  0
LINE
  8
0
 10
-106.607
 20
10.033
 11
-106.277
 21
10.2145
  0
LINE
  8
0
 10
-106.277
 20
10.2145
 11
-105.927
 21
10.3532
  0
LINE
  8
0
 10
-105.927
 20
10.3532
 11
-105.562
 21
10.4469
  0
LINE
  8
0
 10
-105.562
 20
10.4469
 11
-105.188
 21
10.4941
  0
LINE
  8
0
 10
-105.188
 20
10.4941
 11
-104.812
 21
10.4941
  0
LINE
  8
0
 10
-104.812
 20
10.4941
 11
-104.438
 21
10.4469
  0
LINE
  8
0
 10
-104.438
 20
10.4469
 11
-104.073
 21
10.3532
  0
LINE
  8
0
 10
-104.073
 20
10.3532
 11
-103.723
 21
10.2145
  0
LINE
  8
0
 10
-103.723
 20
10.2145
 11
-103.393
 21
10.033
  0
LINE
  8
0
 10
-103.393
 20
10.033
 11
-103.088
 21
9.81154
  0
LINE
  8
0
 10
-103.088
 20
9.81154
 11
-102.813
 21
9.55363
  0
LINE
  8
0
 10
-102.813
 20
9.55363
 11
-102.573
 21
9.26335
  0
LINE
  8
0
 10
-102.573
 20
9.26335
 11
-102.371
 21
8.94525
  0
LINE
  8
0
 10
-102.371
 20
8.94525
 11
-102.211
 21
8.60437
  0
LINE
  8
0
 10
-102.211
 20
8.60437
 11
-102.094
 21
8.24606
  0
LINE
  8
0
 10
-102.094
 20
8.24606
 11
-102.024
 21
7.87599
  0
LINE
  8
0
 10
-102.024
 20
7.87599
 11
-102
 21
7.5
  0
LINE
  8
0
 10
-102
 20
7.5
 11
-102.024
 21
7.12399
  0
LINE
  8
0
 10
-102.024
 20
7.12399
 11
-102.094
 21
6.75392
  0
LINE
  8
0
 10
-102.094
 20
6.75392
 11
-102.211
 21
6.39561
  0
LINE
  8
0
 10
-102.211
 20
6.39561
 11
-102.371
 21
6.05473
  0
LINE
  8
0
 10
-102.371
 20
6.05473
 11
-102.573
 21
5.73663
  0
LINE
  8
0
 10
-102.573
 20
5.73663
 11
-102.813
 21
5.44635
  0
LINE
  8
0
 10
-102.813
 20
5.44635
 11
-103.088
 21
5.18845
  0
LINE
  8
0
 10
-103.088
 20
5.18845
 11
-103.393
 21
4.96701
  0
LINE
  8
0
 10
-103.393
 20
4.96701
 11
-103.723
 21
4.78551
  0
LINE
  8
0
 10
-103.723
 20
4.78551
 11
-104.073
 21
4.64682
  0
LINE
  8
0
 10
-104.073
 20
4.64682
 11
-104.438
 21
4.55313
  0
LINE
  8
0
 10
-104.438
 20
4.55313
 11
-104.812
 21
4.50591
  0
LINE
  8
0
 10
-104.812
 20
4.50591
 11
-105.188
 21
4.50591
  0
LINE
  8
0
 10
104.812
 20
4.50591
 11
104.438
 21
4.55313
  0
LINE
  8
0
 10
104.438
 20
4.55313
 11
104.073
 21
4.64682
  0
LINE
  8
0
 10
104.073
 20
4.64682
 11
103.723
 21
4.78551
  0
LINE
  8
0
 10
103.723
 20
4.78551
 11
103.393
 21
4.96701
  0
LINE
  8
0
 10
103.393
 20
4.96701
 11
103.088
 21
5.18845
  0
LINE
  8
0
 10
103.088
 20
5.18845
 11
102.813
 21
5.44635
  0
LINE
  8
0
 10
102.813
 20
5.44635
 11
102.573
 21
5.73663
  0
LINE
  8
0
 10
102.573
 20
5.73663
 11
102.371
 21
6.05473
  0
LINE
  8
0
 10
102.371
 20
6.05473
 11
102.211
 21
6.39561
  0
LINE
  8
0
 10
102.211
 20
6.39561
 11
102.094
 21
6.75392
  0
LINE
  8
0
 10
102.094
 20
6.75392
 11
102.024
 21
7.12399
  0
LINE
  8
0
 10
102.024
 20
7.12399
 11
102
 21
7.5
  0
LINE
  8
0
 10
102
 20
7.5
 11
102.024
 21
7.87599
  0
LINE
  8
0
 10
102.024
 20
7.87599
 11
102.094
 21
8.24606
  0
LINE
  8
0
 10
102.094
 20
8.24606
 11
102.211
 21
8.60437
  0
LINE
  8
0
 10
102.211
 20
8.60437
 11
102.371
 21
8.94525
  0
LINE
  8
0
 10
102.371
 20
8.94525
 11
102.573
 21
9.26335
  0
LINE
  8
0
 10
102.573
 20
9.26335
 11
102.813
 21
9.55363
  0
LINE
  8
0
 10
102.813
 20
9.55363
 11
103.088
 21
9.81154
  0
LINE
  8
0
 10
103.088
 20
9.81154
 11
103.393
 21
10.033
  0
LINE
  8
0
 10
103.393
 20
10.033
 11
103.723
 21
10.2145
  0
LINE
  8
0
 10
103.723
 20
10.2145
 11
104.073
 21
10.3532
  0
LINE
  8
0
 10
104.073
 20
10.3532
 11
104.438
 21
10.4469
  0
LINE
  8
0
 10
104.438
 20
10.4469
 11
104.812
 21
10.4941
  0
LINE
  8
0
 10
104.812
 20
10.4941
 11
105.188
 21
10.4941
  0
LINE
  8
0
 10
105.188
 20
10.4941
 11
105.562
 21
10.4469
  0
LINE
  8
0
 10
105.562
 20
10.4469
 11
105.927
 21
10.3532
  0
LINE
  8
0
 10
105.927
 20
10.3532
 11
106.277
 21
10.2145
  0
LINE
  8
0
 10
106.277
 20
10.2145
 11
106.607
 21
10.033
  0
LINE
  8
0
 10
106.607
 20
10.033
 11
106.912
 21
9.81154
  0
LINE
  8
0
 10
106.912
 20
9.81154
 11
107.187
 21
9.55363
  0
LINE
  8
0
 10
107.187
 20
9.55363
 11
107.427
 21
9.26335
  0
LINE
  8
0
 10
107.427
 20
9.26335
 11
107.629
 21
8.94525
  0
LINE
  8
0
 10
107.629
 20
8.94525
 11
107.789
 21
8.60437
  0
LINE
  8
0
 10
107.789
 20
8.60437
 11
107.906
 21
8.24606
  0
LINE
  8
0
 10
107.906
 20
8.24606
 11
107.976
 21
7.87599
  0
LINE
  8
0
 10
107.976
 20
7.87599
 11
108
 21
7.5
  0
LINE
  8
0
 10
108
 20
7.5
 11
107.976
 21
7.12399
  0
LINE
  8
0
 10
107.976
 20
7.12399
 11
107.906
 21
6.75392
  0
LINE
  8
0
 10
107.906
 20
6.75392
 11
107.789
 21
6.39561
  0
LINE
  8
0
 10
107.789
 20
6.39561
 11
107.629
 21
6.05473
  0
LINE
  8
0
 10
107.629
 20
6.05473
 11
107.427
 21
5.73663
  0
LINE
  8
0
 10
107.427
 20
5.73663
 11
107.187
 21
5.44635
  0
LINE
  8
0
 10
107.187
 20
5.44635
 11
106.912
 21
5.18845
  0
LINE
  8
0
 10
106.912
 20
5.18845
 11
106.607
 21
4.96701
  0
LINE
  8
0
 10
106.607
 20
4.96701
 11
106.277
 21
4.78551
  0
LINE
  8
0
 10
106.277
 20
4.78551
 11
105.927
 21
4.64682
  0
LINE
  8
0
 10
105.927
 20
4.64682
 11
105.562
 21
4.55313
  0
LINE
  8
0
 10
105.562
 20
4.55313
 11
105.188
 21
4.50591
  0
LINE
  8
0
 10
105.188
 20
4.50591
 11
104.812
 21
4.50591
  0
LINE
  8
0
 10
104.906
 20
-1.49704
 11
104.719
 21
-1.47342
  0
LINE
  8
0
 10
104.719
 20
-1.47342
 11
104.536
 21
-1.42657
  0
LINE
  8
0
 10
104.536
 20
-1.42657
 11
104.361
 21
-1.35724
  0
LINE
  8
0
 10
104.361
 20
-1.35724
 11
104.196
 21
-1.26648
  0
LINE
  8
0
 10
104.196
 20
-1.26648
 11
104.044
 21
-1.15576
  0
LINE
  8
0
 10
104.044
 20
-1.15576
 11
103.907
 21
-1.02681
  0
LINE
  8
0
 10
103.907
 20
-1.02681
 11
103.786
 21
-0.881668
  0
LINE
  8
0
 10
103.786
 20
-0.881668
 11
103.686
 21
-0.722626
  0
LINE
  8
0
 10
103.686
 20
-0.722626
 11
103.605
 21
-0.552185
  0
LINE
  8
0
 10
103.605
 20
-0.552185
 11
103.547
 21
-0.373032
  0
LINE
  8
0
 10
103.547
 20
-0.373032
 11
103.512
 21
-0.187988
  0
LINE
  8
0
 10
103.512
 20
-0.187988
 11
103.5
 21
0
  0
LINE
  8
0
 10
103.5
 20
0
 11
103.512
 21
0.187988
  0
LINE
  8
0
 10
103.512
 20
0.187988
 11
103.547
 21
0.373032
  0
LINE
  8
0
 10
103.547
 20
0.373032
 11
103.605
 21
0.552185
  0
LINE
  8
0
 10
103.605
 20
0.552185
 11
103.686
 21
0.722626
  0
LINE
  8
0
 10
103.686
 20
0.722626
 11
103.786
 21
0.881668
  0
LINE
  8
0
 10
103.786
 20
0.881668
 11
103.907
 21
1.02681
  0
LINE
  8
0
 10
103.907
 20
1.02681
 11
104.044
 21
1.15576
  0
LINE
  8
0
 10
104.044
 20
1.15576
 11
104.196
 21
1.26648
  0
LINE
  8
0
 10
104.196
 20
1.26648
 11
104.361
 21
1.35724
  0
LINE
  8
0
 10
104.361
 20
1.35724
 11
104.536
 21
1.42657
  0
LINE
  8
0
 10
104.536
 20
1.42657
 11
104.719
 21
1.47342
  0
LINE
  8
0
 10
104.719
 20
1.47342
 11
104.906
 21
1.49704
  0
LINE
  8
0
 10
104.906
 20
1.49704
 11
105.094
 21
1.49704
  0
LINE
  8
0
 10
105.094
 20
1.49704
 11
105.281
 21
1.47342
  0
LINE
  8
0
 10
105.281
 20
1.47342
 11
105.464
 21
1.42657
  0
LINE
  8
0
 10
105.464
 20
1.42657
 11
105.639
 21
1.35724
  0
LINE
  8
0
 10
105.639
 20
1.35724
 11
105.804
 21
1.26648
  0
LINE
  8
0
 10
105.804
 20
1.26648
 11
105.956
 21
1.15576
  0
LINE
  8
0
 10
105.956
 20
1.15576
 11
106.093
 21
1.02681
  0
LINE
  8
0
 10
106.093
 20
1.02681
 11
106.214
 21
0.881668
  0
LINE
  8
0
 10
106.214
 20
0.881668
 11
106.314
 21
0.722626
  0
LINE
  8
0
 10
106.314
 20
0.722626
 11
106.395
 21
0.552185
  0
LINE
  8
0
 10
106.395
 20
0.552185
 11
106.453
 21
0.373032
  0
LINE
  8
0
 10
106.453
 20
0.373032
 11
106.488
 21
0.187988
  0
LINE
  8
0
 10
106.488
 20
0.187988
 11
106.5
 21
0
  0
LINE
  8
0
 10
106.5
 20
0
 11
106.488
 21
-0.187988
  0
LINE
  8
0
 10
106.488
 20
-0.187988
 11
106.453
 21
-0.373032
  0
LINE
  8
0
 10
106.453
 20
-0.373032
 11
106.395
 21
-0.552185
  0
LINE
  8
0
 10
106.395
 20
-0.552185
 11
106.314
 21
-0.722626
  0
LINE
  8
0
 10
106.314
 20
-0.722626
 11
106.214
 21
-0.881668
  0
LINE
  8
0
 10
106.214
 20
-0.881668
 11
106.093
 21
-1.02681
  0
LINE
  8
0
 10
106.093
 20
-1.02681
 11
105.956
 21
-1.15576
  0
LINE
  8
0
 10
105.956
 20
-1.15576
 11
105.804
 21
-1.26648
  0
LINE
  8
0
 10
105.804
 20
-1.26648
 11
105.639
 21
-1.35724
  0
LINE
  8
0
 10
105.639
 20
-1.35724
 11
105.464
 21
-1.42657
  0
LINE
  8
0
 10
105.464
 20
-1.42657
 11
105.281
 21
-1.47342
  0
LINE
  8
0
 10
105.281
 20
-1.47342
 11
105.094
 21
-1.49704
  0
LINE
  8
0
 10
105.094
 20
-1.49704
 11
104.906
 21
-1.49704
  0
LINE
  8
0
 10
-105.094
 20
-1.49704
 11
-105.281
 21
-1.47342
  0
LINE
  8
0
 10
-105.281
 20
-1.47342
 11
-105.464
 21
-1.42657
  0
LINE
  8
0
 10
-105.464
 20
-1.42657
 11
-105.639
 21
-1.35724
  0
LINE
  8
0
 10
-105.639
 20
-1.35724
 11
-105.804
 21
-1.26648
  0
LINE
  8
0
 10
-105.804
 20
-1.26648
 11
-105.956
 21
-1.15576
  0
LINE
  8
0
 10
-105.956
 20
-1.15576
 11
-106.093
 21
-1.02681
  0
LINE
  8
0
 10
-106.093
 20
-1.02681
 11
-106.214
 21
-0.881668
  0
LINE
  8
0
 10
-106.214
 20
-0.881668
 11
-106.314
 21
-0.722626
  0
LINE
  8
0
 10
-106.314
 20
-0.722626
 11
-106.395
 21
-0.552185
  0
LINE
  8
0
 10
-106.395
 20
-0.552185
 11
-106.453
 21
-0.373032
  0
LINE
  8
0
 10
-106.453
 20
-0.373032
 11
-106.488
 21
-0.187988
  0
LINE
  8
0
 10
-106.488
 20
-0.187988
 11
-106.5
 21
0
  0
LINE
  8
0
 10
-106.5
 20
0
 11
-106.488
 21
0.187988
  0
LINE
  8
0
 10
-106.488
 20
0.187988
 11
-106.453
 21
0.373032
  0
LINE
  8
0
 10
-106.453
 20
0.373032
 11
-106.395
 21
0.552185
  0
LINE
  8
0
 10
-106.395
 20
0.552185
 11
-106.314
 21
0.722626
  0
LINE
  8
0
 10
-106.314
 20
0.722626
 11
-106.214
 21
0.881668
  0
LINE
  8
0
 10
-106.214
 20
0.881668
 11
-106.093
 21
1.02681
  0
LINE
  8
0
 10
-106.093
 20
1.02681
 11
-105.956
 21
1.15576
  0
LINE
  8
0
 10
-105.956
 20
1.15576
 11
-105.804
 21
1.26648
  0
LINE
  8
0
 10
-105.804
 20
1.26648
 11
-105.639
 21
1.35724
  0
LINE
  8
0
 10
-105.639
 20
1.35724
 11
-105.464
 21
1.42657
  0
LINE
  8
0
 10
-105.464
 20
1.42657
 11
-105.281
 21
1.47342
  0
LINE
  8
0
 10
-105.281
 20
1.47342
 11
-105.094
 21
1.49704
  0
LINE
  8
0
 10
-105.094
 20
1.49704
 11
-104.906
 21
1.49704
  0
LINE
  8
0
 10
-104.906
 20
1.49704
 11
-104.719
 21
1.47342
  0
LINE
  8
0
 10
-104.719
 20
1.47342
 11
-104.536
 21
1.42657
  0
LINE
  8
0
 10
-104.536
 20
1.42657
 11
-104.361
 21
1.35724
  0
LINE
  8
0
 10
-104.361
 20
1.35724
 11
-104.196
 21
1.26648
  0
LINE
  8
0
 10
-104.196
 20
1.26648
 11
-104.044
 21
1.15576
  0
LINE
  8
0
 10
-104.044
 20
1.15576
 11
-103.907
 21
1.02681
  0
LINE
  8
0
 10
-103.907
 20
1.02681
 11
-103.786
 21
0.881668
  0
LINE
  8
0
 10
-103.786
 20
0.881668
 11
-103.686
 21
0.722626
  0
LINE
  8
0
 10
-103.686
 20
0.722626
 11
-103.605
 21
0.552185
  0
LINE
  8
0
 10
-103.605
 20
0.552185
 11
-103.547
 21
0.373032
  0
LINE
  8
0
 10
-103.547
 20
0.373032
 11
-103.512
 21
0.187988
  0
LINE
  8
0
 10
-103.512
 20
0.187988
 11
-103.5
 21
0
  0
LINE
  8
0
 10
-103.5
 20
0
 11
-103.512
 21
-0.187988
  0
LINE
  8
0
 10
-103.512
 20
-0.187988
 11
-103.547
 21
-0.373032
  0
LINE
  8
0
 10
-103.547
 20
-0.373032
 11
-103.605
 21
-0.552185
  0
LINE
  8
0
 10
-103.605
 20
-0.552185
 11
-103.686
 21
-0.722626
  0
LINE
  8
0
 10
-103.686
 20
-0.722626
 11
-103.786
 21
-0.881668
  0
LINE
  8
0
 10
-103.786
 20
-0.881668
 11
-103.907
 21
-1.02681
  0
LINE
  8
0
 10
-103.907
 20
-1.02681
 11
-104.044
 21
-1.15576
  0
LINE
  8
0
 10
-104.044
 20
-1.15576
 11
-104.196
 21
-1.26648
  0
LINE
  8
0
 10
-104.196
 20
-1.26648
 11
-104.361
 21
-1.35724
  0
LINE
  8
0
 10
-104.361
 20
-1.35724
 11
-104.536
 21
-1.42657
  0
LINE
  8
0
 10
-104.536
 20
-1.42657
 11
-104.719
 21
-1.47342
  0
LINE
  8
0
 10
-104.719
 20
-1.47342
 11
-104.906
 21
-1.49704
  0
LINE
  8
0
 10
-104.906
 20
-1.49704
 11
-105.094
 21
-1.49704
  0
LINE
  8
0
 10
104.812
 20
-10.4941
 11
104.438
 21
-10.4469
  0
LINE
  8
0
 10
104.438
 20
-10.4469
 11
104.073
 21
-10.3532
  0
LINE
  8
0
 10
104.073
 20
-10.3532
 11
103.723
 21
-10.2145
  0
LINE
  8
0
 10
103.723
 20
-10.2145
 11
103.393
 21
-10.033
  0
LINE
  8
0
 10
103.393
 20
-10.033
 11
103.088
 21
-9.81154
  0
LINE
  8
0
 10
103.088
 20
-9.81154
 11
102.813
 21
-9.55363
  0
LINE
  8
0
 10
102.813
 20
-9.55363
 11
102.573
 21
-9.26335
  0
LINE
  8
0
 10
102.573
 20
-9.26335
 11
102.371
 21
-8.94525
  0
LINE
  8
0
 10
102.371
 20
-8.94525
 11
102.211
 21
-8.60437
  0
LINE
  8
0
 10
102.211
 20
-8.60437
 11
102.094
 21
-8.24606
  0
LINE
  8
0
 10
102.094
 20
-8.24606
 11
102.024
 21
-7.87599
  0
LINE
  8
0
 10
102.024
 20
-7.87599
 11
102
 21
-7.5
  0
LINE
  8
0
 10
102
 20
-7.5
 11
102.024
 21
-7.12399
  0
LINE
  8
0
 10
102.024
 20
-7.12399
 11
102.094
 21
-6.75392
  0
LINE
  8
0
 10
102.094
 20
-6.75392
 11
102.211
 21
-6.39561
  0
LINE
  8
0
 10
102.211
 20
-6.39561
 11
102.371
 21
-6.05473
  0
LINE
  8
0
 10
102.371
 20
-6.05473
 11
102.573
 21
-5.73663
  0
LINE
  8
0
 10
102.573
 20
-5.73663
 11
102.813
 21
-5.44635
  0
LINE
  8
0
 10
102.813
 20
-5.44635
 11
103.088
 21
-5.18845
  0
LINE
  8
0
 10
103.088
 20
-5.18845
 11
103.393
 21
-4.96701
  0
LINE
  8
0
 10
103.393
 20
-4.96701
 11
103.723
 21
-4.78551
  0
LINE
  8
0
 10
103.723
 20
-4.78551
 11
104.073
 21
-4.64682
  0
LINE
  8
0
 10
104.073
 20
-4.64682
 11
104.438
 21
-4.55313
  0
LINE
  8
0
 10
104.438
 20
-4.55313
 11
104.812
 21
-4.50591
  0
LINE
  8
0
 10
104.812
 20
-4.50591
 11
105.188
 21
-4.50591
  0
LINE
  8
0
 10
105.188
 20
-4.50591
 11
105.562
 21
-4.55313
  0
LINE
  8
0
 10
105.562
 20
-4.55313
 11
105.927
 21
-4.64682
  0
LINE
  8
0
 10
105.927
 20
-4.64682
 11
106.277
 21
-4.78551
  0
LINE
  8
0
 10
106.277
 20
-4.78551
 11
106.607
 21
-4.96701
  0
LINE
  8
0
 10
106.607
 20
-4.96701
 11
106.912
 21
-5.18845
  0
LINE
  8
0
 10
106.912
 20
-5.18845
 11
107.187
 21
-5.44635
  0
LINE
  8
0
 10
107.187
 20
-5.44635
 11
107.427
 21
-5.73663
  0
LINE
  8
0
 10
107.427
 20
-5.73663
 11
107.629
 21
-6.05473
  0
LINE
  8
0
 10
107.629
 20
-6.05473
 11
107.789
 21
-6.39561
  0
LINE
  8
0
 10
107.789
 20
-6.39561
 11
107.906
 21
-6.75392
  0
LINE
  8
0
 10
107.906
 20
-6.75392
 11
107.976
 21
-7.12399
  0
LINE
  8
0
 10
107.976
 20
-7.12399
 11
108
 21
-7.5
  0
LINE
  8
0
 10
108
 20
-7.5
 11
107.976
 21
-7.87599
  0
LINE
  8
0
 10
107.976
 20
-7.87599
 11
107.906
 21
-8.24606
  0
LINE
  8
0
 10
107.906
 20
-8.24606
 11
107.789
 21
-8.60437
  0
LINE
  8
0
 10
107.789
 20
-8.60437
 11
107.629
 21
-8.94525
  0
LINE
  8
0
 10
107.629
 20
-8.94525
 11
107.427
 21
-9.26335
  0
LINE
  8
0
 10
107.427
 20
-9.26335
 11
107.187
 21
-9.55363
  0
LINE
  8
0
 10
107.187
 20
-9.55363
 11
106.912
 21
-9.81154
  0
LINE
  8
0
 10
106.912
 20
-9.81154
 11
106.607
 21
-10.033
  0
LINE
  8
0
 10
106.607
 20
-10.033
 11
106.277
 21
-10.2145
  0
LINE
  8
0
 10
106.277
 20
-10.2145
 11
105.927
 21
-10.3532
  0
LINE
  8
0
 10
105.927
 20
-10.3532
 11
105.562
 21
-10.4469
  0
LINE
  8
0
 10
105.562
 20
-10.4469
 11
105.188
 21
-10.4941
  0
LINE
  8
0
 10
105.188
 20
-10.4941
 11
104.812
 21
-10.4941
  0
LINE
  8
0
 10
-105.188
 20
-10.4941
 11
-105.562
 21
-10.4469
  0
LINE
  8
0
 10
-105.562
 20
-10.4469
 11
-105.927
 21
-10.3532
  0
LINE
  8
0
 10
-105.927
 20
-10.3532
 11
-106.277
 21
-10.2145
  0
LINE
  8
0
 10
-106.277
 20
-10.2145
 11
-106.607
 21
-10.033
  0
LINE
  8
0
 10
-106.607
 20
-10.033
 11
-106.912
 21
-9.81154
  0
LINE
  8
0
 10
-106.912
 20
-9.81154
 11
-107.187
 21
-9.55363
  0
LINE
  8
0
 10
-107.187
 20
-9.55363
 11
-107.427
 21
-9.26335
  0
LINE
  8
0
 10
-107.427
 20
-9.26335
 11
-107.629
 21
-8.94525
  0
LINE
  8
0
 10
-107.629
 20
-8.94525
 11
-107.789
 21
-8.60437
  0
LINE
  8
0
 10
-107.789
 20
-8.60437
 11
-107.906
 21
-8.24606
  0
LINE
  8
0
 10
-107.906
 20
-8.24606
 11
-107.976
 21
-7.87599
  0
LINE
  8
0
 10
-107.976
 20
-7.87599
 11
-108
 21
-7.5
  0
LINE
  8
0
 10
-108
 20
-7.5
 11
-107.976
 21
-7.12399
  0
LINE
  8
0
 10
-107.976
 20
-7.12399
 11
-107.906
 21
-6.75392
  0
LINE
  8
0
 10
-107.906
 20
-6.75392
 11
-107.789
 21
-6.39561
  0
LINE
  8
0
 10
-107.789
 20
-6.39561
 11
-107.629
 21
-6.05473
  0
LINE
  8
0
 10
-107.629
 20
-6.05473
 11
-107.427
 21
-5.73663
  0
LINE
  8
0
 10
-107.427
 20
-5.73663
 11
-107.187
 21
-5.44635
  0
LINE
  8
0
 10
-107.187
 20
-5.44635
 11
-106.912
 21
-5.18845
  0
LINE
  8
0
 10
-106.912
 20
-5.18845
 11
-106.607
 21
-4.96701
  0
LINE
  8
0
 10
-106.607
 20
-4.96701
 11
-106.277
 21
-4.78551
  0
LINE
  8
0
 10
-106.277
 20
-4.78551
 11
-105.927
 21
-4.64682
  0
LINE
  8
0
 10
-105.927
 20
-4.64682
 11
-105.562
 21
-4.55313
  0
LINE
  8
0
 10
-105.562
 20
-4.55313
 11
-105.188
 21
-4.50591
  0
LINE
  8
0
 10
-105.188
 20
-4.50591
 11
-104.812
 21
-4.50591
  0
LINE
  8
0
 10
-104.812
 20
-4.50591
 11
-104.438
 21
-4.55313
  0
LINE
  8
0
 10
-104.438
 20
-4.55313
 11
-104.073
 21
-4.64682
  0
LINE
  8
0
 10
-104.073
 20
-4.64682
 11
-103.723
 21
-4.78551
  0
LINE
  8
0
 10
-103.723
 20
-4.78551
 11
-103.393
 21
-4.96701
  0
LINE
  8
0
 10
-103.393
 20
-4.96701
 11
-103.088
 21
-5.18845
  0
LINE
  8
0
 10
-103.088
 20
-5.18845
 11
-102.813
 21
-5.44635
  0
LINE
  8
0
 10
-102.813
 20
-5.44635
 11
-102.573
 21
-5.73663
  0
LINE
  8
0
 10
-102.573
 20
-5.73663
 11
-102.371
 21
-6.05473
  0
LINE
  8
0
 10
-102.371
 20
-6.05473
 11
-102.211
 21
-6.39561
  0
LINE
  8
0
 10
-102.211
 20
-6.39561
 11
-102.094
 21
-6.75392
  0
LINE
  8
0
 10
-102.094
 20
-6.75392
 11
-102.024
 21
-7.12399
  0
LINE
  8
0
 10
-102.024
 20
-7.12399
 11
-102
 21
-7.5
  0
LINE
  8
0
 10
-102
 20
-7.5
 11
-102.024
 21
-7.87599
  0
LINE
  8
0
 10
-102.024
 20
-7.87599
 11
-102.094
 21
-8.24606
  0
LINE
  8
0
 10
-102.094
 20
-8.24606
 11
-102.211
 21
-8.60437
  0
LINE
  8
0
 10
-102.211
 20
-8.60437
 11
-102.371
 21
-8.94525
  0
LINE
  8
0
 10
-102.371
 20
-8.94525
 11
-102.573
 21
-9.26335
  0
LINE
  8
0
 10
-102.573
 20
-9.26335
 11
-102.813
 21
-9.55363
  0
LINE
  8
0
 10
-102.813
 20
-9.55363
 11
-103.088
 21
-9.81154
  0
LINE
  8
0
 10
-103.088
 20
-9.81154
 11
-103.393
 21
-10.033
  0
LINE
  8
0
 10
-103.393
 20
-10.033
 11
-103.723
 21
-10.2145
  0
LINE
  8
0
 10
-103.723
 20
-10.2145
 11
-104.073
 21
-10.3532
  0
LINE
  8
0
 10
-104.073
 20
-10.3532
 11
-104.438
 21
-10.4469
  0
LINE
  8
0
 10
-104.438
 20
-10.4469
 11
-104.812
 21
-10.4941
  0
LINE
  8
0
 10
-104.812
 20
-10.4941
 11
-105.188
 21
-10.4941
  0
LINE
  8
0
 10
104.906
 20
-16.497
 11
104.719
 21
-16.4734
  0
LINE
  8
0
 10
104.719
 20
-16.4734
 11
104.536
 21
-16.4266
  0
LINE
  8
0
 10
104.536
 20
-16.4266
 11
104.361
 21
-16.3572
  0
LINE
  8
0
 10
104.361
 20
-16.3572
 11
104.196
 21
-16.2665
  0
LINE
  8
0
 10
104.196
 20
-16.2665
 11
104.044
 21
-16.1558
  0
LINE
  8
0
 10
104.044
 20
-16.1558
 11
103.907
 21
-16.0268
  0
LINE
  8
0
 10
103.907
 20
-16.0268
 11
103.786
 21
-15.8817
  0
LINE
  8
0
 10
103.786
 20
-15.8817
 11
103.686
 21
-15.7226
  0
LINE
  8
0
 10
103.686
 20
-15.7226
 11
103.605
 21
-15.5522
  0
LINE
  8
0
 10
103.605
 20
-15.5522
 11
103.547
 21
-15.373
  0
LINE
  8
0
 10
103.547
 20
-15.373
 11
103.512
 21
-15.188
  0
LINE
  8
0
 10
103.512
 20
-15.188
 11
103.5
 21
-15
  0
LINE
  8
0
 10
103.5
 20
-15
 11
103.512
 21
-14.812
  0
LINE
  8
0
 10
103.512
 20
-14.812
 11
103.547
 21
-14.627
  0
LINE
  8
0
 10
103.547
 20
-14.627
 11
103.605
 21
-14.4478
  0
LINE
  8
0
 10
103.605
 20
-14.4478
 11
103.686
 21
-14.2774
  0
LINE
  8
0
 10
103.686
 20
-14.2774
 11
103.786
 21
-14.1183
  0
LINE
  8
0
 10
103.786
 20
-14.1183
 11
103.907
 21
-13.9732
  0
LINE
  8
0
 10
103.907
 20
-13.9732
 11
104.044
 21
-13.8442
  0
LINE
  8
0
 10
104.044
 20
-13.8442
 11
104.196
 21
-13.7335
  0
LINE
  8
0
 10
104.196
 20
-13.7335
 11
104.361
 21
-13.6427
  0
LINE
  8
0
 10
104.361
 20
-13.6427
 11
104.536
 21
-13.5734
  0
LINE
  8
0
 10
104.536
 20
-13.5734
 11
104.719
 21
-13.5266
  0
LINE
  8
0
 10
104.719
 20
-13.5266
 11
104.906
 21
-13.5029
  0
LINE
  8
0
 10
104.906
 20
-13.5029
 11
105.094
 21
-13.5029
  0
LINE
  8
0
 10
105.094
 20
-13.5029
 11
105.281
 21
-13.5266
  0
LINE
  8
0
 10
105.281
 20
-13.5266
 11
105.464
 21
-13.5734
  0
LINE
  8
0
 10
105.464
 20
-13.5734
 11
105.639
 21
-13.6427
  0
LINE
  8
0
 10
105.639
 20
-13.6427
 11
105.804
 21
-13.7335
  0
LINE
  8
0
 10
105.804
 20
-13.7335
 11
105.956
 21
-13.8442
  0
LINE
  8
0
 10
105.956
 20
-13.8442
 11
106.093
 21
-13.9732
  0
LINE
  8
0
 10
106.093
 20
-13.9732
 11
106.214
 21
-14.1183
  0
LINE
  8
0
 10
106.214
 20
-14.1183
 11
106.314
 21
-14.2774
  0
LINE
  8
0
 10
106.314
 20
-14.2774
 11
106.395
 21
-14.4478
  0
LINE
  8
0
 10
106.395
 20
-14.4478
 11
106.453
 21
-14.627
  0
LINE
  8
0
 10
106.453
 20
-14.627
 11
106.488
 21
-14.812
  0
LINE
  8
0
 10
106.488
 20
-14.812
 11
106.5
 21
-15
  0
LINE
  8
0
 10
106.5
 20
-15
 11
106.488
 21
-15.188
  0
LINE
  8
0
 10
106.488
 20
-15.188
 11
106.453
 21
-15.373
  0
LINE
  8
0
 10
106.453
 20
-15.373
 11
106.395
 21
-15.5522
  0
LINE
  8
0
 10
106.395
 20
-15.5522
 11
106.314
 21
-15.7226
  0
LINE
  8
0
 10
106.314
 20
-15.7226
 11
106.214
 21
-15.8817
  0
LINE
  8
0
 10
106.214
 20
-15.8817
 11
106.093
 21
-16.0268
  0
LINE
  8
0
 10
106.093
 20
-16.0268
 11
105.956
 21
-16.1558
  0
LINE
  8
0
 10
105.956
 20
-16.1558
 11
105.804
 21
-16.2665
  0
LINE
  8
0
 10
105.804
 20
-16.2665
 11
105.639
 21
-16.3572
  0
LINE
  8
0
 10
105.639
 20
-16.3572
 11
105.464
 21
-16.4266
  0
LINE
  8
0
 10
105.464
 20
-16.4266
 11
105.281
 21
-16.4734
  0
LINE
  8
0
 10
105.281
 20
-16.4734
 11
105.094
 21
-16.497
  0
LINE
  8
0
 10
105.094
 20
-16.497
 11
104.906
 21
-16.497
  0
LINE
  8
0
 10
-105.094
 20
-16.497
 11
-105.281
 21
-16.4734
  0
LINE
  8
0
 10
-105.281
 20
-16.4734
 11
-105.464
 21
-16.4266
  0
LINE
  8
0
 10
-105.464
 20
-16.4266
 11
-105.639
 21
-16.3572
  0
LINE
  8
0
 10
-105.639
 20
-16.3572
 11
-105.804
 21
-16.2665
  0
LINE
  8
0
 10
-105.804
 20
-16.2665
 11
-105.956
 21
-16.1558
  0
LINE
  8
0
 10
-105.956
 20
-16.1558
 11
-106.093
 21
-16.0268
  0
LINE
  8
0
 10
-106.093
 20
-16.0268
 11
-106.214
 21
-15.8817
  0
LINE
  8
0
 10
-106.214
 20
-15.8817
 11
-106.314
 21
-15.7226
  0
LINE
  8
0
 10
-106.314
 20
-15.7226
 11
-106.395
 21
-15.5522
  0
LINE
  8
0
 10
-106.395
 20
-15.5522
 11
-106.453
 21
-15.373
  0
LINE
  8
0
 10
-106.453
 20
-15.373
 11
-106.488
 21
-15.188
  0
LINE
  8
0
 10
-106.488
 20
-15.188
 11
-106.5
 21
-15
  0
LINE
  8
0
 10
-106.5
 20
-15
 11
-106.488
 21
-14.812
  0
LINE
  8
0
 10
-106.488
 20
-14.812
 11
-106.453
 21
-14.627
  0
LINE
  8
0
 10
-106.453
 20
-14.627
 11
-106.395
 21
-14.4478
  0
LINE
  8
0
 10
-106.395
 20
-14.4478
 11
-106.314
 21
-14.2774
  0
LINE
  8
0
 10
-106.314
 20
-14.2774
 11
-106.214
 21
-14.1183
  0
LINE
  8
0
 10
-106.214
 20
-14.1183
 11
-106.093
 21
-13.9732
  0
LINE
  8
0
 10
-106.093
 20
-13.9732
 11
-105.956
 21
-13.8442
  0
LINE
  8
0
 10
-105.956
 20
-13.8442
 11
-105.804
 21
-13.7335
  0
LINE
  8
0
 10
-105.804
 20
-13.7335
 11
-105.639
 21
-13.6427
  0
LINE
  8
0
 10
-105.639
 20
-13.6427
 11
-105.464
 21
-13.5734
  0
LINE
  8
0
 10
-105.464
 20
-13.5734
 11
-105.281
 21
-13.5266
  0
LINE
  8
0
 10
-105.281
 20
-13.5266
 11
-105.094
 21
-13.5029
  0
LINE
  8
0
 10
-105.094
 20
-13.5029
 11
-104.906
 21
-13.5029
  0
LINE
  8
0
 10
-104.906
 20
-13.5029
 11
-104.719
 21
-13.5266
  0
LINE
  8
0
 10
-104.719
 20
-13.5266
 11
-104.536
 21
-13.5734
  0
LINE
  8
0
 10
-104.536
 20
-13.5734
 11
-104.361
 21
-13.6427
  0
LINE
  8
0
 10
-104.361
 20
-13.6427
 11
-104.196
 21
-13.7335
  0
LINE
  8
0
 10
-104.196
 20
-13.7335
 11
-104.044
 21
-13.8442
  0
LINE
  8
0
 10
-104.044
 20
-13.8442
 11
-103.907
 21
-13.9732
  0
LINE
  8
0
 10
-103.907
 20
-13.9732
 11
-103.786
 21
-14.1183
  0
LINE
  8
0
 10
-103.786
 20
-14.1183
 11
-103.686
 21
-14.2774
  0
LINE
  8
0
 10
-103.686
 20
-14.2774
 11
-103.605
 21
-14.4478
  0
LINE
  8
0
 10
-103.605
 20
-14.4478
 11
-103.547
 21
-14.627
  0
LINE
  8
0
 10
-103.547
 20
-14.627
 11
-103.512
 21
-14.812
  0
LINE
  8
0
 10
-103.512
 20
-14.812
 11
-103.5
 21
-15
  0
LINE
  8
0
 10
-103.5
 20
-15
 11
-103.512
 21
-15.188
  0
LINE
  8
0
 10
-103.512
 20
-15.188
 11
-103.547
 21
-15.373
  0
LINE
  8
0
 10
-103.547
 20
-15.373
 11
-103.605
 21
-15.5522
  0
LINE
  8
0
 10
-103.605
 20
-15.5522
 11
-103.686
 21
-15.7226
  0
LINE
  8
0
 10
-103.686
 20
-15.7226
 11
-103.786
 21
-15.8817
  0
LINE
  8
0
 10
-103.786
 20
-15.8817
 11
-103.907
 21
-16.0268
  0
LINE
  8
0
 10
-103.907
 20
-16.0268
 11
-104.044
 21
-16.1558
  0
LINE
  8
0
 10
-104.044
 20
-16.1558
 11
-104.196
 21
-16.2665
  0
LINE
  8
0
 10
-104.196
 20
-16.2665
 11
-104.361
 21
-16.3572
  0
LINE
  8
0
 10
-104.361
 20
-16.3572
 11
-104.536
 21
-16.4266
  0
LINE
  8
0
 10
-104.536
 20
-16.4266
 11
-104.719
 21
-16.4734
  0
LINE
  8
0
 10
-104.719
 20
-16.4734
 11
-104.906
 21
-16.497
  0
LINE
  8
0
 10
-104.906
 20
-16.497
 11
-105.094
 21
-16.497
  0
LINE
  8
0
 10
102.094
 20
-21.7539
 11
102.211
 21
-21.3956
  0
LINE
  8
0
 10
102.211
 20
-21.3956
 11
102.371
 21
-21.0547
  0
LINE
  8
0
 10
102.371
 20
-21.0547
 11
102.573
 21
-20.7366
  0
LINE
  8
0
 10
102.573
 20
-20.7366
 11
102.813
 21
-20.4464
  0
LINE
  8
0
 10
102.813
 20
-20.4464
 11
103.088
 21
-20.1884
  0
LINE
  8
0
 10
103.088
 20
-20.1884
 11
103.393
 21
-19.967
  0
LINE
  8
0
 10
103.393
 20
-19.967
 11
103.723
 21
-19.7855
  0
LINE
  8
0
 10
103.723
 20
-19.7855
 11
104.073
 21
-19.6468
  0
LINE
  8
0
 10
104.073
 20
-19.6468
 11
104.438
 21
-19.5531
  0
LINE
  8
0
 10
104.438
 20
-19.5531
 11
104.812
 21
-19.5059
  0
LINE
  8
0
 10
104.812
 20
-19.5059
 11
105.188
 21
-19.5059
  0
LINE
  8
0
 10
105.188
 20
-19.5059
 11
105.562
 21
-19.5531
  0
LINE
  8
0
 10
105.562
 20
-19.5531
 11
105.927
 21
-19.6468
  0
LINE
  8
0
 10
105.927
 20
-19.6468
 11
106.277
 21
-19.7855
  0
LINE
  8
0
 10
106.277
 20
-19.7855
 11
106.607
 21
-19.967
  0
LINE
  8
0
 10
106.607
 20
-19.967
 11
106.912
 21
-20.1884
  0
LINE
  8
0
 10
106.912
 20
-20.1884
 11
107.187
 21
-20.4464
  0
LINE
  8
0
 10
107.187
 20
-20.4464
 11
107.427
 21
-20.7366
  0
LINE
  8
0
 10
107.427
 20
-20.7366
 11
107.629
 21
-21.0547
  0
LINE
  8
0
 10
107.629
 20
-21.0547
 11
107.789
 21
-21.3956
  0
LINE
  8
0
 10
107.789
 20
-21.3956
 11
107.906
 21
-21.7539
  0
LINE
  8
0
 10
107.906
 20
-21.7539
 11
107.976
 21
-22.124
  0
LINE
  8
0
 10
107.976
 20
-22.124
 11
108
 21
-22.5
  0
LINE
  8
0
 10
108
 20
-22.5
 11
107.976
 21
-22.876
  0
LINE
  8
0
 10
107.976
 20
-22.876
 11
107.906
 21
-23.2461
  0
LINE
  8
0
 10
107.906
 20
-23.2461
 11
107.789
 21
-23.6044
  0
LINE
  8
0
 10
107.789
 20
-23.6044
 11
107.629
 21
-23.9453
  0
LINE
  8
0
 10
107.629
 20
-23.9453
 11
107.427
 21
-24.2634
  0
LINE
  8
0
 10
107.427
 20
-24.2634
 11
107.187
 21
-24.5536
  0
LINE
  8
0
 10
107.187
 20
-24.5536
 11
106.912
 21
-24.8115
  0
LINE
  8
0
 10
106.912
 20
-24.8115
 11
106.607
 21
-25.033
  0
LINE
  8
0
 10
106.607
 20
-25.033
 11
106.277
 21
-25.2145
  0
LINE
  8
0
 10
106.277
 20
-25.2145
 11
105.927
 21
-25.3532
  0
LINE
  8
0
 10
105.927
 20
-25.3532
 11
105.562
 21
-25.4469
  0
LINE
  8
0
 10
105.562
 20
-25.4469
 11
105.188
 21
-25.4941
  0
LINE
  8
0
 10
105.188
 20
-25.4941
 11
104.812
 21
-25.4941
  0
LINE
  8
0
 10
104.812
 20
-25.4941
 11
104.438
 21
-25.4469
  0
LINE
  8
0
 10
104.438
 20
-25.4469
 11
104.073
 21
-25.3532
  0
LINE
  8
0
 10
104.073
 20
-25.3532
 11
103.723
 21
-25.2145
  0
LINE
  8
0
 10
103.723
 20
-25.2145
 11
103.393
 21
-25.033
  0
LINE
  8
0
 10
103.393
 20
-25.033
 11
103.088
 21
-24.8115
  0
LINE
  8
0
 10
103.088
 20
-24.8115
 11
102.813
 21
-24.5536
  0
LINE
  8
0
 10
102.813
 20
-24.5536
 11
102.573
 21
-24.2634
  0
LINE
  8
0
 10
102.573
 20
-24.2634
 11
102.371
 21
-23.9453
  0
LINE
  8
0
 10
102.371
 20
-23.9453
 11
102.211
 21
-23.6044
  0
LINE
  8
0
 10
102.211
 20
-23.6044
 11
102.094
 21
-23.2461
  0
LINE
  8
0
 10
102.094
 20
-23.2461
 11
102.024
 21
-22.876
  0
LINE
  8
0
 10
102.024
 20
-22.876
 11
102
 21
-22.5
  0
LINE
  8
0
 10
102
 20
-22.5
 11
102.024
 21
-22.124
  0
LINE
  8
0
 10
102.024
 20
-22.124
 11
102.094
 21
-21.7539
  0
LINE
  8
0
 10
104.906
 20
-31.497
 11
104.719
 21
-31.4734
  0
LINE
  8
0
 10
104.719
 20
-31.4734
 11
104.536
 21
-31.4266
  0
LINE
  8
0
 10
104.536
 20
-31.4266
 11
104.361
 21
-31.3572
  0
LINE
  8
0
 10
104.361
 20
-31.3572
 11
104.196
 21
-31.2665
  0
LINE
  8
0
 10
104.196
 20
-31.2665
 11
104.044
 21
-31.1558
  0
LINE
  8
0
 10
104.044
 20
-31.1558
 11
103.907
 21
-31.0268
  0
LINE
  8
0
 10
103.907
 20
-31.0268
 11
103.786
 21
-30.8817
  0
LINE
  8
0
 10
103.786
 20
-30.8817
 11
103.686
 21
-30.7226
  0
LINE
  8
0
 10
103.686
 20
-30.7226
 11
103.605
 21
-30.5522
  0
LINE
  8
0
 10
103.605
 20
-30.5522
 11
103.547
 21
-30.373
  0
LINE
  8
0
 10
103.547
 20
-30.373
 11
103.512
 21
-30.188
  0
LINE
  8
0
 10
103.512
 20
-30.188
 11
103.5
 21
-30
  0
LINE
  8
0
 10
103.5
 20
-30
 11
103.512
 21
-29.812
  0
LINE
  8
0
 10
103.512
 20
-29.812
 11
103.547
 21
-29.627
  0
LINE
  8
0
 10
103.547
 20
-29.627
 11
103.605
 21
-29.4478
  0
LINE
  8
0
 10
103.605
 20
-29.4478
 11
103.686
 21
-29.2774
  0
LINE
  8
0
 10
103.686
 20
-29.2774
 11
103.786
 21
-29.1183
  0
LINE
  8
0
 10
103.786
 20
-29.1183
 11
103.907
 21
-28.9732
  0
LINE
  8
0
 10
103.907
 20
-28.9732
 11
104.044
 21
-28.8442
  0
LINE
  8
0
 10
104.044
 20
-28.8442
 11
104.196
 21
-28.7335
  0
LINE
  8
0
 10
104.196
 20
-28.7335
 11
104.361
 21
-28.6427
  0
LINE
  8
0
 10
104.361
 20
-28.6427
 11
104.536
 21
-28.5734
  0
LINE
  8
0
 10
104.536
 20
-28.5734
 11
104.719
 21
-28.5266
  0
LINE
  8
0
 10
104.719
 20
-28.5266
 11
104.906
 21
-28.503
  0
LINE
  8
0
 10
104.906
 20
-28.503
 11
105.094
 21
-28.503
  0
LINE
  8
0
 10
105.094
 20
-28.503
 11
105.281
 21
-28.5266
  0
LINE
  8
0
 10
105.281
 20
-28.5266
 11
105.464
 21
-28.5734
  0
LINE
  8
0
 10
105.464
 20
-28.5734
 11
105.639
 21
-28.6427
  0
LINE
  8
0
 10
105.639
 20
-28.6427
 11
105.804
 21
-28.7335
  0
LINE
  8
0
 10
105.804
 20
-28.7335
 11
105.956
 21
-28.8442
  0
LINE
  8
0
 10
105.956
 20
-28.8442
 11
106.093
 21
-28.9732
  0
LINE
  8
0
 10
106.093
 20
-28.9732
 11
106.214
 21
-29.1183
  0
LINE
  8
0
 10
106.214
 20
-29.1183
 11
106.314
 21
-29.2774
  0
LINE
  8
0
 10
106.314
 20
-29.2774
 11
106.395
 21
-29.4478
  0
LINE
  8
0
 10
106.395
 20
-29.4478
 11
106.453
 21
-29.627
  0
LINE
  8
0
 10
106.453
 20
-29.627
 11
106.488
 21
-29.812
  0
LINE
  8
0
 10
106.488
 20
-29.812
 11
106.5
 21
-30
  0
LINE
  8
0
 10
106.5
 20
-30
 11
106.488
 21
-30.188
  0
LINE
  8
0
 10
106.488
 20
-30.188
 11
106.453
 21
-30.373
  0
LINE
  8
0
 10
106.453
 20
-30.373
 11
106.395
 21
-30.5522
  0
LINE
  8
0
 10
106.395
 20
-30.5522
 11
106.314
 21
-30.7226
  0
LINE
  8
0
 10
106.314
 20
-30.7226
 11
106.214
 21
-30.8817
  0
LINE
  8
0
 10
106.214
 20
-30.8817
 11
106.093
 21
-31.0268
  0
LINE
  8
0
 10
106.093
 20
-31.0268
 11
105.956
 21
-31.1558
  0
LINE
  8
0
 10
105.956
 20
-31.1558
 11
105.804
 21
-31.2665
  0
LINE
  8
0
 10
105.804
 20
-31.2665
 11
105.639
 21
-31.3572
  0
LINE
  8
0
 10
105.639
 20
-31.3572
 11
105.464
 21
-31.4266
  0
LINE
  8
0
 10
105.464
 20
-31.4266
 11
105.281
 21
-31.4734
  0
LINE
  8
0
 10
105.281
 20
-31.4734
 11
105.094
 21
-31.497
  0
LINE
  8
0
 10
105.094
 20
-31.497
 11
104.906
 21
-31.497
  0
LINE
  8
0
 10
-105.094
 20
-31.497
 11
-105.281
 21
-31.4734
  0
LINE
  8
0
 10
-105.281
 20
-31.4734
 11
-105.464
 21
-31.4266
  0
LINE
  8
0
 10
-105.464
 20
-31.4266
 11
-105.639
 21
-31.3572
  0
LINE
  8
0
 10
-105.639
 20
-31.3572
 11
-105.804
 21
-31.2665
  0
LINE
  8
0
 10
-105.804
 20
-31.2665
 11
-105.956
 21
-31.1558
  0
LINE
  8
0
 10
-105.956
 20
-31.1558
 11
-106.093
 21
-31.0268
  0
LINE
  8
0
 10
-106.093
 20
-31.0268
 11
-106.214
 21
-30.8817
  0
LINE
  8
0
 10
-106.214
 20
-30.8817
 11
-106.314
 21
-30.7226
  0
LINE
  8
0
 10
-106.314
 20
-30.7226
 11
-106.395
 21
-30.5522
  0
LINE
  8
0
 10
-106.395
 20
-30.5522
 11
-106.453
 21
-30.373
  0
LINE
  8
0
 10
-106.453
 20
-30.373
 11
-106.488
 21
-30.188
  0
LINE
  8
0
 10
-106.488
 20
-30.188
 11
-106.5
 21
-30
  0
LINE
  8
0
 10
-106.5
 20
-30
 11
-106.488
 21
-29.812
  0
LINE
  8
0
 10
-106.488
 20
-29.812
 11
-106.453
 21
-29.627
  0
LINE
  8
0
 10
-106.453
 20
-29.627
 11
-106.395
 21
-29.4478
  0
LINE
  8
0
 10
-106.395
 20
-29.4478
 11
-106.314
 21
-29.2774
  0
LINE
  8
0
 10
-106.314
 20
-29.2774
 11
-106.214
 21
-29.1183
  0
LINE
  8
0
 10
-106.214
 20
-29.1183
 11
-106.093
 21
-28.9732
  0
LINE
  8
0
 10
-106.093
 20
-28.9732
 11
-105.956
 21
-28.8442
  0
LINE
  8
0
 10
-105.956
 20
-28.8442
 11
-105.804
 21
-28.7335
  0
LINE
  8
0
 10
-105.804
 20
-28.7335
 11
-105.639
 21
-28.6427
  0
LINE
  8
0
 10
-105.639
 20
-28.6427
 11
-105.464
 21
-28.5734
  0
LINE
  8
0
 10
-105.464
 20
-28.5734
 11
-105.281
 21
-28.5266
  0
LINE
  8
0
 10
-105.281
 20
-28.5266
 11
-105.094
 21
-28.503
  0
LINE
  8
0
 10
-105.094
 20
-28.503
 11
-104.906
 21
-28.503
  0
LINE
  8
0
 10
-104.906
 20
-28.503
 11
-104.719
 21
-28.5266
  0
LINE
  8
0
 10
-104.719
 20
-28.5266
 11
-104.536
 21
-28.5734
  0
LINE
  8
0
 10
-104.536
 20
-28.5734
 11
-104.361
 21
-28.6427
  0
LINE
  8
0
 10
-104.361
 20
-28.6427
 11
-104.196
 21
-28.7335
  0
LINE
  8
0
 10
-104.196
 20
-28.7335
 11
-104.044
 21
-28.8442
  0
LINE
  8
0
 10
-104.044
 20
-28.8442
 11
-103.907
 21
-28.9732
  0
LINE
  8
0
 10
-103.907
 20
-28.9732
 11
-103.786
 21
-29.1183
  0
LINE
  8
0
 10
-103.786
 20
-29.1183
 11
-103.686
 21
-29.2774
  0
LINE
  8
0
 10
-103.686
 20
-29.2774
 11
-103.605
 21
-29.4478
  0
LINE
  8
0
 10
-103.605
 20
-29.4478
 11
-103.547
 21
-29.627
  0
LINE
  8
0
 10
-103.547
 20
-29.627
 11
-103.512
 21
-29.812
  0
LINE
  8
0
 10
-103.512
 20
-29.812
 11
-103.5
 21
-30
  0
LINE
  8
0
 10
-103.5
 20
-30
 11
-103.512
 21
-30.188
  0
LINE
  8
0
 10
-103.512
 20
-30.188
 11
-103.547
 21
-30.373
  0
LINE
  8
0
 10
-103.547
 20
-30.373
 11
-103.605
 21
-30.5522
  0
LINE
  8
0
 10
-103.605
 20
-30.5522
 11
-103.686
 21
-30.7226
  0
LINE
  8
0
 10
-103.686
 20
-30.7226
 11
-103.786
 21
-30.8817
  0
LINE
  8
0
 10
-103.786
 20
-30.8817
 11
-103.907
 21
-31.0268
  0
LINE
  8
0
 10
-103.907
 20
-31.0268
 11
-104.044
 21
-31.1558
  0
LINE
  8
0
 10
-104.044
 20
-31.1558
 11
-104.196
 21
-31.2665
  0
LINE
  8
0
 10
-104.196
 20
-31.2665
 11
-104.361
 21
-31.3572
  0
LINE
  8
0
 10
-104.361
 20
-31.3572
 11
-104.536
 21
-31.4266
  0
LINE
  8
0
 10
-104.536
 20
-31.4266
 11
-104.719
 21
-31.4734
  0
LINE
  8
0
 10
-104.719
 20
-31.4734
 11
-104.906
 21
-31.497
  0
LINE
  8
0
 10
-104.906
 20
-31.497
 11
-105.094
 21
-31.497
  0
LINE
  8
0
 10
104.812
 20
-40.4941
 11
104.438
 21
-40.4469
  0
LINE
  8
0
 10
104.438
 20
-40.4469
 11
104.073
 21
-40.3532
  0
LINE
  8
0
 10
104.073
 20
-40.3532
 11
103.723
 21
-40.2145
  0
LINE
  8
0
 10
103.723
 20
-40.2145
 11
103.393
 21
-40.033
  0
LINE
  8
0
 10
103.393
 20
-40.033
 11
103.088
 21
-39.8115
  0
LINE
  8
0
 10
103.088
 20
-39.8115
 11
102.813
 21
-39.5536
  0
LINE
  8
0
 10
102.813
 20
-39.5536
 11
102.573
 21
-39.2634
  0
LINE
  8
0
 10
102.573
 20
-39.2634
 11
102.371
 21
-38.9453
  0
LINE
  8
0
 10
102.371
 20
-38.9453
 11
102.211
 21
-38.6044
  0
LINE
  8
0
 10
102.211
 20
-38.6044
 11
102.094
 21
-38.2461
  0
LINE
  8
0
 10
102.094
 20
-38.2461
 11
102.024
 21
-37.876
  0
LINE
  8
0
 10
102.024
 20
-37.876
 11
102
 21
-37.5
  0
LINE
  8
0
 10
102
 20
-37.5
 11
102.024
 21
-37.124
  0
LINE
  8
0
 10
102.024
 20
-37.124
 11
102.094
 21
-36.7539
  0
LINE
  8
0
 10
102.094
 20
-36.7539
 11
102.211
 21
-36.3956
  0
LINE
  8
0
 10
102.211
 20
-36.3956
 11
102.371
 21
-36.0547
  0
LINE
  8
0
 10
102.371
 20
-36.0547
 11
102.573
 21
-35.7366
  0
LINE
  8
0
 10
102.573
 20
-35.7366
 11
102.813
 21
-35.4464
  0
LINE
  8
0
 10
102.813
 20
-35.4464
 11
103.088
 21
-35.1885
  0
LINE
  8
0
 10
103.088
 20
-35.1885
 11
103.393
 21
-34.967
  0
LINE
  8
0
 10
103.393
 20
-34.967
 11
103.723
 21
-34.7855
  0
LINE
  8
0
 10
103.723
 20
-34.7855
 11
104.073
 21
-34.6468
  0
LINE
  8
0
 10
104.073
 20
-34.6468
 11
104.438
 21
-34.5531
  0
LINE
  8
0
 10
104.438
 20
-34.5531
 11
104.812
 21
-34.5059
  0
LINE
  8
0
 10
104.812
 20
-34.5059
 11
105.188
 21
-34.5059
  0
LINE
  8
0
 10
105.188
 20
-34.5059
 11
105.562
 21
-34.5531
  0
LINE
  8
0
 10
105.562
 20
-34.5531
 11
105.927
 21
-34.6468
  0
LINE
  8
0
 10
105.927
 20
-34.6468
 11
106.277
 21
-34.7855
  0
LINE
  8
0
 10
106.277
 20
-34.7855
 11
106.607
 21
-34.967
  0
LINE
  8
0
 10
106.607
 20
-34.967
 11
106.912
 21
-35.1885
  0
LINE
  8
0
 10
106.912
 20
-35.1885
 11
107.187
 21
-35.4464
  0
LINE
  8
0
 10
107.187
 20
-35.4464
 11
107.427
 21
-35.7366
  0
LINE
  8
0
 10
107.427
 20
-35.7366
 11
107.629
 21
-36.0547
  0
LINE
  8
0
 10
107.629
 20
-36.0547
 11
107.789
 21
-36.3956
  0
LINE
  8
0
 10
107.789
 20
-36.3956
 11
107.906
 21
-36.7539
  0
LINE
  8
0
 10
107.906
 20
-36.7539
 11
107.976
 21
-37.124
  0
LINE
  8
0
 10
107.976
 20
-37.124
 11
108
 21
-37.5
  0
LINE
  8
0
 10
108
 20
-37.5
 11
107.976
 21
-37.876
  0
LINE
  8
0
 10
107.976
 20
-37.876
 11
107.906
 21
-38.2461
  0
LINE
  8
0
 10
107.906
 20
-38.2461
 11
107.789
 21
-38.6044
  0
LINE
  8
0
 10
107.789
 20
-38.6044
 11
107.629
 21
-38.9453
  0
LINE
  8
0
 10
107.629
 20
-38.9453
 11
107.427
 21
-39.2634
  0
LINE
  8
0
 10
107.427
 20
-39.2634
 11
107.187
 21
-39.5536
  0
LINE
  8
0
 10
107.187
 20
-39.5536
 11
106.912
 21
-39.8115
  0
LINE
  8
0
 10
106.912
 20
-39.8115
 11
106.607
 21
-40.033
  0
LINE
  8
0
 10
106.607
 20
-40.033
 11
106.277
 21
-40.2145
  0
LINE
  8
0
 10
106.277
 20
-40.2145
 11
105.927
 21
-40.3532
  0
LINE
  8
0
 10
105.927
 20
-40.3532
 11
105.562
 21
-40.4469
  0
LINE
  8
0
 10
105.562
 20
-40.4469
 11
105.188
 21
-40.4941
  0
LINE
  8
0
 10
105.188
 20
-40.4941
 11
104.812
 21
-40.4941
  0
LINE
  8
0
 10
-105.188
 20
-40.4941
 11
-105.562
 21
-40.4469
  0
LINE
  8
0
 10
-105.562
 20
-40.4469
 11
-105.927
 21
-40.3532
  0
LINE
  8
0
 10
-105.927
 20
-40.3532
 11
-106.277
 21
-40.2145
  0
LINE
  8
0
 10
-106.277
 20
-40.2145
 11
-106.607
 21
-40.033
  0
LINE
  8
0
 10
-106.607
 20
-40.033
 11
-106.912
 21
-39.8115
  0
LINE
  8
0
 10
-106.912
 20
-39.8115
 11
-107.187
 21
-39.5536
  0
LINE
  8
0
 10
-107.187
 20
-39.5536
 11
-107.427
 21
-39.2634
  0
LINE
  8
0
 10
-107.427
 20
-39.2634
 11
-107.629
 21
-38.9453
  0
LINE
  8
0
 10
-107.629
 20
-38.9453
 11
-107.789
 21
-38.6044
  0
LINE
  8
0
 10
-107.789
 20
-38.6044
 11
-107.906
 21
-38.2461
  0
LINE
  8
0
 10
-107.906
 20
-38.2461
 11
-107.976
 21
-37.876
  0
LINE
  8
0
 10
-107.976
 20
-37.876
 11
-108
 21
-37.5
  0
LINE
  8
0
 10
-108
 20
-37.5
 11
-107.976
 21
-37.124
  0
LINE
  8
0
 10
-107.976
 20
-37.124
 11
-107.906
 21
-36.7539
  0
LINE
  8
0
 10
-107.906
 20
-36.7539
 11
-107.789
 21
-36.3956
  0
LINE
  8
0
 10
-107.789
 20
-36.3956
 11
-107.629
 21
-36.0547
  0
LINE
  8
0
 10
-107.629
 20
-36.0547
 11
-107.427
 21
-35.7366
  0
LINE
  8
0
 10
-107.427
 20
-35.7366
 11
-107.187
 21
-35.4464
  0
LINE
  8
0
 10
-107.187
 20
-35.4464
 11
-106.912
 21
-35.1885
  0
LINE
  8
0
 10
-106.912
 20
-35.1885
 11
-106.607
 21
-34.967
  0
LINE
  8
0
 10
-106.607
 20
-34.967
 11
-106.277
 21
-34.7855
  0
LINE
  8
0
 10
-106.277
 20
-34.7855
 11
-105.927
 21
-34.6468
  0
LINE
  8
0
 10
-105.927
 20
-34.6468
 11
-105.562
 21
-34.5531
  0
LINE
  8
0
 10
-105.562
 20
-34.5531
 11
-105.188
 21
-34.5059
  0
LINE
  8
0
 10
-105.188
 20
-34.5059
 11
-104.812
 21
-34.5059
  0
LINE
  8
0
 10
-104.812
 20
-34.5059
 11
-104.438
 21
-34.5531
  0
LINE
  8
0
 10
-104.438
 20
-34.5531
 11
-104.073
 21
-34.6468
  0
LINE
  8
0
 10
-104.073
 20
-34.6468
 11
-103.723
 21
-34.7855
  0
LINE
  8
0
 10
-103.723
 20
-34.7855
 11
-103.393
 21
-34.967
  0
LINE
  8
0
 10
-103.393
 20
-34.967
 11
-103.088
 21
-35.1885
  0
LINE
  8
0
 10
-103.088
 20
-35.1885
 11
-102.813
 21
-35.4464
  0
LINE
  8
0
 10
-102.813
 20
-35.4464
 11
-102.573
 21
-35.7366
  0
LINE
  8
0
 10
-102.573
 20
-35.7366
 11
-102.371
 21
-36.0547
  0
LINE
  8
0
 10
-102.371
 20
-36.0547
 11
-102.211
 21
-36.3956
  0
LINE
  8
0
 10
-102.211
 20
-36.3956
 11
-102.094
 21
-36.7539
  0
LINE
  8
0
 10
-102.094
 20
-36.7539
 11
-102.024
 21
-37.124
  0
LINE
  8
0
 10
-102.024
 20
-37.124
 11
-102
 21
-37.5
  0
LINE
  8
0
 10
-102
 20
-37.5
 11
-102.024
 21
-37.876
  0
LINE
  8
0
 10
-102.024
 20
-37.876
 11
-102.094
 21
-38.2461
  0
LINE
  8
0
 10
-102.094
 20
-38.2461
 11
-102.211
 21
-38.6044
  0
LINE
  8
0
 10
-102.211
 20
-38.6044
 11
-102.371
 21
-38.9453
  0
LINE
  8
0
 10
-102.371
 20
-38.9453
 11
-102.573
 21
-39.2634
  0
LINE
  8
0
 10
-102.573
 20
-39.2634
 11
-102.813
 21
-39.5536
  0
LINE
  8
0
 10
-102.813
 20
-39.5536
 11
-103.088
 21
-39.8115
  0
LINE
  8
0
 10
-103.088
 20
-39.8115
 11
-103.393
 21
-40.033
  0
LINE
  8
0
 10
-103.393
 20
-40.033
 11
-103.723
 21
-40.2145
  0
LINE
  8
0
 10
-103.723
 20
-40.2145
 11
-104.073
 21
-40.3532
  0
LINE
  8
0
 10
-104.073
 20
-40.3532
 11
-104.438
 21
-40.4469
  0
LINE
  8
0
 10
-104.438
 20
-40.4469
 11
-104.812
 21
-40.4941
  0
LINE
  8
0
 10
-104.812
 20
-40.4941
 11
-105.188
 21
-40.4941
  0
LINE
  8
0
 10
104.906
 20
-46.497
 11
104.719
 21
-46.4734
  0
LINE
  8
0
 10
104.719
 20
-46.4734
 11
104.536
 21
-46.4266
  0
LINE
  8
0
 10
104.536
 20
-46.4266
 11
104.361
 21
-46.3572
  0
LINE
  8
0
 10
104.361
 20
-46.3572
 11
104.196
 21
-46.2665
  0
LINE
  8
0
 10
104.196
 20
-46.2665
 11
104.044
 21
-46.1558
  0
LINE
  8
0
 10
104.044
 20
-46.1558
 11
103.907
 21
-46.0268
  0
LINE
  8
0
 10
103.907
 20
-46.0268
 11
103.786
 21
-45.8817
  0
LINE
  8
0
 10
103.786
 20
-45.8817
 11
103.686
 21
-45.7226
  0
LINE
  8
0
 10
103.686
 20
-45.7226
 11
103.605
 21
-45.5522
  0
LINE
  8
0
 10
103.605
 20
-45.5522
 11
103.547
 21
-45.373
  0
LINE
  8
0
 10
103.547
 20
-45.373
 11
103.512
 21
-45.188
  0
LINE
  8
0
 10
103.512
 20
-45.188
 11
103.5
 21
-45
  0
LINE
  8
0
 10
103.5
 20
-45
 11
103.512
 21
-44.812
  0
LINE
  8
0
 10
103.512
 20
-44.812
 11
103.547
 21
-44.627
  0
LINE
  8
0
 10
103.547
 20
-44.627
 11
103.605
 21
-44.4478
  0
LINE
  8
0
 10
103.605
 20
-44.4478
 11
103.686
 21
-44.2774
  0
LINE
  8
0
 10
103.686
 20
-44.2774
 11
103.786
 21
-44.1183
  0
LINE
  8
0
 10
103.786
 20
-44.1183
 11
103.907
 21
-43.9732
  0
LINE
  8
0
 10
103.907
 20
-43.9732
 11
104.044
 21
-43.8442
  0
LINE
  8
0
 10
104.044
 20
-43.8442
 11
104.196
 21
-43.7335
  0
LINE
  8
0
 10
104.196
 20
-43.7335
 11
104.361
 21
-43.6428
  0
LINE
  8
0
 10
104.361
 20
-43.6428
 11
104.536
 21
-43.5734
  0
LINE
  8
0
 10
104.536
 20
-43.5734
 11
104.719
 21
-43.5266
  0
LINE
  8
0
 10
104.719
 20
-43.5266
 11
104.906
 21
-43.503
  0
LINE
  8
0
 10
104.906
 20
-43.503
 11
105.094
 21
-43.503
  0
LINE
  8
0
 10
105.094
 20
-43.503
 11
105.281
 21
-43.5266
  0
LINE
  8
0
 10
105.281
 20
-43.5266
 11
105.464
 21
-43.5734
  0
LINE
  8
0
 10
105.464
 20
-43.5734
 11
105.639
 21
-43.6428
  0
LINE
  8
0
 10
105.639
 20
-43.6428
 11
105.804
 21
-43.7335
  0
LINE
  8
0
 10
105.804
 20
-43.7335
 11
105.956
 21
-43.8442
  0
LINE
  8
0
 10
105.956
 20
-43.8442
 11
106.093
 21
-43.9732
  0
LINE
  8
0
 10
106.093
 20
-43.9732
 11
106.214
 21
-44.1183
  0
LINE
  8
0
 10
106.214
 20
-44.1183
 11
106.314
 21
-44.2774
  0
LINE
  8
0
 10
106.314
 20
-44.2774
 11
106.395
 21
-44.4478
  0
LINE
  8
0
 10
106.395
 20
-44.4478
 11
106.453
 21
-44.627
  0
LINE
  8
0
 10
106.453
 20
-44.627
 11
106.488
 21
-44.812
  0
LINE
  8
0
 10
106.488
 20
-44.812
 11
106.5
 21
-45
  0
LINE
  8
0
 10
106.5
 20
-45
 11
106.488
 21
-45.188
  0
LINE
  8
0
 10
106.488
 20
-45.188
 11
106.453
 21
-45.373
  0
LINE
  8
0
 10
106.453
 20
-45.373
 11
106.395
 21
-45.5522
  0
LINE
  8
0
 10
106.395
 20
-45.5522
 11
106.314
 21
-45.7226
  0
LINE
  8
0
 10
106.314
 20
-45.7226
 11
106.214
 21
-45.8817
  0
LINE
  8
0
 10
106.214
 20
-45.8817
 11
106.093
 21
-46.0268
  0
LINE
  8
0
 10
106.093
 20
-46.0268
 11
105.956
 21
-46.1558
  0
LINE
  8
0
 10
105.956
 20
-46.1558
 11
105.804
 21
-46.2665
  0
LINE
  8
0
 10
105.804
 20
-46.2665
 11
105.639
 21
-46.3572
  0
LINE
  8
0
 10
105.639
 20
-46.3572
 11
105.464
 21
-46.4266
  0
LINE
  8
0
 10
105.464
 20
-46.4266
 11
105.281
 21
-46.4734
  0
LINE
  8
0
 10
105.281
 20
-46.4734
 11
105.094
 21
-46.497
  0
LINE
  8
0
 10
105.094
 20
-46.497
 11
104.906
 21
-46.497
  0
LINE
  8
0
 10
-105.094
 20
-46.497
 11
-105.281
 21
-46.4734
  0
LINE
  8
0
 10
-105.281
 20
-46.4734
 11
-105.464
 21
-46.4266
  0
LINE
  8
0
 10
-105.464
 20
-46.4266
 11
-105.639
 21
-46.3572
  0
LINE
  8
0
 10
-105.639
 20
-46.3572
 11
-105.804
 21
-46.2665
  0
LINE
  8
0
 10
-105.804
 20
-46.2665
 11
-105.956
 21
-46.1558
  0
LINE
  8
0
 10
-105.956
 20
-46.1558
 11
-106.093
 21
-46.0268
  0
LINE
  8
0
 10
-106.093
 20
-46.0268
 11
-106.214
 21
-45.8817
  0
LINE
  8
0
 10
-106.214
 20
-45.8817
 11
-106.314
 21
-45.7226
  0
LINE
  8
0
 10
-106.314
 20
-45.7226
 11
-106.395
 21
-45.5522
  0
LINE
  8
0
 10
-106.395
 20
-45.5522
 11
-106.453
 21
-45.373
  0
LINE
  8
0
 10
-106.453
 20
-45.373
 11
-106.488
 21
-45.188
  0
LINE
  8
0
 10
-106.488
 20
-45.188
 11
-106.5
 21
-45
  0
LINE
  8
0
 10
-106.5
 20
-45
 11
-106.488
 21
-44.812
  0
LINE
  8
0
 10
-106.488
 20
-44.812
 11
-106.453
 21
-44.627
  0
LINE
  8
0
 10
-106.453
 20
-44.627
 11
-106.395
 21
-44.4478
  0
LINE
  8
0
 10
-106.395
 20
-44.4478
 11
-106.314
 21
-44.2774
  0
LINE
  8
0
 10
-106.314
 20
-44.2774
 11
-106.214
 21
-44.1183
  0
LINE
  8
0
 10
-106.214
 20
-44.1183
 11
-106.093
 21
-43.9732
  0
LINE
  8
0
 10
-106.093
 20
-43.9732
 11
-105.956
 21
-43.8442
  0
LINE
  8
0
 10
-105.956
 20
-43.8442
 11
-105.804
 21
-43.7335
  0
LINE
  8
0
 10
-105.804
 20
-43.7335
 11
-105.639
 21
-43.6428
  0
LINE
  8
0
 10
-105.639
 20
-43.6428
 11
-105.464
 21
-43.5734
  0
LINE
  8
0
 10
-105.464
 20
-43.5734
 11
-105.281
 21
-43.5266
  0
LINE
  8
0
 10
-105.281
 20
-43.5266
 11
-105.094
 21
-43.503
  0
LINE
  8
0
 10
-105.094
 20
-43.503
 11
-104.906
 21
-43.503
  0
LINE
  8
0
 10
-104.906
 20
-43.503
 11
-104.719
 21
-43.5266
  0
LINE
  8
0
 10
-104.719
 20
-43.5266
 11
-104.536
 21
-43.5734
  0
LINE
  8
0
 10
-104.536
 20
-43.5734
 11
-104.361
 21
-43.6428
  0
LINE
  8
0
 10
-104.361
 20
-43.6428
 11
-104.196
 21
-43.7335
  0
LINE
  8
0
 10
-104.196
 20
-43.7335
 11
-104.044
 21
-43.8442
  0
LINE
  8
0
 10
-104.044
 20
-43.8442
 11
-103.907
 21
-43.9732
  0
LINE
  8
0
 10
-103.907
 20
-43.9732
 11
-103.786
 21
-44.1183
  0
LINE
  8
0
 10
-103.786
 20
-44.1183
 11
-103.686
 21
-44.2774
  0
LINE
  8
0
 10
-103.686
 20
-44.2774
 11
-103.605
 21
-44.4478
  0
LINE
  8
0
 10
-103.605
 20
-44.4478
 11
-103.547
 21
-44.627
  0
LINE
  8
0
 10
-103.547
 20
-44.627
 11
-103.512
 21
-44.812
  0
LINE
  8
0
 10
-103.512
 20
-44.812
 11
-103.5
 21
-45
  0
LINE
  8
0
 10
-103.5
 20
-45
 11
-103.512
 21
-45.188
  0
LINE
  8
0
 10
-103.512
 20
-45.188
 11
-103.547
 21
-45.373
  0
LINE
  8
0
 10
-103.547
 20
-45.373
 11
-103.605
 21
-45.5522
  0
LINE
  8
0
 10
-103.605
 20
-45.5522
 11
-103.686
 21
-45.7226
  0
LINE
  8
0
 10
-103.686
 20
-45.7226
 11
-103.786
 21
-45.8817
  0
LINE
  8
0
 10
-103.786
 20
-45.8817
 11
-103.907
 21
-46.0268
  0
LINE
  8
0
 10
-103.907
 20
-46.0268
 11
-104.044
 21
-46.1558
  0
LINE
  8
0
 10
-104.044
 20
-46.1558
 11
-104.196
 21
-46.2665
  0
LINE
  8
0
 10
-104.196
 20
-46.2665
 11
-104.361
 21
-46.3572
  0
LINE
  8
0
 10
-104.361
 20
-46.3572
 11
-104.536
 21
-46.4266
  0
LINE
  8
0
 10
-104.536
 20
-46.4266
 11
-104.719
 21
-46.4734
  0
LINE
  8
0
 10
-104.719
 20
-46.4734
 11
-104.906
 21
-46.497
  0
LINE
  8
0
 10
-104.906
 20
-46.497
 11
-105.094
 21
-46.497
  0
LINE
  8
0
 10
-105.188
 20
-55.4941
 11
-105.562
 21
-55.4469
  0
LINE
  8
0
 10
-105.562
 20
-55.4469
 11
-105.927
 21
-55.3532
  0
LINE
  8
0
 10
-105.927
 20
-55.3532
 11
-106.277
 21
-55.2145
  0
LINE
  8
0
 10
-106.277
 20
-55.2145
 11
-106.607
 21
-55.033
  0
LINE
  8
0
 10
-106.607
 20
-55.033
 11
-106.912
 21
-54.8115
  0
LINE
  8
0
 10
-106.912
 20
-54.8115
 11
-107.187
 21
-54.5536
  0
LINE
  8
0
 10
-107.187
 20
-54.5536
 11
-107.427
 21
-54.2634
  0
LINE
  8
0
 10
-107.427
 20
-54.2634
 11
-107.629
 21
-53.9453
  0
LINE
  8
0
 10
-107.629
 20
-53.9453
 11
-107.789
 21
-53.6044
  0
LINE
  8
0
 10
-107.789
 20
-53.6044
 11
-107.906
 21
-53.2461
  0
LINE
  8
0
 10
-107.906
 20
-53.2461
 11
-107.976
 21
-52.876
  0
LINE
  8
0
 10
-107.976
 20
-52.876
 11
-108
 21
-52.5
  0
LINE
  8
0
 10
-108
 20
-52.5
 11
-107.976
 21
-52.124
  0
LINE
  8
0
 10
-107.976
 20
-52.124
 11
-107.906
 21
-51.7539
  0
LINE
  8
0
 10
-107.906
 20
-51.7539
 11
-107.789
 21
-51.3956
  0
LINE
  8
0
 10
-107.789
 20
-51.3956
 11
-107.629
 21
-51.0547
  0
LINE
  8
0
 10
-107.629
 20
-51.0547
 11
-107.427
 21
-50.7366
  0
LINE
  8
0
 10
-107.427
 20
-50.7366
 11
-107.187
 21
-50.4464
  0
LINE
  8
0
 10
-107.187
 20
-50.4464
 11
-106.912
 21
-50.1885
  0
LINE
  8
0
 10
-106.912
 20
-50.1885
 11
-106.607
 21
-49.967
  0
LINE
  8
0
 10
-106.607
 20
-49.967
 11
-106.277
 21
-49.7855
  0
LINE
  8
0
 10
-106.277
 20
-49.7855
 11
-105.927
 21
-49.6468
  0
LINE
  8
0
 10
-105.927
 20
-49.6468
 11
-105.562
 21
-49.5531
  0
LINE
  8
0
 10
-105.562
 20
-49.5531
 11
-105.188
 21
-49.5059
  0
LINE
  8
0
 10
-105.188
 20
-49.5059
 11
-104.812
 21
-49.5059
  0
LINE
  8
0
 10
-104.812
 20
-49.5059
 11
-104.438
 21
-49.5531
  0
LINE
  8
0
 10
-104.438
 20
-49.5531
 11
-104.073
 21
-49.6468
  0
LINE
  8
0
 10
-104.073
 20
-49.6468
 11
-103.723
 21
-49.7855
  0
LINE
  8
0
 10
-103.723
 20
-49.7855
 11
-103.393
 21
-49.967
  0
LINE
  8
0
 10
-103.393
 20
-49.967
 11
-103.088
 21
-50.1885
  0
LINE
  8
0
 10
-103.088
 20
-50.1885
 11
-102.813
 21
-50.4464
  0
LINE
  8
0
 10
-102.813
 20
-50.4464
 11
-102.573
 21
-50.7366
  0
LINE
  8
0
 10
-102.573
 20
-50.7366
 11
-102.371
 21
-51.0547
  0
LINE
  8
0
 10
-102.371
 20
-51.0547
 11
-102.211
 21
-51.3956
  0
LINE
  8
0
 10
-102.211
 20
-51.3956
 11
-102.094
 21
-51.7539
  0
LINE
  8
0
 10
-102.094
 20
-51.7539
 11
-102.024
 21
-52.124
  0
LINE
  8
0
 10
-102.024
 20
-52.124
 11
-102
 21
-52.5
  0
LINE
  8
0
 10
-102
 20
-52.5
 11
-102.024
 21
-52.876
  0
LINE
  8
0
 10
-102.024
 20
-52.876
 11
-102.094
 21
-53.2461
  0
LINE
  8
0
 10
-102.094
 20
-53.2461
 11
-102.211
 21
-53.6044
  0
LINE
  8
0
 10
-102.211
 20
-53.6044
 11
-102.371
 21
-53.9453
  0
LINE
  8
0
 10
-102.371
 20
-53.9453
 11
-102.573
 21
-54.2634
  0
LINE
  8
0
 10
-102.573
 20
-54.2634
 11
-102.813
 21
-54.5536
  0
LINE
  8
0
 10
-102.813
 20
-54.5536
 11
-103.088
 21
-54.8115
  0
LINE
  8
0
 10
-103.088
 20
-54.8115
 11
-103.393
 21
-55.033
  0
LINE
  8
0
 10
-103.393
 20
-55.033
 11
-103.723
 21
-55.2145
  0
LINE
  8
0
 10
-103.723
 20
-55.2145
 11
-104.073
 21
-55.3532
  0
LINE
  8
0
 10
-104.073
 20
-55.3532
 11
-104.438
 21
-55.4469
  0
LINE
  8
0
 10
-104.438
 20
-55.4469
 11
-104.812
 21
-55.4941
  0
LINE
  8
0
 10
-104.812
 20
-55.4941
 11
-105.188
 21
-55.4941
  0
LINE
  8
0
 10
104.812
 20
-55.4941
 11
104.438
 21
-55.4469
  0
LINE
  8
0
 10
104.438
 20
-55.4469
 11
104.073
 21
-55.3532
  0
LINE
  8
0
 10
104.073
 20
-55.3532
 11
103.723
 21
-55.2145
  0
LINE
  8
0
 10
103.723
 20
-55.2145
 11
103.393
 21
-55.033
  0
LINE
  8
0
 10
103.393
 20
-55.033
 11
103.088
 21
-54.8115
  0
LINE
  8
0
 10
103.088
 20
-54.8115
 11
102.813
 21
-54.5536
  0
LINE
  8
0
 10
102.813
 20
-54.5536
 11
102.573
 21
-54.2634
  0
LINE
  8
0
 10
102.573
 20
-54.2634
 11
102.371
 21
-53.9453
  0
LINE
  8
0
 10
102.371
 20
-53.9453
 11
102.211
 21
-53.6044
  0
LINE
  8
0
 10
102.211
 20
-53.6044
 11
102.094
 21
-53.2461
  0
LINE
  8
0
 10
102.094
 20
-53.2461
 11
102.024
 21
-52.876
  0
LINE
  8
0
 10
102.024
 20
-52.876
 11
102
 21
-52.5
  0
LINE
  8
0
 10
102
 20
-52.5
 11
102.024
 21
-52.124
  0
LINE
  8
0
 10
102.024
 20
-52.124
 11
102.094
 21
-51.7539
  0
LINE
  8
0
 10
102.094
 20
-51.7539
 11
102.211
 21
-51.3956
  0
LINE
  8
0
 10
102.211
 20
-51.3956
 11
102.371
 21
-51.0547
  0
LINE
  8
0
 10
102.371
 20
-51.0547
 11
102.573
 21
-50.7366
  0
LINE
  8
0
 10
102.573
 20
-50.7366
 11
102.813
 21
-50.4464
  0
LINE
  8
0
 10
102.813
 20
-50.4464
 11
103.088
 21
-50.1885
  0
LINE
  8
0
 10
103.088
 20
-50.1885
 11
103.393
 21
-49.967
  0
LINE
  8
0
 10
103.393
 20
-49.967
 11
103.723
 21
-49.7855
  0
LINE
  8
0
 10
103.723
 20
-49.7855
 11
104.073
 21
-49.6468
  0
LINE
  8
0
 10
104.073
 20
-49.6468
 11
104.438
 21
-49.5531
  0
LINE
  8
0
 10
104.438
 20
-49.5531
 11
104.812
 21
-49.5059
  0
LINE
  8
0
 10
104.812
 20
-49.5059
 11
105.188
 21
-49.5059
  0
LINE
  8
0
 10
105.188
 20
-49.5059
 11
105.562
 21
-49.5531
  0
LINE
  8
0
 10
105.562
 20
-49.5531
 11
105.927
 21
-49.6468
  0
LINE
  8
0
 10
105.927
 20
-49.6468
 11
106.277
 21
-49.7855
  0
LINE
  8
0
 10
106.277
 20
-49.7855
 11
106.607
 21
-49.967
  0
LINE
  8
0
 10
106.607
 20
-49.967
 11
106.912
 21
-50.1885
  0
LINE
  8
0
 10
106.912
 20
-50.1885
 11
107.187
 21
-50.4464
  0
LINE
  8
0
 10
107.187
 20
-50.4464
 11
107.427
 21
-50.7366
  0
LINE
  8
0
 10
107.427
 20
-50.7366
 11
107.629
 21
-51.0547
  0
LINE
  8
0
 10
107.629
 20
-51.0547
 11
107.789
 21
-51.3956
  0
LINE
  8
0
 10
107.789
 20
-51.3956
 11
107.906
 21
-51.7539
  0
LINE
  8
0
 10
107.906
 20
-51.7539
 11
107.976
 21
-52.124
  0
LINE
  8
0
 10
107.976
 20
-52.124
 11
108
 21
-52.5
  0
LINE
  8
0
 10
108
 20
-52.5
 11
107.976
 21
-52.876
  0
LINE
  8
0
 10
107.976
 20
-52.876
 11
107.906
 21
-53.2461
  0
LINE
  8
0
 10
107.906
 20
-53.2461
 11
107.789
 21
-53.6044
  0
LINE
  8
0
 10
107.789
 20
-53.6044
 11
107.629
 21
-53.9453
  0
LINE
  8
0
 10
107.629
 20
-53.9453
 11
107.427
 21
-54.2634
  0
LINE
  8
0
 10
107.427
 20
-54.2634
 11
107.187
 21
-54.5536
  0
LINE
  8
0
 10
107.187
 20
-54.5536
 11
106.912
 21
-54.8115
  0
LINE
  8
0
 10
106.912
 20
-54.8115
 11
106.607
 21
-55.033
  0
LINE
  8
0
 10
106.607
 20
-55.033
 11
106.277
 21
-55.2145
  0
LINE
  8
0
 10
106.277
 20
-55.2145
 11
105.927
 21
-55.3532
  0
LINE
  8
0
 10
105.927
 20
-55.3532
 11
105.562
 21
-55.4469
  0
LINE
  8
0
 10
105.562
 20
-55.4469
 11
105.188
 21
-55.4941
  0
LINE
  8
0
 10
105.188
 20
-55.4941
 11
104.812
 21
-55.4941
  0
LINE
  8
0
 10
-105.094
 20
-61.497
 11
-105.281
 21
-61.4734
  0
LINE
  8
0
 10
-105.281
 20
-61.4734
 11
-105.464
 21
-61.4266
  0
LINE
  8
0
 10
-105.464
 20
-61.4266
 11
-105.639
 21
-61.3572
  0
LINE
  8
0
 10
-105.639
 20
-61.3572
 11
-105.804
 21
-61.2665
  0
LINE
  8
0
 10
-105.804
 20
-61.2665
 11
-105.956
 21
-61.1558
  0
LINE
  8
0
 10
-105.956
 20
-61.1558
 11
-106.093
 21
-61.0268
  0
LINE
  8
0
 10
-106.093
 20
-61.0268
 11
-106.214
 21
-60.8817
  0
LINE
  8
0
 10
-106.214
 20
-60.8817
 11
-106.314
 21
-60.7226
  0
LINE
  8
0
 10
-106.314
 20
-60.7226
 11
-106.395
 21
-60.5522
  0
LINE
  8
0
 10
-106.395
 20
-60.5522
 11
-106.453
 21
-60.373
  0
LINE
  8
0
 10
-106.453
 20
-60.373
 11
-106.488
 21
-60.188
  0
LINE
  8
0
 10
-106.488
 20
-60.188
 11
-106.5
 21
-60
  0
LINE
  8
0
 10
-106.5
 20
-60
 11
-106.488
 21
-59.812
  0
LINE
  8
0
 10
-106.488
 20
-59.812
 11
-106.453
 21
-59.627
  0
LINE
  8
0
 10
-106.453
 20
-59.627
 11
-106.395
 21
-59.4478
  0
LINE
  8
0
 10
-106.395
 20
-59.4478
 11
-106.314
 21
-59.2774
  0
LINE
  8
0
 10
-106.314
 20
-59.2774
 11
-106.214
 21
-59.1183
  0
LINE
  8
0
 10
-106.214
 20
-59.1183
 11
-106.093
 21
-58.9732
  0
LINE
  8
0
 10
-106.093
 20
-58.9732
 11
-105.956
 21
-58.8442
  0
LINE
  8
0
 10
-105.956
 20
-58.8442
 11
-105.804
 21
-58.7335
  0
LINE
  8
0
 10
-105.804
 20
-58.7335
 11
-105.639
 21
-58.6428
  0
LINE
  8
0
 10
-105.639
 20
-58.6428
 11
-105.464
 21
-58.5734
  0
LINE
  8
0
 10
-105.464
 20
-58.5734
 11
-105.281
 21
-58.5266
  0
LINE
  8
0
 10
-105.281
 20
-58.5266
 11
-105.094
 21
-58.503
  0
LINE
  8
0
 10
-105.094
 20
-58.503
 11
-104.906
 21
-58.503
  0
LINE
  8
0
 10
-104.906
 20
-58.503
 11
-104.719
 21
-58.5266
  0
LINE
  8
0
 10
-104.719
 20
-58.5266
 11
-104.536
 21
-58.5734
  0
LINE
  8
0
 10
-104.536
 20
-58.5734
 11
-104.361
 21
-58.6428
  0
LINE
  8
0
 10
-104.361
 20
-58.6428
 11
-104.196
 21
-58.7335
  0
LINE
  8
0
 10
-104.196
 20
-58.7335
 11
-104.044
 21
-58.8442
  0
LINE
  8
0
 10
-104.044
 20
-58.8442
 11
-103.907
 21
-58.9732
  0
LINE
  8
0
 10
-103.907
 20
-58.9732
 11
-103.786
 21
-59.1183
  0
LINE
  8
0
 10
-103.786
 20
-59.1183
 11
-103.686
 21
-59.2774
  0
LINE
  8
0
 10
-103.686
 20
-59.2774
 11
-103.605
 21
-59.4478
  0
LINE
  8
0
 10
-103.605
 20
-59.4478
 11
-103.547
 21
-59.627
  0
LINE
  8
0
 10
-103.547
 20
-59.627
 11
-103.512
 21
-59.812
  0
LINE
  8
0
 10
-103.512
 20
-59.812
 11
-103.5
 21
-60
  0
LINE
  8
0
 10
-103.5
 20
-60
 11
-103.512
 21
-60.188
  0
LINE
  8
0
 10
-103.512
 20
-60.188
 11
-103.547
 21
-60.373
  0
LINE
  8
0
 10
-103.547
 20
-60.373
 11
-103.605
 21
-60.5522
  0
LINE
  8
0
 10
-103.605
 20
-60.5522
 11
-103.686
 21
-60.7226
  0
LINE
  8
0
 10
-103.686
 20
-60.7226
 11
-103.786
 21
-60.8817
  0
LINE
  8
0
 10
-103.786
 20
-60.8817
 11
-103.907
 21
-61.0268
  0
LINE
  8
0
 10
-103.907
 20
-61.0268
 11
-104.044
 21
-61.1558
  0
LINE
  8
0
 10
-104.044
 20
-61.1558
 11
-104.196
 21
-61.2665
  0
LINE
  8
0
 10
-104.196
 20
-61.2665
 11
-104.361
 21
-61.3572
  0
LINE
  8
0
 10
-104.361
 20
-61.3572
 11
-104.536
 21
-61.4266
  0
LINE
  8
0
 10
-104.536
 20
-61.4266
 11
-104.719
 21
-61.4734
  0
LINE
  8
0
 10
-104.719
 20
-61.4734
 11
-104.906
 21
-61.497
  0
LINE
  8
0
 10
-104.906
 20
-61.497
 11
-105.094
 21
-61.497
  0
LINE
  8
0
 10
104.906
 20
-61.497
 11
104.719
 21
-61.4734
  0
LINE
  8
0
 10
104.719
 20
-61.4734
 11
104.536
 21
-61.4266
  0
LINE
  8
0
 10
104.536
 20
-61.4266
 11
104.361
 21
-61.3572
  0
LINE
  8
0
 10
104.361
 20
-61.3572
 11
104.196
 21
-61.2665
  0
LINE
  8
0
 10
104.196
 20
-61.2665
 11
104.044
 21
-61.1558
  0
LINE
  8
0
 10
104.044
 20
-61.1558
 11
103.907
 21
-61.0268
  0
LINE
  8
0
 10
103.907
 20
-61.0268
 11
103.786
 21
-60.8817
  0
LINE
  8
0
 10
103.786
 20
-60.8817
 11
103.686
 21
-60.7226
  0
LINE
  8
0
 10
103.686
 20
-60.7226
 11
103.605
 21
-60.5522
  0
LINE
  8
0
 10
103.605
 20
-60.5522
 11
103.547
 21
-60.373
  0
LINE
  8
0
 10
103.547
 20
-60.373
 11
103.512
 21
-60.188
  0
LINE
  8
0
 10
103.512
 20
-60.188
 11
103.5
 21
-60
  0
LINE
  8
0
 10
103.5
 20
-60
 11
103.512
 21
-59.812
  0
LINE
  8
0
 10
103.512
 20
-59.812
 11
103.547
 21
-59.627
  0
LINE
  8
0
 10
103.547
 20
-59.627
 11
103.605
 21
-59.4478
  0
LINE
  8
0
 10
103.605
 20
-59.4478
 11
103.686
 21
-59.2774
  0
LINE
  8
0
 10
103.686
 20
-59.2774
 11
103.786
 21
-59.1183
  0
LINE
  8
0
 10
103.786
 20
-59.1183
 11
103.907
 21
-58.9732
  0
LINE
  8
0
 10
103.907
 20
-58.9732
 11
104.044
 21
-58.8442
  0
LINE
  8
0
 10
104.044
 20
-58.8442
 11
104.196
 21
-58.7335
  0
LINE
  8
0
 10
104.196
 20
-58.7335
 11
104.361
 21
-58.6428
  0
LINE
  8
0
 10
104.361
 20
-58.6428
 11
104.536
 21
-58.5734
  0
LINE
  8
0
 10
104.536
 20
-58.5734
 11
104.719
 21
-58.5266
  0
LINE
  8
0
 10
104.719
 20
-58.5266
 11
104.906
 21
-58.503
  0
LINE
  8
0
 10
104.906
 20
-58.503
 11
105.094
 21
-58.503
  0
LINE
  8
0
 10
105.094
 20
-58.503
 11
105.281
 21
-58.5266
  0
LINE
  8
0
 10
105.281
 20
-58.5266
 11
105.464
 21
-58.5734
  0
LINE
  8
0
 10
105.464
 20
-58.5734
 11
105.639
 21
-58.6428
  0
LINE
  8
0
 10
105.639
 20
-58.6428
 11
105.804
 21
-58.7335
  0
LINE
  8
0
 10
105.804
 20
-58.7335
 11
105.956
 21
-58.8442
  0
LINE
  8
0
 10
105.956
 20
-58.8442
 11
106.093
 21
-58.9732
  0
LINE
  8
0
 10
106.093
 20
-58.9732
 11
106.214
 21
-59.1183
  0
LINE
  8
0
 10
106.214
 20
-59.1183
 11
106.314
 21
-59.2774
  0
LINE
  8
0
 10
106.314
 20
-59.2774
 11
106.395
 21
-59.4478
  0
LINE
  8
0
 10
106.395
 20
-59.4478
 11
106.453
 21
-59.627
  0
LINE
  8
0
 10
106.453
 20
-59.627
 11
106.488
 21
-59.812
  0
LINE
  8
0
 10
106.488
 20
-59.812
 11
106.5
 21
-60
  0
LINE
  8
0
 10
106.5
 20
-60
 11
106.488
 21
-60.188
  0
LINE
  8
0
 10
106.488
 20
-60.188
 11
106.453
 21
-60.373
  0
LINE
  8
0
 10
106.453
 20
-60.373
 11
106.395
 21
-60.5522
  0
LINE
  8
0
 10
106.395
 20
-60.5522
 11
106.314
 21
-60.7226
  0
LINE
  8
0
 10
106.314
 20
-60.7226
 11
106.214
 21
-60.8817
  0
LINE
  8
0
 10
106.214
 20
-60.8817
 11
106.093
 21
-61.0268
  0
LINE
  8
0
 10
106.093
 20
-61.0268
 11
105.956
 21
-61.1558
  0
LINE
  8
0
 10
105.956
 20
-61.1558
 11
105.804
 21
-61.2665
  0
LINE
  8
0
 10
105.804
 20
-61.2665
 11
105.639
 21
-61.3572
  0
LINE
  8
0
 10
105.639
 20
-61.3572
 11
105.464
 21
-61.4266
  0
LINE
  8
0
 10
105.464
 20
-61.4266
 11
105.281
 21
-61.4734
  0
LINE
  8
0
 10
105.281
 20
-61.4734
 11
105.094
 21
-61.497
  0
LINE
  8
0
 10
105.094
 20
-61.497
 11
104.906
 21
-61.497
  0
LINE
  8
0
 10
104.812
 20
-70.4941
 11
104.438
 21
-70.4469
  0
LINE
  8
0
 10
104.438
 20
-70.4469
 11
104.073
 21
-70.3532
  0
LINE
  8
0
 10
104.073
 20
-70.3532
 11
103.723
 21
-70.2145
  0
LINE
  8
0
 10
103.723
 20
-70.2145
 11
103.393
 21
-70.033
  0
LINE
  8
0
 10
103.393
 20
-70.033
 11
103.088
 21
-69.8115
  0
LINE
  8
0
 10
103.088
 20
-69.8115
 11
102.813
 21
-69.5536
  0
LINE
  8
0
 10
102.813
 20
-69.5536
 11
102.573
 21
-69.2634
  0
LINE
  8
0
 10
102.573
 20
-69.2634
 11
102.371
 21
-68.9453
  0
LINE
  8
0
 10
102.371
 20
-68.9453
 11
102.211
 21
-68.6044
  0
LINE
  8
0
 10
102.211
 20
-68.6044
 11
102.094
 21
-68.2461
  0
LINE
  8
0
 10
102.094
 20
-68.2461
 11
102.024
 21
-67.876
  0
LINE
  8
0
 10
102.024
 20
-67.876
 11
102
 21
-67.5
  0
LINE
  8
0
 10
102
 20
-67.5
 11
102.024
 21
-67.124
  0
LINE
  8
0
 10
102.024
 20
-67.124
 11
102.094
 21
-66.7539
  0
LINE
  8
0
 10
102.094
 20
-66.7539
 11
102.211
 21
-66.3956
  0
LINE
  8
0
 10
102.211
 20
-66.3956
 11
102.371
 21
-66.0547
  0
LINE
  8
0
 10
102.371
 20
-66.0547
 11
102.573
 21
-65.7366
  0
LINE
  8
0
 10
102.573
 20
-65.7366
 11
102.813
 21
-65.4464
  0
LINE
  8
0
 10
102.813
 20
-65.4464
 11
103.088
 21
-65.1885
  0
LINE
  8
0
 10
103.088
 20
-65.1885
 11
103.393
 21
-64.967
  0
LINE
  8
0
 10
103.393
 20
-64.967
 11
103.723
 21
-64.7855
  0
LINE
  8
0
 10
103.723
 20
-64.7855
 11
104.073
 21
-64.6468
  0
LINE
  8
0
 10
104.073
 20
-64.6468
 11
104.438
 21
-64.5531
  0
LINE
  8
0
 10
104.438
 20
-64.5531
 11
104.812
 21
-64.5059
  0
LINE
  8
0
 10
104.812
 20
-64.5059
 11
105.188
 21
-64.5059
  0
LINE
  8
0
 10
105.188
 20
-64.5059
 11
105.562
 21
-64.5531
  0
LINE
  8
0
 10
105.562
 20
-64.5531
 11
105.927
 21
-64.6468
  0
LINE
  8
0
 10
105.927
 20
-64.6468
 11
106.277
 21
-64.7855
  0
LINE
  8
0
 10
106.277
 20
-64.7855
 11
106.607
 21
-64.967
  0
LINE
  8
0
 10
106.607
 20
-64.967
 11
106.912
 21
-65.1885
  0
LINE
  8
0
 10
106.912
 20
-65.1885
 11
107.187
 21
-65.4464
  0
LINE
  8
0
 10
107.187
 20
-65.4464
 11
107.427
 21
-65.7366
  0
LINE
  8
0
 10
107.427
 20
-65.7366
 11
107.629
 21
-66.0547
  0
LINE
  8
0
 10
107.629
 20
-66.0547
 11
107.789
 21
-66.3956
  0
LINE
  8
0
 10
107.789
 20
-66.3956
 11
107.906
 21
-66.7539
  0
LINE
  8
0
 10
107.906
 20
-66.7539
 11
107.976
 21
-67.124
  0
LINE
  8
0
 10
107.976
 20
-67.124
 11
108
 21
-67.5
  0
LINE
  8
0
 10
108
 20
-67.5
 11
107.976
 21
-67.876
  0
LINE
  8
0
 10
107.976
 20
-67.876
 11
107.906
 21
-68.2461
  0
LINE
  8
0
 10
107.906
 20
-68.2461
 11
107.789
 21
-68.6044
  0
LINE
  8
0
 10
107.789
 20
-68.6044
 11
107.629
 21
-68.9453
  0
LINE
  8
0
 10
107.629
 20
-68.9453
 11
107.427
 21
-69.2634
  0
LINE
  8
0
 10
107.427
 20
-69.2634
 11
107.187
 21
-69.5536
  0
LINE
  8
0
 10
107.187
 20
-69.5536
 11
106.912
 21
-69.8115
  0
LINE
  8
0
 10
106.912
 20
-69.8115
 11
106.607
 21
-70.033
  0
LINE
  8
0
 10
106.607
 20
-70.033
 11
106.277
 21
-70.2145
  0
LINE
  8
0
 10
106.277
 20
-70.2145
 11
105.927
 21
-70.3532
  0
LINE
  8
0
 10
105.927
 20
-70.3532
 11
105.562
 21
-70.4469
  0
LINE
  8
0
 10
105.562
 20
-70.4469
 11
105.188
 21
-70.4941
  0
LINE
  8
0
 10
105.188
 20
-70.4941
 11
104.812
 21
-70.4941
  0
LINE
  8
0
 10
-105.188
 20
-70.4941
 11
-105.562
 21
-70.4469
  0
LINE
  8
0
 10
-105.562
 20
-70.4469
 11
-105.927
 21
-70.3532
  0
LINE
  8
0
 10
-105.927
 20
-70.3532
 11
-106.277
 21
-70.2145
  0
LINE
  8
0
 10
-106.277
 20
-70.2145
 11
-106.607
 21
-70.033
  0
LINE
  8
0
 10
-106.607
 20
-70.033
 11
-106.912
 21
-69.8115
  0
LINE
  8
0
 10
-106.912
 20
-69.8115
 11
-107.187
 21
-69.5536
  0
LINE
  8
0
 10
-107.187
 20
-69.5536
 11
-107.427
 21
-69.2634
  0
LINE
  8
0
 10
-107.427
 20
-69.2634
 11
-107.629
 21
-68.9453
  0
LINE
  8
0
 10
-107.629
 20
-68.9453
 11
-107.789
 21
-68.6044
  0
LINE
  8
0
 10
-107.789
 20
-68.6044
 11
-107.906
 21
-68.2461
  0
LINE
  8
0
 10
-107.906
 20
-68.2461
 11
-107.976
 21
-67.876
  0
LINE
  8
0
 10
-107.976
 20
-67.876
 11
-108
 21
-67.5
  0
LINE
  8
0
 10
-108
 20
-67.5
 11
-107.976
 21
-67.124
  0
LINE
  8
0
 10
-107.976
 20
-67.124
 11
-107.906
 21
-66.7539
  0
LINE
  8
0
 10
-107.906
 20
-66.7539
 11
-107.789
 21
-66.3956
  0
LINE
  8
0
 10
-107.789
 20
-66.3956
 11
-107.629
 21
-66.0547
  0
LINE
  8
0
 10
-107.629
 20
-66.0547
 11
-107.427
 21
-65.7366
  0
LINE
  8
0
 10
-107.427
 20
-65.7366
 11
-107.187
 21
-65.4464
  0
LINE
  8
0
 10
-107.187
 20
-65.4464
 11
-106.912
 21
-65.1885
  0
LINE
  8
0
 10
-106.912
 20
-65.1885
 11
-106.607
 21
-64.967
  0
LINE
  8
0
 10
-106.607
 20
-64.967
 11
-106.277
 21
-64.7855
  0
LINE
  8
0
 10
-106.277
 20
-64.7855
 11
-105.927
 21
-64.6468
  0
LINE
  8
0
 10
-105.927
 20
-64.6468
 11
-105.562
 21
-64.5531
  0
LINE
  8
0
 10
-105.562
 20
-64.5531
 11
-105.188
 21
-64.5059
  0
LINE
  8
0
 10
-105.188
 20
-64.5059
 11
-104.812
 21
-64.5059
  0
LINE
  8
0
 10
-104.812
 20
-64.5059
 11
-104.438
 21
-64.5531
  0
LINE
  8
0
 10
-104.438
 20
-64.5531
 11
-104.073
 21
-64.6468
  0
LINE
  8
0
 10
-104.073
 20
-64.6468
 11
-103.723
 21
-64.7855
  0
LINE
  8
0
 10
-103.723
 20
-64.7855
 11
-103.393
 21
-64.967
  0
LINE
  8
0
 10
-103.393
 20
-64.967
 11
-103.088
 21
-65.1885
  0
LINE
  8
0
 10
-103.088
 20
-65.1885
 11
-102.813
 21
-65.4464
  0
LINE
  8
0
 10
-102.813
 20
-65.4464
 11
-102.573
 21
-65.7366
  0
LINE
  8
0
 10
-102.573
 20
-65.7366
 11
-102.371
 21
-66.0547
  0
LINE
  8
0
 10
-102.371
 20
-66.0547
 11
-102.211
 21
-66.3956
  0
LINE
  8
0
 10
-102.211
 20
-66.3956
 11
-102.094
 21
-66.7539
  0
LINE
  8
0
 10
-102.094
 20
-66.7539
 11
-102.024
 21
-67.124
  0
LINE
  8
0
 10
-102.024
 20
-67.124
 11
-102
 21
-67.5
  0
LINE
  8
0
 10
-102
 20
-67.5
 11
-102.024
 21
-67.876
  0
LINE
  8
0
 10
-102.024
 20
-67.876
 11
-102.094
 21
-68.2461
  0
LINE
  8
0
 10
-102.094
 20
-68.2461
 11
-102.211
 21
-68.6044
  0
LINE
  8
0
 10
-102.211
 20
-68.6044
 11
-102.371
 21
-68.9453
  0
LINE
  8
0
 10
-102.371
 20
-68.9453
 11
-102.573
 21
-69.2634
  0
LINE
  8
0
 10
-102.573
 20
-69.2634
 11
-102.813
 21
-69.5536
  0
LINE
  8
0
 10
-102.813
 20
-69.5536
 11
-103.088
 21
-69.8115
  0
LINE
  8
0
 10
-103.088
 20
-69.8115
 11
-103.393
 21
-70.033
  0
LINE
  8
0
 10
-103.393
 20
-70.033
 11
-103.723
 21
-70.2145
  0
LINE
  8
0
 10
-103.723
 20
-70.2145
 11
-104.073
 21
-70.3532
  0
LINE
  8
0
 10
-104.073
 20
-70.3532
 11
-104.438
 21
-70.4469
  0
LINE
  8
0
 10
-104.438
 20
-70.4469
 11
-104.812
 21
-70.4941
  0
LINE
  8
0
 10
-104.812
 20
-70.4941
 11
-105.188
 21
-70.4941
  0
LINE
  8
0
 10
-105.094
 20
-76.497
 11
-105.281
 21
-76.4734
  0
LINE
  8
0
 10
-105.281
 20
-76.4734
 11
-105.464
 21
-76.4266
  0
LINE
  8
0
 10
-105.464
 20
-76.4266
 11
-105.639
 21
-76.3572
  0
LINE
  8
0
 10
-105.639
 20
-76.3572
 11
-105.804
 21
-76.2665
  0
LINE
  8
0
 10
-105.804
 20
-76.2665
 11
-105.956
 21
-76.1558
  0
LINE
  8
0
 10
-105.956
 20
-76.1558
 11
-106.093
 21
-76.0268
  0
LINE
  8
0
 10
-106.093
 20
-76.0268
 11
-106.214
 21
-75.8817
  0
LINE
  8
0
 10
-106.214
 20
-75.8817
 11
-106.314
 21
-75.7226
  0
LINE
  8
0
 10
-106.314
 20
-75.7226
 11
-106.395
 21
-75.5522
  0
LINE
  8
0
 10
-106.395
 20
-75.5522
 11
-106.453
 21
-75.373
  0
LINE
  8
0
 10
-106.453
 20
-75.373
 11
-106.488
 21
-75.188
  0
LINE
  8
0
 10
-106.488
 20
-75.188
 11
-106.5
 21
-75
  0
LINE
  8
0
 10
-106.5
 20
-75
 11
-106.488
 21
-74.812
  0
LINE
  8
0
 10
-106.488
 20
-74.812
 11
-106.453
 21
-74.627
  0
LINE
  8
0
 10
-106.453
 20
-74.627
 11
-106.395
 21
-74.4478
  0
LINE
  8
0
 10
-106.395
 20
-74.4478
 11
-106.314
 21
-74.2774
  0
LINE
  8
0
 10
-106.314
 20
-74.2774
 11
-106.214
 21
-74.1183
  0
LINE
  8
0
 10
-106.214
 20
-74.1183
 11
-106.093
 21
-73.9732
  0
LINE
  8
0
 10
-106.093
 20
-73.9732
 11
-105.956
 21
-73.8442
  0
LINE
  8
0
 10
-105.956
 20
-73.8442
 11
-105.804
 21
-73.7335
  0
LINE
  8
0
 10
-105.804
 20
-73.7335
 11
-105.639
 21
-73.6428
  0
LINE
  8
0
 10
-105.639
 20
-73.6428
 11
-105.464
 21
-73.5734
  0
LINE
  8
0
 10
-105.464
 20
-73.5734
 11
-105.281
 21
-73.5266
  0
LINE
  8
0
 10
-105.281
 20
-73.5266
 11
-105.094
 21
-73.503
  0
LINE
  8
0
 10
-105.094
 20
-73.503
 11
-104.906
 21
-73.503
  0
LINE
  8
0
 10
-104.906
 20
-73.503
 11
-104.719
 21
-73.5266
  0
LINE
  8
0
 10
-104.719
 20
-73.5266
 11
-104.536
 21
-73.5734
  0
LINE
  8
0
 10
-104.536
 20
-73.5734
 11
-104.361
 21
-73.6428
  0
LINE
  8
0
 10
-104.361
 20
-73.6428
 11
-104.196
 21
-73.7335
  0
LINE
  8
0
 10
-104.196
 20
-73.7335
 11
-104.044
 21
-73.8442
  0
LINE
  8
0
 10
-104.044
 20
-73.8442
 11
-103.907
 21
-73.9732
  0
LINE
  8
0
 10
-103.907
 20
-73.9732
 11
-103.786
 21
-74.1183
  0
LINE
  8
0
 10
-103.786
 20
-74.1183
 11
-103.686
 21
-74.2774
  0
LINE
  8
0
 10
-103.686
 20
-74.2774
 11
-103.605
 21
-74.4478
  0
LINE
  8
0
 10
-103.605
 20
-74.4478
 11
-103.547
 21
-74.627
  0
LINE
  8
0
 10
-103.547
 20
-74.627
 11
-103.512
 21
-74.812
  0
LINE
  8
0
 10
-103.512
 20
-74.812
 11
-103.5
 21
-75
  0
LINE
  8
0
 10
-103.5
 20
-75
 11
-103.512
 21
-75.188
  0
LINE
  8
0
 10
-103.512
 20
-75.188
 11
-103.547
 21
-75.373
  0
LINE
  8
0
 10
-103.547
 20
-75.373
 11
-103.605
 21
-75.5522
  0
LINE
  8
0
 10
-103.605
 20
-75.5522
 11
-103.686
 21
-75.7226
  0
LINE
  8
0
 10
-103.686
 20
-75.7226
 11
-103.786
 21
-75.8817
  0
LINE
  8
0
 10
-103.786
 20
-75.8817
 11
-103.907
 21
-76.0268
  0
LINE
  8
0
 10
-103.907
 20
-76.0268
 11
-104.044
 21
-76.1558
  0
LINE
  8
0
 10
-104.044
 20
-76.1558
 11
-104.196
 21
-76.2665
  0
LINE
  8
0
 10
-104.196
 20
-76.2665
 11
-104.361
 21
-76.3572
  0
LINE
  8
0
 10
-104.361
 20
-76.3572
 11
-104.536
 21
-76.4266
  0
LINE
  8
0
 10
-104.536
 20
-76.4266
 11
-104.719
 21
-76.4734
  0
LINE
  8
0
 10
-104.719
 20
-76.4734
 11
-104.906
 21
-76.497
  0
LINE
  8
0
 10
-104.906
 20
-76.497
 11
-105.094
 21
-76.497
  0
LINE
  8
0
 10
104.906
 20
-76.497
 11
104.719
 21
-76.4734
  0
LINE
  8
0
 10
104.719
 20
-76.4734
 11
104.536
 21
-76.4266
  0
LINE
  8
0
 10
104.536
 20
-76.4266
 11
104.361
 21
-76.3572
  0
LINE
  8
0
 10
104.361
 20
-76.3572
 11
104.196
 21
-76.2665
  0
LINE
  8
0
 10
104.196
 20
-76.2665
 11
104.044
 21
-76.1558
  0
LINE
  8
0
 10
104.044
 20
-76.1558
 11
103.907
 21
-76.0268
  0
LINE
  8
0
 10
103.907
 20
-76.0268
 11
103.786
 21
-75.8817
  0
LINE
  8
0
 10
103.786
 20
-75.8817
 11
103.686
 21
-75.7226
  0
LINE
  8
0
 10
103.686
 20
-75.7226
 11
103.605
 21
-75.5522
  0
LINE
  8
0
 10
103.605
 20
-75.5522
 11
103.547
 21
-75.373
  0
LINE
  8
0
 10
103.547
 20
-75.373
 11
103.512
 21
-75.188
  0
LINE
  8
0
 10
103.512
 20
-75.188
 11
103.5
 21
-75
  0
LINE
  8
0
 10
103.5
 20
-75
 11
103.512
 21
-74.812
  0
LINE
  8
0
 10
103.512
 20
-74.812
 11
103.547
 21
-74.627
  0
LINE
  8
0
 10
103.547
 20
-74.627
 11
103.605
 21
-74.4478
  0
LINE
  8
0
 10
103.605
 20
-74.4478
 11
103.686
 21
-74.2774
  0
LINE
  8
0
 10
103.686
 20
-74.2774
 11
103.786
 21
-74.1183
  0
LINE
  8
0
 10
103.786
 20
-74.1183
 11
103.907
 21
-73.9732
  0
LINE
  8
0
 10
103.907
 20
-73.9732
 11
104.044
 21
-73.8442
  0
LINE
  8
0
 10
104.044
 20
-73.8442
 11
104.196
 21
-73.7335
  0
LINE
  8
0
 10
104.196
 20
-73.7335
 11
104.361
 21
-73.6428
  0
LINE
  8
0
 10
104.361
 20
-73.6428
 11
104.536
 21
-73.5734
  0
LINE
  8
0
 10
104.536
 20
-73.5734
 11
104.719
 21
-73.5266
  0
LINE
  8
0
 10
104.719
 20
-73.5266
 11
104.906
 21
-73.503
  0
LINE
  8
0
 10
104.906
 20
-73.503
 11
105.094
 21
-73.503
  0
LINE
  8
0
 10
105.094
 20
-73.503
 11
105.281
 21
-73.5266
  0
LINE
  8
0
 10
105.281
 20
-73.5266
 11
105.464
 21
-73.5734
  0
LINE
  8
0
 10
105.464
 20
-73.5734
 11
105.639
 21
-73.6428
  0
LINE
  8
0
 10
105.639
 20
-73.6428
 11
105.804
 21
-73.7335
  0
LINE
  8
0
 10
105.804
 20
-73.7335
 11
105.956
 21
-73.8442
  0
LINE
  8
0
 10
105.956
 20
-73.8442
 11
106.093
 21
-73.9732
  0
LINE
  8
0
 10
106.093
 20
-73.9732
 11
106.214
 21
-74.1183
  0
LINE
  8
0
 10
106.214
 20
-74.1183
 11
106.314
 21
-74.2774
  0
LINE
  8
0
 10
106.314
 20
-74.2774
 11
106.395
 21
-74.4478
  0
LINE
  8
0
 10
106.395
 20
-74.4478
 11
106.453
 21
-74.627
  0
LINE
  8
0
 10
106.453
 20
-74.627
 11
106.488
 21
-74.812
  0
LINE
  8
0
 10
106.488
 20
-74.812
 11
106.5
 21
-75
  0
LINE
  8
0
 10
106.5
 20
-75
 11
106.488
 21
-75.188
  0
LINE
  8
0
 10
106.488
 20
-75.188
 11
106.453
 21
-75.373
  0
LINE
  8
0
 10
106.453
 20
-75.373
 11
106.395
 21
-75.5522
  0
LINE
  8
0
 10
106.395
 20
-75.5522
 11
106.314
 21
-75.7226
  0
LINE
  8
0
 10
106.314
 20
-75.7226
 11
106.214
 21
-75.8817
  0
LINE
  8
0
 10
106.214
 20
-75.8817
 11
106.093
 21
-76.0268
  0
LINE
  8
0
 10
106.093
 20
-76.0268
 11
105.956
 21
-76.1558
  0
LINE
  8
0
 10
105.956
 20
-76.1558
 11
105.804
 21
-76.2665
  0
LINE
  8
0
 10
105.804
 20
-76.2665
 11
105.639
 21
-76.3572
  0
LINE
  8
0
 10
105.639
 20
-76.3572
 11
105.464
 21
-76.4266
  0
LINE
  8
0
 10
105.464
 20
-76.4266
 11
105.281
 21
-76.4734
  0
LINE
  8
0
 10
105.281
 20
-76.4734
 11
105.094
 21
-76.497
  0
LINE
  8
0
 10
105.094
 20
-76.497
 11
104.906
 21
-76.497
  0
LINE
  8
0
 10
104.812
 20
-85.4941
 11
104.438
 21
-85.4469
  0
LINE
  8
0
 10
104.438
 20
-85.4469
 11
104.073
 21
-85.3532
  0
LINE
  8
0
 10
104.073
 20
-85.3532
 11
103.723
 21
-85.2145
  0
LINE
  8
0
 10
103.723
 20
-85.2145
 11
103.393
 21
-85.033
  0
LINE
  8
0
 10
103.393
 20
-85.033
 11
103.088
 21
-84.8115
  0
LINE
  8
0
 10
103.088
 20
-84.8115
 11
102.813
 21
-84.5536
  0
LINE
  8
0
 10
102.813
 20
-84.5536
 11
102.573
 21
-84.2634
  0
LINE
  8
0
 10
102.573
 20
-84.2634
 11
102.371
 21
-83.9453
  0
LINE
  8
0
 10
102.371
 20
-83.9453
 11
102.211
 21
-83.6044
  0
LINE
  8
0
 10
102.211
 20
-83.6044
 11
102.094
 21
-83.2461
  0
LINE
  8
0
 10
102.094
 20
-83.2461
 11
102.024
 21
-82.876
  0
LINE
  8
0
 10
102.024
 20
-82.876
 11
102
 21
-82.5
  0
LINE
  8
0
 10
102
 20
-82.5
 11
102.024
 21
-82.124
  0
LINE
  8
0
 10
102.024
 20
-82.124
 11
102.094
 21
-81.7539
  0
LINE
  8
0
 10
102.094
 20
-81.7539
 11
102.211
 21
-81.3956
  0
LINE
  8
0
 10
102.211
 20
-81.3956
 11
102.371
 21
-81.0547
  0
LINE
  8
0
 10
102.371
 20
-81.0547
 11
102.573
 21
-80.7366
  0
LINE
  8
0
 10
102.573
 20
-80.7366
 11
102.813
 21
-80.4464
  0
LINE
  8
0
 10
102.813
 20
-80.4464
 11
103.088
 21
-80.1885
  0
LINE
  8
0
 10
103.088
 20
-80.1885
 11
103.393
 21
-79.967
  0
LINE
  8
0
 10
103.393
 20
-79.967
 11
103.723
 21
-79.7855
  0
LINE
  8
0
 10
103.723
 20
-79.7855
 11
104.073
 21
-79.6468
  0
LINE
  8
0
 10
104.073
 20
-79.6468
 11
104.438
 21
-79.5531
  0
LINE
  8
0
 10
104.438
 20
-79.5531
 11
104.812
 21
-79.5059
  0
LINE
  8
0
 10
104.812
 20
-79.5059
 11
105.188
 21
-79.5059
  0
LINE
  8
0
 10
105.188
 20
-79.5059
 11
105.562
 21
-79.5531
  0
LINE
  8
0
 10
105.562
 20
-79.5531
 11
105.927
 21
-79.6468
  0
LINE
  8
0
 10
105.927
 20
-79.6468
 11
106.277
 21
-79.7855
  0
LINE
  8
0
 10
106.277
 20
-79.7855
 11
106.607
 21
-79.967
  0
LINE
  8
0
 10
106.607
 20
-79.967
 11
106.912
 21
-80.1885
  0
LINE
  8
0
 10
106.912
 20
-80.1885
 11
107.187
 21
-80.4464
  0
LINE
  8
0
 10
107.187
 20
-80.4464
 11
107.427
 21
-80.7366
  0
LINE
  8
0
 10
107.427
 20
-80.7366
 11
107.629
 21
-81.0547
  0
LINE
  8
0
 10
107.629
 20
-81.0547
 11
107.789
 21
-81.3956
  0
LINE
  8
0
 10
107.789
 20
-81.3956
 11
107.906
 21
-81.7539
  0
LINE
  8
0
 10
107.906
 20
-81.7539
 11
107.976
 21
-82.124
  0
LINE
  8
0
 10
107.976
 20
-82.124
 11
108
 21
-82.5
  0
LINE
  8
0
 10
108
 20
-82.5
 11
107.976
 21
-82.876
  0
LINE
  8
0
 10
107.976
 20
-82.876
 11
107.906
 21
-83.2461
  0
LINE
  8
0
 10
107.906
 20
-83.2461
 11
107.789
 21
-83.6044
  0
LINE
  8
0
 10
107.789
 20
-83.6044
 11
107.629
 21
-83.9453
  0
LINE
  8
0
 10
107.629
 20
-83.9453
 11
107.427
 21
-84.2634
  0
LINE
  8
0
 10
107.427
 20
-84.2634
 11
107.187
 21
-84.5536
  0
LINE
  8
0
 10
107.187
 20
-84.5536
 11
106.912
 21
-84.8115
  0
LINE
  8
0
 10
106.912
 20
-84.8115
 11
106.607
 21
-85.033
  0
LINE
  8
0
 10
106.607
 20
-85.033
 11
106.277
 21
-85.2145
  0
LINE
  8
0
 10
106.277
 20
-85.2145
 11
105.927
 21
-85.3532
  0
LINE
  8
0
 10
105.927
 20
-85.3532
 11
105.562
 21
-85.4469
  0
LINE
  8
0
 10
105.562
 20
-85.4469
 11
105.188
 21
-85.4941
  0
LINE
  8
0
 10
105.188
 20
-85.4941
 11
104.812
 21
-85.4941
  0
LINE
  8
0
 10
-105.188
 20
-85.4941
 11
-105.562
 21
-85.4469
  0
LINE
  8
0
 10
-105.562
 20
-85.4469
 11
-105.927
 21
-85.3532
  0
LINE
  8
0
 10
-105.927
 20
-85.3532
 11
-106.277
 21
-85.2145
  0
LINE
  8
0
 10
-106.277
 20
-85.2145
 11
-106.607
 21
-85.033
  0
LINE
  8
0
 10
-106.607
 20
-85.033
 11
-106.912
 21
-84.8115
  0
LINE
  8
0
 10
-106.912
 20
-84.8115
 11
-107.187
 21
-84.5536
  0
LINE
  8
0
 10
-107.187
 20
-84.5536
 11
-107.427
 21
-84.2634
  0
LINE
  8
0
 10
-107.427
 20
-84.2634
 11
-107.629
 21
-83.9453
  0
LINE
  8
0
 10
-107.629
 20
-83.9453
 11
-107.789
 21
-83.6044
  0
LINE
  8
0
 10
-107.789
 20
-83.6044
 11
-107.906
 21
-83.2461
  0
LINE
  8
0
 10
-107.906
 20
-83.2461
 11
-107.976
 21
-82.876
  0
LINE
  8
0
 10
-107.976
 20
-82.876
 11
-108
 21
-82.5
  0
LINE
  8
0
 10
-108
 20
-82.5
 11
-107.976
 21
-82.124
  0
LINE
  8
0
 10
-107.976
 20
-82.124
 11
-107.906
 21
-81.7539
  0
LINE
  8
0
 10
-107.906
 20
-81.7539
 11
-107.789
 21
-81.3956
  0
LINE
  8
0
 10
-107.789
 20
-81.3956
 11
-107.629
 21
-81.0547
  0
LINE
  8
0
 10
-107.629
 20
-81.0547
 11
-107.427
 21
-80.7366
  0
LINE
  8
0
 10
-107.427
 20
-80.7366
 11
-107.187
 21
-80.4464
  0
LINE
  8
0
 10
-107.187
 20
-80.4464
 11
-106.912
 21
-80.1885
  0
LINE
  8
0
 10
-106.912
 20
-80.1885
 11
-106.607
 21
-79.967
  0
LINE
  8
0
 10
-106.607
 20
-79.967
 11
-106.277
 21
-79.7855
  0
LINE
  8
0
 10
-106.277
 20
-79.7855
 11
-105.927
 21
-79.6468
  0
LINE
  8
0
 10
-105.927
 20
-79.6468
 11
-105.562
 21
-79.5531
  0
LINE
  8
0
 10
-105.562
 20
-79.5531
 11
-105.188
 21
-79.5059
  0
LINE
  8
0
 10
-105.188
 20
-79.5059
 11
-104.812
 21
-79.5059
  0
LINE
  8
0
 10
-104.812
 20
-79.5059
 11
-104.438
 21
-79.5531
  0
LINE
  8
0
 10
-104.438
 20
-79.5531
 11
-104.073
 21
-79.6468
  0
LINE
  8
0
 10
-104.073
 20
-79.6468
 11
-103.723
 21
-79.7855
  0
LINE
  8
0
 10
-103.723
 20
-79.7855
 11
-103.393
 21
-79.967
  0
LINE
  8
0
 10
-103.393
 20
-79.967
 11
-103.088
 21
-80.1885
  0
LINE
  8
0
 10
-103.088
 20
-80.1885
 11
-102.813
 21
-80.4464
  0
LINE
  8
0
 10
-102.813
 20
-80.4464
 11
-102.573
 21
-80.7366
  0
LINE
  8
0
 10
-102.573
 20
-80.7366
 11
-102.371
 21
-81.0547
  0
LINE
  8
0
 10
-102.371
 20
-81.0547
 11
-102.211
 21
-81.3956
  0
LINE
  8
0
 10
-102.211
 20
-81.3956
 11
-102.094
 21
-81.7539
  0
LINE
  8
0
 10
-102.094
 20
-81.7539
 11
-102.024
 21
-82.124
  0
LINE
  8
0
 10
-102.024
 20
-82.124
 11
-102
 21
-82.5
  0
LINE
  8
0
 10
-102
 20
-82.5
 11
-102.024
 21
-82.876
  0
LINE
  8
0
 10
-102.024
 20
-82.876
 11
-102.094
 21
-83.2461
  0
LINE
  8
0
 10
-102.094
 20
-83.2461
 11
-102.211
 21
-83.6044
  0
LINE
  8
0
 10
-102.211
 20
-83.6044
 11
-102.371
 21
-83.9453
  0
LINE
  8
0
 10
-102.371
 20
-83.9453
 11
-102.573
 21
-84.2634
  0
LINE
  8
0
 10
-102.573
 20
-84.2634
 11
-102.813
 21
-84.5536
  0
LINE
  8
0
 10
-102.813
 20
-84.5536
 11
-103.088
 21
-84.8115
  0
LINE
  8
0
 10
-103.088
 20
-84.8115
 11
-103.393
 21
-85.033
  0
LINE
  8
0
 10
-103.393
 20
-85.033
 11
-103.723
 21
-85.2145
  0
LINE
  8
0
 10
-103.723
 20
-85.2145
 11
-104.073
 21
-85.3532
  0
LINE
  8
0
 10
-104.073
 20
-85.3532
 11
-104.438
 21
-85.4469
  0
LINE
  8
0
 10
-104.438
 20
-85.4469
 11
-104.812
 21
-85.4941
  0
LINE
  8
0
 10
-104.812
 20
-85.4941
 11
-105.188
 21
-85.4941
  0
LINE
  8
0
 10
-102.094
 20
-23.2461
 11
-102.211
 21
-23.6044
  0
LINE
  8
0
 10
-102.211
 20
-23.6044
 11
-102.371
 21
-23.9453
  0
LINE
  8
0
 10
-102.371
 20
-23.9453
 11
-102.573
 21
-24.2634
  0
LINE
  8
0
 10
-102.573
 20
-24.2634
 11
-102.813
 21
-24.5536
  0
LINE
  8
0
 10
-102.813
 20
-24.5536
 11
-103.088
 21
-24.8115
  0
LINE
  8
0
 10
-103.088
 20
-24.8115
 11
-103.393
 21
-25.033
  0
LINE
  8
0
 10
-103.393
 20
-25.033
 11
-103.723
 21
-25.2145
  0
LINE
  8
0
 10
-103.723
 20
-25.2145
 11
-104.073
 21
-25.3532
  0
LINE
  8
0
 10
-104.073
 20
-25.3532
 11
-104.438
 21
-25.4469
  0
LINE
  8
0
 10
-104.438
 20
-25.4469
 11
-104.812
 21
-25.4941
  0
LINE
  8
0
 10
-104.812
 20
-25.4941
 11
-105.188
 21
-25.4941
  0
LINE
  8
0
 10
-105.188
 20
-25.4941
 11
-105.562
 21
-25.4469
  0
LINE
  8
0
 10
-105.562
 20
-25.4469
 11
-105.927
 21
-25.3532
  0
LINE
  8
0
 10
-105.927
 20
-25.3532
 11
-106.277
 21
-25.2145
  0
LINE
  8
0
 10
-106.277
 20
-25.2145
 11
-106.607
 21
-25.033
  0
LINE
  8
0
 10
-106.607
 20
-25.033
 11
-106.912
 21
-24.8115
  0
LINE
  8
0
 10
-106.912
 20
-24.8115
 11
-107.187
 21
-24.5536
  0
LINE
  8
0
 10
-107.187
 20
-24.5536
 11
-107.427
 21
-24.2634
  0
LINE
  8
0
 10
-107.427
 20
-24.2634
 11
-107.629
 21
-23.9453
  0
LINE
  8
0
 10
-107.629
 20
-23.9453
 11
-107.789
 21
-23.6044
  0
LINE
  8
0
 10
-107.789
 20
-23.6044
 11
-107.906
 21
-23.2461
  0
LINE
  8
0
 10
-107.906
 20
-23.2461
 11
-107.976
 21
-22.876
  0
LINE
  8
0
 10
-107.976
 20
-22.876
 11
-108
 21
-22.5
  0
LINE
  8
0
 10
-108
 20
-22.5
 11
-107.976
 21
-22.124
  0
LINE
  8
0
 10
-107.976
 20
-22.124
 11
-107.906
 21
-21.7539
  0
LINE
  8
0
 10
-107.906
 20
-21.7539
 11
-107.789
 21
-21.3956
  0
LINE
  8
0
 10
-107.789
 20
-21.3956
 11
-107.629
 21
-21.0547
  0
LINE
  8
0
 10
-107.629
 20
-21.0547
 11
-107.427
 21
-20.7366
  0
LINE
  8
0
 10
-107.427
 20
-20.7366
 11
-107.187
 21
-20.4464
  0
LINE
  8
0
 10
-107.187
 20
-20.4464
 11
-106.912
 21
-20.1884
  0
LINE
  8
0
 10
-106.912
 20
-20.1884
 11
-106.607
 21
-19.967
  0
LINE
  8
0
 10
-106.607
 20
-19.967
 11
-106.277
 21
-19.7855
  0
LINE
  8
0
 10
-106.277
 20
-19.7855
 11
-105.927
 21
-19.6468
  0
LINE
  8
0
 10
-105.927
 20
-19.6468
 11
-105.562
 21
-19.5531
  0
LINE
  8
0
 10
-105.562
 20
-19.5531
 11
-105.188
 21
-19.5059
  0
LINE
  8
0
 10
-105.188
 20
-19.5059
 11
-104.812
 21
-19.5059
  0
LINE
  8
0
 10
-104.812
 20
-19.5059
 11
-104.438
 21
-19.5531
  0
LINE
  8
0
 10
-104.438
 20
-19.5531
 11
-104.073
 21
-19.6468
  0
LINE
  8
0
 10
-104.073
 20
-19.6468
 11
-103.723
 21
-19.7855
  0
LINE
  8
0
 10
-103.723
 20
-19.7855
 11
-103.393
 21
-19.967
  0
LINE
  8
0
 10
-103.393
 20
-19.967
 11
-103.088
 21
-20.1884
  0
LINE
  8
0
 10
-103.088
 20
-20.1884
 11
-102.813
 21
-20.4464
  0
LINE
  8
0
 10
-102.813
 20
-20.4464
 11
-102.573
 21
-20.7366
  0
LINE
  8
0
 10
-102.573
 20
-20.7366
 11
-102.371
 21
-21.0547
  0
LINE
  8
0
 10
-102.371
 20
-21.0547
 11
-102.211
 21
-21.3956
  0
LINE
  8
0
 10
-102.211
 20
-21.3956
 11
-102.094
 21
-21.7539
  0
LINE
  8
0
 10
-102.094
 20
-21.7539
 11
-102.024
 21
-22.124
  0
LINE
  8
0
 10
-102.024
 20
-22.124
 11
-102
 21
-22.5
  0
LINE
  8
0
 10
-102
 20
-22.5
 11
-102.024
 21
-22.876
  0
LINE
  8
0
 10
-102.024
 20
-22.876
 11
-102.094
 21
-23.2461
  0
ENDSEC
  0
SECTION
  2
OBJECTS
  0
DICTIONARY
  0
ENDSEC
  0
EOF
