solid OpenSCAD_Model
  facet normal -0.998019 -0.0629071 0
    outer loop
      vertex -49.5 -45 0
      vertex -49.5237 -44.624 3
      vertex -49.5237 -44.624 0
    endloop
  endfacet
  facet normal -0.998019 -0.0629071 0
    outer loop
      vertex -49.5237 -44.624 3
      vertex -49.5 -45 0
      vertex -49.5 -45 3
    endloop
  endfacet
  facet normal 0.998019 -0.0629071 0
    outer loop
      vertex -55.5 -45 3
      vertex -55.4763 -44.624 0
      vertex -55.4763 -44.624 3
    endloop
  endfacet
  facet normal 0.998019 -0.0629071 0
    outer loop
      vertex -55.4763 -44.624 0
      vertex -55.5 -45 3
      vertex -55.5 -45 0
    endloop
  endfacet
  facet normal 0 -1 0
    outer loop
      vertex -52.6884 -42.0059 0
      vertex -52.3116 -42.0059 3
      vertex -52.6884 -42.0059 3
    endloop
  endfacet
  facet normal 0 -1 -0
    outer loop
      vertex -52.3116 -42.0059 3
      vertex -52.6884 -42.0059 0
      vertex -52.3116 -42.0059 0
    endloop
  endfacet
  facet normal 0 1 -0
    outer loop
      vertex -52.3116 -47.9941 0
      vertex -52.6884 -47.9941 3
      vertex -52.3116 -47.9941 3
    endloop
  endfacet
  facet normal 0 1 0
    outer loop
      vertex -52.6884 -47.9941 3
      vertex -52.3116 -47.9941 0
      vertex -52.6884 -47.9941 0
    endloop
  endfacet
  facet normal -0.684594 -0.728924 0
    outer loop
      vertex -50.5877 -42.6885 0
      vertex -50.3131 -42.9464 3
      vertex -50.5877 -42.6885 3
    endloop
  endfacet
  facet normal -0.684594 -0.728924 -0
    outer loop
      vertex -50.3131 -42.9464 3
      vertex -50.5877 -42.6885 0
      vertex -50.3131 -42.9464 0
    endloop
  endfacet
  facet normal 0.684594 -0.728924 0
    outer loop
      vertex -54.6869 -42.9464 0
      vertex -54.4123 -42.6885 3
      vertex -54.6869 -42.9464 3
    endloop
  endfacet
  facet normal 0.684594 -0.728924 0
    outer loop
      vertex -54.4123 -42.6885 3
      vertex -54.6869 -42.9464 0
      vertex -54.4123 -42.6885 0
    endloop
  endfacet
  facet normal 0.36823 -0.929735 0
    outer loop
      vertex -53.7773 -42.2855 0
      vertex -53.4271 -42.1468 3
      vertex -53.7773 -42.2855 3
    endloop
  endfacet
  facet normal 0.36823 -0.929735 0
    outer loop
      vertex -53.4271 -42.1468 3
      vertex -53.7773 -42.2855 0
      vertex -53.4271 -42.1468 0
    endloop
  endfacet
  facet normal -0.844415 0.53569 0
    outer loop
      vertex -50.0729 -46.7634 0
      vertex -49.8711 -46.4453 3
      vertex -49.8711 -46.4453 0
    endloop
  endfacet
  facet normal -0.844415 0.53569 0
    outer loop
      vertex -49.8711 -46.4453 3
      vertex -50.0729 -46.7634 0
      vertex -50.0729 -46.7634 3
    endloop
  endfacet
  facet normal -0.904843 -0.425746 0
    outer loop
      vertex -49.7107 -43.8956 0
      vertex -49.8711 -43.5547 3
      vertex -49.8711 -43.5547 0
    endloop
  endfacet
  facet normal -0.904843 -0.425746 0
    outer loop
      vertex -49.8711 -43.5547 3
      vertex -49.7107 -43.8956 0
      vertex -49.7107 -43.8956 3
    endloop
  endfacet
  facet normal -0.982336 -0.187124 0
    outer loop
      vertex -49.5237 -44.624 0
      vertex -49.5942 -44.2539 3
      vertex -49.5942 -44.2539 0
    endloop
  endfacet
  facet normal -0.982336 -0.187124 0
    outer loop
      vertex -49.5942 -44.2539 3
      vertex -49.5237 -44.624 0
      vertex -49.5237 -44.624 3
    endloop
  endfacet
  facet normal -0.36823 -0.929735 0
    outer loop
      vertex -51.5729 -42.1468 0
      vertex -51.2227 -42.2855 3
      vertex -51.5729 -42.1468 3
    endloop
  endfacet
  facet normal -0.36823 -0.929735 -0
    outer loop
      vertex -51.2227 -42.2855 3
      vertex -51.5729 -42.1468 0
      vertex -51.2227 -42.2855 0
    endloop
  endfacet
  facet normal -0.587872 -0.808954 0
    outer loop
      vertex -50.8925 -42.467 0
      vertex -50.5877 -42.6885 3
      vertex -50.8925 -42.467 3
    endloop
  endfacet
  facet normal -0.587872 -0.808954 -0
    outer loop
      vertex -50.5877 -42.6885 3
      vertex -50.8925 -42.467 0
      vertex -50.5877 -42.6885 0
    endloop
  endfacet
  facet normal 0.904843 -0.425746 0
    outer loop
      vertex -55.2893 -43.8956 3
      vertex -55.1289 -43.5547 0
      vertex -55.1289 -43.5547 3
    endloop
  endfacet
  facet normal 0.904843 -0.425746 0
    outer loop
      vertex -55.1289 -43.5547 0
      vertex -55.2893 -43.8956 3
      vertex -55.2893 -43.8956 0
    endloop
  endfacet
  facet normal 0.950993 -0.309212 0
    outer loop
      vertex -55.4058 -44.2539 3
      vertex -55.2893 -43.8956 0
      vertex -55.2893 -43.8956 3
    endloop
  endfacet
  facet normal 0.950993 -0.309212 0
    outer loop
      vertex -55.2893 -43.8956 0
      vertex -55.4058 -44.2539 3
      vertex -55.4058 -44.2539 0
    endloop
  endfacet
  facet normal 0.24865 -0.968593 0
    outer loop
      vertex -53.4271 -42.1468 0
      vertex -53.0621 -42.0531 3
      vertex -53.4271 -42.1468 3
    endloop
  endfacet
  facet normal 0.24865 -0.968593 0
    outer loop
      vertex -53.0621 -42.0531 3
      vertex -53.4271 -42.1468 0
      vertex -53.0621 -42.0531 0
    endloop
  endfacet
  facet normal -0.36823 0.929735 0
    outer loop
      vertex -51.2227 -47.7145 0
      vertex -51.5729 -47.8532 3
      vertex -51.2227 -47.7145 3
    endloop
  endfacet
  facet normal -0.36823 0.929735 0
    outer loop
      vertex -51.5729 -47.8532 3
      vertex -51.2227 -47.7145 0
      vertex -51.5729 -47.8532 0
    endloop
  endfacet
  facet normal -0.481695 0.876339 0
    outer loop
      vertex -50.8925 -47.533 0
      vertex -51.2227 -47.7145 3
      vertex -50.8925 -47.533 3
    endloop
  endfacet
  facet normal -0.481695 0.876339 0
    outer loop
      vertex -51.2227 -47.7145 3
      vertex -50.8925 -47.533 0
      vertex -51.2227 -47.7145 0
    endloop
  endfacet
  facet normal -0.950993 -0.309212 0
    outer loop
      vertex -49.5942 -44.2539 0
      vertex -49.7107 -43.8956 3
      vertex -49.7107 -43.8956 0
    endloop
  endfacet
  facet normal -0.950993 -0.309212 0
    outer loop
      vertex -49.7107 -43.8956 3
      vertex -49.5942 -44.2539 0
      vertex -49.5942 -44.2539 3
    endloop
  endfacet
  facet normal -0.770349 -0.637622 0
    outer loop
      vertex -50.0729 -43.2366 0
      vertex -50.3131 -42.9464 3
      vertex -50.3131 -42.9464 0
    endloop
  endfacet
  facet normal -0.770349 -0.637622 0
    outer loop
      vertex -50.3131 -42.9464 3
      vertex -50.0729 -43.2366 0
      vertex -50.0729 -43.2366 3
    endloop
  endfacet
  facet normal -0.844415 -0.53569 0
    outer loop
      vertex -49.8711 -43.5547 0
      vertex -50.0729 -43.2366 3
      vertex -50.0729 -43.2366 0
    endloop
  endfacet
  facet normal -0.844415 -0.53569 0
    outer loop
      vertex -50.0729 -43.2366 3
      vertex -49.8711 -43.5547 0
      vertex -49.8711 -43.5547 3
    endloop
  endfacet
  facet normal -0.24865 -0.968593 0
    outer loop
      vertex -51.9379 -42.0531 0
      vertex -51.5729 -42.1468 3
      vertex -51.9379 -42.0531 3
    endloop
  endfacet
  facet normal -0.24865 -0.968593 -0
    outer loop
      vertex -51.5729 -42.1468 3
      vertex -51.9379 -42.0531 0
      vertex -51.5729 -42.1468 0
    endloop
  endfacet
  facet normal -0.125309 -0.992118 0
    outer loop
      vertex -52.3116 -42.0059 0
      vertex -51.9379 -42.0531 3
      vertex -52.3116 -42.0059 3
    endloop
  endfacet
  facet normal -0.125309 -0.992118 -0
    outer loop
      vertex -51.9379 -42.0531 3
      vertex -52.3116 -42.0059 0
      vertex -51.9379 -42.0531 0
    endloop
  endfacet
  facet normal -0.481695 -0.876339 0
    outer loop
      vertex -51.2227 -42.2855 0
      vertex -50.8925 -42.467 3
      vertex -51.2227 -42.2855 3
    endloop
  endfacet
  facet normal -0.481695 -0.876339 -0
    outer loop
      vertex -50.8925 -42.467 3
      vertex -51.2227 -42.2855 0
      vertex -50.8925 -42.467 0
    endloop
  endfacet
  facet normal 0.844415 -0.53569 0
    outer loop
      vertex -55.1289 -43.5547 3
      vertex -54.9271 -43.2366 0
      vertex -54.9271 -43.2366 3
    endloop
  endfacet
  facet normal 0.844415 -0.53569 0
    outer loop
      vertex -54.9271 -43.2366 0
      vertex -55.1289 -43.5547 3
      vertex -55.1289 -43.5547 0
    endloop
  endfacet
  facet normal 0.770349 -0.637622 0
    outer loop
      vertex -54.9271 -43.2366 3
      vertex -54.6869 -42.9464 0
      vertex -54.6869 -42.9464 3
    endloop
  endfacet
  facet normal 0.770349 -0.637622 0
    outer loop
      vertex -54.6869 -42.9464 0
      vertex -54.9271 -43.2366 3
      vertex -54.9271 -43.2366 0
    endloop
  endfacet
  facet normal 0.982336 -0.187124 0
    outer loop
      vertex -55.4763 -44.624 3
      vertex -55.4058 -44.2539 0
      vertex -55.4058 -44.2539 3
    endloop
  endfacet
  facet normal 0.982336 -0.187124 0
    outer loop
      vertex -55.4058 -44.2539 0
      vertex -55.4763 -44.624 3
      vertex -55.4763 -44.624 0
    endloop
  endfacet
  facet normal 0.481695 -0.876339 0
    outer loop
      vertex -54.1075 -42.467 0
      vertex -53.7773 -42.2855 3
      vertex -54.1075 -42.467 3
    endloop
  endfacet
  facet normal 0.481695 -0.876339 0
    outer loop
      vertex -53.7773 -42.2855 3
      vertex -54.1075 -42.467 0
      vertex -53.7773 -42.2855 0
    endloop
  endfacet
  facet normal 0.587872 -0.808954 0
    outer loop
      vertex -54.4123 -42.6885 0
      vertex -54.1075 -42.467 3
      vertex -54.4123 -42.6885 3
    endloop
  endfacet
  facet normal 0.587872 -0.808954 0
    outer loop
      vertex -54.1075 -42.467 3
      vertex -54.4123 -42.6885 0
      vertex -54.1075 -42.467 0
    endloop
  endfacet
  facet normal 0.125309 -0.992118 0
    outer loop
      vertex -53.0621 -42.0531 0
      vertex -52.6884 -42.0059 3
      vertex -53.0621 -42.0531 3
    endloop
  endfacet
  facet normal 0.125309 -0.992118 0
    outer loop
      vertex -52.6884 -42.0059 3
      vertex -53.0621 -42.0531 0
      vertex -52.6884 -42.0059 0
    endloop
  endfacet
  facet normal -0.998019 0.0629071 0
    outer loop
      vertex -49.5237 -45.376 0
      vertex -49.5 -45 3
      vertex -49.5 -45 0
    endloop
  endfacet
  facet normal -0.998019 0.0629071 0
    outer loop
      vertex -49.5 -45 3
      vertex -49.5237 -45.376 0
      vertex -49.5237 -45.376 3
    endloop
  endfacet
  facet normal -0.770349 0.637622 0
    outer loop
      vertex -50.3131 -47.0536 0
      vertex -50.0729 -46.7634 3
      vertex -50.0729 -46.7634 0
    endloop
  endfacet
  facet normal -0.770349 0.637622 0
    outer loop
      vertex -50.0729 -46.7634 3
      vertex -50.3131 -47.0536 0
      vertex -50.3131 -47.0536 3
    endloop
  endfacet
  facet normal -0.982336 0.187124 0
    outer loop
      vertex -49.5942 -45.7461 0
      vertex -49.5237 -45.376 3
      vertex -49.5237 -45.376 0
    endloop
  endfacet
  facet normal -0.982336 0.187124 0
    outer loop
      vertex -49.5237 -45.376 3
      vertex -49.5942 -45.7461 0
      vertex -49.5942 -45.7461 3
    endloop
  endfacet
  facet normal -0.587872 0.808954 0
    outer loop
      vertex -50.5877 -47.3115 0
      vertex -50.8925 -47.533 3
      vertex -50.5877 -47.3115 3
    endloop
  endfacet
  facet normal -0.587872 0.808954 0
    outer loop
      vertex -50.8925 -47.533 3
      vertex -50.5877 -47.3115 0
      vertex -50.8925 -47.533 0
    endloop
  endfacet
  facet normal -0.684594 0.728924 0
    outer loop
      vertex -50.3131 -47.0536 0
      vertex -50.5877 -47.3115 3
      vertex -50.3131 -47.0536 3
    endloop
  endfacet
  facet normal -0.684594 0.728924 0
    outer loop
      vertex -50.5877 -47.3115 3
      vertex -50.3131 -47.0536 0
      vertex -50.5877 -47.3115 0
    endloop
  endfacet
  facet normal -0.904843 0.425746 0
    outer loop
      vertex -49.8711 -46.4453 0
      vertex -49.7107 -46.1044 3
      vertex -49.7107 -46.1044 0
    endloop
  endfacet
  facet normal -0.904843 0.425746 0
    outer loop
      vertex -49.7107 -46.1044 3
      vertex -49.8711 -46.4453 0
      vertex -49.8711 -46.4453 3
    endloop
  endfacet
  facet normal 0.684594 0.728924 -0
    outer loop
      vertex -54.4123 -47.3115 0
      vertex -54.6869 -47.0536 3
      vertex -54.4123 -47.3115 3
    endloop
  endfacet
  facet normal 0.684594 0.728924 0
    outer loop
      vertex -54.6869 -47.0536 3
      vertex -54.4123 -47.3115 0
      vertex -54.6869 -47.0536 0
    endloop
  endfacet
  facet normal 0.844415 0.53569 0
    outer loop
      vertex -54.9271 -46.7634 3
      vertex -55.1289 -46.4453 0
      vertex -55.1289 -46.4453 3
    endloop
  endfacet
  facet normal 0.844415 0.53569 0
    outer loop
      vertex -55.1289 -46.4453 0
      vertex -54.9271 -46.7634 3
      vertex -54.9271 -46.7634 0
    endloop
  endfacet
  facet normal 0.950993 0.309212 0
    outer loop
      vertex -55.2893 -46.1044 3
      vertex -55.4058 -45.7461 0
      vertex -55.4058 -45.7461 3
    endloop
  endfacet
  facet normal 0.950993 0.309212 0
    outer loop
      vertex -55.4058 -45.7461 0
      vertex -55.2893 -46.1044 3
      vertex -55.2893 -46.1044 0
    endloop
  endfacet
  facet normal 0.998019 0.0629071 0
    outer loop
      vertex -55.4763 -45.376 3
      vertex -55.5 -45 0
      vertex -55.5 -45 3
    endloop
  endfacet
  facet normal 0.998019 0.0629071 0
    outer loop
      vertex -55.5 -45 0
      vertex -55.4763 -45.376 3
      vertex -55.4763 -45.376 0
    endloop
  endfacet
  facet normal -0.125309 0.992118 0
    outer loop
      vertex -51.9379 -47.9469 0
      vertex -52.3116 -47.9941 3
      vertex -51.9379 -47.9469 3
    endloop
  endfacet
  facet normal -0.125309 0.992118 0
    outer loop
      vertex -52.3116 -47.9941 3
      vertex -51.9379 -47.9469 0
      vertex -52.3116 -47.9941 0
    endloop
  endfacet
  facet normal -0.950993 0.309212 0
    outer loop
      vertex -49.7107 -46.1044 0
      vertex -49.5942 -45.7461 3
      vertex -49.5942 -45.7461 0
    endloop
  endfacet
  facet normal -0.950993 0.309212 0
    outer loop
      vertex -49.5942 -45.7461 3
      vertex -49.7107 -46.1044 0
      vertex -49.7107 -46.1044 3
    endloop
  endfacet
  facet normal 0.36823 0.929735 -0
    outer loop
      vertex -53.4271 -47.8532 0
      vertex -53.7773 -47.7145 3
      vertex -53.4271 -47.8532 3
    endloop
  endfacet
  facet normal 0.36823 0.929735 0
    outer loop
      vertex -53.7773 -47.7145 3
      vertex -53.4271 -47.8532 0
      vertex -53.7773 -47.7145 0
    endloop
  endfacet
  facet normal 0.587872 0.808954 -0
    outer loop
      vertex -54.1075 -47.533 0
      vertex -54.4123 -47.3115 3
      vertex -54.1075 -47.533 3
    endloop
  endfacet
  facet normal 0.587872 0.808954 0
    outer loop
      vertex -54.4123 -47.3115 3
      vertex -54.1075 -47.533 0
      vertex -54.4123 -47.3115 0
    endloop
  endfacet
  facet normal 0.24865 0.968593 -0
    outer loop
      vertex -53.0621 -47.9469 0
      vertex -53.4271 -47.8532 3
      vertex -53.0621 -47.9469 3
    endloop
  endfacet
  facet normal 0.24865 0.968593 0
    outer loop
      vertex -53.4271 -47.8532 3
      vertex -53.0621 -47.9469 0
      vertex -53.4271 -47.8532 0
    endloop
  endfacet
  facet normal 0.770349 0.637622 0
    outer loop
      vertex -54.6869 -47.0536 3
      vertex -54.9271 -46.7634 0
      vertex -54.9271 -46.7634 3
    endloop
  endfacet
  facet normal 0.770349 0.637622 0
    outer loop
      vertex -54.9271 -46.7634 0
      vertex -54.6869 -47.0536 3
      vertex -54.6869 -47.0536 0
    endloop
  endfacet
  facet normal 0.904843 0.425746 0
    outer loop
      vertex -55.1289 -46.4453 3
      vertex -55.2893 -46.1044 0
      vertex -55.2893 -46.1044 3
    endloop
  endfacet
  facet normal 0.904843 0.425746 0
    outer loop
      vertex -55.2893 -46.1044 0
      vertex -55.1289 -46.4453 3
      vertex -55.1289 -46.4453 0
    endloop
  endfacet
  facet normal 0.982336 0.187124 0
    outer loop
      vertex -55.4058 -45.7461 3
      vertex -55.4763 -45.376 0
      vertex -55.4763 -45.376 3
    endloop
  endfacet
  facet normal 0.982336 0.187124 0
    outer loop
      vertex -55.4763 -45.376 0
      vertex -55.4058 -45.7461 3
      vertex -55.4058 -45.7461 0
    endloop
  endfacet
  facet normal -0.24865 0.968593 0
    outer loop
      vertex -51.5729 -47.8532 0
      vertex -51.9379 -47.9469 3
      vertex -51.5729 -47.8532 3
    endloop
  endfacet
  facet normal -0.24865 0.968593 0
    outer loop
      vertex -51.9379 -47.9469 3
      vertex -51.5729 -47.8532 0
      vertex -51.9379 -47.9469 0
    endloop
  endfacet
  facet normal 0.481695 0.876339 -0
    outer loop
      vertex -53.7773 -47.7145 0
      vertex -54.1075 -47.533 3
      vertex -53.7773 -47.7145 3
    endloop
  endfacet
  facet normal 0.481695 0.876339 0
    outer loop
      vertex -54.1075 -47.533 3
      vertex -53.7773 -47.7145 0
      vertex -54.1075 -47.533 0
    endloop
  endfacet
  facet normal 0.125309 0.992118 -0
    outer loop
      vertex -52.6884 -47.9941 0
      vertex -53.0621 -47.9469 3
      vertex -52.6884 -47.9941 3
    endloop
  endfacet
  facet normal 0.125309 0.992118 0
    outer loop
      vertex -53.0621 -47.9469 3
      vertex -52.6884 -47.9941 0
      vertex -53.0621 -47.9469 0
    endloop
  endfacet
  facet normal -0.998019 -0.0629071 0
    outer loop
      vertex -49.5 45 0
      vertex -49.5237 45.376 3
      vertex -49.5237 45.376 0
    endloop
  endfacet
  facet normal -0.998019 -0.0629071 0
    outer loop
      vertex -49.5237 45.376 3
      vertex -49.5 45 0
      vertex -49.5 45 3
    endloop
  endfacet
  facet normal 0.998019 -0.0629071 0
    outer loop
      vertex -55.5 45 3
      vertex -55.4763 45.376 0
      vertex -55.4763 45.376 3
    endloop
  endfacet
  facet normal 0.998019 -0.0629071 0
    outer loop
      vertex -55.4763 45.376 0
      vertex -55.5 45 3
      vertex -55.5 45 0
    endloop
  endfacet
  facet normal 0 -1 0
    outer loop
      vertex -52.6884 47.9941 0
      vertex -52.3116 47.9941 3
      vertex -52.6884 47.9941 3
    endloop
  endfacet
  facet normal 0 -1 -0
    outer loop
      vertex -52.3116 47.9941 3
      vertex -52.6884 47.9941 0
      vertex -52.3116 47.9941 0
    endloop
  endfacet
  facet normal 0 1 -0
    outer loop
      vertex -52.3116 42.0059 0
      vertex -52.6884 42.0059 3
      vertex -52.3116 42.0059 3
    endloop
  endfacet
  facet normal 0 1 0
    outer loop
      vertex -52.6884 42.0059 3
      vertex -52.3116 42.0059 0
      vertex -52.6884 42.0059 0
    endloop
  endfacet
  facet normal -0.684594 -0.728924 0
    outer loop
      vertex -50.5877 47.3115 0
      vertex -50.3131 47.0536 3
      vertex -50.5877 47.3115 3
    endloop
  endfacet
  facet normal -0.684594 -0.728924 -0
    outer loop
      vertex -50.3131 47.0536 3
      vertex -50.5877 47.3115 0
      vertex -50.3131 47.0536 0
    endloop
  endfacet
  facet normal 0.684594 -0.728924 0
    outer loop
      vertex -54.6869 47.0536 0
      vertex -54.4123 47.3115 3
      vertex -54.6869 47.0536 3
    endloop
  endfacet
  facet normal 0.684594 -0.728924 0
    outer loop
      vertex -54.4123 47.3115 3
      vertex -54.6869 47.0536 0
      vertex -54.4123 47.3115 0
    endloop
  endfacet
  facet normal 0.36823 -0.929735 0
    outer loop
      vertex -53.7773 47.7145 0
      vertex -53.4271 47.8532 3
      vertex -53.7773 47.7145 3
    endloop
  endfacet
  facet normal 0.36823 -0.929735 0
    outer loop
      vertex -53.4271 47.8532 3
      vertex -53.7773 47.7145 0
      vertex -53.4271 47.8532 0
    endloop
  endfacet
  facet normal -0.844415 0.53569 0
    outer loop
      vertex -50.0729 43.2366 0
      vertex -49.8711 43.5547 3
      vertex -49.8711 43.5547 0
    endloop
  endfacet
  facet normal -0.844415 0.53569 0
    outer loop
      vertex -49.8711 43.5547 3
      vertex -50.0729 43.2366 0
      vertex -50.0729 43.2366 3
    endloop
  endfacet
  facet normal -0.904843 -0.425746 0
    outer loop
      vertex -49.7107 46.1044 0
      vertex -49.8711 46.4453 3
      vertex -49.8711 46.4453 0
    endloop
  endfacet
  facet normal -0.904843 -0.425746 0
    outer loop
      vertex -49.8711 46.4453 3
      vertex -49.7107 46.1044 0
      vertex -49.7107 46.1044 3
    endloop
  endfacet
  facet normal -0.982336 -0.187124 0
    outer loop
      vertex -49.5237 45.376 0
      vertex -49.5942 45.7461 3
      vertex -49.5942 45.7461 0
    endloop
  endfacet
  facet normal -0.982336 -0.187124 0
    outer loop
      vertex -49.5942 45.7461 3
      vertex -49.5237 45.376 0
      vertex -49.5237 45.376 3
    endloop
  endfacet
  facet normal -0.36823 -0.929735 0
    outer loop
      vertex -51.5729 47.8532 0
      vertex -51.2227 47.7145 3
      vertex -51.5729 47.8532 3
    endloop
  endfacet
  facet normal -0.36823 -0.929735 -0
    outer loop
      vertex -51.2227 47.7145 3
      vertex -51.5729 47.8532 0
      vertex -51.2227 47.7145 0
    endloop
  endfacet
  facet normal -0.587872 -0.808954 0
    outer loop
      vertex -50.8925 47.533 0
      vertex -50.5877 47.3115 3
      vertex -50.8925 47.533 3
    endloop
  endfacet
  facet normal -0.587872 -0.808954 -0
    outer loop
      vertex -50.5877 47.3115 3
      vertex -50.8925 47.533 0
      vertex -50.5877 47.3115 0
    endloop
  endfacet
  facet normal 0.904843 -0.425746 0
    outer loop
      vertex -55.2893 46.1044 3
      vertex -55.1289 46.4453 0
      vertex -55.1289 46.4453 3
    endloop
  endfacet
  facet normal 0.904843 -0.425746 0
    outer loop
      vertex -55.1289 46.4453 0
      vertex -55.2893 46.1044 3
      vertex -55.2893 46.1044 0
    endloop
  endfacet
  facet normal 0.950993 -0.309212 0
    outer loop
      vertex -55.4058 45.7461 3
      vertex -55.2893 46.1044 0
      vertex -55.2893 46.1044 3
    endloop
  endfacet
  facet normal 0.950993 -0.309212 0
    outer loop
      vertex -55.2893 46.1044 0
      vertex -55.4058 45.7461 3
      vertex -55.4058 45.7461 0
    endloop
  endfacet
  facet normal 0.24865 -0.968593 0
    outer loop
      vertex -53.4271 47.8532 0
      vertex -53.0621 47.9469 3
      vertex -53.4271 47.8532 3
    endloop
  endfacet
  facet normal 0.24865 -0.968593 0
    outer loop
      vertex -53.0621 47.9469 3
      vertex -53.4271 47.8532 0
      vertex -53.0621 47.9469 0
    endloop
  endfacet
  facet normal -0.36823 0.929735 0
    outer loop
      vertex -51.2227 42.2855 0
      vertex -51.5729 42.1468 3
      vertex -51.2227 42.2855 3
    endloop
  endfacet
  facet normal -0.36823 0.929735 0
    outer loop
      vertex -51.5729 42.1468 3
      vertex -51.2227 42.2855 0
      vertex -51.5729 42.1468 0
    endloop
  endfacet
  facet normal -0.950993 -0.309212 0
    outer loop
      vertex -49.5942 45.7461 0
      vertex -49.7107 46.1044 3
      vertex -49.7107 46.1044 0
    endloop
  endfacet
  facet normal -0.950993 -0.309212 0
    outer loop
      vertex -49.7107 46.1044 3
      vertex -49.5942 45.7461 0
      vertex -49.5942 45.7461 3
    endloop
  endfacet
  facet normal -0.770349 -0.637622 0
    outer loop
      vertex -50.0729 46.7634 0
      vertex -50.3131 47.0536 3
      vertex -50.3131 47.0536 0
    endloop
  endfacet
  facet normal -0.770349 -0.637622 0
    outer loop
      vertex -50.3131 47.0536 3
      vertex -50.0729 46.7634 0
      vertex -50.0729 46.7634 3
    endloop
  endfacet
  facet normal -0.844415 -0.53569 0
    outer loop
      vertex -49.8711 46.4453 0
      vertex -50.0729 46.7634 3
      vertex -50.0729 46.7634 0
    endloop
  endfacet
  facet normal -0.844415 -0.53569 0
    outer loop
      vertex -50.0729 46.7634 3
      vertex -49.8711 46.4453 0
      vertex -49.8711 46.4453 3
    endloop
  endfacet
  facet normal -0.24865 -0.968593 0
    outer loop
      vertex -51.9379 47.9469 0
      vertex -51.5729 47.8532 3
      vertex -51.9379 47.9469 3
    endloop
  endfacet
  facet normal -0.24865 -0.968593 -0
    outer loop
      vertex -51.5729 47.8532 3
      vertex -51.9379 47.9469 0
      vertex -51.5729 47.8532 0
    endloop
  endfacet
  facet normal -0.125309 -0.992118 0
    outer loop
      vertex -52.3116 47.9941 0
      vertex -51.9379 47.9469 3
      vertex -52.3116 47.9941 3
    endloop
  endfacet
  facet normal -0.125309 -0.992118 -0
    outer loop
      vertex -51.9379 47.9469 3
      vertex -52.3116 47.9941 0
      vertex -51.9379 47.9469 0
    endloop
  endfacet
  facet normal -0.481695 -0.876339 0
    outer loop
      vertex -51.2227 47.7145 0
      vertex -50.8925 47.533 3
      vertex -51.2227 47.7145 3
    endloop
  endfacet
  facet normal -0.481695 -0.876339 -0
    outer loop
      vertex -50.8925 47.533 3
      vertex -51.2227 47.7145 0
      vertex -50.8925 47.533 0
    endloop
  endfacet
  facet normal 0.844415 -0.53569 0
    outer loop
      vertex -55.1289 46.4453 3
      vertex -54.9271 46.7634 0
      vertex -54.9271 46.7634 3
    endloop
  endfacet
  facet normal 0.844415 -0.53569 0
    outer loop
      vertex -54.9271 46.7634 0
      vertex -55.1289 46.4453 3
      vertex -55.1289 46.4453 0
    endloop
  endfacet
  facet normal 0.770349 -0.637622 0
    outer loop
      vertex -54.9271 46.7634 3
      vertex -54.6869 47.0536 0
      vertex -54.6869 47.0536 3
    endloop
  endfacet
  facet normal 0.770349 -0.637622 0
    outer loop
      vertex -54.6869 47.0536 0
      vertex -54.9271 46.7634 3
      vertex -54.9271 46.7634 0
    endloop
  endfacet
  facet normal 0.982336 -0.187124 0
    outer loop
      vertex -55.4763 45.376 3
      vertex -55.4058 45.7461 0
      vertex -55.4058 45.7461 3
    endloop
  endfacet
  facet normal 0.982336 -0.187124 0
    outer loop
      vertex -55.4058 45.7461 0
      vertex -55.4763 45.376 3
      vertex -55.4763 45.376 0
    endloop
  endfacet
  facet normal 0.481695 -0.876339 0
    outer loop
      vertex -54.1075 47.533 0
      vertex -53.7773 47.7145 3
      vertex -54.1075 47.533 3
    endloop
  endfacet
  facet normal 0.481695 -0.876339 0
    outer loop
      vertex -53.7773 47.7145 3
      vertex -54.1075 47.533 0
      vertex -53.7773 47.7145 0
    endloop
  endfacet
  facet normal 0.587872 -0.808954 0
    outer loop
      vertex -54.4123 47.3115 0
      vertex -54.1075 47.533 3
      vertex -54.4123 47.3115 3
    endloop
  endfacet
  facet normal 0.587872 -0.808954 0
    outer loop
      vertex -54.1075 47.533 3
      vertex -54.4123 47.3115 0
      vertex -54.1075 47.533 0
    endloop
  endfacet
  facet normal 0.125309 -0.992118 0
    outer loop
      vertex -53.0621 47.9469 0
      vertex -52.6884 47.9941 3
      vertex -53.0621 47.9469 3
    endloop
  endfacet
  facet normal 0.125309 -0.992118 0
    outer loop
      vertex -52.6884 47.9941 3
      vertex -53.0621 47.9469 0
      vertex -52.6884 47.9941 0
    endloop
  endfacet
  facet normal -0.770349 0.637622 0
    outer loop
      vertex -50.3131 42.9464 0
      vertex -50.0729 43.2366 3
      vertex -50.0729 43.2366 0
    endloop
  endfacet
  facet normal -0.770349 0.637622 0
    outer loop
      vertex -50.0729 43.2366 3
      vertex -50.3131 42.9464 0
      vertex -50.3131 42.9464 3
    endloop
  endfacet
  facet normal -0.982336 0.187124 0
    outer loop
      vertex -49.5942 44.2539 0
      vertex -49.5237 44.624 3
      vertex -49.5237 44.624 0
    endloop
  endfacet
  facet normal -0.982336 0.187124 0
    outer loop
      vertex -49.5237 44.624 3
      vertex -49.5942 44.2539 0
      vertex -49.5942 44.2539 3
    endloop
  endfacet
  facet normal -0.587872 0.808954 0
    outer loop
      vertex -50.5877 42.6885 0
      vertex -50.8925 42.467 3
      vertex -50.5877 42.6885 3
    endloop
  endfacet
  facet normal -0.587872 0.808954 0
    outer loop
      vertex -50.8925 42.467 3
      vertex -50.5877 42.6885 0
      vertex -50.8925 42.467 0
    endloop
  endfacet
  facet normal -0.684594 0.728924 0
    outer loop
      vertex -50.3131 42.9464 0
      vertex -50.5877 42.6885 3
      vertex -50.3131 42.9464 3
    endloop
  endfacet
  facet normal -0.684594 0.728924 0
    outer loop
      vertex -50.5877 42.6885 3
      vertex -50.3131 42.9464 0
      vertex -50.5877 42.6885 0
    endloop
  endfacet
  facet normal -0.904843 0.425746 0
    outer loop
      vertex -49.8711 43.5547 0
      vertex -49.7107 43.8956 3
      vertex -49.7107 43.8956 0
    endloop
  endfacet
  facet normal -0.904843 0.425746 0
    outer loop
      vertex -49.7107 43.8956 3
      vertex -49.8711 43.5547 0
      vertex -49.8711 43.5547 3
    endloop
  endfacet
  facet normal -0.998019 0.0629071 0
    outer loop
      vertex -49.5237 44.624 0
      vertex -49.5 45 3
      vertex -49.5 45 0
    endloop
  endfacet
  facet normal -0.998019 0.0629071 0
    outer loop
      vertex -49.5 45 3
      vertex -49.5237 44.624 0
      vertex -49.5237 44.624 3
    endloop
  endfacet
  facet normal 0.684594 0.728924 -0
    outer loop
      vertex -54.4123 42.6885 0
      vertex -54.6869 42.9464 3
      vertex -54.4123 42.6885 3
    endloop
  endfacet
  facet normal 0.684594 0.728924 0
    outer loop
      vertex -54.6869 42.9464 3
      vertex -54.4123 42.6885 0
      vertex -54.6869 42.9464 0
    endloop
  endfacet
  facet normal 0.844415 0.53569 0
    outer loop
      vertex -54.9271 43.2366 3
      vertex -55.1289 43.5547 0
      vertex -55.1289 43.5547 3
    endloop
  endfacet
  facet normal 0.844415 0.53569 0
    outer loop
      vertex -55.1289 43.5547 0
      vertex -54.9271 43.2366 3
      vertex -54.9271 43.2366 0
    endloop
  endfacet
  facet normal 0.950993 0.309212 0
    outer loop
      vertex -55.2893 43.8956 3
      vertex -55.4058 44.2539 0
      vertex -55.4058 44.2539 3
    endloop
  endfacet
  facet normal 0.950993 0.309212 0
    outer loop
      vertex -55.4058 44.2539 0
      vertex -55.2893 43.8956 3
      vertex -55.2893 43.8956 0
    endloop
  endfacet
  facet normal -0.125309 0.992118 0
    outer loop
      vertex -51.9379 42.0531 0
      vertex -52.3116 42.0059 3
      vertex -51.9379 42.0531 3
    endloop
  endfacet
  facet normal -0.125309 0.992118 0
    outer loop
      vertex -52.3116 42.0059 3
      vertex -51.9379 42.0531 0
      vertex -52.3116 42.0059 0
    endloop
  endfacet
  facet normal -0.481695 0.876339 0
    outer loop
      vertex -50.8925 42.467 0
      vertex -51.2227 42.2855 3
      vertex -50.8925 42.467 3
    endloop
  endfacet
  facet normal -0.481695 0.876339 0
    outer loop
      vertex -51.2227 42.2855 3
      vertex -50.8925 42.467 0
      vertex -51.2227 42.2855 0
    endloop
  endfacet
  facet normal -0.950993 0.309212 0
    outer loop
      vertex -49.7107 43.8956 0
      vertex -49.5942 44.2539 3
      vertex -49.5942 44.2539 0
    endloop
  endfacet
  facet normal -0.950993 0.309212 0
    outer loop
      vertex -49.5942 44.2539 3
      vertex -49.7107 43.8956 0
      vertex -49.7107 43.8956 3
    endloop
  endfacet
  facet normal 0.36823 0.929735 -0
    outer loop
      vertex -53.4271 42.1468 0
      vertex -53.7773 42.2855 3
      vertex -53.4271 42.1468 3
    endloop
  endfacet
  facet normal 0.36823 0.929735 0
    outer loop
      vertex -53.7773 42.2855 3
      vertex -53.4271 42.1468 0
      vertex -53.7773 42.2855 0
    endloop
  endfacet
  facet normal 0.587872 0.808954 -0
    outer loop
      vertex -54.1075 42.467 0
      vertex -54.4123 42.6885 3
      vertex -54.1075 42.467 3
    endloop
  endfacet
  facet normal 0.587872 0.808954 0
    outer loop
      vertex -54.4123 42.6885 3
      vertex -54.1075 42.467 0
      vertex -54.4123 42.6885 0
    endloop
  endfacet
  facet normal 0.24865 0.968593 -0
    outer loop
      vertex -53.0621 42.0531 0
      vertex -53.4271 42.1468 3
      vertex -53.0621 42.0531 3
    endloop
  endfacet
  facet normal 0.24865 0.968593 0
    outer loop
      vertex -53.4271 42.1468 3
      vertex -53.0621 42.0531 0
      vertex -53.4271 42.1468 0
    endloop
  endfacet
  facet normal 0.770349 0.637622 0
    outer loop
      vertex -54.6869 42.9464 3
      vertex -54.9271 43.2366 0
      vertex -54.9271 43.2366 3
    endloop
  endfacet
  facet normal 0.770349 0.637622 0
    outer loop
      vertex -54.9271 43.2366 0
      vertex -54.6869 42.9464 3
      vertex -54.6869 42.9464 0
    endloop
  endfacet
  facet normal 0.904843 0.425746 0
    outer loop
      vertex -55.1289 43.5547 3
      vertex -55.2893 43.8956 0
      vertex -55.2893 43.8956 3
    endloop
  endfacet
  facet normal 0.904843 0.425746 0
    outer loop
      vertex -55.2893 43.8956 0
      vertex -55.1289 43.5547 3
      vertex -55.1289 43.5547 0
    endloop
  endfacet
  facet normal 0.982336 0.187124 0
    outer loop
      vertex -55.4058 44.2539 3
      vertex -55.4763 44.624 0
      vertex -55.4763 44.624 3
    endloop
  endfacet
  facet normal 0.982336 0.187124 0
    outer loop
      vertex -55.4763 44.624 0
      vertex -55.4058 44.2539 3
      vertex -55.4058 44.2539 0
    endloop
  endfacet
  facet normal 0.998019 0.0629071 0
    outer loop
      vertex -55.4763 44.624 3
      vertex -55.5 45 0
      vertex -55.5 45 3
    endloop
  endfacet
  facet normal 0.998019 0.0629071 0
    outer loop
      vertex -55.5 45 0
      vertex -55.4763 44.624 3
      vertex -55.4763 44.624 0
    endloop
  endfacet
  facet normal -0.24865 0.968593 0
    outer loop
      vertex -51.5729 42.1468 0
      vertex -51.9379 42.0531 3
      vertex -51.5729 42.1468 3
    endloop
  endfacet
  facet normal -0.24865 0.968593 0
    outer loop
      vertex -51.9379 42.0531 3
      vertex -51.5729 42.1468 0
      vertex -51.9379 42.0531 0
    endloop
  endfacet
  facet normal 0.481695 0.876339 -0
    outer loop
      vertex -53.7773 42.2855 0
      vertex -54.1075 42.467 3
      vertex -53.7773 42.2855 3
    endloop
  endfacet
  facet normal 0.481695 0.876339 0
    outer loop
      vertex -54.1075 42.467 3
      vertex -53.7773 42.2855 0
      vertex -54.1075 42.467 0
    endloop
  endfacet
  facet normal 0.125309 0.992118 -0
    outer loop
      vertex -52.6884 42.0059 0
      vertex -53.0621 42.0531 3
      vertex -52.6884 42.0059 3
    endloop
  endfacet
  facet normal 0.125309 0.992118 0
    outer loop
      vertex -53.0621 42.0531 3
      vertex -52.6884 42.0059 0
      vertex -53.0621 42.0531 0
    endloop
  endfacet
  facet normal -0.998019 -0.0629071 0
    outer loop
      vertex 55.5 -45 0
      vertex 55.4763 -44.624 3
      vertex 55.4763 -44.624 0
    endloop
  endfacet
  facet normal -0.998019 -0.0629071 0
    outer loop
      vertex 55.4763 -44.624 3
      vertex 55.5 -45 0
      vertex 55.5 -45 3
    endloop
  endfacet
  facet normal 0.125309 -0.992118 0
    outer loop
      vertex 51.9379 -42.0531 0
      vertex 52.3116 -42.0059 3
      vertex 51.9379 -42.0531 3
    endloop
  endfacet
  facet normal 0.125309 -0.992118 0
    outer loop
      vertex 52.3116 -42.0059 3
      vertex 51.9379 -42.0531 0
      vertex 52.3116 -42.0059 0
    endloop
  endfacet
  facet normal -0.125309 0.992118 0
    outer loop
      vertex 53.0621 -47.9469 0
      vertex 52.6884 -47.9941 3
      vertex 53.0621 -47.9469 3
    endloop
  endfacet
  facet normal -0.125309 0.992118 0
    outer loop
      vertex 52.6884 -47.9941 3
      vertex 53.0621 -47.9469 0
      vertex 52.6884 -47.9941 0
    endloop
  endfacet
  facet normal -0.770349 0.637622 0
    outer loop
      vertex 54.6869 -47.0536 0
      vertex 54.9271 -46.7634 3
      vertex 54.9271 -46.7634 0
    endloop
  endfacet
  facet normal -0.770349 0.637622 0
    outer loop
      vertex 54.9271 -46.7634 3
      vertex 54.6869 -47.0536 0
      vertex 54.6869 -47.0536 3
    endloop
  endfacet
  facet normal -0.684594 -0.728924 0
    outer loop
      vertex 54.4123 -42.6885 0
      vertex 54.6869 -42.9464 3
      vertex 54.4123 -42.6885 3
    endloop
  endfacet
  facet normal -0.684594 -0.728924 -0
    outer loop
      vertex 54.6869 -42.9464 3
      vertex 54.4123 -42.6885 0
      vertex 54.6869 -42.9464 0
    endloop
  endfacet
  facet normal 0.770349 -0.637622 0
    outer loop
      vertex 50.0729 -43.2366 3
      vertex 50.3131 -42.9464 0
      vertex 50.3131 -42.9464 3
    endloop
  endfacet
  facet normal 0.770349 -0.637622 0
    outer loop
      vertex 50.3131 -42.9464 0
      vertex 50.0729 -43.2366 3
      vertex 50.0729 -43.2366 0
    endloop
  endfacet
  facet normal 0.481695 -0.876339 0
    outer loop
      vertex 50.8925 -42.467 0
      vertex 51.2227 -42.2855 3
      vertex 50.8925 -42.467 3
    endloop
  endfacet
  facet normal 0.481695 -0.876339 0
    outer loop
      vertex 51.2227 -42.2855 3
      vertex 50.8925 -42.467 0
      vertex 51.2227 -42.2855 0
    endloop
  endfacet
  facet normal -0.904843 -0.425746 0
    outer loop
      vertex 55.2893 -43.8956 0
      vertex 55.1289 -43.5547 3
      vertex 55.1289 -43.5547 0
    endloop
  endfacet
  facet normal -0.904843 -0.425746 0
    outer loop
      vertex 55.1289 -43.5547 3
      vertex 55.2893 -43.8956 0
      vertex 55.2893 -43.8956 3
    endloop
  endfacet
  facet normal -0.982336 -0.187124 0
    outer loop
      vertex 55.4763 -44.624 0
      vertex 55.4058 -44.2539 3
      vertex 55.4058 -44.2539 0
    endloop
  endfacet
  facet normal -0.982336 -0.187124 0
    outer loop
      vertex 55.4058 -44.2539 3
      vertex 55.4763 -44.624 0
      vertex 55.4763 -44.624 3
    endloop
  endfacet
  facet normal -0.36823 -0.929735 0
    outer loop
      vertex 53.4271 -42.1468 0
      vertex 53.7773 -42.2855 3
      vertex 53.4271 -42.1468 3
    endloop
  endfacet
  facet normal -0.36823 -0.929735 -0
    outer loop
      vertex 53.7773 -42.2855 3
      vertex 53.4271 -42.1468 0
      vertex 53.7773 -42.2855 0
    endloop
  endfacet
  facet normal -0.587872 -0.808954 0
    outer loop
      vertex 54.1075 -42.467 0
      vertex 54.4123 -42.6885 3
      vertex 54.1075 -42.467 3
    endloop
  endfacet
  facet normal -0.587872 -0.808954 -0
    outer loop
      vertex 54.4123 -42.6885 3
      vertex 54.1075 -42.467 0
      vertex 54.4123 -42.6885 0
    endloop
  endfacet
  facet normal 0.904843 -0.425746 0
    outer loop
      vertex 49.7107 -43.8956 3
      vertex 49.8711 -43.5547 0
      vertex 49.8711 -43.5547 3
    endloop
  endfacet
  facet normal 0.904843 -0.425746 0
    outer loop
      vertex 49.8711 -43.5547 0
      vertex 49.7107 -43.8956 3
      vertex 49.7107 -43.8956 0
    endloop
  endfacet
  facet normal 0.844415 -0.53569 0
    outer loop
      vertex 49.8711 -43.5547 3
      vertex 50.0729 -43.2366 0
      vertex 50.0729 -43.2366 3
    endloop
  endfacet
  facet normal 0.844415 -0.53569 0
    outer loop
      vertex 50.0729 -43.2366 0
      vertex 49.8711 -43.5547 3
      vertex 49.8711 -43.5547 0
    endloop
  endfacet
  facet normal 0.587872 -0.808954 0
    outer loop
      vertex 50.5877 -42.6885 0
      vertex 50.8925 -42.467 3
      vertex 50.5877 -42.6885 3
    endloop
  endfacet
  facet normal 0.587872 -0.808954 0
    outer loop
      vertex 50.8925 -42.467 3
      vertex 50.5877 -42.6885 0
      vertex 50.8925 -42.467 0
    endloop
  endfacet
  facet normal 0.24865 -0.968593 0
    outer loop
      vertex 51.5729 -42.1468 0
      vertex 51.9379 -42.0531 3
      vertex 51.5729 -42.1468 3
    endloop
  endfacet
  facet normal 0.24865 -0.968593 0
    outer loop
      vertex 51.9379 -42.0531 3
      vertex 51.5729 -42.1468 0
      vertex 51.9379 -42.0531 0
    endloop
  endfacet
  facet normal -0.24865 0.968593 0
    outer loop
      vertex 53.4271 -47.8532 0
      vertex 53.0621 -47.9469 3
      vertex 53.4271 -47.8532 3
    endloop
  endfacet
  facet normal -0.24865 0.968593 0
    outer loop
      vertex 53.0621 -47.9469 3
      vertex 53.4271 -47.8532 0
      vertex 53.0621 -47.9469 0
    endloop
  endfacet
  facet normal -0.950993 -0.309212 0
    outer loop
      vertex 55.4058 -44.2539 0
      vertex 55.2893 -43.8956 3
      vertex 55.2893 -43.8956 0
    endloop
  endfacet
  facet normal -0.950993 -0.309212 0
    outer loop
      vertex 55.2893 -43.8956 3
      vertex 55.4058 -44.2539 0
      vertex 55.4058 -44.2539 3
    endloop
  endfacet
  facet normal -0.770349 -0.637622 0
    outer loop
      vertex 54.9271 -43.2366 0
      vertex 54.6869 -42.9464 3
      vertex 54.6869 -42.9464 0
    endloop
  endfacet
  facet normal -0.770349 -0.637622 0
    outer loop
      vertex 54.6869 -42.9464 3
      vertex 54.9271 -43.2366 0
      vertex 54.9271 -43.2366 3
    endloop
  endfacet
  facet normal -0.844415 -0.53569 0
    outer loop
      vertex 55.1289 -43.5547 0
      vertex 54.9271 -43.2366 3
      vertex 54.9271 -43.2366 0
    endloop
  endfacet
  facet normal -0.844415 -0.53569 0
    outer loop
      vertex 54.9271 -43.2366 3
      vertex 55.1289 -43.5547 0
      vertex 55.1289 -43.5547 3
    endloop
  endfacet
  facet normal -0.125309 -0.992118 0
    outer loop
      vertex 52.6884 -42.0059 0
      vertex 53.0621 -42.0531 3
      vertex 52.6884 -42.0059 3
    endloop
  endfacet
  facet normal -0.125309 -0.992118 -0
    outer loop
      vertex 53.0621 -42.0531 3
      vertex 52.6884 -42.0059 0
      vertex 53.0621 -42.0531 0
    endloop
  endfacet
  facet normal 0 -1 0
    outer loop
      vertex 52.3116 -42.0059 0
      vertex 52.6884 -42.0059 3
      vertex 52.3116 -42.0059 3
    endloop
  endfacet
  facet normal 0 -1 -0
    outer loop
      vertex 52.6884 -42.0059 3
      vertex 52.3116 -42.0059 0
      vertex 52.6884 -42.0059 0
    endloop
  endfacet
  facet normal -0.481695 -0.876339 0
    outer loop
      vertex 53.7773 -42.2855 0
      vertex 54.1075 -42.467 3
      vertex 53.7773 -42.2855 3
    endloop
  endfacet
  facet normal -0.481695 -0.876339 -0
    outer loop
      vertex 54.1075 -42.467 3
      vertex 53.7773 -42.2855 0
      vertex 54.1075 -42.467 0
    endloop
  endfacet
  facet normal 0.950993 -0.309212 0
    outer loop
      vertex 49.5942 -44.2539 3
      vertex 49.7107 -43.8956 0
      vertex 49.7107 -43.8956 3
    endloop
  endfacet
  facet normal 0.950993 -0.309212 0
    outer loop
      vertex 49.7107 -43.8956 0
      vertex 49.5942 -44.2539 3
      vertex 49.5942 -44.2539 0
    endloop
  endfacet
  facet normal 0.982336 -0.187124 0
    outer loop
      vertex 49.5237 -44.624 3
      vertex 49.5942 -44.2539 0
      vertex 49.5942 -44.2539 3
    endloop
  endfacet
  facet normal 0.982336 -0.187124 0
    outer loop
      vertex 49.5942 -44.2539 0
      vertex 49.5237 -44.624 3
      vertex 49.5237 -44.624 0
    endloop
  endfacet
  facet normal 0.998019 -0.0629071 0
    outer loop
      vertex 49.5 -45 3
      vertex 49.5237 -44.624 0
      vertex 49.5237 -44.624 3
    endloop
  endfacet
  facet normal 0.998019 -0.0629071 0
    outer loop
      vertex 49.5237 -44.624 0
      vertex 49.5 -45 3
      vertex 49.5 -45 0
    endloop
  endfacet
  facet normal 0.998019 0.0629071 0
    outer loop
      vertex 49.5237 -45.376 3
      vertex 49.5 -45 0
      vertex 49.5 -45 3
    endloop
  endfacet
  facet normal 0.998019 0.0629071 0
    outer loop
      vertex 49.5 -45 0
      vertex 49.5237 -45.376 3
      vertex 49.5237 -45.376 0
    endloop
  endfacet
  facet normal 0.684594 -0.728924 0
    outer loop
      vertex 50.3131 -42.9464 0
      vertex 50.5877 -42.6885 3
      vertex 50.3131 -42.9464 3
    endloop
  endfacet
  facet normal 0.684594 -0.728924 0
    outer loop
      vertex 50.5877 -42.6885 3
      vertex 50.3131 -42.9464 0
      vertex 50.5877 -42.6885 0
    endloop
  endfacet
  facet normal 0.36823 -0.929735 0
    outer loop
      vertex 51.2227 -42.2855 0
      vertex 51.5729 -42.1468 3
      vertex 51.2227 -42.2855 3
    endloop
  endfacet
  facet normal 0.36823 -0.929735 0
    outer loop
      vertex 51.5729 -42.1468 3
      vertex 51.2227 -42.2855 0
      vertex 51.5729 -42.1468 0
    endloop
  endfacet
  facet normal -0.998019 0.0629071 0
    outer loop
      vertex 55.4763 -45.376 0
      vertex 55.5 -45 3
      vertex 55.5 -45 0
    endloop
  endfacet
  facet normal -0.998019 0.0629071 0
    outer loop
      vertex 55.5 -45 3
      vertex 55.4763 -45.376 0
      vertex 55.4763 -45.376 3
    endloop
  endfacet
  facet normal -0.844415 0.53569 0
    outer loop
      vertex 54.9271 -46.7634 0
      vertex 55.1289 -46.4453 3
      vertex 55.1289 -46.4453 0
    endloop
  endfacet
  facet normal -0.844415 0.53569 0
    outer loop
      vertex 55.1289 -46.4453 3
      vertex 54.9271 -46.7634 0
      vertex 54.9271 -46.7634 3
    endloop
  endfacet
  facet normal -0.982336 0.187124 0
    outer loop
      vertex 55.4058 -45.7461 0
      vertex 55.4763 -45.376 3
      vertex 55.4763 -45.376 0
    endloop
  endfacet
  facet normal -0.982336 0.187124 0
    outer loop
      vertex 55.4763 -45.376 3
      vertex 55.4058 -45.7461 0
      vertex 55.4058 -45.7461 3
    endloop
  endfacet
  facet normal 0.36823 0.929735 -0
    outer loop
      vertex 51.5729 -47.8532 0
      vertex 51.2227 -47.7145 3
      vertex 51.5729 -47.8532 3
    endloop
  endfacet
  facet normal 0.36823 0.929735 0
    outer loop
      vertex 51.2227 -47.7145 3
      vertex 51.5729 -47.8532 0
      vertex 51.2227 -47.7145 0
    endloop
  endfacet
  facet normal 0.982336 0.187124 0
    outer loop
      vertex 49.5942 -45.7461 3
      vertex 49.5237 -45.376 0
      vertex 49.5237 -45.376 3
    endloop
  endfacet
  facet normal 0.982336 0.187124 0
    outer loop
      vertex 49.5237 -45.376 0
      vertex 49.5942 -45.7461 3
      vertex 49.5942 -45.7461 0
    endloop
  endfacet
  facet normal -0.587872 0.808954 0
    outer loop
      vertex 54.4123 -47.3115 0
      vertex 54.1075 -47.533 3
      vertex 54.4123 -47.3115 3
    endloop
  endfacet
  facet normal -0.587872 0.808954 0
    outer loop
      vertex 54.1075 -47.533 3
      vertex 54.4123 -47.3115 0
      vertex 54.1075 -47.533 0
    endloop
  endfacet
  facet normal -0.481695 0.876339 0
    outer loop
      vertex 54.1075 -47.533 0
      vertex 53.7773 -47.7145 3
      vertex 54.1075 -47.533 3
    endloop
  endfacet
  facet normal -0.481695 0.876339 0
    outer loop
      vertex 53.7773 -47.7145 3
      vertex 54.1075 -47.533 0
      vertex 53.7773 -47.7145 0
    endloop
  endfacet
  facet normal -0.24865 -0.968593 0
    outer loop
      vertex 53.0621 -42.0531 0
      vertex 53.4271 -42.1468 3
      vertex 53.0621 -42.0531 3
    endloop
  endfacet
  facet normal -0.24865 -0.968593 -0
    outer loop
      vertex 53.4271 -42.1468 3
      vertex 53.0621 -42.0531 0
      vertex 53.4271 -42.1468 0
    endloop
  endfacet
  facet normal -0.950993 0.309212 0
    outer loop
      vertex 55.2893 -46.1044 0
      vertex 55.4058 -45.7461 3
      vertex 55.4058 -45.7461 0
    endloop
  endfacet
  facet normal -0.950993 0.309212 0
    outer loop
      vertex 55.4058 -45.7461 3
      vertex 55.2893 -46.1044 0
      vertex 55.2893 -46.1044 3
    endloop
  endfacet
  facet normal -0.904843 0.425746 0
    outer loop
      vertex 55.1289 -46.4453 0
      vertex 55.2893 -46.1044 3
      vertex 55.2893 -46.1044 0
    endloop
  endfacet
  facet normal -0.904843 0.425746 0
    outer loop
      vertex 55.2893 -46.1044 3
      vertex 55.1289 -46.4453 0
      vertex 55.1289 -46.4453 3
    endloop
  endfacet
  facet normal 0.24865 0.968593 -0
    outer loop
      vertex 51.9379 -47.9469 0
      vertex 51.5729 -47.8532 3
      vertex 51.9379 -47.9469 3
    endloop
  endfacet
  facet normal 0.24865 0.968593 0
    outer loop
      vertex 51.5729 -47.8532 3
      vertex 51.9379 -47.9469 0
      vertex 51.5729 -47.8532 0
    endloop
  endfacet
  facet normal 0.587872 0.808954 -0
    outer loop
      vertex 50.8925 -47.533 0
      vertex 50.5877 -47.3115 3
      vertex 50.8925 -47.533 3
    endloop
  endfacet
  facet normal 0.587872 0.808954 0
    outer loop
      vertex 50.5877 -47.3115 3
      vertex 50.8925 -47.533 0
      vertex 50.5877 -47.3115 0
    endloop
  endfacet
  facet normal 0.684594 0.728924 -0
    outer loop
      vertex 50.5877 -47.3115 0
      vertex 50.3131 -47.0536 3
      vertex 50.5877 -47.3115 3
    endloop
  endfacet
  facet normal 0.684594 0.728924 0
    outer loop
      vertex 50.3131 -47.0536 3
      vertex 50.5877 -47.3115 0
      vertex 50.3131 -47.0536 0
    endloop
  endfacet
  facet normal 0.844415 0.53569 0
    outer loop
      vertex 50.0729 -46.7634 3
      vertex 49.8711 -46.4453 0
      vertex 49.8711 -46.4453 3
    endloop
  endfacet
  facet normal 0.844415 0.53569 0
    outer loop
      vertex 49.8711 -46.4453 0
      vertex 50.0729 -46.7634 3
      vertex 50.0729 -46.7634 0
    endloop
  endfacet
  facet normal 0.950993 0.309212 0
    outer loop
      vertex 49.7107 -46.1044 3
      vertex 49.5942 -45.7461 0
      vertex 49.5942 -45.7461 3
    endloop
  endfacet
  facet normal 0.950993 0.309212 0
    outer loop
      vertex 49.5942 -45.7461 0
      vertex 49.7107 -46.1044 3
      vertex 49.7107 -46.1044 0
    endloop
  endfacet
  facet normal 0.904843 0.425746 0
    outer loop
      vertex 49.8711 -46.4453 3
      vertex 49.7107 -46.1044 0
      vertex 49.7107 -46.1044 3
    endloop
  endfacet
  facet normal 0.904843 0.425746 0
    outer loop
      vertex 49.7107 -46.1044 0
      vertex 49.8711 -46.4453 3
      vertex 49.8711 -46.4453 0
    endloop
  endfacet
  facet normal -0.684594 0.728924 0
    outer loop
      vertex 54.6869 -47.0536 0
      vertex 54.4123 -47.3115 3
      vertex 54.6869 -47.0536 3
    endloop
  endfacet
  facet normal -0.684594 0.728924 0
    outer loop
      vertex 54.4123 -47.3115 3
      vertex 54.6869 -47.0536 0
      vertex 54.4123 -47.3115 0
    endloop
  endfacet
  facet normal -0.36823 0.929735 0
    outer loop
      vertex 53.7773 -47.7145 0
      vertex 53.4271 -47.8532 3
      vertex 53.7773 -47.7145 3
    endloop
  endfacet
  facet normal -0.36823 0.929735 0
    outer loop
      vertex 53.4271 -47.8532 3
      vertex 53.7773 -47.7145 0
      vertex 53.4271 -47.8532 0
    endloop
  endfacet
  facet normal 0.481695 0.876339 -0
    outer loop
      vertex 51.2227 -47.7145 0
      vertex 50.8925 -47.533 3
      vertex 51.2227 -47.7145 3
    endloop
  endfacet
  facet normal 0.481695 0.876339 0
    outer loop
      vertex 50.8925 -47.533 3
      vertex 51.2227 -47.7145 0
      vertex 50.8925 -47.533 0
    endloop
  endfacet
  facet normal 0.770349 0.637622 0
    outer loop
      vertex 50.3131 -47.0536 3
      vertex 50.0729 -46.7634 0
      vertex 50.0729 -46.7634 3
    endloop
  endfacet
  facet normal 0.770349 0.637622 0
    outer loop
      vertex 50.0729 -46.7634 0
      vertex 50.3131 -47.0536 3
      vertex 50.3131 -47.0536 0
    endloop
  endfacet
  facet normal 0.125309 0.992118 -0
    outer loop
      vertex 52.3116 -47.9941 0
      vertex 51.9379 -47.9469 3
      vertex 52.3116 -47.9941 3
    endloop
  endfacet
  facet normal 0.125309 0.992118 0
    outer loop
      vertex 51.9379 -47.9469 3
      vertex 52.3116 -47.9941 0
      vertex 51.9379 -47.9469 0
    endloop
  endfacet
  facet normal 0 1 -0
    outer loop
      vertex 52.6884 -47.9941 0
      vertex 52.3116 -47.9941 3
      vertex 52.6884 -47.9941 3
    endloop
  endfacet
  facet normal 0 1 0
    outer loop
      vertex 52.3116 -47.9941 3
      vertex 52.6884 -47.9941 0
      vertex 52.3116 -47.9941 0
    endloop
  endfacet
  facet normal -0.998019 -0.0629071 0
    outer loop
      vertex 55.5 45 0
      vertex 55.4763 45.376 3
      vertex 55.4763 45.376 0
    endloop
  endfacet
  facet normal -0.998019 -0.0629071 0
    outer loop
      vertex 55.4763 45.376 3
      vertex 55.5 45 0
      vertex 55.5 45 3
    endloop
  endfacet
  facet normal 0.125309 -0.992118 0
    outer loop
      vertex 51.9379 47.9469 0
      vertex 52.3116 47.9941 3
      vertex 51.9379 47.9469 3
    endloop
  endfacet
  facet normal 0.125309 -0.992118 0
    outer loop
      vertex 52.3116 47.9941 3
      vertex 51.9379 47.9469 0
      vertex 52.3116 47.9941 0
    endloop
  endfacet
  facet normal -0.125309 0.992118 0
    outer loop
      vertex 53.0621 42.0531 0
      vertex 52.6884 42.0059 3
      vertex 53.0621 42.0531 3
    endloop
  endfacet
  facet normal -0.125309 0.992118 0
    outer loop
      vertex 52.6884 42.0059 3
      vertex 53.0621 42.0531 0
      vertex 52.6884 42.0059 0
    endloop
  endfacet
  facet normal -0.770349 0.637622 0
    outer loop
      vertex 54.6869 42.9464 0
      vertex 54.9271 43.2366 3
      vertex 54.9271 43.2366 0
    endloop
  endfacet
  facet normal -0.770349 0.637622 0
    outer loop
      vertex 54.9271 43.2366 3
      vertex 54.6869 42.9464 0
      vertex 54.6869 42.9464 3
    endloop
  endfacet
  facet normal -0.684594 -0.728924 0
    outer loop
      vertex 54.4123 47.3115 0
      vertex 54.6869 47.0536 3
      vertex 54.4123 47.3115 3
    endloop
  endfacet
  facet normal -0.684594 -0.728924 -0
    outer loop
      vertex 54.6869 47.0536 3
      vertex 54.4123 47.3115 0
      vertex 54.6869 47.0536 0
    endloop
  endfacet
  facet normal 0.770349 -0.637622 0
    outer loop
      vertex 50.0729 46.7634 3
      vertex 50.3131 47.0536 0
      vertex 50.3131 47.0536 3
    endloop
  endfacet
  facet normal 0.770349 -0.637622 0
    outer loop
      vertex 50.3131 47.0536 0
      vertex 50.0729 46.7634 3
      vertex 50.0729 46.7634 0
    endloop
  endfacet
  facet normal 0.481695 -0.876339 0
    outer loop
      vertex 50.8925 47.533 0
      vertex 51.2227 47.7145 3
      vertex 50.8925 47.533 3
    endloop
  endfacet
  facet normal 0.481695 -0.876339 0
    outer loop
      vertex 51.2227 47.7145 3
      vertex 50.8925 47.533 0
      vertex 51.2227 47.7145 0
    endloop
  endfacet
  facet normal -0.904843 -0.425746 0
    outer loop
      vertex 55.2893 46.1044 0
      vertex 55.1289 46.4453 3
      vertex 55.1289 46.4453 0
    endloop
  endfacet
  facet normal -0.904843 -0.425746 0
    outer loop
      vertex 55.1289 46.4453 3
      vertex 55.2893 46.1044 0
      vertex 55.2893 46.1044 3
    endloop
  endfacet
  facet normal -0.982336 -0.187124 0
    outer loop
      vertex 55.4763 45.376 0
      vertex 55.4058 45.7461 3
      vertex 55.4058 45.7461 0
    endloop
  endfacet
  facet normal -0.982336 -0.187124 0
    outer loop
      vertex 55.4058 45.7461 3
      vertex 55.4763 45.376 0
      vertex 55.4763 45.376 3
    endloop
  endfacet
  facet normal -0.36823 -0.929735 0
    outer loop
      vertex 53.4271 47.8532 0
      vertex 53.7773 47.7145 3
      vertex 53.4271 47.8532 3
    endloop
  endfacet
  facet normal -0.36823 -0.929735 -0
    outer loop
      vertex 53.7773 47.7145 3
      vertex 53.4271 47.8532 0
      vertex 53.7773 47.7145 0
    endloop
  endfacet
  facet normal -0.587872 -0.808954 0
    outer loop
      vertex 54.1075 47.533 0
      vertex 54.4123 47.3115 3
      vertex 54.1075 47.533 3
    endloop
  endfacet
  facet normal -0.587872 -0.808954 -0
    outer loop
      vertex 54.4123 47.3115 3
      vertex 54.1075 47.533 0
      vertex 54.4123 47.3115 0
    endloop
  endfacet
  facet normal 0.904843 -0.425746 0
    outer loop
      vertex 49.7107 46.1044 3
      vertex 49.8711 46.4453 0
      vertex 49.8711 46.4453 3
    endloop
  endfacet
  facet normal 0.904843 -0.425746 0
    outer loop
      vertex 49.8711 46.4453 0
      vertex 49.7107 46.1044 3
      vertex 49.7107 46.1044 0
    endloop
  endfacet
  facet normal 0.844415 -0.53569 0
    outer loop
      vertex 49.8711 46.4453 3
      vertex 50.0729 46.7634 0
      vertex 50.0729 46.7634 3
    endloop
  endfacet
  facet normal 0.844415 -0.53569 0
    outer loop
      vertex 50.0729 46.7634 0
      vertex 49.8711 46.4453 3
      vertex 49.8711 46.4453 0
    endloop
  endfacet
  facet normal 0.587872 -0.808954 0
    outer loop
      vertex 50.5877 47.3115 0
      vertex 50.8925 47.533 3
      vertex 50.5877 47.3115 3
    endloop
  endfacet
  facet normal 0.587872 -0.808954 0
    outer loop
      vertex 50.8925 47.533 3
      vertex 50.5877 47.3115 0
      vertex 50.8925 47.533 0
    endloop
  endfacet
  facet normal 0.24865 -0.968593 0
    outer loop
      vertex 51.5729 47.8532 0
      vertex 51.9379 47.9469 3
      vertex 51.5729 47.8532 3
    endloop
  endfacet
  facet normal 0.24865 -0.968593 0
    outer loop
      vertex 51.9379 47.9469 3
      vertex 51.5729 47.8532 0
      vertex 51.9379 47.9469 0
    endloop
  endfacet
  facet normal -0.24865 0.968593 0
    outer loop
      vertex 53.4271 42.1468 0
      vertex 53.0621 42.0531 3
      vertex 53.4271 42.1468 3
    endloop
  endfacet
  facet normal -0.24865 0.968593 0
    outer loop
      vertex 53.0621 42.0531 3
      vertex 53.4271 42.1468 0
      vertex 53.0621 42.0531 0
    endloop
  endfacet
  facet normal -0.950993 -0.309212 0
    outer loop
      vertex 55.4058 45.7461 0
      vertex 55.2893 46.1044 3
      vertex 55.2893 46.1044 0
    endloop
  endfacet
  facet normal -0.950993 -0.309212 0
    outer loop
      vertex 55.2893 46.1044 3
      vertex 55.4058 45.7461 0
      vertex 55.4058 45.7461 3
    endloop
  endfacet
  facet normal -0.770349 -0.637622 0
    outer loop
      vertex 54.9271 46.7634 0
      vertex 54.6869 47.0536 3
      vertex 54.6869 47.0536 0
    endloop
  endfacet
  facet normal -0.770349 -0.637622 0
    outer loop
      vertex 54.6869 47.0536 3
      vertex 54.9271 46.7634 0
      vertex 54.9271 46.7634 3
    endloop
  endfacet
  facet normal -0.844415 -0.53569 0
    outer loop
      vertex 55.1289 46.4453 0
      vertex 54.9271 46.7634 3
      vertex 54.9271 46.7634 0
    endloop
  endfacet
  facet normal -0.844415 -0.53569 0
    outer loop
      vertex 54.9271 46.7634 3
      vertex 55.1289 46.4453 0
      vertex 55.1289 46.4453 3
    endloop
  endfacet
  facet normal -0.125309 -0.992118 0
    outer loop
      vertex 52.6884 47.9941 0
      vertex 53.0621 47.9469 3
      vertex 52.6884 47.9941 3
    endloop
  endfacet
  facet normal -0.125309 -0.992118 -0
    outer loop
      vertex 53.0621 47.9469 3
      vertex 52.6884 47.9941 0
      vertex 53.0621 47.9469 0
    endloop
  endfacet
  facet normal 0 -1 0
    outer loop
      vertex 52.3116 47.9941 0
      vertex 52.6884 47.9941 3
      vertex 52.3116 47.9941 3
    endloop
  endfacet
  facet normal 0 -1 -0
    outer loop
      vertex 52.6884 47.9941 3
      vertex 52.3116 47.9941 0
      vertex 52.6884 47.9941 0
    endloop
  endfacet
  facet normal 0.950993 -0.309212 0
    outer loop
      vertex 49.5942 45.7461 3
      vertex 49.7107 46.1044 0
      vertex 49.7107 46.1044 3
    endloop
  endfacet
  facet normal 0.950993 -0.309212 0
    outer loop
      vertex 49.7107 46.1044 0
      vertex 49.5942 45.7461 3
      vertex 49.5942 45.7461 0
    endloop
  endfacet
  facet normal 0.998019 -0.0629071 0
    outer loop
      vertex 49.5 45 3
      vertex 49.5237 45.376 0
      vertex 49.5237 45.376 3
    endloop
  endfacet
  facet normal 0.998019 -0.0629071 0
    outer loop
      vertex 49.5237 45.376 0
      vertex 49.5 45 3
      vertex 49.5 45 0
    endloop
  endfacet
  facet normal 0.998019 0.0629071 0
    outer loop
      vertex 49.5237 44.624 3
      vertex 49.5 45 0
      vertex 49.5 45 3
    endloop
  endfacet
  facet normal 0.998019 0.0629071 0
    outer loop
      vertex 49.5 45 0
      vertex 49.5237 44.624 3
      vertex 49.5237 44.624 0
    endloop
  endfacet
  facet normal -0.844415 0.53569 0
    outer loop
      vertex 54.9271 43.2366 0
      vertex 55.1289 43.5547 3
      vertex 55.1289 43.5547 0
    endloop
  endfacet
  facet normal -0.844415 0.53569 0
    outer loop
      vertex 55.1289 43.5547 3
      vertex 54.9271 43.2366 0
      vertex 54.9271 43.2366 3
    endloop
  endfacet
  facet normal -0.982336 0.187124 0
    outer loop
      vertex 55.4058 44.2539 0
      vertex 55.4763 44.624 3
      vertex 55.4763 44.624 0
    endloop
  endfacet
  facet normal -0.982336 0.187124 0
    outer loop
      vertex 55.4763 44.624 3
      vertex 55.4058 44.2539 0
      vertex 55.4058 44.2539 3
    endloop
  endfacet
  facet normal -0.587872 0.808954 0
    outer loop
      vertex 54.4123 42.6885 0
      vertex 54.1075 42.467 3
      vertex 54.4123 42.6885 3
    endloop
  endfacet
  facet normal -0.587872 0.808954 0
    outer loop
      vertex 54.1075 42.467 3
      vertex 54.4123 42.6885 0
      vertex 54.1075 42.467 0
    endloop
  endfacet
  facet normal -0.481695 0.876339 0
    outer loop
      vertex 54.1075 42.467 0
      vertex 53.7773 42.2855 3
      vertex 54.1075 42.467 3
    endloop
  endfacet
  facet normal -0.481695 0.876339 0
    outer loop
      vertex 53.7773 42.2855 3
      vertex 54.1075 42.467 0
      vertex 53.7773 42.2855 0
    endloop
  endfacet
  facet normal -0.24865 -0.968593 0
    outer loop
      vertex 53.0621 47.9469 0
      vertex 53.4271 47.8532 3
      vertex 53.0621 47.9469 3
    endloop
  endfacet
  facet normal -0.24865 -0.968593 -0
    outer loop
      vertex 53.4271 47.8532 3
      vertex 53.0621 47.9469 0
      vertex 53.4271 47.8532 0
    endloop
  endfacet
  facet normal -0.481695 -0.876339 0
    outer loop
      vertex 53.7773 47.7145 0
      vertex 54.1075 47.533 3
      vertex 53.7773 47.7145 3
    endloop
  endfacet
  facet normal -0.481695 -0.876339 -0
    outer loop
      vertex 54.1075 47.533 3
      vertex 53.7773 47.7145 0
      vertex 54.1075 47.533 0
    endloop
  endfacet
  facet normal 0.982336 -0.187124 0
    outer loop
      vertex 49.5237 45.376 3
      vertex 49.5942 45.7461 0
      vertex 49.5942 45.7461 3
    endloop
  endfacet
  facet normal 0.982336 -0.187124 0
    outer loop
      vertex 49.5942 45.7461 0
      vertex 49.5237 45.376 3
      vertex 49.5237 45.376 0
    endloop
  endfacet
  facet normal 0.684594 -0.728924 0
    outer loop
      vertex 50.3131 47.0536 0
      vertex 50.5877 47.3115 3
      vertex 50.3131 47.0536 3
    endloop
  endfacet
  facet normal 0.684594 -0.728924 0
    outer loop
      vertex 50.5877 47.3115 3
      vertex 50.3131 47.0536 0
      vertex 50.5877 47.3115 0
    endloop
  endfacet
  facet normal 0.36823 -0.929735 0
    outer loop
      vertex 51.2227 47.7145 0
      vertex 51.5729 47.8532 3
      vertex 51.2227 47.7145 3
    endloop
  endfacet
  facet normal 0.36823 -0.929735 0
    outer loop
      vertex 51.5729 47.8532 3
      vertex 51.2227 47.7145 0
      vertex 51.5729 47.8532 0
    endloop
  endfacet
  facet normal -0.950993 0.309212 0
    outer loop
      vertex 55.2893 43.8956 0
      vertex 55.4058 44.2539 3
      vertex 55.4058 44.2539 0
    endloop
  endfacet
  facet normal -0.950993 0.309212 0
    outer loop
      vertex 55.4058 44.2539 3
      vertex 55.2893 43.8956 0
      vertex 55.2893 43.8956 3
    endloop
  endfacet
  facet normal -0.904843 0.425746 0
    outer loop
      vertex 55.1289 43.5547 0
      vertex 55.2893 43.8956 3
      vertex 55.2893 43.8956 0
    endloop
  endfacet
  facet normal -0.904843 0.425746 0
    outer loop
      vertex 55.2893 43.8956 3
      vertex 55.1289 43.5547 0
      vertex 55.1289 43.5547 3
    endloop
  endfacet
  facet normal -0.998019 0.0629071 0
    outer loop
      vertex 55.4763 44.624 0
      vertex 55.5 45 3
      vertex 55.5 45 0
    endloop
  endfacet
  facet normal -0.998019 0.0629071 0
    outer loop
      vertex 55.5 45 3
      vertex 55.4763 44.624 0
      vertex 55.4763 44.624 3
    endloop
  endfacet
  facet normal 0.36823 0.929735 -0
    outer loop
      vertex 51.5729 42.1468 0
      vertex 51.2227 42.2855 3
      vertex 51.5729 42.1468 3
    endloop
  endfacet
  facet normal 0.36823 0.929735 0
    outer loop
      vertex 51.2227 42.2855 3
      vertex 51.5729 42.1468 0
      vertex 51.2227 42.2855 0
    endloop
  endfacet
  facet normal 0.24865 0.968593 -0
    outer loop
      vertex 51.9379 42.0531 0
      vertex 51.5729 42.1468 3
      vertex 51.9379 42.0531 3
    endloop
  endfacet
  facet normal 0.24865 0.968593 0
    outer loop
      vertex 51.5729 42.1468 3
      vertex 51.9379 42.0531 0
      vertex 51.5729 42.1468 0
    endloop
  endfacet
  facet normal 0.587872 0.808954 -0
    outer loop
      vertex 50.8925 42.467 0
      vertex 50.5877 42.6885 3
      vertex 50.8925 42.467 3
    endloop
  endfacet
  facet normal 0.587872 0.808954 0
    outer loop
      vertex 50.5877 42.6885 3
      vertex 50.8925 42.467 0
      vertex 50.5877 42.6885 0
    endloop
  endfacet
  facet normal 0.684594 0.728924 -0
    outer loop
      vertex 50.5877 42.6885 0
      vertex 50.3131 42.9464 3
      vertex 50.5877 42.6885 3
    endloop
  endfacet
  facet normal 0.684594 0.728924 0
    outer loop
      vertex 50.3131 42.9464 3
      vertex 50.5877 42.6885 0
      vertex 50.3131 42.9464 0
    endloop
  endfacet
  facet normal 0.844415 0.53569 0
    outer loop
      vertex 50.0729 43.2366 3
      vertex 49.8711 43.5547 0
      vertex 49.8711 43.5547 3
    endloop
  endfacet
  facet normal 0.844415 0.53569 0
    outer loop
      vertex 49.8711 43.5547 0
      vertex 50.0729 43.2366 3
      vertex 50.0729 43.2366 0
    endloop
  endfacet
  facet normal 0.982336 0.187124 0
    outer loop
      vertex 49.5942 44.2539 3
      vertex 49.5237 44.624 0
      vertex 49.5237 44.624 3
    endloop
  endfacet
  facet normal 0.982336 0.187124 0
    outer loop
      vertex 49.5237 44.624 0
      vertex 49.5942 44.2539 3
      vertex 49.5942 44.2539 0
    endloop
  endfacet
  facet normal 0.950993 0.309212 0
    outer loop
      vertex 49.7107 43.8956 3
      vertex 49.5942 44.2539 0
      vertex 49.5942 44.2539 3
    endloop
  endfacet
  facet normal 0.950993 0.309212 0
    outer loop
      vertex 49.5942 44.2539 0
      vertex 49.7107 43.8956 3
      vertex 49.7107 43.8956 0
    endloop
  endfacet
  facet normal 0.904843 0.425746 0
    outer loop
      vertex 49.8711 43.5547 3
      vertex 49.7107 43.8956 0
      vertex 49.7107 43.8956 3
    endloop
  endfacet
  facet normal 0.904843 0.425746 0
    outer loop
      vertex 49.7107 43.8956 0
      vertex 49.8711 43.5547 3
      vertex 49.8711 43.5547 0
    endloop
  endfacet
  facet normal -0.684594 0.728924 0
    outer loop
      vertex 54.6869 42.9464 0
      vertex 54.4123 42.6885 3
      vertex 54.6869 42.9464 3
    endloop
  endfacet
  facet normal -0.684594 0.728924 0
    outer loop
      vertex 54.4123 42.6885 3
      vertex 54.6869 42.9464 0
      vertex 54.4123 42.6885 0
    endloop
  endfacet
  facet normal -0.36823 0.929735 0
    outer loop
      vertex 53.7773 42.2855 0
      vertex 53.4271 42.1468 3
      vertex 53.7773 42.2855 3
    endloop
  endfacet
  facet normal -0.36823 0.929735 0
    outer loop
      vertex 53.4271 42.1468 3
      vertex 53.7773 42.2855 0
      vertex 53.4271 42.1468 0
    endloop
  endfacet
  facet normal 0 1 -0
    outer loop
      vertex 52.6884 42.0059 0
      vertex 52.3116 42.0059 3
      vertex 52.6884 42.0059 3
    endloop
  endfacet
  facet normal 0 1 0
    outer loop
      vertex 52.3116 42.0059 3
      vertex 52.6884 42.0059 0
      vertex 52.3116 42.0059 0
    endloop
  endfacet
  facet normal 0.481695 0.876339 -0
    outer loop
      vertex 51.2227 42.2855 0
      vertex 50.8925 42.467 3
      vertex 51.2227 42.2855 3
    endloop
  endfacet
  facet normal 0.481695 0.876339 0
    outer loop
      vertex 50.8925 42.467 3
      vertex 51.2227 42.2855 0
      vertex 50.8925 42.467 0
    endloop
  endfacet
  facet normal 0.770349 0.637622 0
    outer loop
      vertex 50.3131 42.9464 3
      vertex 50.0729 43.2366 0
      vertex 50.0729 43.2366 3
    endloop
  endfacet
  facet normal 0.770349 0.637622 0
    outer loop
      vertex 50.0729 43.2366 0
      vertex 50.3131 42.9464 3
      vertex 50.3131 42.9464 0
    endloop
  endfacet
  facet normal 0.125309 0.992118 -0
    outer loop
      vertex 52.3116 42.0059 0
      vertex 51.9379 42.0531 3
      vertex 52.3116 42.0059 3
    endloop
  endfacet
  facet normal 0.125309 0.992118 0
    outer loop
      vertex 51.9379 42.0531 3
      vertex 52.3116 42.0059 0
      vertex 51.9379 42.0531 0
    endloop
  endfacet
  facet normal 0 1 -0
    outer loop
      vertex 54.814 51.9901 0
      vertex -54.814 51.9901 3
      vertex 54.814 51.9901 3
    endloop
  endfacet
  facet normal 0 1 0
    outer loop
      vertex -54.814 51.9901 3
      vertex 54.814 51.9901 0
      vertex -54.814 51.9901 0
    endloop
  endfacet
  facet normal -0.982276 0.187441 0
    outer loop
      vertex -59.4606 47.6267 0
      vertex -59.3429 48.2435 3
      vertex -59.3429 48.2435 0
    endloop
  endfacet
  facet normal -0.982276 0.187441 0
    outer loop
      vertex -59.3429 48.2435 3
      vertex -59.4606 47.6267 0
      vertex -59.4606 47.6267 3
    endloop
  endfacet
  facet normal -1 0 0
    outer loop
      vertex -59.5 -47 0
      vertex -59.5 47 3
      vertex -59.5 47 0
    endloop
  endfacet
  facet normal -1 -0 0
    outer loop
      vertex -59.5 47 3
      vertex -59.5 -47 0
      vertex -59.5 -47 3
    endloop
  endfacet
  facet normal -0.99803 0.0627451 0
    outer loop
      vertex -59.5 47 0
      vertex -59.4606 47.6267 3
      vertex -59.4606 47.6267 0
    endloop
  endfacet
  facet normal -0.99803 0.0627451 0
    outer loop
      vertex -59.4606 47.6267 3
      vertex -59.5 47 0
      vertex -59.5 47 3
    endloop
  endfacet
  facet normal -0.684624 0.728896 0
    outer loop
      vertex -57.6871 50.8526 0
      vertex -58.1448 50.4227 3
      vertex -57.6871 50.8526 3
    endloop
  endfacet
  facet normal -0.684624 0.728896 0
    outer loop
      vertex -58.1448 50.4227 3
      vertex -57.6871 50.8526 0
      vertex -58.1448 50.4227 0
    endloop
  endfacet
  facet normal -0.770462 -0.637486 0
    outer loop
      vertex -58.1448 -50.4227 0
      vertex -58.5451 -49.9389 3
      vertex -58.5451 -49.9389 0
    endloop
  endfacet
  facet normal -0.770462 -0.637486 0
    outer loop
      vertex -58.5451 -49.9389 3
      vertex -58.1448 -50.4227 0
      vertex -58.1448 -50.4227 3
    endloop
  endfacet
  facet normal 0 0 1
    outer loop
      vertex 49.8711 43.5547 3
      vertex -49.8711 43.5547 3
      vertex 50.0729 43.2366 3
    endloop
  endfacet
  facet normal 0 0 1
    outer loop
      vertex 50.3131 -42.9464 3
      vertex -49.5237 -44.624 3
      vertex -49.5 -45 3
    endloop
  endfacet
  facet normal 0 0 1
    outer loop
      vertex -50.0729 43.2366 3
      vertex 50.0729 43.2366 3
      vertex -49.8711 43.5547 3
    endloop
  endfacet
  facet normal 0 0 1
    outer loop
      vertex 50.3131 -42.9464 3
      vertex -49.5942 -44.2539 3
      vertex -49.5237 -44.624 3
    endloop
  endfacet
  facet normal 0 0 1
    outer loop
      vertex 50.0729 43.2366 3
      vertex -50.0729 43.2366 3
      vertex 50.3131 42.9464 3
    endloop
  endfacet
  facet normal 0 0 1
    outer loop
      vertex 50.3131 -42.9464 3
      vertex -49.7107 -43.8956 3
      vertex -49.5942 -44.2539 3
    endloop
  endfacet
  facet normal 0 0 1
    outer loop
      vertex -50.3131 42.9464 3
      vertex 50.3131 42.9464 3
      vertex -50.0729 43.2366 3
    endloop
  endfacet
  facet normal 0 0 1
    outer loop
      vertex 50.3131 -42.9464 3
      vertex -49.8711 -43.5547 3
      vertex -49.7107 -43.8956 3
    endloop
  endfacet
  facet normal 0 0 1
    outer loop
      vertex 50.3131 42.9464 3
      vertex -50.3131 42.9464 3
      vertex 50.3131 -42.9464 3
    endloop
  endfacet
  facet normal 0 0 1
    outer loop
      vertex 50.3131 -42.9464 3
      vertex -50.0729 -43.2366 3
      vertex -49.8711 -43.5547 3
    endloop
  endfacet
  facet normal 0 0 1
    outer loop
      vertex -50.3131 -42.9464 3
      vertex 50.3131 -42.9464 3
      vertex -50.3131 42.9464 3
    endloop
  endfacet
  facet normal 0 0 1
    outer loop
      vertex 50.3131 -42.9464 3
      vertex -50.3131 -42.9464 3
      vertex -50.0729 -43.2366 3
    endloop
  endfacet
  facet normal -0 0 1
    outer loop
      vertex -50.5877 42.6885 3
      vertex -50.3131 -42.9464 3
      vertex -50.3131 42.9464 3
    endloop
  endfacet
  facet normal 0 0 1
    outer loop
      vertex -50.5877 42.6885 3
      vertex -50.5877 -42.6885 3
      vertex -50.3131 -42.9464 3
    endloop
  endfacet
  facet normal -0 0 1
    outer loop
      vertex -50.8925 42.467 3
      vertex -50.5877 -42.6885 3
      vertex -50.5877 42.6885 3
    endloop
  endfacet
  facet normal 0 0 1
    outer loop
      vertex -50.8925 42.467 3
      vertex -50.8925 -42.467 3
      vertex -50.5877 -42.6885 3
    endloop
  endfacet
  facet normal -0 0 1
    outer loop
      vertex -51.2227 42.2855 3
      vertex -50.8925 -42.467 3
      vertex -50.8925 42.467 3
    endloop
  endfacet
  facet normal 0 0 1
    outer loop
      vertex -51.2227 42.2855 3
      vertex -51.2227 -42.2855 3
      vertex -50.8925 -42.467 3
    endloop
  endfacet
  facet normal -0 0 1
    outer loop
      vertex -51.5729 42.1468 3
      vertex -51.2227 -42.2855 3
      vertex -51.2227 42.2855 3
    endloop
  endfacet
  facet normal 0 0 1
    outer loop
      vertex -51.5729 42.1468 3
      vertex -51.5729 -42.1468 3
      vertex -51.2227 -42.2855 3
    endloop
  endfacet
  facet normal -0 0 1
    outer loop
      vertex -51.9379 42.0531 3
      vertex -51.5729 -42.1468 3
      vertex -51.5729 42.1468 3
    endloop
  endfacet
  facet normal 0 0 1
    outer loop
      vertex -51.9379 42.0531 3
      vertex -51.9379 -42.0531 3
      vertex -51.5729 -42.1468 3
    endloop
  endfacet
  facet normal -0 0 1
    outer loop
      vertex -52.3116 42.0059 3
      vertex -51.9379 -42.0531 3
      vertex -51.9379 42.0531 3
    endloop
  endfacet
  facet normal 0 0 1
    outer loop
      vertex -52.3116 42.0059 3
      vertex -52.3116 -42.0059 3
      vertex -51.9379 -42.0531 3
    endloop
  endfacet
  facet normal -0 0 1
    outer loop
      vertex -52.6884 42.0059 3
      vertex -52.3116 -42.0059 3
      vertex -52.3116 42.0059 3
    endloop
  endfacet
  facet normal 0 0 1
    outer loop
      vertex -52.6884 42.0059 3
      vertex -52.6884 -42.0059 3
      vertex -52.3116 -42.0059 3
    endloop
  endfacet
  facet normal 0 0 1
    outer loop
      vertex -53.0621 42.0531 3
      vertex -52.6884 -42.0059 3
      vertex -52.6884 42.0059 3
    endloop
  endfacet
  facet normal 0 0 1
    outer loop
      vertex -53.0621 42.0531 3
      vertex -53.0621 -42.0531 3
      vertex -52.6884 -42.0059 3
    endloop
  endfacet
  facet normal 0 0 1
    outer loop
      vertex -53.4271 42.1468 3
      vertex -53.0621 -42.0531 3
      vertex -53.0621 42.0531 3
    endloop
  endfacet
  facet normal 0 0 1
    outer loop
      vertex -53.4271 42.1468 3
      vertex -53.4271 -42.1468 3
      vertex -53.0621 -42.0531 3
    endloop
  endfacet
  facet normal 0 0 1
    outer loop
      vertex -53.7773 42.2855 3
      vertex -53.4271 -42.1468 3
      vertex -53.4271 42.1468 3
    endloop
  endfacet
  facet normal 0 0 1
    outer loop
      vertex -53.7773 42.2855 3
      vertex -53.7773 -42.2855 3
      vertex -53.4271 -42.1468 3
    endloop
  endfacet
  facet normal 0 0 1
    outer loop
      vertex -54.1075 42.467 3
      vertex -53.7773 -42.2855 3
      vertex -53.7773 42.2855 3
    endloop
  endfacet
  facet normal 0 0 1
    outer loop
      vertex -54.1075 42.467 3
      vertex -54.1075 -42.467 3
      vertex -53.7773 -42.2855 3
    endloop
  endfacet
  facet normal 0 0 1
    outer loop
      vertex -54.4123 42.6885 3
      vertex -54.1075 -42.467 3
      vertex -54.1075 42.467 3
    endloop
  endfacet
  facet normal 0 0 1
    outer loop
      vertex -54.4123 42.6885 3
      vertex -54.4123 -42.6885 3
      vertex -54.1075 -42.467 3
    endloop
  endfacet
  facet normal 0 0 1
    outer loop
      vertex -54.6869 42.9464 3
      vertex -54.4123 -42.6885 3
      vertex -54.4123 42.6885 3
    endloop
  endfacet
  facet normal 0 0 1
    outer loop
      vertex -54.6869 42.9464 3
      vertex -54.6869 -42.9464 3
      vertex -54.4123 -42.6885 3
    endloop
  endfacet
  facet normal 0 0 1
    outer loop
      vertex -59.5 47 3
      vertex -54.6869 42.9464 3
      vertex -54.9271 43.2366 3
    endloop
  endfacet
  facet normal 0 0 1
    outer loop
      vertex -54.6869 42.9464 3
      vertex -59.5 47 3
      vertex -54.6869 -42.9464 3
    endloop
  endfacet
  facet normal 0 0 1
    outer loop
      vertex -59.5 47 3
      vertex -54.9271 43.2366 3
      vertex -55.1289 43.5547 3
    endloop
  endfacet
  facet normal 0 0 1
    outer loop
      vertex -59.5 -47 3
      vertex -54.6869 -42.9464 3
      vertex -59.5 47 3
    endloop
  endfacet
  facet normal 0 0 1
    outer loop
      vertex -59.5 47 3
      vertex -55.1289 43.5547 3
      vertex -55.2893 43.8956 3
    endloop
  endfacet
  facet normal 0 0 1
    outer loop
      vertex -54.6869 -42.9464 3
      vertex -59.5 -47 3
      vertex -54.9271 -43.2366 3
    endloop
  endfacet
  facet normal 0 0 1
    outer loop
      vertex -59.5 47 3
      vertex -55.2893 43.8956 3
      vertex -55.4058 44.2539 3
    endloop
  endfacet
  facet normal 0 0 1
    outer loop
      vertex -54.9271 -43.2366 3
      vertex -59.5 -47 3
      vertex -55.1289 -43.5547 3
    endloop
  endfacet
  facet normal 0 0 1
    outer loop
      vertex -59.5 47 3
      vertex -55.4058 44.2539 3
      vertex -55.4763 44.624 3
    endloop
  endfacet
  facet normal 0 0 1
    outer loop
      vertex -55.1289 -43.5547 3
      vertex -59.5 -47 3
      vertex -55.2893 -43.8956 3
    endloop
  endfacet
  facet normal 0 0 1
    outer loop
      vertex -59.5 47 3
      vertex -55.4763 44.624 3
      vertex -55.5 45 3
    endloop
  endfacet
  facet normal 0 0 1
    outer loop
      vertex -55.2893 -43.8956 3
      vertex -59.5 -47 3
      vertex -55.4058 -44.2539 3
    endloop
  endfacet
  facet normal 0 0 1
    outer loop
      vertex 55.2893 43.8956 3
      vertex 59.5 47 3
      vertex 55.4058 44.2539 3
    endloop
  endfacet
  facet normal 0 0 1
    outer loop
      vertex 59.5 -47 3
      vertex 55.4763 -44.624 3
      vertex 55.5 -45 3
    endloop
  endfacet
  facet normal 0 0 1
    outer loop
      vertex 55.1289 43.5547 3
      vertex 59.5 47 3
      vertex 55.2893 43.8956 3
    endloop
  endfacet
  facet normal 0 0 1
    outer loop
      vertex 59.5 -47 3
      vertex 55.4058 -44.2539 3
      vertex 55.4763 -44.624 3
    endloop
  endfacet
  facet normal 0 0 1
    outer loop
      vertex 54.9271 43.2366 3
      vertex 59.5 47 3
      vertex 55.1289 43.5547 3
    endloop
  endfacet
  facet normal 0 0 1
    outer loop
      vertex 59.5 -47 3
      vertex 55.2893 -43.8956 3
      vertex 55.4058 -44.2539 3
    endloop
  endfacet
  facet normal 0 0 1
    outer loop
      vertex 54.6869 42.9464 3
      vertex 59.5 47 3
      vertex 54.9271 43.2366 3
    endloop
  endfacet
  facet normal 0 0 1
    outer loop
      vertex 59.5 -47 3
      vertex 55.1289 -43.5547 3
      vertex 55.2893 -43.8956 3
    endloop
  endfacet
  facet normal 0 0 1
    outer loop
      vertex 59.5 47 3
      vertex 54.6869 42.9464 3
      vertex 59.5 -47 3
    endloop
  endfacet
  facet normal 0 0 1
    outer loop
      vertex 59.5 -47 3
      vertex 54.9271 -43.2366 3
      vertex 55.1289 -43.5547 3
    endloop
  endfacet
  facet normal -0 0 1
    outer loop
      vertex 54.6869 -42.9464 3
      vertex 59.5 -47 3
      vertex 54.6869 42.9464 3
    endloop
  endfacet
  facet normal 0 0 1
    outer loop
      vertex 59.5 -47 3
      vertex 54.6869 -42.9464 3
      vertex 54.9271 -43.2366 3
    endloop
  endfacet
  facet normal -0 0 1
    outer loop
      vertex 54.4123 42.6885 3
      vertex 54.6869 -42.9464 3
      vertex 54.6869 42.9464 3
    endloop
  endfacet
  facet normal 0 0 1
    outer loop
      vertex 54.4123 42.6885 3
      vertex 54.4123 -42.6885 3
      vertex 54.6869 -42.9464 3
    endloop
  endfacet
  facet normal -0 0 1
    outer loop
      vertex 54.1075 42.467 3
      vertex 54.4123 -42.6885 3
      vertex 54.4123 42.6885 3
    endloop
  endfacet
  facet normal 0 0 1
    outer loop
      vertex 54.1075 42.467 3
      vertex 54.1075 -42.467 3
      vertex 54.4123 -42.6885 3
    endloop
  endfacet
  facet normal -0 0 1
    outer loop
      vertex 53.7773 42.2855 3
      vertex 54.1075 -42.467 3
      vertex 54.1075 42.467 3
    endloop
  endfacet
  facet normal 0 0 1
    outer loop
      vertex 53.7773 42.2855 3
      vertex 53.7773 -42.2855 3
      vertex 54.1075 -42.467 3
    endloop
  endfacet
  facet normal -0 0 1
    outer loop
      vertex 53.4271 42.1468 3
      vertex 53.7773 -42.2855 3
      vertex 53.7773 42.2855 3
    endloop
  endfacet
  facet normal 0 0 1
    outer loop
      vertex 53.4271 42.1468 3
      vertex 53.4271 -42.1468 3
      vertex 53.7773 -42.2855 3
    endloop
  endfacet
  facet normal -0 0 1
    outer loop
      vertex 53.0621 42.0531 3
      vertex 53.4271 -42.1468 3
      vertex 53.4271 42.1468 3
    endloop
  endfacet
  facet normal 0 0 1
    outer loop
      vertex 53.0621 42.0531 3
      vertex 53.0621 -42.0531 3
      vertex 53.4271 -42.1468 3
    endloop
  endfacet
  facet normal -0 0 1
    outer loop
      vertex 52.6884 42.0059 3
      vertex 53.0621 -42.0531 3
      vertex 53.0621 42.0531 3
    endloop
  endfacet
  facet normal 0 0 1
    outer loop
      vertex 52.6884 42.0059 3
      vertex 52.6884 -42.0059 3
      vertex 53.0621 -42.0531 3
    endloop
  endfacet
  facet normal -0 0 1
    outer loop
      vertex 52.3116 42.0059 3
      vertex 52.6884 -42.0059 3
      vertex 52.6884 42.0059 3
    endloop
  endfacet
  facet normal 0 0 1
    outer loop
      vertex 52.3116 42.0059 3
      vertex 52.3116 -42.0059 3
      vertex 52.6884 -42.0059 3
    endloop
  endfacet
  facet normal 0 0 1
    outer loop
      vertex 51.9379 42.0531 3
      vertex 52.3116 -42.0059 3
      vertex 52.3116 42.0059 3
    endloop
  endfacet
  facet normal 0 0 1
    outer loop
      vertex 51.9379 42.0531 3
      vertex 51.9379 -42.0531 3
      vertex 52.3116 -42.0059 3
    endloop
  endfacet
  facet normal 0 0 1
    outer loop
      vertex 51.5729 42.1468 3
      vertex 51.9379 -42.0531 3
      vertex 51.9379 42.0531 3
    endloop
  endfacet
  facet normal 0 0 1
    outer loop
      vertex 51.5729 42.1468 3
      vertex 51.5729 -42.1468 3
      vertex 51.9379 -42.0531 3
    endloop
  endfacet
  facet normal 0 0 1
    outer loop
      vertex 51.2227 42.2855 3
      vertex 51.5729 -42.1468 3
      vertex 51.5729 42.1468 3
    endloop
  endfacet
  facet normal 0 0 1
    outer loop
      vertex 51.2227 42.2855 3
      vertex 51.2227 -42.2855 3
      vertex 51.5729 -42.1468 3
    endloop
  endfacet
  facet normal 0 0 1
    outer loop
      vertex 50.8925 42.467 3
      vertex 51.2227 -42.2855 3
      vertex 51.2227 42.2855 3
    endloop
  endfacet
  facet normal 0 0 1
    outer loop
      vertex 50.8925 42.467 3
      vertex 50.8925 -42.467 3
      vertex 51.2227 -42.2855 3
    endloop
  endfacet
  facet normal 0 0 1
    outer loop
      vertex 50.5877 42.6885 3
      vertex 50.8925 -42.467 3
      vertex 50.8925 42.467 3
    endloop
  endfacet
  facet normal 0 0 1
    outer loop
      vertex 50.5877 42.6885 3
      vertex 50.5877 -42.6885 3
      vertex 50.8925 -42.467 3
    endloop
  endfacet
  facet normal 0 0 1
    outer loop
      vertex 50.3131 42.9464 3
      vertex 50.5877 -42.6885 3
      vertex 50.5877 42.6885 3
    endloop
  endfacet
  facet normal 0 0 1
    outer loop
      vertex 50.3131 42.9464 3
      vertex 50.3131 -42.9464 3
      vertex 50.5877 -42.6885 3
    endloop
  endfacet
  facet normal 0 0 1
    outer loop
      vertex -49.7107 43.8956 3
      vertex 49.7107 43.8956 3
      vertex -49.5942 44.2539 3
    endloop
  endfacet
  facet normal 0 0 1
    outer loop
      vertex 49.7107 43.8956 3
      vertex -49.7107 43.8956 3
      vertex 49.8711 43.5547 3
    endloop
  endfacet
  facet normal 0 0 1
    outer loop
      vertex 49.5942 44.2539 3
      vertex -49.5942 44.2539 3
      vertex 49.7107 43.8956 3
    endloop
  endfacet
  facet normal 0 0 1
    outer loop
      vertex -49.8711 43.5547 3
      vertex 49.8711 43.5547 3
      vertex -49.7107 43.8956 3
    endloop
  endfacet
  facet normal 0 0 1
    outer loop
      vertex -49.5942 44.2539 3
      vertex 49.5942 44.2539 3
      vertex -49.5237 44.624 3
    endloop
  endfacet
  facet normal 0 0 1
    outer loop
      vertex 50.3131 -42.9464 3
      vertex -49.5 -45 3
      vertex 50.0729 -43.2366 3
    endloop
  endfacet
  facet normal 0 0 1
    outer loop
      vertex 49.5237 44.624 3
      vertex -49.5237 44.624 3
      vertex 49.5942 44.2539 3
    endloop
  endfacet
  facet normal 0 0 1
    outer loop
      vertex 50.0729 -43.2366 3
      vertex -49.5 -45 3
      vertex 49.8711 -43.5547 3
    endloop
  endfacet
  facet normal 0 0 1
    outer loop
      vertex -49.5237 44.624 3
      vertex 49.5237 44.624 3
      vertex -49.5 45 3
    endloop
  endfacet
  facet normal 0 0 1
    outer loop
      vertex 49.8711 -43.5547 3
      vertex -49.5 -45 3
      vertex 49.7107 -43.8956 3
    endloop
  endfacet
  facet normal -0 0 1
    outer loop
      vertex -49.5 45 3
      vertex 49.5237 44.624 3
      vertex 49.5 45 3
    endloop
  endfacet
  facet normal 0 0 1
    outer loop
      vertex 49.7107 -43.8956 3
      vertex -49.5 -45 3
      vertex 49.5942 -44.2539 3
    endloop
  endfacet
  facet normal 0 0 1
    outer loop
      vertex 55.2893 46.1044 3
      vertex 59.5 47 3
      vertex 59.4606 47.6267 3
    endloop
  endfacet
  facet normal 0 0 1
    outer loop
      vertex 55.4763 44.624 3
      vertex 59.5 47 3
      vertex 55.5 45 3
    endloop
  endfacet
  facet normal 0 0 1
    outer loop
      vertex 55.1289 46.4453 3
      vertex 59.4606 47.6267 3
      vertex 59.3429 48.2435 3
    endloop
  endfacet
  facet normal 0 0 1
    outer loop
      vertex 55.4058 44.2539 3
      vertex 59.5 47 3
      vertex 55.4763 44.624 3
    endloop
  endfacet
  facet normal 0 0 1
    outer loop
      vertex 55.1289 46.4453 3
      vertex 59.3429 48.2435 3
      vertex 59.1489 48.8406 3
    endloop
  endfacet
  facet normal -0 0 1
    outer loop
      vertex 55.4763 -45.376 3
      vertex 59.5 -47 3
      vertex 55.5 -45 3
    endloop
  endfacet
  facet normal 0 0 1
    outer loop
      vertex 54.9271 46.7634 3
      vertex 59.1489 48.8406 3
      vertex 58.8815 49.4088 3
    endloop
  endfacet
  facet normal -0 0 1
    outer loop
      vertex 55.4058 -45.7461 3
      vertex 59.5 -47 3
      vertex 55.4763 -45.376 3
    endloop
  endfacet
  facet normal 0 0 1
    outer loop
      vertex 54.9271 46.7634 3
      vertex 58.8815 49.4088 3
      vertex 58.5451 49.9389 3
    endloop
  endfacet
  facet normal -0 0 1
    outer loop
      vertex 55.2893 -46.1044 3
      vertex 59.5 -47 3
      vertex 55.4058 -45.7461 3
    endloop
  endfacet
  facet normal 0 0 1
    outer loop
      vertex 54.6869 47.0536 3
      vertex 58.5451 49.9389 3
      vertex 58.1448 50.4227 3
    endloop
  endfacet
  facet normal 0 0 1
    outer loop
      vertex 59.5 -47 3
      vertex 55.2893 -46.1044 3
      vertex 59.4606 -47.6267 3
    endloop
  endfacet
  facet normal 0 0 1
    outer loop
      vertex 54.6869 47.0536 3
      vertex 58.1448 50.4227 3
      vertex 57.6871 50.8526 3
    endloop
  endfacet
  facet normal -0 0 1
    outer loop
      vertex 55.1289 -46.4453 3
      vertex 59.4606 -47.6267 3
      vertex 55.2893 -46.1044 3
    endloop
  endfacet
  facet normal 0 0 1
    outer loop
      vertex 54.4123 47.3115 3
      vertex 57.6871 50.8526 3
      vertex 57.1791 51.2216 3
    endloop
  endfacet
  facet normal 0 0 1
    outer loop
      vertex 59.4606 -47.6267 3
      vertex 55.1289 -46.4453 3
      vertex 59.3429 -48.2435 3
    endloop
  endfacet
  facet normal 0 0 1
    outer loop
      vertex 54.4123 47.3115 3
      vertex 57.1791 51.2216 3
      vertex 56.6289 51.5241 3
    endloop
  endfacet
  facet normal 0 0 1
    outer loop
      vertex 59.3429 -48.2435 3
      vertex 55.1289 -46.4453 3
      vertex 59.1489 -48.8406 3
    endloop
  endfacet
  facet normal 0 0 1
    outer loop
      vertex 54.1075 47.533 3
      vertex 56.6289 51.5241 3
      vertex 56.0451 51.7553 3
    endloop
  endfacet
  facet normal -0 0 1
    outer loop
      vertex 54.9271 -46.7634 3
      vertex 59.1489 -48.8406 3
      vertex 55.1289 -46.4453 3
    endloop
  endfacet
  facet normal 0 0 1
    outer loop
      vertex 59.1489 -48.8406 3
      vertex 54.9271 -46.7634 3
      vertex 58.8815 -49.4088 3
    endloop
  endfacet
  facet normal 0 0 1
    outer loop
      vertex 59.5 47 3
      vertex 55.4763 45.376 3
      vertex 55.5 45 3
    endloop
  endfacet
  facet normal 0 0 1
    outer loop
      vertex 54.1075 47.533 3
      vertex 56.0451 51.7553 3
      vertex 55.4369 51.9114 3
    endloop
  endfacet
  facet normal 0 0 1
    outer loop
      vertex 59.5 47 3
      vertex 55.4058 45.7461 3
      vertex 55.4763 45.376 3
    endloop
  endfacet
  facet normal 0 0 1
    outer loop
      vertex 59.5 47 3
      vertex 55.2893 46.1044 3
      vertex 55.4058 45.7461 3
    endloop
  endfacet
  facet normal 0 0 1
    outer loop
      vertex 59.4606 47.6267 3
      vertex 55.1289 46.4453 3
      vertex 55.2893 46.1044 3
    endloop
  endfacet
  facet normal 0 0 1
    outer loop
      vertex 59.1489 48.8406 3
      vertex 54.9271 46.7634 3
      vertex 55.1289 46.4453 3
    endloop
  endfacet
  facet normal 0 0 1
    outer loop
      vertex 53.7773 47.7145 3
      vertex 55.4369 51.9114 3
      vertex 54.814 51.9901 3
    endloop
  endfacet
  facet normal 0 0 1
    outer loop
      vertex 58.5451 49.9389 3
      vertex 54.6869 47.0536 3
      vertex 54.9271 46.7634 3
    endloop
  endfacet
  facet normal 0 0 1
    outer loop
      vertex 57.6871 50.8526 3
      vertex 54.4123 47.3115 3
      vertex 54.6869 47.0536 3
    endloop
  endfacet
  facet normal 0 0 1
    outer loop
      vertex 56.6289 51.5241 3
      vertex 54.1075 47.533 3
      vertex 54.4123 47.3115 3
    endloop
  endfacet
  facet normal 0 0 1
    outer loop
      vertex 55.4369 51.9114 3
      vertex 53.7773 47.7145 3
      vertex 54.1075 47.533 3
    endloop
  endfacet
  facet normal 0 0 1
    outer loop
      vertex 54.814 51.9901 3
      vertex 53.4271 47.8532 3
      vertex 53.7773 47.7145 3
    endloop
  endfacet
  facet normal 0 0 1
    outer loop
      vertex 54.814 51.9901 3
      vertex 53.0621 47.9469 3
      vertex 53.4271 47.8532 3
    endloop
  endfacet
  facet normal 0 0 1
    outer loop
      vertex 54.814 51.9901 3
      vertex 52.6884 47.9941 3
      vertex 53.0621 47.9469 3
    endloop
  endfacet
  facet normal 0 0 1
    outer loop
      vertex 54.814 51.9901 3
      vertex 52.3116 47.9941 3
      vertex 52.6884 47.9941 3
    endloop
  endfacet
  facet normal 0 0 1
    outer loop
      vertex 54.814 51.9901 3
      vertex 51.9379 47.9469 3
      vertex 52.3116 47.9941 3
    endloop
  endfacet
  facet normal 0 0 1
    outer loop
      vertex 54.814 51.9901 3
      vertex 51.5729 47.8532 3
      vertex 51.9379 47.9469 3
    endloop
  endfacet
  facet normal 0 0 1
    outer loop
      vertex 54.814 51.9901 3
      vertex 51.2227 47.7145 3
      vertex 51.5729 47.8532 3
    endloop
  endfacet
  facet normal 0 0 1
    outer loop
      vertex 54.814 51.9901 3
      vertex 50.8925 47.533 3
      vertex 51.2227 47.7145 3
    endloop
  endfacet
  facet normal 0 0 1
    outer loop
      vertex 54.814 51.9901 3
      vertex 50.5877 47.3115 3
      vertex 50.8925 47.533 3
    endloop
  endfacet
  facet normal 0 0 1
    outer loop
      vertex 54.814 51.9901 3
      vertex 50.3131 47.0536 3
      vertex 50.5877 47.3115 3
    endloop
  endfacet
  facet normal 0 0 1
    outer loop
      vertex 49.5942 -44.2539 3
      vertex -49.5 -45 3
      vertex 49.5237 -44.624 3
    endloop
  endfacet
  facet normal 0 0 1
    outer loop
      vertex 49.5237 45.376 3
      vertex -49.5 45 3
      vertex 49.5 45 3
    endloop
  endfacet
  facet normal 0 0 1
    outer loop
      vertex -49.5237 45.376 3
      vertex 49.5237 45.376 3
      vertex 49.5942 45.7461 3
    endloop
  endfacet
  facet normal 0 0 1
    outer loop
      vertex -49.5942 45.7461 3
      vertex 49.5942 45.7461 3
      vertex 49.7107 46.1044 3
    endloop
  endfacet
  facet normal 0 0 1
    outer loop
      vertex -49.7107 46.1044 3
      vertex 49.7107 46.1044 3
      vertex 49.8711 46.4453 3
    endloop
  endfacet
  facet normal 0 0 1
    outer loop
      vertex -49.8711 46.4453 3
      vertex 49.8711 46.4453 3
      vertex 50.0729 46.7634 3
    endloop
  endfacet
  facet normal 0 0 1
    outer loop
      vertex -50.0729 46.7634 3
      vertex 50.0729 46.7634 3
      vertex 50.3131 47.0536 3
    endloop
  endfacet
  facet normal 0 0 1
    outer loop
      vertex -50.3131 47.0536 3
      vertex 50.3131 47.0536 3
      vertex 54.814 51.9901 3
    endloop
  endfacet
  facet normal 0 0 1
    outer loop
      vertex 49.5237 45.376 3
      vertex -49.5237 45.376 3
      vertex -49.5 45 3
    endloop
  endfacet
  facet normal 0 0 1
    outer loop
      vertex 49.5942 45.7461 3
      vertex -49.5942 45.7461 3
      vertex -49.5237 45.376 3
    endloop
  endfacet
  facet normal 0 0 1
    outer loop
      vertex 49.7107 46.1044 3
      vertex -49.7107 46.1044 3
      vertex -49.5942 45.7461 3
    endloop
  endfacet
  facet normal 0 0 1
    outer loop
      vertex 49.8711 46.4453 3
      vertex -49.8711 46.4453 3
      vertex -49.7107 46.1044 3
    endloop
  endfacet
  facet normal 0 0 1
    outer loop
      vertex 50.0729 46.7634 3
      vertex -50.0729 46.7634 3
      vertex -49.8711 46.4453 3
    endloop
  endfacet
  facet normal 0 0 1
    outer loop
      vertex 50.3131 47.0536 3
      vertex -50.3131 47.0536 3
      vertex -50.0729 46.7634 3
    endloop
  endfacet
  facet normal -0 0 1
    outer loop
      vertex -54.814 51.9901 3
      vertex -50.3131 47.0536 3
      vertex 54.814 51.9901 3
    endloop
  endfacet
  facet normal 0 0 1
    outer loop
      vertex -50.3131 47.0536 3
      vertex -54.814 51.9901 3
      vertex -50.5877 47.3115 3
    endloop
  endfacet
  facet normal 0 0 1
    outer loop
      vertex -50.5877 47.3115 3
      vertex -54.814 51.9901 3
      vertex -50.8925 47.533 3
    endloop
  endfacet
  facet normal 0 0 1
    outer loop
      vertex -50.8925 47.533 3
      vertex -54.814 51.9901 3
      vertex -51.2227 47.7145 3
    endloop
  endfacet
  facet normal 0 0 1
    outer loop
      vertex -51.2227 47.7145 3
      vertex -54.814 51.9901 3
      vertex -51.5729 47.8532 3
    endloop
  endfacet
  facet normal 0 0 1
    outer loop
      vertex -51.5729 47.8532 3
      vertex -54.814 51.9901 3
      vertex -51.9379 47.9469 3
    endloop
  endfacet
  facet normal 0 0 1
    outer loop
      vertex -51.9379 47.9469 3
      vertex -54.814 51.9901 3
      vertex -52.3116 47.9941 3
    endloop
  endfacet
  facet normal 0 0 1
    outer loop
      vertex -52.3116 47.9941 3
      vertex -54.814 51.9901 3
      vertex -52.6884 47.9941 3
    endloop
  endfacet
  facet normal 0 0 1
    outer loop
      vertex -54.814 51.9901 3
      vertex -53.0621 47.9469 3
      vertex -52.6884 47.9941 3
    endloop
  endfacet
  facet normal 0 0 1
    outer loop
      vertex -54.814 51.9901 3
      vertex -53.4271 47.8532 3
      vertex -53.0621 47.9469 3
    endloop
  endfacet
  facet normal 0 0 1
    outer loop
      vertex -54.814 51.9901 3
      vertex -53.7773 47.7145 3
      vertex -53.4271 47.8532 3
    endloop
  endfacet
  facet normal -0 0 1
    outer loop
      vertex -55.4369 51.9114 3
      vertex -53.7773 47.7145 3
      vertex -54.814 51.9901 3
    endloop
  endfacet
  facet normal 0 0 1
    outer loop
      vertex -53.7773 47.7145 3
      vertex -55.4369 51.9114 3
      vertex -54.1075 47.533 3
    endloop
  endfacet
  facet normal -0 0 1
    outer loop
      vertex -56.0451 51.7553 3
      vertex -54.1075 47.533 3
      vertex -55.4369 51.9114 3
    endloop
  endfacet
  facet normal -0 0 1
    outer loop
      vertex -56.6289 51.5241 3
      vertex -54.1075 47.533 3
      vertex -56.0451 51.7553 3
    endloop
  endfacet
  facet normal 0 0 1
    outer loop
      vertex -54.1075 47.533 3
      vertex -56.6289 51.5241 3
      vertex -54.4123 47.3115 3
    endloop
  endfacet
  facet normal -0 0 1
    outer loop
      vertex -57.1791 51.2216 3
      vertex -54.4123 47.3115 3
      vertex -56.6289 51.5241 3
    endloop
  endfacet
  facet normal -0 0 1
    outer loop
      vertex -57.6871 50.8526 3
      vertex -54.4123 47.3115 3
      vertex -57.1791 51.2216 3
    endloop
  endfacet
  facet normal 0 0 1
    outer loop
      vertex -54.4123 47.3115 3
      vertex -57.6871 50.8526 3
      vertex -54.6869 47.0536 3
    endloop
  endfacet
  facet normal -0 0 1
    outer loop
      vertex -58.1448 50.4227 3
      vertex -54.6869 47.0536 3
      vertex -57.6871 50.8526 3
    endloop
  endfacet
  facet normal -0 0 1
    outer loop
      vertex -58.5451 49.9389 3
      vertex -54.6869 47.0536 3
      vertex -58.1448 50.4227 3
    endloop
  endfacet
  facet normal -0 0 1
    outer loop
      vertex -58.8815 49.4088 3
      vertex -54.9271 46.7634 3
      vertex -58.5451 49.9389 3
    endloop
  endfacet
  facet normal 0 0 1
    outer loop
      vertex -54.6869 47.0536 3
      vertex -58.5451 49.9389 3
      vertex -54.9271 46.7634 3
    endloop
  endfacet
  facet normal 0 0 1
    outer loop
      vertex 58.8815 -49.4088 3
      vertex 54.9271 -46.7634 3
      vertex 58.5451 -49.9389 3
    endloop
  endfacet
  facet normal -0 0 1
    outer loop
      vertex 54.6869 -47.0536 3
      vertex 58.5451 -49.9389 3
      vertex 54.9271 -46.7634 3
    endloop
  endfacet
  facet normal 0 0 1
    outer loop
      vertex 58.5451 -49.9389 3
      vertex 54.6869 -47.0536 3
      vertex 58.1448 -50.4227 3
    endloop
  endfacet
  facet normal 0 0 1
    outer loop
      vertex 58.1448 -50.4227 3
      vertex 54.6869 -47.0536 3
      vertex 57.6871 -50.8526 3
    endloop
  endfacet
  facet normal -0 0 1
    outer loop
      vertex 54.4123 -47.3115 3
      vertex 57.6871 -50.8526 3
      vertex 54.6869 -47.0536 3
    endloop
  endfacet
  facet normal 0 0 1
    outer loop
      vertex 57.6871 -50.8526 3
      vertex 54.4123 -47.3115 3
      vertex 57.1791 -51.2216 3
    endloop
  endfacet
  facet normal 0 0 1
    outer loop
      vertex 57.1791 -51.2216 3
      vertex 54.4123 -47.3115 3
      vertex 56.6289 -51.5241 3
    endloop
  endfacet
  facet normal -0 0 1
    outer loop
      vertex 54.1075 -47.533 3
      vertex 56.6289 -51.5241 3
      vertex 54.4123 -47.3115 3
    endloop
  endfacet
  facet normal 0 0 1
    outer loop
      vertex 56.6289 -51.5241 3
      vertex 54.1075 -47.533 3
      vertex 56.0451 -51.7553 3
    endloop
  endfacet
  facet normal 0 0 1
    outer loop
      vertex 56.0451 -51.7553 3
      vertex 54.1075 -47.533 3
      vertex 55.4369 -51.9114 3
    endloop
  endfacet
  facet normal -0 0 1
    outer loop
      vertex 53.7773 -47.7145 3
      vertex 55.4369 -51.9114 3
      vertex 54.1075 -47.533 3
    endloop
  endfacet
  facet normal 0 0 1
    outer loop
      vertex 55.4369 -51.9114 3
      vertex 53.7773 -47.7145 3
      vertex 54.814 -51.9901 3
    endloop
  endfacet
  facet normal -0 0 1
    outer loop
      vertex 53.4271 -47.8532 3
      vertex 54.814 -51.9901 3
      vertex 53.7773 -47.7145 3
    endloop
  endfacet
  facet normal -0 0 1
    outer loop
      vertex 53.0621 -47.9469 3
      vertex 54.814 -51.9901 3
      vertex 53.4271 -47.8532 3
    endloop
  endfacet
  facet normal -0 0 1
    outer loop
      vertex 52.6884 -47.9941 3
      vertex 54.814 -51.9901 3
      vertex 53.0621 -47.9469 3
    endloop
  endfacet
  facet normal -0 0 1
    outer loop
      vertex 52.3116 -47.9941 3
      vertex 54.814 -51.9901 3
      vertex 52.6884 -47.9941 3
    endloop
  endfacet
  facet normal 0 0 1
    outer loop
      vertex 51.9379 -47.9469 3
      vertex 54.814 -51.9901 3
      vertex 52.3116 -47.9941 3
    endloop
  endfacet
  facet normal 0 0 1
    outer loop
      vertex 51.5729 -47.8532 3
      vertex 54.814 -51.9901 3
      vertex 51.9379 -47.9469 3
    endloop
  endfacet
  facet normal 0 0 1
    outer loop
      vertex 51.2227 -47.7145 3
      vertex 54.814 -51.9901 3
      vertex 51.5729 -47.8532 3
    endloop
  endfacet
  facet normal 0 0 1
    outer loop
      vertex 50.8925 -47.533 3
      vertex 54.814 -51.9901 3
      vertex 51.2227 -47.7145 3
    endloop
  endfacet
  facet normal 0 0 1
    outer loop
      vertex 50.5877 -47.3115 3
      vertex 54.814 -51.9901 3
      vertex 50.8925 -47.533 3
    endloop
  endfacet
  facet normal 0 0 1
    outer loop
      vertex 50.3131 -47.0536 3
      vertex 54.814 -51.9901 3
      vertex 50.5877 -47.3115 3
    endloop
  endfacet
  facet normal 0 0 1
    outer loop
      vertex 49.5237 -44.624 3
      vertex -49.5 -45 3
      vertex 49.5 -45 3
    endloop
  endfacet
  facet normal 0 0 1
    outer loop
      vertex 49.5 -45 3
      vertex -49.5 -45 3
      vertex 49.5237 -45.376 3
    endloop
  endfacet
  facet normal 0 0 1
    outer loop
      vertex -49.5237 -45.376 3
      vertex 49.5237 -45.376 3
      vertex -49.5 -45 3
    endloop
  endfacet
  facet normal 0 0 1
    outer loop
      vertex 49.5237 -45.376 3
      vertex -49.5237 -45.376 3
      vertex 49.5942 -45.7461 3
    endloop
  endfacet
  facet normal 0 0 1
    outer loop
      vertex -49.5942 -45.7461 3
      vertex 49.5942 -45.7461 3
      vertex -49.5237 -45.376 3
    endloop
  endfacet
  facet normal 0 0 1
    outer loop
      vertex 49.5942 -45.7461 3
      vertex -49.5942 -45.7461 3
      vertex 49.7107 -46.1044 3
    endloop
  endfacet
  facet normal 0 0 1
    outer loop
      vertex -49.7107 -46.1044 3
      vertex 49.7107 -46.1044 3
      vertex -49.5942 -45.7461 3
    endloop
  endfacet
  facet normal 0 0 1
    outer loop
      vertex 49.7107 -46.1044 3
      vertex -49.7107 -46.1044 3
      vertex 49.8711 -46.4453 3
    endloop
  endfacet
  facet normal 0 0 1
    outer loop
      vertex -49.8711 -46.4453 3
      vertex 49.8711 -46.4453 3
      vertex -49.7107 -46.1044 3
    endloop
  endfacet
  facet normal 0 0 1
    outer loop
      vertex 49.8711 -46.4453 3
      vertex -49.8711 -46.4453 3
      vertex 50.0729 -46.7634 3
    endloop
  endfacet
  facet normal 0 0 1
    outer loop
      vertex -50.0729 -46.7634 3
      vertex 50.0729 -46.7634 3
      vertex -49.8711 -46.4453 3
    endloop
  endfacet
  facet normal 0 0 1
    outer loop
      vertex 50.0729 -46.7634 3
      vertex -50.0729 -46.7634 3
      vertex 50.3131 -47.0536 3
    endloop
  endfacet
  facet normal 0 0 1
    outer loop
      vertex -50.3131 -47.0536 3
      vertex 50.3131 -47.0536 3
      vertex -50.0729 -46.7634 3
    endloop
  endfacet
  facet normal 0 0 1
    outer loop
      vertex 50.3131 -47.0536 3
      vertex -50.3131 -47.0536 3
      vertex 54.814 -51.9901 3
    endloop
  endfacet
  facet normal 0 0 1
    outer loop
      vertex -54.814 -51.9901 3
      vertex -50.3131 -47.0536 3
      vertex -50.5877 -47.3115 3
    endloop
  endfacet
  facet normal 0 0 1
    outer loop
      vertex -54.814 -51.9901 3
      vertex -50.5877 -47.3115 3
      vertex -50.8925 -47.533 3
    endloop
  endfacet
  facet normal 0 0 1
    outer loop
      vertex -54.814 -51.9901 3
      vertex -50.8925 -47.533 3
      vertex -51.2227 -47.7145 3
    endloop
  endfacet
  facet normal 0 0 1
    outer loop
      vertex -54.814 -51.9901 3
      vertex -51.2227 -47.7145 3
      vertex -51.5729 -47.8532 3
    endloop
  endfacet
  facet normal 0 0 1
    outer loop
      vertex -54.814 -51.9901 3
      vertex -51.5729 -47.8532 3
      vertex -51.9379 -47.9469 3
    endloop
  endfacet
  facet normal 0 0 1
    outer loop
      vertex -54.814 -51.9901 3
      vertex -51.9379 -47.9469 3
      vertex -52.3116 -47.9941 3
    endloop
  endfacet
  facet normal 0 0 1
    outer loop
      vertex -54.814 -51.9901 3
      vertex -52.3116 -47.9941 3
      vertex -52.6884 -47.9941 3
    endloop
  endfacet
  facet normal 0 0 1
    outer loop
      vertex -50.3131 -47.0536 3
      vertex -54.814 -51.9901 3
      vertex 54.814 -51.9901 3
    endloop
  endfacet
  facet normal 0 0 1
    outer loop
      vertex -53.0621 -47.9469 3
      vertex -54.814 -51.9901 3
      vertex -52.6884 -47.9941 3
    endloop
  endfacet
  facet normal 0 0 1
    outer loop
      vertex -53.4271 -47.8532 3
      vertex -54.814 -51.9901 3
      vertex -53.0621 -47.9469 3
    endloop
  endfacet
  facet normal 0 0 1
    outer loop
      vertex -53.7773 -47.7145 3
      vertex -54.814 -51.9901 3
      vertex -53.4271 -47.8532 3
    endloop
  endfacet
  facet normal 0 0 1
    outer loop
      vertex -55.4369 -51.9114 3
      vertex -53.7773 -47.7145 3
      vertex -54.1075 -47.533 3
    endloop
  endfacet
  facet normal 0 0 1
    outer loop
      vertex -56.6289 -51.5241 3
      vertex -54.1075 -47.533 3
      vertex -54.4123 -47.3115 3
    endloop
  endfacet
  facet normal 0 0 1
    outer loop
      vertex -57.6871 -50.8526 3
      vertex -54.4123 -47.3115 3
      vertex -54.6869 -47.0536 3
    endloop
  endfacet
  facet normal 0 0 1
    outer loop
      vertex -58.5451 -49.9389 3
      vertex -54.6869 -47.0536 3
      vertex -54.9271 -46.7634 3
    endloop
  endfacet
  facet normal 0 0 1
    outer loop
      vertex -59.1489 -48.8406 3
      vertex -54.9271 -46.7634 3
      vertex -55.1289 -46.4453 3
    endloop
  endfacet
  facet normal 0 0 1
    outer loop
      vertex -59.4606 -47.6267 3
      vertex -55.1289 -46.4453 3
      vertex -55.2893 -46.1044 3
    endloop
  endfacet
  facet normal 0 0 1
    outer loop
      vertex -59.5 -47 3
      vertex -55.2893 -46.1044 3
      vertex -55.4058 -45.7461 3
    endloop
  endfacet
  facet normal 0 0 1
    outer loop
      vertex -53.7773 -47.7145 3
      vertex -55.4369 -51.9114 3
      vertex -54.814 -51.9901 3
    endloop
  endfacet
  facet normal 0 0 1
    outer loop
      vertex -59.5 -47 3
      vertex -55.4058 -45.7461 3
      vertex -55.4763 -45.376 3
    endloop
  endfacet
  facet normal 0 0 1
    outer loop
      vertex -59.5 -47 3
      vertex -55.4763 -45.376 3
      vertex -55.5 -45 3
    endloop
  endfacet
  facet normal 0 0 1
    outer loop
      vertex -54.1075 -47.533 3
      vertex -56.0451 -51.7553 3
      vertex -55.4369 -51.9114 3
    endloop
  endfacet
  facet normal 0 0 1
    outer loop
      vertex -55.4058 -44.2539 3
      vertex -59.5 -47 3
      vertex -55.4763 -44.624 3
    endloop
  endfacet
  facet normal -0 0 1
    outer loop
      vertex -59.1489 48.8406 3
      vertex -54.9271 46.7634 3
      vertex -58.8815 49.4088 3
    endloop
  endfacet
  facet normal 0 0 1
    outer loop
      vertex -55.4763 -44.624 3
      vertex -59.5 -47 3
      vertex -55.5 -45 3
    endloop
  endfacet
  facet normal 0 0 1
    outer loop
      vertex -54.9271 46.7634 3
      vertex -59.1489 48.8406 3
      vertex -55.1289 46.4453 3
    endloop
  endfacet
  facet normal 0 0 1
    outer loop
      vertex -55.2893 -46.1044 3
      vertex -59.5 -47 3
      vertex -59.4606 -47.6267 3
    endloop
  endfacet
  facet normal -0 0 1
    outer loop
      vertex -59.3429 48.2435 3
      vertex -55.1289 46.4453 3
      vertex -59.1489 48.8406 3
    endloop
  endfacet
  facet normal 0 0 1
    outer loop
      vertex -54.1075 -47.533 3
      vertex -56.6289 -51.5241 3
      vertex -56.0451 -51.7553 3
    endloop
  endfacet
  facet normal -0 0 1
    outer loop
      vertex -59.4606 47.6267 3
      vertex -55.1289 46.4453 3
      vertex -59.3429 48.2435 3
    endloop
  endfacet
  facet normal 0 0 1
    outer loop
      vertex -54.4123 -47.3115 3
      vertex -57.1791 -51.2216 3
      vertex -56.6289 -51.5241 3
    endloop
  endfacet
  facet normal 0 0 1
    outer loop
      vertex -55.1289 46.4453 3
      vertex -59.4606 47.6267 3
      vertex -55.2893 46.1044 3
    endloop
  endfacet
  facet normal 0 0 1
    outer loop
      vertex -54.4123 -47.3115 3
      vertex -57.6871 -50.8526 3
      vertex -57.1791 -51.2216 3
    endloop
  endfacet
  facet normal -0 0 1
    outer loop
      vertex -59.5 47 3
      vertex -55.2893 46.1044 3
      vertex -59.4606 47.6267 3
    endloop
  endfacet
  facet normal 0 0 1
    outer loop
      vertex -54.6869 -47.0536 3
      vertex -58.1448 -50.4227 3
      vertex -57.6871 -50.8526 3
    endloop
  endfacet
  facet normal 0 0 1
    outer loop
      vertex -55.2893 46.1044 3
      vertex -59.5 47 3
      vertex -55.4058 45.7461 3
    endloop
  endfacet
  facet normal 0 0 1
    outer loop
      vertex -54.6869 -47.0536 3
      vertex -58.5451 -49.9389 3
      vertex -58.1448 -50.4227 3
    endloop
  endfacet
  facet normal 0 0 1
    outer loop
      vertex -55.4058 45.7461 3
      vertex -59.5 47 3
      vertex -55.4763 45.376 3
    endloop
  endfacet
  facet normal 0 0 1
    outer loop
      vertex -54.9271 -46.7634 3
      vertex -58.8815 -49.4088 3
      vertex -58.5451 -49.9389 3
    endloop
  endfacet
  facet normal 0 0 1
    outer loop
      vertex -55.4763 45.376 3
      vertex -59.5 47 3
      vertex -55.5 45 3
    endloop
  endfacet
  facet normal 0 0 1
    outer loop
      vertex -54.9271 -46.7634 3
      vertex -59.1489 -48.8406 3
      vertex -58.8815 -49.4088 3
    endloop
  endfacet
  facet normal 0 0 1
    outer loop
      vertex -55.1289 -46.4453 3
      vertex -59.3429 -48.2435 3
      vertex -59.1489 -48.8406 3
    endloop
  endfacet
  facet normal 0 0 1
    outer loop
      vertex -55.1289 -46.4453 3
      vertex -59.4606 -47.6267 3
      vertex -59.3429 -48.2435 3
    endloop
  endfacet
  facet normal 0 -1 0
    outer loop
      vertex -54.814 -51.9901 0
      vertex 54.814 -51.9901 3
      vertex -54.814 -51.9901 3
    endloop
  endfacet
  facet normal 0 -1 -0
    outer loop
      vertex 54.814 -51.9901 3
      vertex -54.814 -51.9901 0
      vertex 54.814 -51.9901 0
    endloop
  endfacet
  facet normal -0.125348 -0.992113 0
    outer loop
      vertex -55.4369 -51.9114 0
      vertex -54.814 -51.9901 3
      vertex -55.4369 -51.9114 3
    endloop
  endfacet
  facet normal -0.125348 -0.992113 -0
    outer loop
      vertex -54.814 -51.9901 3
      vertex -55.4369 -51.9114 0
      vertex -54.814 -51.9901 0
    endloop
  endfacet
  facet normal 0.99803 0.0627451 0
    outer loop
      vertex 59.5 47 3
      vertex 59.4606 47.6267 0
      vertex 59.4606 47.6267 3
    endloop
  endfacet
  facet normal 0.99803 0.0627451 0
    outer loop
      vertex 59.4606 47.6267 0
      vertex 59.5 47 3
      vertex 59.5 47 0
    endloop
  endfacet
  facet normal 1 -0 0
    outer loop
      vertex 59.5 -47 3
      vertex 59.5 47 0
      vertex 59.5 47 3
    endloop
  endfacet
  facet normal 1 0 0
    outer loop
      vertex 59.5 47 0
      vertex 59.5 -47 3
      vertex 59.5 -47 0
    endloop
  endfacet
  facet normal -0.368203 0.929745 0
    outer loop
      vertex -56.0451 51.7553 0
      vertex -56.6289 51.5241 3
      vertex -56.0451 51.7553 3
    endloop
  endfacet
  facet normal -0.368203 0.929745 0
    outer loop
      vertex -56.6289 51.5241 3
      vertex -56.0451 51.7553 0
      vertex -56.6289 51.5241 0
    endloop
  endfacet
  facet normal -0.951061 0.309003 0
    outer loop
      vertex -59.3429 48.2435 0
      vertex -59.1489 48.8406 3
      vertex -59.1489 48.8406 0
    endloop
  endfacet
  facet normal -0.951061 0.309003 0
    outer loop
      vertex -59.1489 48.8406 3
      vertex -59.3429 48.2435 0
      vertex -59.3429 48.2435 3
    endloop
  endfacet
  facet normal -0.770462 0.637486 0
    outer loop
      vertex -58.5451 49.9389 0
      vertex -58.1448 50.4227 3
      vertex -58.1448 50.4227 0
    endloop
  endfacet
  facet normal -0.770462 0.637486 0
    outer loop
      vertex -58.1448 50.4227 3
      vertex -58.5451 49.9389 0
      vertex -58.5451 49.9389 3
    endloop
  endfacet
  facet normal -0.904811 0.425812 0
    outer loop
      vertex -59.1489 48.8406 0
      vertex -58.8815 49.4088 3
      vertex -58.8815 49.4088 0
    endloop
  endfacet
  facet normal -0.904811 0.425812 0
    outer loop
      vertex -58.8815 49.4088 3
      vertex -59.1489 48.8406 0
      vertex -59.1489 48.8406 3
    endloop
  endfacet
  facet normal -0.587698 0.80908 0
    outer loop
      vertex -57.1791 51.2216 0
      vertex -57.6871 50.8526 3
      vertex -57.1791 51.2216 3
    endloop
  endfacet
  facet normal -0.587698 0.80908 0
    outer loop
      vertex -57.6871 50.8526 3
      vertex -57.1791 51.2216 0
      vertex -57.6871 50.8526 0
    endloop
  endfacet
  facet normal -0.248601 0.968606 0
    outer loop
      vertex -55.4369 51.9114 0
      vertex -56.0451 51.7553 3
      vertex -55.4369 51.9114 3
    endloop
  endfacet
  facet normal -0.248601 0.968606 0
    outer loop
      vertex -56.0451 51.7553 3
      vertex -55.4369 51.9114 0
      vertex -56.0451 51.7553 0
    endloop
  endfacet
  facet normal -0.982276 -0.187441 0
    outer loop
      vertex -59.3429 -48.2435 0
      vertex -59.4606 -47.6267 3
      vertex -59.4606 -47.6267 0
    endloop
  endfacet
  facet normal -0.982276 -0.187441 0
    outer loop
      vertex -59.4606 -47.6267 3
      vertex -59.3429 -48.2435 0
      vertex -59.3429 -48.2435 3
    endloop
  endfacet
  facet normal 0 0 -1
    outer loop
      vertex 49.8711 -43.5547 0
      vertex -49.8711 -43.5547 0
      vertex 50.0729 -43.2366 0
    endloop
  endfacet
  facet normal 0 0 -1
    outer loop
      vertex 50.3131 42.9464 0
      vertex -49.5237 44.624 0
      vertex -49.5 45 0
    endloop
  endfacet
  facet normal 0 0 -1
    outer loop
      vertex -50.0729 -43.2366 0
      vertex 50.0729 -43.2366 0
      vertex -49.8711 -43.5547 0
    endloop
  endfacet
  facet normal 0 0 -1
    outer loop
      vertex 50.3131 42.9464 0
      vertex -49.5942 44.2539 0
      vertex -49.5237 44.624 0
    endloop
  endfacet
  facet normal 0 0 -1
    outer loop
      vertex 50.0729 -43.2366 0
      vertex -50.0729 -43.2366 0
      vertex 50.3131 -42.9464 0
    endloop
  endfacet
  facet normal 0 0 -1
    outer loop
      vertex 50.3131 42.9464 0
      vertex -49.7107 43.8956 0
      vertex -49.5942 44.2539 0
    endloop
  endfacet
  facet normal 0 0 -1
    outer loop
      vertex -50.3131 -42.9464 0
      vertex 50.3131 -42.9464 0
      vertex -50.0729 -43.2366 0
    endloop
  endfacet
  facet normal 0 0 -1
    outer loop
      vertex 50.3131 42.9464 0
      vertex -49.8711 43.5547 0
      vertex -49.7107 43.8956 0
    endloop
  endfacet
  facet normal 0 0 -1
    outer loop
      vertex 50.3131 -42.9464 0
      vertex -50.3131 -42.9464 0
      vertex 50.3131 42.9464 0
    endloop
  endfacet
  facet normal 0 0 -1
    outer loop
      vertex 50.3131 42.9464 0
      vertex -50.0729 43.2366 0
      vertex -49.8711 43.5547 0
    endloop
  endfacet
  facet normal 0 0 -1
    outer loop
      vertex -50.3131 42.9464 0
      vertex 50.3131 42.9464 0
      vertex -50.3131 -42.9464 0
    endloop
  endfacet
  facet normal 0 0 -1
    outer loop
      vertex 50.3131 42.9464 0
      vertex -50.3131 42.9464 0
      vertex -50.0729 43.2366 0
    endloop
  endfacet
  facet normal 0 0 -1
    outer loop
      vertex -50.5877 -42.6885 0
      vertex -50.3131 42.9464 0
      vertex -50.3131 -42.9464 0
    endloop
  endfacet
  facet normal 0 0 -1
    outer loop
      vertex -50.5877 -42.6885 0
      vertex -50.5877 42.6885 0
      vertex -50.3131 42.9464 0
    endloop
  endfacet
  facet normal 0 0 -1
    outer loop
      vertex -50.8925 -42.467 0
      vertex -50.5877 42.6885 0
      vertex -50.5877 -42.6885 0
    endloop
  endfacet
  facet normal 0 0 -1
    outer loop
      vertex -50.8925 -42.467 0
      vertex -50.8925 42.467 0
      vertex -50.5877 42.6885 0
    endloop
  endfacet
  facet normal 0 0 -1
    outer loop
      vertex -51.2227 -42.2855 0
      vertex -50.8925 42.467 0
      vertex -50.8925 -42.467 0
    endloop
  endfacet
  facet normal 0 0 -1
    outer loop
      vertex -51.2227 -42.2855 0
      vertex -51.2227 42.2855 0
      vertex -50.8925 42.467 0
    endloop
  endfacet
  facet normal 0 0 -1
    outer loop
      vertex -51.5729 -42.1468 0
      vertex -51.2227 42.2855 0
      vertex -51.2227 -42.2855 0
    endloop
  endfacet
  facet normal 0 0 -1
    outer loop
      vertex -51.5729 -42.1468 0
      vertex -51.5729 42.1468 0
      vertex -51.2227 42.2855 0
    endloop
  endfacet
  facet normal 0 0 -1
    outer loop
      vertex -51.9379 -42.0531 0
      vertex -51.5729 42.1468 0
      vertex -51.5729 -42.1468 0
    endloop
  endfacet
  facet normal 0 0 -1
    outer loop
      vertex -51.9379 -42.0531 0
      vertex -51.9379 42.0531 0
      vertex -51.5729 42.1468 0
    endloop
  endfacet
  facet normal 0 0 -1
    outer loop
      vertex -52.3116 -42.0059 0
      vertex -51.9379 42.0531 0
      vertex -51.9379 -42.0531 0
    endloop
  endfacet
  facet normal 0 0 -1
    outer loop
      vertex -52.3116 -42.0059 0
      vertex -52.3116 42.0059 0
      vertex -51.9379 42.0531 0
    endloop
  endfacet
  facet normal 0 0 -1
    outer loop
      vertex -52.6884 -42.0059 0
      vertex -52.3116 42.0059 0
      vertex -52.3116 -42.0059 0
    endloop
  endfacet
  facet normal 0 0 -1
    outer loop
      vertex -52.6884 -42.0059 0
      vertex -52.6884 42.0059 0
      vertex -52.3116 42.0059 0
    endloop
  endfacet
  facet normal 0 0 -1
    outer loop
      vertex -53.0621 -42.0531 0
      vertex -52.6884 42.0059 0
      vertex -52.6884 -42.0059 0
    endloop
  endfacet
  facet normal 0 0 -1
    outer loop
      vertex -53.0621 -42.0531 0
      vertex -53.0621 42.0531 0
      vertex -52.6884 42.0059 0
    endloop
  endfacet
  facet normal 0 0 -1
    outer loop
      vertex -53.4271 -42.1468 0
      vertex -53.0621 42.0531 0
      vertex -53.0621 -42.0531 0
    endloop
  endfacet
  facet normal 0 0 -1
    outer loop
      vertex -53.4271 -42.1468 0
      vertex -53.4271 42.1468 0
      vertex -53.0621 42.0531 0
    endloop
  endfacet
  facet normal 0 0 -1
    outer loop
      vertex -53.7773 -42.2855 0
      vertex -53.4271 42.1468 0
      vertex -53.4271 -42.1468 0
    endloop
  endfacet
  facet normal 0 0 -1
    outer loop
      vertex -53.7773 -42.2855 0
      vertex -53.7773 42.2855 0
      vertex -53.4271 42.1468 0
    endloop
  endfacet
  facet normal 0 0 -1
    outer loop
      vertex -54.1075 -42.467 0
      vertex -53.7773 42.2855 0
      vertex -53.7773 -42.2855 0
    endloop
  endfacet
  facet normal 0 0 -1
    outer loop
      vertex -54.1075 -42.467 0
      vertex -54.1075 42.467 0
      vertex -53.7773 42.2855 0
    endloop
  endfacet
  facet normal 0 0 -1
    outer loop
      vertex -54.4123 -42.6885 0
      vertex -54.1075 42.467 0
      vertex -54.1075 -42.467 0
    endloop
  endfacet
  facet normal 0 0 -1
    outer loop
      vertex -54.4123 -42.6885 0
      vertex -54.4123 42.6885 0
      vertex -54.1075 42.467 0
    endloop
  endfacet
  facet normal 0 0 -1
    outer loop
      vertex -54.6869 -42.9464 0
      vertex -54.4123 42.6885 0
      vertex -54.4123 -42.6885 0
    endloop
  endfacet
  facet normal 0 0 -1
    outer loop
      vertex -54.6869 -42.9464 0
      vertex -54.6869 42.9464 0
      vertex -54.4123 42.6885 0
    endloop
  endfacet
  facet normal 0 0 -1
    outer loop
      vertex -59.5 -47 0
      vertex -54.6869 -42.9464 0
      vertex -54.9271 -43.2366 0
    endloop
  endfacet
  facet normal -0 0 -1
    outer loop
      vertex -54.6869 -42.9464 0
      vertex -59.5 -47 0
      vertex -54.6869 42.9464 0
    endloop
  endfacet
  facet normal 0 0 -1
    outer loop
      vertex -59.5 -47 0
      vertex -54.9271 -43.2366 0
      vertex -55.1289 -43.5547 0
    endloop
  endfacet
  facet normal 0 0 -1
    outer loop
      vertex -59.5 47 0
      vertex -54.6869 42.9464 0
      vertex -59.5 -47 0
    endloop
  endfacet
  facet normal 0 0 -1
    outer loop
      vertex -59.5 -47 0
      vertex -55.1289 -43.5547 0
      vertex -55.2893 -43.8956 0
    endloop
  endfacet
  facet normal 0 0 -1
    outer loop
      vertex -54.6869 42.9464 0
      vertex -59.5 47 0
      vertex -54.9271 43.2366 0
    endloop
  endfacet
  facet normal 0 0 -1
    outer loop
      vertex -59.5 -47 0
      vertex -55.2893 -43.8956 0
      vertex -55.4058 -44.2539 0
    endloop
  endfacet
  facet normal 0 0 -1
    outer loop
      vertex -54.9271 43.2366 0
      vertex -59.5 47 0
      vertex -55.1289 43.5547 0
    endloop
  endfacet
  facet normal 0 0 -1
    outer loop
      vertex -59.5 -47 0
      vertex -55.4058 -44.2539 0
      vertex -55.4763 -44.624 0
    endloop
  endfacet
  facet normal 0 0 -1
    outer loop
      vertex -55.1289 43.5547 0
      vertex -59.5 47 0
      vertex -55.2893 43.8956 0
    endloop
  endfacet
  facet normal 0 0 -1
    outer loop
      vertex -59.5 -47 0
      vertex -55.4763 -44.624 0
      vertex -55.5 -45 0
    endloop
  endfacet
  facet normal 0 0 -1
    outer loop
      vertex -55.2893 43.8956 0
      vertex -59.5 47 0
      vertex -55.4058 44.2539 0
    endloop
  endfacet
  facet normal 0 0 -1
    outer loop
      vertex 55.2893 -43.8956 0
      vertex 59.5 -47 0
      vertex 55.4058 -44.2539 0
    endloop
  endfacet
  facet normal 0 0 -1
    outer loop
      vertex 59.5 47 0
      vertex 55.4763 44.624 0
      vertex 55.5 45 0
    endloop
  endfacet
  facet normal 0 0 -1
    outer loop
      vertex 55.1289 -43.5547 0
      vertex 59.5 -47 0
      vertex 55.2893 -43.8956 0
    endloop
  endfacet
  facet normal 0 0 -1
    outer loop
      vertex 59.5 47 0
      vertex 55.4058 44.2539 0
      vertex 55.4763 44.624 0
    endloop
  endfacet
  facet normal 0 0 -1
    outer loop
      vertex 54.9271 -43.2366 0
      vertex 59.5 -47 0
      vertex 55.1289 -43.5547 0
    endloop
  endfacet
  facet normal 0 0 -1
    outer loop
      vertex 59.5 47 0
      vertex 55.2893 43.8956 0
      vertex 55.4058 44.2539 0
    endloop
  endfacet
  facet normal 0 0 -1
    outer loop
      vertex 54.6869 -42.9464 0
      vertex 59.5 -47 0
      vertex 54.9271 -43.2366 0
    endloop
  endfacet
  facet normal 0 0 -1
    outer loop
      vertex 59.5 47 0
      vertex 55.1289 43.5547 0
      vertex 55.2893 43.8956 0
    endloop
  endfacet
  facet normal 0 0 -1
    outer loop
      vertex 59.5 -47 0
      vertex 54.6869 -42.9464 0
      vertex 59.5 47 0
    endloop
  endfacet
  facet normal 0 0 -1
    outer loop
      vertex 59.5 47 0
      vertex 54.9271 43.2366 0
      vertex 55.1289 43.5547 0
    endloop
  endfacet
  facet normal 0 0 -1
    outer loop
      vertex 54.6869 42.9464 0
      vertex 59.5 47 0
      vertex 54.6869 -42.9464 0
    endloop
  endfacet
  facet normal 0 0 -1
    outer loop
      vertex 59.5 47 0
      vertex 54.6869 42.9464 0
      vertex 54.9271 43.2366 0
    endloop
  endfacet
  facet normal 0 0 -1
    outer loop
      vertex 54.4123 -42.6885 0
      vertex 54.6869 42.9464 0
      vertex 54.6869 -42.9464 0
    endloop
  endfacet
  facet normal 0 0 -1
    outer loop
      vertex 54.4123 -42.6885 0
      vertex 54.4123 42.6885 0
      vertex 54.6869 42.9464 0
    endloop
  endfacet
  facet normal 0 0 -1
    outer loop
      vertex 54.1075 -42.467 0
      vertex 54.4123 42.6885 0
      vertex 54.4123 -42.6885 0
    endloop
  endfacet
  facet normal 0 0 -1
    outer loop
      vertex 54.1075 -42.467 0
      vertex 54.1075 42.467 0
      vertex 54.4123 42.6885 0
    endloop
  endfacet
  facet normal 0 0 -1
    outer loop
      vertex 53.7773 -42.2855 0
      vertex 54.1075 42.467 0
      vertex 54.1075 -42.467 0
    endloop
  endfacet
  facet normal 0 0 -1
    outer loop
      vertex 53.7773 -42.2855 0
      vertex 53.7773 42.2855 0
      vertex 54.1075 42.467 0
    endloop
  endfacet
  facet normal 0 0 -1
    outer loop
      vertex 53.4271 -42.1468 0
      vertex 53.7773 42.2855 0
      vertex 53.7773 -42.2855 0
    endloop
  endfacet
  facet normal 0 0 -1
    outer loop
      vertex 53.4271 -42.1468 0
      vertex 53.4271 42.1468 0
      vertex 53.7773 42.2855 0
    endloop
  endfacet
  facet normal 0 0 -1
    outer loop
      vertex 53.0621 -42.0531 0
      vertex 53.4271 42.1468 0
      vertex 53.4271 -42.1468 0
    endloop
  endfacet
  facet normal 0 0 -1
    outer loop
      vertex 53.0621 -42.0531 0
      vertex 53.0621 42.0531 0
      vertex 53.4271 42.1468 0
    endloop
  endfacet
  facet normal 0 0 -1
    outer loop
      vertex 52.6884 -42.0059 0
      vertex 53.0621 42.0531 0
      vertex 53.0621 -42.0531 0
    endloop
  endfacet
  facet normal 0 0 -1
    outer loop
      vertex 52.6884 -42.0059 0
      vertex 52.6884 42.0059 0
      vertex 53.0621 42.0531 0
    endloop
  endfacet
  facet normal 0 0 -1
    outer loop
      vertex 52.3116 -42.0059 0
      vertex 52.6884 42.0059 0
      vertex 52.6884 -42.0059 0
    endloop
  endfacet
  facet normal 0 0 -1
    outer loop
      vertex 52.3116 -42.0059 0
      vertex 52.3116 42.0059 0
      vertex 52.6884 42.0059 0
    endloop
  endfacet
  facet normal 0 0 -1
    outer loop
      vertex 51.9379 -42.0531 0
      vertex 52.3116 42.0059 0
      vertex 52.3116 -42.0059 0
    endloop
  endfacet
  facet normal 0 0 -1
    outer loop
      vertex 51.9379 -42.0531 0
      vertex 51.9379 42.0531 0
      vertex 52.3116 42.0059 0
    endloop
  endfacet
  facet normal 0 0 -1
    outer loop
      vertex 51.5729 -42.1468 0
      vertex 51.9379 42.0531 0
      vertex 51.9379 -42.0531 0
    endloop
  endfacet
  facet normal 0 0 -1
    outer loop
      vertex 51.5729 -42.1468 0
      vertex 51.5729 42.1468 0
      vertex 51.9379 42.0531 0
    endloop
  endfacet
  facet normal 0 0 -1
    outer loop
      vertex 51.2227 -42.2855 0
      vertex 51.5729 42.1468 0
      vertex 51.5729 -42.1468 0
    endloop
  endfacet
  facet normal 0 0 -1
    outer loop
      vertex 51.2227 -42.2855 0
      vertex 51.2227 42.2855 0
      vertex 51.5729 42.1468 0
    endloop
  endfacet
  facet normal 0 0 -1
    outer loop
      vertex 50.8925 -42.467 0
      vertex 51.2227 42.2855 0
      vertex 51.2227 -42.2855 0
    endloop
  endfacet
  facet normal 0 0 -1
    outer loop
      vertex 50.8925 -42.467 0
      vertex 50.8925 42.467 0
      vertex 51.2227 42.2855 0
    endloop
  endfacet
  facet normal 0 0 -1
    outer loop
      vertex 50.5877 -42.6885 0
      vertex 50.8925 42.467 0
      vertex 50.8925 -42.467 0
    endloop
  endfacet
  facet normal 0 0 -1
    outer loop
      vertex 50.5877 -42.6885 0
      vertex 50.5877 42.6885 0
      vertex 50.8925 42.467 0
    endloop
  endfacet
  facet normal 0 0 -1
    outer loop
      vertex 50.3131 -42.9464 0
      vertex 50.5877 42.6885 0
      vertex 50.5877 -42.6885 0
    endloop
  endfacet
  facet normal 0 0 -1
    outer loop
      vertex 50.3131 -42.9464 0
      vertex 50.3131 42.9464 0
      vertex 50.5877 42.6885 0
    endloop
  endfacet
  facet normal 0 0 -1
    outer loop
      vertex -49.7107 -43.8956 0
      vertex 49.7107 -43.8956 0
      vertex -49.5942 -44.2539 0
    endloop
  endfacet
  facet normal 0 0 -1
    outer loop
      vertex 49.7107 -43.8956 0
      vertex -49.7107 -43.8956 0
      vertex 49.8711 -43.5547 0
    endloop
  endfacet
  facet normal 0 0 -1
    outer loop
      vertex 49.5942 -44.2539 0
      vertex -49.5942 -44.2539 0
      vertex 49.7107 -43.8956 0
    endloop
  endfacet
  facet normal 0 0 -1
    outer loop
      vertex -49.8711 -43.5547 0
      vertex 49.8711 -43.5547 0
      vertex -49.7107 -43.8956 0
    endloop
  endfacet
  facet normal 0 0 -1
    outer loop
      vertex -49.5942 -44.2539 0
      vertex 49.5942 -44.2539 0
      vertex -49.5237 -44.624 0
    endloop
  endfacet
  facet normal 0 0 -1
    outer loop
      vertex 50.3131 42.9464 0
      vertex -49.5 45 0
      vertex 50.0729 43.2366 0
    endloop
  endfacet
  facet normal 0 0 -1
    outer loop
      vertex 49.5237 -44.624 0
      vertex -49.5237 -44.624 0
      vertex 49.5942 -44.2539 0
    endloop
  endfacet
  facet normal 0 0 -1
    outer loop
      vertex 50.0729 43.2366 0
      vertex -49.5 45 0
      vertex 49.8711 43.5547 0
    endloop
  endfacet
  facet normal 0 0 -1
    outer loop
      vertex -49.5237 -44.624 0
      vertex 49.5237 -44.624 0
      vertex -49.5 -45 0
    endloop
  endfacet
  facet normal 0 0 -1
    outer loop
      vertex 49.8711 43.5547 0
      vertex -49.5 45 0
      vertex 49.7107 43.8956 0
    endloop
  endfacet
  facet normal 0 0 -1
    outer loop
      vertex -49.5 -45 0
      vertex 49.5237 -44.624 0
      vertex 49.5 -45 0
    endloop
  endfacet
  facet normal 0 0 -1
    outer loop
      vertex 49.7107 43.8956 0
      vertex -49.5 45 0
      vertex 49.5942 44.2539 0
    endloop
  endfacet
  facet normal 0 0 -1
    outer loop
      vertex 55.2893 -46.1044 0
      vertex 59.5 -47 0
      vertex 59.4606 -47.6267 0
    endloop
  endfacet
  facet normal 0 0 -1
    outer loop
      vertex 55.4763 -44.624 0
      vertex 59.5 -47 0
      vertex 55.5 -45 0
    endloop
  endfacet
  facet normal 0 0 -1
    outer loop
      vertex 55.1289 -46.4453 0
      vertex 59.4606 -47.6267 0
      vertex 59.3429 -48.2435 0
    endloop
  endfacet
  facet normal 0 0 -1
    outer loop
      vertex 55.4058 -44.2539 0
      vertex 59.5 -47 0
      vertex 55.4763 -44.624 0
    endloop
  endfacet
  facet normal 0 0 -1
    outer loop
      vertex 55.1289 -46.4453 0
      vertex 59.3429 -48.2435 0
      vertex 59.1489 -48.8406 0
    endloop
  endfacet
  facet normal 0 0 -1
    outer loop
      vertex 55.4763 45.376 0
      vertex 59.5 47 0
      vertex 55.5 45 0
    endloop
  endfacet
  facet normal 0 0 -1
    outer loop
      vertex 54.9271 -46.7634 0
      vertex 59.1489 -48.8406 0
      vertex 58.8815 -49.4088 0
    endloop
  endfacet
  facet normal 0 0 -1
    outer loop
      vertex 55.4058 45.7461 0
      vertex 59.5 47 0
      vertex 55.4763 45.376 0
    endloop
  endfacet
  facet normal 0 0 -1
    outer loop
      vertex 54.9271 -46.7634 0
      vertex 58.8815 -49.4088 0
      vertex 58.5451 -49.9389 0
    endloop
  endfacet
  facet normal 0 0 -1
    outer loop
      vertex 55.2893 46.1044 0
      vertex 59.5 47 0
      vertex 55.4058 45.7461 0
    endloop
  endfacet
  facet normal 0 0 -1
    outer loop
      vertex 54.6869 -47.0536 0
      vertex 58.5451 -49.9389 0
      vertex 58.1448 -50.4227 0
    endloop
  endfacet
  facet normal -0 0 -1
    outer loop
      vertex 59.5 47 0
      vertex 55.2893 46.1044 0
      vertex 59.4606 47.6267 0
    endloop
  endfacet
  facet normal 0 0 -1
    outer loop
      vertex 54.6869 -47.0536 0
      vertex 58.1448 -50.4227 0
      vertex 57.6871 -50.8526 0
    endloop
  endfacet
  facet normal 0 0 -1
    outer loop
      vertex 55.1289 46.4453 0
      vertex 59.4606 47.6267 0
      vertex 55.2893 46.1044 0
    endloop
  endfacet
  facet normal 0 0 -1
    outer loop
      vertex 54.4123 -47.3115 0
      vertex 57.6871 -50.8526 0
      vertex 57.1791 -51.2216 0
    endloop
  endfacet
  facet normal -0 0 -1
    outer loop
      vertex 59.4606 47.6267 0
      vertex 55.1289 46.4453 0
      vertex 59.3429 48.2435 0
    endloop
  endfacet
  facet normal 0 0 -1
    outer loop
      vertex 54.4123 -47.3115 0
      vertex 57.1791 -51.2216 0
      vertex 56.6289 -51.5241 0
    endloop
  endfacet
  facet normal -0 0 -1
    outer loop
      vertex 59.3429 48.2435 0
      vertex 55.1289 46.4453 0
      vertex 59.1489 48.8406 0
    endloop
  endfacet
  facet normal 0 0 -1
    outer loop
      vertex 54.1075 -47.533 0
      vertex 56.6289 -51.5241 0
      vertex 56.0451 -51.7553 0
    endloop
  endfacet
  facet normal 0 0 -1
    outer loop
      vertex 54.9271 46.7634 0
      vertex 59.1489 48.8406 0
      vertex 55.1289 46.4453 0
    endloop
  endfacet
  facet normal -0 0 -1
    outer loop
      vertex 59.1489 48.8406 0
      vertex 54.9271 46.7634 0
      vertex 58.8815 49.4088 0
    endloop
  endfacet
  facet normal 0 0 -1
    outer loop
      vertex 59.5 -47 0
      vertex 55.4763 -45.376 0
      vertex 55.5 -45 0
    endloop
  endfacet
  facet normal 0 0 -1
    outer loop
      vertex 54.1075 -47.533 0
      vertex 56.0451 -51.7553 0
      vertex 55.4369 -51.9114 0
    endloop
  endfacet
  facet normal 0 0 -1
    outer loop
      vertex 59.5 -47 0
      vertex 55.4058 -45.7461 0
      vertex 55.4763 -45.376 0
    endloop
  endfacet
  facet normal 0 0 -1
    outer loop
      vertex 59.5 -47 0
      vertex 55.2893 -46.1044 0
      vertex 55.4058 -45.7461 0
    endloop
  endfacet
  facet normal 0 0 -1
    outer loop
      vertex 59.4606 -47.6267 0
      vertex 55.1289 -46.4453 0
      vertex 55.2893 -46.1044 0
    endloop
  endfacet
  facet normal 0 0 -1
    outer loop
      vertex 59.1489 -48.8406 0
      vertex 54.9271 -46.7634 0
      vertex 55.1289 -46.4453 0
    endloop
  endfacet
  facet normal 0 0 -1
    outer loop
      vertex 53.7773 -47.7145 0
      vertex 55.4369 -51.9114 0
      vertex 54.814 -51.9901 0
    endloop
  endfacet
  facet normal 0 0 -1
    outer loop
      vertex 58.5451 -49.9389 0
      vertex 54.6869 -47.0536 0
      vertex 54.9271 -46.7634 0
    endloop
  endfacet
  facet normal 0 0 -1
    outer loop
      vertex 57.6871 -50.8526 0
      vertex 54.4123 -47.3115 0
      vertex 54.6869 -47.0536 0
    endloop
  endfacet
  facet normal 0 0 -1
    outer loop
      vertex 56.6289 -51.5241 0
      vertex 54.1075 -47.533 0
      vertex 54.4123 -47.3115 0
    endloop
  endfacet
  facet normal 0 0 -1
    outer loop
      vertex 55.4369 -51.9114 0
      vertex 53.7773 -47.7145 0
      vertex 54.1075 -47.533 0
    endloop
  endfacet
  facet normal 0 0 -1
    outer loop
      vertex 54.814 -51.9901 0
      vertex 53.4271 -47.8532 0
      vertex 53.7773 -47.7145 0
    endloop
  endfacet
  facet normal 0 0 -1
    outer loop
      vertex 54.814 -51.9901 0
      vertex 53.0621 -47.9469 0
      vertex 53.4271 -47.8532 0
    endloop
  endfacet
  facet normal 0 0 -1
    outer loop
      vertex 54.814 -51.9901 0
      vertex 52.6884 -47.9941 0
      vertex 53.0621 -47.9469 0
    endloop
  endfacet
  facet normal 0 0 -1
    outer loop
      vertex 54.814 -51.9901 0
      vertex 52.3116 -47.9941 0
      vertex 52.6884 -47.9941 0
    endloop
  endfacet
  facet normal 0 0 -1
    outer loop
      vertex 54.814 -51.9901 0
      vertex 51.9379 -47.9469 0
      vertex 52.3116 -47.9941 0
    endloop
  endfacet
  facet normal 0 0 -1
    outer loop
      vertex 54.814 -51.9901 0
      vertex 51.5729 -47.8532 0
      vertex 51.9379 -47.9469 0
    endloop
  endfacet
  facet normal 0 0 -1
    outer loop
      vertex 54.814 -51.9901 0
      vertex 51.2227 -47.7145 0
      vertex 51.5729 -47.8532 0
    endloop
  endfacet
  facet normal 0 0 -1
    outer loop
      vertex 54.814 -51.9901 0
      vertex 50.8925 -47.533 0
      vertex 51.2227 -47.7145 0
    endloop
  endfacet
  facet normal 0 0 -1
    outer loop
      vertex 54.814 -51.9901 0
      vertex 50.5877 -47.3115 0
      vertex 50.8925 -47.533 0
    endloop
  endfacet
  facet normal 0 0 -1
    outer loop
      vertex 54.814 -51.9901 0
      vertex 50.3131 -47.0536 0
      vertex 50.5877 -47.3115 0
    endloop
  endfacet
  facet normal 0 0 -1
    outer loop
      vertex 49.5942 44.2539 0
      vertex -49.5 45 0
      vertex 49.5237 44.624 0
    endloop
  endfacet
  facet normal 0 0 -1
    outer loop
      vertex 49.5237 -45.376 0
      vertex -49.5 -45 0
      vertex 49.5 -45 0
    endloop
  endfacet
  facet normal 0 0 -1
    outer loop
      vertex -49.5237 -45.376 0
      vertex 49.5237 -45.376 0
      vertex 49.5942 -45.7461 0
    endloop
  endfacet
  facet normal 0 0 -1
    outer loop
      vertex -49.5942 -45.7461 0
      vertex 49.5942 -45.7461 0
      vertex 49.7107 -46.1044 0
    endloop
  endfacet
  facet normal 0 0 -1
    outer loop
      vertex -49.7107 -46.1044 0
      vertex 49.7107 -46.1044 0
      vertex 49.8711 -46.4453 0
    endloop
  endfacet
  facet normal 0 0 -1
    outer loop
      vertex -49.8711 -46.4453 0
      vertex 49.8711 -46.4453 0
      vertex 50.0729 -46.7634 0
    endloop
  endfacet
  facet normal 0 0 -1
    outer loop
      vertex -50.0729 -46.7634 0
      vertex 50.0729 -46.7634 0
      vertex 50.3131 -47.0536 0
    endloop
  endfacet
  facet normal 0 0 -1
    outer loop
      vertex -50.3131 -47.0536 0
      vertex 50.3131 -47.0536 0
      vertex 54.814 -51.9901 0
    endloop
  endfacet
  facet normal 0 0 -1
    outer loop
      vertex 49.5237 -45.376 0
      vertex -49.5237 -45.376 0
      vertex -49.5 -45 0
    endloop
  endfacet
  facet normal 0 0 -1
    outer loop
      vertex 49.5942 -45.7461 0
      vertex -49.5942 -45.7461 0
      vertex -49.5237 -45.376 0
    endloop
  endfacet
  facet normal 0 0 -1
    outer loop
      vertex 49.7107 -46.1044 0
      vertex -49.7107 -46.1044 0
      vertex -49.5942 -45.7461 0
    endloop
  endfacet
  facet normal 0 0 -1
    outer loop
      vertex 49.8711 -46.4453 0
      vertex -49.8711 -46.4453 0
      vertex -49.7107 -46.1044 0
    endloop
  endfacet
  facet normal 0 0 -1
    outer loop
      vertex 50.0729 -46.7634 0
      vertex -50.0729 -46.7634 0
      vertex -49.8711 -46.4453 0
    endloop
  endfacet
  facet normal 0 0 -1
    outer loop
      vertex 50.3131 -47.0536 0
      vertex -50.3131 -47.0536 0
      vertex -50.0729 -46.7634 0
    endloop
  endfacet
  facet normal 0 0 -1
    outer loop
      vertex -54.814 -51.9901 0
      vertex -50.3131 -47.0536 0
      vertex 54.814 -51.9901 0
    endloop
  endfacet
  facet normal 0 0 -1
    outer loop
      vertex -50.3131 -47.0536 0
      vertex -54.814 -51.9901 0
      vertex -50.5877 -47.3115 0
    endloop
  endfacet
  facet normal 0 0 -1
    outer loop
      vertex -50.5877 -47.3115 0
      vertex -54.814 -51.9901 0
      vertex -50.8925 -47.533 0
    endloop
  endfacet
  facet normal 0 0 -1
    outer loop
      vertex -50.8925 -47.533 0
      vertex -54.814 -51.9901 0
      vertex -51.2227 -47.7145 0
    endloop
  endfacet
  facet normal 0 0 -1
    outer loop
      vertex -51.2227 -47.7145 0
      vertex -54.814 -51.9901 0
      vertex -51.5729 -47.8532 0
    endloop
  endfacet
  facet normal 0 0 -1
    outer loop
      vertex -51.5729 -47.8532 0
      vertex -54.814 -51.9901 0
      vertex -51.9379 -47.9469 0
    endloop
  endfacet
  facet normal 0 0 -1
    outer loop
      vertex -51.9379 -47.9469 0
      vertex -54.814 -51.9901 0
      vertex -52.3116 -47.9941 0
    endloop
  endfacet
  facet normal -0 0 -1
    outer loop
      vertex -52.3116 -47.9941 0
      vertex -54.814 -51.9901 0
      vertex -52.6884 -47.9941 0
    endloop
  endfacet
  facet normal 0 0 -1
    outer loop
      vertex -54.814 -51.9901 0
      vertex -53.0621 -47.9469 0
      vertex -52.6884 -47.9941 0
    endloop
  endfacet
  facet normal 0 0 -1
    outer loop
      vertex -54.814 -51.9901 0
      vertex -53.4271 -47.8532 0
      vertex -53.0621 -47.9469 0
    endloop
  endfacet
  facet normal 0 0 -1
    outer loop
      vertex -54.814 -51.9901 0
      vertex -53.7773 -47.7145 0
      vertex -53.4271 -47.8532 0
    endloop
  endfacet
  facet normal 0 0 -1
    outer loop
      vertex -55.4369 -51.9114 0
      vertex -53.7773 -47.7145 0
      vertex -54.814 -51.9901 0
    endloop
  endfacet
  facet normal -0 0 -1
    outer loop
      vertex -53.7773 -47.7145 0
      vertex -55.4369 -51.9114 0
      vertex -54.1075 -47.533 0
    endloop
  endfacet
  facet normal 0 0 -1
    outer loop
      vertex -56.0451 -51.7553 0
      vertex -54.1075 -47.533 0
      vertex -55.4369 -51.9114 0
    endloop
  endfacet
  facet normal 0 0 -1
    outer loop
      vertex -56.6289 -51.5241 0
      vertex -54.1075 -47.533 0
      vertex -56.0451 -51.7553 0
    endloop
  endfacet
  facet normal -0 0 -1
    outer loop
      vertex -54.1075 -47.533 0
      vertex -56.6289 -51.5241 0
      vertex -54.4123 -47.3115 0
    endloop
  endfacet
  facet normal 0 0 -1
    outer loop
      vertex -57.1791 -51.2216 0
      vertex -54.4123 -47.3115 0
      vertex -56.6289 -51.5241 0
    endloop
  endfacet
  facet normal 0 0 -1
    outer loop
      vertex -57.6871 -50.8526 0
      vertex -54.4123 -47.3115 0
      vertex -57.1791 -51.2216 0
    endloop
  endfacet
  facet normal -0 0 -1
    outer loop
      vertex -54.4123 -47.3115 0
      vertex -57.6871 -50.8526 0
      vertex -54.6869 -47.0536 0
    endloop
  endfacet
  facet normal 0 0 -1
    outer loop
      vertex -58.1448 -50.4227 0
      vertex -54.6869 -47.0536 0
      vertex -57.6871 -50.8526 0
    endloop
  endfacet
  facet normal 0 0 -1
    outer loop
      vertex -58.5451 -49.9389 0
      vertex -54.6869 -47.0536 0
      vertex -58.1448 -50.4227 0
    endloop
  endfacet
  facet normal 0 0 -1
    outer loop
      vertex -58.8815 -49.4088 0
      vertex -54.9271 -46.7634 0
      vertex -58.5451 -49.9389 0
    endloop
  endfacet
  facet normal -0 0 -1
    outer loop
      vertex -54.6869 -47.0536 0
      vertex -58.5451 -49.9389 0
      vertex -54.9271 -46.7634 0
    endloop
  endfacet
  facet normal -0 0 -1
    outer loop
      vertex 58.8815 49.4088 0
      vertex 54.9271 46.7634 0
      vertex 58.5451 49.9389 0
    endloop
  endfacet
  facet normal 0 0 -1
    outer loop
      vertex 54.6869 47.0536 0
      vertex 58.5451 49.9389 0
      vertex 54.9271 46.7634 0
    endloop
  endfacet
  facet normal -0 0 -1
    outer loop
      vertex 58.5451 49.9389 0
      vertex 54.6869 47.0536 0
      vertex 58.1448 50.4227 0
    endloop
  endfacet
  facet normal -0 0 -1
    outer loop
      vertex 58.1448 50.4227 0
      vertex 54.6869 47.0536 0
      vertex 57.6871 50.8526 0
    endloop
  endfacet
  facet normal 0 0 -1
    outer loop
      vertex 54.4123 47.3115 0
      vertex 57.6871 50.8526 0
      vertex 54.6869 47.0536 0
    endloop
  endfacet
  facet normal -0 0 -1
    outer loop
      vertex 57.6871 50.8526 0
      vertex 54.4123 47.3115 0
      vertex 57.1791 51.2216 0
    endloop
  endfacet
  facet normal -0 0 -1
    outer loop
      vertex 57.1791 51.2216 0
      vertex 54.4123 47.3115 0
      vertex 56.6289 51.5241 0
    endloop
  endfacet
  facet normal 0 0 -1
    outer loop
      vertex 54.1075 47.533 0
      vertex 56.6289 51.5241 0
      vertex 54.4123 47.3115 0
    endloop
  endfacet
  facet normal -0 0 -1
    outer loop
      vertex 56.6289 51.5241 0
      vertex 54.1075 47.533 0
      vertex 56.0451 51.7553 0
    endloop
  endfacet
  facet normal -0 0 -1
    outer loop
      vertex 56.0451 51.7553 0
      vertex 54.1075 47.533 0
      vertex 55.4369 51.9114 0
    endloop
  endfacet
  facet normal 0 0 -1
    outer loop
      vertex 53.7773 47.7145 0
      vertex 55.4369 51.9114 0
      vertex 54.1075 47.533 0
    endloop
  endfacet
  facet normal -0 0 -1
    outer loop
      vertex 55.4369 51.9114 0
      vertex 53.7773 47.7145 0
      vertex 54.814 51.9901 0
    endloop
  endfacet
  facet normal 0 0 -1
    outer loop
      vertex 53.4271 47.8532 0
      vertex 54.814 51.9901 0
      vertex 53.7773 47.7145 0
    endloop
  endfacet
  facet normal 0 0 -1
    outer loop
      vertex 53.0621 47.9469 0
      vertex 54.814 51.9901 0
      vertex 53.4271 47.8532 0
    endloop
  endfacet
  facet normal 0 0 -1
    outer loop
      vertex 52.6884 47.9941 0
      vertex 54.814 51.9901 0
      vertex 53.0621 47.9469 0
    endloop
  endfacet
  facet normal 0 0 -1
    outer loop
      vertex 52.3116 47.9941 0
      vertex 54.814 51.9901 0
      vertex 52.6884 47.9941 0
    endloop
  endfacet
  facet normal 0 0 -1
    outer loop
      vertex 51.9379 47.9469 0
      vertex 54.814 51.9901 0
      vertex 52.3116 47.9941 0
    endloop
  endfacet
  facet normal 0 0 -1
    outer loop
      vertex 51.5729 47.8532 0
      vertex 54.814 51.9901 0
      vertex 51.9379 47.9469 0
    endloop
  endfacet
  facet normal 0 0 -1
    outer loop
      vertex 51.2227 47.7145 0
      vertex 54.814 51.9901 0
      vertex 51.5729 47.8532 0
    endloop
  endfacet
  facet normal 0 0 -1
    outer loop
      vertex 50.8925 47.533 0
      vertex 54.814 51.9901 0
      vertex 51.2227 47.7145 0
    endloop
  endfacet
  facet normal 0 0 -1
    outer loop
      vertex 50.5877 47.3115 0
      vertex 54.814 51.9901 0
      vertex 50.8925 47.533 0
    endloop
  endfacet
  facet normal 0 0 -1
    outer loop
      vertex 50.3131 47.0536 0
      vertex 54.814 51.9901 0
      vertex 50.5877 47.3115 0
    endloop
  endfacet
  facet normal 0 0 -1
    outer loop
      vertex 49.5237 44.624 0
      vertex -49.5 45 0
      vertex 49.5 45 0
    endloop
  endfacet
  facet normal 0 0 -1
    outer loop
      vertex 49.5 45 0
      vertex -49.5 45 0
      vertex 49.5237 45.376 0
    endloop
  endfacet
  facet normal 0 0 -1
    outer loop
      vertex -49.5237 45.376 0
      vertex 49.5237 45.376 0
      vertex -49.5 45 0
    endloop
  endfacet
  facet normal 0 0 -1
    outer loop
      vertex 49.5237 45.376 0
      vertex -49.5237 45.376 0
      vertex 49.5942 45.7461 0
    endloop
  endfacet
  facet normal 0 0 -1
    outer loop
      vertex -49.5942 45.7461 0
      vertex 49.5942 45.7461 0
      vertex -49.5237 45.376 0
    endloop
  endfacet
  facet normal 0 0 -1
    outer loop
      vertex 49.5942 45.7461 0
      vertex -49.5942 45.7461 0
      vertex 49.7107 46.1044 0
    endloop
  endfacet
  facet normal 0 0 -1
    outer loop
      vertex -49.7107 46.1044 0
      vertex 49.7107 46.1044 0
      vertex -49.5942 45.7461 0
    endloop
  endfacet
  facet normal 0 0 -1
    outer loop
      vertex 49.7107 46.1044 0
      vertex -49.7107 46.1044 0
      vertex 49.8711 46.4453 0
    endloop
  endfacet
  facet normal 0 0 -1
    outer loop
      vertex -49.8711 46.4453 0
      vertex 49.8711 46.4453 0
      vertex -49.7107 46.1044 0
    endloop
  endfacet
  facet normal 0 0 -1
    outer loop
      vertex 49.8711 46.4453 0
      vertex -49.8711 46.4453 0
      vertex 50.0729 46.7634 0
    endloop
  endfacet
  facet normal 0 0 -1
    outer loop
      vertex -50.0729 46.7634 0
      vertex 50.0729 46.7634 0
      vertex -49.8711 46.4453 0
    endloop
  endfacet
  facet normal 0 0 -1
    outer loop
      vertex 50.0729 46.7634 0
      vertex -50.0729 46.7634 0
      vertex 50.3131 47.0536 0
    endloop
  endfacet
  facet normal 0 0 -1
    outer loop
      vertex -50.3131 47.0536 0
      vertex 50.3131 47.0536 0
      vertex -50.0729 46.7634 0
    endloop
  endfacet
  facet normal 0 0 -1
    outer loop
      vertex 50.3131 47.0536 0
      vertex -50.3131 47.0536 0
      vertex 54.814 51.9901 0
    endloop
  endfacet
  facet normal 0 0 -1
    outer loop
      vertex -54.814 51.9901 0
      vertex -50.3131 47.0536 0
      vertex -50.5877 47.3115 0
    endloop
  endfacet
  facet normal 0 0 -1
    outer loop
      vertex -54.814 51.9901 0
      vertex -50.5877 47.3115 0
      vertex -50.8925 47.533 0
    endloop
  endfacet
  facet normal 0 0 -1
    outer loop
      vertex -54.814 51.9901 0
      vertex -50.8925 47.533 0
      vertex -51.2227 47.7145 0
    endloop
  endfacet
  facet normal 0 0 -1
    outer loop
      vertex -54.814 51.9901 0
      vertex -51.2227 47.7145 0
      vertex -51.5729 47.8532 0
    endloop
  endfacet
  facet normal 0 0 -1
    outer loop
      vertex -54.814 51.9901 0
      vertex -51.5729 47.8532 0
      vertex -51.9379 47.9469 0
    endloop
  endfacet
  facet normal 0 0 -1
    outer loop
      vertex -54.814 51.9901 0
      vertex -51.9379 47.9469 0
      vertex -52.3116 47.9941 0
    endloop
  endfacet
  facet normal 0 0 -1
    outer loop
      vertex -54.814 51.9901 0
      vertex -52.3116 47.9941 0
      vertex -52.6884 47.9941 0
    endloop
  endfacet
  facet normal 0 0 -1
    outer loop
      vertex -50.3131 47.0536 0
      vertex -54.814 51.9901 0
      vertex 54.814 51.9901 0
    endloop
  endfacet
  facet normal 0 0 -1
    outer loop
      vertex -53.0621 47.9469 0
      vertex -54.814 51.9901 0
      vertex -52.6884 47.9941 0
    endloop
  endfacet
  facet normal 0 0 -1
    outer loop
      vertex -53.4271 47.8532 0
      vertex -54.814 51.9901 0
      vertex -53.0621 47.9469 0
    endloop
  endfacet
  facet normal 0 0 -1
    outer loop
      vertex -53.7773 47.7145 0
      vertex -54.814 51.9901 0
      vertex -53.4271 47.8532 0
    endloop
  endfacet
  facet normal 0 0 -1
    outer loop
      vertex -55.4369 51.9114 0
      vertex -53.7773 47.7145 0
      vertex -54.1075 47.533 0
    endloop
  endfacet
  facet normal 0 0 -1
    outer loop
      vertex -56.6289 51.5241 0
      vertex -54.1075 47.533 0
      vertex -54.4123 47.3115 0
    endloop
  endfacet
  facet normal 0 0 -1
    outer loop
      vertex -57.6871 50.8526 0
      vertex -54.4123 47.3115 0
      vertex -54.6869 47.0536 0
    endloop
  endfacet
  facet normal 0 0 -1
    outer loop
      vertex -58.5451 49.9389 0
      vertex -54.6869 47.0536 0
      vertex -54.9271 46.7634 0
    endloop
  endfacet
  facet normal 0 0 -1
    outer loop
      vertex -59.1489 48.8406 0
      vertex -54.9271 46.7634 0
      vertex -55.1289 46.4453 0
    endloop
  endfacet
  facet normal 0 0 -1
    outer loop
      vertex -59.4606 47.6267 0
      vertex -55.1289 46.4453 0
      vertex -55.2893 46.1044 0
    endloop
  endfacet
  facet normal 0 0 -1
    outer loop
      vertex -59.5 47 0
      vertex -55.2893 46.1044 0
      vertex -55.4058 45.7461 0
    endloop
  endfacet
  facet normal 0 0 -1
    outer loop
      vertex -53.7773 47.7145 0
      vertex -55.4369 51.9114 0
      vertex -54.814 51.9901 0
    endloop
  endfacet
  facet normal 0 0 -1
    outer loop
      vertex -59.5 47 0
      vertex -55.4058 45.7461 0
      vertex -55.4763 45.376 0
    endloop
  endfacet
  facet normal 0 0 -1
    outer loop
      vertex -59.5 47 0
      vertex -55.4763 45.376 0
      vertex -55.5 45 0
    endloop
  endfacet
  facet normal 0 0 -1
    outer loop
      vertex -54.1075 47.533 0
      vertex -56.0451 51.7553 0
      vertex -55.4369 51.9114 0
    endloop
  endfacet
  facet normal 0 0 -1
    outer loop
      vertex -55.4058 44.2539 0
      vertex -59.5 47 0
      vertex -55.4763 44.624 0
    endloop
  endfacet
  facet normal 0 0 -1
    outer loop
      vertex -59.1489 -48.8406 0
      vertex -54.9271 -46.7634 0
      vertex -58.8815 -49.4088 0
    endloop
  endfacet
  facet normal 0 0 -1
    outer loop
      vertex -55.4763 44.624 0
      vertex -59.5 47 0
      vertex -55.5 45 0
    endloop
  endfacet
  facet normal -0 0 -1
    outer loop
      vertex -54.9271 -46.7634 0
      vertex -59.1489 -48.8406 0
      vertex -55.1289 -46.4453 0
    endloop
  endfacet
  facet normal 0 0 -1
    outer loop
      vertex -55.2893 46.1044 0
      vertex -59.5 47 0
      vertex -59.4606 47.6267 0
    endloop
  endfacet
  facet normal 0 0 -1
    outer loop
      vertex -59.3429 -48.2435 0
      vertex -55.1289 -46.4453 0
      vertex -59.1489 -48.8406 0
    endloop
  endfacet
  facet normal 0 0 -1
    outer loop
      vertex -54.1075 47.533 0
      vertex -56.6289 51.5241 0
      vertex -56.0451 51.7553 0
    endloop
  endfacet
  facet normal 0 0 -1
    outer loop
      vertex -59.4606 -47.6267 0
      vertex -55.1289 -46.4453 0
      vertex -59.3429 -48.2435 0
    endloop
  endfacet
  facet normal 0 0 -1
    outer loop
      vertex -54.4123 47.3115 0
      vertex -57.1791 51.2216 0
      vertex -56.6289 51.5241 0
    endloop
  endfacet
  facet normal -0 0 -1
    outer loop
      vertex -55.1289 -46.4453 0
      vertex -59.4606 -47.6267 0
      vertex -55.2893 -46.1044 0
    endloop
  endfacet
  facet normal 0 0 -1
    outer loop
      vertex -54.4123 47.3115 0
      vertex -57.6871 50.8526 0
      vertex -57.1791 51.2216 0
    endloop
  endfacet
  facet normal 0 0 -1
    outer loop
      vertex -59.5 -47 0
      vertex -55.2893 -46.1044 0
      vertex -59.4606 -47.6267 0
    endloop
  endfacet
  facet normal 0 0 -1
    outer loop
      vertex -54.6869 47.0536 0
      vertex -58.1448 50.4227 0
      vertex -57.6871 50.8526 0
    endloop
  endfacet
  facet normal -0 0 -1
    outer loop
      vertex -55.2893 -46.1044 0
      vertex -59.5 -47 0
      vertex -55.4058 -45.7461 0
    endloop
  endfacet
  facet normal 0 0 -1
    outer loop
      vertex -54.6869 47.0536 0
      vertex -58.5451 49.9389 0
      vertex -58.1448 50.4227 0
    endloop
  endfacet
  facet normal -0 0 -1
    outer loop
      vertex -55.4058 -45.7461 0
      vertex -59.5 -47 0
      vertex -55.4763 -45.376 0
    endloop
  endfacet
  facet normal 0 0 -1
    outer loop
      vertex -54.9271 46.7634 0
      vertex -58.8815 49.4088 0
      vertex -58.5451 49.9389 0
    endloop
  endfacet
  facet normal -0 0 -1
    outer loop
      vertex -55.4763 -45.376 0
      vertex -59.5 -47 0
      vertex -55.5 -45 0
    endloop
  endfacet
  facet normal 0 0 -1
    outer loop
      vertex -54.9271 46.7634 0
      vertex -59.1489 48.8406 0
      vertex -58.8815 49.4088 0
    endloop
  endfacet
  facet normal 0 0 -1
    outer loop
      vertex -55.1289 46.4453 0
      vertex -59.3429 48.2435 0
      vertex -59.1489 48.8406 0
    endloop
  endfacet
  facet normal 0 0 -1
    outer loop
      vertex -55.1289 46.4453 0
      vertex -59.4606 47.6267 0
      vertex -59.3429 48.2435 0
    endloop
  endfacet
  facet normal -0.481784 -0.87629 0
    outer loop
      vertex -57.1791 -51.2216 0
      vertex -56.6289 -51.5241 3
      vertex -57.1791 -51.2216 3
    endloop
  endfacet
  facet normal -0.481784 -0.87629 -0
    outer loop
      vertex -56.6289 -51.5241 3
      vertex -57.1791 -51.2216 0
      vertex -56.6289 -51.5241 0
    endloop
  endfacet
  facet normal -0.248601 -0.968606 0
    outer loop
      vertex -56.0451 -51.7553 0
      vertex -55.4369 -51.9114 3
      vertex -56.0451 -51.7553 3
    endloop
  endfacet
  facet normal -0.248601 -0.968606 -0
    outer loop
      vertex -55.4369 -51.9114 3
      vertex -56.0451 -51.7553 0
      vertex -55.4369 -51.9114 0
    endloop
  endfacet
  facet normal -0.368203 -0.929745 0
    outer loop
      vertex -56.6289 -51.5241 0
      vertex -56.0451 -51.7553 3
      vertex -56.6289 -51.5241 3
    endloop
  endfacet
  facet normal -0.368203 -0.929745 -0
    outer loop
      vertex -56.0451 -51.7553 3
      vertex -56.6289 -51.5241 0
      vertex -56.0451 -51.7553 0
    endloop
  endfacet
  facet normal 0.368203 0.929745 -0
    outer loop
      vertex 56.6289 51.5241 0
      vertex 56.0451 51.7553 3
      vertex 56.6289 51.5241 3
    endloop
  endfacet
  facet normal 0.368203 0.929745 0
    outer loop
      vertex 56.0451 51.7553 3
      vertex 56.6289 51.5241 0
      vertex 56.0451 51.7553 0
    endloop
  endfacet
  facet normal 0.951061 -0.309003 0
    outer loop
      vertex 59.1489 -48.8406 3
      vertex 59.3429 -48.2435 0
      vertex 59.3429 -48.2435 3
    endloop
  endfacet
  facet normal 0.951061 -0.309003 0
    outer loop
      vertex 59.3429 -48.2435 0
      vertex 59.1489 -48.8406 3
      vertex 59.1489 -48.8406 0
    endloop
  endfacet
  facet normal 0.684624 -0.728896 0
    outer loop
      vertex 57.6871 -50.8526 0
      vertex 58.1448 -50.4227 3
      vertex 57.6871 -50.8526 3
    endloop
  endfacet
  facet normal 0.684624 -0.728896 0
    outer loop
      vertex 58.1448 -50.4227 3
      vertex 57.6871 -50.8526 0
      vertex 58.1448 -50.4227 0
    endloop
  endfacet
  facet normal -0.844336 0.535814 0
    outer loop
      vertex -58.8815 49.4088 0
      vertex -58.5451 49.9389 3
      vertex -58.5451 49.9389 0
    endloop
  endfacet
  facet normal -0.844336 0.535814 0
    outer loop
      vertex -58.5451 49.9389 3
      vertex -58.8815 49.4088 0
      vertex -58.8815 49.4088 3
    endloop
  endfacet
  facet normal -0.481784 0.87629 0
    outer loop
      vertex -56.6289 51.5241 0
      vertex -57.1791 51.2216 3
      vertex -56.6289 51.5241 3
    endloop
  endfacet
  facet normal -0.481784 0.87629 0
    outer loop
      vertex -57.1791 51.2216 3
      vertex -56.6289 51.5241 0
      vertex -57.1791 51.2216 0
    endloop
  endfacet
  facet normal -0.125348 0.992113 0
    outer loop
      vertex -54.814 51.9901 0
      vertex -55.4369 51.9114 3
      vertex -54.814 51.9901 3
    endloop
  endfacet
  facet normal -0.125348 0.992113 0
    outer loop
      vertex -55.4369 51.9114 3
      vertex -54.814 51.9901 0
      vertex -55.4369 51.9114 0
    endloop
  endfacet
  facet normal -0.684624 -0.728896 0
    outer loop
      vertex -58.1448 -50.4227 0
      vertex -57.6871 -50.8526 3
      vertex -58.1448 -50.4227 3
    endloop
  endfacet
  facet normal -0.684624 -0.728896 -0
    outer loop
      vertex -57.6871 -50.8526 3
      vertex -58.1448 -50.4227 0
      vertex -57.6871 -50.8526 0
    endloop
  endfacet
  facet normal -0.904811 -0.425812 0
    outer loop
      vertex -58.8815 -49.4088 0
      vertex -59.1489 -48.8406 3
      vertex -59.1489 -48.8406 0
    endloop
  endfacet
  facet normal -0.904811 -0.425812 0
    outer loop
      vertex -59.1489 -48.8406 3
      vertex -58.8815 -49.4088 0
      vertex -58.8815 -49.4088 3
    endloop
  endfacet
  facet normal -0.951061 -0.309003 0
    outer loop
      vertex -59.1489 -48.8406 0
      vertex -59.3429 -48.2435 3
      vertex -59.3429 -48.2435 0
    endloop
  endfacet
  facet normal -0.951061 -0.309003 0
    outer loop
      vertex -59.3429 -48.2435 3
      vertex -59.1489 -48.8406 0
      vertex -59.1489 -48.8406 3
    endloop
  endfacet
  facet normal -0.99803 -0.0627451 0
    outer loop
      vertex -59.4606 -47.6267 0
      vertex -59.5 -47 3
      vertex -59.5 -47 0
    endloop
  endfacet
  facet normal -0.99803 -0.0627451 0
    outer loop
      vertex -59.5 -47 3
      vertex -59.4606 -47.6267 0
      vertex -59.4606 -47.6267 3
    endloop
  endfacet
  facet normal -0.587698 -0.80908 0
    outer loop
      vertex -57.6871 -50.8526 0
      vertex -57.1791 -51.2216 3
      vertex -57.6871 -50.8526 3
    endloop
  endfacet
  facet normal -0.587698 -0.80908 -0
    outer loop
      vertex -57.1791 -51.2216 3
      vertex -57.6871 -50.8526 0
      vertex -57.1791 -51.2216 0
    endloop
  endfacet
  facet normal 0.125348 0.992113 -0
    outer loop
      vertex 55.4369 51.9114 0
      vertex 54.814 51.9901 3
      vertex 55.4369 51.9114 3
    endloop
  endfacet
  facet normal 0.125348 0.992113 0
    outer loop
      vertex 54.814 51.9901 3
      vertex 55.4369 51.9114 0
      vertex 54.814 51.9901 0
    endloop
  endfacet
  facet normal 0.248601 0.968606 -0
    outer loop
      vertex 56.0451 51.7553 0
      vertex 55.4369 51.9114 3
      vertex 56.0451 51.7553 3
    endloop
  endfacet
  facet normal 0.248601 0.968606 0
    outer loop
      vertex 55.4369 51.9114 3
      vertex 56.0451 51.7553 0
      vertex 55.4369 51.9114 0
    endloop
  endfacet
  facet normal 0.481784 0.87629 -0
    outer loop
      vertex 57.1791 51.2216 0
      vertex 56.6289 51.5241 3
      vertex 57.1791 51.2216 3
    endloop
  endfacet
  facet normal 0.481784 0.87629 0
    outer loop
      vertex 56.6289 51.5241 3
      vertex 57.1791 51.2216 0
      vertex 56.6289 51.5241 0
    endloop
  endfacet
  facet normal 0.587698 0.80908 -0
    outer loop
      vertex 57.6871 50.8526 0
      vertex 57.1791 51.2216 3
      vertex 57.6871 50.8526 3
    endloop
  endfacet
  facet normal 0.587698 0.80908 0
    outer loop
      vertex 57.1791 51.2216 3
      vertex 57.6871 50.8526 0
      vertex 57.1791 51.2216 0
    endloop
  endfacet
  facet normal 0.982276 0.187441 0
    outer loop
      vertex 59.4606 47.6267 3
      vertex 59.3429 48.2435 0
      vertex 59.3429 48.2435 3
    endloop
  endfacet
  facet normal 0.982276 0.187441 0
    outer loop
      vertex 59.3429 48.2435 0
      vertex 59.4606 47.6267 3
      vertex 59.4606 47.6267 0
    endloop
  endfacet
  facet normal 0.770462 0.637486 0
    outer loop
      vertex 58.5451 49.9389 3
      vertex 58.1448 50.4227 0
      vertex 58.1448 50.4227 3
    endloop
  endfacet
  facet normal 0.770462 0.637486 0
    outer loop
      vertex 58.1448 50.4227 0
      vertex 58.5451 49.9389 3
      vertex 58.5451 49.9389 0
    endloop
  endfacet
  facet normal 0.684624 0.728896 -0
    outer loop
      vertex 58.1448 50.4227 0
      vertex 57.6871 50.8526 3
      vertex 58.1448 50.4227 3
    endloop
  endfacet
  facet normal 0.684624 0.728896 0
    outer loop
      vertex 57.6871 50.8526 3
      vertex 58.1448 50.4227 0
      vertex 57.6871 50.8526 0
    endloop
  endfacet
  facet normal 0.770462 -0.637486 0
    outer loop
      vertex 58.1448 -50.4227 3
      vertex 58.5451 -49.9389 0
      vertex 58.5451 -49.9389 3
    endloop
  endfacet
  facet normal 0.770462 -0.637486 0
    outer loop
      vertex 58.5451 -49.9389 0
      vertex 58.1448 -50.4227 3
      vertex 58.1448 -50.4227 0
    endloop
  endfacet
  facet normal -0.844336 -0.535814 0
    outer loop
      vertex -58.5451 -49.9389 0
      vertex -58.8815 -49.4088 3
      vertex -58.8815 -49.4088 0
    endloop
  endfacet
  facet normal -0.844336 -0.535814 0
    outer loop
      vertex -58.8815 -49.4088 3
      vertex -58.5451 -49.9389 0
      vertex -58.5451 -49.9389 3
    endloop
  endfacet
  facet normal 0.904811 0.425812 0
    outer loop
      vertex 59.1489 48.8406 3
      vertex 58.8815 49.4088 0
      vertex 58.8815 49.4088 3
    endloop
  endfacet
  facet normal 0.904811 0.425812 0
    outer loop
      vertex 58.8815 49.4088 0
      vertex 59.1489 48.8406 3
      vertex 59.1489 48.8406 0
    endloop
  endfacet
  facet normal 0.844336 0.535814 0
    outer loop
      vertex 58.8815 49.4088 3
      vertex 58.5451 49.9389 0
      vertex 58.5451 49.9389 3
    endloop
  endfacet
  facet normal 0.844336 0.535814 0
    outer loop
      vertex 58.5451 49.9389 0
      vertex 58.8815 49.4088 3
      vertex 58.8815 49.4088 0
    endloop
  endfacet
  facet normal 0.844336 -0.535814 0
    outer loop
      vertex 58.5451 -49.9389 3
      vertex 58.8815 -49.4088 0
      vertex 58.8815 -49.4088 3
    endloop
  endfacet
  facet normal 0.844336 -0.535814 0
    outer loop
      vertex 58.8815 -49.4088 0
      vertex 58.5451 -49.9389 3
      vertex 58.5451 -49.9389 0
    endloop
  endfacet
  facet normal 0.904811 -0.425812 0
    outer loop
      vertex 58.8815 -49.4088 3
      vertex 59.1489 -48.8406 0
      vertex 59.1489 -48.8406 3
    endloop
  endfacet
  facet normal 0.904811 -0.425812 0
    outer loop
      vertex 59.1489 -48.8406 0
      vertex 58.8815 -49.4088 3
      vertex 58.8815 -49.4088 0
    endloop
  endfacet
  facet normal 0.125348 -0.992113 0
    outer loop
      vertex 54.814 -51.9901 0
      vertex 55.4369 -51.9114 3
      vertex 54.814 -51.9901 3
    endloop
  endfacet
  facet normal 0.125348 -0.992113 0
    outer loop
      vertex 55.4369 -51.9114 3
      vertex 54.814 -51.9901 0
      vertex 55.4369 -51.9114 0
    endloop
  endfacet
  facet normal 0.368203 -0.929745 0
    outer loop
      vertex 56.0451 -51.7553 0
      vertex 56.6289 -51.5241 3
      vertex 56.0451 -51.7553 3
    endloop
  endfacet
  facet normal 0.368203 -0.929745 0
    outer loop
      vertex 56.6289 -51.5241 3
      vertex 56.0451 -51.7553 0
      vertex 56.6289 -51.5241 0
    endloop
  endfacet
  facet normal 0.951061 0.309003 0
    outer loop
      vertex 59.3429 48.2435 3
      vertex 59.1489 48.8406 0
      vertex 59.1489 48.8406 3
    endloop
  endfacet
  facet normal 0.951061 0.309003 0
    outer loop
      vertex 59.1489 48.8406 0
      vertex 59.3429 48.2435 3
      vertex 59.3429 48.2435 0
    endloop
  endfacet
  facet normal 0.99803 -0.0627451 0
    outer loop
      vertex 59.4606 -47.6267 3
      vertex 59.5 -47 0
      vertex 59.5 -47 3
    endloop
  endfacet
  facet normal 0.99803 -0.0627451 0
    outer loop
      vertex 59.5 -47 0
      vertex 59.4606 -47.6267 3
      vertex 59.4606 -47.6267 0
    endloop
  endfacet
  facet normal 0.982276 -0.187441 0
    outer loop
      vertex 59.3429 -48.2435 3
      vertex 59.4606 -47.6267 0
      vertex 59.4606 -47.6267 3
    endloop
  endfacet
  facet normal 0.982276 -0.187441 0
    outer loop
      vertex 59.4606 -47.6267 0
      vertex 59.3429 -48.2435 3
      vertex 59.3429 -48.2435 0
    endloop
  endfacet
  facet normal 0.587698 -0.80908 0
    outer loop
      vertex 57.1791 -51.2216 0
      vertex 57.6871 -50.8526 3
      vertex 57.1791 -51.2216 3
    endloop
  endfacet
  facet normal 0.587698 -0.80908 0
    outer loop
      vertex 57.6871 -50.8526 3
      vertex 57.1791 -51.2216 0
      vertex 57.6871 -50.8526 0
    endloop
  endfacet
  facet normal 0.481784 -0.87629 0
    outer loop
      vertex 56.6289 -51.5241 0
      vertex 57.1791 -51.2216 3
      vertex 56.6289 -51.5241 3
    endloop
  endfacet
  facet normal 0.481784 -0.87629 0
    outer loop
      vertex 57.1791 -51.2216 3
      vertex 56.6289 -51.5241 0
      vertex 57.1791 -51.2216 0
    endloop
  endfacet
  facet normal 0.248601 -0.968606 0
    outer loop
      vertex 55.4369 -51.9114 0
      vertex 56.0451 -51.7553 3
      vertex 55.4369 -51.9114 3
    endloop
  endfacet
  facet normal 0.248601 -0.968606 0
    outer loop
      vertex 56.0451 -51.7553 3
      vertex 55.4369 -51.9114 0
      vertex 56.0451 -51.7553 0
    endloop
  endfacet
endsolid OpenSCAD_Model
