solid OpenSCAD_Model
  facet normal -0.998019 -0.0629071 0
    outer loop
      vertex -72 -75 0
      vertex -72.0237 -74.624 3
      vertex -72.0237 -74.624 0
    endloop
  endfacet
  facet normal -0.998019 -0.0629071 0
    outer loop
      vertex -72.0237 -74.624 3
      vertex -72 -75 0
      vertex -72 -75 3
    endloop
  endfacet
  facet normal 0.998019 -0.0629071 0
    outer loop
      vertex -78 -75 3
      vertex -77.9763 -74.624 0
      vertex -77.9763 -74.624 3
    endloop
  endfacet
  facet normal 0.998019 -0.0629071 0
    outer loop
      vertex -77.9763 -74.624 0
      vertex -78 -75 3
      vertex -78 -75 0
    endloop
  endfacet
  facet normal 0 -1 0
    outer loop
      vertex -75.1884 -72.0059 0
      vertex -74.8116 -72.0059 3
      vertex -75.1884 -72.0059 3
    endloop
  endfacet
  facet normal 0 -1 -0
    outer loop
      vertex -74.8116 -72.0059 3
      vertex -75.1884 -72.0059 0
      vertex -74.8116 -72.0059 0
    endloop
  endfacet
  facet normal 0 1 -0
    outer loop
      vertex -74.8116 -77.9941 0
      vertex -75.1884 -77.9941 3
      vertex -74.8116 -77.9941 3
    endloop
  endfacet
  facet normal 0 1 0
    outer loop
      vertex -75.1884 -77.9941 3
      vertex -74.8116 -77.9941 0
      vertex -75.1884 -77.9941 0
    endloop
  endfacet
  facet normal -0.684594 -0.728924 0
    outer loop
      vertex -73.0877 -72.6885 0
      vertex -72.8131 -72.9464 3
      vertex -73.0877 -72.6885 3
    endloop
  endfacet
  facet normal -0.684594 -0.728924 -0
    outer loop
      vertex -72.8131 -72.9464 3
      vertex -73.0877 -72.6885 0
      vertex -72.8131 -72.9464 0
    endloop
  endfacet
  facet normal 0.684594 -0.728924 0
    outer loop
      vertex -77.1869 -72.9464 0
      vertex -76.9123 -72.6885 3
      vertex -77.1869 -72.9464 3
    endloop
  endfacet
  facet normal 0.684594 -0.728924 0
    outer loop
      vertex -76.9123 -72.6885 3
      vertex -77.1869 -72.9464 0
      vertex -76.9123 -72.6885 0
    endloop
  endfacet
  facet normal 0.368139 -0.929771 0
    outer loop
      vertex -76.2773 -72.2855 0
      vertex -75.927 -72.1468 3
      vertex -76.2773 -72.2855 3
    endloop
  endfacet
  facet normal 0.368139 -0.929771 0
    outer loop
      vertex -75.927 -72.1468 3
      vertex -76.2773 -72.2855 0
      vertex -75.927 -72.1468 0
    endloop
  endfacet
  facet normal -0.844295 0.535879 0
    outer loop
      vertex -72.573 -76.7634 0
      vertex -72.3711 -76.4453 3
      vertex -72.3711 -76.4453 0
    endloop
  endfacet
  facet normal -0.844295 0.535879 0
    outer loop
      vertex -72.3711 -76.4453 3
      vertex -72.573 -76.7634 0
      vertex -72.573 -76.7634 3
    endloop
  endfacet
  facet normal -0.904843 -0.425746 0
    outer loop
      vertex -72.2107 -73.8956 0
      vertex -72.3711 -73.5547 3
      vertex -72.3711 -73.5547 0
    endloop
  endfacet
  facet normal -0.904843 -0.425746 0
    outer loop
      vertex -72.3711 -73.5547 3
      vertex -72.2107 -73.8956 0
      vertex -72.2107 -73.8956 3
    endloop
  endfacet
  facet normal -0.982287 -0.18738 0
    outer loop
      vertex -72.0237 -74.624 0
      vertex -72.0943 -74.2539 3
      vertex -72.0943 -74.2539 0
    endloop
  endfacet
  facet normal -0.982287 -0.18738 0
    outer loop
      vertex -72.0943 -74.2539 3
      vertex -72.0237 -74.624 0
      vertex -72.0237 -74.624 3
    endloop
  endfacet
  facet normal -0.368139 -0.929771 0
    outer loop
      vertex -74.073 -72.1468 0
      vertex -73.7227 -72.2855 3
      vertex -74.073 -72.1468 3
    endloop
  endfacet
  facet normal -0.368139 -0.929771 -0
    outer loop
      vertex -73.7227 -72.2855 3
      vertex -74.073 -72.1468 0
      vertex -73.7227 -72.2855 0
    endloop
  endfacet
  facet normal -0.587872 -0.808954 0
    outer loop
      vertex -73.3925 -72.467 0
      vertex -73.0877 -72.6885 3
      vertex -73.3925 -72.467 3
    endloop
  endfacet
  facet normal -0.587872 -0.808954 -0
    outer loop
      vertex -73.0877 -72.6885 3
      vertex -73.3925 -72.467 0
      vertex -73.0877 -72.6885 0
    endloop
  endfacet
  facet normal 0.904843 -0.425746 0
    outer loop
      vertex -77.7893 -73.8956 3
      vertex -77.6289 -73.5547 0
      vertex -77.6289 -73.5547 3
    endloop
  endfacet
  facet normal 0.904843 -0.425746 0
    outer loop
      vertex -77.6289 -73.5547 0
      vertex -77.7893 -73.8956 3
      vertex -77.7893 -73.8956 0
    endloop
  endfacet
  facet normal 0.951071 -0.308972 0
    outer loop
      vertex -77.9057 -74.2539 3
      vertex -77.7893 -73.8956 0
      vertex -77.7893 -73.8956 3
    endloop
  endfacet
  facet normal 0.951071 -0.308972 0
    outer loop
      vertex -77.7893 -73.8956 0
      vertex -77.9057 -74.2539 3
      vertex -77.9057 -74.2539 0
    endloop
  endfacet
  facet normal 0.248714 -0.968577 0
    outer loop
      vertex -75.927 -72.1468 0
      vertex -75.5621 -72.0531 3
      vertex -75.927 -72.1468 3
    endloop
  endfacet
  facet normal 0.248714 -0.968577 0
    outer loop
      vertex -75.5621 -72.0531 3
      vertex -75.927 -72.1468 0
      vertex -75.5621 -72.0531 0
    endloop
  endfacet
  facet normal -0.368139 0.929771 0
    outer loop
      vertex -73.7227 -77.7145 0
      vertex -74.073 -77.8532 3
      vertex -73.7227 -77.7145 3
    endloop
  endfacet
  facet normal -0.368139 0.929771 0
    outer loop
      vertex -74.073 -77.8532 3
      vertex -73.7227 -77.7145 0
      vertex -74.073 -77.8532 0
    endloop
  endfacet
  facet normal -0.481695 0.876339 0
    outer loop
      vertex -73.3925 -77.533 0
      vertex -73.7227 -77.7145 3
      vertex -73.3925 -77.533 3
    endloop
  endfacet
  facet normal -0.481695 0.876339 0
    outer loop
      vertex -73.7227 -77.7145 3
      vertex -73.3925 -77.533 0
      vertex -73.7227 -77.7145 0
    endloop
  endfacet
  facet normal -0.951071 -0.308972 0
    outer loop
      vertex -72.0943 -74.2539 0
      vertex -72.2107 -73.8956 3
      vertex -72.2107 -73.8956 0
    endloop
  endfacet
  facet normal -0.951071 -0.308972 0
    outer loop
      vertex -72.2107 -73.8956 3
      vertex -72.0943 -74.2539 0
      vertex -72.0943 -74.2539 3
    endloop
  endfacet
  facet normal -0.77048 -0.637464 0
    outer loop
      vertex -72.573 -73.2366 0
      vertex -72.8131 -72.9464 3
      vertex -72.8131 -72.9464 0
    endloop
  endfacet
  facet normal -0.77048 -0.637464 0
    outer loop
      vertex -72.8131 -72.9464 3
      vertex -72.573 -73.2366 0
      vertex -72.573 -73.2366 3
    endloop
  endfacet
  facet normal -0.844295 -0.535879 0
    outer loop
      vertex -72.3711 -73.5547 0
      vertex -72.573 -73.2366 3
      vertex -72.573 -73.2366 0
    endloop
  endfacet
  facet normal -0.844295 -0.535879 0
    outer loop
      vertex -72.573 -73.2366 3
      vertex -72.3711 -73.5547 0
      vertex -72.3711 -73.5547 3
    endloop
  endfacet
  facet normal -0.248714 -0.968577 0
    outer loop
      vertex -74.4379 -72.0531 0
      vertex -74.073 -72.1468 3
      vertex -74.4379 -72.0531 3
    endloop
  endfacet
  facet normal -0.248714 -0.968577 -0
    outer loop
      vertex -74.073 -72.1468 3
      vertex -74.4379 -72.0531 0
      vertex -74.073 -72.1468 0
    endloop
  endfacet
  facet normal -0.125309 -0.992118 0
    outer loop
      vertex -74.8116 -72.0059 0
      vertex -74.4379 -72.0531 3
      vertex -74.8116 -72.0059 3
    endloop
  endfacet
  facet normal -0.125309 -0.992118 -0
    outer loop
      vertex -74.4379 -72.0531 3
      vertex -74.8116 -72.0059 0
      vertex -74.4379 -72.0531 0
    endloop
  endfacet
  facet normal -0.481695 -0.876339 0
    outer loop
      vertex -73.7227 -72.2855 0
      vertex -73.3925 -72.467 3
      vertex -73.7227 -72.2855 3
    endloop
  endfacet
  facet normal -0.481695 -0.876339 -0
    outer loop
      vertex -73.3925 -72.467 3
      vertex -73.7227 -72.2855 0
      vertex -73.3925 -72.467 0
    endloop
  endfacet
  facet normal 0.844295 -0.535879 0
    outer loop
      vertex -77.6289 -73.5547 3
      vertex -77.427 -73.2366 0
      vertex -77.427 -73.2366 3
    endloop
  endfacet
  facet normal 0.844295 -0.535879 0
    outer loop
      vertex -77.427 -73.2366 0
      vertex -77.6289 -73.5547 3
      vertex -77.6289 -73.5547 0
    endloop
  endfacet
  facet normal 0.77048 -0.637464 0
    outer loop
      vertex -77.427 -73.2366 3
      vertex -77.1869 -72.9464 0
      vertex -77.1869 -72.9464 3
    endloop
  endfacet
  facet normal 0.77048 -0.637464 0
    outer loop
      vertex -77.1869 -72.9464 0
      vertex -77.427 -73.2366 3
      vertex -77.427 -73.2366 0
    endloop
  endfacet
  facet normal 0.982287 -0.18738 0
    outer loop
      vertex -77.9763 -74.624 3
      vertex -77.9057 -74.2539 0
      vertex -77.9057 -74.2539 3
    endloop
  endfacet
  facet normal 0.982287 -0.18738 0
    outer loop
      vertex -77.9057 -74.2539 0
      vertex -77.9763 -74.624 3
      vertex -77.9763 -74.624 0
    endloop
  endfacet
  facet normal -0 0 1
    outer loop
      vertex -72.0237 -74.624 3
      vertex 77.3139 -81.9901 3
      vertex -72.0237 -60.376 3
    endloop
  endfacet
  facet normal 0 0 1
    outer loop
      vertex 77.3139 -81.9901 3
      vertex -72.0237 -74.624 3
      vertex -72 -75 3
    endloop
  endfacet
  facet normal -0 0 1
    outer loop
      vertex -72.0943 -60.7461 3
      vertex -72.0237 -74.624 3
      vertex -72.0237 -60.376 3
    endloop
  endfacet
  facet normal 0 0 1
    outer loop
      vertex -72.0943 -60.7461 3
      vertex -72.0943 -74.2539 3
      vertex -72.0237 -74.624 3
    endloop
  endfacet
  facet normal -0 0 1
    outer loop
      vertex -72.2107 -61.1044 3
      vertex -72.0943 -74.2539 3
      vertex -72.0943 -60.7461 3
    endloop
  endfacet
  facet normal 0 0 1
    outer loop
      vertex -72.2107 -61.1044 3
      vertex -72.2107 -73.8956 3
      vertex -72.0943 -74.2539 3
    endloop
  endfacet
  facet normal 0 0 1
    outer loop
      vertex -73.5 -67.5 3
      vertex -72.2107 -61.1044 3
      vertex -72.3711 -61.4453 3
    endloop
  endfacet
  facet normal 0 0 1
    outer loop
      vertex -72.2107 -61.1044 3
      vertex -73.5 -67.5 3
      vertex -72.2107 -73.8956 3
    endloop
  endfacet
  facet normal 0 0 1
    outer loop
      vertex -73.5118 -67.312 3
      vertex -72.3711 -61.4453 3
      vertex -72.573 -61.7634 3
    endloop
  endfacet
  facet normal 0 0 1
    outer loop
      vertex -72.2107 -73.8956 3
      vertex -73.5 -67.5 3
      vertex -72.3711 -73.5547 3
    endloop
  endfacet
  facet normal 0 0 1
    outer loop
      vertex -73.6053 -66.9478 3
      vertex -72.573 -61.7634 3
      vertex -72.8131 -62.0536 3
    endloop
  endfacet
  facet normal -0 0 1
    outer loop
      vertex -73.5118 -67.688 3
      vertex -72.3711 -73.5547 3
      vertex -73.5 -67.5 3
    endloop
  endfacet
  facet normal 0 0 1
    outer loop
      vertex -73.6855 -66.7774 3
      vertex -72.8131 -62.0536 3
      vertex -73.0877 -62.3115 3
    endloop
  endfacet
  facet normal 0 0 1
    outer loop
      vertex -72.3711 -73.5547 3
      vertex -73.5118 -67.688 3
      vertex -72.573 -73.2366 3
    endloop
  endfacet
  facet normal 0 0 1
    outer loop
      vertex -73.7865 -66.6183 3
      vertex -73.0877 -62.3115 3
      vertex -73.3925 -62.533 3
    endloop
  endfacet
  facet normal -0 0 1
    outer loop
      vertex -73.5471 -67.873 3
      vertex -72.573 -73.2366 3
      vertex -73.5118 -67.688 3
    endloop
  endfacet
  facet normal -0 0 1
    outer loop
      vertex -73.6053 -68.0522 3
      vertex -72.573 -73.2366 3
      vertex -73.5471 -67.873 3
    endloop
  endfacet
  facet normal 0 0 1
    outer loop
      vertex -72.3711 -61.4453 3
      vertex -73.5118 -67.312 3
      vertex -73.5 -67.5 3
    endloop
  endfacet
  facet normal 0 0 1
    outer loop
      vertex -72.573 -61.7634 3
      vertex -73.5471 -67.127 3
      vertex -73.5118 -67.312 3
    endloop
  endfacet
  facet normal 0 0 1
    outer loop
      vertex -72.573 -61.7634 3
      vertex -73.6053 -66.9478 3
      vertex -73.5471 -67.127 3
    endloop
  endfacet
  facet normal 0 0 1
    outer loop
      vertex -72.8131 -62.0536 3
      vertex -73.6855 -66.7774 3
      vertex -73.6053 -66.9478 3
    endloop
  endfacet
  facet normal 0 0 1
    outer loop
      vertex -74.0439 -66.3442 3
      vertex -73.3925 -62.533 3
      vertex -73.7227 -62.7145 3
    endloop
  endfacet
  facet normal 0 0 1
    outer loop
      vertex -73.0877 -62.3115 3
      vertex -73.7865 -66.6183 3
      vertex -73.6855 -66.7774 3
    endloop
  endfacet
  facet normal 0 0 1
    outer loop
      vertex -73.3925 -62.533 3
      vertex -73.9065 -66.4732 3
      vertex -73.7865 -66.6183 3
    endloop
  endfacet
  facet normal 0 0 1
    outer loop
      vertex -73.3925 -62.533 3
      vertex -74.0439 -66.3442 3
      vertex -73.9065 -66.4732 3
    endloop
  endfacet
  facet normal 0 0 1
    outer loop
      vertex -74.1963 -66.2335 3
      vertex -73.7227 -62.7145 3
      vertex -74.073 -62.8532 3
    endloop
  endfacet
  facet normal 0 0 1
    outer loop
      vertex -73.7227 -62.7145 3
      vertex -74.1963 -66.2335 3
      vertex -74.0439 -66.3442 3
    endloop
  endfacet
  facet normal 0 0 1
    outer loop
      vertex -74.073 -62.8532 3
      vertex -74.3613 -66.1428 3
      vertex -74.1963 -66.2335 3
    endloop
  endfacet
  facet normal -0 0 1
    outer loop
      vertex -74.4379 -62.9469 3
      vertex -74.3613 -66.1428 3
      vertex -74.073 -62.8532 3
    endloop
  endfacet
  facet normal 0 0 1
    outer loop
      vertex -74.4379 -62.9469 3
      vertex -74.5365 -66.0734 3
      vertex -74.3613 -66.1428 3
    endloop
  endfacet
  facet normal 0 0 1
    outer loop
      vertex -74.4379 -62.9469 3
      vertex -74.7189 -66.0266 3
      vertex -74.5365 -66.0734 3
    endloop
  endfacet
  facet normal -0 0 1
    outer loop
      vertex -74.8116 -62.9941 3
      vertex -74.7189 -66.0266 3
      vertex -74.4379 -62.9469 3
    endloop
  endfacet
  facet normal 0 0 1
    outer loop
      vertex -74.8116 -62.9941 3
      vertex -74.9058 -66.003 3
      vertex -74.7189 -66.0266 3
    endloop
  endfacet
  facet normal 0 0 1
    outer loop
      vertex -74.8116 -62.9941 3
      vertex -75.0942 -66.003 3
      vertex -74.9058 -66.003 3
    endloop
  endfacet
  facet normal -0 0 1
    outer loop
      vertex -75.1884 -62.9941 3
      vertex -75.0942 -66.003 3
      vertex -74.8116 -62.9941 3
    endloop
  endfacet
  facet normal 0 0 1
    outer loop
      vertex -75.1884 -62.9941 3
      vertex -75.2811 -66.0266 3
      vertex -75.0942 -66.003 3
    endloop
  endfacet
  facet normal 0 0 1
    outer loop
      vertex -75.5621 -62.9469 3
      vertex -75.2811 -66.0266 3
      vertex -75.1884 -62.9941 3
    endloop
  endfacet
  facet normal 0 0 1
    outer loop
      vertex -75.2811 -66.0266 3
      vertex -75.5621 -62.9469 3
      vertex -75.4635 -66.0734 3
    endloop
  endfacet
  facet normal 0 0 1
    outer loop
      vertex -75.5621 -62.9469 3
      vertex -75.6387 -66.1428 3
      vertex -75.4635 -66.0734 3
    endloop
  endfacet
  facet normal 0 0 1
    outer loop
      vertex -75.927 -62.8532 3
      vertex -75.6387 -66.1428 3
      vertex -75.5621 -62.9469 3
    endloop
  endfacet
  facet normal 0 0 1
    outer loop
      vertex -75.6387 -66.1428 3
      vertex -75.927 -62.8532 3
      vertex -75.8037 -66.2335 3
    endloop
  endfacet
  facet normal 0 0 1
    outer loop
      vertex -76.2773 -62.7145 3
      vertex -75.8037 -66.2335 3
      vertex -75.927 -62.8532 3
    endloop
  endfacet
  facet normal 0 0 1
    outer loop
      vertex -75.8037 -66.2335 3
      vertex -76.2773 -62.7145 3
      vertex -75.9561 -66.3442 3
    endloop
  endfacet
  facet normal 0 0 1
    outer loop
      vertex -76.6075 -62.533 3
      vertex -75.9561 -66.3442 3
      vertex -76.2773 -62.7145 3
    endloop
  endfacet
  facet normal 0 0 1
    outer loop
      vertex -75.9561 -66.3442 3
      vertex -76.6075 -62.533 3
      vertex -76.0935 -66.4732 3
    endloop
  endfacet
  facet normal 0 0 1
    outer loop
      vertex -76.0935 -66.4732 3
      vertex -76.6075 -62.533 3
      vertex -76.2135 -66.6183 3
    endloop
  endfacet
  facet normal 0 0 1
    outer loop
      vertex -76.9123 -62.3115 3
      vertex -76.2135 -66.6183 3
      vertex -76.6075 -62.533 3
    endloop
  endfacet
  facet normal 0 0 1
    outer loop
      vertex -76.2135 -66.6183 3
      vertex -76.9123 -62.3115 3
      vertex -76.3145 -66.7774 3
    endloop
  endfacet
  facet normal 0 0 1
    outer loop
      vertex -77.1869 -62.0536 3
      vertex -76.3145 -66.7774 3
      vertex -76.9123 -62.3115 3
    endloop
  endfacet
  facet normal 0 0 1
    outer loop
      vertex -76.3145 -66.7774 3
      vertex -77.1869 -62.0536 3
      vertex -76.3947 -66.9478 3
    endloop
  endfacet
  facet normal 0 0 1
    outer loop
      vertex -77.427 -61.7634 3
      vertex -76.3947 -66.9478 3
      vertex -77.1869 -62.0536 3
    endloop
  endfacet
  facet normal -0 0 1
    outer loop
      vertex -72.0237 -59.624 3
      vertex 77.3139 -81.9901 3
      vertex -72.0237 -45.376 3
    endloop
  endfacet
  facet normal 0 0 1
    outer loop
      vertex 77.3139 -81.9901 3
      vertex -72.0237 -59.624 3
      vertex -72 -60 3
    endloop
  endfacet
  facet normal -0 0 1
    outer loop
      vertex -72.0943 -45.7461 3
      vertex -72.0237 -59.624 3
      vertex -72.0237 -45.376 3
    endloop
  endfacet
  facet normal 0 0 1
    outer loop
      vertex -72.0943 -45.7461 3
      vertex -72.0943 -59.2539 3
      vertex -72.0237 -59.624 3
    endloop
  endfacet
  facet normal -0 0 1
    outer loop
      vertex -72.2107 -46.1044 3
      vertex -72.0943 -59.2539 3
      vertex -72.0943 -45.7461 3
    endloop
  endfacet
  facet normal 0 0 1
    outer loop
      vertex -72.2107 -46.1044 3
      vertex -72.2107 -58.8956 3
      vertex -72.0943 -59.2539 3
    endloop
  endfacet
  facet normal 0 0 1
    outer loop
      vertex -73.5 -52.5 3
      vertex -72.2107 -46.1044 3
      vertex -72.3711 -46.4453 3
    endloop
  endfacet
  facet normal 0 0 1
    outer loop
      vertex -72.2107 -46.1044 3
      vertex -73.5 -52.5 3
      vertex -72.2107 -58.8956 3
    endloop
  endfacet
  facet normal 0 0 1
    outer loop
      vertex -73.5118 -52.312 3
      vertex -72.3711 -46.4453 3
      vertex -72.573 -46.7634 3
    endloop
  endfacet
  facet normal 0 0 1
    outer loop
      vertex -72.2107 -58.8956 3
      vertex -73.5 -52.5 3
      vertex -72.3711 -58.5547 3
    endloop
  endfacet
  facet normal 0 0 1
    outer loop
      vertex -73.6053 -51.9478 3
      vertex -72.573 -46.7634 3
      vertex -72.8131 -47.0536 3
    endloop
  endfacet
  facet normal -0 0 1
    outer loop
      vertex -73.5118 -52.688 3
      vertex -72.3711 -58.5547 3
      vertex -73.5 -52.5 3
    endloop
  endfacet
  facet normal 0 0 1
    outer loop
      vertex -73.6855 -51.7774 3
      vertex -72.8131 -47.0536 3
      vertex -73.0877 -47.3115 3
    endloop
  endfacet
  facet normal 0 0 1
    outer loop
      vertex -72.3711 -58.5547 3
      vertex -73.5118 -52.688 3
      vertex -72.573 -58.2366 3
    endloop
  endfacet
  facet normal 0 0 1
    outer loop
      vertex -73.7865 -51.6183 3
      vertex -73.0877 -47.3115 3
      vertex -73.3925 -47.533 3
    endloop
  endfacet
  facet normal -0 0 1
    outer loop
      vertex -73.5471 -52.873 3
      vertex -72.573 -58.2366 3
      vertex -73.5118 -52.688 3
    endloop
  endfacet
  facet normal -0 0 1
    outer loop
      vertex -73.6053 -53.0522 3
      vertex -72.573 -58.2366 3
      vertex -73.5471 -52.873 3
    endloop
  endfacet
  facet normal 0 0 1
    outer loop
      vertex -72.3711 -46.4453 3
      vertex -73.5118 -52.312 3
      vertex -73.5 -52.5 3
    endloop
  endfacet
  facet normal 0 0 1
    outer loop
      vertex -72.573 -46.7634 3
      vertex -73.5471 -52.127 3
      vertex -73.5118 -52.312 3
    endloop
  endfacet
  facet normal 0 0 1
    outer loop
      vertex -72.573 -46.7634 3
      vertex -73.6053 -51.9478 3
      vertex -73.5471 -52.127 3
    endloop
  endfacet
  facet normal 0 0 1
    outer loop
      vertex -72.8131 -47.0536 3
      vertex -73.6855 -51.7774 3
      vertex -73.6053 -51.9478 3
    endloop
  endfacet
  facet normal 0 0 1
    outer loop
      vertex -74.0439 -51.3442 3
      vertex -73.3925 -47.533 3
      vertex -73.7227 -47.7145 3
    endloop
  endfacet
  facet normal 0 0 1
    outer loop
      vertex -73.0877 -47.3115 3
      vertex -73.7865 -51.6183 3
      vertex -73.6855 -51.7774 3
    endloop
  endfacet
  facet normal 0 0 1
    outer loop
      vertex -73.3925 -47.533 3
      vertex -73.9065 -51.4732 3
      vertex -73.7865 -51.6183 3
    endloop
  endfacet
  facet normal 0 0 1
    outer loop
      vertex -73.3925 -47.533 3
      vertex -74.0439 -51.3442 3
      vertex -73.9065 -51.4732 3
    endloop
  endfacet
  facet normal 0 0 1
    outer loop
      vertex -74.1963 -51.2335 3
      vertex -73.7227 -47.7145 3
      vertex -74.073 -47.8532 3
    endloop
  endfacet
  facet normal 0 0 1
    outer loop
      vertex -73.7227 -47.7145 3
      vertex -74.1963 -51.2335 3
      vertex -74.0439 -51.3442 3
    endloop
  endfacet
  facet normal 0 0 1
    outer loop
      vertex -74.073 -47.8532 3
      vertex -74.3613 -51.1428 3
      vertex -74.1963 -51.2335 3
    endloop
  endfacet
  facet normal -0 0 1
    outer loop
      vertex -74.4379 -47.9469 3
      vertex -74.3613 -51.1428 3
      vertex -74.073 -47.8532 3
    endloop
  endfacet
  facet normal 0 0 1
    outer loop
      vertex -74.4379 -47.9469 3
      vertex -74.5365 -51.0734 3
      vertex -74.3613 -51.1428 3
    endloop
  endfacet
  facet normal 0 0 1
    outer loop
      vertex -74.4379 -47.9469 3
      vertex -74.7189 -51.0266 3
      vertex -74.5365 -51.0734 3
    endloop
  endfacet
  facet normal -0 0 1
    outer loop
      vertex -74.8116 -47.9941 3
      vertex -74.7189 -51.0266 3
      vertex -74.4379 -47.9469 3
    endloop
  endfacet
  facet normal 0 0 1
    outer loop
      vertex -74.8116 -47.9941 3
      vertex -74.9058 -51.003 3
      vertex -74.7189 -51.0266 3
    endloop
  endfacet
  facet normal 0 0 1
    outer loop
      vertex -74.8116 -47.9941 3
      vertex -75.0942 -51.003 3
      vertex -74.9058 -51.003 3
    endloop
  endfacet
  facet normal -0 0 1
    outer loop
      vertex -75.1884 -47.9941 3
      vertex -75.0942 -51.003 3
      vertex -74.8116 -47.9941 3
    endloop
  endfacet
  facet normal 0 0 1
    outer loop
      vertex -75.1884 -47.9941 3
      vertex -75.2811 -51.0266 3
      vertex -75.0942 -51.003 3
    endloop
  endfacet
  facet normal 0 0 1
    outer loop
      vertex -75.5621 -47.9469 3
      vertex -75.2811 -51.0266 3
      vertex -75.1884 -47.9941 3
    endloop
  endfacet
  facet normal 0 0 1
    outer loop
      vertex -75.2811 -51.0266 3
      vertex -75.5621 -47.9469 3
      vertex -75.4635 -51.0734 3
    endloop
  endfacet
  facet normal 0 0 1
    outer loop
      vertex -75.5621 -47.9469 3
      vertex -75.6387 -51.1428 3
      vertex -75.4635 -51.0734 3
    endloop
  endfacet
  facet normal 0 0 1
    outer loop
      vertex -75.927 -47.8532 3
      vertex -75.6387 -51.1428 3
      vertex -75.5621 -47.9469 3
    endloop
  endfacet
  facet normal 0 0 1
    outer loop
      vertex -75.6387 -51.1428 3
      vertex -75.927 -47.8532 3
      vertex -75.8037 -51.2335 3
    endloop
  endfacet
  facet normal 0 0 1
    outer loop
      vertex -76.2773 -47.7145 3
      vertex -75.8037 -51.2335 3
      vertex -75.927 -47.8532 3
    endloop
  endfacet
  facet normal 0 0 1
    outer loop
      vertex -75.8037 -51.2335 3
      vertex -76.2773 -47.7145 3
      vertex -75.9561 -51.3442 3
    endloop
  endfacet
  facet normal 0 0 1
    outer loop
      vertex -76.6075 -47.533 3
      vertex -75.9561 -51.3442 3
      vertex -76.2773 -47.7145 3
    endloop
  endfacet
  facet normal 0 0 1
    outer loop
      vertex -75.9561 -51.3442 3
      vertex -76.6075 -47.533 3
      vertex -76.0935 -51.4732 3
    endloop
  endfacet
  facet normal 0 0 1
    outer loop
      vertex -76.0935 -51.4732 3
      vertex -76.6075 -47.533 3
      vertex -76.2135 -51.6183 3
    endloop
  endfacet
  facet normal 0 0 1
    outer loop
      vertex -76.9123 -47.3115 3
      vertex -76.2135 -51.6183 3
      vertex -76.6075 -47.533 3
    endloop
  endfacet
  facet normal 0 0 1
    outer loop
      vertex -76.2135 -51.6183 3
      vertex -76.9123 -47.3115 3
      vertex -76.3145 -51.7774 3
    endloop
  endfacet
  facet normal 0 0 1
    outer loop
      vertex -77.1869 -47.0536 3
      vertex -76.3145 -51.7774 3
      vertex -76.9123 -47.3115 3
    endloop
  endfacet
  facet normal 0 0 1
    outer loop
      vertex -76.3145 -51.7774 3
      vertex -77.1869 -47.0536 3
      vertex -76.3947 -51.9478 3
    endloop
  endfacet
  facet normal 0 0 1
    outer loop
      vertex -77.427 -46.7634 3
      vertex -76.3947 -51.9478 3
      vertex -77.1869 -47.0536 3
    endloop
  endfacet
  facet normal -0 0 1
    outer loop
      vertex -72.0237 -44.624 3
      vertex 77.3139 -81.9901 3
      vertex -72.0237 -30.376 3
    endloop
  endfacet
  facet normal 0 0 1
    outer loop
      vertex 77.3139 -81.9901 3
      vertex -72.0237 -44.624 3
      vertex -72 -45 3
    endloop
  endfacet
  facet normal -0 0 1
    outer loop
      vertex -72.0943 -30.7461 3
      vertex -72.0237 -44.624 3
      vertex -72.0237 -30.376 3
    endloop
  endfacet
  facet normal 0 0 1
    outer loop
      vertex -72.0943 -30.7461 3
      vertex -72.0943 -44.2539 3
      vertex -72.0237 -44.624 3
    endloop
  endfacet
  facet normal -0 0 1
    outer loop
      vertex -72.2107 -31.1044 3
      vertex -72.0943 -44.2539 3
      vertex -72.0943 -30.7461 3
    endloop
  endfacet
  facet normal 0 0 1
    outer loop
      vertex -72.2107 -31.1044 3
      vertex -72.2107 -43.8956 3
      vertex -72.0943 -44.2539 3
    endloop
  endfacet
  facet normal 0 0 1
    outer loop
      vertex -73.5 -37.5 3
      vertex -72.2107 -31.1044 3
      vertex -72.3711 -31.4453 3
    endloop
  endfacet
  facet normal 0 0 1
    outer loop
      vertex -72.2107 -31.1044 3
      vertex -73.5 -37.5 3
      vertex -72.2107 -43.8956 3
    endloop
  endfacet
  facet normal 0 0 1
    outer loop
      vertex -73.5118 -37.312 3
      vertex -72.3711 -31.4453 3
      vertex -72.573 -31.7634 3
    endloop
  endfacet
  facet normal 0 0 1
    outer loop
      vertex -72.2107 -43.8956 3
      vertex -73.5 -37.5 3
      vertex -72.3711 -43.5547 3
    endloop
  endfacet
  facet normal 0 0 1
    outer loop
      vertex -73.6053 -36.9478 3
      vertex -72.573 -31.7634 3
      vertex -72.8131 -32.0536 3
    endloop
  endfacet
  facet normal -0 0 1
    outer loop
      vertex -73.5118 -37.688 3
      vertex -72.3711 -43.5547 3
      vertex -73.5 -37.5 3
    endloop
  endfacet
  facet normal 0 0 1
    outer loop
      vertex -73.6855 -36.7774 3
      vertex -72.8131 -32.0536 3
      vertex -73.0877 -32.3115 3
    endloop
  endfacet
  facet normal 0 0 1
    outer loop
      vertex -72.3711 -43.5547 3
      vertex -73.5118 -37.688 3
      vertex -72.573 -43.2366 3
    endloop
  endfacet
  facet normal 0 0 1
    outer loop
      vertex -73.7865 -36.6183 3
      vertex -73.0877 -32.3115 3
      vertex -73.3925 -32.533 3
    endloop
  endfacet
  facet normal -0 0 1
    outer loop
      vertex -73.5471 -37.873 3
      vertex -72.573 -43.2366 3
      vertex -73.5118 -37.688 3
    endloop
  endfacet
  facet normal -0 0 1
    outer loop
      vertex -73.6053 -38.0522 3
      vertex -72.573 -43.2366 3
      vertex -73.5471 -37.873 3
    endloop
  endfacet
  facet normal 0 0 1
    outer loop
      vertex -72.3711 -31.4453 3
      vertex -73.5118 -37.312 3
      vertex -73.5 -37.5 3
    endloop
  endfacet
  facet normal 0 0 1
    outer loop
      vertex -72.573 -31.7634 3
      vertex -73.5471 -37.127 3
      vertex -73.5118 -37.312 3
    endloop
  endfacet
  facet normal 0 0 1
    outer loop
      vertex -72.573 -31.7634 3
      vertex -73.6053 -36.9478 3
      vertex -73.5471 -37.127 3
    endloop
  endfacet
  facet normal 0 0 1
    outer loop
      vertex -72.8131 -32.0536 3
      vertex -73.6855 -36.7774 3
      vertex -73.6053 -36.9478 3
    endloop
  endfacet
  facet normal 0 0 1
    outer loop
      vertex -74.0439 -36.3442 3
      vertex -73.3925 -32.533 3
      vertex -73.7227 -32.7145 3
    endloop
  endfacet
  facet normal 0 0 1
    outer loop
      vertex -73.0877 -32.3115 3
      vertex -73.7865 -36.6183 3
      vertex -73.6855 -36.7774 3
    endloop
  endfacet
  facet normal 0 0 1
    outer loop
      vertex -73.3925 -32.533 3
      vertex -73.9065 -36.4732 3
      vertex -73.7865 -36.6183 3
    endloop
  endfacet
  facet normal 0 0 1
    outer loop
      vertex -73.3925 -32.533 3
      vertex -74.0439 -36.3442 3
      vertex -73.9065 -36.4732 3
    endloop
  endfacet
  facet normal 0 0 1
    outer loop
      vertex -74.1963 -36.2335 3
      vertex -73.7227 -32.7145 3
      vertex -74.073 -32.8532 3
    endloop
  endfacet
  facet normal 0 0 1
    outer loop
      vertex -73.7227 -32.7145 3
      vertex -74.1963 -36.2335 3
      vertex -74.0439 -36.3442 3
    endloop
  endfacet
  facet normal 0 0 1
    outer loop
      vertex -74.073 -32.8532 3
      vertex -74.3613 -36.1428 3
      vertex -74.1963 -36.2335 3
    endloop
  endfacet
  facet normal -0 0 1
    outer loop
      vertex -74.4379 -32.9469 3
      vertex -74.3613 -36.1428 3
      vertex -74.073 -32.8532 3
    endloop
  endfacet
  facet normal 0 0 1
    outer loop
      vertex -74.4379 -32.9469 3
      vertex -74.5365 -36.0734 3
      vertex -74.3613 -36.1428 3
    endloop
  endfacet
  facet normal 0 0 1
    outer loop
      vertex -74.4379 -32.9469 3
      vertex -74.7189 -36.0266 3
      vertex -74.5365 -36.0734 3
    endloop
  endfacet
  facet normal -0 0 1
    outer loop
      vertex -74.8116 -32.9941 3
      vertex -74.7189 -36.0266 3
      vertex -74.4379 -32.9469 3
    endloop
  endfacet
  facet normal 0 0 1
    outer loop
      vertex -74.8116 -32.9941 3
      vertex -74.9058 -36.003 3
      vertex -74.7189 -36.0266 3
    endloop
  endfacet
  facet normal 0 0 1
    outer loop
      vertex -74.8116 -32.9941 3
      vertex -75.0942 -36.003 3
      vertex -74.9058 -36.003 3
    endloop
  endfacet
  facet normal -0 0 1
    outer loop
      vertex -75.1884 -32.9941 3
      vertex -75.0942 -36.003 3
      vertex -74.8116 -32.9941 3
    endloop
  endfacet
  facet normal 0 0 1
    outer loop
      vertex -75.1884 -32.9941 3
      vertex -75.2811 -36.0266 3
      vertex -75.0942 -36.003 3
    endloop
  endfacet
  facet normal 0 0 1
    outer loop
      vertex -75.5621 -32.9469 3
      vertex -75.2811 -36.0266 3
      vertex -75.1884 -32.9941 3
    endloop
  endfacet
  facet normal 0 0 1
    outer loop
      vertex -75.2811 -36.0266 3
      vertex -75.5621 -32.9469 3
      vertex -75.4635 -36.0734 3
    endloop
  endfacet
  facet normal 0 0 1
    outer loop
      vertex -75.5621 -32.9469 3
      vertex -75.6387 -36.1428 3
      vertex -75.4635 -36.0734 3
    endloop
  endfacet
  facet normal 0 0 1
    outer loop
      vertex -75.927 -32.8532 3
      vertex -75.6387 -36.1428 3
      vertex -75.5621 -32.9469 3
    endloop
  endfacet
  facet normal 0 0 1
    outer loop
      vertex -75.6387 -36.1428 3
      vertex -75.927 -32.8532 3
      vertex -75.8037 -36.2335 3
    endloop
  endfacet
  facet normal 0 0 1
    outer loop
      vertex -76.2773 -32.7145 3
      vertex -75.8037 -36.2335 3
      vertex -75.927 -32.8532 3
    endloop
  endfacet
  facet normal 0 0 1
    outer loop
      vertex -75.8037 -36.2335 3
      vertex -76.2773 -32.7145 3
      vertex -75.9561 -36.3442 3
    endloop
  endfacet
  facet normal 0 0 1
    outer loop
      vertex -76.6075 -32.533 3
      vertex -75.9561 -36.3442 3
      vertex -76.2773 -32.7145 3
    endloop
  endfacet
  facet normal 0 0 1
    outer loop
      vertex -75.9561 -36.3442 3
      vertex -76.6075 -32.533 3
      vertex -76.0935 -36.4732 3
    endloop
  endfacet
  facet normal 0 0 1
    outer loop
      vertex -76.0935 -36.4732 3
      vertex -76.6075 -32.533 3
      vertex -76.2135 -36.6183 3
    endloop
  endfacet
  facet normal 0 0 1
    outer loop
      vertex -76.9123 -32.3115 3
      vertex -76.2135 -36.6183 3
      vertex -76.6075 -32.533 3
    endloop
  endfacet
  facet normal 0 0 1
    outer loop
      vertex -76.2135 -36.6183 3
      vertex -76.9123 -32.3115 3
      vertex -76.3145 -36.7774 3
    endloop
  endfacet
  facet normal 0 0 1
    outer loop
      vertex -77.1869 -32.0536 3
      vertex -76.3145 -36.7774 3
      vertex -76.9123 -32.3115 3
    endloop
  endfacet
  facet normal 0 0 1
    outer loop
      vertex -76.3145 -36.7774 3
      vertex -77.1869 -32.0536 3
      vertex -76.3947 -36.9478 3
    endloop
  endfacet
  facet normal 0 0 1
    outer loop
      vertex -77.427 -31.7634 3
      vertex -76.3947 -36.9478 3
      vertex -77.1869 -32.0536 3
    endloop
  endfacet
  facet normal -0 0 1
    outer loop
      vertex -72.0237 -29.624 3
      vertex 77.3139 -81.9901 3
      vertex -72.0237 -15.376 3
    endloop
  endfacet
  facet normal 0 0 1
    outer loop
      vertex 77.3139 -81.9901 3
      vertex -72.0237 -29.624 3
      vertex -72 -30 3
    endloop
  endfacet
  facet normal -0 0 1
    outer loop
      vertex -72.0943 -15.7461 3
      vertex -72.0237 -29.624 3
      vertex -72.0237 -15.376 3
    endloop
  endfacet
  facet normal 0 0 1
    outer loop
      vertex -72.0943 -15.7461 3
      vertex -72.0943 -29.2539 3
      vertex -72.0237 -29.624 3
    endloop
  endfacet
  facet normal -0 0 1
    outer loop
      vertex -72.2107 -16.1044 3
      vertex -72.0943 -29.2539 3
      vertex -72.0943 -15.7461 3
    endloop
  endfacet
  facet normal 0 0 1
    outer loop
      vertex -72.2107 -16.1044 3
      vertex -72.2107 -28.8956 3
      vertex -72.0943 -29.2539 3
    endloop
  endfacet
  facet normal 0 0 1
    outer loop
      vertex -73.5 -22.5 3
      vertex -72.2107 -16.1044 3
      vertex -72.3711 -16.4453 3
    endloop
  endfacet
  facet normal 0 0 1
    outer loop
      vertex -72.2107 -16.1044 3
      vertex -73.5 -22.5 3
      vertex -72.2107 -28.8956 3
    endloop
  endfacet
  facet normal 0 0 1
    outer loop
      vertex -73.5118 -22.312 3
      vertex -72.3711 -16.4453 3
      vertex -72.573 -16.7634 3
    endloop
  endfacet
  facet normal 0 0 1
    outer loop
      vertex -72.2107 -28.8956 3
      vertex -73.5 -22.5 3
      vertex -72.3711 -28.5547 3
    endloop
  endfacet
  facet normal 0 0 1
    outer loop
      vertex -73.6053 -21.9478 3
      vertex -72.573 -16.7634 3
      vertex -72.8131 -17.0536 3
    endloop
  endfacet
  facet normal -0 0 1
    outer loop
      vertex -73.5118 -22.688 3
      vertex -72.3711 -28.5547 3
      vertex -73.5 -22.5 3
    endloop
  endfacet
  facet normal 0 0 1
    outer loop
      vertex -73.6855 -21.7774 3
      vertex -72.8131 -17.0536 3
      vertex -73.0877 -17.3115 3
    endloop
  endfacet
  facet normal 0 0 1
    outer loop
      vertex -72.3711 -28.5547 3
      vertex -73.5118 -22.688 3
      vertex -72.573 -28.2366 3
    endloop
  endfacet
  facet normal 0 0 1
    outer loop
      vertex -73.7865 -21.6183 3
      vertex -73.0877 -17.3115 3
      vertex -73.3925 -17.533 3
    endloop
  endfacet
  facet normal -0 0 1
    outer loop
      vertex -73.5471 -22.873 3
      vertex -72.573 -28.2366 3
      vertex -73.5118 -22.688 3
    endloop
  endfacet
  facet normal -0 0 1
    outer loop
      vertex -73.6053 -23.0522 3
      vertex -72.573 -28.2366 3
      vertex -73.5471 -22.873 3
    endloop
  endfacet
  facet normal 0 0 1
    outer loop
      vertex -72.3711 -16.4453 3
      vertex -73.5118 -22.312 3
      vertex -73.5 -22.5 3
    endloop
  endfacet
  facet normal 0 0 1
    outer loop
      vertex -72.573 -16.7634 3
      vertex -73.5471 -22.127 3
      vertex -73.5118 -22.312 3
    endloop
  endfacet
  facet normal 0 0 1
    outer loop
      vertex -72.573 -16.7634 3
      vertex -73.6053 -21.9478 3
      vertex -73.5471 -22.127 3
    endloop
  endfacet
  facet normal 0 0 1
    outer loop
      vertex -72.8131 -17.0536 3
      vertex -73.6855 -21.7774 3
      vertex -73.6053 -21.9478 3
    endloop
  endfacet
  facet normal 0 0 1
    outer loop
      vertex -74.0439 -21.3442 3
      vertex -73.3925 -17.533 3
      vertex -73.7227 -17.7145 3
    endloop
  endfacet
  facet normal 0 0 1
    outer loop
      vertex -73.0877 -17.3115 3
      vertex -73.7865 -21.6183 3
      vertex -73.6855 -21.7774 3
    endloop
  endfacet
  facet normal 0 0 1
    outer loop
      vertex -73.3925 -17.533 3
      vertex -73.9065 -21.4732 3
      vertex -73.7865 -21.6183 3
    endloop
  endfacet
  facet normal 0 0 1
    outer loop
      vertex -73.3925 -17.533 3
      vertex -74.0439 -21.3442 3
      vertex -73.9065 -21.4732 3
    endloop
  endfacet
  facet normal 0 0 1
    outer loop
      vertex -74.1963 -21.2335 3
      vertex -73.7227 -17.7145 3
      vertex -74.073 -17.8532 3
    endloop
  endfacet
  facet normal 0 0 1
    outer loop
      vertex -73.7227 -17.7145 3
      vertex -74.1963 -21.2335 3
      vertex -74.0439 -21.3442 3
    endloop
  endfacet
  facet normal 0 0 1
    outer loop
      vertex -74.073 -17.8532 3
      vertex -74.3613 -21.1428 3
      vertex -74.1963 -21.2335 3
    endloop
  endfacet
  facet normal -0 0 1
    outer loop
      vertex -74.4379 -17.9469 3
      vertex -74.3613 -21.1428 3
      vertex -74.073 -17.8532 3
    endloop
  endfacet
  facet normal 0 0 1
    outer loop
      vertex -74.4379 -17.9469 3
      vertex -74.5365 -21.0734 3
      vertex -74.3613 -21.1428 3
    endloop
  endfacet
  facet normal 0 0 1
    outer loop
      vertex -74.4379 -17.9469 3
      vertex -74.7189 -21.0266 3
      vertex -74.5365 -21.0734 3
    endloop
  endfacet
  facet normal -0 0 1
    outer loop
      vertex -74.8116 -17.9941 3
      vertex -74.7189 -21.0266 3
      vertex -74.4379 -17.9469 3
    endloop
  endfacet
  facet normal 0 0 1
    outer loop
      vertex -74.8116 -17.9941 3
      vertex -74.9058 -21.003 3
      vertex -74.7189 -21.0266 3
    endloop
  endfacet
  facet normal 0 0 1
    outer loop
      vertex -74.8116 -17.9941 3
      vertex -75.0942 -21.003 3
      vertex -74.9058 -21.003 3
    endloop
  endfacet
  facet normal -0 0 1
    outer loop
      vertex -75.1884 -17.9941 3
      vertex -75.0942 -21.003 3
      vertex -74.8116 -17.9941 3
    endloop
  endfacet
  facet normal 0 0 1
    outer loop
      vertex -75.1884 -17.9941 3
      vertex -75.2811 -21.0266 3
      vertex -75.0942 -21.003 3
    endloop
  endfacet
  facet normal 0 0 1
    outer loop
      vertex -75.5621 -17.9469 3
      vertex -75.2811 -21.0266 3
      vertex -75.1884 -17.9941 3
    endloop
  endfacet
  facet normal 0 0 1
    outer loop
      vertex -75.2811 -21.0266 3
      vertex -75.5621 -17.9469 3
      vertex -75.4635 -21.0734 3
    endloop
  endfacet
  facet normal 0 0 1
    outer loop
      vertex -75.5621 -17.9469 3
      vertex -75.6387 -21.1428 3
      vertex -75.4635 -21.0734 3
    endloop
  endfacet
  facet normal 0 0 1
    outer loop
      vertex -75.927 -17.8532 3
      vertex -75.6387 -21.1428 3
      vertex -75.5621 -17.9469 3
    endloop
  endfacet
  facet normal 0 0 1
    outer loop
      vertex -75.6387 -21.1428 3
      vertex -75.927 -17.8532 3
      vertex -75.8037 -21.2335 3
    endloop
  endfacet
  facet normal 0 0 1
    outer loop
      vertex -76.2773 -17.7145 3
      vertex -75.8037 -21.2335 3
      vertex -75.927 -17.8532 3
    endloop
  endfacet
  facet normal 0 0 1
    outer loop
      vertex -75.8037 -21.2335 3
      vertex -76.2773 -17.7145 3
      vertex -75.9561 -21.3442 3
    endloop
  endfacet
  facet normal 0 0 1
    outer loop
      vertex -76.6075 -17.533 3
      vertex -75.9561 -21.3442 3
      vertex -76.2773 -17.7145 3
    endloop
  endfacet
  facet normal 0 0 1
    outer loop
      vertex -75.9561 -21.3442 3
      vertex -76.6075 -17.533 3
      vertex -76.0935 -21.4732 3
    endloop
  endfacet
  facet normal 0 0 1
    outer loop
      vertex -76.0935 -21.4732 3
      vertex -76.6075 -17.533 3
      vertex -76.2135 -21.6183 3
    endloop
  endfacet
  facet normal 0 0 1
    outer loop
      vertex -76.9123 -17.3115 3
      vertex -76.2135 -21.6183 3
      vertex -76.6075 -17.533 3
    endloop
  endfacet
  facet normal 0 0 1
    outer loop
      vertex -76.2135 -21.6183 3
      vertex -76.9123 -17.3115 3
      vertex -76.3145 -21.7774 3
    endloop
  endfacet
  facet normal 0 0 1
    outer loop
      vertex -77.1869 -17.0536 3
      vertex -76.3145 -21.7774 3
      vertex -76.9123 -17.3115 3
    endloop
  endfacet
  facet normal 0 0 1
    outer loop
      vertex -76.3145 -21.7774 3
      vertex -77.1869 -17.0536 3
      vertex -76.3947 -21.9478 3
    endloop
  endfacet
  facet normal 0 0 1
    outer loop
      vertex -77.427 -16.7634 3
      vertex -76.3947 -21.9478 3
      vertex -77.1869 -17.0536 3
    endloop
  endfacet
  facet normal -0 0 1
    outer loop
      vertex -72.0237 -14.624 3
      vertex 82 -77 3
      vertex -72.0237 -0.375999 3
    endloop
  endfacet
  facet normal 0 0 1
    outer loop
      vertex 82 -77 3
      vertex -72.0237 -14.624 3
      vertex -72 -15 3
    endloop
  endfacet
  facet normal -0 0 1
    outer loop
      vertex -72.0943 -0.746069 3
      vertex -72.0237 -14.624 3
      vertex -72.0237 -0.375999 3
    endloop
  endfacet
  facet normal 0 0 1
    outer loop
      vertex -72.0943 -0.746069 3
      vertex -72.0943 -14.2539 3
      vertex -72.0237 -14.624 3
    endloop
  endfacet
  facet normal -0 0 1
    outer loop
      vertex -72.2107 -1.10437 3
      vertex -72.0943 -14.2539 3
      vertex -72.0943 -0.746069 3
    endloop
  endfacet
  facet normal 0 0 1
    outer loop
      vertex -72.2107 -1.10437 3
      vertex -72.2107 -13.8956 3
      vertex -72.0943 -14.2539 3
    endloop
  endfacet
  facet normal 0 0 1
    outer loop
      vertex -73.5 -7.5 3
      vertex -72.2107 -1.10437 3
      vertex -72.3711 -1.44526 3
    endloop
  endfacet
  facet normal 0 0 1
    outer loop
      vertex -72.2107 -1.10437 3
      vertex -73.5 -7.5 3
      vertex -72.2107 -13.8956 3
    endloop
  endfacet
  facet normal 0 0 1
    outer loop
      vertex -73.5118 -7.312 3
      vertex -72.3711 -1.44526 3
      vertex -72.573 -1.76336 3
    endloop
  endfacet
  facet normal 0 0 1
    outer loop
      vertex -72.2107 -13.8956 3
      vertex -73.5 -7.5 3
      vertex -72.3711 -13.5547 3
    endloop
  endfacet
  facet normal 0 0 1
    outer loop
      vertex -73.6053 -6.94781 3
      vertex -72.573 -1.76336 3
      vertex -72.8131 -2.05364 3
    endloop
  endfacet
  facet normal -0 0 1
    outer loop
      vertex -73.5118 -7.688 3
      vertex -72.3711 -13.5547 3
      vertex -73.5 -7.5 3
    endloop
  endfacet
  facet normal 0 0 1
    outer loop
      vertex -73.6855 -6.77737 3
      vertex -72.8131 -2.05364 3
      vertex -73.0877 -2.31154 3
    endloop
  endfacet
  facet normal 0 0 1
    outer loop
      vertex -72.3711 -13.5547 3
      vertex -73.5118 -7.688 3
      vertex -72.573 -13.2366 3
    endloop
  endfacet
  facet normal 0 0 1
    outer loop
      vertex -73.7865 -6.61832 3
      vertex -73.0877 -2.31154 3
      vertex -73.3925 -2.53298 3
    endloop
  endfacet
  facet normal -0 0 1
    outer loop
      vertex -73.5471 -7.87303 3
      vertex -72.573 -13.2366 3
      vertex -73.5118 -7.688 3
    endloop
  endfacet
  facet normal -0 0 1
    outer loop
      vertex -73.6053 -8.05219 3
      vertex -72.573 -13.2366 3
      vertex -73.5471 -7.87303 3
    endloop
  endfacet
  facet normal 0 0 1
    outer loop
      vertex -72.3711 -1.44526 3
      vertex -73.5118 -7.312 3
      vertex -73.5 -7.5 3
    endloop
  endfacet
  facet normal 0 0 1
    outer loop
      vertex -72.573 -1.76336 3
      vertex -73.5471 -7.12696 3
      vertex -73.5118 -7.312 3
    endloop
  endfacet
  facet normal 0 0 1
    outer loop
      vertex -72.573 -1.76336 3
      vertex -73.6053 -6.94781 3
      vertex -73.5471 -7.12696 3
    endloop
  endfacet
  facet normal 0 0 1
    outer loop
      vertex -72.8131 -2.05364 3
      vertex -73.6855 -6.77737 3
      vertex -73.6053 -6.94781 3
    endloop
  endfacet
  facet normal 0 0 1
    outer loop
      vertex -74.0439 -6.34423 3
      vertex -73.3925 -2.53298 3
      vertex -73.7227 -2.71448 3
    endloop
  endfacet
  facet normal 0 0 1
    outer loop
      vertex -73.0877 -2.31154 3
      vertex -73.7865 -6.61832 3
      vertex -73.6855 -6.77737 3
    endloop
  endfacet
  facet normal 0 0 1
    outer loop
      vertex -73.3925 -2.53298 3
      vertex -73.9065 -6.47318 3
      vertex -73.7865 -6.61832 3
    endloop
  endfacet
  facet normal 0 0 1
    outer loop
      vertex -73.3925 -2.53298 3
      vertex -74.0439 -6.34423 3
      vertex -73.9065 -6.47318 3
    endloop
  endfacet
  facet normal 0 0 1
    outer loop
      vertex -74.1963 -6.23351 3
      vertex -73.7227 -2.71448 3
      vertex -74.073 -2.85317 3
    endloop
  endfacet
  facet normal 0 0 1
    outer loop
      vertex -73.7227 -2.71448 3
      vertex -74.1963 -6.23351 3
      vertex -74.0439 -6.34423 3
    endloop
  endfacet
  facet normal 0 0 1
    outer loop
      vertex -74.073 -2.85317 3
      vertex -74.3613 -6.14276 3
      vertex -74.1963 -6.23351 3
    endloop
  endfacet
  facet normal -0 0 1
    outer loop
      vertex -74.4379 -2.94686 3
      vertex -74.3613 -6.14276 3
      vertex -74.073 -2.85317 3
    endloop
  endfacet
  facet normal 0 0 1
    outer loop
      vertex -74.4379 -2.94686 3
      vertex -74.5365 -6.07341 3
      vertex -74.3613 -6.14276 3
    endloop
  endfacet
  facet normal 0 0 1
    outer loop
      vertex -74.4379 -2.94686 3
      vertex -74.7189 -6.02657 3
      vertex -74.5365 -6.07341 3
    endloop
  endfacet
  facet normal -0 0 1
    outer loop
      vertex -74.8116 -2.99408 3
      vertex -74.7189 -6.02657 3
      vertex -74.4379 -2.94686 3
    endloop
  endfacet
  facet normal 0 0 1
    outer loop
      vertex -74.8116 -2.99408 3
      vertex -74.9058 -6.00296 3
      vertex -74.7189 -6.02657 3
    endloop
  endfacet
  facet normal 0 0 1
    outer loop
      vertex -74.8116 -2.99408 3
      vertex -75.0942 -6.00296 3
      vertex -74.9058 -6.00296 3
    endloop
  endfacet
  facet normal -0 0 1
    outer loop
      vertex -75.1884 -2.99408 3
      vertex -75.0942 -6.00296 3
      vertex -74.8116 -2.99408 3
    endloop
  endfacet
  facet normal 0 0 1
    outer loop
      vertex -75.1884 -2.99408 3
      vertex -75.2811 -6.02657 3
      vertex -75.0942 -6.00296 3
    endloop
  endfacet
  facet normal 0 0 1
    outer loop
      vertex -75.5621 -2.94686 3
      vertex -75.2811 -6.02657 3
      vertex -75.1884 -2.99408 3
    endloop
  endfacet
  facet normal 0 0 1
    outer loop
      vertex -75.2811 -6.02657 3
      vertex -75.5621 -2.94686 3
      vertex -75.4635 -6.07341 3
    endloop
  endfacet
  facet normal 0 0 1
    outer loop
      vertex -75.5621 -2.94686 3
      vertex -75.6387 -6.14276 3
      vertex -75.4635 -6.07341 3
    endloop
  endfacet
  facet normal 0 0 1
    outer loop
      vertex -75.927 -2.85317 3
      vertex -75.6387 -6.14276 3
      vertex -75.5621 -2.94686 3
    endloop
  endfacet
  facet normal 0 0 1
    outer loop
      vertex -75.6387 -6.14276 3
      vertex -75.927 -2.85317 3
      vertex -75.8037 -6.23351 3
    endloop
  endfacet
  facet normal 0 0 1
    outer loop
      vertex -76.2773 -2.71448 3
      vertex -75.8037 -6.23351 3
      vertex -75.927 -2.85317 3
    endloop
  endfacet
  facet normal 0 0 1
    outer loop
      vertex -75.8037 -6.23351 3
      vertex -76.2773 -2.71448 3
      vertex -75.9561 -6.34423 3
    endloop
  endfacet
  facet normal 0 0 1
    outer loop
      vertex -76.6075 -2.53298 3
      vertex -75.9561 -6.34423 3
      vertex -76.2773 -2.71448 3
    endloop
  endfacet
  facet normal 0 0 1
    outer loop
      vertex -75.9561 -6.34423 3
      vertex -76.6075 -2.53298 3
      vertex -76.0935 -6.47318 3
    endloop
  endfacet
  facet normal 0 0 1
    outer loop
      vertex -76.0935 -6.47318 3
      vertex -76.6075 -2.53298 3
      vertex -76.2135 -6.61832 3
    endloop
  endfacet
  facet normal 0 0 1
    outer loop
      vertex -76.9123 -2.31154 3
      vertex -76.2135 -6.61832 3
      vertex -76.6075 -2.53298 3
    endloop
  endfacet
  facet normal 0 0 1
    outer loop
      vertex -76.2135 -6.61832 3
      vertex -76.9123 -2.31154 3
      vertex -76.3145 -6.77737 3
    endloop
  endfacet
  facet normal 0 0 1
    outer loop
      vertex -77.1869 -2.05364 3
      vertex -76.3145 -6.77737 3
      vertex -76.9123 -2.31154 3
    endloop
  endfacet
  facet normal 0 0 1
    outer loop
      vertex -76.3145 -6.77737 3
      vertex -77.1869 -2.05364 3
      vertex -76.3947 -6.94781 3
    endloop
  endfacet
  facet normal 0 0 1
    outer loop
      vertex -77.427 -1.76336 3
      vertex -76.3947 -6.94781 3
      vertex -77.1869 -2.05364 3
    endloop
  endfacet
  facet normal 0 0 1
    outer loop
      vertex -72.0237 0.375999 3
      vertex 82 77 3
      vertex -72.0237 14.624 3
    endloop
  endfacet
  facet normal 0 0 1
    outer loop
      vertex 82 77 3
      vertex -72.0237 0.375999 3
      vertex -72 0 3
    endloop
  endfacet
  facet normal -0 0 1
    outer loop
      vertex -72.0943 14.2539 3
      vertex -72.0237 0.375999 3
      vertex -72.0237 14.624 3
    endloop
  endfacet
  facet normal 0 0 1
    outer loop
      vertex -72.0943 14.2539 3
      vertex -72.0943 0.746069 3
      vertex -72.0237 0.375999 3
    endloop
  endfacet
  facet normal -0 0 1
    outer loop
      vertex -72.2107 13.8956 3
      vertex -72.0943 0.746069 3
      vertex -72.0943 14.2539 3
    endloop
  endfacet
  facet normal 0 0 1
    outer loop
      vertex -72.2107 13.8956 3
      vertex -72.2107 1.10437 3
      vertex -72.0943 0.746069 3
    endloop
  endfacet
  facet normal 0 0 1
    outer loop
      vertex -73.5 7.5 3
      vertex -72.2107 13.8956 3
      vertex -72.3711 13.5547 3
    endloop
  endfacet
  facet normal 0 0 1
    outer loop
      vertex -72.2107 13.8956 3
      vertex -73.5 7.5 3
      vertex -72.2107 1.10437 3
    endloop
  endfacet
  facet normal 0 0 1
    outer loop
      vertex -73.5118 7.688 3
      vertex -72.3711 13.5547 3
      vertex -72.573 13.2366 3
    endloop
  endfacet
  facet normal 0 0 1
    outer loop
      vertex -72.2107 1.10437 3
      vertex -73.5 7.5 3
      vertex -72.3711 1.44526 3
    endloop
  endfacet
  facet normal 0 0 1
    outer loop
      vertex -73.6053 8.05219 3
      vertex -72.573 13.2366 3
      vertex -72.8131 12.9464 3
    endloop
  endfacet
  facet normal -0 0 1
    outer loop
      vertex -73.5118 7.312 3
      vertex -72.3711 1.44526 3
      vertex -73.5 7.5 3
    endloop
  endfacet
  facet normal 0 0 1
    outer loop
      vertex -73.6855 8.22263 3
      vertex -72.8131 12.9464 3
      vertex -73.0877 12.6885 3
    endloop
  endfacet
  facet normal 0 0 1
    outer loop
      vertex -72.3711 1.44526 3
      vertex -73.5118 7.312 3
      vertex -72.573 1.76336 3
    endloop
  endfacet
  facet normal 0 0 1
    outer loop
      vertex -73.7865 8.38168 3
      vertex -73.0877 12.6885 3
      vertex -73.3925 12.467 3
    endloop
  endfacet
  facet normal -0 0 1
    outer loop
      vertex -73.5471 7.12696 3
      vertex -72.573 1.76336 3
      vertex -73.5118 7.312 3
    endloop
  endfacet
  facet normal -0 0 1
    outer loop
      vertex -73.6053 6.94781 3
      vertex -72.573 1.76336 3
      vertex -73.5471 7.12696 3
    endloop
  endfacet
  facet normal 0 0 1
    outer loop
      vertex -72.3711 13.5547 3
      vertex -73.5118 7.688 3
      vertex -73.5 7.5 3
    endloop
  endfacet
  facet normal 0 0 1
    outer loop
      vertex -72.573 13.2366 3
      vertex -73.5471 7.87303 3
      vertex -73.5118 7.688 3
    endloop
  endfacet
  facet normal 0 0 1
    outer loop
      vertex -72.573 13.2366 3
      vertex -73.6053 8.05219 3
      vertex -73.5471 7.87303 3
    endloop
  endfacet
  facet normal 0 0 1
    outer loop
      vertex -72.8131 12.9464 3
      vertex -73.6855 8.22263 3
      vertex -73.6053 8.05219 3
    endloop
  endfacet
  facet normal 0 0 1
    outer loop
      vertex -74.0439 8.65577 3
      vertex -73.3925 12.467 3
      vertex -73.7227 12.2855 3
    endloop
  endfacet
  facet normal 0 0 1
    outer loop
      vertex -73.0877 12.6885 3
      vertex -73.7865 8.38168 3
      vertex -73.6855 8.22263 3
    endloop
  endfacet
  facet normal 0 0 1
    outer loop
      vertex -73.3925 12.467 3
      vertex -73.9065 8.52682 3
      vertex -73.7865 8.38168 3
    endloop
  endfacet
  facet normal 0 0 1
    outer loop
      vertex -73.3925 12.467 3
      vertex -74.0439 8.65577 3
      vertex -73.9065 8.52682 3
    endloop
  endfacet
  facet normal 0 0 1
    outer loop
      vertex -74.1963 8.76649 3
      vertex -73.7227 12.2855 3
      vertex -74.073 12.1468 3
    endloop
  endfacet
  facet normal 0 0 1
    outer loop
      vertex -73.7227 12.2855 3
      vertex -74.1963 8.76649 3
      vertex -74.0439 8.65577 3
    endloop
  endfacet
  facet normal 0 0 1
    outer loop
      vertex -74.073 12.1468 3
      vertex -74.3613 8.85724 3
      vertex -74.1963 8.76649 3
    endloop
  endfacet
  facet normal -0 0 1
    outer loop
      vertex -74.4379 12.0531 3
      vertex -74.3613 8.85724 3
      vertex -74.073 12.1468 3
    endloop
  endfacet
  facet normal 0 0 1
    outer loop
      vertex -74.4379 12.0531 3
      vertex -74.5365 8.92658 3
      vertex -74.3613 8.85724 3
    endloop
  endfacet
  facet normal 0 0 1
    outer loop
      vertex -74.4379 12.0531 3
      vertex -74.7189 8.97343 3
      vertex -74.5365 8.92658 3
    endloop
  endfacet
  facet normal -0 0 1
    outer loop
      vertex -74.8116 12.0059 3
      vertex -74.7189 8.97343 3
      vertex -74.4379 12.0531 3
    endloop
  endfacet
  facet normal 0 0 1
    outer loop
      vertex -74.8116 12.0059 3
      vertex -74.9058 8.99704 3
      vertex -74.7189 8.97343 3
    endloop
  endfacet
  facet normal 0 0 1
    outer loop
      vertex -74.8116 12.0059 3
      vertex -75.0942 8.99704 3
      vertex -74.9058 8.99704 3
    endloop
  endfacet
  facet normal -0 0 1
    outer loop
      vertex -75.1884 12.0059 3
      vertex -75.0942 8.99704 3
      vertex -74.8116 12.0059 3
    endloop
  endfacet
  facet normal 0 0 1
    outer loop
      vertex -75.1884 12.0059 3
      vertex -75.2811 8.97343 3
      vertex -75.0942 8.99704 3
    endloop
  endfacet
  facet normal 0 0 1
    outer loop
      vertex -75.5621 12.0531 3
      vertex -75.2811 8.97343 3
      vertex -75.1884 12.0059 3
    endloop
  endfacet
  facet normal 0 0 1
    outer loop
      vertex -75.2811 8.97343 3
      vertex -75.5621 12.0531 3
      vertex -75.4635 8.92658 3
    endloop
  endfacet
  facet normal 0 0 1
    outer loop
      vertex -75.5621 12.0531 3
      vertex -75.6387 8.85724 3
      vertex -75.4635 8.92658 3
    endloop
  endfacet
  facet normal 0 0 1
    outer loop
      vertex -75.927 12.1468 3
      vertex -75.6387 8.85724 3
      vertex -75.5621 12.0531 3
    endloop
  endfacet
  facet normal 0 0 1
    outer loop
      vertex -75.6387 8.85724 3
      vertex -75.927 12.1468 3
      vertex -75.8037 8.76649 3
    endloop
  endfacet
  facet normal 0 0 1
    outer loop
      vertex -76.2773 12.2855 3
      vertex -75.8037 8.76649 3
      vertex -75.927 12.1468 3
    endloop
  endfacet
  facet normal 0 0 1
    outer loop
      vertex -75.8037 8.76649 3
      vertex -76.2773 12.2855 3
      vertex -75.9561 8.65577 3
    endloop
  endfacet
  facet normal 0 0 1
    outer loop
      vertex -76.6075 12.467 3
      vertex -75.9561 8.65577 3
      vertex -76.2773 12.2855 3
    endloop
  endfacet
  facet normal 0 0 1
    outer loop
      vertex -75.9561 8.65577 3
      vertex -76.6075 12.467 3
      vertex -76.0935 8.52682 3
    endloop
  endfacet
  facet normal 0 0 1
    outer loop
      vertex -76.0935 8.52682 3
      vertex -76.6075 12.467 3
      vertex -76.2135 8.38168 3
    endloop
  endfacet
  facet normal 0 0 1
    outer loop
      vertex -76.9123 12.6885 3
      vertex -76.2135 8.38168 3
      vertex -76.6075 12.467 3
    endloop
  endfacet
  facet normal 0 0 1
    outer loop
      vertex -76.2135 8.38168 3
      vertex -76.9123 12.6885 3
      vertex -76.3145 8.22263 3
    endloop
  endfacet
  facet normal 0 0 1
    outer loop
      vertex -77.1869 12.9464 3
      vertex -76.3145 8.22263 3
      vertex -76.9123 12.6885 3
    endloop
  endfacet
  facet normal 0 0 1
    outer loop
      vertex -76.3145 8.22263 3
      vertex -77.1869 12.9464 3
      vertex -76.3947 8.05219 3
    endloop
  endfacet
  facet normal 0 0 1
    outer loop
      vertex -77.427 13.2366 3
      vertex -76.3947 8.05219 3
      vertex -77.1869 12.9464 3
    endloop
  endfacet
  facet normal 0 0 1
    outer loop
      vertex -72.0237 15.376 3
      vertex 77.3139 81.9901 3
      vertex -72.0237 29.624 3
    endloop
  endfacet
  facet normal 0 0 1
    outer loop
      vertex 77.3139 81.9901 3
      vertex -72.0237 15.376 3
      vertex -72 15 3
    endloop
  endfacet
  facet normal -0 0 1
    outer loop
      vertex -72.0943 29.2539 3
      vertex -72.0237 15.376 3
      vertex -72.0237 29.624 3
    endloop
  endfacet
  facet normal 0 0 1
    outer loop
      vertex -72.0943 29.2539 3
      vertex -72.0943 15.7461 3
      vertex -72.0237 15.376 3
    endloop
  endfacet
  facet normal -0 0 1
    outer loop
      vertex -72.2107 28.8956 3
      vertex -72.0943 15.7461 3
      vertex -72.0943 29.2539 3
    endloop
  endfacet
  facet normal 0 0 1
    outer loop
      vertex -72.2107 28.8956 3
      vertex -72.2107 16.1044 3
      vertex -72.0943 15.7461 3
    endloop
  endfacet
  facet normal 0 0 1
    outer loop
      vertex -73.5 22.5 3
      vertex -72.2107 28.8956 3
      vertex -72.3711 28.5547 3
    endloop
  endfacet
  facet normal 0 0 1
    outer loop
      vertex -72.2107 28.8956 3
      vertex -73.5 22.5 3
      vertex -72.2107 16.1044 3
    endloop
  endfacet
  facet normal 0 0 1
    outer loop
      vertex -73.5118 22.688 3
      vertex -72.3711 28.5547 3
      vertex -72.573 28.2366 3
    endloop
  endfacet
  facet normal 0 0 1
    outer loop
      vertex -72.2107 16.1044 3
      vertex -73.5 22.5 3
      vertex -72.3711 16.4453 3
    endloop
  endfacet
  facet normal 0 0 1
    outer loop
      vertex -73.6053 23.0522 3
      vertex -72.573 28.2366 3
      vertex -72.8131 27.9464 3
    endloop
  endfacet
  facet normal -0 0 1
    outer loop
      vertex -73.5118 22.312 3
      vertex -72.3711 16.4453 3
      vertex -73.5 22.5 3
    endloop
  endfacet
  facet normal 0 0 1
    outer loop
      vertex -73.6855 23.2226 3
      vertex -72.8131 27.9464 3
      vertex -73.0877 27.6885 3
    endloop
  endfacet
  facet normal 0 0 1
    outer loop
      vertex -72.3711 16.4453 3
      vertex -73.5118 22.312 3
      vertex -72.573 16.7634 3
    endloop
  endfacet
  facet normal 0 0 1
    outer loop
      vertex -73.7865 23.3817 3
      vertex -73.0877 27.6885 3
      vertex -73.3925 27.467 3
    endloop
  endfacet
  facet normal -0 0 1
    outer loop
      vertex -73.5471 22.127 3
      vertex -72.573 16.7634 3
      vertex -73.5118 22.312 3
    endloop
  endfacet
  facet normal -0 0 1
    outer loop
      vertex -73.6053 21.9478 3
      vertex -72.573 16.7634 3
      vertex -73.5471 22.127 3
    endloop
  endfacet
  facet normal 0 0 1
    outer loop
      vertex -72.3711 28.5547 3
      vertex -73.5118 22.688 3
      vertex -73.5 22.5 3
    endloop
  endfacet
  facet normal 0 0 1
    outer loop
      vertex -72.573 28.2366 3
      vertex -73.5471 22.873 3
      vertex -73.5118 22.688 3
    endloop
  endfacet
  facet normal 0 0 1
    outer loop
      vertex -72.573 28.2366 3
      vertex -73.6053 23.0522 3
      vertex -73.5471 22.873 3
    endloop
  endfacet
  facet normal 0 0 1
    outer loop
      vertex -72.8131 27.9464 3
      vertex -73.6855 23.2226 3
      vertex -73.6053 23.0522 3
    endloop
  endfacet
  facet normal 0 0 1
    outer loop
      vertex -74.0439 23.6558 3
      vertex -73.3925 27.467 3
      vertex -73.7227 27.2855 3
    endloop
  endfacet
  facet normal 0 0 1
    outer loop
      vertex -73.0877 27.6885 3
      vertex -73.7865 23.3817 3
      vertex -73.6855 23.2226 3
    endloop
  endfacet
  facet normal 0 0 1
    outer loop
      vertex -73.3925 27.467 3
      vertex -73.9065 23.5268 3
      vertex -73.7865 23.3817 3
    endloop
  endfacet
  facet normal 0 0 1
    outer loop
      vertex -73.3925 27.467 3
      vertex -74.0439 23.6558 3
      vertex -73.9065 23.5268 3
    endloop
  endfacet
  facet normal 0 0 1
    outer loop
      vertex -74.1963 23.7665 3
      vertex -73.7227 27.2855 3
      vertex -74.073 27.1468 3
    endloop
  endfacet
  facet normal 0 0 1
    outer loop
      vertex -73.7227 27.2855 3
      vertex -74.1963 23.7665 3
      vertex -74.0439 23.6558 3
    endloop
  endfacet
  facet normal 0 0 1
    outer loop
      vertex -74.073 27.1468 3
      vertex -74.3613 23.8572 3
      vertex -74.1963 23.7665 3
    endloop
  endfacet
  facet normal -0 0 1
    outer loop
      vertex -74.4379 27.0531 3
      vertex -74.3613 23.8572 3
      vertex -74.073 27.1468 3
    endloop
  endfacet
  facet normal 0 0 1
    outer loop
      vertex -74.4379 27.0531 3
      vertex -74.5365 23.9266 3
      vertex -74.3613 23.8572 3
    endloop
  endfacet
  facet normal 0 0 1
    outer loop
      vertex -74.4379 27.0531 3
      vertex -74.7189 23.9734 3
      vertex -74.5365 23.9266 3
    endloop
  endfacet
  facet normal -0 0 1
    outer loop
      vertex -74.8116 27.0059 3
      vertex -74.7189 23.9734 3
      vertex -74.4379 27.0531 3
    endloop
  endfacet
  facet normal 0 0 1
    outer loop
      vertex -74.8116 27.0059 3
      vertex -74.9058 23.997 3
      vertex -74.7189 23.9734 3
    endloop
  endfacet
  facet normal 0 0 1
    outer loop
      vertex -74.8116 27.0059 3
      vertex -75.0942 23.997 3
      vertex -74.9058 23.997 3
    endloop
  endfacet
  facet normal -0 0 1
    outer loop
      vertex -75.1884 27.0059 3
      vertex -75.0942 23.997 3
      vertex -74.8116 27.0059 3
    endloop
  endfacet
  facet normal 0 0 1
    outer loop
      vertex -75.1884 27.0059 3
      vertex -75.2811 23.9734 3
      vertex -75.0942 23.997 3
    endloop
  endfacet
  facet normal 0 0 1
    outer loop
      vertex -75.5621 27.0531 3
      vertex -75.2811 23.9734 3
      vertex -75.1884 27.0059 3
    endloop
  endfacet
  facet normal 0 0 1
    outer loop
      vertex -75.2811 23.9734 3
      vertex -75.5621 27.0531 3
      vertex -75.4635 23.9266 3
    endloop
  endfacet
  facet normal 0 0 1
    outer loop
      vertex -75.5621 27.0531 3
      vertex -75.6387 23.8572 3
      vertex -75.4635 23.9266 3
    endloop
  endfacet
  facet normal 0 0 1
    outer loop
      vertex -75.927 27.1468 3
      vertex -75.6387 23.8572 3
      vertex -75.5621 27.0531 3
    endloop
  endfacet
  facet normal 0 0 1
    outer loop
      vertex -75.6387 23.8572 3
      vertex -75.927 27.1468 3
      vertex -75.8037 23.7665 3
    endloop
  endfacet
  facet normal 0 0 1
    outer loop
      vertex -76.2773 27.2855 3
      vertex -75.8037 23.7665 3
      vertex -75.927 27.1468 3
    endloop
  endfacet
  facet normal 0 0 1
    outer loop
      vertex -75.8037 23.7665 3
      vertex -76.2773 27.2855 3
      vertex -75.9561 23.6558 3
    endloop
  endfacet
  facet normal 0 0 1
    outer loop
      vertex -76.6075 27.467 3
      vertex -75.9561 23.6558 3
      vertex -76.2773 27.2855 3
    endloop
  endfacet
  facet normal 0 0 1
    outer loop
      vertex -75.9561 23.6558 3
      vertex -76.6075 27.467 3
      vertex -76.0935 23.5268 3
    endloop
  endfacet
  facet normal 0 0 1
    outer loop
      vertex -76.0935 23.5268 3
      vertex -76.6075 27.467 3
      vertex -76.2135 23.3817 3
    endloop
  endfacet
  facet normal 0 0 1
    outer loop
      vertex -76.9123 27.6885 3
      vertex -76.2135 23.3817 3
      vertex -76.6075 27.467 3
    endloop
  endfacet
  facet normal 0 0 1
    outer loop
      vertex -76.2135 23.3817 3
      vertex -76.9123 27.6885 3
      vertex -76.3145 23.2226 3
    endloop
  endfacet
  facet normal 0 0 1
    outer loop
      vertex -77.1869 27.9464 3
      vertex -76.3145 23.2226 3
      vertex -76.9123 27.6885 3
    endloop
  endfacet
  facet normal 0 0 1
    outer loop
      vertex -76.3145 23.2226 3
      vertex -77.1869 27.9464 3
      vertex -76.3947 23.0522 3
    endloop
  endfacet
  facet normal 0 0 1
    outer loop
      vertex -77.427 28.2366 3
      vertex -76.3947 23.0522 3
      vertex -77.1869 27.9464 3
    endloop
  endfacet
  facet normal 0 0 1
    outer loop
      vertex -72.0237 30.376 3
      vertex 77.3139 81.9901 3
      vertex -72.0237 44.624 3
    endloop
  endfacet
  facet normal 0 0 1
    outer loop
      vertex 77.3139 81.9901 3
      vertex -72.0237 30.376 3
      vertex -72 30 3
    endloop
  endfacet
  facet normal -0 0 1
    outer loop
      vertex -72.0943 44.2539 3
      vertex -72.0237 30.376 3
      vertex -72.0237 44.624 3
    endloop
  endfacet
  facet normal 0 0 1
    outer loop
      vertex -72.0943 44.2539 3
      vertex -72.0943 30.7461 3
      vertex -72.0237 30.376 3
    endloop
  endfacet
  facet normal -0 0 1
    outer loop
      vertex -72.2107 43.8956 3
      vertex -72.0943 30.7461 3
      vertex -72.0943 44.2539 3
    endloop
  endfacet
  facet normal 0 0 1
    outer loop
      vertex -72.2107 43.8956 3
      vertex -72.2107 31.1044 3
      vertex -72.0943 30.7461 3
    endloop
  endfacet
  facet normal 0 0 1
    outer loop
      vertex -73.5 37.5 3
      vertex -72.2107 43.8956 3
      vertex -72.3711 43.5547 3
    endloop
  endfacet
  facet normal 0 0 1
    outer loop
      vertex -72.2107 43.8956 3
      vertex -73.5 37.5 3
      vertex -72.2107 31.1044 3
    endloop
  endfacet
  facet normal 0 0 1
    outer loop
      vertex -73.5118 37.688 3
      vertex -72.3711 43.5547 3
      vertex -72.573 43.2366 3
    endloop
  endfacet
  facet normal 0 0 1
    outer loop
      vertex -72.2107 31.1044 3
      vertex -73.5 37.5 3
      vertex -72.3711 31.4453 3
    endloop
  endfacet
  facet normal 0 0 1
    outer loop
      vertex -73.6053 38.0522 3
      vertex -72.573 43.2366 3
      vertex -72.8131 42.9464 3
    endloop
  endfacet
  facet normal -0 0 1
    outer loop
      vertex -73.5118 37.312 3
      vertex -72.3711 31.4453 3
      vertex -73.5 37.5 3
    endloop
  endfacet
  facet normal 0 0 1
    outer loop
      vertex -73.6855 38.2226 3
      vertex -72.8131 42.9464 3
      vertex -73.0877 42.6885 3
    endloop
  endfacet
  facet normal 0 0 1
    outer loop
      vertex -72.3711 31.4453 3
      vertex -73.5118 37.312 3
      vertex -72.573 31.7634 3
    endloop
  endfacet
  facet normal 0 0 1
    outer loop
      vertex -73.7865 38.3817 3
      vertex -73.0877 42.6885 3
      vertex -73.3925 42.467 3
    endloop
  endfacet
  facet normal -0 0 1
    outer loop
      vertex -73.5471 37.127 3
      vertex -72.573 31.7634 3
      vertex -73.5118 37.312 3
    endloop
  endfacet
  facet normal -0 0 1
    outer loop
      vertex -73.6053 36.9478 3
      vertex -72.573 31.7634 3
      vertex -73.5471 37.127 3
    endloop
  endfacet
  facet normal 0 0 1
    outer loop
      vertex -72.3711 43.5547 3
      vertex -73.5118 37.688 3
      vertex -73.5 37.5 3
    endloop
  endfacet
  facet normal 0 0 1
    outer loop
      vertex -72.573 43.2366 3
      vertex -73.5471 37.873 3
      vertex -73.5118 37.688 3
    endloop
  endfacet
  facet normal 0 0 1
    outer loop
      vertex -72.573 43.2366 3
      vertex -73.6053 38.0522 3
      vertex -73.5471 37.873 3
    endloop
  endfacet
  facet normal 0 0 1
    outer loop
      vertex -72.8131 42.9464 3
      vertex -73.6855 38.2226 3
      vertex -73.6053 38.0522 3
    endloop
  endfacet
  facet normal 0 0 1
    outer loop
      vertex -74.0439 38.6558 3
      vertex -73.3925 42.467 3
      vertex -73.7227 42.2855 3
    endloop
  endfacet
  facet normal 0 0 1
    outer loop
      vertex -73.0877 42.6885 3
      vertex -73.7865 38.3817 3
      vertex -73.6855 38.2226 3
    endloop
  endfacet
  facet normal 0 0 1
    outer loop
      vertex -73.3925 42.467 3
      vertex -73.9065 38.5268 3
      vertex -73.7865 38.3817 3
    endloop
  endfacet
  facet normal 0 0 1
    outer loop
      vertex -73.3925 42.467 3
      vertex -74.0439 38.6558 3
      vertex -73.9065 38.5268 3
    endloop
  endfacet
  facet normal 0 0 1
    outer loop
      vertex -74.1963 38.7665 3
      vertex -73.7227 42.2855 3
      vertex -74.073 42.1468 3
    endloop
  endfacet
  facet normal 0 0 1
    outer loop
      vertex -73.7227 42.2855 3
      vertex -74.1963 38.7665 3
      vertex -74.0439 38.6558 3
    endloop
  endfacet
  facet normal 0 0 1
    outer loop
      vertex -74.073 42.1468 3
      vertex -74.3613 38.8572 3
      vertex -74.1963 38.7665 3
    endloop
  endfacet
  facet normal -0 0 1
    outer loop
      vertex -74.4379 42.0531 3
      vertex -74.3613 38.8572 3
      vertex -74.073 42.1468 3
    endloop
  endfacet
  facet normal 0 0 1
    outer loop
      vertex -74.4379 42.0531 3
      vertex -74.5365 38.9266 3
      vertex -74.3613 38.8572 3
    endloop
  endfacet
  facet normal 0 0 1
    outer loop
      vertex -74.4379 42.0531 3
      vertex -74.7189 38.9734 3
      vertex -74.5365 38.9266 3
    endloop
  endfacet
  facet normal -0 0 1
    outer loop
      vertex -74.8116 42.0059 3
      vertex -74.7189 38.9734 3
      vertex -74.4379 42.0531 3
    endloop
  endfacet
  facet normal 0 0 1
    outer loop
      vertex -74.8116 42.0059 3
      vertex -74.9058 38.997 3
      vertex -74.7189 38.9734 3
    endloop
  endfacet
  facet normal 0 0 1
    outer loop
      vertex -74.8116 42.0059 3
      vertex -75.0942 38.997 3
      vertex -74.9058 38.997 3
    endloop
  endfacet
  facet normal -0 0 1
    outer loop
      vertex -75.1884 42.0059 3
      vertex -75.0942 38.997 3
      vertex -74.8116 42.0059 3
    endloop
  endfacet
  facet normal 0 0 1
    outer loop
      vertex -75.1884 42.0059 3
      vertex -75.2811 38.9734 3
      vertex -75.0942 38.997 3
    endloop
  endfacet
  facet normal 0 0 1
    outer loop
      vertex -75.5621 42.0531 3
      vertex -75.2811 38.9734 3
      vertex -75.1884 42.0059 3
    endloop
  endfacet
  facet normal 0 0 1
    outer loop
      vertex -75.2811 38.9734 3
      vertex -75.5621 42.0531 3
      vertex -75.4635 38.9266 3
    endloop
  endfacet
  facet normal 0 0 1
    outer loop
      vertex -75.5621 42.0531 3
      vertex -75.6387 38.8572 3
      vertex -75.4635 38.9266 3
    endloop
  endfacet
  facet normal 0 0 1
    outer loop
      vertex -75.927 42.1468 3
      vertex -75.6387 38.8572 3
      vertex -75.5621 42.0531 3
    endloop
  endfacet
  facet normal 0 0 1
    outer loop
      vertex -75.6387 38.8572 3
      vertex -75.927 42.1468 3
      vertex -75.8037 38.7665 3
    endloop
  endfacet
  facet normal 0 0 1
    outer loop
      vertex -76.2773 42.2855 3
      vertex -75.8037 38.7665 3
      vertex -75.927 42.1468 3
    endloop
  endfacet
  facet normal 0 0 1
    outer loop
      vertex -75.8037 38.7665 3
      vertex -76.2773 42.2855 3
      vertex -75.9561 38.6558 3
    endloop
  endfacet
  facet normal 0 0 1
    outer loop
      vertex -76.6075 42.467 3
      vertex -75.9561 38.6558 3
      vertex -76.2773 42.2855 3
    endloop
  endfacet
  facet normal 0 0 1
    outer loop
      vertex -75.9561 38.6558 3
      vertex -76.6075 42.467 3
      vertex -76.0935 38.5268 3
    endloop
  endfacet
  facet normal 0 0 1
    outer loop
      vertex -76.0935 38.5268 3
      vertex -76.6075 42.467 3
      vertex -76.2135 38.3817 3
    endloop
  endfacet
  facet normal 0 0 1
    outer loop
      vertex -76.9123 42.6885 3
      vertex -76.2135 38.3817 3
      vertex -76.6075 42.467 3
    endloop
  endfacet
  facet normal 0 0 1
    outer loop
      vertex -76.2135 38.3817 3
      vertex -76.9123 42.6885 3
      vertex -76.3145 38.2226 3
    endloop
  endfacet
  facet normal 0 0 1
    outer loop
      vertex -77.1869 42.9464 3
      vertex -76.3145 38.2226 3
      vertex -76.9123 42.6885 3
    endloop
  endfacet
  facet normal 0 0 1
    outer loop
      vertex -76.3145 38.2226 3
      vertex -77.1869 42.9464 3
      vertex -76.3947 38.0522 3
    endloop
  endfacet
  facet normal 0 0 1
    outer loop
      vertex -77.427 43.2366 3
      vertex -76.3947 38.0522 3
      vertex -77.1869 42.9464 3
    endloop
  endfacet
  facet normal 0 0 1
    outer loop
      vertex -72.0237 45.376 3
      vertex 77.3139 81.9901 3
      vertex -72.0237 59.624 3
    endloop
  endfacet
  facet normal 0 0 1
    outer loop
      vertex 77.3139 81.9901 3
      vertex -72.0237 45.376 3
      vertex -72 45 3
    endloop
  endfacet
  facet normal -0 0 1
    outer loop
      vertex -72.0943 59.2539 3
      vertex -72.0237 45.376 3
      vertex -72.0237 59.624 3
    endloop
  endfacet
  facet normal 0 0 1
    outer loop
      vertex -72.0943 59.2539 3
      vertex -72.0943 45.7461 3
      vertex -72.0237 45.376 3
    endloop
  endfacet
  facet normal -0 0 1
    outer loop
      vertex -72.2107 58.8956 3
      vertex -72.0943 45.7461 3
      vertex -72.0943 59.2539 3
    endloop
  endfacet
  facet normal 0 0 1
    outer loop
      vertex -72.2107 58.8956 3
      vertex -72.2107 46.1044 3
      vertex -72.0943 45.7461 3
    endloop
  endfacet
  facet normal 0 0 1
    outer loop
      vertex -73.5 52.5 3
      vertex -72.2107 58.8956 3
      vertex -72.3711 58.5547 3
    endloop
  endfacet
  facet normal 0 0 1
    outer loop
      vertex -72.2107 58.8956 3
      vertex -73.5 52.5 3
      vertex -72.2107 46.1044 3
    endloop
  endfacet
  facet normal 0 0 1
    outer loop
      vertex -73.5118 52.688 3
      vertex -72.3711 58.5547 3
      vertex -72.573 58.2366 3
    endloop
  endfacet
  facet normal 0 0 1
    outer loop
      vertex -72.2107 46.1044 3
      vertex -73.5 52.5 3
      vertex -72.3711 46.4453 3
    endloop
  endfacet
  facet normal 0 0 1
    outer loop
      vertex -73.6053 53.0522 3
      vertex -72.573 58.2366 3
      vertex -72.8131 57.9464 3
    endloop
  endfacet
  facet normal -0 0 1
    outer loop
      vertex -73.5118 52.312 3
      vertex -72.3711 46.4453 3
      vertex -73.5 52.5 3
    endloop
  endfacet
  facet normal 0 0 1
    outer loop
      vertex -73.6855 53.2226 3
      vertex -72.8131 57.9464 3
      vertex -73.0877 57.6885 3
    endloop
  endfacet
  facet normal 0 0 1
    outer loop
      vertex -72.3711 46.4453 3
      vertex -73.5118 52.312 3
      vertex -72.573 46.7634 3
    endloop
  endfacet
  facet normal 0 0 1
    outer loop
      vertex -73.7865 53.3817 3
      vertex -73.0877 57.6885 3
      vertex -73.3925 57.467 3
    endloop
  endfacet
  facet normal -0 0 1
    outer loop
      vertex -73.5471 52.127 3
      vertex -72.573 46.7634 3
      vertex -73.5118 52.312 3
    endloop
  endfacet
  facet normal -0 0 1
    outer loop
      vertex -73.6053 51.9478 3
      vertex -72.573 46.7634 3
      vertex -73.5471 52.127 3
    endloop
  endfacet
  facet normal 0 0 1
    outer loop
      vertex -72.3711 58.5547 3
      vertex -73.5118 52.688 3
      vertex -73.5 52.5 3
    endloop
  endfacet
  facet normal 0 0 1
    outer loop
      vertex -72.573 58.2366 3
      vertex -73.5471 52.873 3
      vertex -73.5118 52.688 3
    endloop
  endfacet
  facet normal 0 0 1
    outer loop
      vertex -72.573 58.2366 3
      vertex -73.6053 53.0522 3
      vertex -73.5471 52.873 3
    endloop
  endfacet
  facet normal 0 0 1
    outer loop
      vertex -72.8131 57.9464 3
      vertex -73.6855 53.2226 3
      vertex -73.6053 53.0522 3
    endloop
  endfacet
  facet normal 0 0 1
    outer loop
      vertex -74.0439 53.6558 3
      vertex -73.3925 57.467 3
      vertex -73.7227 57.2855 3
    endloop
  endfacet
  facet normal 0 0 1
    outer loop
      vertex -73.0877 57.6885 3
      vertex -73.7865 53.3817 3
      vertex -73.6855 53.2226 3
    endloop
  endfacet
  facet normal 0 0 1
    outer loop
      vertex -73.3925 57.467 3
      vertex -73.9065 53.5268 3
      vertex -73.7865 53.3817 3
    endloop
  endfacet
  facet normal 0 0 1
    outer loop
      vertex -73.3925 57.467 3
      vertex -74.0439 53.6558 3
      vertex -73.9065 53.5268 3
    endloop
  endfacet
  facet normal 0 0 1
    outer loop
      vertex -74.1963 53.7665 3
      vertex -73.7227 57.2855 3
      vertex -74.073 57.1468 3
    endloop
  endfacet
  facet normal 0 0 1
    outer loop
      vertex -73.7227 57.2855 3
      vertex -74.1963 53.7665 3
      vertex -74.0439 53.6558 3
    endloop
  endfacet
  facet normal 0 0 1
    outer loop
      vertex -74.073 57.1468 3
      vertex -74.3613 53.8572 3
      vertex -74.1963 53.7665 3
    endloop
  endfacet
  facet normal -0 0 1
    outer loop
      vertex -74.4379 57.0531 3
      vertex -74.3613 53.8572 3
      vertex -74.073 57.1468 3
    endloop
  endfacet
  facet normal 0 0 1
    outer loop
      vertex -74.4379 57.0531 3
      vertex -74.5365 53.9266 3
      vertex -74.3613 53.8572 3
    endloop
  endfacet
  facet normal 0 0 1
    outer loop
      vertex -74.4379 57.0531 3
      vertex -74.7189 53.9734 3
      vertex -74.5365 53.9266 3
    endloop
  endfacet
  facet normal -0 0 1
    outer loop
      vertex -74.8116 57.0059 3
      vertex -74.7189 53.9734 3
      vertex -74.4379 57.0531 3
    endloop
  endfacet
  facet normal 0 0 1
    outer loop
      vertex -74.8116 57.0059 3
      vertex -74.9058 53.997 3
      vertex -74.7189 53.9734 3
    endloop
  endfacet
  facet normal 0 0 1
    outer loop
      vertex -74.8116 57.0059 3
      vertex -75.0942 53.997 3
      vertex -74.9058 53.997 3
    endloop
  endfacet
  facet normal -0 0 1
    outer loop
      vertex -75.1884 57.0059 3
      vertex -75.0942 53.997 3
      vertex -74.8116 57.0059 3
    endloop
  endfacet
  facet normal 0 0 1
    outer loop
      vertex -75.1884 57.0059 3
      vertex -75.2811 53.9734 3
      vertex -75.0942 53.997 3
    endloop
  endfacet
  facet normal 0 0 1
    outer loop
      vertex -75.5621 57.0531 3
      vertex -75.2811 53.9734 3
      vertex -75.1884 57.0059 3
    endloop
  endfacet
  facet normal 0 0 1
    outer loop
      vertex -75.2811 53.9734 3
      vertex -75.5621 57.0531 3
      vertex -75.4635 53.9266 3
    endloop
  endfacet
  facet normal 0 0 1
    outer loop
      vertex -75.5621 57.0531 3
      vertex -75.6387 53.8572 3
      vertex -75.4635 53.9266 3
    endloop
  endfacet
  facet normal 0 0 1
    outer loop
      vertex -75.927 57.1468 3
      vertex -75.6387 53.8572 3
      vertex -75.5621 57.0531 3
    endloop
  endfacet
  facet normal 0 0 1
    outer loop
      vertex -75.6387 53.8572 3
      vertex -75.927 57.1468 3
      vertex -75.8037 53.7665 3
    endloop
  endfacet
  facet normal 0 0 1
    outer loop
      vertex -76.2773 57.2855 3
      vertex -75.8037 53.7665 3
      vertex -75.927 57.1468 3
    endloop
  endfacet
  facet normal 0 0 1
    outer loop
      vertex -75.8037 53.7665 3
      vertex -76.2773 57.2855 3
      vertex -75.9561 53.6558 3
    endloop
  endfacet
  facet normal 0 0 1
    outer loop
      vertex -76.6075 57.467 3
      vertex -75.9561 53.6558 3
      vertex -76.2773 57.2855 3
    endloop
  endfacet
  facet normal 0 0 1
    outer loop
      vertex -75.9561 53.6558 3
      vertex -76.6075 57.467 3
      vertex -76.0935 53.5268 3
    endloop
  endfacet
  facet normal 0 0 1
    outer loop
      vertex -76.0935 53.5268 3
      vertex -76.6075 57.467 3
      vertex -76.2135 53.3817 3
    endloop
  endfacet
  facet normal 0 0 1
    outer loop
      vertex -76.9123 57.6885 3
      vertex -76.2135 53.3817 3
      vertex -76.6075 57.467 3
    endloop
  endfacet
  facet normal 0 0 1
    outer loop
      vertex -76.2135 53.3817 3
      vertex -76.9123 57.6885 3
      vertex -76.3145 53.2226 3
    endloop
  endfacet
  facet normal 0 0 1
    outer loop
      vertex -77.1869 57.9464 3
      vertex -76.3145 53.2226 3
      vertex -76.9123 57.6885 3
    endloop
  endfacet
  facet normal 0 0 1
    outer loop
      vertex -76.3145 53.2226 3
      vertex -77.1869 57.9464 3
      vertex -76.3947 53.0522 3
    endloop
  endfacet
  facet normal 0 0 1
    outer loop
      vertex -77.427 58.2366 3
      vertex -76.3947 53.0522 3
      vertex -77.1869 57.9464 3
    endloop
  endfacet
  facet normal 0 0 1
    outer loop
      vertex -72.0237 60.376 3
      vertex 77.3139 81.9901 3
      vertex -72.0237 74.624 3
    endloop
  endfacet
  facet normal 0 0 1
    outer loop
      vertex 77.3139 81.9901 3
      vertex -72.0237 60.376 3
      vertex -72 60 3
    endloop
  endfacet
  facet normal -0 0 1
    outer loop
      vertex -72.0943 74.2539 3
      vertex -72.0237 60.376 3
      vertex -72.0237 74.624 3
    endloop
  endfacet
  facet normal 0 0 1
    outer loop
      vertex -72.0943 74.2539 3
      vertex -72.0943 60.7461 3
      vertex -72.0237 60.376 3
    endloop
  endfacet
  facet normal -0 0 1
    outer loop
      vertex -72.2107 73.8956 3
      vertex -72.0943 60.7461 3
      vertex -72.0943 74.2539 3
    endloop
  endfacet
  facet normal 0 0 1
    outer loop
      vertex -72.2107 73.8956 3
      vertex -72.2107 61.1044 3
      vertex -72.0943 60.7461 3
    endloop
  endfacet
  facet normal 0 0 1
    outer loop
      vertex -73.5 67.5 3
      vertex -72.2107 73.8956 3
      vertex -72.3711 73.5547 3
    endloop
  endfacet
  facet normal 0 0 1
    outer loop
      vertex -72.2107 73.8956 3
      vertex -73.5 67.5 3
      vertex -72.2107 61.1044 3
    endloop
  endfacet
  facet normal 0 0 1
    outer loop
      vertex -73.5118 67.688 3
      vertex -72.3711 73.5547 3
      vertex -72.573 73.2366 3
    endloop
  endfacet
  facet normal 0 0 1
    outer loop
      vertex -72.2107 61.1044 3
      vertex -73.5 67.5 3
      vertex -72.3711 61.4453 3
    endloop
  endfacet
  facet normal 0 0 1
    outer loop
      vertex -73.6053 68.0522 3
      vertex -72.573 73.2366 3
      vertex -72.8131 72.9464 3
    endloop
  endfacet
  facet normal -0 0 1
    outer loop
      vertex -73.5118 67.312 3
      vertex -72.3711 61.4453 3
      vertex -73.5 67.5 3
    endloop
  endfacet
  facet normal 0 0 1
    outer loop
      vertex -73.6855 68.2226 3
      vertex -72.8131 72.9464 3
      vertex -73.0877 72.6885 3
    endloop
  endfacet
  facet normal 0 0 1
    outer loop
      vertex -72.3711 61.4453 3
      vertex -73.5118 67.312 3
      vertex -72.573 61.7634 3
    endloop
  endfacet
  facet normal 0 0 1
    outer loop
      vertex -73.7865 68.3817 3
      vertex -73.0877 72.6885 3
      vertex -73.3925 72.467 3
    endloop
  endfacet
  facet normal -0 0 1
    outer loop
      vertex -73.5471 67.127 3
      vertex -72.573 61.7634 3
      vertex -73.5118 67.312 3
    endloop
  endfacet
  facet normal -0 0 1
    outer loop
      vertex -73.6053 66.9478 3
      vertex -72.573 61.7634 3
      vertex -73.5471 67.127 3
    endloop
  endfacet
  facet normal 0 0 1
    outer loop
      vertex -72.3711 73.5547 3
      vertex -73.5118 67.688 3
      vertex -73.5 67.5 3
    endloop
  endfacet
  facet normal 0 0 1
    outer loop
      vertex -72.573 73.2366 3
      vertex -73.5471 67.873 3
      vertex -73.5118 67.688 3
    endloop
  endfacet
  facet normal 0 0 1
    outer loop
      vertex -72.573 73.2366 3
      vertex -73.6053 68.0522 3
      vertex -73.5471 67.873 3
    endloop
  endfacet
  facet normal 0 0 1
    outer loop
      vertex -72.8131 72.9464 3
      vertex -73.6855 68.2226 3
      vertex -73.6053 68.0522 3
    endloop
  endfacet
  facet normal 0 0 1
    outer loop
      vertex -74.0439 68.6558 3
      vertex -73.3925 72.467 3
      vertex -73.7227 72.2855 3
    endloop
  endfacet
  facet normal 0 0 1
    outer loop
      vertex -73.0877 72.6885 3
      vertex -73.7865 68.3817 3
      vertex -73.6855 68.2226 3
    endloop
  endfacet
  facet normal 0 0 1
    outer loop
      vertex -73.3925 72.467 3
      vertex -73.9065 68.5268 3
      vertex -73.7865 68.3817 3
    endloop
  endfacet
  facet normal 0 0 1
    outer loop
      vertex -73.3925 72.467 3
      vertex -74.0439 68.6558 3
      vertex -73.9065 68.5268 3
    endloop
  endfacet
  facet normal 0 0 1
    outer loop
      vertex -74.1963 68.7665 3
      vertex -73.7227 72.2855 3
      vertex -74.073 72.1468 3
    endloop
  endfacet
  facet normal 0 0 1
    outer loop
      vertex -73.7227 72.2855 3
      vertex -74.1963 68.7665 3
      vertex -74.0439 68.6558 3
    endloop
  endfacet
  facet normal 0 0 1
    outer loop
      vertex -74.073 72.1468 3
      vertex -74.3613 68.8572 3
      vertex -74.1963 68.7665 3
    endloop
  endfacet
  facet normal -0 0 1
    outer loop
      vertex -74.4379 72.0531 3
      vertex -74.3613 68.8572 3
      vertex -74.073 72.1468 3
    endloop
  endfacet
  facet normal 0 0 1
    outer loop
      vertex -74.4379 72.0531 3
      vertex -74.5365 68.9266 3
      vertex -74.3613 68.8572 3
    endloop
  endfacet
  facet normal 0 0 1
    outer loop
      vertex -74.4379 72.0531 3
      vertex -74.7189 68.9734 3
      vertex -74.5365 68.9266 3
    endloop
  endfacet
  facet normal -0 0 1
    outer loop
      vertex -74.8116 72.0059 3
      vertex -74.7189 68.9734 3
      vertex -74.4379 72.0531 3
    endloop
  endfacet
  facet normal 0 0 1
    outer loop
      vertex -74.8116 72.0059 3
      vertex -74.9058 68.997 3
      vertex -74.7189 68.9734 3
    endloop
  endfacet
  facet normal 0 0 1
    outer loop
      vertex -74.8116 72.0059 3
      vertex -75.0942 68.997 3
      vertex -74.9058 68.997 3
    endloop
  endfacet
  facet normal -0 0 1
    outer loop
      vertex -75.1884 72.0059 3
      vertex -75.0942 68.997 3
      vertex -74.8116 72.0059 3
    endloop
  endfacet
  facet normal 0 0 1
    outer loop
      vertex -75.1884 72.0059 3
      vertex -75.2811 68.9734 3
      vertex -75.0942 68.997 3
    endloop
  endfacet
  facet normal 0 0 1
    outer loop
      vertex -75.5621 72.0531 3
      vertex -75.2811 68.9734 3
      vertex -75.1884 72.0059 3
    endloop
  endfacet
  facet normal 0 0 1
    outer loop
      vertex -75.2811 68.9734 3
      vertex -75.5621 72.0531 3
      vertex -75.4635 68.9266 3
    endloop
  endfacet
  facet normal 0 0 1
    outer loop
      vertex -75.5621 72.0531 3
      vertex -75.6387 68.8572 3
      vertex -75.4635 68.9266 3
    endloop
  endfacet
  facet normal 0 0 1
    outer loop
      vertex -75.927 72.1468 3
      vertex -75.6387 68.8572 3
      vertex -75.5621 72.0531 3
    endloop
  endfacet
  facet normal 0 0 1
    outer loop
      vertex -75.6387 68.8572 3
      vertex -75.927 72.1468 3
      vertex -75.8037 68.7665 3
    endloop
  endfacet
  facet normal 0 0 1
    outer loop
      vertex -76.2773 72.2855 3
      vertex -75.8037 68.7665 3
      vertex -75.927 72.1468 3
    endloop
  endfacet
  facet normal 0 0 1
    outer loop
      vertex -75.8037 68.7665 3
      vertex -76.2773 72.2855 3
      vertex -75.9561 68.6558 3
    endloop
  endfacet
  facet normal 0 0 1
    outer loop
      vertex -76.6075 72.467 3
      vertex -75.9561 68.6558 3
      vertex -76.2773 72.2855 3
    endloop
  endfacet
  facet normal 0 0 1
    outer loop
      vertex -75.9561 68.6558 3
      vertex -76.6075 72.467 3
      vertex -76.0935 68.5268 3
    endloop
  endfacet
  facet normal 0 0 1
    outer loop
      vertex -76.0935 68.5268 3
      vertex -76.6075 72.467 3
      vertex -76.2135 68.3817 3
    endloop
  endfacet
  facet normal 0 0 1
    outer loop
      vertex -76.9123 72.6885 3
      vertex -76.2135 68.3817 3
      vertex -76.6075 72.467 3
    endloop
  endfacet
  facet normal 0 0 1
    outer loop
      vertex -76.2135 68.3817 3
      vertex -76.9123 72.6885 3
      vertex -76.3145 68.2226 3
    endloop
  endfacet
  facet normal 0 0 1
    outer loop
      vertex -77.1869 72.9464 3
      vertex -76.3145 68.2226 3
      vertex -76.9123 72.6885 3
    endloop
  endfacet
  facet normal 0 0 1
    outer loop
      vertex -76.3145 68.2226 3
      vertex -77.1869 72.9464 3
      vertex -76.3947 68.0522 3
    endloop
  endfacet
  facet normal 0 0 1
    outer loop
      vertex -77.427 73.2366 3
      vertex -76.3947 68.0522 3
      vertex -77.1869 72.9464 3
    endloop
  endfacet
  facet normal 0 0 1
    outer loop
      vertex 77.3139 81.9901 3
      vertex 82 77 3
      vertex 81.9606 77.6267 3
    endloop
  endfacet
  facet normal 0 0 1
    outer loop
      vertex 82 77 3
      vertex -72 0 3
      vertex 82 -77 3
    endloop
  endfacet
  facet normal 0 0 1
    outer loop
      vertex 77.3139 81.9901 3
      vertex 81.9606 77.6267 3
      vertex 81.8429 78.2434 3
    endloop
  endfacet
  facet normal -0 0 1
    outer loop
      vertex -72.0237 -0.375999 3
      vertex 82 -77 3
      vertex -72 0 3
    endloop
  endfacet
  facet normal 0 0 1
    outer loop
      vertex 77.3139 81.9901 3
      vertex 81.8429 78.2434 3
      vertex 81.6489 78.8406 3
    endloop
  endfacet
  facet normal 0 -0 1
    outer loop
      vertex 77.3139 -81.9901 3
      vertex 82 -77 3
      vertex -72 -15 3
    endloop
  endfacet
  facet normal 0 0 1
    outer loop
      vertex 77.3139 81.9901 3
      vertex 81.6489 78.8406 3
      vertex 81.3815 79.4088 3
    endloop
  endfacet
  facet normal 0 0 1
    outer loop
      vertex 82 77 3
      vertex 77.3139 81.9901 3
      vertex -72 15 3
    endloop
  endfacet
  facet normal 0 0 1
    outer loop
      vertex 77.3139 81.9901 3
      vertex 81.3815 79.4088 3
      vertex 81.0451 79.9389 3
    endloop
  endfacet
  facet normal 0 0 1
    outer loop
      vertex 82 -77 3
      vertex 77.3139 -81.9901 3
      vertex 81.9606 -77.6267 3
    endloop
  endfacet
  facet normal 0 0 1
    outer loop
      vertex 77.3139 81.9901 3
      vertex 81.0451 79.9389 3
      vertex 80.6448 80.4227 3
    endloop
  endfacet
  facet normal 0 0 1
    outer loop
      vertex 81.6489 -78.8406 3
      vertex 77.3139 -81.9901 3
      vertex 81.3815 -79.4088 3
    endloop
  endfacet
  facet normal 0 0 1
    outer loop
      vertex 77.3139 81.9901 3
      vertex 80.6448 80.4227 3
      vertex 80.1871 80.8526 3
    endloop
  endfacet
  facet normal 0 0 1
    outer loop
      vertex 81.3815 -79.4088 3
      vertex 77.3139 -81.9901 3
      vertex 81.0451 -79.9389 3
    endloop
  endfacet
  facet normal 0 0 1
    outer loop
      vertex 77.3139 81.9901 3
      vertex 80.1871 80.8526 3
      vertex 79.6791 81.2216 3
    endloop
  endfacet
  facet normal 0 0 1
    outer loop
      vertex 81.0451 -79.9389 3
      vertex 77.3139 -81.9901 3
      vertex 80.6448 -80.4227 3
    endloop
  endfacet
  facet normal 0 0 1
    outer loop
      vertex 77.3139 81.9901 3
      vertex 79.6791 81.2216 3
      vertex 79.1289 81.5241 3
    endloop
  endfacet
  facet normal 0 0 1
    outer loop
      vertex 80.6448 -80.4227 3
      vertex 77.3139 -81.9901 3
      vertex 80.1871 -80.8526 3
    endloop
  endfacet
  facet normal 0 0 1
    outer loop
      vertex 77.3139 81.9901 3
      vertex 79.1289 81.5241 3
      vertex 78.5451 81.7553 3
    endloop
  endfacet
  facet normal 0 0 1
    outer loop
      vertex 80.1871 -80.8526 3
      vertex 77.3139 -81.9901 3
      vertex 79.6791 -81.2216 3
    endloop
  endfacet
  facet normal 0 0 1
    outer loop
      vertex 77.3139 81.9901 3
      vertex 78.5451 81.7553 3
      vertex 77.9369 81.9114 3
    endloop
  endfacet
  facet normal 0 0 1
    outer loop
      vertex 79.6791 -81.2216 3
      vertex 77.3139 -81.9901 3
      vertex 79.1289 -81.5241 3
    endloop
  endfacet
  facet normal 0 0 1
    outer loop
      vertex 79.1289 -81.5241 3
      vertex 77.3139 -81.9901 3
      vertex 78.5451 -81.7553 3
    endloop
  endfacet
  facet normal 0 0 1
    outer loop
      vertex 78.5451 -81.7553 3
      vertex 77.3139 -81.9901 3
      vertex 77.9369 -81.9114 3
    endloop
  endfacet
  facet normal 0 0 1
    outer loop
      vertex -72.0237 74.624 3
      vertex 77.3139 81.9901 3
      vertex -72 75 3
    endloop
  endfacet
  facet normal 0 0 1
    outer loop
      vertex 77.3139 81.9901 3
      vertex -72.0237 75.376 3
      vertex -72 75 3
    endloop
  endfacet
  facet normal 0 0 1
    outer loop
      vertex 77.3139 81.9901 3
      vertex -72.0943 75.7461 3
      vertex -72.0237 75.376 3
    endloop
  endfacet
  facet normal 0 0 1
    outer loop
      vertex 77.3139 81.9901 3
      vertex -72.2107 76.1044 3
      vertex -72.0943 75.7461 3
    endloop
  endfacet
  facet normal 0 0 1
    outer loop
      vertex 77.3139 81.9901 3
      vertex -72.3711 76.4453 3
      vertex -72.2107 76.1044 3
    endloop
  endfacet
  facet normal 0 0 1
    outer loop
      vertex 77.3139 81.9901 3
      vertex -72.573 76.7634 3
      vertex -72.3711 76.4453 3
    endloop
  endfacet
  facet normal 0 0 1
    outer loop
      vertex 77.3139 81.9901 3
      vertex -72.8131 77.0536 3
      vertex -72.573 76.7634 3
    endloop
  endfacet
  facet normal -0 0 1
    outer loop
      vertex -77.3139 81.9901 3
      vertex -72.8131 77.0536 3
      vertex 77.3139 81.9901 3
    endloop
  endfacet
  facet normal 0 0 1
    outer loop
      vertex -72.8131 77.0536 3
      vertex -77.3139 81.9901 3
      vertex -73.0877 77.3115 3
    endloop
  endfacet
  facet normal 0 0 1
    outer loop
      vertex -73.0877 77.3115 3
      vertex -77.3139 81.9901 3
      vertex -73.3925 77.533 3
    endloop
  endfacet
  facet normal 0 0 1
    outer loop
      vertex -73.3925 77.533 3
      vertex -77.3139 81.9901 3
      vertex -73.7227 77.7145 3
    endloop
  endfacet
  facet normal 0 0 1
    outer loop
      vertex -73.7227 77.7145 3
      vertex -77.3139 81.9901 3
      vertex -74.073 77.8532 3
    endloop
  endfacet
  facet normal 0 0 1
    outer loop
      vertex -74.073 77.8532 3
      vertex -77.3139 81.9901 3
      vertex -74.4379 77.9469 3
    endloop
  endfacet
  facet normal 0 0 1
    outer loop
      vertex -74.4379 77.9469 3
      vertex -77.3139 81.9901 3
      vertex -74.8116 77.9941 3
    endloop
  endfacet
  facet normal 0 0 1
    outer loop
      vertex -74.8116 77.9941 3
      vertex -77.3139 81.9901 3
      vertex -75.1884 77.9941 3
    endloop
  endfacet
  facet normal 0 0 1
    outer loop
      vertex -77.3139 81.9901 3
      vertex -75.5621 77.9469 3
      vertex -75.1884 77.9941 3
    endloop
  endfacet
  facet normal 0 0 1
    outer loop
      vertex -77.3139 81.9901 3
      vertex -75.927 77.8532 3
      vertex -75.5621 77.9469 3
    endloop
  endfacet
  facet normal 0 0 1
    outer loop
      vertex -77.3139 81.9901 3
      vertex -76.2773 77.7145 3
      vertex -75.927 77.8532 3
    endloop
  endfacet
  facet normal -0 0 1
    outer loop
      vertex -77.9369 81.9114 3
      vertex -76.2773 77.7145 3
      vertex -77.3139 81.9901 3
    endloop
  endfacet
  facet normal 0 0 1
    outer loop
      vertex -76.2773 77.7145 3
      vertex -77.9369 81.9114 3
      vertex -76.6075 77.533 3
    endloop
  endfacet
  facet normal -0 0 1
    outer loop
      vertex -78.5451 81.7553 3
      vertex -76.6075 77.533 3
      vertex -77.9369 81.9114 3
    endloop
  endfacet
  facet normal -0 0 1
    outer loop
      vertex -79.1289 81.5241 3
      vertex -76.6075 77.533 3
      vertex -78.5451 81.7553 3
    endloop
  endfacet
  facet normal 0 0 1
    outer loop
      vertex -76.6075 77.533 3
      vertex -79.1289 81.5241 3
      vertex -76.9123 77.3115 3
    endloop
  endfacet
  facet normal -0 0 1
    outer loop
      vertex -79.6791 81.2216 3
      vertex -76.9123 77.3115 3
      vertex -79.1289 81.5241 3
    endloop
  endfacet
  facet normal -0 0 1
    outer loop
      vertex -80.1871 80.8526 3
      vertex -76.9123 77.3115 3
      vertex -79.6791 81.2216 3
    endloop
  endfacet
  facet normal 0 0 1
    outer loop
      vertex -76.9123 77.3115 3
      vertex -80.1871 80.8526 3
      vertex -77.1869 77.0536 3
    endloop
  endfacet
  facet normal -0 0 1
    outer loop
      vertex -80.6448 80.4227 3
      vertex -77.1869 77.0536 3
      vertex -80.1871 80.8526 3
    endloop
  endfacet
  facet normal -0 0 1
    outer loop
      vertex -81.0451 79.9389 3
      vertex -77.1869 77.0536 3
      vertex -80.6448 80.4227 3
    endloop
  endfacet
  facet normal 0 0 1
    outer loop
      vertex -77.9763 60.376 3
      vertex -82 77 3
      vertex -78 60 3
    endloop
  endfacet
  facet normal 0 0 1
    outer loop
      vertex -78 60 3
      vertex -82 77 3
      vertex -78 45 3
    endloop
  endfacet
  facet normal 0 0 1
    outer loop
      vertex -78 45 3
      vertex -82 77 3
      vertex -78 30 3
    endloop
  endfacet
  facet normal 0 0 1
    outer loop
      vertex -78 30 3
      vertex -82 77 3
      vertex -78 15 3
    endloop
  endfacet
  facet normal 0 0 1
    outer loop
      vertex -78 15 3
      vertex -82 77 3
      vertex -78 0 3
    endloop
  endfacet
  facet normal 0 0 1
    outer loop
      vertex -82 -77 3
      vertex -78 0 3
      vertex -82 77 3
    endloop
  endfacet
  facet normal 0 0 1
    outer loop
      vertex -78 0 3
      vertex -82 -77 3
      vertex -78 -15 3
    endloop
  endfacet
  facet normal 0 0 1
    outer loop
      vertex -78 -15 3
      vertex -82 -77 3
      vertex -78 -30 3
    endloop
  endfacet
  facet normal 0 0 1
    outer loop
      vertex -78 -30 3
      vertex -82 -77 3
      vertex -78 -45 3
    endloop
  endfacet
  facet normal -0 0 1
    outer loop
      vertex -81.3815 79.4088 3
      vertex -77.427 76.7634 3
      vertex -81.0451 79.9389 3
    endloop
  endfacet
  facet normal 0 0 1
    outer loop
      vertex -77.1869 77.0536 3
      vertex -81.0451 79.9389 3
      vertex -77.427 76.7634 3
    endloop
  endfacet
  facet normal 0 0 1
    outer loop
      vertex -72.0237 59.624 3
      vertex 77.3139 81.9901 3
      vertex -72 60 3
    endloop
  endfacet
  facet normal 0 0 1
    outer loop
      vertex -72.0237 44.624 3
      vertex 77.3139 81.9901 3
      vertex -72 45 3
    endloop
  endfacet
  facet normal 0 0 1
    outer loop
      vertex -72.0237 29.624 3
      vertex 77.3139 81.9901 3
      vertex -72 30 3
    endloop
  endfacet
  facet normal 0 0 1
    outer loop
      vertex -72.0237 14.624 3
      vertex 82 77 3
      vertex -72 15 3
    endloop
  endfacet
  facet normal 0 0 1
    outer loop
      vertex 81.8429 -78.2434 3
      vertex 77.3139 -81.9901 3
      vertex 81.6489 -78.8406 3
    endloop
  endfacet
  facet normal 0 0 1
    outer loop
      vertex 81.9606 -77.6267 3
      vertex 77.3139 -81.9901 3
      vertex 81.8429 -78.2434 3
    endloop
  endfacet
  facet normal -0 0 1
    outer loop
      vertex -72.0237 -15.376 3
      vertex 77.3139 -81.9901 3
      vertex -72 -15 3
    endloop
  endfacet
  facet normal -0 0 1
    outer loop
      vertex -72.0237 -30.376 3
      vertex 77.3139 -81.9901 3
      vertex -72 -30 3
    endloop
  endfacet
  facet normal -0 0 1
    outer loop
      vertex -72.0237 -45.376 3
      vertex 77.3139 -81.9901 3
      vertex -72 -45 3
    endloop
  endfacet
  facet normal -0 0 1
    outer loop
      vertex -72.0237 -60.376 3
      vertex 77.3139 -81.9901 3
      vertex -72 -60 3
    endloop
  endfacet
  facet normal -0 0 1
    outer loop
      vertex -72.0237 -75.376 3
      vertex 77.3139 -81.9901 3
      vertex -72 -75 3
    endloop
  endfacet
  facet normal -0 0 1
    outer loop
      vertex -72.0943 -75.7461 3
      vertex 77.3139 -81.9901 3
      vertex -72.0237 -75.376 3
    endloop
  endfacet
  facet normal -0 0 1
    outer loop
      vertex -72.2107 -76.1044 3
      vertex 77.3139 -81.9901 3
      vertex -72.0943 -75.7461 3
    endloop
  endfacet
  facet normal -0 0 1
    outer loop
      vertex -72.3711 -76.4453 3
      vertex 77.3139 -81.9901 3
      vertex -72.2107 -76.1044 3
    endloop
  endfacet
  facet normal -0 0 1
    outer loop
      vertex -72.573 -76.7634 3
      vertex 77.3139 -81.9901 3
      vertex -72.3711 -76.4453 3
    endloop
  endfacet
  facet normal -0 0 1
    outer loop
      vertex -72.8131 -77.0536 3
      vertex 77.3139 -81.9901 3
      vertex -72.573 -76.7634 3
    endloop
  endfacet
  facet normal 0 0 1
    outer loop
      vertex -77.3139 -81.9901 3
      vertex -72.8131 -77.0536 3
      vertex -73.0877 -77.3115 3
    endloop
  endfacet
  facet normal 0 0 1
    outer loop
      vertex -77.3139 -81.9901 3
      vertex -73.0877 -77.3115 3
      vertex -73.3925 -77.533 3
    endloop
  endfacet
  facet normal 0 0 1
    outer loop
      vertex -77.3139 -81.9901 3
      vertex -73.3925 -77.533 3
      vertex -73.7227 -77.7145 3
    endloop
  endfacet
  facet normal 0 0 1
    outer loop
      vertex -77.3139 -81.9901 3
      vertex -73.7227 -77.7145 3
      vertex -74.073 -77.8532 3
    endloop
  endfacet
  facet normal 0 0 1
    outer loop
      vertex -77.3139 -81.9901 3
      vertex -74.073 -77.8532 3
      vertex -74.4379 -77.9469 3
    endloop
  endfacet
  facet normal 0 0 1
    outer loop
      vertex -77.3139 -81.9901 3
      vertex -74.4379 -77.9469 3
      vertex -74.8116 -77.9941 3
    endloop
  endfacet
  facet normal 0 0 1
    outer loop
      vertex -77.3139 -81.9901 3
      vertex -74.8116 -77.9941 3
      vertex -75.1884 -77.9941 3
    endloop
  endfacet
  facet normal 0 0 1
    outer loop
      vertex -72.8131 -77.0536 3
      vertex -77.3139 -81.9901 3
      vertex 77.3139 -81.9901 3
    endloop
  endfacet
  facet normal 0 0 1
    outer loop
      vertex -75.5621 -77.9469 3
      vertex -77.3139 -81.9901 3
      vertex -75.1884 -77.9941 3
    endloop
  endfacet
  facet normal 0 0 1
    outer loop
      vertex -75.927 -77.8532 3
      vertex -77.3139 -81.9901 3
      vertex -75.5621 -77.9469 3
    endloop
  endfacet
  facet normal 0 0 1
    outer loop
      vertex -76.2773 -77.7145 3
      vertex -77.3139 -81.9901 3
      vertex -75.927 -77.8532 3
    endloop
  endfacet
  facet normal 0 0 1
    outer loop
      vertex -77.9369 -81.9114 3
      vertex -76.2773 -77.7145 3
      vertex -76.6075 -77.533 3
    endloop
  endfacet
  facet normal 0 0 1
    outer loop
      vertex -79.1289 -81.5241 3
      vertex -76.6075 -77.533 3
      vertex -76.9123 -77.3115 3
    endloop
  endfacet
  facet normal 0 0 1
    outer loop
      vertex -80.1871 -80.8526 3
      vertex -76.9123 -77.3115 3
      vertex -77.1869 -77.0536 3
    endloop
  endfacet
  facet normal 0 0 1
    outer loop
      vertex -81.0451 -79.9389 3
      vertex -77.1869 -77.0536 3
      vertex -77.427 -76.7634 3
    endloop
  endfacet
  facet normal 0 0 1
    outer loop
      vertex -81.6489 -78.8406 3
      vertex -77.427 -76.7634 3
      vertex -77.6289 -76.4453 3
    endloop
  endfacet
  facet normal 0 0 1
    outer loop
      vertex -81.9606 -77.6267 3
      vertex -77.6289 -76.4453 3
      vertex -77.7893 -76.1044 3
    endloop
  endfacet
  facet normal 0 0 1
    outer loop
      vertex -82 -77 3
      vertex -77.7893 -76.1044 3
      vertex -77.9057 -75.7461 3
    endloop
  endfacet
  facet normal 0 0 1
    outer loop
      vertex -76.2773 -77.7145 3
      vertex -77.9369 -81.9114 3
      vertex -77.3139 -81.9901 3
    endloop
  endfacet
  facet normal 0 0 1
    outer loop
      vertex -82 -77 3
      vertex -77.9057 -75.7461 3
      vertex -77.9763 -75.376 3
    endloop
  endfacet
  facet normal 0 0 1
    outer loop
      vertex -82 -77 3
      vertex -77.9763 -75.376 3
      vertex -78 -75 3
    endloop
  endfacet
  facet normal 0 0 1
    outer loop
      vertex -76.6075 -77.533 3
      vertex -78.5451 -81.7553 3
      vertex -77.9369 -81.9114 3
    endloop
  endfacet
  facet normal 0 0 1
    outer loop
      vertex -78 -45 3
      vertex -82 -77 3
      vertex -78 -60 3
    endloop
  endfacet
  facet normal -0 0 1
    outer loop
      vertex -81.6489 78.8406 3
      vertex -77.427 76.7634 3
      vertex -81.3815 79.4088 3
    endloop
  endfacet
  facet normal 0 0 1
    outer loop
      vertex -78 -60 3
      vertex -82 -77 3
      vertex -78 -75 3
    endloop
  endfacet
  facet normal 0 0 1
    outer loop
      vertex -77.427 76.7634 3
      vertex -81.6489 78.8406 3
      vertex -77.6289 76.4453 3
    endloop
  endfacet
  facet normal 0 0 1
    outer loop
      vertex -77.7893 -76.1044 3
      vertex -82 -77 3
      vertex -81.9606 -77.6267 3
    endloop
  endfacet
  facet normal -0 0 1
    outer loop
      vertex -81.8429 78.2434 3
      vertex -77.6289 76.4453 3
      vertex -81.6489 78.8406 3
    endloop
  endfacet
  facet normal 0 0 1
    outer loop
      vertex -76.6075 -77.533 3
      vertex -79.1289 -81.5241 3
      vertex -78.5451 -81.7553 3
    endloop
  endfacet
  facet normal -0 0 1
    outer loop
      vertex -81.9606 77.6267 3
      vertex -77.6289 76.4453 3
      vertex -81.8429 78.2434 3
    endloop
  endfacet
  facet normal 0 0 1
    outer loop
      vertex -76.9123 -77.3115 3
      vertex -79.6791 -81.2216 3
      vertex -79.1289 -81.5241 3
    endloop
  endfacet
  facet normal 0 0 1
    outer loop
      vertex -77.6289 76.4453 3
      vertex -81.9606 77.6267 3
      vertex -77.7893 76.1044 3
    endloop
  endfacet
  facet normal 0 0 1
    outer loop
      vertex -76.9123 -77.3115 3
      vertex -80.1871 -80.8526 3
      vertex -79.6791 -81.2216 3
    endloop
  endfacet
  facet normal -0 0 1
    outer loop
      vertex -82 77 3
      vertex -77.7893 76.1044 3
      vertex -81.9606 77.6267 3
    endloop
  endfacet
  facet normal 0 0 1
    outer loop
      vertex -77.1869 -77.0536 3
      vertex -80.6448 -80.4227 3
      vertex -80.1871 -80.8526 3
    endloop
  endfacet
  facet normal 0 0 1
    outer loop
      vertex -77.7893 76.1044 3
      vertex -82 77 3
      vertex -77.9057 75.7461 3
    endloop
  endfacet
  facet normal 0 0 1
    outer loop
      vertex -77.1869 -77.0536 3
      vertex -81.0451 -79.9389 3
      vertex -80.6448 -80.4227 3
    endloop
  endfacet
  facet normal 0 0 1
    outer loop
      vertex -77.9057 75.7461 3
      vertex -82 77 3
      vertex -77.9763 75.376 3
    endloop
  endfacet
  facet normal 0 0 1
    outer loop
      vertex -77.427 -76.7634 3
      vertex -81.3815 -79.4088 3
      vertex -81.0451 -79.9389 3
    endloop
  endfacet
  facet normal 0 0 1
    outer loop
      vertex -77.9763 75.376 3
      vertex -82 77 3
      vertex -78 75 3
    endloop
  endfacet
  facet normal 0 0 1
    outer loop
      vertex -77.427 -76.7634 3
      vertex -81.6489 -78.8406 3
      vertex -81.3815 -79.4088 3
    endloop
  endfacet
  facet normal 0 0 1
    outer loop
      vertex -77.6289 -76.4453 3
      vertex -81.8429 -78.2434 3
      vertex -81.6489 -78.8406 3
    endloop
  endfacet
  facet normal 0 0 1
    outer loop
      vertex -77.6289 -76.4453 3
      vertex -81.9606 -77.6267 3
      vertex -81.8429 -78.2434 3
    endloop
  endfacet
  facet normal 0 0 1
    outer loop
      vertex -72.573 61.7634 3
      vertex -73.6053 66.9478 3
      vertex -72.8131 62.0536 3
    endloop
  endfacet
  facet normal -0 0 1
    outer loop
      vertex -73.6855 66.7774 3
      vertex -72.8131 62.0536 3
      vertex -73.6053 66.9478 3
    endloop
  endfacet
  facet normal 0 0 1
    outer loop
      vertex -72.8131 62.0536 3
      vertex -73.6855 66.7774 3
      vertex -73.0877 62.3115 3
    endloop
  endfacet
  facet normal -0 0 1
    outer loop
      vertex -73.7865 66.6183 3
      vertex -73.0877 62.3115 3
      vertex -73.6855 66.7774 3
    endloop
  endfacet
  facet normal 0 0 1
    outer loop
      vertex -73.0877 62.3115 3
      vertex -73.7865 66.6183 3
      vertex -73.3925 62.533 3
    endloop
  endfacet
  facet normal -0 0 1
    outer loop
      vertex -73.9065 66.4732 3
      vertex -73.3925 62.533 3
      vertex -73.7865 66.6183 3
    endloop
  endfacet
  facet normal -0 0 1
    outer loop
      vertex -74.0439 66.3442 3
      vertex -73.3925 62.533 3
      vertex -73.9065 66.4732 3
    endloop
  endfacet
  facet normal 0 0 1
    outer loop
      vertex -73.3925 62.533 3
      vertex -74.0439 66.3442 3
      vertex -73.7227 62.7145 3
    endloop
  endfacet
  facet normal -0 0 1
    outer loop
      vertex -74.1963 66.2335 3
      vertex -73.7227 62.7145 3
      vertex -74.0439 66.3442 3
    endloop
  endfacet
  facet normal 0 0 1
    outer loop
      vertex -73.7227 62.7145 3
      vertex -74.1963 66.2335 3
      vertex -74.073 62.8532 3
    endloop
  endfacet
  facet normal -0 0 1
    outer loop
      vertex -74.3613 66.1428 3
      vertex -74.073 62.8532 3
      vertex -74.1963 66.2335 3
    endloop
  endfacet
  facet normal 0 0 1
    outer loop
      vertex -74.3613 66.1428 3
      vertex -74.4379 62.9469 3
      vertex -74.073 62.8532 3
    endloop
  endfacet
  facet normal -0 0 1
    outer loop
      vertex -74.5365 66.0734 3
      vertex -74.4379 62.9469 3
      vertex -74.3613 66.1428 3
    endloop
  endfacet
  facet normal -0 0 1
    outer loop
      vertex -74.7189 66.0266 3
      vertex -74.4379 62.9469 3
      vertex -74.5365 66.0734 3
    endloop
  endfacet
  facet normal 0 0 1
    outer loop
      vertex -74.7189 66.0266 3
      vertex -74.8116 62.9941 3
      vertex -74.4379 62.9469 3
    endloop
  endfacet
  facet normal -0 0 1
    outer loop
      vertex -74.9058 66.003 3
      vertex -74.8116 62.9941 3
      vertex -74.7189 66.0266 3
    endloop
  endfacet
  facet normal -0 0 1
    outer loop
      vertex -75.0942 66.003 3
      vertex -74.8116 62.9941 3
      vertex -74.9058 66.003 3
    endloop
  endfacet
  facet normal 0 0 1
    outer loop
      vertex -75.0942 66.003 3
      vertex -75.1884 62.9941 3
      vertex -74.8116 62.9941 3
    endloop
  endfacet
  facet normal 0 0 1
    outer loop
      vertex -75.2811 66.0266 3
      vertex -75.1884 62.9941 3
      vertex -75.0942 66.003 3
    endloop
  endfacet
  facet normal 0 0 1
    outer loop
      vertex -75.5621 62.9469 3
      vertex -75.2811 66.0266 3
      vertex -75.4635 66.0734 3
    endloop
  endfacet
  facet normal 0 0 1
    outer loop
      vertex -75.2811 66.0266 3
      vertex -75.5621 62.9469 3
      vertex -75.1884 62.9941 3
    endloop
  endfacet
  facet normal 0 0 1
    outer loop
      vertex -75.6387 66.1428 3
      vertex -75.5621 62.9469 3
      vertex -75.4635 66.0734 3
    endloop
  endfacet
  facet normal 0 0 1
    outer loop
      vertex -75.927 62.8532 3
      vertex -75.6387 66.1428 3
      vertex -75.8037 66.2335 3
    endloop
  endfacet
  facet normal 0 0 1
    outer loop
      vertex -75.6387 66.1428 3
      vertex -75.927 62.8532 3
      vertex -75.5621 62.9469 3
    endloop
  endfacet
  facet normal 0 0 1
    outer loop
      vertex -76.2773 62.7145 3
      vertex -75.8037 66.2335 3
      vertex -75.9561 66.3442 3
    endloop
  endfacet
  facet normal 0 0 1
    outer loop
      vertex -76.6075 62.533 3
      vertex -75.9561 66.3442 3
      vertex -76.0935 66.4732 3
    endloop
  endfacet
  facet normal 0 0 1
    outer loop
      vertex -76.6075 62.533 3
      vertex -76.0935 66.4732 3
      vertex -76.2135 66.6183 3
    endloop
  endfacet
  facet normal 0 0 1
    outer loop
      vertex -75.8037 66.2335 3
      vertex -76.2773 62.7145 3
      vertex -75.927 62.8532 3
    endloop
  endfacet
  facet normal 0 0 1
    outer loop
      vertex -76.9123 62.3115 3
      vertex -76.2135 66.6183 3
      vertex -76.3145 66.7774 3
    endloop
  endfacet
  facet normal 0 0 1
    outer loop
      vertex -77.1869 62.0536 3
      vertex -76.3145 66.7774 3
      vertex -76.3947 66.9478 3
    endloop
  endfacet
  facet normal 0 0 1
    outer loop
      vertex -77.427 61.7634 3
      vertex -76.3947 66.9478 3
      vertex -76.4529 67.127 3
    endloop
  endfacet
  facet normal 0 0 1
    outer loop
      vertex -77.427 61.7634 3
      vertex -76.4529 67.127 3
      vertex -76.4882 67.312 3
    endloop
  endfacet
  facet normal 0 0 1
    outer loop
      vertex -77.6289 61.4453 3
      vertex -76.4882 67.312 3
      vertex -76.5 67.5 3
    endloop
  endfacet
  facet normal 0 0 1
    outer loop
      vertex -75.9561 66.3442 3
      vertex -76.6075 62.533 3
      vertex -76.2773 62.7145 3
    endloop
  endfacet
  facet normal 0 0 1
    outer loop
      vertex -76.3947 68.0522 3
      vertex -77.427 73.2366 3
      vertex -76.4529 67.873 3
    endloop
  endfacet
  facet normal 0 0 1
    outer loop
      vertex -76.4529 67.873 3
      vertex -77.427 73.2366 3
      vertex -76.4882 67.688 3
    endloop
  endfacet
  facet normal 0 0 1
    outer loop
      vertex -76.2135 66.6183 3
      vertex -76.9123 62.3115 3
      vertex -76.6075 62.533 3
    endloop
  endfacet
  facet normal 0 0 1
    outer loop
      vertex -77.6289 73.5547 3
      vertex -76.4882 67.688 3
      vertex -77.427 73.2366 3
    endloop
  endfacet
  facet normal 0 0 1
    outer loop
      vertex -76.3145 66.7774 3
      vertex -77.1869 62.0536 3
      vertex -76.9123 62.3115 3
    endloop
  endfacet
  facet normal 0 0 1
    outer loop
      vertex -82 77 3
      vertex -76.4882 67.688 3
      vertex -77.6289 73.5547 3
    endloop
  endfacet
  facet normal 0 0 1
    outer loop
      vertex -76.3947 66.9478 3
      vertex -77.427 61.7634 3
      vertex -77.1869 62.0536 3
    endloop
  endfacet
  facet normal 0 0 1
    outer loop
      vertex -82 77 3
      vertex -77.6289 73.5547 3
      vertex -77.7893 73.8956 3
    endloop
  endfacet
  facet normal 0 0 1
    outer loop
      vertex -76.4882 67.312 3
      vertex -77.6289 61.4453 3
      vertex -77.427 61.7634 3
    endloop
  endfacet
  facet normal 0 0 1
    outer loop
      vertex -76.4882 67.688 3
      vertex -82 77 3
      vertex -76.5 67.5 3
    endloop
  endfacet
  facet normal 0 0 1
    outer loop
      vertex -82 77 3
      vertex -77.6289 61.4453 3
      vertex -76.5 67.5 3
    endloop
  endfacet
  facet normal 0 0 1
    outer loop
      vertex -82 77 3
      vertex -77.7893 73.8956 3
      vertex -77.9057 74.2539 3
    endloop
  endfacet
  facet normal 0 0 1
    outer loop
      vertex -77.6289 61.4453 3
      vertex -82 77 3
      vertex -77.7893 61.1044 3
    endloop
  endfacet
  facet normal 0 0 1
    outer loop
      vertex -82 77 3
      vertex -77.9057 74.2539 3
      vertex -77.9763 74.624 3
    endloop
  endfacet
  facet normal 0 0 1
    outer loop
      vertex -77.7893 61.1044 3
      vertex -82 77 3
      vertex -77.9057 60.7461 3
    endloop
  endfacet
  facet normal 0 0 1
    outer loop
      vertex -82 77 3
      vertex -77.9763 74.624 3
      vertex -78 75 3
    endloop
  endfacet
  facet normal 0 0 1
    outer loop
      vertex -77.9057 60.7461 3
      vertex -82 77 3
      vertex -77.9763 60.376 3
    endloop
  endfacet
  facet normal 0 0 1
    outer loop
      vertex -72.573 46.7634 3
      vertex -73.6053 51.9478 3
      vertex -72.8131 47.0536 3
    endloop
  endfacet
  facet normal -0 0 1
    outer loop
      vertex -73.6855 51.7774 3
      vertex -72.8131 47.0536 3
      vertex -73.6053 51.9478 3
    endloop
  endfacet
  facet normal 0 0 1
    outer loop
      vertex -72.8131 47.0536 3
      vertex -73.6855 51.7774 3
      vertex -73.0877 47.3115 3
    endloop
  endfacet
  facet normal -0 0 1
    outer loop
      vertex -73.7865 51.6183 3
      vertex -73.0877 47.3115 3
      vertex -73.6855 51.7774 3
    endloop
  endfacet
  facet normal 0 0 1
    outer loop
      vertex -73.0877 47.3115 3
      vertex -73.7865 51.6183 3
      vertex -73.3925 47.533 3
    endloop
  endfacet
  facet normal -0 0 1
    outer loop
      vertex -73.9065 51.4732 3
      vertex -73.3925 47.533 3
      vertex -73.7865 51.6183 3
    endloop
  endfacet
  facet normal -0 0 1
    outer loop
      vertex -74.0439 51.3442 3
      vertex -73.3925 47.533 3
      vertex -73.9065 51.4732 3
    endloop
  endfacet
  facet normal 0 0 1
    outer loop
      vertex -73.3925 47.533 3
      vertex -74.0439 51.3442 3
      vertex -73.7227 47.7145 3
    endloop
  endfacet
  facet normal -0 0 1
    outer loop
      vertex -74.1963 51.2335 3
      vertex -73.7227 47.7145 3
      vertex -74.0439 51.3442 3
    endloop
  endfacet
  facet normal 0 0 1
    outer loop
      vertex -73.7227 47.7145 3
      vertex -74.1963 51.2335 3
      vertex -74.073 47.8532 3
    endloop
  endfacet
  facet normal -0 0 1
    outer loop
      vertex -74.3613 51.1428 3
      vertex -74.073 47.8532 3
      vertex -74.1963 51.2335 3
    endloop
  endfacet
  facet normal 0 0 1
    outer loop
      vertex -74.3613 51.1428 3
      vertex -74.4379 47.9469 3
      vertex -74.073 47.8532 3
    endloop
  endfacet
  facet normal -0 0 1
    outer loop
      vertex -74.5365 51.0734 3
      vertex -74.4379 47.9469 3
      vertex -74.3613 51.1428 3
    endloop
  endfacet
  facet normal -0 0 1
    outer loop
      vertex -74.7189 51.0266 3
      vertex -74.4379 47.9469 3
      vertex -74.5365 51.0734 3
    endloop
  endfacet
  facet normal 0 0 1
    outer loop
      vertex -74.7189 51.0266 3
      vertex -74.8116 47.9941 3
      vertex -74.4379 47.9469 3
    endloop
  endfacet
  facet normal -0 0 1
    outer loop
      vertex -74.9058 51.003 3
      vertex -74.8116 47.9941 3
      vertex -74.7189 51.0266 3
    endloop
  endfacet
  facet normal -0 0 1
    outer loop
      vertex -75.0942 51.003 3
      vertex -74.8116 47.9941 3
      vertex -74.9058 51.003 3
    endloop
  endfacet
  facet normal 0 0 1
    outer loop
      vertex -75.0942 51.003 3
      vertex -75.1884 47.9941 3
      vertex -74.8116 47.9941 3
    endloop
  endfacet
  facet normal 0 0 1
    outer loop
      vertex -75.2811 51.0266 3
      vertex -75.1884 47.9941 3
      vertex -75.0942 51.003 3
    endloop
  endfacet
  facet normal 0 0 1
    outer loop
      vertex -75.5621 47.9469 3
      vertex -75.2811 51.0266 3
      vertex -75.4635 51.0734 3
    endloop
  endfacet
  facet normal 0 0 1
    outer loop
      vertex -75.2811 51.0266 3
      vertex -75.5621 47.9469 3
      vertex -75.1884 47.9941 3
    endloop
  endfacet
  facet normal 0 0 1
    outer loop
      vertex -75.6387 51.1428 3
      vertex -75.5621 47.9469 3
      vertex -75.4635 51.0734 3
    endloop
  endfacet
  facet normal 0 0 1
    outer loop
      vertex -75.927 47.8532 3
      vertex -75.6387 51.1428 3
      vertex -75.8037 51.2335 3
    endloop
  endfacet
  facet normal 0 0 1
    outer loop
      vertex -75.6387 51.1428 3
      vertex -75.927 47.8532 3
      vertex -75.5621 47.9469 3
    endloop
  endfacet
  facet normal 0 0 1
    outer loop
      vertex -76.2773 47.7145 3
      vertex -75.8037 51.2335 3
      vertex -75.9561 51.3442 3
    endloop
  endfacet
  facet normal 0 0 1
    outer loop
      vertex -76.6075 47.533 3
      vertex -75.9561 51.3442 3
      vertex -76.0935 51.4732 3
    endloop
  endfacet
  facet normal 0 0 1
    outer loop
      vertex -76.6075 47.533 3
      vertex -76.0935 51.4732 3
      vertex -76.2135 51.6183 3
    endloop
  endfacet
  facet normal 0 0 1
    outer loop
      vertex -75.8037 51.2335 3
      vertex -76.2773 47.7145 3
      vertex -75.927 47.8532 3
    endloop
  endfacet
  facet normal 0 0 1
    outer loop
      vertex -76.9123 47.3115 3
      vertex -76.2135 51.6183 3
      vertex -76.3145 51.7774 3
    endloop
  endfacet
  facet normal 0 0 1
    outer loop
      vertex -77.1869 47.0536 3
      vertex -76.3145 51.7774 3
      vertex -76.3947 51.9478 3
    endloop
  endfacet
  facet normal 0 0 1
    outer loop
      vertex -77.427 46.7634 3
      vertex -76.3947 51.9478 3
      vertex -76.4529 52.127 3
    endloop
  endfacet
  facet normal 0 0 1
    outer loop
      vertex -77.427 46.7634 3
      vertex -76.4529 52.127 3
      vertex -76.4882 52.312 3
    endloop
  endfacet
  facet normal 0 0 1
    outer loop
      vertex -77.6289 46.4453 3
      vertex -76.4882 52.312 3
      vertex -76.5 52.5 3
    endloop
  endfacet
  facet normal 0 0 1
    outer loop
      vertex -75.9561 51.3442 3
      vertex -76.6075 47.533 3
      vertex -76.2773 47.7145 3
    endloop
  endfacet
  facet normal 0 0 1
    outer loop
      vertex -76.3947 53.0522 3
      vertex -77.427 58.2366 3
      vertex -76.4529 52.873 3
    endloop
  endfacet
  facet normal 0 0 1
    outer loop
      vertex -76.4529 52.873 3
      vertex -77.427 58.2366 3
      vertex -76.4882 52.688 3
    endloop
  endfacet
  facet normal 0 0 1
    outer loop
      vertex -76.2135 51.6183 3
      vertex -76.9123 47.3115 3
      vertex -76.6075 47.533 3
    endloop
  endfacet
  facet normal 0 0 1
    outer loop
      vertex -77.6289 58.5547 3
      vertex -76.4882 52.688 3
      vertex -77.427 58.2366 3
    endloop
  endfacet
  facet normal 0 0 1
    outer loop
      vertex -76.3145 51.7774 3
      vertex -77.1869 47.0536 3
      vertex -76.9123 47.3115 3
    endloop
  endfacet
  facet normal 0 0 1
    outer loop
      vertex -76.4882 52.688 3
      vertex -77.6289 58.5547 3
      vertex -76.5 52.5 3
    endloop
  endfacet
  facet normal 0 0 1
    outer loop
      vertex -76.3947 51.9478 3
      vertex -77.427 46.7634 3
      vertex -77.1869 47.0536 3
    endloop
  endfacet
  facet normal 0 0 1
    outer loop
      vertex -77.7893 58.8956 3
      vertex -76.5 52.5 3
      vertex -77.6289 58.5547 3
    endloop
  endfacet
  facet normal 0 0 1
    outer loop
      vertex -76.4882 52.312 3
      vertex -77.6289 46.4453 3
      vertex -77.427 46.7634 3
    endloop
  endfacet
  facet normal 0 0 1
    outer loop
      vertex -77.7893 46.1044 3
      vertex -76.5 52.5 3
      vertex -77.7893 58.8956 3
    endloop
  endfacet
  facet normal 0 0 1
    outer loop
      vertex -76.5 52.5 3
      vertex -77.7893 46.1044 3
      vertex -77.6289 46.4453 3
    endloop
  endfacet
  facet normal 0 0 1
    outer loop
      vertex -77.9057 59.2539 3
      vertex -77.7893 46.1044 3
      vertex -77.7893 58.8956 3
    endloop
  endfacet
  facet normal 0 0 1
    outer loop
      vertex -77.9057 59.2539 3
      vertex -77.9057 45.7461 3
      vertex -77.7893 46.1044 3
    endloop
  endfacet
  facet normal 0 0 1
    outer loop
      vertex -77.9763 59.624 3
      vertex -77.9057 45.7461 3
      vertex -77.9057 59.2539 3
    endloop
  endfacet
  facet normal 0 0 1
    outer loop
      vertex -77.9763 59.624 3
      vertex -77.9763 45.376 3
      vertex -77.9057 45.7461 3
    endloop
  endfacet
  facet normal 0 0 1
    outer loop
      vertex -78 60 3
      vertex -77.9763 45.376 3
      vertex -77.9763 59.624 3
    endloop
  endfacet
  facet normal 0 0 1
    outer loop
      vertex -77.9763 45.376 3
      vertex -78 60 3
      vertex -78 45 3
    endloop
  endfacet
  facet normal 0 0 1
    outer loop
      vertex -72.573 31.7634 3
      vertex -73.6053 36.9478 3
      vertex -72.8131 32.0536 3
    endloop
  endfacet
  facet normal -0 0 1
    outer loop
      vertex -73.6855 36.7774 3
      vertex -72.8131 32.0536 3
      vertex -73.6053 36.9478 3
    endloop
  endfacet
  facet normal 0 0 1
    outer loop
      vertex -72.8131 32.0536 3
      vertex -73.6855 36.7774 3
      vertex -73.0877 32.3115 3
    endloop
  endfacet
  facet normal -0 0 1
    outer loop
      vertex -73.7865 36.6183 3
      vertex -73.0877 32.3115 3
      vertex -73.6855 36.7774 3
    endloop
  endfacet
  facet normal 0 0 1
    outer loop
      vertex -73.0877 32.3115 3
      vertex -73.7865 36.6183 3
      vertex -73.3925 32.533 3
    endloop
  endfacet
  facet normal -0 0 1
    outer loop
      vertex -73.9065 36.4732 3
      vertex -73.3925 32.533 3
      vertex -73.7865 36.6183 3
    endloop
  endfacet
  facet normal -0 0 1
    outer loop
      vertex -74.0439 36.3442 3
      vertex -73.3925 32.533 3
      vertex -73.9065 36.4732 3
    endloop
  endfacet
  facet normal 0 0 1
    outer loop
      vertex -73.3925 32.533 3
      vertex -74.0439 36.3442 3
      vertex -73.7227 32.7145 3
    endloop
  endfacet
  facet normal -0 0 1
    outer loop
      vertex -74.1963 36.2335 3
      vertex -73.7227 32.7145 3
      vertex -74.0439 36.3442 3
    endloop
  endfacet
  facet normal 0 0 1
    outer loop
      vertex -73.7227 32.7145 3
      vertex -74.1963 36.2335 3
      vertex -74.073 32.8532 3
    endloop
  endfacet
  facet normal -0 0 1
    outer loop
      vertex -74.3613 36.1428 3
      vertex -74.073 32.8532 3
      vertex -74.1963 36.2335 3
    endloop
  endfacet
  facet normal 0 0 1
    outer loop
      vertex -74.3613 36.1428 3
      vertex -74.4379 32.9469 3
      vertex -74.073 32.8532 3
    endloop
  endfacet
  facet normal -0 0 1
    outer loop
      vertex -74.5365 36.0734 3
      vertex -74.4379 32.9469 3
      vertex -74.3613 36.1428 3
    endloop
  endfacet
  facet normal -0 0 1
    outer loop
      vertex -74.7189 36.0266 3
      vertex -74.4379 32.9469 3
      vertex -74.5365 36.0734 3
    endloop
  endfacet
  facet normal 0 0 1
    outer loop
      vertex -74.7189 36.0266 3
      vertex -74.8116 32.9941 3
      vertex -74.4379 32.9469 3
    endloop
  endfacet
  facet normal -0 0 1
    outer loop
      vertex -74.9058 36.003 3
      vertex -74.8116 32.9941 3
      vertex -74.7189 36.0266 3
    endloop
  endfacet
  facet normal -0 0 1
    outer loop
      vertex -75.0942 36.003 3
      vertex -74.8116 32.9941 3
      vertex -74.9058 36.003 3
    endloop
  endfacet
  facet normal 0 0 1
    outer loop
      vertex -75.0942 36.003 3
      vertex -75.1884 32.9941 3
      vertex -74.8116 32.9941 3
    endloop
  endfacet
  facet normal 0 0 1
    outer loop
      vertex -75.2811 36.0266 3
      vertex -75.1884 32.9941 3
      vertex -75.0942 36.003 3
    endloop
  endfacet
  facet normal 0 0 1
    outer loop
      vertex -75.5621 32.9469 3
      vertex -75.2811 36.0266 3
      vertex -75.4635 36.0734 3
    endloop
  endfacet
  facet normal 0 0 1
    outer loop
      vertex -75.2811 36.0266 3
      vertex -75.5621 32.9469 3
      vertex -75.1884 32.9941 3
    endloop
  endfacet
  facet normal 0 0 1
    outer loop
      vertex -75.6387 36.1428 3
      vertex -75.5621 32.9469 3
      vertex -75.4635 36.0734 3
    endloop
  endfacet
  facet normal 0 0 1
    outer loop
      vertex -75.927 32.8532 3
      vertex -75.6387 36.1428 3
      vertex -75.8037 36.2335 3
    endloop
  endfacet
  facet normal 0 0 1
    outer loop
      vertex -75.6387 36.1428 3
      vertex -75.927 32.8532 3
      vertex -75.5621 32.9469 3
    endloop
  endfacet
  facet normal 0 0 1
    outer loop
      vertex -76.2773 32.7145 3
      vertex -75.8037 36.2335 3
      vertex -75.9561 36.3442 3
    endloop
  endfacet
  facet normal 0 0 1
    outer loop
      vertex -76.6075 32.533 3
      vertex -75.9561 36.3442 3
      vertex -76.0935 36.4732 3
    endloop
  endfacet
  facet normal 0 0 1
    outer loop
      vertex -76.6075 32.533 3
      vertex -76.0935 36.4732 3
      vertex -76.2135 36.6183 3
    endloop
  endfacet
  facet normal 0 0 1
    outer loop
      vertex -75.8037 36.2335 3
      vertex -76.2773 32.7145 3
      vertex -75.927 32.8532 3
    endloop
  endfacet
  facet normal 0 0 1
    outer loop
      vertex -76.9123 32.3115 3
      vertex -76.2135 36.6183 3
      vertex -76.3145 36.7774 3
    endloop
  endfacet
  facet normal 0 0 1
    outer loop
      vertex -77.1869 32.0536 3
      vertex -76.3145 36.7774 3
      vertex -76.3947 36.9478 3
    endloop
  endfacet
  facet normal 0 0 1
    outer loop
      vertex -77.427 31.7634 3
      vertex -76.3947 36.9478 3
      vertex -76.4529 37.127 3
    endloop
  endfacet
  facet normal 0 0 1
    outer loop
      vertex -77.427 31.7634 3
      vertex -76.4529 37.127 3
      vertex -76.4882 37.312 3
    endloop
  endfacet
  facet normal 0 0 1
    outer loop
      vertex -77.6289 31.4453 3
      vertex -76.4882 37.312 3
      vertex -76.5 37.5 3
    endloop
  endfacet
  facet normal 0 0 1
    outer loop
      vertex -75.9561 36.3442 3
      vertex -76.6075 32.533 3
      vertex -76.2773 32.7145 3
    endloop
  endfacet
  facet normal 0 0 1
    outer loop
      vertex -76.3947 38.0522 3
      vertex -77.427 43.2366 3
      vertex -76.4529 37.873 3
    endloop
  endfacet
  facet normal 0 0 1
    outer loop
      vertex -76.4529 37.873 3
      vertex -77.427 43.2366 3
      vertex -76.4882 37.688 3
    endloop
  endfacet
  facet normal 0 0 1
    outer loop
      vertex -76.2135 36.6183 3
      vertex -76.9123 32.3115 3
      vertex -76.6075 32.533 3
    endloop
  endfacet
  facet normal 0 0 1
    outer loop
      vertex -77.6289 43.5547 3
      vertex -76.4882 37.688 3
      vertex -77.427 43.2366 3
    endloop
  endfacet
  facet normal 0 0 1
    outer loop
      vertex -76.3145 36.7774 3
      vertex -77.1869 32.0536 3
      vertex -76.9123 32.3115 3
    endloop
  endfacet
  facet normal 0 0 1
    outer loop
      vertex -76.4882 37.688 3
      vertex -77.6289 43.5547 3
      vertex -76.5 37.5 3
    endloop
  endfacet
  facet normal 0 0 1
    outer loop
      vertex -76.3947 36.9478 3
      vertex -77.427 31.7634 3
      vertex -77.1869 32.0536 3
    endloop
  endfacet
  facet normal 0 0 1
    outer loop
      vertex -77.7893 43.8956 3
      vertex -76.5 37.5 3
      vertex -77.6289 43.5547 3
    endloop
  endfacet
  facet normal 0 0 1
    outer loop
      vertex -76.4882 37.312 3
      vertex -77.6289 31.4453 3
      vertex -77.427 31.7634 3
    endloop
  endfacet
  facet normal 0 0 1
    outer loop
      vertex -77.7893 31.1044 3
      vertex -76.5 37.5 3
      vertex -77.7893 43.8956 3
    endloop
  endfacet
  facet normal 0 0 1
    outer loop
      vertex -76.5 37.5 3
      vertex -77.7893 31.1044 3
      vertex -77.6289 31.4453 3
    endloop
  endfacet
  facet normal 0 0 1
    outer loop
      vertex -77.9057 44.2539 3
      vertex -77.7893 31.1044 3
      vertex -77.7893 43.8956 3
    endloop
  endfacet
  facet normal 0 0 1
    outer loop
      vertex -77.9057 44.2539 3
      vertex -77.9057 30.7461 3
      vertex -77.7893 31.1044 3
    endloop
  endfacet
  facet normal 0 0 1
    outer loop
      vertex -77.9763 44.624 3
      vertex -77.9057 30.7461 3
      vertex -77.9057 44.2539 3
    endloop
  endfacet
  facet normal 0 0 1
    outer loop
      vertex -77.9763 44.624 3
      vertex -77.9763 30.376 3
      vertex -77.9057 30.7461 3
    endloop
  endfacet
  facet normal 0 0 1
    outer loop
      vertex -78 45 3
      vertex -77.9763 30.376 3
      vertex -77.9763 44.624 3
    endloop
  endfacet
  facet normal 0 0 1
    outer loop
      vertex -77.9763 30.376 3
      vertex -78 45 3
      vertex -78 30 3
    endloop
  endfacet
  facet normal 0 0 1
    outer loop
      vertex -72.573 16.7634 3
      vertex -73.6053 21.9478 3
      vertex -72.8131 17.0536 3
    endloop
  endfacet
  facet normal -0 0 1
    outer loop
      vertex -73.6855 21.7774 3
      vertex -72.8131 17.0536 3
      vertex -73.6053 21.9478 3
    endloop
  endfacet
  facet normal 0 0 1
    outer loop
      vertex -72.8131 17.0536 3
      vertex -73.6855 21.7774 3
      vertex -73.0877 17.3115 3
    endloop
  endfacet
  facet normal -0 0 1
    outer loop
      vertex -73.7865 21.6183 3
      vertex -73.0877 17.3115 3
      vertex -73.6855 21.7774 3
    endloop
  endfacet
  facet normal 0 0 1
    outer loop
      vertex -73.0877 17.3115 3
      vertex -73.7865 21.6183 3
      vertex -73.3925 17.533 3
    endloop
  endfacet
  facet normal -0 0 1
    outer loop
      vertex -73.9065 21.4732 3
      vertex -73.3925 17.533 3
      vertex -73.7865 21.6183 3
    endloop
  endfacet
  facet normal -0 0 1
    outer loop
      vertex -74.0439 21.3442 3
      vertex -73.3925 17.533 3
      vertex -73.9065 21.4732 3
    endloop
  endfacet
  facet normal 0 0 1
    outer loop
      vertex -73.3925 17.533 3
      vertex -74.0439 21.3442 3
      vertex -73.7227 17.7145 3
    endloop
  endfacet
  facet normal -0 0 1
    outer loop
      vertex -74.1963 21.2335 3
      vertex -73.7227 17.7145 3
      vertex -74.0439 21.3442 3
    endloop
  endfacet
  facet normal 0 0 1
    outer loop
      vertex -73.7227 17.7145 3
      vertex -74.1963 21.2335 3
      vertex -74.073 17.8532 3
    endloop
  endfacet
  facet normal -0 0 1
    outer loop
      vertex -74.3613 21.1428 3
      vertex -74.073 17.8532 3
      vertex -74.1963 21.2335 3
    endloop
  endfacet
  facet normal 0 0 1
    outer loop
      vertex -74.3613 21.1428 3
      vertex -74.4379 17.9469 3
      vertex -74.073 17.8532 3
    endloop
  endfacet
  facet normal -0 0 1
    outer loop
      vertex -74.5365 21.0734 3
      vertex -74.4379 17.9469 3
      vertex -74.3613 21.1428 3
    endloop
  endfacet
  facet normal -0 0 1
    outer loop
      vertex -74.7189 21.0266 3
      vertex -74.4379 17.9469 3
      vertex -74.5365 21.0734 3
    endloop
  endfacet
  facet normal 0 0 1
    outer loop
      vertex -74.7189 21.0266 3
      vertex -74.8116 17.9941 3
      vertex -74.4379 17.9469 3
    endloop
  endfacet
  facet normal -0 0 1
    outer loop
      vertex -74.9058 21.003 3
      vertex -74.8116 17.9941 3
      vertex -74.7189 21.0266 3
    endloop
  endfacet
  facet normal -0 0 1
    outer loop
      vertex -75.0942 21.003 3
      vertex -74.8116 17.9941 3
      vertex -74.9058 21.003 3
    endloop
  endfacet
  facet normal 0 0 1
    outer loop
      vertex -75.0942 21.003 3
      vertex -75.1884 17.9941 3
      vertex -74.8116 17.9941 3
    endloop
  endfacet
  facet normal 0 0 1
    outer loop
      vertex -75.2811 21.0266 3
      vertex -75.1884 17.9941 3
      vertex -75.0942 21.003 3
    endloop
  endfacet
  facet normal 0 0 1
    outer loop
      vertex -75.5621 17.9469 3
      vertex -75.2811 21.0266 3
      vertex -75.4635 21.0734 3
    endloop
  endfacet
  facet normal 0 0 1
    outer loop
      vertex -75.2811 21.0266 3
      vertex -75.5621 17.9469 3
      vertex -75.1884 17.9941 3
    endloop
  endfacet
  facet normal 0 0 1
    outer loop
      vertex -75.6387 21.1428 3
      vertex -75.5621 17.9469 3
      vertex -75.4635 21.0734 3
    endloop
  endfacet
  facet normal 0 0 1
    outer loop
      vertex -75.927 17.8532 3
      vertex -75.6387 21.1428 3
      vertex -75.8037 21.2335 3
    endloop
  endfacet
  facet normal 0 0 1
    outer loop
      vertex -75.6387 21.1428 3
      vertex -75.927 17.8532 3
      vertex -75.5621 17.9469 3
    endloop
  endfacet
  facet normal 0 0 1
    outer loop
      vertex -76.2773 17.7145 3
      vertex -75.8037 21.2335 3
      vertex -75.9561 21.3442 3
    endloop
  endfacet
  facet normal 0 0 1
    outer loop
      vertex -76.6075 17.533 3
      vertex -75.9561 21.3442 3
      vertex -76.0935 21.4732 3
    endloop
  endfacet
  facet normal 0 0 1
    outer loop
      vertex -76.6075 17.533 3
      vertex -76.0935 21.4732 3
      vertex -76.2135 21.6183 3
    endloop
  endfacet
  facet normal 0 0 1
    outer loop
      vertex -75.8037 21.2335 3
      vertex -76.2773 17.7145 3
      vertex -75.927 17.8532 3
    endloop
  endfacet
  facet normal 0 0 1
    outer loop
      vertex -76.9123 17.3115 3
      vertex -76.2135 21.6183 3
      vertex -76.3145 21.7774 3
    endloop
  endfacet
  facet normal 0 0 1
    outer loop
      vertex -77.1869 17.0536 3
      vertex -76.3145 21.7774 3
      vertex -76.3947 21.9478 3
    endloop
  endfacet
  facet normal 0 0 1
    outer loop
      vertex -77.427 16.7634 3
      vertex -76.3947 21.9478 3
      vertex -76.4529 22.127 3
    endloop
  endfacet
  facet normal 0 0 1
    outer loop
      vertex -77.427 16.7634 3
      vertex -76.4529 22.127 3
      vertex -76.4882 22.312 3
    endloop
  endfacet
  facet normal 0 0 1
    outer loop
      vertex -77.6289 16.4453 3
      vertex -76.4882 22.312 3
      vertex -76.5 22.5 3
    endloop
  endfacet
  facet normal 0 0 1
    outer loop
      vertex -75.9561 21.3442 3
      vertex -76.6075 17.533 3
      vertex -76.2773 17.7145 3
    endloop
  endfacet
  facet normal 0 0 1
    outer loop
      vertex -76.3947 23.0522 3
      vertex -77.427 28.2366 3
      vertex -76.4529 22.873 3
    endloop
  endfacet
  facet normal 0 0 1
    outer loop
      vertex -76.4529 22.873 3
      vertex -77.427 28.2366 3
      vertex -76.4882 22.688 3
    endloop
  endfacet
  facet normal 0 0 1
    outer loop
      vertex -76.2135 21.6183 3
      vertex -76.9123 17.3115 3
      vertex -76.6075 17.533 3
    endloop
  endfacet
  facet normal 0 0 1
    outer loop
      vertex -77.6289 28.5547 3
      vertex -76.4882 22.688 3
      vertex -77.427 28.2366 3
    endloop
  endfacet
  facet normal 0 0 1
    outer loop
      vertex -76.3145 21.7774 3
      vertex -77.1869 17.0536 3
      vertex -76.9123 17.3115 3
    endloop
  endfacet
  facet normal 0 0 1
    outer loop
      vertex -76.4882 22.688 3
      vertex -77.6289 28.5547 3
      vertex -76.5 22.5 3
    endloop
  endfacet
  facet normal 0 0 1
    outer loop
      vertex -76.3947 21.9478 3
      vertex -77.427 16.7634 3
      vertex -77.1869 17.0536 3
    endloop
  endfacet
  facet normal 0 0 1
    outer loop
      vertex -77.7893 28.8956 3
      vertex -76.5 22.5 3
      vertex -77.6289 28.5547 3
    endloop
  endfacet
  facet normal 0 0 1
    outer loop
      vertex -76.4882 22.312 3
      vertex -77.6289 16.4453 3
      vertex -77.427 16.7634 3
    endloop
  endfacet
  facet normal 0 0 1
    outer loop
      vertex -77.7893 16.1044 3
      vertex -76.5 22.5 3
      vertex -77.7893 28.8956 3
    endloop
  endfacet
  facet normal 0 0 1
    outer loop
      vertex -76.5 22.5 3
      vertex -77.7893 16.1044 3
      vertex -77.6289 16.4453 3
    endloop
  endfacet
  facet normal 0 0 1
    outer loop
      vertex -77.9057 29.2539 3
      vertex -77.7893 16.1044 3
      vertex -77.7893 28.8956 3
    endloop
  endfacet
  facet normal 0 0 1
    outer loop
      vertex -77.9057 29.2539 3
      vertex -77.9057 15.7461 3
      vertex -77.7893 16.1044 3
    endloop
  endfacet
  facet normal 0 0 1
    outer loop
      vertex -77.9763 29.624 3
      vertex -77.9057 15.7461 3
      vertex -77.9057 29.2539 3
    endloop
  endfacet
  facet normal 0 0 1
    outer loop
      vertex -77.9763 29.624 3
      vertex -77.9763 15.376 3
      vertex -77.9057 15.7461 3
    endloop
  endfacet
  facet normal 0 0 1
    outer loop
      vertex -78 30 3
      vertex -77.9763 15.376 3
      vertex -77.9763 29.624 3
    endloop
  endfacet
  facet normal 0 0 1
    outer loop
      vertex -77.9763 15.376 3
      vertex -78 30 3
      vertex -78 15 3
    endloop
  endfacet
  facet normal 0 0 1
    outer loop
      vertex -72.573 1.76336 3
      vertex -73.6053 6.94781 3
      vertex -72.8131 2.05364 3
    endloop
  endfacet
  facet normal -0 0 1
    outer loop
      vertex -73.6855 6.77737 3
      vertex -72.8131 2.05364 3
      vertex -73.6053 6.94781 3
    endloop
  endfacet
  facet normal 0 0 1
    outer loop
      vertex -72.8131 2.05364 3
      vertex -73.6855 6.77737 3
      vertex -73.0877 2.31154 3
    endloop
  endfacet
  facet normal -0 0 1
    outer loop
      vertex -73.7865 6.61832 3
      vertex -73.0877 2.31154 3
      vertex -73.6855 6.77737 3
    endloop
  endfacet
  facet normal 0 0 1
    outer loop
      vertex -73.0877 2.31154 3
      vertex -73.7865 6.61832 3
      vertex -73.3925 2.53298 3
    endloop
  endfacet
  facet normal -0 0 1
    outer loop
      vertex -73.9065 6.47318 3
      vertex -73.3925 2.53298 3
      vertex -73.7865 6.61832 3
    endloop
  endfacet
  facet normal -0 0 1
    outer loop
      vertex -74.0439 6.34423 3
      vertex -73.3925 2.53298 3
      vertex -73.9065 6.47318 3
    endloop
  endfacet
  facet normal 0 0 1
    outer loop
      vertex -73.3925 2.53298 3
      vertex -74.0439 6.34423 3
      vertex -73.7227 2.71448 3
    endloop
  endfacet
  facet normal -0 0 1
    outer loop
      vertex -74.1963 6.23351 3
      vertex -73.7227 2.71448 3
      vertex -74.0439 6.34423 3
    endloop
  endfacet
  facet normal 0 0 1
    outer loop
      vertex -73.7227 2.71448 3
      vertex -74.1963 6.23351 3
      vertex -74.073 2.85317 3
    endloop
  endfacet
  facet normal -0 0 1
    outer loop
      vertex -74.3613 6.14276 3
      vertex -74.073 2.85317 3
      vertex -74.1963 6.23351 3
    endloop
  endfacet
  facet normal 0 0 1
    outer loop
      vertex -74.3613 6.14276 3
      vertex -74.4379 2.94686 3
      vertex -74.073 2.85317 3
    endloop
  endfacet
  facet normal -0 0 1
    outer loop
      vertex -74.5365 6.07341 3
      vertex -74.4379 2.94686 3
      vertex -74.3613 6.14276 3
    endloop
  endfacet
  facet normal -0 0 1
    outer loop
      vertex -74.7189 6.02657 3
      vertex -74.4379 2.94686 3
      vertex -74.5365 6.07341 3
    endloop
  endfacet
  facet normal 0 0 1
    outer loop
      vertex -74.7189 6.02657 3
      vertex -74.8116 2.99408 3
      vertex -74.4379 2.94686 3
    endloop
  endfacet
  facet normal -0 0 1
    outer loop
      vertex -74.9058 6.00296 3
      vertex -74.8116 2.99408 3
      vertex -74.7189 6.02657 3
    endloop
  endfacet
  facet normal -0 0 1
    outer loop
      vertex -75.0942 6.00296 3
      vertex -74.8116 2.99408 3
      vertex -74.9058 6.00296 3
    endloop
  endfacet
  facet normal 0 0 1
    outer loop
      vertex -75.0942 6.00296 3
      vertex -75.1884 2.99408 3
      vertex -74.8116 2.99408 3
    endloop
  endfacet
  facet normal 0 0 1
    outer loop
      vertex -75.2811 6.02657 3
      vertex -75.1884 2.99408 3
      vertex -75.0942 6.00296 3
    endloop
  endfacet
  facet normal 0 0 1
    outer loop
      vertex -75.5621 2.94686 3
      vertex -75.2811 6.02657 3
      vertex -75.4635 6.07341 3
    endloop
  endfacet
  facet normal 0 0 1
    outer loop
      vertex -75.2811 6.02657 3
      vertex -75.5621 2.94686 3
      vertex -75.1884 2.99408 3
    endloop
  endfacet
  facet normal 0 0 1
    outer loop
      vertex -75.6387 6.14276 3
      vertex -75.5621 2.94686 3
      vertex -75.4635 6.07341 3
    endloop
  endfacet
  facet normal 0 0 1
    outer loop
      vertex -75.927 2.85317 3
      vertex -75.6387 6.14276 3
      vertex -75.8037 6.23351 3
    endloop
  endfacet
  facet normal 0 0 1
    outer loop
      vertex -75.6387 6.14276 3
      vertex -75.927 2.85317 3
      vertex -75.5621 2.94686 3
    endloop
  endfacet
  facet normal 0 0 1
    outer loop
      vertex -76.2773 2.71448 3
      vertex -75.8037 6.23351 3
      vertex -75.9561 6.34423 3
    endloop
  endfacet
  facet normal 0 0 1
    outer loop
      vertex -76.6075 2.53298 3
      vertex -75.9561 6.34423 3
      vertex -76.0935 6.47318 3
    endloop
  endfacet
  facet normal 0 0 1
    outer loop
      vertex -76.6075 2.53298 3
      vertex -76.0935 6.47318 3
      vertex -76.2135 6.61832 3
    endloop
  endfacet
  facet normal 0 0 1
    outer loop
      vertex -75.8037 6.23351 3
      vertex -76.2773 2.71448 3
      vertex -75.927 2.85317 3
    endloop
  endfacet
  facet normal 0 0 1
    outer loop
      vertex -76.9123 2.31154 3
      vertex -76.2135 6.61832 3
      vertex -76.3145 6.77737 3
    endloop
  endfacet
  facet normal 0 0 1
    outer loop
      vertex -77.1869 2.05364 3
      vertex -76.3145 6.77737 3
      vertex -76.3947 6.94781 3
    endloop
  endfacet
  facet normal 0 0 1
    outer loop
      vertex -77.427 1.76336 3
      vertex -76.3947 6.94781 3
      vertex -76.4529 7.12696 3
    endloop
  endfacet
  facet normal 0 0 1
    outer loop
      vertex -77.427 1.76336 3
      vertex -76.4529 7.12696 3
      vertex -76.4882 7.312 3
    endloop
  endfacet
  facet normal 0 0 1
    outer loop
      vertex -77.6289 1.44526 3
      vertex -76.4882 7.312 3
      vertex -76.5 7.5 3
    endloop
  endfacet
  facet normal 0 0 1
    outer loop
      vertex -75.9561 6.34423 3
      vertex -76.6075 2.53298 3
      vertex -76.2773 2.71448 3
    endloop
  endfacet
  facet normal 0 0 1
    outer loop
      vertex -76.3947 8.05219 3
      vertex -77.427 13.2366 3
      vertex -76.4529 7.87303 3
    endloop
  endfacet
  facet normal 0 0 1
    outer loop
      vertex -76.4529 7.87303 3
      vertex -77.427 13.2366 3
      vertex -76.4882 7.688 3
    endloop
  endfacet
  facet normal 0 0 1
    outer loop
      vertex -76.2135 6.61832 3
      vertex -76.9123 2.31154 3
      vertex -76.6075 2.53298 3
    endloop
  endfacet
  facet normal 0 0 1
    outer loop
      vertex -77.6289 13.5547 3
      vertex -76.4882 7.688 3
      vertex -77.427 13.2366 3
    endloop
  endfacet
  facet normal 0 0 1
    outer loop
      vertex -76.3145 6.77737 3
      vertex -77.1869 2.05364 3
      vertex -76.9123 2.31154 3
    endloop
  endfacet
  facet normal 0 0 1
    outer loop
      vertex -76.4882 7.688 3
      vertex -77.6289 13.5547 3
      vertex -76.5 7.5 3
    endloop
  endfacet
  facet normal 0 0 1
    outer loop
      vertex -76.3947 6.94781 3
      vertex -77.427 1.76336 3
      vertex -77.1869 2.05364 3
    endloop
  endfacet
  facet normal 0 0 1
    outer loop
      vertex -77.7893 13.8956 3
      vertex -76.5 7.5 3
      vertex -77.6289 13.5547 3
    endloop
  endfacet
  facet normal 0 0 1
    outer loop
      vertex -76.4882 7.312 3
      vertex -77.6289 1.44526 3
      vertex -77.427 1.76336 3
    endloop
  endfacet
  facet normal 0 0 1
    outer loop
      vertex -77.7893 1.10437 3
      vertex -76.5 7.5 3
      vertex -77.7893 13.8956 3
    endloop
  endfacet
  facet normal 0 0 1
    outer loop
      vertex -76.5 7.5 3
      vertex -77.7893 1.10437 3
      vertex -77.6289 1.44526 3
    endloop
  endfacet
  facet normal 0 0 1
    outer loop
      vertex -77.9057 14.2539 3
      vertex -77.7893 1.10437 3
      vertex -77.7893 13.8956 3
    endloop
  endfacet
  facet normal 0 0 1
    outer loop
      vertex -77.9057 14.2539 3
      vertex -77.9057 0.746069 3
      vertex -77.7893 1.10437 3
    endloop
  endfacet
  facet normal 0 0 1
    outer loop
      vertex -77.9763 14.624 3
      vertex -77.9057 0.746069 3
      vertex -77.9057 14.2539 3
    endloop
  endfacet
  facet normal 0 0 1
    outer loop
      vertex -77.9763 14.624 3
      vertex -77.9763 0.375999 3
      vertex -77.9057 0.746069 3
    endloop
  endfacet
  facet normal 0 0 1
    outer loop
      vertex -78 15 3
      vertex -77.9763 0.375999 3
      vertex -77.9763 14.624 3
    endloop
  endfacet
  facet normal 0 0 1
    outer loop
      vertex -77.9763 0.375999 3
      vertex -78 15 3
      vertex -78 0 3
    endloop
  endfacet
  facet normal 0 0 1
    outer loop
      vertex -72.573 -13.2366 3
      vertex -73.6053 -8.05219 3
      vertex -72.8131 -12.9464 3
    endloop
  endfacet
  facet normal -0 0 1
    outer loop
      vertex -73.6855 -8.22263 3
      vertex -72.8131 -12.9464 3
      vertex -73.6053 -8.05219 3
    endloop
  endfacet
  facet normal 0 0 1
    outer loop
      vertex -72.8131 -12.9464 3
      vertex -73.6855 -8.22263 3
      vertex -73.0877 -12.6885 3
    endloop
  endfacet
  facet normal -0 0 1
    outer loop
      vertex -73.7865 -8.38168 3
      vertex -73.0877 -12.6885 3
      vertex -73.6855 -8.22263 3
    endloop
  endfacet
  facet normal 0 0 1
    outer loop
      vertex -73.0877 -12.6885 3
      vertex -73.7865 -8.38168 3
      vertex -73.3925 -12.467 3
    endloop
  endfacet
  facet normal -0 0 1
    outer loop
      vertex -73.9065 -8.52682 3
      vertex -73.3925 -12.467 3
      vertex -73.7865 -8.38168 3
    endloop
  endfacet
  facet normal -0 0 1
    outer loop
      vertex -74.0439 -8.65577 3
      vertex -73.3925 -12.467 3
      vertex -73.9065 -8.52682 3
    endloop
  endfacet
  facet normal 0 0 1
    outer loop
      vertex -73.3925 -12.467 3
      vertex -74.0439 -8.65577 3
      vertex -73.7227 -12.2855 3
    endloop
  endfacet
  facet normal -0 0 1
    outer loop
      vertex -74.1963 -8.76649 3
      vertex -73.7227 -12.2855 3
      vertex -74.0439 -8.65577 3
    endloop
  endfacet
  facet normal 0 0 1
    outer loop
      vertex -73.7227 -12.2855 3
      vertex -74.1963 -8.76649 3
      vertex -74.073 -12.1468 3
    endloop
  endfacet
  facet normal -0 0 1
    outer loop
      vertex -74.3613 -8.85724 3
      vertex -74.073 -12.1468 3
      vertex -74.1963 -8.76649 3
    endloop
  endfacet
  facet normal 0 0 1
    outer loop
      vertex -74.3613 -8.85724 3
      vertex -74.4379 -12.0531 3
      vertex -74.073 -12.1468 3
    endloop
  endfacet
  facet normal -0 0 1
    outer loop
      vertex -74.5365 -8.92658 3
      vertex -74.4379 -12.0531 3
      vertex -74.3613 -8.85724 3
    endloop
  endfacet
  facet normal -0 0 1
    outer loop
      vertex -74.7189 -8.97343 3
      vertex -74.4379 -12.0531 3
      vertex -74.5365 -8.92658 3
    endloop
  endfacet
  facet normal 0 0 1
    outer loop
      vertex -74.7189 -8.97343 3
      vertex -74.8116 -12.0059 3
      vertex -74.4379 -12.0531 3
    endloop
  endfacet
  facet normal -0 0 1
    outer loop
      vertex -74.9058 -8.99704 3
      vertex -74.8116 -12.0059 3
      vertex -74.7189 -8.97343 3
    endloop
  endfacet
  facet normal -0 0 1
    outer loop
      vertex -75.0942 -8.99704 3
      vertex -74.8116 -12.0059 3
      vertex -74.9058 -8.99704 3
    endloop
  endfacet
  facet normal 0 0 1
    outer loop
      vertex -75.0942 -8.99704 3
      vertex -75.1884 -12.0059 3
      vertex -74.8116 -12.0059 3
    endloop
  endfacet
  facet normal 0 0 1
    outer loop
      vertex -75.2811 -8.97343 3
      vertex -75.1884 -12.0059 3
      vertex -75.0942 -8.99704 3
    endloop
  endfacet
  facet normal 0 0 1
    outer loop
      vertex -75.5621 -12.0531 3
      vertex -75.2811 -8.97343 3
      vertex -75.4635 -8.92658 3
    endloop
  endfacet
  facet normal 0 0 1
    outer loop
      vertex -75.2811 -8.97343 3
      vertex -75.5621 -12.0531 3
      vertex -75.1884 -12.0059 3
    endloop
  endfacet
  facet normal 0 0 1
    outer loop
      vertex -75.6387 -8.85724 3
      vertex -75.5621 -12.0531 3
      vertex -75.4635 -8.92658 3
    endloop
  endfacet
  facet normal 0 0 1
    outer loop
      vertex -75.927 -12.1468 3
      vertex -75.6387 -8.85724 3
      vertex -75.8037 -8.76649 3
    endloop
  endfacet
  facet normal 0 0 1
    outer loop
      vertex -75.6387 -8.85724 3
      vertex -75.927 -12.1468 3
      vertex -75.5621 -12.0531 3
    endloop
  endfacet
  facet normal 0 0 1
    outer loop
      vertex -76.2773 -12.2855 3
      vertex -75.8037 -8.76649 3
      vertex -75.9561 -8.65577 3
    endloop
  endfacet
  facet normal 0 0 1
    outer loop
      vertex -76.6075 -12.467 3
      vertex -75.9561 -8.65577 3
      vertex -76.0935 -8.52682 3
    endloop
  endfacet
  facet normal 0 0 1
    outer loop
      vertex -76.6075 -12.467 3
      vertex -76.0935 -8.52682 3
      vertex -76.2135 -8.38168 3
    endloop
  endfacet
  facet normal 0 0 1
    outer loop
      vertex -75.8037 -8.76649 3
      vertex -76.2773 -12.2855 3
      vertex -75.927 -12.1468 3
    endloop
  endfacet
  facet normal 0 0 1
    outer loop
      vertex -76.9123 -12.6885 3
      vertex -76.2135 -8.38168 3
      vertex -76.3145 -8.22263 3
    endloop
  endfacet
  facet normal 0 0 1
    outer loop
      vertex -77.1869 -12.9464 3
      vertex -76.3145 -8.22263 3
      vertex -76.3947 -8.05219 3
    endloop
  endfacet
  facet normal 0 0 1
    outer loop
      vertex -77.427 -13.2366 3
      vertex -76.3947 -8.05219 3
      vertex -76.4529 -7.87303 3
    endloop
  endfacet
  facet normal 0 0 1
    outer loop
      vertex -77.427 -13.2366 3
      vertex -76.4529 -7.87303 3
      vertex -76.4882 -7.688 3
    endloop
  endfacet
  facet normal 0 0 1
    outer loop
      vertex -77.6289 -13.5547 3
      vertex -76.4882 -7.688 3
      vertex -76.5 -7.5 3
    endloop
  endfacet
  facet normal 0 0 1
    outer loop
      vertex -75.9561 -8.65577 3
      vertex -76.6075 -12.467 3
      vertex -76.2773 -12.2855 3
    endloop
  endfacet
  facet normal 0 0 1
    outer loop
      vertex -76.3947 -6.94781 3
      vertex -77.427 -1.76336 3
      vertex -76.4529 -7.12696 3
    endloop
  endfacet
  facet normal 0 0 1
    outer loop
      vertex -76.4529 -7.12696 3
      vertex -77.427 -1.76336 3
      vertex -76.4882 -7.312 3
    endloop
  endfacet
  facet normal 0 0 1
    outer loop
      vertex -76.2135 -8.38168 3
      vertex -76.9123 -12.6885 3
      vertex -76.6075 -12.467 3
    endloop
  endfacet
  facet normal 0 0 1
    outer loop
      vertex -77.6289 -1.44526 3
      vertex -76.4882 -7.312 3
      vertex -77.427 -1.76336 3
    endloop
  endfacet
  facet normal 0 0 1
    outer loop
      vertex -76.3145 -8.22263 3
      vertex -77.1869 -12.9464 3
      vertex -76.9123 -12.6885 3
    endloop
  endfacet
  facet normal 0 0 1
    outer loop
      vertex -76.4882 -7.312 3
      vertex -77.6289 -1.44526 3
      vertex -76.5 -7.5 3
    endloop
  endfacet
  facet normal 0 0 1
    outer loop
      vertex -76.3947 -8.05219 3
      vertex -77.427 -13.2366 3
      vertex -77.1869 -12.9464 3
    endloop
  endfacet
  facet normal 0 0 1
    outer loop
      vertex -77.7893 -1.10437 3
      vertex -76.5 -7.5 3
      vertex -77.6289 -1.44526 3
    endloop
  endfacet
  facet normal 0 0 1
    outer loop
      vertex -76.4882 -7.688 3
      vertex -77.6289 -13.5547 3
      vertex -77.427 -13.2366 3
    endloop
  endfacet
  facet normal 0 0 1
    outer loop
      vertex -77.7893 -13.8956 3
      vertex -76.5 -7.5 3
      vertex -77.7893 -1.10437 3
    endloop
  endfacet
  facet normal 0 0 1
    outer loop
      vertex -76.5 -7.5 3
      vertex -77.7893 -13.8956 3
      vertex -77.6289 -13.5547 3
    endloop
  endfacet
  facet normal 0 0 1
    outer loop
      vertex -77.9057 -0.746069 3
      vertex -77.7893 -13.8956 3
      vertex -77.7893 -1.10437 3
    endloop
  endfacet
  facet normal 0 0 1
    outer loop
      vertex -77.9057 -0.746069 3
      vertex -77.9057 -14.2539 3
      vertex -77.7893 -13.8956 3
    endloop
  endfacet
  facet normal 0 0 1
    outer loop
      vertex -77.9763 -0.375999 3
      vertex -77.9057 -14.2539 3
      vertex -77.9057 -0.746069 3
    endloop
  endfacet
  facet normal 0 0 1
    outer loop
      vertex -77.9763 -0.375999 3
      vertex -77.9763 -14.624 3
      vertex -77.9057 -14.2539 3
    endloop
  endfacet
  facet normal 0 0 1
    outer loop
      vertex -78 0 3
      vertex -77.9763 -14.624 3
      vertex -77.9763 -0.375999 3
    endloop
  endfacet
  facet normal 0 0 1
    outer loop
      vertex -77.9763 -14.624 3
      vertex -78 0 3
      vertex -78 -15 3
    endloop
  endfacet
  facet normal 0 0 1
    outer loop
      vertex -72.573 -28.2366 3
      vertex -73.6053 -23.0522 3
      vertex -72.8131 -27.9464 3
    endloop
  endfacet
  facet normal -0 0 1
    outer loop
      vertex -73.6855 -23.2226 3
      vertex -72.8131 -27.9464 3
      vertex -73.6053 -23.0522 3
    endloop
  endfacet
  facet normal 0 0 1
    outer loop
      vertex -72.8131 -27.9464 3
      vertex -73.6855 -23.2226 3
      vertex -73.0877 -27.6885 3
    endloop
  endfacet
  facet normal -0 0 1
    outer loop
      vertex -73.7865 -23.3817 3
      vertex -73.0877 -27.6885 3
      vertex -73.6855 -23.2226 3
    endloop
  endfacet
  facet normal 0 0 1
    outer loop
      vertex -73.0877 -27.6885 3
      vertex -73.7865 -23.3817 3
      vertex -73.3925 -27.467 3
    endloop
  endfacet
  facet normal -0 0 1
    outer loop
      vertex -73.9065 -23.5268 3
      vertex -73.3925 -27.467 3
      vertex -73.7865 -23.3817 3
    endloop
  endfacet
  facet normal -0 0 1
    outer loop
      vertex -74.0439 -23.6558 3
      vertex -73.3925 -27.467 3
      vertex -73.9065 -23.5268 3
    endloop
  endfacet
  facet normal 0 0 1
    outer loop
      vertex -73.3925 -27.467 3
      vertex -74.0439 -23.6558 3
      vertex -73.7227 -27.2855 3
    endloop
  endfacet
  facet normal -0 0 1
    outer loop
      vertex -74.1963 -23.7665 3
      vertex -73.7227 -27.2855 3
      vertex -74.0439 -23.6558 3
    endloop
  endfacet
  facet normal 0 0 1
    outer loop
      vertex -73.7227 -27.2855 3
      vertex -74.1963 -23.7665 3
      vertex -74.073 -27.1468 3
    endloop
  endfacet
  facet normal -0 0 1
    outer loop
      vertex -74.3613 -23.8572 3
      vertex -74.073 -27.1468 3
      vertex -74.1963 -23.7665 3
    endloop
  endfacet
  facet normal 0 0 1
    outer loop
      vertex -74.3613 -23.8572 3
      vertex -74.4379 -27.0531 3
      vertex -74.073 -27.1468 3
    endloop
  endfacet
  facet normal -0 0 1
    outer loop
      vertex -74.5365 -23.9266 3
      vertex -74.4379 -27.0531 3
      vertex -74.3613 -23.8572 3
    endloop
  endfacet
  facet normal -0 0 1
    outer loop
      vertex -74.7189 -23.9734 3
      vertex -74.4379 -27.0531 3
      vertex -74.5365 -23.9266 3
    endloop
  endfacet
  facet normal 0 0 1
    outer loop
      vertex -74.7189 -23.9734 3
      vertex -74.8116 -27.0059 3
      vertex -74.4379 -27.0531 3
    endloop
  endfacet
  facet normal -0 0 1
    outer loop
      vertex -74.9058 -23.997 3
      vertex -74.8116 -27.0059 3
      vertex -74.7189 -23.9734 3
    endloop
  endfacet
  facet normal -0 0 1
    outer loop
      vertex -75.0942 -23.997 3
      vertex -74.8116 -27.0059 3
      vertex -74.9058 -23.997 3
    endloop
  endfacet
  facet normal 0 0 1
    outer loop
      vertex -75.0942 -23.997 3
      vertex -75.1884 -27.0059 3
      vertex -74.8116 -27.0059 3
    endloop
  endfacet
  facet normal 0 0 1
    outer loop
      vertex -75.2811 -23.9734 3
      vertex -75.1884 -27.0059 3
      vertex -75.0942 -23.997 3
    endloop
  endfacet
  facet normal 0 0 1
    outer loop
      vertex -75.5621 -27.0531 3
      vertex -75.2811 -23.9734 3
      vertex -75.4635 -23.9266 3
    endloop
  endfacet
  facet normal 0 0 1
    outer loop
      vertex -75.2811 -23.9734 3
      vertex -75.5621 -27.0531 3
      vertex -75.1884 -27.0059 3
    endloop
  endfacet
  facet normal 0 0 1
    outer loop
      vertex -75.6387 -23.8572 3
      vertex -75.5621 -27.0531 3
      vertex -75.4635 -23.9266 3
    endloop
  endfacet
  facet normal 0 0 1
    outer loop
      vertex -75.927 -27.1468 3
      vertex -75.6387 -23.8572 3
      vertex -75.8037 -23.7665 3
    endloop
  endfacet
  facet normal 0 0 1
    outer loop
      vertex -75.6387 -23.8572 3
      vertex -75.927 -27.1468 3
      vertex -75.5621 -27.0531 3
    endloop
  endfacet
  facet normal 0 0 1
    outer loop
      vertex -76.2773 -27.2855 3
      vertex -75.8037 -23.7665 3
      vertex -75.9561 -23.6558 3
    endloop
  endfacet
  facet normal 0 0 1
    outer loop
      vertex -76.6075 -27.467 3
      vertex -75.9561 -23.6558 3
      vertex -76.0935 -23.5268 3
    endloop
  endfacet
  facet normal 0 0 1
    outer loop
      vertex -76.6075 -27.467 3
      vertex -76.0935 -23.5268 3
      vertex -76.2135 -23.3817 3
    endloop
  endfacet
  facet normal 0 0 1
    outer loop
      vertex -75.8037 -23.7665 3
      vertex -76.2773 -27.2855 3
      vertex -75.927 -27.1468 3
    endloop
  endfacet
  facet normal 0 0 1
    outer loop
      vertex -76.9123 -27.6885 3
      vertex -76.2135 -23.3817 3
      vertex -76.3145 -23.2226 3
    endloop
  endfacet
  facet normal 0 0 1
    outer loop
      vertex -77.1869 -27.9464 3
      vertex -76.3145 -23.2226 3
      vertex -76.3947 -23.0522 3
    endloop
  endfacet
  facet normal 0 0 1
    outer loop
      vertex -77.427 -28.2366 3
      vertex -76.3947 -23.0522 3
      vertex -76.4529 -22.873 3
    endloop
  endfacet
  facet normal 0 0 1
    outer loop
      vertex -77.427 -28.2366 3
      vertex -76.4529 -22.873 3
      vertex -76.4882 -22.688 3
    endloop
  endfacet
  facet normal 0 0 1
    outer loop
      vertex -77.6289 -28.5547 3
      vertex -76.4882 -22.688 3
      vertex -76.5 -22.5 3
    endloop
  endfacet
  facet normal 0 0 1
    outer loop
      vertex -75.9561 -23.6558 3
      vertex -76.6075 -27.467 3
      vertex -76.2773 -27.2855 3
    endloop
  endfacet
  facet normal 0 0 1
    outer loop
      vertex -76.3947 -21.9478 3
      vertex -77.427 -16.7634 3
      vertex -76.4529 -22.127 3
    endloop
  endfacet
  facet normal 0 0 1
    outer loop
      vertex -76.4529 -22.127 3
      vertex -77.427 -16.7634 3
      vertex -76.4882 -22.312 3
    endloop
  endfacet
  facet normal 0 0 1
    outer loop
      vertex -76.2135 -23.3817 3
      vertex -76.9123 -27.6885 3
      vertex -76.6075 -27.467 3
    endloop
  endfacet
  facet normal 0 0 1
    outer loop
      vertex -77.6289 -16.4453 3
      vertex -76.4882 -22.312 3
      vertex -77.427 -16.7634 3
    endloop
  endfacet
  facet normal 0 0 1
    outer loop
      vertex -76.3145 -23.2226 3
      vertex -77.1869 -27.9464 3
      vertex -76.9123 -27.6885 3
    endloop
  endfacet
  facet normal 0 0 1
    outer loop
      vertex -76.4882 -22.312 3
      vertex -77.6289 -16.4453 3
      vertex -76.5 -22.5 3
    endloop
  endfacet
  facet normal 0 0 1
    outer loop
      vertex -76.3947 -23.0522 3
      vertex -77.427 -28.2366 3
      vertex -77.1869 -27.9464 3
    endloop
  endfacet
  facet normal 0 0 1
    outer loop
      vertex -77.7893 -16.1044 3
      vertex -76.5 -22.5 3
      vertex -77.6289 -16.4453 3
    endloop
  endfacet
  facet normal 0 0 1
    outer loop
      vertex -76.4882 -22.688 3
      vertex -77.6289 -28.5547 3
      vertex -77.427 -28.2366 3
    endloop
  endfacet
  facet normal 0 0 1
    outer loop
      vertex -77.7893 -28.8956 3
      vertex -76.5 -22.5 3
      vertex -77.7893 -16.1044 3
    endloop
  endfacet
  facet normal 0 0 1
    outer loop
      vertex -76.5 -22.5 3
      vertex -77.7893 -28.8956 3
      vertex -77.6289 -28.5547 3
    endloop
  endfacet
  facet normal 0 0 1
    outer loop
      vertex -77.9057 -15.7461 3
      vertex -77.7893 -28.8956 3
      vertex -77.7893 -16.1044 3
    endloop
  endfacet
  facet normal 0 0 1
    outer loop
      vertex -77.9057 -15.7461 3
      vertex -77.9057 -29.2539 3
      vertex -77.7893 -28.8956 3
    endloop
  endfacet
  facet normal 0 0 1
    outer loop
      vertex -77.9763 -15.376 3
      vertex -77.9057 -29.2539 3
      vertex -77.9057 -15.7461 3
    endloop
  endfacet
  facet normal 0 0 1
    outer loop
      vertex -77.9763 -15.376 3
      vertex -77.9763 -29.624 3
      vertex -77.9057 -29.2539 3
    endloop
  endfacet
  facet normal 0 0 1
    outer loop
      vertex -78 -15 3
      vertex -77.9763 -29.624 3
      vertex -77.9763 -15.376 3
    endloop
  endfacet
  facet normal 0 0 1
    outer loop
      vertex -77.9763 -29.624 3
      vertex -78 -15 3
      vertex -78 -30 3
    endloop
  endfacet
  facet normal 0 0 1
    outer loop
      vertex -72.573 -43.2366 3
      vertex -73.6053 -38.0522 3
      vertex -72.8131 -42.9464 3
    endloop
  endfacet
  facet normal -0 0 1
    outer loop
      vertex -73.6855 -38.2226 3
      vertex -72.8131 -42.9464 3
      vertex -73.6053 -38.0522 3
    endloop
  endfacet
  facet normal 0 0 1
    outer loop
      vertex -72.8131 -42.9464 3
      vertex -73.6855 -38.2226 3
      vertex -73.0877 -42.6885 3
    endloop
  endfacet
  facet normal -0 0 1
    outer loop
      vertex -73.7865 -38.3817 3
      vertex -73.0877 -42.6885 3
      vertex -73.6855 -38.2226 3
    endloop
  endfacet
  facet normal 0 0 1
    outer loop
      vertex -73.0877 -42.6885 3
      vertex -73.7865 -38.3817 3
      vertex -73.3925 -42.467 3
    endloop
  endfacet
  facet normal -0 0 1
    outer loop
      vertex -73.9065 -38.5268 3
      vertex -73.3925 -42.467 3
      vertex -73.7865 -38.3817 3
    endloop
  endfacet
  facet normal -0 0 1
    outer loop
      vertex -74.0439 -38.6558 3
      vertex -73.3925 -42.467 3
      vertex -73.9065 -38.5268 3
    endloop
  endfacet
  facet normal 0 0 1
    outer loop
      vertex -73.3925 -42.467 3
      vertex -74.0439 -38.6558 3
      vertex -73.7227 -42.2855 3
    endloop
  endfacet
  facet normal -0 0 1
    outer loop
      vertex -74.1963 -38.7665 3
      vertex -73.7227 -42.2855 3
      vertex -74.0439 -38.6558 3
    endloop
  endfacet
  facet normal 0 0 1
    outer loop
      vertex -73.7227 -42.2855 3
      vertex -74.1963 -38.7665 3
      vertex -74.073 -42.1468 3
    endloop
  endfacet
  facet normal -0 0 1
    outer loop
      vertex -74.3613 -38.8572 3
      vertex -74.073 -42.1468 3
      vertex -74.1963 -38.7665 3
    endloop
  endfacet
  facet normal 0 0 1
    outer loop
      vertex -74.3613 -38.8572 3
      vertex -74.4379 -42.0531 3
      vertex -74.073 -42.1468 3
    endloop
  endfacet
  facet normal -0 0 1
    outer loop
      vertex -74.5365 -38.9266 3
      vertex -74.4379 -42.0531 3
      vertex -74.3613 -38.8572 3
    endloop
  endfacet
  facet normal -0 0 1
    outer loop
      vertex -74.7189 -38.9734 3
      vertex -74.4379 -42.0531 3
      vertex -74.5365 -38.9266 3
    endloop
  endfacet
  facet normal 0 0 1
    outer loop
      vertex -74.7189 -38.9734 3
      vertex -74.8116 -42.0059 3
      vertex -74.4379 -42.0531 3
    endloop
  endfacet
  facet normal -0 0 1
    outer loop
      vertex -74.9058 -38.997 3
      vertex -74.8116 -42.0059 3
      vertex -74.7189 -38.9734 3
    endloop
  endfacet
  facet normal -0 0 1
    outer loop
      vertex -75.0942 -38.997 3
      vertex -74.8116 -42.0059 3
      vertex -74.9058 -38.997 3
    endloop
  endfacet
  facet normal 0 0 1
    outer loop
      vertex -75.0942 -38.997 3
      vertex -75.1884 -42.0059 3
      vertex -74.8116 -42.0059 3
    endloop
  endfacet
  facet normal 0 0 1
    outer loop
      vertex -75.2811 -38.9734 3
      vertex -75.1884 -42.0059 3
      vertex -75.0942 -38.997 3
    endloop
  endfacet
  facet normal 0 0 1
    outer loop
      vertex -75.5621 -42.0531 3
      vertex -75.2811 -38.9734 3
      vertex -75.4635 -38.9266 3
    endloop
  endfacet
  facet normal 0 0 1
    outer loop
      vertex -75.2811 -38.9734 3
      vertex -75.5621 -42.0531 3
      vertex -75.1884 -42.0059 3
    endloop
  endfacet
  facet normal 0 0 1
    outer loop
      vertex -75.6387 -38.8572 3
      vertex -75.5621 -42.0531 3
      vertex -75.4635 -38.9266 3
    endloop
  endfacet
  facet normal 0 0 1
    outer loop
      vertex -75.927 -42.1468 3
      vertex -75.6387 -38.8572 3
      vertex -75.8037 -38.7665 3
    endloop
  endfacet
  facet normal 0 0 1
    outer loop
      vertex -75.6387 -38.8572 3
      vertex -75.927 -42.1468 3
      vertex -75.5621 -42.0531 3
    endloop
  endfacet
  facet normal 0 0 1
    outer loop
      vertex -76.2773 -42.2855 3
      vertex -75.8037 -38.7665 3
      vertex -75.9561 -38.6558 3
    endloop
  endfacet
  facet normal 0 0 1
    outer loop
      vertex -76.6075 -42.467 3
      vertex -75.9561 -38.6558 3
      vertex -76.0935 -38.5268 3
    endloop
  endfacet
  facet normal 0 0 1
    outer loop
      vertex -76.6075 -42.467 3
      vertex -76.0935 -38.5268 3
      vertex -76.2135 -38.3817 3
    endloop
  endfacet
  facet normal 0 0 1
    outer loop
      vertex -75.8037 -38.7665 3
      vertex -76.2773 -42.2855 3
      vertex -75.927 -42.1468 3
    endloop
  endfacet
  facet normal 0 0 1
    outer loop
      vertex -76.9123 -42.6885 3
      vertex -76.2135 -38.3817 3
      vertex -76.3145 -38.2226 3
    endloop
  endfacet
  facet normal 0 0 1
    outer loop
      vertex -77.1869 -42.9464 3
      vertex -76.3145 -38.2226 3
      vertex -76.3947 -38.0522 3
    endloop
  endfacet
  facet normal 0 0 1
    outer loop
      vertex -77.427 -43.2366 3
      vertex -76.3947 -38.0522 3
      vertex -76.4529 -37.873 3
    endloop
  endfacet
  facet normal 0 0 1
    outer loop
      vertex -77.427 -43.2366 3
      vertex -76.4529 -37.873 3
      vertex -76.4882 -37.688 3
    endloop
  endfacet
  facet normal 0 0 1
    outer loop
      vertex -77.6289 -43.5547 3
      vertex -76.4882 -37.688 3
      vertex -76.5 -37.5 3
    endloop
  endfacet
  facet normal 0 0 1
    outer loop
      vertex -75.9561 -38.6558 3
      vertex -76.6075 -42.467 3
      vertex -76.2773 -42.2855 3
    endloop
  endfacet
  facet normal 0 0 1
    outer loop
      vertex -76.3947 -36.9478 3
      vertex -77.427 -31.7634 3
      vertex -76.4529 -37.127 3
    endloop
  endfacet
  facet normal 0 0 1
    outer loop
      vertex -76.4529 -37.127 3
      vertex -77.427 -31.7634 3
      vertex -76.4882 -37.312 3
    endloop
  endfacet
  facet normal 0 0 1
    outer loop
      vertex -76.2135 -38.3817 3
      vertex -76.9123 -42.6885 3
      vertex -76.6075 -42.467 3
    endloop
  endfacet
  facet normal 0 0 1
    outer loop
      vertex -77.6289 -31.4453 3
      vertex -76.4882 -37.312 3
      vertex -77.427 -31.7634 3
    endloop
  endfacet
  facet normal 0 0 1
    outer loop
      vertex -76.3145 -38.2226 3
      vertex -77.1869 -42.9464 3
      vertex -76.9123 -42.6885 3
    endloop
  endfacet
  facet normal 0 0 1
    outer loop
      vertex -76.4882 -37.312 3
      vertex -77.6289 -31.4453 3
      vertex -76.5 -37.5 3
    endloop
  endfacet
  facet normal 0 0 1
    outer loop
      vertex -76.3947 -38.0522 3
      vertex -77.427 -43.2366 3
      vertex -77.1869 -42.9464 3
    endloop
  endfacet
  facet normal 0 0 1
    outer loop
      vertex -77.7893 -31.1044 3
      vertex -76.5 -37.5 3
      vertex -77.6289 -31.4453 3
    endloop
  endfacet
  facet normal 0 0 1
    outer loop
      vertex -76.4882 -37.688 3
      vertex -77.6289 -43.5547 3
      vertex -77.427 -43.2366 3
    endloop
  endfacet
  facet normal 0 0 1
    outer loop
      vertex -77.7893 -43.8956 3
      vertex -76.5 -37.5 3
      vertex -77.7893 -31.1044 3
    endloop
  endfacet
  facet normal 0 0 1
    outer loop
      vertex -76.5 -37.5 3
      vertex -77.7893 -43.8956 3
      vertex -77.6289 -43.5547 3
    endloop
  endfacet
  facet normal 0 0 1
    outer loop
      vertex -77.9057 -30.7461 3
      vertex -77.7893 -43.8956 3
      vertex -77.7893 -31.1044 3
    endloop
  endfacet
  facet normal 0 0 1
    outer loop
      vertex -77.9057 -30.7461 3
      vertex -77.9057 -44.2539 3
      vertex -77.7893 -43.8956 3
    endloop
  endfacet
  facet normal 0 0 1
    outer loop
      vertex -77.9763 -30.376 3
      vertex -77.9057 -44.2539 3
      vertex -77.9057 -30.7461 3
    endloop
  endfacet
  facet normal 0 0 1
    outer loop
      vertex -77.9763 -30.376 3
      vertex -77.9763 -44.624 3
      vertex -77.9057 -44.2539 3
    endloop
  endfacet
  facet normal 0 0 1
    outer loop
      vertex -78 -30 3
      vertex -77.9763 -44.624 3
      vertex -77.9763 -30.376 3
    endloop
  endfacet
  facet normal 0 0 1
    outer loop
      vertex -77.9763 -44.624 3
      vertex -78 -30 3
      vertex -78 -45 3
    endloop
  endfacet
  facet normal 0 0 1
    outer loop
      vertex -72.573 -58.2366 3
      vertex -73.6053 -53.0522 3
      vertex -72.8131 -57.9464 3
    endloop
  endfacet
  facet normal -0 0 1
    outer loop
      vertex -73.6855 -53.2226 3
      vertex -72.8131 -57.9464 3
      vertex -73.6053 -53.0522 3
    endloop
  endfacet
  facet normal 0 0 1
    outer loop
      vertex -72.8131 -57.9464 3
      vertex -73.6855 -53.2226 3
      vertex -73.0877 -57.6885 3
    endloop
  endfacet
  facet normal -0 0 1
    outer loop
      vertex -73.7865 -53.3817 3
      vertex -73.0877 -57.6885 3
      vertex -73.6855 -53.2226 3
    endloop
  endfacet
  facet normal 0 0 1
    outer loop
      vertex -73.0877 -57.6885 3
      vertex -73.7865 -53.3817 3
      vertex -73.3925 -57.467 3
    endloop
  endfacet
  facet normal -0 0 1
    outer loop
      vertex -73.9065 -53.5268 3
      vertex -73.3925 -57.467 3
      vertex -73.7865 -53.3817 3
    endloop
  endfacet
  facet normal -0 0 1
    outer loop
      vertex -74.0439 -53.6558 3
      vertex -73.3925 -57.467 3
      vertex -73.9065 -53.5268 3
    endloop
  endfacet
  facet normal 0 0 1
    outer loop
      vertex -73.3925 -57.467 3
      vertex -74.0439 -53.6558 3
      vertex -73.7227 -57.2855 3
    endloop
  endfacet
  facet normal -0 0 1
    outer loop
      vertex -74.1963 -53.7665 3
      vertex -73.7227 -57.2855 3
      vertex -74.0439 -53.6558 3
    endloop
  endfacet
  facet normal 0 0 1
    outer loop
      vertex -73.7227 -57.2855 3
      vertex -74.1963 -53.7665 3
      vertex -74.073 -57.1468 3
    endloop
  endfacet
  facet normal -0 0 1
    outer loop
      vertex -74.3613 -53.8572 3
      vertex -74.073 -57.1468 3
      vertex -74.1963 -53.7665 3
    endloop
  endfacet
  facet normal 0 0 1
    outer loop
      vertex -74.3613 -53.8572 3
      vertex -74.4379 -57.0531 3
      vertex -74.073 -57.1468 3
    endloop
  endfacet
  facet normal -0 0 1
    outer loop
      vertex -74.5365 -53.9266 3
      vertex -74.4379 -57.0531 3
      vertex -74.3613 -53.8572 3
    endloop
  endfacet
  facet normal -0 0 1
    outer loop
      vertex -74.7189 -53.9734 3
      vertex -74.4379 -57.0531 3
      vertex -74.5365 -53.9266 3
    endloop
  endfacet
  facet normal 0 0 1
    outer loop
      vertex -74.7189 -53.9734 3
      vertex -74.8116 -57.0059 3
      vertex -74.4379 -57.0531 3
    endloop
  endfacet
  facet normal -0 0 1
    outer loop
      vertex -74.9058 -53.997 3
      vertex -74.8116 -57.0059 3
      vertex -74.7189 -53.9734 3
    endloop
  endfacet
  facet normal -0 0 1
    outer loop
      vertex -75.0942 -53.997 3
      vertex -74.8116 -57.0059 3
      vertex -74.9058 -53.997 3
    endloop
  endfacet
  facet normal 0 0 1
    outer loop
      vertex -75.0942 -53.997 3
      vertex -75.1884 -57.0059 3
      vertex -74.8116 -57.0059 3
    endloop
  endfacet
  facet normal 0 0 1
    outer loop
      vertex -75.2811 -53.9734 3
      vertex -75.1884 -57.0059 3
      vertex -75.0942 -53.997 3
    endloop
  endfacet
  facet normal 0 0 1
    outer loop
      vertex -75.5621 -57.0531 3
      vertex -75.2811 -53.9734 3
      vertex -75.4635 -53.9266 3
    endloop
  endfacet
  facet normal 0 0 1
    outer loop
      vertex -75.2811 -53.9734 3
      vertex -75.5621 -57.0531 3
      vertex -75.1884 -57.0059 3
    endloop
  endfacet
  facet normal 0 0 1
    outer loop
      vertex -75.6387 -53.8572 3
      vertex -75.5621 -57.0531 3
      vertex -75.4635 -53.9266 3
    endloop
  endfacet
  facet normal 0 0 1
    outer loop
      vertex -75.927 -57.1468 3
      vertex -75.6387 -53.8572 3
      vertex -75.8037 -53.7665 3
    endloop
  endfacet
  facet normal 0 0 1
    outer loop
      vertex -75.6387 -53.8572 3
      vertex -75.927 -57.1468 3
      vertex -75.5621 -57.0531 3
    endloop
  endfacet
  facet normal 0 0 1
    outer loop
      vertex -76.2773 -57.2855 3
      vertex -75.8037 -53.7665 3
      vertex -75.9561 -53.6558 3
    endloop
  endfacet
  facet normal 0 0 1
    outer loop
      vertex -76.6075 -57.467 3
      vertex -75.9561 -53.6558 3
      vertex -76.0935 -53.5268 3
    endloop
  endfacet
  facet normal 0 0 1
    outer loop
      vertex -76.6075 -57.467 3
      vertex -76.0935 -53.5268 3
      vertex -76.2135 -53.3817 3
    endloop
  endfacet
  facet normal 0 0 1
    outer loop
      vertex -75.8037 -53.7665 3
      vertex -76.2773 -57.2855 3
      vertex -75.927 -57.1468 3
    endloop
  endfacet
  facet normal 0 0 1
    outer loop
      vertex -76.9123 -57.6885 3
      vertex -76.2135 -53.3817 3
      vertex -76.3145 -53.2226 3
    endloop
  endfacet
  facet normal 0 0 1
    outer loop
      vertex -77.1869 -57.9464 3
      vertex -76.3145 -53.2226 3
      vertex -76.3947 -53.0522 3
    endloop
  endfacet
  facet normal 0 0 1
    outer loop
      vertex -77.427 -58.2366 3
      vertex -76.3947 -53.0522 3
      vertex -76.4529 -52.873 3
    endloop
  endfacet
  facet normal 0 0 1
    outer loop
      vertex -77.427 -58.2366 3
      vertex -76.4529 -52.873 3
      vertex -76.4882 -52.688 3
    endloop
  endfacet
  facet normal 0 0 1
    outer loop
      vertex -77.6289 -58.5547 3
      vertex -76.4882 -52.688 3
      vertex -76.5 -52.5 3
    endloop
  endfacet
  facet normal 0 0 1
    outer loop
      vertex -75.9561 -53.6558 3
      vertex -76.6075 -57.467 3
      vertex -76.2773 -57.2855 3
    endloop
  endfacet
  facet normal 0 0 1
    outer loop
      vertex -76.3947 -51.9478 3
      vertex -77.427 -46.7634 3
      vertex -76.4529 -52.127 3
    endloop
  endfacet
  facet normal 0 0 1
    outer loop
      vertex -76.4529 -52.127 3
      vertex -77.427 -46.7634 3
      vertex -76.4882 -52.312 3
    endloop
  endfacet
  facet normal 0 0 1
    outer loop
      vertex -76.2135 -53.3817 3
      vertex -76.9123 -57.6885 3
      vertex -76.6075 -57.467 3
    endloop
  endfacet
  facet normal 0 0 1
    outer loop
      vertex -77.6289 -46.4453 3
      vertex -76.4882 -52.312 3
      vertex -77.427 -46.7634 3
    endloop
  endfacet
  facet normal 0 0 1
    outer loop
      vertex -76.3145 -53.2226 3
      vertex -77.1869 -57.9464 3
      vertex -76.9123 -57.6885 3
    endloop
  endfacet
  facet normal 0 0 1
    outer loop
      vertex -76.4882 -52.312 3
      vertex -77.6289 -46.4453 3
      vertex -76.5 -52.5 3
    endloop
  endfacet
  facet normal 0 0 1
    outer loop
      vertex -76.3947 -53.0522 3
      vertex -77.427 -58.2366 3
      vertex -77.1869 -57.9464 3
    endloop
  endfacet
  facet normal 0 0 1
    outer loop
      vertex -77.7893 -46.1044 3
      vertex -76.5 -52.5 3
      vertex -77.6289 -46.4453 3
    endloop
  endfacet
  facet normal 0 0 1
    outer loop
      vertex -76.4882 -52.688 3
      vertex -77.6289 -58.5547 3
      vertex -77.427 -58.2366 3
    endloop
  endfacet
  facet normal 0 0 1
    outer loop
      vertex -77.7893 -58.8956 3
      vertex -76.5 -52.5 3
      vertex -77.7893 -46.1044 3
    endloop
  endfacet
  facet normal 0 0 1
    outer loop
      vertex -76.5 -52.5 3
      vertex -77.7893 -58.8956 3
      vertex -77.6289 -58.5547 3
    endloop
  endfacet
  facet normal 0 0 1
    outer loop
      vertex -77.9057 -45.7461 3
      vertex -77.7893 -58.8956 3
      vertex -77.7893 -46.1044 3
    endloop
  endfacet
  facet normal 0 0 1
    outer loop
      vertex -77.9057 -45.7461 3
      vertex -77.9057 -59.2539 3
      vertex -77.7893 -58.8956 3
    endloop
  endfacet
  facet normal 0 0 1
    outer loop
      vertex -77.9763 -45.376 3
      vertex -77.9057 -59.2539 3
      vertex -77.9057 -45.7461 3
    endloop
  endfacet
  facet normal 0 0 1
    outer loop
      vertex -77.9763 -45.376 3
      vertex -77.9763 -59.624 3
      vertex -77.9057 -59.2539 3
    endloop
  endfacet
  facet normal 0 0 1
    outer loop
      vertex -78 -45 3
      vertex -77.9763 -59.624 3
      vertex -77.9763 -45.376 3
    endloop
  endfacet
  facet normal 0 0 1
    outer loop
      vertex -77.9763 -59.624 3
      vertex -78 -45 3
      vertex -78 -60 3
    endloop
  endfacet
  facet normal 0 0 1
    outer loop
      vertex -72.573 -73.2366 3
      vertex -73.6053 -68.0522 3
      vertex -72.8131 -72.9464 3
    endloop
  endfacet
  facet normal -0 0 1
    outer loop
      vertex -73.6855 -68.2226 3
      vertex -72.8131 -72.9464 3
      vertex -73.6053 -68.0522 3
    endloop
  endfacet
  facet normal 0 0 1
    outer loop
      vertex -72.8131 -72.9464 3
      vertex -73.6855 -68.2226 3
      vertex -73.0877 -72.6885 3
    endloop
  endfacet
  facet normal -0 0 1
    outer loop
      vertex -73.7865 -68.3817 3
      vertex -73.0877 -72.6885 3
      vertex -73.6855 -68.2226 3
    endloop
  endfacet
  facet normal 0 0 1
    outer loop
      vertex -73.0877 -72.6885 3
      vertex -73.7865 -68.3817 3
      vertex -73.3925 -72.467 3
    endloop
  endfacet
  facet normal -0 0 1
    outer loop
      vertex -73.9065 -68.5268 3
      vertex -73.3925 -72.467 3
      vertex -73.7865 -68.3817 3
    endloop
  endfacet
  facet normal -0 0 1
    outer loop
      vertex -74.0439 -68.6558 3
      vertex -73.3925 -72.467 3
      vertex -73.9065 -68.5268 3
    endloop
  endfacet
  facet normal 0 0 1
    outer loop
      vertex -73.3925 -72.467 3
      vertex -74.0439 -68.6558 3
      vertex -73.7227 -72.2855 3
    endloop
  endfacet
  facet normal -0 0 1
    outer loop
      vertex -74.1963 -68.7665 3
      vertex -73.7227 -72.2855 3
      vertex -74.0439 -68.6558 3
    endloop
  endfacet
  facet normal 0 0 1
    outer loop
      vertex -73.7227 -72.2855 3
      vertex -74.1963 -68.7665 3
      vertex -74.073 -72.1468 3
    endloop
  endfacet
  facet normal -0 0 1
    outer loop
      vertex -74.3613 -68.8572 3
      vertex -74.073 -72.1468 3
      vertex -74.1963 -68.7665 3
    endloop
  endfacet
  facet normal 0 0 1
    outer loop
      vertex -74.3613 -68.8572 3
      vertex -74.4379 -72.0531 3
      vertex -74.073 -72.1468 3
    endloop
  endfacet
  facet normal -0 0 1
    outer loop
      vertex -74.5365 -68.9266 3
      vertex -74.4379 -72.0531 3
      vertex -74.3613 -68.8572 3
    endloop
  endfacet
  facet normal -0 0 1
    outer loop
      vertex -74.7189 -68.9734 3
      vertex -74.4379 -72.0531 3
      vertex -74.5365 -68.9266 3
    endloop
  endfacet
  facet normal 0 0 1
    outer loop
      vertex -74.7189 -68.9734 3
      vertex -74.8116 -72.0059 3
      vertex -74.4379 -72.0531 3
    endloop
  endfacet
  facet normal -0 0 1
    outer loop
      vertex -74.9058 -68.997 3
      vertex -74.8116 -72.0059 3
      vertex -74.7189 -68.9734 3
    endloop
  endfacet
  facet normal -0 0 1
    outer loop
      vertex -75.0942 -68.997 3
      vertex -74.8116 -72.0059 3
      vertex -74.9058 -68.997 3
    endloop
  endfacet
  facet normal 0 0 1
    outer loop
      vertex -75.0942 -68.997 3
      vertex -75.1884 -72.0059 3
      vertex -74.8116 -72.0059 3
    endloop
  endfacet
  facet normal 0 0 1
    outer loop
      vertex -75.2811 -68.9734 3
      vertex -75.1884 -72.0059 3
      vertex -75.0942 -68.997 3
    endloop
  endfacet
  facet normal 0 0 1
    outer loop
      vertex -75.5621 -72.0531 3
      vertex -75.2811 -68.9734 3
      vertex -75.4635 -68.9266 3
    endloop
  endfacet
  facet normal 0 0 1
    outer loop
      vertex -75.2811 -68.9734 3
      vertex -75.5621 -72.0531 3
      vertex -75.1884 -72.0059 3
    endloop
  endfacet
  facet normal 0 0 1
    outer loop
      vertex -75.6387 -68.8572 3
      vertex -75.5621 -72.0531 3
      vertex -75.4635 -68.9266 3
    endloop
  endfacet
  facet normal 0 0 1
    outer loop
      vertex -75.927 -72.1468 3
      vertex -75.6387 -68.8572 3
      vertex -75.8037 -68.7665 3
    endloop
  endfacet
  facet normal 0 0 1
    outer loop
      vertex -75.6387 -68.8572 3
      vertex -75.927 -72.1468 3
      vertex -75.5621 -72.0531 3
    endloop
  endfacet
  facet normal 0 0 1
    outer loop
      vertex -76.2773 -72.2855 3
      vertex -75.8037 -68.7665 3
      vertex -75.9561 -68.6558 3
    endloop
  endfacet
  facet normal 0 0 1
    outer loop
      vertex -76.6075 -72.467 3
      vertex -75.9561 -68.6558 3
      vertex -76.0935 -68.5268 3
    endloop
  endfacet
  facet normal 0 0 1
    outer loop
      vertex -76.6075 -72.467 3
      vertex -76.0935 -68.5268 3
      vertex -76.2135 -68.3817 3
    endloop
  endfacet
  facet normal 0 0 1
    outer loop
      vertex -75.8037 -68.7665 3
      vertex -76.2773 -72.2855 3
      vertex -75.927 -72.1468 3
    endloop
  endfacet
  facet normal 0 0 1
    outer loop
      vertex -76.9123 -72.6885 3
      vertex -76.2135 -68.3817 3
      vertex -76.3145 -68.2226 3
    endloop
  endfacet
  facet normal 0 0 1
    outer loop
      vertex -77.1869 -72.9464 3
      vertex -76.3145 -68.2226 3
      vertex -76.3947 -68.0522 3
    endloop
  endfacet
  facet normal 0 0 1
    outer loop
      vertex -77.427 -73.2366 3
      vertex -76.3947 -68.0522 3
      vertex -76.4529 -67.873 3
    endloop
  endfacet
  facet normal 0 0 1
    outer loop
      vertex -77.427 -73.2366 3
      vertex -76.4529 -67.873 3
      vertex -76.4882 -67.688 3
    endloop
  endfacet
  facet normal 0 0 1
    outer loop
      vertex -77.6289 -73.5547 3
      vertex -76.4882 -67.688 3
      vertex -76.5 -67.5 3
    endloop
  endfacet
  facet normal 0 0 1
    outer loop
      vertex -75.9561 -68.6558 3
      vertex -76.6075 -72.467 3
      vertex -76.2773 -72.2855 3
    endloop
  endfacet
  facet normal 0 0 1
    outer loop
      vertex -76.3947 -66.9478 3
      vertex -77.427 -61.7634 3
      vertex -76.4529 -67.127 3
    endloop
  endfacet
  facet normal 0 0 1
    outer loop
      vertex -76.4529 -67.127 3
      vertex -77.427 -61.7634 3
      vertex -76.4882 -67.312 3
    endloop
  endfacet
  facet normal 0 0 1
    outer loop
      vertex -76.2135 -68.3817 3
      vertex -76.9123 -72.6885 3
      vertex -76.6075 -72.467 3
    endloop
  endfacet
  facet normal 0 0 1
    outer loop
      vertex -77.6289 -61.4453 3
      vertex -76.4882 -67.312 3
      vertex -77.427 -61.7634 3
    endloop
  endfacet
  facet normal 0 0 1
    outer loop
      vertex -76.3145 -68.2226 3
      vertex -77.1869 -72.9464 3
      vertex -76.9123 -72.6885 3
    endloop
  endfacet
  facet normal 0 0 1
    outer loop
      vertex -76.4882 -67.312 3
      vertex -77.6289 -61.4453 3
      vertex -76.5 -67.5 3
    endloop
  endfacet
  facet normal 0 0 1
    outer loop
      vertex -76.3947 -68.0522 3
      vertex -77.427 -73.2366 3
      vertex -77.1869 -72.9464 3
    endloop
  endfacet
  facet normal 0 0 1
    outer loop
      vertex -77.7893 -61.1044 3
      vertex -76.5 -67.5 3
      vertex -77.6289 -61.4453 3
    endloop
  endfacet
  facet normal 0 0 1
    outer loop
      vertex -76.4882 -67.688 3
      vertex -77.6289 -73.5547 3
      vertex -77.427 -73.2366 3
    endloop
  endfacet
  facet normal 0 0 1
    outer loop
      vertex -77.7893 -73.8956 3
      vertex -76.5 -67.5 3
      vertex -77.7893 -61.1044 3
    endloop
  endfacet
  facet normal 0 0 1
    outer loop
      vertex -76.5 -67.5 3
      vertex -77.7893 -73.8956 3
      vertex -77.6289 -73.5547 3
    endloop
  endfacet
  facet normal 0 0 1
    outer loop
      vertex -77.9057 -60.7461 3
      vertex -77.7893 -73.8956 3
      vertex -77.7893 -61.1044 3
    endloop
  endfacet
  facet normal 0 0 1
    outer loop
      vertex -77.9057 -60.7461 3
      vertex -77.9057 -74.2539 3
      vertex -77.7893 -73.8956 3
    endloop
  endfacet
  facet normal 0 0 1
    outer loop
      vertex -77.9763 -60.376 3
      vertex -77.9057 -74.2539 3
      vertex -77.9057 -60.7461 3
    endloop
  endfacet
  facet normal 0 0 1
    outer loop
      vertex -77.9763 -60.376 3
      vertex -77.9763 -74.624 3
      vertex -77.9057 -74.2539 3
    endloop
  endfacet
  facet normal 0 0 1
    outer loop
      vertex -78 -60 3
      vertex -77.9763 -74.624 3
      vertex -77.9763 -60.376 3
    endloop
  endfacet
  facet normal 0 0 1
    outer loop
      vertex -77.9763 -74.624 3
      vertex -78 -60 3
      vertex -78 -75 3
    endloop
  endfacet
  facet normal 0.481695 -0.876339 0
    outer loop
      vertex -76.6075 -72.467 0
      vertex -76.2773 -72.2855 3
      vertex -76.6075 -72.467 3
    endloop
  endfacet
  facet normal 0.481695 -0.876339 0
    outer loop
      vertex -76.2773 -72.2855 3
      vertex -76.6075 -72.467 0
      vertex -76.2773 -72.2855 0
    endloop
  endfacet
  facet normal 0.587872 -0.808954 0
    outer loop
      vertex -76.9123 -72.6885 0
      vertex -76.6075 -72.467 3
      vertex -76.9123 -72.6885 3
    endloop
  endfacet
  facet normal 0.587872 -0.808954 0
    outer loop
      vertex -76.6075 -72.467 3
      vertex -76.9123 -72.6885 0
      vertex -76.6075 -72.467 0
    endloop
  endfacet
  facet normal 0.125309 -0.992118 0
    outer loop
      vertex -75.5621 -72.0531 0
      vertex -75.1884 -72.0059 3
      vertex -75.5621 -72.0531 3
    endloop
  endfacet
  facet normal 0.125309 -0.992118 0
    outer loop
      vertex -75.1884 -72.0059 3
      vertex -75.5621 -72.0531 0
      vertex -75.1884 -72.0059 0
    endloop
  endfacet
  facet normal -0.998019 0.0629071 0
    outer loop
      vertex -72.0237 -75.376 0
      vertex -72 -75 3
      vertex -72 -75 0
    endloop
  endfacet
  facet normal -0.998019 0.0629071 0
    outer loop
      vertex -72 -75 3
      vertex -72.0237 -75.376 0
      vertex -72.0237 -75.376 3
    endloop
  endfacet
  facet normal -0.77048 0.637464 0
    outer loop
      vertex -72.8131 -77.0536 0
      vertex -72.573 -76.7634 3
      vertex -72.573 -76.7634 0
    endloop
  endfacet
  facet normal -0.77048 0.637464 0
    outer loop
      vertex -72.573 -76.7634 3
      vertex -72.8131 -77.0536 0
      vertex -72.8131 -77.0536 3
    endloop
  endfacet
  facet normal -0.982287 0.18738 0
    outer loop
      vertex -72.0943 -75.7461 0
      vertex -72.0237 -75.376 3
      vertex -72.0237 -75.376 0
    endloop
  endfacet
  facet normal -0.982287 0.18738 0
    outer loop
      vertex -72.0237 -75.376 3
      vertex -72.0943 -75.7461 0
      vertex -72.0943 -75.7461 3
    endloop
  endfacet
  facet normal 0 0 -1
    outer loop
      vertex -72.0237 74.624 0
      vertex 77.3139 81.9901 0
      vertex -72.0237 60.376 0
    endloop
  endfacet
  facet normal 0 0 -1
    outer loop
      vertex 77.3139 81.9901 0
      vertex -72.0237 74.624 0
      vertex -72 75 0
    endloop
  endfacet
  facet normal 0 0 -1
    outer loop
      vertex -72.0943 60.7461 0
      vertex -72.0237 74.624 0
      vertex -72.0237 60.376 0
    endloop
  endfacet
  facet normal 0 0 -1
    outer loop
      vertex -72.0943 60.7461 0
      vertex -72.0943 74.2539 0
      vertex -72.0237 74.624 0
    endloop
  endfacet
  facet normal 0 0 -1
    outer loop
      vertex -72.2107 61.1044 0
      vertex -72.0943 74.2539 0
      vertex -72.0943 60.7461 0
    endloop
  endfacet
  facet normal 0 0 -1
    outer loop
      vertex -72.2107 61.1044 0
      vertex -72.2107 73.8956 0
      vertex -72.0943 74.2539 0
    endloop
  endfacet
  facet normal 0 0 -1
    outer loop
      vertex -73.5 67.5 0
      vertex -72.2107 61.1044 0
      vertex -72.3711 61.4453 0
    endloop
  endfacet
  facet normal 0 0 -1
    outer loop
      vertex -72.2107 61.1044 0
      vertex -73.5 67.5 0
      vertex -72.2107 73.8956 0
    endloop
  endfacet
  facet normal 0 0 -1
    outer loop
      vertex -73.5118 67.312 0
      vertex -72.3711 61.4453 0
      vertex -72.573 61.7634 0
    endloop
  endfacet
  facet normal 0 0 -1
    outer loop
      vertex -72.2107 73.8956 0
      vertex -73.5 67.5 0
      vertex -72.3711 73.5547 0
    endloop
  endfacet
  facet normal 0 0 -1
    outer loop
      vertex -73.6053 66.9478 0
      vertex -72.573 61.7634 0
      vertex -72.8131 62.0536 0
    endloop
  endfacet
  facet normal 0 0 -1
    outer loop
      vertex -73.5118 67.688 0
      vertex -72.3711 73.5547 0
      vertex -73.5 67.5 0
    endloop
  endfacet
  facet normal 0 0 -1
    outer loop
      vertex -73.6855 66.7774 0
      vertex -72.8131 62.0536 0
      vertex -73.0877 62.3115 0
    endloop
  endfacet
  facet normal 0 0 -1
    outer loop
      vertex -72.3711 73.5547 0
      vertex -73.5118 67.688 0
      vertex -72.573 73.2366 0
    endloop
  endfacet
  facet normal 0 0 -1
    outer loop
      vertex -73.7865 66.6183 0
      vertex -73.0877 62.3115 0
      vertex -73.3925 62.533 0
    endloop
  endfacet
  facet normal 0 0 -1
    outer loop
      vertex -73.5471 67.873 0
      vertex -72.573 73.2366 0
      vertex -73.5118 67.688 0
    endloop
  endfacet
  facet normal 0 0 -1
    outer loop
      vertex -73.6053 68.0522 0
      vertex -72.573 73.2366 0
      vertex -73.5471 67.873 0
    endloop
  endfacet
  facet normal 0 0 -1
    outer loop
      vertex -72.3711 61.4453 0
      vertex -73.5118 67.312 0
      vertex -73.5 67.5 0
    endloop
  endfacet
  facet normal 0 0 -1
    outer loop
      vertex -72.573 61.7634 0
      vertex -73.5471 67.127 0
      vertex -73.5118 67.312 0
    endloop
  endfacet
  facet normal 0 0 -1
    outer loop
      vertex -72.573 61.7634 0
      vertex -73.6053 66.9478 0
      vertex -73.5471 67.127 0
    endloop
  endfacet
  facet normal 0 0 -1
    outer loop
      vertex -72.8131 62.0536 0
      vertex -73.6855 66.7774 0
      vertex -73.6053 66.9478 0
    endloop
  endfacet
  facet normal 0 0 -1
    outer loop
      vertex -74.0439 66.3442 0
      vertex -73.3925 62.533 0
      vertex -73.7227 62.7145 0
    endloop
  endfacet
  facet normal 0 0 -1
    outer loop
      vertex -73.0877 62.3115 0
      vertex -73.7865 66.6183 0
      vertex -73.6855 66.7774 0
    endloop
  endfacet
  facet normal 0 0 -1
    outer loop
      vertex -73.3925 62.533 0
      vertex -73.9065 66.4732 0
      vertex -73.7865 66.6183 0
    endloop
  endfacet
  facet normal 0 0 -1
    outer loop
      vertex -73.3925 62.533 0
      vertex -74.0439 66.3442 0
      vertex -73.9065 66.4732 0
    endloop
  endfacet
  facet normal 0 0 -1
    outer loop
      vertex -74.1963 66.2335 0
      vertex -73.7227 62.7145 0
      vertex -74.073 62.8532 0
    endloop
  endfacet
  facet normal 0 0 -1
    outer loop
      vertex -73.7227 62.7145 0
      vertex -74.1963 66.2335 0
      vertex -74.0439 66.3442 0
    endloop
  endfacet
  facet normal 0 0 -1
    outer loop
      vertex -74.073 62.8532 0
      vertex -74.3613 66.1428 0
      vertex -74.1963 66.2335 0
    endloop
  endfacet
  facet normal 0 0 -1
    outer loop
      vertex -74.4379 62.9469 0
      vertex -74.3613 66.1428 0
      vertex -74.073 62.8532 0
    endloop
  endfacet
  facet normal 0 0 -1
    outer loop
      vertex -74.4379 62.9469 0
      vertex -74.5365 66.0734 0
      vertex -74.3613 66.1428 0
    endloop
  endfacet
  facet normal 0 0 -1
    outer loop
      vertex -74.4379 62.9469 0
      vertex -74.7189 66.0266 0
      vertex -74.5365 66.0734 0
    endloop
  endfacet
  facet normal 0 0 -1
    outer loop
      vertex -74.8116 62.9941 0
      vertex -74.7189 66.0266 0
      vertex -74.4379 62.9469 0
    endloop
  endfacet
  facet normal 0 0 -1
    outer loop
      vertex -74.8116 62.9941 0
      vertex -74.9058 66.003 0
      vertex -74.7189 66.0266 0
    endloop
  endfacet
  facet normal 0 0 -1
    outer loop
      vertex -74.8116 62.9941 0
      vertex -75.0942 66.003 0
      vertex -74.9058 66.003 0
    endloop
  endfacet
  facet normal 0 0 -1
    outer loop
      vertex -75.1884 62.9941 0
      vertex -75.0942 66.003 0
      vertex -74.8116 62.9941 0
    endloop
  endfacet
  facet normal 0 0 -1
    outer loop
      vertex -75.1884 62.9941 0
      vertex -75.2811 66.0266 0
      vertex -75.0942 66.003 0
    endloop
  endfacet
  facet normal 0 0 -1
    outer loop
      vertex -75.5621 62.9469 0
      vertex -75.2811 66.0266 0
      vertex -75.1884 62.9941 0
    endloop
  endfacet
  facet normal -0 0 -1
    outer loop
      vertex -75.2811 66.0266 0
      vertex -75.5621 62.9469 0
      vertex -75.4635 66.0734 0
    endloop
  endfacet
  facet normal 0 0 -1
    outer loop
      vertex -75.5621 62.9469 0
      vertex -75.6387 66.1428 0
      vertex -75.4635 66.0734 0
    endloop
  endfacet
  facet normal 0 0 -1
    outer loop
      vertex -75.927 62.8532 0
      vertex -75.6387 66.1428 0
      vertex -75.5621 62.9469 0
    endloop
  endfacet
  facet normal -0 0 -1
    outer loop
      vertex -75.6387 66.1428 0
      vertex -75.927 62.8532 0
      vertex -75.8037 66.2335 0
    endloop
  endfacet
  facet normal 0 0 -1
    outer loop
      vertex -76.2773 62.7145 0
      vertex -75.8037 66.2335 0
      vertex -75.927 62.8532 0
    endloop
  endfacet
  facet normal -0 0 -1
    outer loop
      vertex -75.8037 66.2335 0
      vertex -76.2773 62.7145 0
      vertex -75.9561 66.3442 0
    endloop
  endfacet
  facet normal 0 0 -1
    outer loop
      vertex -76.6075 62.533 0
      vertex -75.9561 66.3442 0
      vertex -76.2773 62.7145 0
    endloop
  endfacet
  facet normal -0 0 -1
    outer loop
      vertex -75.9561 66.3442 0
      vertex -76.6075 62.533 0
      vertex -76.0935 66.4732 0
    endloop
  endfacet
  facet normal -0 0 -1
    outer loop
      vertex -76.0935 66.4732 0
      vertex -76.6075 62.533 0
      vertex -76.2135 66.6183 0
    endloop
  endfacet
  facet normal 0 0 -1
    outer loop
      vertex -76.9123 62.3115 0
      vertex -76.2135 66.6183 0
      vertex -76.6075 62.533 0
    endloop
  endfacet
  facet normal -0 0 -1
    outer loop
      vertex -76.2135 66.6183 0
      vertex -76.9123 62.3115 0
      vertex -76.3145 66.7774 0
    endloop
  endfacet
  facet normal 0 0 -1
    outer loop
      vertex -77.1869 62.0536 0
      vertex -76.3145 66.7774 0
      vertex -76.9123 62.3115 0
    endloop
  endfacet
  facet normal -0 0 -1
    outer loop
      vertex -76.3145 66.7774 0
      vertex -77.1869 62.0536 0
      vertex -76.3947 66.9478 0
    endloop
  endfacet
  facet normal 0 0 -1
    outer loop
      vertex -77.427 61.7634 0
      vertex -76.3947 66.9478 0
      vertex -77.1869 62.0536 0
    endloop
  endfacet
  facet normal 0 0 -1
    outer loop
      vertex -72.0237 59.624 0
      vertex 77.3139 81.9901 0
      vertex -72.0237 45.376 0
    endloop
  endfacet
  facet normal 0 0 -1
    outer loop
      vertex 77.3139 81.9901 0
      vertex -72.0237 59.624 0
      vertex -72 60 0
    endloop
  endfacet
  facet normal 0 0 -1
    outer loop
      vertex -72.0943 45.7461 0
      vertex -72.0237 59.624 0
      vertex -72.0237 45.376 0
    endloop
  endfacet
  facet normal 0 0 -1
    outer loop
      vertex -72.0943 45.7461 0
      vertex -72.0943 59.2539 0
      vertex -72.0237 59.624 0
    endloop
  endfacet
  facet normal 0 0 -1
    outer loop
      vertex -72.2107 46.1044 0
      vertex -72.0943 59.2539 0
      vertex -72.0943 45.7461 0
    endloop
  endfacet
  facet normal 0 0 -1
    outer loop
      vertex -72.2107 46.1044 0
      vertex -72.2107 58.8956 0
      vertex -72.0943 59.2539 0
    endloop
  endfacet
  facet normal 0 0 -1
    outer loop
      vertex -73.5 52.5 0
      vertex -72.2107 46.1044 0
      vertex -72.3711 46.4453 0
    endloop
  endfacet
  facet normal 0 0 -1
    outer loop
      vertex -72.2107 46.1044 0
      vertex -73.5 52.5 0
      vertex -72.2107 58.8956 0
    endloop
  endfacet
  facet normal 0 0 -1
    outer loop
      vertex -73.5118 52.312 0
      vertex -72.3711 46.4453 0
      vertex -72.573 46.7634 0
    endloop
  endfacet
  facet normal 0 0 -1
    outer loop
      vertex -72.2107 58.8956 0
      vertex -73.5 52.5 0
      vertex -72.3711 58.5547 0
    endloop
  endfacet
  facet normal 0 0 -1
    outer loop
      vertex -73.6053 51.9478 0
      vertex -72.573 46.7634 0
      vertex -72.8131 47.0536 0
    endloop
  endfacet
  facet normal 0 0 -1
    outer loop
      vertex -73.5118 52.688 0
      vertex -72.3711 58.5547 0
      vertex -73.5 52.5 0
    endloop
  endfacet
  facet normal 0 0 -1
    outer loop
      vertex -73.6855 51.7774 0
      vertex -72.8131 47.0536 0
      vertex -73.0877 47.3115 0
    endloop
  endfacet
  facet normal 0 0 -1
    outer loop
      vertex -72.3711 58.5547 0
      vertex -73.5118 52.688 0
      vertex -72.573 58.2366 0
    endloop
  endfacet
  facet normal 0 0 -1
    outer loop
      vertex -73.7865 51.6183 0
      vertex -73.0877 47.3115 0
      vertex -73.3925 47.533 0
    endloop
  endfacet
  facet normal 0 0 -1
    outer loop
      vertex -73.5471 52.873 0
      vertex -72.573 58.2366 0
      vertex -73.5118 52.688 0
    endloop
  endfacet
  facet normal 0 0 -1
    outer loop
      vertex -73.6053 53.0522 0
      vertex -72.573 58.2366 0
      vertex -73.5471 52.873 0
    endloop
  endfacet
  facet normal 0 0 -1
    outer loop
      vertex -72.3711 46.4453 0
      vertex -73.5118 52.312 0
      vertex -73.5 52.5 0
    endloop
  endfacet
  facet normal 0 0 -1
    outer loop
      vertex -72.573 46.7634 0
      vertex -73.5471 52.127 0
      vertex -73.5118 52.312 0
    endloop
  endfacet
  facet normal 0 0 -1
    outer loop
      vertex -72.573 46.7634 0
      vertex -73.6053 51.9478 0
      vertex -73.5471 52.127 0
    endloop
  endfacet
  facet normal 0 0 -1
    outer loop
      vertex -72.8131 47.0536 0
      vertex -73.6855 51.7774 0
      vertex -73.6053 51.9478 0
    endloop
  endfacet
  facet normal 0 0 -1
    outer loop
      vertex -74.0439 51.3442 0
      vertex -73.3925 47.533 0
      vertex -73.7227 47.7145 0
    endloop
  endfacet
  facet normal 0 0 -1
    outer loop
      vertex -73.0877 47.3115 0
      vertex -73.7865 51.6183 0
      vertex -73.6855 51.7774 0
    endloop
  endfacet
  facet normal 0 0 -1
    outer loop
      vertex -73.3925 47.533 0
      vertex -73.9065 51.4732 0
      vertex -73.7865 51.6183 0
    endloop
  endfacet
  facet normal 0 0 -1
    outer loop
      vertex -73.3925 47.533 0
      vertex -74.0439 51.3442 0
      vertex -73.9065 51.4732 0
    endloop
  endfacet
  facet normal 0 0 -1
    outer loop
      vertex -74.1963 51.2335 0
      vertex -73.7227 47.7145 0
      vertex -74.073 47.8532 0
    endloop
  endfacet
  facet normal 0 0 -1
    outer loop
      vertex -73.7227 47.7145 0
      vertex -74.1963 51.2335 0
      vertex -74.0439 51.3442 0
    endloop
  endfacet
  facet normal 0 0 -1
    outer loop
      vertex -74.073 47.8532 0
      vertex -74.3613 51.1428 0
      vertex -74.1963 51.2335 0
    endloop
  endfacet
  facet normal 0 0 -1
    outer loop
      vertex -74.4379 47.9469 0
      vertex -74.3613 51.1428 0
      vertex -74.073 47.8532 0
    endloop
  endfacet
  facet normal 0 0 -1
    outer loop
      vertex -74.4379 47.9469 0
      vertex -74.5365 51.0734 0
      vertex -74.3613 51.1428 0
    endloop
  endfacet
  facet normal 0 0 -1
    outer loop
      vertex -74.4379 47.9469 0
      vertex -74.7189 51.0266 0
      vertex -74.5365 51.0734 0
    endloop
  endfacet
  facet normal 0 0 -1
    outer loop
      vertex -74.8116 47.9941 0
      vertex -74.7189 51.0266 0
      vertex -74.4379 47.9469 0
    endloop
  endfacet
  facet normal 0 0 -1
    outer loop
      vertex -74.8116 47.9941 0
      vertex -74.9058 51.003 0
      vertex -74.7189 51.0266 0
    endloop
  endfacet
  facet normal 0 0 -1
    outer loop
      vertex -74.8116 47.9941 0
      vertex -75.0942 51.003 0
      vertex -74.9058 51.003 0
    endloop
  endfacet
  facet normal 0 0 -1
    outer loop
      vertex -75.1884 47.9941 0
      vertex -75.0942 51.003 0
      vertex -74.8116 47.9941 0
    endloop
  endfacet
  facet normal 0 0 -1
    outer loop
      vertex -75.1884 47.9941 0
      vertex -75.2811 51.0266 0
      vertex -75.0942 51.003 0
    endloop
  endfacet
  facet normal 0 0 -1
    outer loop
      vertex -75.5621 47.9469 0
      vertex -75.2811 51.0266 0
      vertex -75.1884 47.9941 0
    endloop
  endfacet
  facet normal -0 0 -1
    outer loop
      vertex -75.2811 51.0266 0
      vertex -75.5621 47.9469 0
      vertex -75.4635 51.0734 0
    endloop
  endfacet
  facet normal 0 0 -1
    outer loop
      vertex -75.5621 47.9469 0
      vertex -75.6387 51.1428 0
      vertex -75.4635 51.0734 0
    endloop
  endfacet
  facet normal 0 0 -1
    outer loop
      vertex -75.927 47.8532 0
      vertex -75.6387 51.1428 0
      vertex -75.5621 47.9469 0
    endloop
  endfacet
  facet normal -0 0 -1
    outer loop
      vertex -75.6387 51.1428 0
      vertex -75.927 47.8532 0
      vertex -75.8037 51.2335 0
    endloop
  endfacet
  facet normal 0 0 -1
    outer loop
      vertex -76.2773 47.7145 0
      vertex -75.8037 51.2335 0
      vertex -75.927 47.8532 0
    endloop
  endfacet
  facet normal -0 0 -1
    outer loop
      vertex -75.8037 51.2335 0
      vertex -76.2773 47.7145 0
      vertex -75.9561 51.3442 0
    endloop
  endfacet
  facet normal 0 0 -1
    outer loop
      vertex -76.6075 47.533 0
      vertex -75.9561 51.3442 0
      vertex -76.2773 47.7145 0
    endloop
  endfacet
  facet normal -0 0 -1
    outer loop
      vertex -75.9561 51.3442 0
      vertex -76.6075 47.533 0
      vertex -76.0935 51.4732 0
    endloop
  endfacet
  facet normal -0 0 -1
    outer loop
      vertex -76.0935 51.4732 0
      vertex -76.6075 47.533 0
      vertex -76.2135 51.6183 0
    endloop
  endfacet
  facet normal 0 0 -1
    outer loop
      vertex -76.9123 47.3115 0
      vertex -76.2135 51.6183 0
      vertex -76.6075 47.533 0
    endloop
  endfacet
  facet normal -0 0 -1
    outer loop
      vertex -76.2135 51.6183 0
      vertex -76.9123 47.3115 0
      vertex -76.3145 51.7774 0
    endloop
  endfacet
  facet normal 0 0 -1
    outer loop
      vertex -77.1869 47.0536 0
      vertex -76.3145 51.7774 0
      vertex -76.9123 47.3115 0
    endloop
  endfacet
  facet normal -0 0 -1
    outer loop
      vertex -76.3145 51.7774 0
      vertex -77.1869 47.0536 0
      vertex -76.3947 51.9478 0
    endloop
  endfacet
  facet normal 0 0 -1
    outer loop
      vertex -77.427 46.7634 0
      vertex -76.3947 51.9478 0
      vertex -77.1869 47.0536 0
    endloop
  endfacet
  facet normal 0 0 -1
    outer loop
      vertex -72.0237 44.624 0
      vertex 77.3139 81.9901 0
      vertex -72.0237 30.376 0
    endloop
  endfacet
  facet normal 0 0 -1
    outer loop
      vertex 77.3139 81.9901 0
      vertex -72.0237 44.624 0
      vertex -72 45 0
    endloop
  endfacet
  facet normal 0 0 -1
    outer loop
      vertex -72.0943 30.7461 0
      vertex -72.0237 44.624 0
      vertex -72.0237 30.376 0
    endloop
  endfacet
  facet normal 0 0 -1
    outer loop
      vertex -72.0943 30.7461 0
      vertex -72.0943 44.2539 0
      vertex -72.0237 44.624 0
    endloop
  endfacet
  facet normal 0 0 -1
    outer loop
      vertex -72.2107 31.1044 0
      vertex -72.0943 44.2539 0
      vertex -72.0943 30.7461 0
    endloop
  endfacet
  facet normal 0 0 -1
    outer loop
      vertex -72.2107 31.1044 0
      vertex -72.2107 43.8956 0
      vertex -72.0943 44.2539 0
    endloop
  endfacet
  facet normal 0 0 -1
    outer loop
      vertex -73.5 37.5 0
      vertex -72.2107 31.1044 0
      vertex -72.3711 31.4453 0
    endloop
  endfacet
  facet normal 0 0 -1
    outer loop
      vertex -72.2107 31.1044 0
      vertex -73.5 37.5 0
      vertex -72.2107 43.8956 0
    endloop
  endfacet
  facet normal 0 0 -1
    outer loop
      vertex -73.5118 37.312 0
      vertex -72.3711 31.4453 0
      vertex -72.573 31.7634 0
    endloop
  endfacet
  facet normal 0 0 -1
    outer loop
      vertex -72.2107 43.8956 0
      vertex -73.5 37.5 0
      vertex -72.3711 43.5547 0
    endloop
  endfacet
  facet normal 0 0 -1
    outer loop
      vertex -73.6053 36.9478 0
      vertex -72.573 31.7634 0
      vertex -72.8131 32.0536 0
    endloop
  endfacet
  facet normal 0 0 -1
    outer loop
      vertex -73.5118 37.688 0
      vertex -72.3711 43.5547 0
      vertex -73.5 37.5 0
    endloop
  endfacet
  facet normal 0 0 -1
    outer loop
      vertex -73.6855 36.7774 0
      vertex -72.8131 32.0536 0
      vertex -73.0877 32.3115 0
    endloop
  endfacet
  facet normal 0 0 -1
    outer loop
      vertex -72.3711 43.5547 0
      vertex -73.5118 37.688 0
      vertex -72.573 43.2366 0
    endloop
  endfacet
  facet normal 0 0 -1
    outer loop
      vertex -73.7865 36.6183 0
      vertex -73.0877 32.3115 0
      vertex -73.3925 32.533 0
    endloop
  endfacet
  facet normal 0 0 -1
    outer loop
      vertex -73.5471 37.873 0
      vertex -72.573 43.2366 0
      vertex -73.5118 37.688 0
    endloop
  endfacet
  facet normal 0 0 -1
    outer loop
      vertex -73.6053 38.0522 0
      vertex -72.573 43.2366 0
      vertex -73.5471 37.873 0
    endloop
  endfacet
  facet normal 0 0 -1
    outer loop
      vertex -72.3711 31.4453 0
      vertex -73.5118 37.312 0
      vertex -73.5 37.5 0
    endloop
  endfacet
  facet normal 0 0 -1
    outer loop
      vertex -72.573 31.7634 0
      vertex -73.5471 37.127 0
      vertex -73.5118 37.312 0
    endloop
  endfacet
  facet normal 0 0 -1
    outer loop
      vertex -72.573 31.7634 0
      vertex -73.6053 36.9478 0
      vertex -73.5471 37.127 0
    endloop
  endfacet
  facet normal 0 0 -1
    outer loop
      vertex -72.8131 32.0536 0
      vertex -73.6855 36.7774 0
      vertex -73.6053 36.9478 0
    endloop
  endfacet
  facet normal 0 0 -1
    outer loop
      vertex -74.0439 36.3442 0
      vertex -73.3925 32.533 0
      vertex -73.7227 32.7145 0
    endloop
  endfacet
  facet normal 0 0 -1
    outer loop
      vertex -73.0877 32.3115 0
      vertex -73.7865 36.6183 0
      vertex -73.6855 36.7774 0
    endloop
  endfacet
  facet normal 0 0 -1
    outer loop
      vertex -73.3925 32.533 0
      vertex -73.9065 36.4732 0
      vertex -73.7865 36.6183 0
    endloop
  endfacet
  facet normal 0 0 -1
    outer loop
      vertex -73.3925 32.533 0
      vertex -74.0439 36.3442 0
      vertex -73.9065 36.4732 0
    endloop
  endfacet
  facet normal 0 0 -1
    outer loop
      vertex -74.1963 36.2335 0
      vertex -73.7227 32.7145 0
      vertex -74.073 32.8532 0
    endloop
  endfacet
  facet normal 0 0 -1
    outer loop
      vertex -73.7227 32.7145 0
      vertex -74.1963 36.2335 0
      vertex -74.0439 36.3442 0
    endloop
  endfacet
  facet normal 0 0 -1
    outer loop
      vertex -74.073 32.8532 0
      vertex -74.3613 36.1428 0
      vertex -74.1963 36.2335 0
    endloop
  endfacet
  facet normal 0 0 -1
    outer loop
      vertex -74.4379 32.9469 0
      vertex -74.3613 36.1428 0
      vertex -74.073 32.8532 0
    endloop
  endfacet
  facet normal 0 0 -1
    outer loop
      vertex -74.4379 32.9469 0
      vertex -74.5365 36.0734 0
      vertex -74.3613 36.1428 0
    endloop
  endfacet
  facet normal 0 0 -1
    outer loop
      vertex -74.4379 32.9469 0
      vertex -74.7189 36.0266 0
      vertex -74.5365 36.0734 0
    endloop
  endfacet
  facet normal 0 0 -1
    outer loop
      vertex -74.8116 32.9941 0
      vertex -74.7189 36.0266 0
      vertex -74.4379 32.9469 0
    endloop
  endfacet
  facet normal 0 0 -1
    outer loop
      vertex -74.8116 32.9941 0
      vertex -74.9058 36.003 0
      vertex -74.7189 36.0266 0
    endloop
  endfacet
  facet normal 0 0 -1
    outer loop
      vertex -74.8116 32.9941 0
      vertex -75.0942 36.003 0
      vertex -74.9058 36.003 0
    endloop
  endfacet
  facet normal 0 0 -1
    outer loop
      vertex -75.1884 32.9941 0
      vertex -75.0942 36.003 0
      vertex -74.8116 32.9941 0
    endloop
  endfacet
  facet normal 0 0 -1
    outer loop
      vertex -75.1884 32.9941 0
      vertex -75.2811 36.0266 0
      vertex -75.0942 36.003 0
    endloop
  endfacet
  facet normal 0 0 -1
    outer loop
      vertex -75.5621 32.9469 0
      vertex -75.2811 36.0266 0
      vertex -75.1884 32.9941 0
    endloop
  endfacet
  facet normal -0 0 -1
    outer loop
      vertex -75.2811 36.0266 0
      vertex -75.5621 32.9469 0
      vertex -75.4635 36.0734 0
    endloop
  endfacet
  facet normal 0 0 -1
    outer loop
      vertex -75.5621 32.9469 0
      vertex -75.6387 36.1428 0
      vertex -75.4635 36.0734 0
    endloop
  endfacet
  facet normal 0 0 -1
    outer loop
      vertex -75.927 32.8532 0
      vertex -75.6387 36.1428 0
      vertex -75.5621 32.9469 0
    endloop
  endfacet
  facet normal -0 0 -1
    outer loop
      vertex -75.6387 36.1428 0
      vertex -75.927 32.8532 0
      vertex -75.8037 36.2335 0
    endloop
  endfacet
  facet normal 0 0 -1
    outer loop
      vertex -76.2773 32.7145 0
      vertex -75.8037 36.2335 0
      vertex -75.927 32.8532 0
    endloop
  endfacet
  facet normal -0 0 -1
    outer loop
      vertex -75.8037 36.2335 0
      vertex -76.2773 32.7145 0
      vertex -75.9561 36.3442 0
    endloop
  endfacet
  facet normal 0 0 -1
    outer loop
      vertex -76.6075 32.533 0
      vertex -75.9561 36.3442 0
      vertex -76.2773 32.7145 0
    endloop
  endfacet
  facet normal -0 0 -1
    outer loop
      vertex -75.9561 36.3442 0
      vertex -76.6075 32.533 0
      vertex -76.0935 36.4732 0
    endloop
  endfacet
  facet normal -0 0 -1
    outer loop
      vertex -76.0935 36.4732 0
      vertex -76.6075 32.533 0
      vertex -76.2135 36.6183 0
    endloop
  endfacet
  facet normal 0 0 -1
    outer loop
      vertex -76.9123 32.3115 0
      vertex -76.2135 36.6183 0
      vertex -76.6075 32.533 0
    endloop
  endfacet
  facet normal -0 0 -1
    outer loop
      vertex -76.2135 36.6183 0
      vertex -76.9123 32.3115 0
      vertex -76.3145 36.7774 0
    endloop
  endfacet
  facet normal 0 0 -1
    outer loop
      vertex -77.1869 32.0536 0
      vertex -76.3145 36.7774 0
      vertex -76.9123 32.3115 0
    endloop
  endfacet
  facet normal -0 0 -1
    outer loop
      vertex -76.3145 36.7774 0
      vertex -77.1869 32.0536 0
      vertex -76.3947 36.9478 0
    endloop
  endfacet
  facet normal 0 0 -1
    outer loop
      vertex -77.427 31.7634 0
      vertex -76.3947 36.9478 0
      vertex -77.1869 32.0536 0
    endloop
  endfacet
  facet normal 0 0 -1
    outer loop
      vertex -72.0237 29.624 0
      vertex 77.3139 81.9901 0
      vertex -72.0237 15.376 0
    endloop
  endfacet
  facet normal 0 0 -1
    outer loop
      vertex 77.3139 81.9901 0
      vertex -72.0237 29.624 0
      vertex -72 30 0
    endloop
  endfacet
  facet normal 0 0 -1
    outer loop
      vertex -72.0943 15.7461 0
      vertex -72.0237 29.624 0
      vertex -72.0237 15.376 0
    endloop
  endfacet
  facet normal 0 0 -1
    outer loop
      vertex -72.0943 15.7461 0
      vertex -72.0943 29.2539 0
      vertex -72.0237 29.624 0
    endloop
  endfacet
  facet normal 0 0 -1
    outer loop
      vertex -72.2107 16.1044 0
      vertex -72.0943 29.2539 0
      vertex -72.0943 15.7461 0
    endloop
  endfacet
  facet normal 0 0 -1
    outer loop
      vertex -72.2107 16.1044 0
      vertex -72.2107 28.8956 0
      vertex -72.0943 29.2539 0
    endloop
  endfacet
  facet normal 0 0 -1
    outer loop
      vertex -73.5 22.5 0
      vertex -72.2107 16.1044 0
      vertex -72.3711 16.4453 0
    endloop
  endfacet
  facet normal 0 0 -1
    outer loop
      vertex -72.2107 16.1044 0
      vertex -73.5 22.5 0
      vertex -72.2107 28.8956 0
    endloop
  endfacet
  facet normal 0 0 -1
    outer loop
      vertex -73.5118 22.312 0
      vertex -72.3711 16.4453 0
      vertex -72.573 16.7634 0
    endloop
  endfacet
  facet normal 0 0 -1
    outer loop
      vertex -72.2107 28.8956 0
      vertex -73.5 22.5 0
      vertex -72.3711 28.5547 0
    endloop
  endfacet
  facet normal 0 0 -1
    outer loop
      vertex -73.6053 21.9478 0
      vertex -72.573 16.7634 0
      vertex -72.8131 17.0536 0
    endloop
  endfacet
  facet normal 0 0 -1
    outer loop
      vertex -73.5118 22.688 0
      vertex -72.3711 28.5547 0
      vertex -73.5 22.5 0
    endloop
  endfacet
  facet normal 0 0 -1
    outer loop
      vertex -73.6855 21.7774 0
      vertex -72.8131 17.0536 0
      vertex -73.0877 17.3115 0
    endloop
  endfacet
  facet normal 0 0 -1
    outer loop
      vertex -72.3711 28.5547 0
      vertex -73.5118 22.688 0
      vertex -72.573 28.2366 0
    endloop
  endfacet
  facet normal 0 0 -1
    outer loop
      vertex -73.7865 21.6183 0
      vertex -73.0877 17.3115 0
      vertex -73.3925 17.533 0
    endloop
  endfacet
  facet normal 0 0 -1
    outer loop
      vertex -73.5471 22.873 0
      vertex -72.573 28.2366 0
      vertex -73.5118 22.688 0
    endloop
  endfacet
  facet normal 0 0 -1
    outer loop
      vertex -73.6053 23.0522 0
      vertex -72.573 28.2366 0
      vertex -73.5471 22.873 0
    endloop
  endfacet
  facet normal 0 0 -1
    outer loop
      vertex -72.3711 16.4453 0
      vertex -73.5118 22.312 0
      vertex -73.5 22.5 0
    endloop
  endfacet
  facet normal 0 0 -1
    outer loop
      vertex -72.573 16.7634 0
      vertex -73.5471 22.127 0
      vertex -73.5118 22.312 0
    endloop
  endfacet
  facet normal 0 0 -1
    outer loop
      vertex -72.573 16.7634 0
      vertex -73.6053 21.9478 0
      vertex -73.5471 22.127 0
    endloop
  endfacet
  facet normal 0 0 -1
    outer loop
      vertex -72.8131 17.0536 0
      vertex -73.6855 21.7774 0
      vertex -73.6053 21.9478 0
    endloop
  endfacet
  facet normal 0 0 -1
    outer loop
      vertex -74.0439 21.3442 0
      vertex -73.3925 17.533 0
      vertex -73.7227 17.7145 0
    endloop
  endfacet
  facet normal 0 0 -1
    outer loop
      vertex -73.0877 17.3115 0
      vertex -73.7865 21.6183 0
      vertex -73.6855 21.7774 0
    endloop
  endfacet
  facet normal 0 0 -1
    outer loop
      vertex -73.3925 17.533 0
      vertex -73.9065 21.4732 0
      vertex -73.7865 21.6183 0
    endloop
  endfacet
  facet normal 0 0 -1
    outer loop
      vertex -73.3925 17.533 0
      vertex -74.0439 21.3442 0
      vertex -73.9065 21.4732 0
    endloop
  endfacet
  facet normal 0 0 -1
    outer loop
      vertex -74.1963 21.2335 0
      vertex -73.7227 17.7145 0
      vertex -74.073 17.8532 0
    endloop
  endfacet
  facet normal 0 0 -1
    outer loop
      vertex -73.7227 17.7145 0
      vertex -74.1963 21.2335 0
      vertex -74.0439 21.3442 0
    endloop
  endfacet
  facet normal 0 0 -1
    outer loop
      vertex -74.073 17.8532 0
      vertex -74.3613 21.1428 0
      vertex -74.1963 21.2335 0
    endloop
  endfacet
  facet normal 0 0 -1
    outer loop
      vertex -74.4379 17.9469 0
      vertex -74.3613 21.1428 0
      vertex -74.073 17.8532 0
    endloop
  endfacet
  facet normal 0 0 -1
    outer loop
      vertex -74.4379 17.9469 0
      vertex -74.5365 21.0734 0
      vertex -74.3613 21.1428 0
    endloop
  endfacet
  facet normal 0 0 -1
    outer loop
      vertex -74.4379 17.9469 0
      vertex -74.7189 21.0266 0
      vertex -74.5365 21.0734 0
    endloop
  endfacet
  facet normal 0 0 -1
    outer loop
      vertex -74.8116 17.9941 0
      vertex -74.7189 21.0266 0
      vertex -74.4379 17.9469 0
    endloop
  endfacet
  facet normal 0 0 -1
    outer loop
      vertex -74.8116 17.9941 0
      vertex -74.9058 21.003 0
      vertex -74.7189 21.0266 0
    endloop
  endfacet
  facet normal 0 0 -1
    outer loop
      vertex -74.8116 17.9941 0
      vertex -75.0942 21.003 0
      vertex -74.9058 21.003 0
    endloop
  endfacet
  facet normal 0 0 -1
    outer loop
      vertex -75.1884 17.9941 0
      vertex -75.0942 21.003 0
      vertex -74.8116 17.9941 0
    endloop
  endfacet
  facet normal 0 0 -1
    outer loop
      vertex -75.1884 17.9941 0
      vertex -75.2811 21.0266 0
      vertex -75.0942 21.003 0
    endloop
  endfacet
  facet normal 0 0 -1
    outer loop
      vertex -75.5621 17.9469 0
      vertex -75.2811 21.0266 0
      vertex -75.1884 17.9941 0
    endloop
  endfacet
  facet normal -0 0 -1
    outer loop
      vertex -75.2811 21.0266 0
      vertex -75.5621 17.9469 0
      vertex -75.4635 21.0734 0
    endloop
  endfacet
  facet normal 0 0 -1
    outer loop
      vertex -75.5621 17.9469 0
      vertex -75.6387 21.1428 0
      vertex -75.4635 21.0734 0
    endloop
  endfacet
  facet normal 0 0 -1
    outer loop
      vertex -75.927 17.8532 0
      vertex -75.6387 21.1428 0
      vertex -75.5621 17.9469 0
    endloop
  endfacet
  facet normal -0 0 -1
    outer loop
      vertex -75.6387 21.1428 0
      vertex -75.927 17.8532 0
      vertex -75.8037 21.2335 0
    endloop
  endfacet
  facet normal 0 0 -1
    outer loop
      vertex -76.2773 17.7145 0
      vertex -75.8037 21.2335 0
      vertex -75.927 17.8532 0
    endloop
  endfacet
  facet normal -0 0 -1
    outer loop
      vertex -75.8037 21.2335 0
      vertex -76.2773 17.7145 0
      vertex -75.9561 21.3442 0
    endloop
  endfacet
  facet normal 0 0 -1
    outer loop
      vertex -76.6075 17.533 0
      vertex -75.9561 21.3442 0
      vertex -76.2773 17.7145 0
    endloop
  endfacet
  facet normal -0 0 -1
    outer loop
      vertex -75.9561 21.3442 0
      vertex -76.6075 17.533 0
      vertex -76.0935 21.4732 0
    endloop
  endfacet
  facet normal -0 0 -1
    outer loop
      vertex -76.0935 21.4732 0
      vertex -76.6075 17.533 0
      vertex -76.2135 21.6183 0
    endloop
  endfacet
  facet normal 0 0 -1
    outer loop
      vertex -76.9123 17.3115 0
      vertex -76.2135 21.6183 0
      vertex -76.6075 17.533 0
    endloop
  endfacet
  facet normal -0 0 -1
    outer loop
      vertex -76.2135 21.6183 0
      vertex -76.9123 17.3115 0
      vertex -76.3145 21.7774 0
    endloop
  endfacet
  facet normal 0 0 -1
    outer loop
      vertex -77.1869 17.0536 0
      vertex -76.3145 21.7774 0
      vertex -76.9123 17.3115 0
    endloop
  endfacet
  facet normal -0 0 -1
    outer loop
      vertex -76.3145 21.7774 0
      vertex -77.1869 17.0536 0
      vertex -76.3947 21.9478 0
    endloop
  endfacet
  facet normal 0 0 -1
    outer loop
      vertex -77.427 16.7634 0
      vertex -76.3947 21.9478 0
      vertex -77.1869 17.0536 0
    endloop
  endfacet
  facet normal 0 0 -1
    outer loop
      vertex -72.0237 14.624 0
      vertex 82 77 0
      vertex -72.0237 0.375999 0
    endloop
  endfacet
  facet normal 0 0 -1
    outer loop
      vertex 82 77 0
      vertex -72.0237 14.624 0
      vertex -72 15 0
    endloop
  endfacet
  facet normal 0 0 -1
    outer loop
      vertex -72.0943 0.746069 0
      vertex -72.0237 14.624 0
      vertex -72.0237 0.375999 0
    endloop
  endfacet
  facet normal 0 0 -1
    outer loop
      vertex -72.0943 0.746069 0
      vertex -72.0943 14.2539 0
      vertex -72.0237 14.624 0
    endloop
  endfacet
  facet normal 0 0 -1
    outer loop
      vertex -72.2107 1.10437 0
      vertex -72.0943 14.2539 0
      vertex -72.0943 0.746069 0
    endloop
  endfacet
  facet normal 0 0 -1
    outer loop
      vertex -72.2107 1.10437 0
      vertex -72.2107 13.8956 0
      vertex -72.0943 14.2539 0
    endloop
  endfacet
  facet normal 0 0 -1
    outer loop
      vertex -73.5 7.5 0
      vertex -72.2107 1.10437 0
      vertex -72.3711 1.44526 0
    endloop
  endfacet
  facet normal 0 0 -1
    outer loop
      vertex -72.2107 1.10437 0
      vertex -73.5 7.5 0
      vertex -72.2107 13.8956 0
    endloop
  endfacet
  facet normal 0 0 -1
    outer loop
      vertex -73.5118 7.312 0
      vertex -72.3711 1.44526 0
      vertex -72.573 1.76336 0
    endloop
  endfacet
  facet normal 0 0 -1
    outer loop
      vertex -72.2107 13.8956 0
      vertex -73.5 7.5 0
      vertex -72.3711 13.5547 0
    endloop
  endfacet
  facet normal 0 0 -1
    outer loop
      vertex -73.6053 6.94781 0
      vertex -72.573 1.76336 0
      vertex -72.8131 2.05364 0
    endloop
  endfacet
  facet normal 0 0 -1
    outer loop
      vertex -73.5118 7.688 0
      vertex -72.3711 13.5547 0
      vertex -73.5 7.5 0
    endloop
  endfacet
  facet normal 0 0 -1
    outer loop
      vertex -73.6855 6.77737 0
      vertex -72.8131 2.05364 0
      vertex -73.0877 2.31154 0
    endloop
  endfacet
  facet normal 0 0 -1
    outer loop
      vertex -72.3711 13.5547 0
      vertex -73.5118 7.688 0
      vertex -72.573 13.2366 0
    endloop
  endfacet
  facet normal 0 0 -1
    outer loop
      vertex -73.7865 6.61832 0
      vertex -73.0877 2.31154 0
      vertex -73.3925 2.53298 0
    endloop
  endfacet
  facet normal 0 0 -1
    outer loop
      vertex -73.5471 7.87303 0
      vertex -72.573 13.2366 0
      vertex -73.5118 7.688 0
    endloop
  endfacet
  facet normal 0 0 -1
    outer loop
      vertex -73.6053 8.05219 0
      vertex -72.573 13.2366 0
      vertex -73.5471 7.87303 0
    endloop
  endfacet
  facet normal 0 0 -1
    outer loop
      vertex -72.3711 1.44526 0
      vertex -73.5118 7.312 0
      vertex -73.5 7.5 0
    endloop
  endfacet
  facet normal 0 0 -1
    outer loop
      vertex -72.573 1.76336 0
      vertex -73.5471 7.12696 0
      vertex -73.5118 7.312 0
    endloop
  endfacet
  facet normal 0 0 -1
    outer loop
      vertex -72.573 1.76336 0
      vertex -73.6053 6.94781 0
      vertex -73.5471 7.12696 0
    endloop
  endfacet
  facet normal 0 0 -1
    outer loop
      vertex -72.8131 2.05364 0
      vertex -73.6855 6.77737 0
      vertex -73.6053 6.94781 0
    endloop
  endfacet
  facet normal 0 0 -1
    outer loop
      vertex -74.0439 6.34423 0
      vertex -73.3925 2.53298 0
      vertex -73.7227 2.71448 0
    endloop
  endfacet
  facet normal 0 0 -1
    outer loop
      vertex -73.0877 2.31154 0
      vertex -73.7865 6.61832 0
      vertex -73.6855 6.77737 0
    endloop
  endfacet
  facet normal 0 0 -1
    outer loop
      vertex -73.3925 2.53298 0
      vertex -73.9065 6.47318 0
      vertex -73.7865 6.61832 0
    endloop
  endfacet
  facet normal 0 0 -1
    outer loop
      vertex -73.3925 2.53298 0
      vertex -74.0439 6.34423 0
      vertex -73.9065 6.47318 0
    endloop
  endfacet
  facet normal 0 0 -1
    outer loop
      vertex -74.1963 6.23351 0
      vertex -73.7227 2.71448 0
      vertex -74.073 2.85317 0
    endloop
  endfacet
  facet normal 0 0 -1
    outer loop
      vertex -73.7227 2.71448 0
      vertex -74.1963 6.23351 0
      vertex -74.0439 6.34423 0
    endloop
  endfacet
  facet normal 0 0 -1
    outer loop
      vertex -74.073 2.85317 0
      vertex -74.3613 6.14276 0
      vertex -74.1963 6.23351 0
    endloop
  endfacet
  facet normal 0 0 -1
    outer loop
      vertex -74.4379 2.94686 0
      vertex -74.3613 6.14276 0
      vertex -74.073 2.85317 0
    endloop
  endfacet
  facet normal 0 0 -1
    outer loop
      vertex -74.4379 2.94686 0
      vertex -74.5365 6.07341 0
      vertex -74.3613 6.14276 0
    endloop
  endfacet
  facet normal 0 0 -1
    outer loop
      vertex -74.4379 2.94686 0
      vertex -74.7189 6.02657 0
      vertex -74.5365 6.07341 0
    endloop
  endfacet
  facet normal 0 0 -1
    outer loop
      vertex -74.8116 2.99408 0
      vertex -74.7189 6.02657 0
      vertex -74.4379 2.94686 0
    endloop
  endfacet
  facet normal 0 0 -1
    outer loop
      vertex -74.8116 2.99408 0
      vertex -74.9058 6.00296 0
      vertex -74.7189 6.02657 0
    endloop
  endfacet
  facet normal 0 0 -1
    outer loop
      vertex -74.8116 2.99408 0
      vertex -75.0942 6.00296 0
      vertex -74.9058 6.00296 0
    endloop
  endfacet
  facet normal 0 0 -1
    outer loop
      vertex -75.1884 2.99408 0
      vertex -75.0942 6.00296 0
      vertex -74.8116 2.99408 0
    endloop
  endfacet
  facet normal 0 0 -1
    outer loop
      vertex -75.1884 2.99408 0
      vertex -75.2811 6.02657 0
      vertex -75.0942 6.00296 0
    endloop
  endfacet
  facet normal 0 0 -1
    outer loop
      vertex -75.5621 2.94686 0
      vertex -75.2811 6.02657 0
      vertex -75.1884 2.99408 0
    endloop
  endfacet
  facet normal -0 0 -1
    outer loop
      vertex -75.2811 6.02657 0
      vertex -75.5621 2.94686 0
      vertex -75.4635 6.07341 0
    endloop
  endfacet
  facet normal 0 0 -1
    outer loop
      vertex -75.5621 2.94686 0
      vertex -75.6387 6.14276 0
      vertex -75.4635 6.07341 0
    endloop
  endfacet
  facet normal 0 0 -1
    outer loop
      vertex -75.927 2.85317 0
      vertex -75.6387 6.14276 0
      vertex -75.5621 2.94686 0
    endloop
  endfacet
  facet normal -0 0 -1
    outer loop
      vertex -75.6387 6.14276 0
      vertex -75.927 2.85317 0
      vertex -75.8037 6.23351 0
    endloop
  endfacet
  facet normal 0 0 -1
    outer loop
      vertex -76.2773 2.71448 0
      vertex -75.8037 6.23351 0
      vertex -75.927 2.85317 0
    endloop
  endfacet
  facet normal -0 0 -1
    outer loop
      vertex -75.8037 6.23351 0
      vertex -76.2773 2.71448 0
      vertex -75.9561 6.34423 0
    endloop
  endfacet
  facet normal 0 0 -1
    outer loop
      vertex -76.6075 2.53298 0
      vertex -75.9561 6.34423 0
      vertex -76.2773 2.71448 0
    endloop
  endfacet
  facet normal -0 0 -1
    outer loop
      vertex -75.9561 6.34423 0
      vertex -76.6075 2.53298 0
      vertex -76.0935 6.47318 0
    endloop
  endfacet
  facet normal -0 0 -1
    outer loop
      vertex -76.0935 6.47318 0
      vertex -76.6075 2.53298 0
      vertex -76.2135 6.61832 0
    endloop
  endfacet
  facet normal 0 0 -1
    outer loop
      vertex -76.9123 2.31154 0
      vertex -76.2135 6.61832 0
      vertex -76.6075 2.53298 0
    endloop
  endfacet
  facet normal -0 0 -1
    outer loop
      vertex -76.2135 6.61832 0
      vertex -76.9123 2.31154 0
      vertex -76.3145 6.77737 0
    endloop
  endfacet
  facet normal 0 0 -1
    outer loop
      vertex -77.1869 2.05364 0
      vertex -76.3145 6.77737 0
      vertex -76.9123 2.31154 0
    endloop
  endfacet
  facet normal -0 0 -1
    outer loop
      vertex -76.3145 6.77737 0
      vertex -77.1869 2.05364 0
      vertex -76.3947 6.94781 0
    endloop
  endfacet
  facet normal 0 0 -1
    outer loop
      vertex -77.427 1.76336 0
      vertex -76.3947 6.94781 0
      vertex -77.1869 2.05364 0
    endloop
  endfacet
  facet normal 0 0 -1
    outer loop
      vertex -72.0237 -0.375999 0
      vertex 82 -77 0
      vertex -72.0237 -14.624 0
    endloop
  endfacet
  facet normal 0 0 -1
    outer loop
      vertex 82 -77 0
      vertex -72.0237 -0.375999 0
      vertex -72 0 0
    endloop
  endfacet
  facet normal 0 0 -1
    outer loop
      vertex -72.0943 -14.2539 0
      vertex -72.0237 -0.375999 0
      vertex -72.0237 -14.624 0
    endloop
  endfacet
  facet normal 0 0 -1
    outer loop
      vertex -72.0943 -14.2539 0
      vertex -72.0943 -0.746069 0
      vertex -72.0237 -0.375999 0
    endloop
  endfacet
  facet normal 0 0 -1
    outer loop
      vertex -72.2107 -13.8956 0
      vertex -72.0943 -0.746069 0
      vertex -72.0943 -14.2539 0
    endloop
  endfacet
  facet normal 0 0 -1
    outer loop
      vertex -72.2107 -13.8956 0
      vertex -72.2107 -1.10437 0
      vertex -72.0943 -0.746069 0
    endloop
  endfacet
  facet normal 0 0 -1
    outer loop
      vertex -73.5 -7.5 0
      vertex -72.2107 -13.8956 0
      vertex -72.3711 -13.5547 0
    endloop
  endfacet
  facet normal 0 0 -1
    outer loop
      vertex -72.2107 -13.8956 0
      vertex -73.5 -7.5 0
      vertex -72.2107 -1.10437 0
    endloop
  endfacet
  facet normal 0 0 -1
    outer loop
      vertex -73.5118 -7.688 0
      vertex -72.3711 -13.5547 0
      vertex -72.573 -13.2366 0
    endloop
  endfacet
  facet normal 0 0 -1
    outer loop
      vertex -72.2107 -1.10437 0
      vertex -73.5 -7.5 0
      vertex -72.3711 -1.44526 0
    endloop
  endfacet
  facet normal 0 0 -1
    outer loop
      vertex -73.6053 -8.05219 0
      vertex -72.573 -13.2366 0
      vertex -72.8131 -12.9464 0
    endloop
  endfacet
  facet normal 0 0 -1
    outer loop
      vertex -73.5118 -7.312 0
      vertex -72.3711 -1.44526 0
      vertex -73.5 -7.5 0
    endloop
  endfacet
  facet normal 0 0 -1
    outer loop
      vertex -73.6855 -8.22263 0
      vertex -72.8131 -12.9464 0
      vertex -73.0877 -12.6885 0
    endloop
  endfacet
  facet normal 0 0 -1
    outer loop
      vertex -72.3711 -1.44526 0
      vertex -73.5118 -7.312 0
      vertex -72.573 -1.76336 0
    endloop
  endfacet
  facet normal 0 0 -1
    outer loop
      vertex -73.7865 -8.38168 0
      vertex -73.0877 -12.6885 0
      vertex -73.3925 -12.467 0
    endloop
  endfacet
  facet normal 0 0 -1
    outer loop
      vertex -73.5471 -7.12696 0
      vertex -72.573 -1.76336 0
      vertex -73.5118 -7.312 0
    endloop
  endfacet
  facet normal 0 0 -1
    outer loop
      vertex -73.6053 -6.94781 0
      vertex -72.573 -1.76336 0
      vertex -73.5471 -7.12696 0
    endloop
  endfacet
  facet normal 0 0 -1
    outer loop
      vertex -72.3711 -13.5547 0
      vertex -73.5118 -7.688 0
      vertex -73.5 -7.5 0
    endloop
  endfacet
  facet normal 0 0 -1
    outer loop
      vertex -72.573 -13.2366 0
      vertex -73.5471 -7.87303 0
      vertex -73.5118 -7.688 0
    endloop
  endfacet
  facet normal 0 0 -1
    outer loop
      vertex -72.573 -13.2366 0
      vertex -73.6053 -8.05219 0
      vertex -73.5471 -7.87303 0
    endloop
  endfacet
  facet normal 0 0 -1
    outer loop
      vertex -72.8131 -12.9464 0
      vertex -73.6855 -8.22263 0
      vertex -73.6053 -8.05219 0
    endloop
  endfacet
  facet normal 0 0 -1
    outer loop
      vertex -74.0439 -8.65577 0
      vertex -73.3925 -12.467 0
      vertex -73.7227 -12.2855 0
    endloop
  endfacet
  facet normal 0 0 -1
    outer loop
      vertex -73.0877 -12.6885 0
      vertex -73.7865 -8.38168 0
      vertex -73.6855 -8.22263 0
    endloop
  endfacet
  facet normal 0 0 -1
    outer loop
      vertex -73.3925 -12.467 0
      vertex -73.9065 -8.52682 0
      vertex -73.7865 -8.38168 0
    endloop
  endfacet
  facet normal 0 0 -1
    outer loop
      vertex -73.3925 -12.467 0
      vertex -74.0439 -8.65577 0
      vertex -73.9065 -8.52682 0
    endloop
  endfacet
  facet normal 0 0 -1
    outer loop
      vertex -74.1963 -8.76649 0
      vertex -73.7227 -12.2855 0
      vertex -74.073 -12.1468 0
    endloop
  endfacet
  facet normal 0 0 -1
    outer loop
      vertex -73.7227 -12.2855 0
      vertex -74.1963 -8.76649 0
      vertex -74.0439 -8.65577 0
    endloop
  endfacet
  facet normal 0 0 -1
    outer loop
      vertex -74.073 -12.1468 0
      vertex -74.3613 -8.85724 0
      vertex -74.1963 -8.76649 0
    endloop
  endfacet
  facet normal 0 0 -1
    outer loop
      vertex -74.4379 -12.0531 0
      vertex -74.3613 -8.85724 0
      vertex -74.073 -12.1468 0
    endloop
  endfacet
  facet normal 0 0 -1
    outer loop
      vertex -74.4379 -12.0531 0
      vertex -74.5365 -8.92658 0
      vertex -74.3613 -8.85724 0
    endloop
  endfacet
  facet normal 0 0 -1
    outer loop
      vertex -74.4379 -12.0531 0
      vertex -74.7189 -8.97343 0
      vertex -74.5365 -8.92658 0
    endloop
  endfacet
  facet normal 0 0 -1
    outer loop
      vertex -74.8116 -12.0059 0
      vertex -74.7189 -8.97343 0
      vertex -74.4379 -12.0531 0
    endloop
  endfacet
  facet normal 0 0 -1
    outer loop
      vertex -74.8116 -12.0059 0
      vertex -74.9058 -8.99704 0
      vertex -74.7189 -8.97343 0
    endloop
  endfacet
  facet normal 0 0 -1
    outer loop
      vertex -74.8116 -12.0059 0
      vertex -75.0942 -8.99704 0
      vertex -74.9058 -8.99704 0
    endloop
  endfacet
  facet normal 0 0 -1
    outer loop
      vertex -75.1884 -12.0059 0
      vertex -75.0942 -8.99704 0
      vertex -74.8116 -12.0059 0
    endloop
  endfacet
  facet normal 0 0 -1
    outer loop
      vertex -75.1884 -12.0059 0
      vertex -75.2811 -8.97343 0
      vertex -75.0942 -8.99704 0
    endloop
  endfacet
  facet normal 0 0 -1
    outer loop
      vertex -75.5621 -12.0531 0
      vertex -75.2811 -8.97343 0
      vertex -75.1884 -12.0059 0
    endloop
  endfacet
  facet normal -0 0 -1
    outer loop
      vertex -75.2811 -8.97343 0
      vertex -75.5621 -12.0531 0
      vertex -75.4635 -8.92658 0
    endloop
  endfacet
  facet normal 0 0 -1
    outer loop
      vertex -75.5621 -12.0531 0
      vertex -75.6387 -8.85724 0
      vertex -75.4635 -8.92658 0
    endloop
  endfacet
  facet normal 0 0 -1
    outer loop
      vertex -75.927 -12.1468 0
      vertex -75.6387 -8.85724 0
      vertex -75.5621 -12.0531 0
    endloop
  endfacet
  facet normal -0 0 -1
    outer loop
      vertex -75.6387 -8.85724 0
      vertex -75.927 -12.1468 0
      vertex -75.8037 -8.76649 0
    endloop
  endfacet
  facet normal 0 0 -1
    outer loop
      vertex -76.2773 -12.2855 0
      vertex -75.8037 -8.76649 0
      vertex -75.927 -12.1468 0
    endloop
  endfacet
  facet normal -0 0 -1
    outer loop
      vertex -75.8037 -8.76649 0
      vertex -76.2773 -12.2855 0
      vertex -75.9561 -8.65577 0
    endloop
  endfacet
  facet normal 0 0 -1
    outer loop
      vertex -76.6075 -12.467 0
      vertex -75.9561 -8.65577 0
      vertex -76.2773 -12.2855 0
    endloop
  endfacet
  facet normal -0 0 -1
    outer loop
      vertex -75.9561 -8.65577 0
      vertex -76.6075 -12.467 0
      vertex -76.0935 -8.52682 0
    endloop
  endfacet
  facet normal -0 0 -1
    outer loop
      vertex -76.0935 -8.52682 0
      vertex -76.6075 -12.467 0
      vertex -76.2135 -8.38168 0
    endloop
  endfacet
  facet normal 0 0 -1
    outer loop
      vertex -76.9123 -12.6885 0
      vertex -76.2135 -8.38168 0
      vertex -76.6075 -12.467 0
    endloop
  endfacet
  facet normal -0 0 -1
    outer loop
      vertex -76.2135 -8.38168 0
      vertex -76.9123 -12.6885 0
      vertex -76.3145 -8.22263 0
    endloop
  endfacet
  facet normal 0 0 -1
    outer loop
      vertex -77.1869 -12.9464 0
      vertex -76.3145 -8.22263 0
      vertex -76.9123 -12.6885 0
    endloop
  endfacet
  facet normal -0 0 -1
    outer loop
      vertex -76.3145 -8.22263 0
      vertex -77.1869 -12.9464 0
      vertex -76.3947 -8.05219 0
    endloop
  endfacet
  facet normal 0 0 -1
    outer loop
      vertex -77.427 -13.2366 0
      vertex -76.3947 -8.05219 0
      vertex -77.1869 -12.9464 0
    endloop
  endfacet
  facet normal 0 0 -1
    outer loop
      vertex -72.0237 -15.376 0
      vertex 77.3139 -81.9901 0
      vertex -72.0237 -29.624 0
    endloop
  endfacet
  facet normal 0 0 -1
    outer loop
      vertex 77.3139 -81.9901 0
      vertex -72.0237 -15.376 0
      vertex -72 -15 0
    endloop
  endfacet
  facet normal 0 0 -1
    outer loop
      vertex -72.0943 -29.2539 0
      vertex -72.0237 -15.376 0
      vertex -72.0237 -29.624 0
    endloop
  endfacet
  facet normal 0 0 -1
    outer loop
      vertex -72.0943 -29.2539 0
      vertex -72.0943 -15.7461 0
      vertex -72.0237 -15.376 0
    endloop
  endfacet
  facet normal 0 0 -1
    outer loop
      vertex -72.2107 -28.8956 0
      vertex -72.0943 -15.7461 0
      vertex -72.0943 -29.2539 0
    endloop
  endfacet
  facet normal 0 0 -1
    outer loop
      vertex -72.2107 -28.8956 0
      vertex -72.2107 -16.1044 0
      vertex -72.0943 -15.7461 0
    endloop
  endfacet
  facet normal 0 0 -1
    outer loop
      vertex -73.5 -22.5 0
      vertex -72.2107 -28.8956 0
      vertex -72.3711 -28.5547 0
    endloop
  endfacet
  facet normal 0 0 -1
    outer loop
      vertex -72.2107 -28.8956 0
      vertex -73.5 -22.5 0
      vertex -72.2107 -16.1044 0
    endloop
  endfacet
  facet normal 0 0 -1
    outer loop
      vertex -73.5118 -22.688 0
      vertex -72.3711 -28.5547 0
      vertex -72.573 -28.2366 0
    endloop
  endfacet
  facet normal 0 0 -1
    outer loop
      vertex -72.2107 -16.1044 0
      vertex -73.5 -22.5 0
      vertex -72.3711 -16.4453 0
    endloop
  endfacet
  facet normal 0 0 -1
    outer loop
      vertex -73.6053 -23.0522 0
      vertex -72.573 -28.2366 0
      vertex -72.8131 -27.9464 0
    endloop
  endfacet
  facet normal 0 0 -1
    outer loop
      vertex -73.5118 -22.312 0
      vertex -72.3711 -16.4453 0
      vertex -73.5 -22.5 0
    endloop
  endfacet
  facet normal 0 0 -1
    outer loop
      vertex -73.6855 -23.2226 0
      vertex -72.8131 -27.9464 0
      vertex -73.0877 -27.6885 0
    endloop
  endfacet
  facet normal 0 0 -1
    outer loop
      vertex -72.3711 -16.4453 0
      vertex -73.5118 -22.312 0
      vertex -72.573 -16.7634 0
    endloop
  endfacet
  facet normal 0 0 -1
    outer loop
      vertex -73.7865 -23.3817 0
      vertex -73.0877 -27.6885 0
      vertex -73.3925 -27.467 0
    endloop
  endfacet
  facet normal 0 0 -1
    outer loop
      vertex -73.5471 -22.127 0
      vertex -72.573 -16.7634 0
      vertex -73.5118 -22.312 0
    endloop
  endfacet
  facet normal 0 0 -1
    outer loop
      vertex -73.6053 -21.9478 0
      vertex -72.573 -16.7634 0
      vertex -73.5471 -22.127 0
    endloop
  endfacet
  facet normal 0 0 -1
    outer loop
      vertex -72.3711 -28.5547 0
      vertex -73.5118 -22.688 0
      vertex -73.5 -22.5 0
    endloop
  endfacet
  facet normal 0 0 -1
    outer loop
      vertex -72.573 -28.2366 0
      vertex -73.5471 -22.873 0
      vertex -73.5118 -22.688 0
    endloop
  endfacet
  facet normal 0 0 -1
    outer loop
      vertex -72.573 -28.2366 0
      vertex -73.6053 -23.0522 0
      vertex -73.5471 -22.873 0
    endloop
  endfacet
  facet normal 0 0 -1
    outer loop
      vertex -72.8131 -27.9464 0
      vertex -73.6855 -23.2226 0
      vertex -73.6053 -23.0522 0
    endloop
  endfacet
  facet normal 0 0 -1
    outer loop
      vertex -74.0439 -23.6558 0
      vertex -73.3925 -27.467 0
      vertex -73.7227 -27.2855 0
    endloop
  endfacet
  facet normal 0 0 -1
    outer loop
      vertex -73.0877 -27.6885 0
      vertex -73.7865 -23.3817 0
      vertex -73.6855 -23.2226 0
    endloop
  endfacet
  facet normal 0 0 -1
    outer loop
      vertex -73.3925 -27.467 0
      vertex -73.9065 -23.5268 0
      vertex -73.7865 -23.3817 0
    endloop
  endfacet
  facet normal 0 0 -1
    outer loop
      vertex -73.3925 -27.467 0
      vertex -74.0439 -23.6558 0
      vertex -73.9065 -23.5268 0
    endloop
  endfacet
  facet normal 0 0 -1
    outer loop
      vertex -74.1963 -23.7665 0
      vertex -73.7227 -27.2855 0
      vertex -74.073 -27.1468 0
    endloop
  endfacet
  facet normal 0 0 -1
    outer loop
      vertex -73.7227 -27.2855 0
      vertex -74.1963 -23.7665 0
      vertex -74.0439 -23.6558 0
    endloop
  endfacet
  facet normal 0 0 -1
    outer loop
      vertex -74.073 -27.1468 0
      vertex -74.3613 -23.8572 0
      vertex -74.1963 -23.7665 0
    endloop
  endfacet
  facet normal 0 0 -1
    outer loop
      vertex -74.4379 -27.0531 0
      vertex -74.3613 -23.8572 0
      vertex -74.073 -27.1468 0
    endloop
  endfacet
  facet normal 0 0 -1
    outer loop
      vertex -74.4379 -27.0531 0
      vertex -74.5365 -23.9266 0
      vertex -74.3613 -23.8572 0
    endloop
  endfacet
  facet normal 0 0 -1
    outer loop
      vertex -74.4379 -27.0531 0
      vertex -74.7189 -23.9734 0
      vertex -74.5365 -23.9266 0
    endloop
  endfacet
  facet normal 0 0 -1
    outer loop
      vertex -74.8116 -27.0059 0
      vertex -74.7189 -23.9734 0
      vertex -74.4379 -27.0531 0
    endloop
  endfacet
  facet normal 0 0 -1
    outer loop
      vertex -74.8116 -27.0059 0
      vertex -74.9058 -23.997 0
      vertex -74.7189 -23.9734 0
    endloop
  endfacet
  facet normal 0 0 -1
    outer loop
      vertex -74.8116 -27.0059 0
      vertex -75.0942 -23.997 0
      vertex -74.9058 -23.997 0
    endloop
  endfacet
  facet normal 0 0 -1
    outer loop
      vertex -75.1884 -27.0059 0
      vertex -75.0942 -23.997 0
      vertex -74.8116 -27.0059 0
    endloop
  endfacet
  facet normal 0 0 -1
    outer loop
      vertex -75.1884 -27.0059 0
      vertex -75.2811 -23.9734 0
      vertex -75.0942 -23.997 0
    endloop
  endfacet
  facet normal 0 0 -1
    outer loop
      vertex -75.5621 -27.0531 0
      vertex -75.2811 -23.9734 0
      vertex -75.1884 -27.0059 0
    endloop
  endfacet
  facet normal -0 0 -1
    outer loop
      vertex -75.2811 -23.9734 0
      vertex -75.5621 -27.0531 0
      vertex -75.4635 -23.9266 0
    endloop
  endfacet
  facet normal 0 0 -1
    outer loop
      vertex -75.5621 -27.0531 0
      vertex -75.6387 -23.8572 0
      vertex -75.4635 -23.9266 0
    endloop
  endfacet
  facet normal 0 0 -1
    outer loop
      vertex -75.927 -27.1468 0
      vertex -75.6387 -23.8572 0
      vertex -75.5621 -27.0531 0
    endloop
  endfacet
  facet normal -0 0 -1
    outer loop
      vertex -75.6387 -23.8572 0
      vertex -75.927 -27.1468 0
      vertex -75.8037 -23.7665 0
    endloop
  endfacet
  facet normal 0 0 -1
    outer loop
      vertex -76.2773 -27.2855 0
      vertex -75.8037 -23.7665 0
      vertex -75.927 -27.1468 0
    endloop
  endfacet
  facet normal -0 0 -1
    outer loop
      vertex -75.8037 -23.7665 0
      vertex -76.2773 -27.2855 0
      vertex -75.9561 -23.6558 0
    endloop
  endfacet
  facet normal 0 0 -1
    outer loop
      vertex -76.6075 -27.467 0
      vertex -75.9561 -23.6558 0
      vertex -76.2773 -27.2855 0
    endloop
  endfacet
  facet normal -0 0 -1
    outer loop
      vertex -75.9561 -23.6558 0
      vertex -76.6075 -27.467 0
      vertex -76.0935 -23.5268 0
    endloop
  endfacet
  facet normal -0 0 -1
    outer loop
      vertex -76.0935 -23.5268 0
      vertex -76.6075 -27.467 0
      vertex -76.2135 -23.3817 0
    endloop
  endfacet
  facet normal 0 0 -1
    outer loop
      vertex -76.9123 -27.6885 0
      vertex -76.2135 -23.3817 0
      vertex -76.6075 -27.467 0
    endloop
  endfacet
  facet normal -0 0 -1
    outer loop
      vertex -76.2135 -23.3817 0
      vertex -76.9123 -27.6885 0
      vertex -76.3145 -23.2226 0
    endloop
  endfacet
  facet normal 0 0 -1
    outer loop
      vertex -77.1869 -27.9464 0
      vertex -76.3145 -23.2226 0
      vertex -76.9123 -27.6885 0
    endloop
  endfacet
  facet normal -0 0 -1
    outer loop
      vertex -76.3145 -23.2226 0
      vertex -77.1869 -27.9464 0
      vertex -76.3947 -23.0522 0
    endloop
  endfacet
  facet normal 0 0 -1
    outer loop
      vertex -77.427 -28.2366 0
      vertex -76.3947 -23.0522 0
      vertex -77.1869 -27.9464 0
    endloop
  endfacet
  facet normal 0 0 -1
    outer loop
      vertex -72.0237 -30.376 0
      vertex 77.3139 -81.9901 0
      vertex -72.0237 -44.624 0
    endloop
  endfacet
  facet normal 0 0 -1
    outer loop
      vertex 77.3139 -81.9901 0
      vertex -72.0237 -30.376 0
      vertex -72 -30 0
    endloop
  endfacet
  facet normal 0 0 -1
    outer loop
      vertex -72.0943 -44.2539 0
      vertex -72.0237 -30.376 0
      vertex -72.0237 -44.624 0
    endloop
  endfacet
  facet normal 0 0 -1
    outer loop
      vertex -72.0943 -44.2539 0
      vertex -72.0943 -30.7461 0
      vertex -72.0237 -30.376 0
    endloop
  endfacet
  facet normal 0 0 -1
    outer loop
      vertex -72.2107 -43.8956 0
      vertex -72.0943 -30.7461 0
      vertex -72.0943 -44.2539 0
    endloop
  endfacet
  facet normal 0 0 -1
    outer loop
      vertex -72.2107 -43.8956 0
      vertex -72.2107 -31.1044 0
      vertex -72.0943 -30.7461 0
    endloop
  endfacet
  facet normal 0 0 -1
    outer loop
      vertex -73.5 -37.5 0
      vertex -72.2107 -43.8956 0
      vertex -72.3711 -43.5547 0
    endloop
  endfacet
  facet normal 0 0 -1
    outer loop
      vertex -72.2107 -43.8956 0
      vertex -73.5 -37.5 0
      vertex -72.2107 -31.1044 0
    endloop
  endfacet
  facet normal 0 0 -1
    outer loop
      vertex -73.5118 -37.688 0
      vertex -72.3711 -43.5547 0
      vertex -72.573 -43.2366 0
    endloop
  endfacet
  facet normal 0 0 -1
    outer loop
      vertex -72.2107 -31.1044 0
      vertex -73.5 -37.5 0
      vertex -72.3711 -31.4453 0
    endloop
  endfacet
  facet normal 0 0 -1
    outer loop
      vertex -73.6053 -38.0522 0
      vertex -72.573 -43.2366 0
      vertex -72.8131 -42.9464 0
    endloop
  endfacet
  facet normal 0 0 -1
    outer loop
      vertex -73.5118 -37.312 0
      vertex -72.3711 -31.4453 0
      vertex -73.5 -37.5 0
    endloop
  endfacet
  facet normal 0 0 -1
    outer loop
      vertex -73.6855 -38.2226 0
      vertex -72.8131 -42.9464 0
      vertex -73.0877 -42.6885 0
    endloop
  endfacet
  facet normal 0 0 -1
    outer loop
      vertex -72.3711 -31.4453 0
      vertex -73.5118 -37.312 0
      vertex -72.573 -31.7634 0
    endloop
  endfacet
  facet normal 0 0 -1
    outer loop
      vertex -73.7865 -38.3817 0
      vertex -73.0877 -42.6885 0
      vertex -73.3925 -42.467 0
    endloop
  endfacet
  facet normal 0 0 -1
    outer loop
      vertex -73.5471 -37.127 0
      vertex -72.573 -31.7634 0
      vertex -73.5118 -37.312 0
    endloop
  endfacet
  facet normal 0 0 -1
    outer loop
      vertex -73.6053 -36.9478 0
      vertex -72.573 -31.7634 0
      vertex -73.5471 -37.127 0
    endloop
  endfacet
  facet normal 0 0 -1
    outer loop
      vertex -72.3711 -43.5547 0
      vertex -73.5118 -37.688 0
      vertex -73.5 -37.5 0
    endloop
  endfacet
  facet normal 0 0 -1
    outer loop
      vertex -72.573 -43.2366 0
      vertex -73.5471 -37.873 0
      vertex -73.5118 -37.688 0
    endloop
  endfacet
  facet normal 0 0 -1
    outer loop
      vertex -72.573 -43.2366 0
      vertex -73.6053 -38.0522 0
      vertex -73.5471 -37.873 0
    endloop
  endfacet
  facet normal 0 0 -1
    outer loop
      vertex -72.8131 -42.9464 0
      vertex -73.6855 -38.2226 0
      vertex -73.6053 -38.0522 0
    endloop
  endfacet
  facet normal 0 0 -1
    outer loop
      vertex -74.0439 -38.6558 0
      vertex -73.3925 -42.467 0
      vertex -73.7227 -42.2855 0
    endloop
  endfacet
  facet normal 0 0 -1
    outer loop
      vertex -73.0877 -42.6885 0
      vertex -73.7865 -38.3817 0
      vertex -73.6855 -38.2226 0
    endloop
  endfacet
  facet normal 0 0 -1
    outer loop
      vertex -73.3925 -42.467 0
      vertex -73.9065 -38.5268 0
      vertex -73.7865 -38.3817 0
    endloop
  endfacet
  facet normal 0 0 -1
    outer loop
      vertex -73.3925 -42.467 0
      vertex -74.0439 -38.6558 0
      vertex -73.9065 -38.5268 0
    endloop
  endfacet
  facet normal 0 0 -1
    outer loop
      vertex -74.1963 -38.7665 0
      vertex -73.7227 -42.2855 0
      vertex -74.073 -42.1468 0
    endloop
  endfacet
  facet normal 0 0 -1
    outer loop
      vertex -73.7227 -42.2855 0
      vertex -74.1963 -38.7665 0
      vertex -74.0439 -38.6558 0
    endloop
  endfacet
  facet normal 0 0 -1
    outer loop
      vertex -74.073 -42.1468 0
      vertex -74.3613 -38.8572 0
      vertex -74.1963 -38.7665 0
    endloop
  endfacet
  facet normal 0 0 -1
    outer loop
      vertex -74.4379 -42.0531 0
      vertex -74.3613 -38.8572 0
      vertex -74.073 -42.1468 0
    endloop
  endfacet
  facet normal 0 0 -1
    outer loop
      vertex -74.4379 -42.0531 0
      vertex -74.5365 -38.9266 0
      vertex -74.3613 -38.8572 0
    endloop
  endfacet
  facet normal 0 0 -1
    outer loop
      vertex -74.4379 -42.0531 0
      vertex -74.7189 -38.9734 0
      vertex -74.5365 -38.9266 0
    endloop
  endfacet
  facet normal 0 0 -1
    outer loop
      vertex -74.8116 -42.0059 0
      vertex -74.7189 -38.9734 0
      vertex -74.4379 -42.0531 0
    endloop
  endfacet
  facet normal 0 0 -1
    outer loop
      vertex -74.8116 -42.0059 0
      vertex -74.9058 -38.997 0
      vertex -74.7189 -38.9734 0
    endloop
  endfacet
  facet normal 0 0 -1
    outer loop
      vertex -74.8116 -42.0059 0
      vertex -75.0942 -38.997 0
      vertex -74.9058 -38.997 0
    endloop
  endfacet
  facet normal 0 0 -1
    outer loop
      vertex -75.1884 -42.0059 0
      vertex -75.0942 -38.997 0
      vertex -74.8116 -42.0059 0
    endloop
  endfacet
  facet normal 0 0 -1
    outer loop
      vertex -75.1884 -42.0059 0
      vertex -75.2811 -38.9734 0
      vertex -75.0942 -38.997 0
    endloop
  endfacet
  facet normal 0 0 -1
    outer loop
      vertex -75.5621 -42.0531 0
      vertex -75.2811 -38.9734 0
      vertex -75.1884 -42.0059 0
    endloop
  endfacet
  facet normal -0 0 -1
    outer loop
      vertex -75.2811 -38.9734 0
      vertex -75.5621 -42.0531 0
      vertex -75.4635 -38.9266 0
    endloop
  endfacet
  facet normal 0 0 -1
    outer loop
      vertex -75.5621 -42.0531 0
      vertex -75.6387 -38.8572 0
      vertex -75.4635 -38.9266 0
    endloop
  endfacet
  facet normal 0 0 -1
    outer loop
      vertex -75.927 -42.1468 0
      vertex -75.6387 -38.8572 0
      vertex -75.5621 -42.0531 0
    endloop
  endfacet
  facet normal -0 0 -1
    outer loop
      vertex -75.6387 -38.8572 0
      vertex -75.927 -42.1468 0
      vertex -75.8037 -38.7665 0
    endloop
  endfacet
  facet normal 0 0 -1
    outer loop
      vertex -76.2773 -42.2855 0
      vertex -75.8037 -38.7665 0
      vertex -75.927 -42.1468 0
    endloop
  endfacet
  facet normal -0 0 -1
    outer loop
      vertex -75.8037 -38.7665 0
      vertex -76.2773 -42.2855 0
      vertex -75.9561 -38.6558 0
    endloop
  endfacet
  facet normal 0 0 -1
    outer loop
      vertex -76.6075 -42.467 0
      vertex -75.9561 -38.6558 0
      vertex -76.2773 -42.2855 0
    endloop
  endfacet
  facet normal -0 0 -1
    outer loop
      vertex -75.9561 -38.6558 0
      vertex -76.6075 -42.467 0
      vertex -76.0935 -38.5268 0
    endloop
  endfacet
  facet normal -0 0 -1
    outer loop
      vertex -76.0935 -38.5268 0
      vertex -76.6075 -42.467 0
      vertex -76.2135 -38.3817 0
    endloop
  endfacet
  facet normal 0 0 -1
    outer loop
      vertex -76.9123 -42.6885 0
      vertex -76.2135 -38.3817 0
      vertex -76.6075 -42.467 0
    endloop
  endfacet
  facet normal -0 0 -1
    outer loop
      vertex -76.2135 -38.3817 0
      vertex -76.9123 -42.6885 0
      vertex -76.3145 -38.2226 0
    endloop
  endfacet
  facet normal 0 0 -1
    outer loop
      vertex -77.1869 -42.9464 0
      vertex -76.3145 -38.2226 0
      vertex -76.9123 -42.6885 0
    endloop
  endfacet
  facet normal -0 0 -1
    outer loop
      vertex -76.3145 -38.2226 0
      vertex -77.1869 -42.9464 0
      vertex -76.3947 -38.0522 0
    endloop
  endfacet
  facet normal 0 0 -1
    outer loop
      vertex -77.427 -43.2366 0
      vertex -76.3947 -38.0522 0
      vertex -77.1869 -42.9464 0
    endloop
  endfacet
  facet normal 0 0 -1
    outer loop
      vertex -72.0237 -45.376 0
      vertex 77.3139 -81.9901 0
      vertex -72.0237 -59.624 0
    endloop
  endfacet
  facet normal 0 0 -1
    outer loop
      vertex 77.3139 -81.9901 0
      vertex -72.0237 -45.376 0
      vertex -72 -45 0
    endloop
  endfacet
  facet normal 0 0 -1
    outer loop
      vertex -72.0943 -59.2539 0
      vertex -72.0237 -45.376 0
      vertex -72.0237 -59.624 0
    endloop
  endfacet
  facet normal 0 0 -1
    outer loop
      vertex -72.0943 -59.2539 0
      vertex -72.0943 -45.7461 0
      vertex -72.0237 -45.376 0
    endloop
  endfacet
  facet normal 0 0 -1
    outer loop
      vertex -72.2107 -58.8956 0
      vertex -72.0943 -45.7461 0
      vertex -72.0943 -59.2539 0
    endloop
  endfacet
  facet normal 0 0 -1
    outer loop
      vertex -72.2107 -58.8956 0
      vertex -72.2107 -46.1044 0
      vertex -72.0943 -45.7461 0
    endloop
  endfacet
  facet normal 0 0 -1
    outer loop
      vertex -73.5 -52.5 0
      vertex -72.2107 -58.8956 0
      vertex -72.3711 -58.5547 0
    endloop
  endfacet
  facet normal 0 0 -1
    outer loop
      vertex -72.2107 -58.8956 0
      vertex -73.5 -52.5 0
      vertex -72.2107 -46.1044 0
    endloop
  endfacet
  facet normal 0 0 -1
    outer loop
      vertex -73.5118 -52.688 0
      vertex -72.3711 -58.5547 0
      vertex -72.573 -58.2366 0
    endloop
  endfacet
  facet normal 0 0 -1
    outer loop
      vertex -72.2107 -46.1044 0
      vertex -73.5 -52.5 0
      vertex -72.3711 -46.4453 0
    endloop
  endfacet
  facet normal 0 0 -1
    outer loop
      vertex -73.6053 -53.0522 0
      vertex -72.573 -58.2366 0
      vertex -72.8131 -57.9464 0
    endloop
  endfacet
  facet normal 0 0 -1
    outer loop
      vertex -73.5118 -52.312 0
      vertex -72.3711 -46.4453 0
      vertex -73.5 -52.5 0
    endloop
  endfacet
  facet normal 0 0 -1
    outer loop
      vertex -73.6855 -53.2226 0
      vertex -72.8131 -57.9464 0
      vertex -73.0877 -57.6885 0
    endloop
  endfacet
  facet normal 0 0 -1
    outer loop
      vertex -72.3711 -46.4453 0
      vertex -73.5118 -52.312 0
      vertex -72.573 -46.7634 0
    endloop
  endfacet
  facet normal 0 0 -1
    outer loop
      vertex -73.7865 -53.3817 0
      vertex -73.0877 -57.6885 0
      vertex -73.3925 -57.467 0
    endloop
  endfacet
  facet normal 0 0 -1
    outer loop
      vertex -73.5471 -52.127 0
      vertex -72.573 -46.7634 0
      vertex -73.5118 -52.312 0
    endloop
  endfacet
  facet normal 0 0 -1
    outer loop
      vertex -73.6053 -51.9478 0
      vertex -72.573 -46.7634 0
      vertex -73.5471 -52.127 0
    endloop
  endfacet
  facet normal 0 0 -1
    outer loop
      vertex -72.3711 -58.5547 0
      vertex -73.5118 -52.688 0
      vertex -73.5 -52.5 0
    endloop
  endfacet
  facet normal 0 0 -1
    outer loop
      vertex -72.573 -58.2366 0
      vertex -73.5471 -52.873 0
      vertex -73.5118 -52.688 0
    endloop
  endfacet
  facet normal 0 0 -1
    outer loop
      vertex -72.573 -58.2366 0
      vertex -73.6053 -53.0522 0
      vertex -73.5471 -52.873 0
    endloop
  endfacet
  facet normal 0 0 -1
    outer loop
      vertex -72.8131 -57.9464 0
      vertex -73.6855 -53.2226 0
      vertex -73.6053 -53.0522 0
    endloop
  endfacet
  facet normal 0 0 -1
    outer loop
      vertex -74.0439 -53.6558 0
      vertex -73.3925 -57.467 0
      vertex -73.7227 -57.2855 0
    endloop
  endfacet
  facet normal 0 0 -1
    outer loop
      vertex -73.0877 -57.6885 0
      vertex -73.7865 -53.3817 0
      vertex -73.6855 -53.2226 0
    endloop
  endfacet
  facet normal 0 0 -1
    outer loop
      vertex -73.3925 -57.467 0
      vertex -73.9065 -53.5268 0
      vertex -73.7865 -53.3817 0
    endloop
  endfacet
  facet normal 0 0 -1
    outer loop
      vertex -73.3925 -57.467 0
      vertex -74.0439 -53.6558 0
      vertex -73.9065 -53.5268 0
    endloop
  endfacet
  facet normal 0 0 -1
    outer loop
      vertex -74.1963 -53.7665 0
      vertex -73.7227 -57.2855 0
      vertex -74.073 -57.1468 0
    endloop
  endfacet
  facet normal 0 0 -1
    outer loop
      vertex -73.7227 -57.2855 0
      vertex -74.1963 -53.7665 0
      vertex -74.0439 -53.6558 0
    endloop
  endfacet
  facet normal 0 0 -1
    outer loop
      vertex -74.073 -57.1468 0
      vertex -74.3613 -53.8572 0
      vertex -74.1963 -53.7665 0
    endloop
  endfacet
  facet normal 0 0 -1
    outer loop
      vertex -74.4379 -57.0531 0
      vertex -74.3613 -53.8572 0
      vertex -74.073 -57.1468 0
    endloop
  endfacet
  facet normal 0 0 -1
    outer loop
      vertex -74.4379 -57.0531 0
      vertex -74.5365 -53.9266 0
      vertex -74.3613 -53.8572 0
    endloop
  endfacet
  facet normal 0 0 -1
    outer loop
      vertex -74.4379 -57.0531 0
      vertex -74.7189 -53.9734 0
      vertex -74.5365 -53.9266 0
    endloop
  endfacet
  facet normal 0 0 -1
    outer loop
      vertex -74.8116 -57.0059 0
      vertex -74.7189 -53.9734 0
      vertex -74.4379 -57.0531 0
    endloop
  endfacet
  facet normal 0 0 -1
    outer loop
      vertex -74.8116 -57.0059 0
      vertex -74.9058 -53.997 0
      vertex -74.7189 -53.9734 0
    endloop
  endfacet
  facet normal 0 0 -1
    outer loop
      vertex -74.8116 -57.0059 0
      vertex -75.0942 -53.997 0
      vertex -74.9058 -53.997 0
    endloop
  endfacet
  facet normal 0 0 -1
    outer loop
      vertex -75.1884 -57.0059 0
      vertex -75.0942 -53.997 0
      vertex -74.8116 -57.0059 0
    endloop
  endfacet
  facet normal 0 0 -1
    outer loop
      vertex -75.1884 -57.0059 0
      vertex -75.2811 -53.9734 0
      vertex -75.0942 -53.997 0
    endloop
  endfacet
  facet normal 0 0 -1
    outer loop
      vertex -75.5621 -57.0531 0
      vertex -75.2811 -53.9734 0
      vertex -75.1884 -57.0059 0
    endloop
  endfacet
  facet normal -0 0 -1
    outer loop
      vertex -75.2811 -53.9734 0
      vertex -75.5621 -57.0531 0
      vertex -75.4635 -53.9266 0
    endloop
  endfacet
  facet normal 0 0 -1
    outer loop
      vertex -75.5621 -57.0531 0
      vertex -75.6387 -53.8572 0
      vertex -75.4635 -53.9266 0
    endloop
  endfacet
  facet normal 0 0 -1
    outer loop
      vertex -75.927 -57.1468 0
      vertex -75.6387 -53.8572 0
      vertex -75.5621 -57.0531 0
    endloop
  endfacet
  facet normal -0 0 -1
    outer loop
      vertex -75.6387 -53.8572 0
      vertex -75.927 -57.1468 0
      vertex -75.8037 -53.7665 0
    endloop
  endfacet
  facet normal 0 0 -1
    outer loop
      vertex -76.2773 -57.2855 0
      vertex -75.8037 -53.7665 0
      vertex -75.927 -57.1468 0
    endloop
  endfacet
  facet normal -0 0 -1
    outer loop
      vertex -75.8037 -53.7665 0
      vertex -76.2773 -57.2855 0
      vertex -75.9561 -53.6558 0
    endloop
  endfacet
  facet normal 0 0 -1
    outer loop
      vertex -76.6075 -57.467 0
      vertex -75.9561 -53.6558 0
      vertex -76.2773 -57.2855 0
    endloop
  endfacet
  facet normal -0 0 -1
    outer loop
      vertex -75.9561 -53.6558 0
      vertex -76.6075 -57.467 0
      vertex -76.0935 -53.5268 0
    endloop
  endfacet
  facet normal -0 0 -1
    outer loop
      vertex -76.0935 -53.5268 0
      vertex -76.6075 -57.467 0
      vertex -76.2135 -53.3817 0
    endloop
  endfacet
  facet normal 0 0 -1
    outer loop
      vertex -76.9123 -57.6885 0
      vertex -76.2135 -53.3817 0
      vertex -76.6075 -57.467 0
    endloop
  endfacet
  facet normal -0 0 -1
    outer loop
      vertex -76.2135 -53.3817 0
      vertex -76.9123 -57.6885 0
      vertex -76.3145 -53.2226 0
    endloop
  endfacet
  facet normal 0 0 -1
    outer loop
      vertex -77.1869 -57.9464 0
      vertex -76.3145 -53.2226 0
      vertex -76.9123 -57.6885 0
    endloop
  endfacet
  facet normal -0 0 -1
    outer loop
      vertex -76.3145 -53.2226 0
      vertex -77.1869 -57.9464 0
      vertex -76.3947 -53.0522 0
    endloop
  endfacet
  facet normal 0 0 -1
    outer loop
      vertex -77.427 -58.2366 0
      vertex -76.3947 -53.0522 0
      vertex -77.1869 -57.9464 0
    endloop
  endfacet
  facet normal 0 0 -1
    outer loop
      vertex -72.0237 -60.376 0
      vertex 77.3139 -81.9901 0
      vertex -72.0237 -74.624 0
    endloop
  endfacet
  facet normal 0 0 -1
    outer loop
      vertex 77.3139 -81.9901 0
      vertex -72.0237 -60.376 0
      vertex -72 -60 0
    endloop
  endfacet
  facet normal 0 0 -1
    outer loop
      vertex -72.0943 -74.2539 0
      vertex -72.0237 -60.376 0
      vertex -72.0237 -74.624 0
    endloop
  endfacet
  facet normal 0 0 -1
    outer loop
      vertex -72.0943 -74.2539 0
      vertex -72.0943 -60.7461 0
      vertex -72.0237 -60.376 0
    endloop
  endfacet
  facet normal 0 0 -1
    outer loop
      vertex -72.2107 -73.8956 0
      vertex -72.0943 -60.7461 0
      vertex -72.0943 -74.2539 0
    endloop
  endfacet
  facet normal 0 0 -1
    outer loop
      vertex -72.2107 -73.8956 0
      vertex -72.2107 -61.1044 0
      vertex -72.0943 -60.7461 0
    endloop
  endfacet
  facet normal 0 0 -1
    outer loop
      vertex -73.5 -67.5 0
      vertex -72.2107 -73.8956 0
      vertex -72.3711 -73.5547 0
    endloop
  endfacet
  facet normal 0 0 -1
    outer loop
      vertex -72.2107 -73.8956 0
      vertex -73.5 -67.5 0
      vertex -72.2107 -61.1044 0
    endloop
  endfacet
  facet normal 0 0 -1
    outer loop
      vertex -73.5118 -67.688 0
      vertex -72.3711 -73.5547 0
      vertex -72.573 -73.2366 0
    endloop
  endfacet
  facet normal 0 0 -1
    outer loop
      vertex -72.2107 -61.1044 0
      vertex -73.5 -67.5 0
      vertex -72.3711 -61.4453 0
    endloop
  endfacet
  facet normal 0 0 -1
    outer loop
      vertex -73.6053 -68.0522 0
      vertex -72.573 -73.2366 0
      vertex -72.8131 -72.9464 0
    endloop
  endfacet
  facet normal 0 0 -1
    outer loop
      vertex -73.5118 -67.312 0
      vertex -72.3711 -61.4453 0
      vertex -73.5 -67.5 0
    endloop
  endfacet
  facet normal 0 0 -1
    outer loop
      vertex -73.6855 -68.2226 0
      vertex -72.8131 -72.9464 0
      vertex -73.0877 -72.6885 0
    endloop
  endfacet
  facet normal 0 0 -1
    outer loop
      vertex -72.3711 -61.4453 0
      vertex -73.5118 -67.312 0
      vertex -72.573 -61.7634 0
    endloop
  endfacet
  facet normal 0 0 -1
    outer loop
      vertex -73.7865 -68.3817 0
      vertex -73.0877 -72.6885 0
      vertex -73.3925 -72.467 0
    endloop
  endfacet
  facet normal 0 0 -1
    outer loop
      vertex -73.5471 -67.127 0
      vertex -72.573 -61.7634 0
      vertex -73.5118 -67.312 0
    endloop
  endfacet
  facet normal 0 0 -1
    outer loop
      vertex -73.6053 -66.9478 0
      vertex -72.573 -61.7634 0
      vertex -73.5471 -67.127 0
    endloop
  endfacet
  facet normal 0 0 -1
    outer loop
      vertex -72.3711 -73.5547 0
      vertex -73.5118 -67.688 0
      vertex -73.5 -67.5 0
    endloop
  endfacet
  facet normal 0 0 -1
    outer loop
      vertex -72.573 -73.2366 0
      vertex -73.5471 -67.873 0
      vertex -73.5118 -67.688 0
    endloop
  endfacet
  facet normal 0 0 -1
    outer loop
      vertex -72.573 -73.2366 0
      vertex -73.6053 -68.0522 0
      vertex -73.5471 -67.873 0
    endloop
  endfacet
  facet normal 0 0 -1
    outer loop
      vertex -72.8131 -72.9464 0
      vertex -73.6855 -68.2226 0
      vertex -73.6053 -68.0522 0
    endloop
  endfacet
  facet normal 0 0 -1
    outer loop
      vertex -74.0439 -68.6558 0
      vertex -73.3925 -72.467 0
      vertex -73.7227 -72.2855 0
    endloop
  endfacet
  facet normal 0 0 -1
    outer loop
      vertex -73.0877 -72.6885 0
      vertex -73.7865 -68.3817 0
      vertex -73.6855 -68.2226 0
    endloop
  endfacet
  facet normal 0 0 -1
    outer loop
      vertex -73.3925 -72.467 0
      vertex -73.9065 -68.5268 0
      vertex -73.7865 -68.3817 0
    endloop
  endfacet
  facet normal 0 0 -1
    outer loop
      vertex -73.3925 -72.467 0
      vertex -74.0439 -68.6558 0
      vertex -73.9065 -68.5268 0
    endloop
  endfacet
  facet normal 0 0 -1
    outer loop
      vertex -74.1963 -68.7665 0
      vertex -73.7227 -72.2855 0
      vertex -74.073 -72.1468 0
    endloop
  endfacet
  facet normal 0 0 -1
    outer loop
      vertex -73.7227 -72.2855 0
      vertex -74.1963 -68.7665 0
      vertex -74.0439 -68.6558 0
    endloop
  endfacet
  facet normal 0 0 -1
    outer loop
      vertex -74.073 -72.1468 0
      vertex -74.3613 -68.8572 0
      vertex -74.1963 -68.7665 0
    endloop
  endfacet
  facet normal 0 0 -1
    outer loop
      vertex -74.4379 -72.0531 0
      vertex -74.3613 -68.8572 0
      vertex -74.073 -72.1468 0
    endloop
  endfacet
  facet normal 0 0 -1
    outer loop
      vertex -74.4379 -72.0531 0
      vertex -74.5365 -68.9266 0
      vertex -74.3613 -68.8572 0
    endloop
  endfacet
  facet normal 0 0 -1
    outer loop
      vertex -74.4379 -72.0531 0
      vertex -74.7189 -68.9734 0
      vertex -74.5365 -68.9266 0
    endloop
  endfacet
  facet normal 0 0 -1
    outer loop
      vertex -74.8116 -72.0059 0
      vertex -74.7189 -68.9734 0
      vertex -74.4379 -72.0531 0
    endloop
  endfacet
  facet normal 0 0 -1
    outer loop
      vertex -74.8116 -72.0059 0
      vertex -74.9058 -68.997 0
      vertex -74.7189 -68.9734 0
    endloop
  endfacet
  facet normal 0 0 -1
    outer loop
      vertex -74.8116 -72.0059 0
      vertex -75.0942 -68.997 0
      vertex -74.9058 -68.997 0
    endloop
  endfacet
  facet normal 0 0 -1
    outer loop
      vertex -75.1884 -72.0059 0
      vertex -75.0942 -68.997 0
      vertex -74.8116 -72.0059 0
    endloop
  endfacet
  facet normal 0 0 -1
    outer loop
      vertex -75.1884 -72.0059 0
      vertex -75.2811 -68.9734 0
      vertex -75.0942 -68.997 0
    endloop
  endfacet
  facet normal 0 0 -1
    outer loop
      vertex -75.5621 -72.0531 0
      vertex -75.2811 -68.9734 0
      vertex -75.1884 -72.0059 0
    endloop
  endfacet
  facet normal -0 0 -1
    outer loop
      vertex -75.2811 -68.9734 0
      vertex -75.5621 -72.0531 0
      vertex -75.4635 -68.9266 0
    endloop
  endfacet
  facet normal 0 0 -1
    outer loop
      vertex -75.5621 -72.0531 0
      vertex -75.6387 -68.8572 0
      vertex -75.4635 -68.9266 0
    endloop
  endfacet
  facet normal 0 0 -1
    outer loop
      vertex -75.927 -72.1468 0
      vertex -75.6387 -68.8572 0
      vertex -75.5621 -72.0531 0
    endloop
  endfacet
  facet normal -0 0 -1
    outer loop
      vertex -75.6387 -68.8572 0
      vertex -75.927 -72.1468 0
      vertex -75.8037 -68.7665 0
    endloop
  endfacet
  facet normal 0 0 -1
    outer loop
      vertex -76.2773 -72.2855 0
      vertex -75.8037 -68.7665 0
      vertex -75.927 -72.1468 0
    endloop
  endfacet
  facet normal -0 0 -1
    outer loop
      vertex -75.8037 -68.7665 0
      vertex -76.2773 -72.2855 0
      vertex -75.9561 -68.6558 0
    endloop
  endfacet
  facet normal 0 0 -1
    outer loop
      vertex -76.6075 -72.467 0
      vertex -75.9561 -68.6558 0
      vertex -76.2773 -72.2855 0
    endloop
  endfacet
  facet normal -0 0 -1
    outer loop
      vertex -75.9561 -68.6558 0
      vertex -76.6075 -72.467 0
      vertex -76.0935 -68.5268 0
    endloop
  endfacet
  facet normal -0 0 -1
    outer loop
      vertex -76.0935 -68.5268 0
      vertex -76.6075 -72.467 0
      vertex -76.2135 -68.3817 0
    endloop
  endfacet
  facet normal 0 0 -1
    outer loop
      vertex -76.9123 -72.6885 0
      vertex -76.2135 -68.3817 0
      vertex -76.6075 -72.467 0
    endloop
  endfacet
  facet normal -0 0 -1
    outer loop
      vertex -76.2135 -68.3817 0
      vertex -76.9123 -72.6885 0
      vertex -76.3145 -68.2226 0
    endloop
  endfacet
  facet normal 0 0 -1
    outer loop
      vertex -77.1869 -72.9464 0
      vertex -76.3145 -68.2226 0
      vertex -76.9123 -72.6885 0
    endloop
  endfacet
  facet normal -0 0 -1
    outer loop
      vertex -76.3145 -68.2226 0
      vertex -77.1869 -72.9464 0
      vertex -76.3947 -68.0522 0
    endloop
  endfacet
  facet normal 0 0 -1
    outer loop
      vertex -77.427 -73.2366 0
      vertex -76.3947 -68.0522 0
      vertex -77.1869 -72.9464 0
    endloop
  endfacet
  facet normal 0 0 -1
    outer loop
      vertex 77.3139 -81.9901 0
      vertex 82 -77 0
      vertex 81.9606 -77.6267 0
    endloop
  endfacet
  facet normal 0 0 -1
    outer loop
      vertex 82 -77 0
      vertex -72 0 0
      vertex 82 77 0
    endloop
  endfacet
  facet normal 0 0 -1
    outer loop
      vertex 77.3139 -81.9901 0
      vertex 81.9606 -77.6267 0
      vertex 81.8429 -78.2434 0
    endloop
  endfacet
  facet normal 0 0 -1
    outer loop
      vertex -72.0237 0.375999 0
      vertex 82 77 0
      vertex -72 0 0
    endloop
  endfacet
  facet normal 0 0 -1
    outer loop
      vertex 77.3139 -81.9901 0
      vertex 81.8429 -78.2434 0
      vertex 81.6489 -78.8406 0
    endloop
  endfacet
  facet normal 0 -0 -1
    outer loop
      vertex 77.3139 81.9901 0
      vertex 82 77 0
      vertex -72 15 0
    endloop
  endfacet
  facet normal 0 0 -1
    outer loop
      vertex 77.3139 -81.9901 0
      vertex 81.6489 -78.8406 0
      vertex 81.3815 -79.4088 0
    endloop
  endfacet
  facet normal -0 0 -1
    outer loop
      vertex 82 -77 0
      vertex 77.3139 -81.9901 0
      vertex -72 -15 0
    endloop
  endfacet
  facet normal 0 0 -1
    outer loop
      vertex 77.3139 -81.9901 0
      vertex 81.3815 -79.4088 0
      vertex 81.0451 -79.9389 0
    endloop
  endfacet
  facet normal 0 0 -1
    outer loop
      vertex 82 77 0
      vertex 77.3139 81.9901 0
      vertex 81.9606 77.6267 0
    endloop
  endfacet
  facet normal 0 0 -1
    outer loop
      vertex 77.3139 -81.9901 0
      vertex 81.0451 -79.9389 0
      vertex 80.6448 -80.4227 0
    endloop
  endfacet
  facet normal 0 0 -1
    outer loop
      vertex 81.6489 78.8406 0
      vertex 77.3139 81.9901 0
      vertex 81.3815 79.4088 0
    endloop
  endfacet
  facet normal 0 0 -1
    outer loop
      vertex 77.3139 -81.9901 0
      vertex 80.6448 -80.4227 0
      vertex 80.1871 -80.8526 0
    endloop
  endfacet
  facet normal 0 0 -1
    outer loop
      vertex 81.3815 79.4088 0
      vertex 77.3139 81.9901 0
      vertex 81.0451 79.9389 0
    endloop
  endfacet
  facet normal 0 0 -1
    outer loop
      vertex 77.3139 -81.9901 0
      vertex 80.1871 -80.8526 0
      vertex 79.6791 -81.2216 0
    endloop
  endfacet
  facet normal 0 0 -1
    outer loop
      vertex 81.0451 79.9389 0
      vertex 77.3139 81.9901 0
      vertex 80.6448 80.4227 0
    endloop
  endfacet
  facet normal 0 0 -1
    outer loop
      vertex 77.3139 -81.9901 0
      vertex 79.6791 -81.2216 0
      vertex 79.1289 -81.5241 0
    endloop
  endfacet
  facet normal 0 0 -1
    outer loop
      vertex 80.6448 80.4227 0
      vertex 77.3139 81.9901 0
      vertex 80.1871 80.8526 0
    endloop
  endfacet
  facet normal 0 0 -1
    outer loop
      vertex 77.3139 -81.9901 0
      vertex 79.1289 -81.5241 0
      vertex 78.5451 -81.7553 0
    endloop
  endfacet
  facet normal 0 0 -1
    outer loop
      vertex 80.1871 80.8526 0
      vertex 77.3139 81.9901 0
      vertex 79.6791 81.2216 0
    endloop
  endfacet
  facet normal 0 0 -1
    outer loop
      vertex 77.3139 -81.9901 0
      vertex 78.5451 -81.7553 0
      vertex 77.9369 -81.9114 0
    endloop
  endfacet
  facet normal 0 0 -1
    outer loop
      vertex 79.6791 81.2216 0
      vertex 77.3139 81.9901 0
      vertex 79.1289 81.5241 0
    endloop
  endfacet
  facet normal 0 0 -1
    outer loop
      vertex 79.1289 81.5241 0
      vertex 77.3139 81.9901 0
      vertex 78.5451 81.7553 0
    endloop
  endfacet
  facet normal 0 0 -1
    outer loop
      vertex 78.5451 81.7553 0
      vertex 77.3139 81.9901 0
      vertex 77.9369 81.9114 0
    endloop
  endfacet
  facet normal 0 0 -1
    outer loop
      vertex -72.0237 -74.624 0
      vertex 77.3139 -81.9901 0
      vertex -72 -75 0
    endloop
  endfacet
  facet normal 0 0 -1
    outer loop
      vertex 77.3139 -81.9901 0
      vertex -72.0237 -75.376 0
      vertex -72 -75 0
    endloop
  endfacet
  facet normal 0 0 -1
    outer loop
      vertex 77.3139 -81.9901 0
      vertex -72.0943 -75.7461 0
      vertex -72.0237 -75.376 0
    endloop
  endfacet
  facet normal 0 0 -1
    outer loop
      vertex 77.3139 -81.9901 0
      vertex -72.2107 -76.1044 0
      vertex -72.0943 -75.7461 0
    endloop
  endfacet
  facet normal 0 0 -1
    outer loop
      vertex 77.3139 -81.9901 0
      vertex -72.3711 -76.4453 0
      vertex -72.2107 -76.1044 0
    endloop
  endfacet
  facet normal 0 0 -1
    outer loop
      vertex 77.3139 -81.9901 0
      vertex -72.573 -76.7634 0
      vertex -72.3711 -76.4453 0
    endloop
  endfacet
  facet normal 0 0 -1
    outer loop
      vertex 77.3139 -81.9901 0
      vertex -72.8131 -77.0536 0
      vertex -72.573 -76.7634 0
    endloop
  endfacet
  facet normal 0 0 -1
    outer loop
      vertex -77.3139 -81.9901 0
      vertex -72.8131 -77.0536 0
      vertex 77.3139 -81.9901 0
    endloop
  endfacet
  facet normal 0 0 -1
    outer loop
      vertex -72.8131 -77.0536 0
      vertex -77.3139 -81.9901 0
      vertex -73.0877 -77.3115 0
    endloop
  endfacet
  facet normal 0 0 -1
    outer loop
      vertex -73.0877 -77.3115 0
      vertex -77.3139 -81.9901 0
      vertex -73.3925 -77.533 0
    endloop
  endfacet
  facet normal 0 0 -1
    outer loop
      vertex -73.3925 -77.533 0
      vertex -77.3139 -81.9901 0
      vertex -73.7227 -77.7145 0
    endloop
  endfacet
  facet normal 0 0 -1
    outer loop
      vertex -73.7227 -77.7145 0
      vertex -77.3139 -81.9901 0
      vertex -74.073 -77.8532 0
    endloop
  endfacet
  facet normal 0 0 -1
    outer loop
      vertex -74.073 -77.8532 0
      vertex -77.3139 -81.9901 0
      vertex -74.4379 -77.9469 0
    endloop
  endfacet
  facet normal 0 0 -1
    outer loop
      vertex -74.4379 -77.9469 0
      vertex -77.3139 -81.9901 0
      vertex -74.8116 -77.9941 0
    endloop
  endfacet
  facet normal -0 0 -1
    outer loop
      vertex -74.8116 -77.9941 0
      vertex -77.3139 -81.9901 0
      vertex -75.1884 -77.9941 0
    endloop
  endfacet
  facet normal 0 0 -1
    outer loop
      vertex -77.3139 -81.9901 0
      vertex -75.5621 -77.9469 0
      vertex -75.1884 -77.9941 0
    endloop
  endfacet
  facet normal 0 0 -1
    outer loop
      vertex -77.3139 -81.9901 0
      vertex -75.927 -77.8532 0
      vertex -75.5621 -77.9469 0
    endloop
  endfacet
  facet normal 0 0 -1
    outer loop
      vertex -77.3139 -81.9901 0
      vertex -76.2773 -77.7145 0
      vertex -75.927 -77.8532 0
    endloop
  endfacet
  facet normal 0 0 -1
    outer loop
      vertex -77.9369 -81.9114 0
      vertex -76.2773 -77.7145 0
      vertex -77.3139 -81.9901 0
    endloop
  endfacet
  facet normal -0 0 -1
    outer loop
      vertex -76.2773 -77.7145 0
      vertex -77.9369 -81.9114 0
      vertex -76.6075 -77.533 0
    endloop
  endfacet
  facet normal 0 0 -1
    outer loop
      vertex -78.5451 -81.7553 0
      vertex -76.6075 -77.533 0
      vertex -77.9369 -81.9114 0
    endloop
  endfacet
  facet normal 0 0 -1
    outer loop
      vertex -79.1289 -81.5241 0
      vertex -76.6075 -77.533 0
      vertex -78.5451 -81.7553 0
    endloop
  endfacet
  facet normal -0 0 -1
    outer loop
      vertex -76.6075 -77.533 0
      vertex -79.1289 -81.5241 0
      vertex -76.9123 -77.3115 0
    endloop
  endfacet
  facet normal 0 0 -1
    outer loop
      vertex -79.6791 -81.2216 0
      vertex -76.9123 -77.3115 0
      vertex -79.1289 -81.5241 0
    endloop
  endfacet
  facet normal 0 0 -1
    outer loop
      vertex -80.1871 -80.8526 0
      vertex -76.9123 -77.3115 0
      vertex -79.6791 -81.2216 0
    endloop
  endfacet
  facet normal -0 0 -1
    outer loop
      vertex -76.9123 -77.3115 0
      vertex -80.1871 -80.8526 0
      vertex -77.1869 -77.0536 0
    endloop
  endfacet
  facet normal 0 0 -1
    outer loop
      vertex -80.6448 -80.4227 0
      vertex -77.1869 -77.0536 0
      vertex -80.1871 -80.8526 0
    endloop
  endfacet
  facet normal 0 0 -1
    outer loop
      vertex -81.0451 -79.9389 0
      vertex -77.1869 -77.0536 0
      vertex -80.6448 -80.4227 0
    endloop
  endfacet
  facet normal -0 0 -1
    outer loop
      vertex -77.9763 -60.376 0
      vertex -82 -77 0
      vertex -78 -60 0
    endloop
  endfacet
  facet normal -0 0 -1
    outer loop
      vertex -78 -60 0
      vertex -82 -77 0
      vertex -78 -45 0
    endloop
  endfacet
  facet normal -0 0 -1
    outer loop
      vertex -78 -45 0
      vertex -82 -77 0
      vertex -78 -30 0
    endloop
  endfacet
  facet normal -0 0 -1
    outer loop
      vertex -78 -30 0
      vertex -82 -77 0
      vertex -78 -15 0
    endloop
  endfacet
  facet normal -0 0 -1
    outer loop
      vertex -78 -15 0
      vertex -82 -77 0
      vertex -78 0 0
    endloop
  endfacet
  facet normal 0 0 -1
    outer loop
      vertex -82 77 0
      vertex -78 0 0
      vertex -82 -77 0
    endloop
  endfacet
  facet normal 0 0 -1
    outer loop
      vertex -78 0 0
      vertex -82 77 0
      vertex -78 15 0
    endloop
  endfacet
  facet normal 0 0 -1
    outer loop
      vertex -78 15 0
      vertex -82 77 0
      vertex -78 30 0
    endloop
  endfacet
  facet normal 0 0 -1
    outer loop
      vertex -78 30 0
      vertex -82 77 0
      vertex -78 45 0
    endloop
  endfacet
  facet normal 0 0 -1
    outer loop
      vertex -81.3815 -79.4088 0
      vertex -77.427 -76.7634 0
      vertex -81.0451 -79.9389 0
    endloop
  endfacet
  facet normal -0 0 -1
    outer loop
      vertex -77.1869 -77.0536 0
      vertex -81.0451 -79.9389 0
      vertex -77.427 -76.7634 0
    endloop
  endfacet
  facet normal 0 0 -1
    outer loop
      vertex -72.0237 -59.624 0
      vertex 77.3139 -81.9901 0
      vertex -72 -60 0
    endloop
  endfacet
  facet normal 0 0 -1
    outer loop
      vertex -72.0237 -44.624 0
      vertex 77.3139 -81.9901 0
      vertex -72 -45 0
    endloop
  endfacet
  facet normal 0 0 -1
    outer loop
      vertex -72.0237 -29.624 0
      vertex 77.3139 -81.9901 0
      vertex -72 -30 0
    endloop
  endfacet
  facet normal 0 0 -1
    outer loop
      vertex -72.0237 -14.624 0
      vertex 82 -77 0
      vertex -72 -15 0
    endloop
  endfacet
  facet normal 0 0 -1
    outer loop
      vertex 81.8429 78.2434 0
      vertex 77.3139 81.9901 0
      vertex 81.6489 78.8406 0
    endloop
  endfacet
  facet normal 0 0 -1
    outer loop
      vertex 81.9606 77.6267 0
      vertex 77.3139 81.9901 0
      vertex 81.8429 78.2434 0
    endloop
  endfacet
  facet normal 0 0 -1
    outer loop
      vertex -72.0237 15.376 0
      vertex 77.3139 81.9901 0
      vertex -72 15 0
    endloop
  endfacet
  facet normal 0 0 -1
    outer loop
      vertex -72.0237 30.376 0
      vertex 77.3139 81.9901 0
      vertex -72 30 0
    endloop
  endfacet
  facet normal 0 0 -1
    outer loop
      vertex -72.0237 45.376 0
      vertex 77.3139 81.9901 0
      vertex -72 45 0
    endloop
  endfacet
  facet normal 0 0 -1
    outer loop
      vertex -72.0237 60.376 0
      vertex 77.3139 81.9901 0
      vertex -72 60 0
    endloop
  endfacet
  facet normal 0 0 -1
    outer loop
      vertex -72.0237 75.376 0
      vertex 77.3139 81.9901 0
      vertex -72 75 0
    endloop
  endfacet
  facet normal 0 0 -1
    outer loop
      vertex -72.0943 75.7461 0
      vertex 77.3139 81.9901 0
      vertex -72.0237 75.376 0
    endloop
  endfacet
  facet normal 0 0 -1
    outer loop
      vertex -72.2107 76.1044 0
      vertex 77.3139 81.9901 0
      vertex -72.0943 75.7461 0
    endloop
  endfacet
  facet normal 0 0 -1
    outer loop
      vertex -72.3711 76.4453 0
      vertex 77.3139 81.9901 0
      vertex -72.2107 76.1044 0
    endloop
  endfacet
  facet normal 0 0 -1
    outer loop
      vertex -72.573 76.7634 0
      vertex 77.3139 81.9901 0
      vertex -72.3711 76.4453 0
    endloop
  endfacet
  facet normal 0 0 -1
    outer loop
      vertex -72.8131 77.0536 0
      vertex 77.3139 81.9901 0
      vertex -72.573 76.7634 0
    endloop
  endfacet
  facet normal 0 0 -1
    outer loop
      vertex -77.3139 81.9901 0
      vertex -72.8131 77.0536 0
      vertex -73.0877 77.3115 0
    endloop
  endfacet
  facet normal 0 0 -1
    outer loop
      vertex -77.3139 81.9901 0
      vertex -73.0877 77.3115 0
      vertex -73.3925 77.533 0
    endloop
  endfacet
  facet normal 0 0 -1
    outer loop
      vertex -77.3139 81.9901 0
      vertex -73.3925 77.533 0
      vertex -73.7227 77.7145 0
    endloop
  endfacet
  facet normal 0 0 -1
    outer loop
      vertex -77.3139 81.9901 0
      vertex -73.7227 77.7145 0
      vertex -74.073 77.8532 0
    endloop
  endfacet
  facet normal 0 0 -1
    outer loop
      vertex -77.3139 81.9901 0
      vertex -74.073 77.8532 0
      vertex -74.4379 77.9469 0
    endloop
  endfacet
  facet normal 0 0 -1
    outer loop
      vertex -77.3139 81.9901 0
      vertex -74.4379 77.9469 0
      vertex -74.8116 77.9941 0
    endloop
  endfacet
  facet normal 0 0 -1
    outer loop
      vertex -77.3139 81.9901 0
      vertex -74.8116 77.9941 0
      vertex -75.1884 77.9941 0
    endloop
  endfacet
  facet normal 0 0 -1
    outer loop
      vertex -72.8131 77.0536 0
      vertex -77.3139 81.9901 0
      vertex 77.3139 81.9901 0
    endloop
  endfacet
  facet normal 0 0 -1
    outer loop
      vertex -75.5621 77.9469 0
      vertex -77.3139 81.9901 0
      vertex -75.1884 77.9941 0
    endloop
  endfacet
  facet normal 0 0 -1
    outer loop
      vertex -75.927 77.8532 0
      vertex -77.3139 81.9901 0
      vertex -75.5621 77.9469 0
    endloop
  endfacet
  facet normal 0 0 -1
    outer loop
      vertex -76.2773 77.7145 0
      vertex -77.3139 81.9901 0
      vertex -75.927 77.8532 0
    endloop
  endfacet
  facet normal 0 0 -1
    outer loop
      vertex -77.9369 81.9114 0
      vertex -76.2773 77.7145 0
      vertex -76.6075 77.533 0
    endloop
  endfacet
  facet normal 0 0 -1
    outer loop
      vertex -79.1289 81.5241 0
      vertex -76.6075 77.533 0
      vertex -76.9123 77.3115 0
    endloop
  endfacet
  facet normal 0 0 -1
    outer loop
      vertex -80.1871 80.8526 0
      vertex -76.9123 77.3115 0
      vertex -77.1869 77.0536 0
    endloop
  endfacet
  facet normal 0 0 -1
    outer loop
      vertex -81.0451 79.9389 0
      vertex -77.1869 77.0536 0
      vertex -77.427 76.7634 0
    endloop
  endfacet
  facet normal 0 0 -1
    outer loop
      vertex -81.6489 78.8406 0
      vertex -77.427 76.7634 0
      vertex -77.6289 76.4453 0
    endloop
  endfacet
  facet normal 0 0 -1
    outer loop
      vertex -81.9606 77.6267 0
      vertex -77.6289 76.4453 0
      vertex -77.7893 76.1044 0
    endloop
  endfacet
  facet normal 0 0 -1
    outer loop
      vertex -82 77 0
      vertex -77.7893 76.1044 0
      vertex -77.9057 75.7461 0
    endloop
  endfacet
  facet normal 0 0 -1
    outer loop
      vertex -76.2773 77.7145 0
      vertex -77.9369 81.9114 0
      vertex -77.3139 81.9901 0
    endloop
  endfacet
  facet normal 0 0 -1
    outer loop
      vertex -82 77 0
      vertex -77.9057 75.7461 0
      vertex -77.9763 75.376 0
    endloop
  endfacet
  facet normal 0 0 -1
    outer loop
      vertex -82 77 0
      vertex -77.9763 75.376 0
      vertex -78 75 0
    endloop
  endfacet
  facet normal 0 0 -1
    outer loop
      vertex -76.6075 77.533 0
      vertex -78.5451 81.7553 0
      vertex -77.9369 81.9114 0
    endloop
  endfacet
  facet normal 0 0 -1
    outer loop
      vertex -78 45 0
      vertex -82 77 0
      vertex -78 60 0
    endloop
  endfacet
  facet normal 0 0 -1
    outer loop
      vertex -81.6489 -78.8406 0
      vertex -77.427 -76.7634 0
      vertex -81.3815 -79.4088 0
    endloop
  endfacet
  facet normal 0 0 -1
    outer loop
      vertex -78 60 0
      vertex -82 77 0
      vertex -78 75 0
    endloop
  endfacet
  facet normal -0 0 -1
    outer loop
      vertex -77.427 -76.7634 0
      vertex -81.6489 -78.8406 0
      vertex -77.6289 -76.4453 0
    endloop
  endfacet
  facet normal 0 0 -1
    outer loop
      vertex -77.7893 76.1044 0
      vertex -82 77 0
      vertex -81.9606 77.6267 0
    endloop
  endfacet
  facet normal 0 0 -1
    outer loop
      vertex -81.8429 -78.2434 0
      vertex -77.6289 -76.4453 0
      vertex -81.6489 -78.8406 0
    endloop
  endfacet
  facet normal 0 0 -1
    outer loop
      vertex -76.6075 77.533 0
      vertex -79.1289 81.5241 0
      vertex -78.5451 81.7553 0
    endloop
  endfacet
  facet normal 0 0 -1
    outer loop
      vertex -81.9606 -77.6267 0
      vertex -77.6289 -76.4453 0
      vertex -81.8429 -78.2434 0
    endloop
  endfacet
  facet normal 0 0 -1
    outer loop
      vertex -76.9123 77.3115 0
      vertex -79.6791 81.2216 0
      vertex -79.1289 81.5241 0
    endloop
  endfacet
  facet normal -0 0 -1
    outer loop
      vertex -77.6289 -76.4453 0
      vertex -81.9606 -77.6267 0
      vertex -77.7893 -76.1044 0
    endloop
  endfacet
  facet normal 0 0 -1
    outer loop
      vertex -76.9123 77.3115 0
      vertex -80.1871 80.8526 0
      vertex -79.6791 81.2216 0
    endloop
  endfacet
  facet normal 0 0 -1
    outer loop
      vertex -82 -77 0
      vertex -77.7893 -76.1044 0
      vertex -81.9606 -77.6267 0
    endloop
  endfacet
  facet normal 0 0 -1
    outer loop
      vertex -77.1869 77.0536 0
      vertex -80.6448 80.4227 0
      vertex -80.1871 80.8526 0
    endloop
  endfacet
  facet normal -0 0 -1
    outer loop
      vertex -77.7893 -76.1044 0
      vertex -82 -77 0
      vertex -77.9057 -75.7461 0
    endloop
  endfacet
  facet normal 0 0 -1
    outer loop
      vertex -77.1869 77.0536 0
      vertex -81.0451 79.9389 0
      vertex -80.6448 80.4227 0
    endloop
  endfacet
  facet normal -0 0 -1
    outer loop
      vertex -77.9057 -75.7461 0
      vertex -82 -77 0
      vertex -77.9763 -75.376 0
    endloop
  endfacet
  facet normal 0 0 -1
    outer loop
      vertex -77.427 76.7634 0
      vertex -81.3815 79.4088 0
      vertex -81.0451 79.9389 0
    endloop
  endfacet
  facet normal -0 0 -1
    outer loop
      vertex -77.9763 -75.376 0
      vertex -82 -77 0
      vertex -78 -75 0
    endloop
  endfacet
  facet normal 0 0 -1
    outer loop
      vertex -77.427 76.7634 0
      vertex -81.6489 78.8406 0
      vertex -81.3815 79.4088 0
    endloop
  endfacet
  facet normal 0 0 -1
    outer loop
      vertex -77.6289 76.4453 0
      vertex -81.8429 78.2434 0
      vertex -81.6489 78.8406 0
    endloop
  endfacet
  facet normal 0 0 -1
    outer loop
      vertex -77.6289 76.4453 0
      vertex -81.9606 77.6267 0
      vertex -81.8429 78.2434 0
    endloop
  endfacet
  facet normal 0 0 -1
    outer loop
      vertex -72.573 -61.7634 0
      vertex -73.6053 -66.9478 0
      vertex -72.8131 -62.0536 0
    endloop
  endfacet
  facet normal 0 0 -1
    outer loop
      vertex -73.6855 -66.7774 0
      vertex -72.8131 -62.0536 0
      vertex -73.6053 -66.9478 0
    endloop
  endfacet
  facet normal 0 0 -1
    outer loop
      vertex -72.8131 -62.0536 0
      vertex -73.6855 -66.7774 0
      vertex -73.0877 -62.3115 0
    endloop
  endfacet
  facet normal 0 0 -1
    outer loop
      vertex -73.7865 -66.6183 0
      vertex -73.0877 -62.3115 0
      vertex -73.6855 -66.7774 0
    endloop
  endfacet
  facet normal 0 0 -1
    outer loop
      vertex -73.0877 -62.3115 0
      vertex -73.7865 -66.6183 0
      vertex -73.3925 -62.533 0
    endloop
  endfacet
  facet normal 0 0 -1
    outer loop
      vertex -73.9065 -66.4732 0
      vertex -73.3925 -62.533 0
      vertex -73.7865 -66.6183 0
    endloop
  endfacet
  facet normal 0 0 -1
    outer loop
      vertex -74.0439 -66.3442 0
      vertex -73.3925 -62.533 0
      vertex -73.9065 -66.4732 0
    endloop
  endfacet
  facet normal 0 0 -1
    outer loop
      vertex -73.3925 -62.533 0
      vertex -74.0439 -66.3442 0
      vertex -73.7227 -62.7145 0
    endloop
  endfacet
  facet normal 0 0 -1
    outer loop
      vertex -74.1963 -66.2335 0
      vertex -73.7227 -62.7145 0
      vertex -74.0439 -66.3442 0
    endloop
  endfacet
  facet normal 0 0 -1
    outer loop
      vertex -73.7227 -62.7145 0
      vertex -74.1963 -66.2335 0
      vertex -74.073 -62.8532 0
    endloop
  endfacet
  facet normal 0 0 -1
    outer loop
      vertex -74.3613 -66.1428 0
      vertex -74.073 -62.8532 0
      vertex -74.1963 -66.2335 0
    endloop
  endfacet
  facet normal 0 0 -1
    outer loop
      vertex -74.3613 -66.1428 0
      vertex -74.4379 -62.9469 0
      vertex -74.073 -62.8532 0
    endloop
  endfacet
  facet normal 0 0 -1
    outer loop
      vertex -74.5365 -66.0734 0
      vertex -74.4379 -62.9469 0
      vertex -74.3613 -66.1428 0
    endloop
  endfacet
  facet normal 0 0 -1
    outer loop
      vertex -74.7189 -66.0266 0
      vertex -74.4379 -62.9469 0
      vertex -74.5365 -66.0734 0
    endloop
  endfacet
  facet normal 0 0 -1
    outer loop
      vertex -74.7189 -66.0266 0
      vertex -74.8116 -62.9941 0
      vertex -74.4379 -62.9469 0
    endloop
  endfacet
  facet normal 0 0 -1
    outer loop
      vertex -74.9058 -66.003 0
      vertex -74.8116 -62.9941 0
      vertex -74.7189 -66.0266 0
    endloop
  endfacet
  facet normal 0 0 -1
    outer loop
      vertex -75.0942 -66.003 0
      vertex -74.8116 -62.9941 0
      vertex -74.9058 -66.003 0
    endloop
  endfacet
  facet normal 0 0 -1
    outer loop
      vertex -75.0942 -66.003 0
      vertex -75.1884 -62.9941 0
      vertex -74.8116 -62.9941 0
    endloop
  endfacet
  facet normal 0 0 -1
    outer loop
      vertex -75.2811 -66.0266 0
      vertex -75.1884 -62.9941 0
      vertex -75.0942 -66.003 0
    endloop
  endfacet
  facet normal 0 0 -1
    outer loop
      vertex -75.5621 -62.9469 0
      vertex -75.2811 -66.0266 0
      vertex -75.4635 -66.0734 0
    endloop
  endfacet
  facet normal 0 0 -1
    outer loop
      vertex -75.2811 -66.0266 0
      vertex -75.5621 -62.9469 0
      vertex -75.1884 -62.9941 0
    endloop
  endfacet
  facet normal 0 0 -1
    outer loop
      vertex -75.6387 -66.1428 0
      vertex -75.5621 -62.9469 0
      vertex -75.4635 -66.0734 0
    endloop
  endfacet
  facet normal 0 0 -1
    outer loop
      vertex -75.927 -62.8532 0
      vertex -75.6387 -66.1428 0
      vertex -75.8037 -66.2335 0
    endloop
  endfacet
  facet normal 0 0 -1
    outer loop
      vertex -75.6387 -66.1428 0
      vertex -75.927 -62.8532 0
      vertex -75.5621 -62.9469 0
    endloop
  endfacet
  facet normal 0 0 -1
    outer loop
      vertex -76.2773 -62.7145 0
      vertex -75.8037 -66.2335 0
      vertex -75.9561 -66.3442 0
    endloop
  endfacet
  facet normal 0 0 -1
    outer loop
      vertex -76.6075 -62.533 0
      vertex -75.9561 -66.3442 0
      vertex -76.0935 -66.4732 0
    endloop
  endfacet
  facet normal 0 0 -1
    outer loop
      vertex -76.6075 -62.533 0
      vertex -76.0935 -66.4732 0
      vertex -76.2135 -66.6183 0
    endloop
  endfacet
  facet normal 0 0 -1
    outer loop
      vertex -75.8037 -66.2335 0
      vertex -76.2773 -62.7145 0
      vertex -75.927 -62.8532 0
    endloop
  endfacet
  facet normal 0 0 -1
    outer loop
      vertex -76.9123 -62.3115 0
      vertex -76.2135 -66.6183 0
      vertex -76.3145 -66.7774 0
    endloop
  endfacet
  facet normal 0 0 -1
    outer loop
      vertex -77.1869 -62.0536 0
      vertex -76.3145 -66.7774 0
      vertex -76.3947 -66.9478 0
    endloop
  endfacet
  facet normal 0 0 -1
    outer loop
      vertex -77.427 -61.7634 0
      vertex -76.3947 -66.9478 0
      vertex -76.4529 -67.127 0
    endloop
  endfacet
  facet normal 0 0 -1
    outer loop
      vertex -77.427 -61.7634 0
      vertex -76.4529 -67.127 0
      vertex -76.4882 -67.312 0
    endloop
  endfacet
  facet normal 0 0 -1
    outer loop
      vertex -77.6289 -61.4453 0
      vertex -76.4882 -67.312 0
      vertex -76.5 -67.5 0
    endloop
  endfacet
  facet normal 0 0 -1
    outer loop
      vertex -75.9561 -66.3442 0
      vertex -76.6075 -62.533 0
      vertex -76.2773 -62.7145 0
    endloop
  endfacet
  facet normal -0 0 -1
    outer loop
      vertex -76.3947 -68.0522 0
      vertex -77.427 -73.2366 0
      vertex -76.4529 -67.873 0
    endloop
  endfacet
  facet normal -0 0 -1
    outer loop
      vertex -76.4529 -67.873 0
      vertex -77.427 -73.2366 0
      vertex -76.4882 -67.688 0
    endloop
  endfacet
  facet normal 0 0 -1
    outer loop
      vertex -76.2135 -66.6183 0
      vertex -76.9123 -62.3115 0
      vertex -76.6075 -62.533 0
    endloop
  endfacet
  facet normal 0 0 -1
    outer loop
      vertex -77.6289 -73.5547 0
      vertex -76.4882 -67.688 0
      vertex -77.427 -73.2366 0
    endloop
  endfacet
  facet normal 0 0 -1
    outer loop
      vertex -76.3145 -66.7774 0
      vertex -77.1869 -62.0536 0
      vertex -76.9123 -62.3115 0
    endloop
  endfacet
  facet normal 0 0 -1
    outer loop
      vertex -82 -77 0
      vertex -76.4882 -67.688 0
      vertex -77.6289 -73.5547 0
    endloop
  endfacet
  facet normal 0 0 -1
    outer loop
      vertex -76.3947 -66.9478 0
      vertex -77.427 -61.7634 0
      vertex -77.1869 -62.0536 0
    endloop
  endfacet
  facet normal 0 0 -1
    outer loop
      vertex -82 -77 0
      vertex -77.6289 -73.5547 0
      vertex -77.7893 -73.8956 0
    endloop
  endfacet
  facet normal 0 0 -1
    outer loop
      vertex -76.4882 -67.312 0
      vertex -77.6289 -61.4453 0
      vertex -77.427 -61.7634 0
    endloop
  endfacet
  facet normal -0 0 -1
    outer loop
      vertex -76.4882 -67.688 0
      vertex -82 -77 0
      vertex -76.5 -67.5 0
    endloop
  endfacet
  facet normal 0 0 -1
    outer loop
      vertex -82 -77 0
      vertex -77.6289 -61.4453 0
      vertex -76.5 -67.5 0
    endloop
  endfacet
  facet normal 0 0 -1
    outer loop
      vertex -82 -77 0
      vertex -77.7893 -73.8956 0
      vertex -77.9057 -74.2539 0
    endloop
  endfacet
  facet normal -0 0 -1
    outer loop
      vertex -77.6289 -61.4453 0
      vertex -82 -77 0
      vertex -77.7893 -61.1044 0
    endloop
  endfacet
  facet normal 0 0 -1
    outer loop
      vertex -82 -77 0
      vertex -77.9057 -74.2539 0
      vertex -77.9763 -74.624 0
    endloop
  endfacet
  facet normal -0 0 -1
    outer loop
      vertex -77.7893 -61.1044 0
      vertex -82 -77 0
      vertex -77.9057 -60.7461 0
    endloop
  endfacet
  facet normal 0 0 -1
    outer loop
      vertex -82 -77 0
      vertex -77.9763 -74.624 0
      vertex -78 -75 0
    endloop
  endfacet
  facet normal -0 0 -1
    outer loop
      vertex -77.9057 -60.7461 0
      vertex -82 -77 0
      vertex -77.9763 -60.376 0
    endloop
  endfacet
  facet normal 0 0 -1
    outer loop
      vertex -72.573 -46.7634 0
      vertex -73.6053 -51.9478 0
      vertex -72.8131 -47.0536 0
    endloop
  endfacet
  facet normal 0 0 -1
    outer loop
      vertex -73.6855 -51.7774 0
      vertex -72.8131 -47.0536 0
      vertex -73.6053 -51.9478 0
    endloop
  endfacet
  facet normal 0 0 -1
    outer loop
      vertex -72.8131 -47.0536 0
      vertex -73.6855 -51.7774 0
      vertex -73.0877 -47.3115 0
    endloop
  endfacet
  facet normal 0 0 -1
    outer loop
      vertex -73.7865 -51.6183 0
      vertex -73.0877 -47.3115 0
      vertex -73.6855 -51.7774 0
    endloop
  endfacet
  facet normal 0 0 -1
    outer loop
      vertex -73.0877 -47.3115 0
      vertex -73.7865 -51.6183 0
      vertex -73.3925 -47.533 0
    endloop
  endfacet
  facet normal 0 0 -1
    outer loop
      vertex -73.9065 -51.4732 0
      vertex -73.3925 -47.533 0
      vertex -73.7865 -51.6183 0
    endloop
  endfacet
  facet normal 0 0 -1
    outer loop
      vertex -74.0439 -51.3442 0
      vertex -73.3925 -47.533 0
      vertex -73.9065 -51.4732 0
    endloop
  endfacet
  facet normal 0 0 -1
    outer loop
      vertex -73.3925 -47.533 0
      vertex -74.0439 -51.3442 0
      vertex -73.7227 -47.7145 0
    endloop
  endfacet
  facet normal 0 0 -1
    outer loop
      vertex -74.1963 -51.2335 0
      vertex -73.7227 -47.7145 0
      vertex -74.0439 -51.3442 0
    endloop
  endfacet
  facet normal 0 0 -1
    outer loop
      vertex -73.7227 -47.7145 0
      vertex -74.1963 -51.2335 0
      vertex -74.073 -47.8532 0
    endloop
  endfacet
  facet normal 0 0 -1
    outer loop
      vertex -74.3613 -51.1428 0
      vertex -74.073 -47.8532 0
      vertex -74.1963 -51.2335 0
    endloop
  endfacet
  facet normal 0 0 -1
    outer loop
      vertex -74.3613 -51.1428 0
      vertex -74.4379 -47.9469 0
      vertex -74.073 -47.8532 0
    endloop
  endfacet
  facet normal 0 0 -1
    outer loop
      vertex -74.5365 -51.0734 0
      vertex -74.4379 -47.9469 0
      vertex -74.3613 -51.1428 0
    endloop
  endfacet
  facet normal 0 0 -1
    outer loop
      vertex -74.7189 -51.0266 0
      vertex -74.4379 -47.9469 0
      vertex -74.5365 -51.0734 0
    endloop
  endfacet
  facet normal 0 0 -1
    outer loop
      vertex -74.7189 -51.0266 0
      vertex -74.8116 -47.9941 0
      vertex -74.4379 -47.9469 0
    endloop
  endfacet
  facet normal 0 0 -1
    outer loop
      vertex -74.9058 -51.003 0
      vertex -74.8116 -47.9941 0
      vertex -74.7189 -51.0266 0
    endloop
  endfacet
  facet normal 0 0 -1
    outer loop
      vertex -75.0942 -51.003 0
      vertex -74.8116 -47.9941 0
      vertex -74.9058 -51.003 0
    endloop
  endfacet
  facet normal 0 0 -1
    outer loop
      vertex -75.0942 -51.003 0
      vertex -75.1884 -47.9941 0
      vertex -74.8116 -47.9941 0
    endloop
  endfacet
  facet normal 0 0 -1
    outer loop
      vertex -75.2811 -51.0266 0
      vertex -75.1884 -47.9941 0
      vertex -75.0942 -51.003 0
    endloop
  endfacet
  facet normal 0 0 -1
    outer loop
      vertex -75.5621 -47.9469 0
      vertex -75.2811 -51.0266 0
      vertex -75.4635 -51.0734 0
    endloop
  endfacet
  facet normal 0 0 -1
    outer loop
      vertex -75.2811 -51.0266 0
      vertex -75.5621 -47.9469 0
      vertex -75.1884 -47.9941 0
    endloop
  endfacet
  facet normal 0 0 -1
    outer loop
      vertex -75.6387 -51.1428 0
      vertex -75.5621 -47.9469 0
      vertex -75.4635 -51.0734 0
    endloop
  endfacet
  facet normal 0 0 -1
    outer loop
      vertex -75.927 -47.8532 0
      vertex -75.6387 -51.1428 0
      vertex -75.8037 -51.2335 0
    endloop
  endfacet
  facet normal 0 0 -1
    outer loop
      vertex -75.6387 -51.1428 0
      vertex -75.927 -47.8532 0
      vertex -75.5621 -47.9469 0
    endloop
  endfacet
  facet normal 0 0 -1
    outer loop
      vertex -76.2773 -47.7145 0
      vertex -75.8037 -51.2335 0
      vertex -75.9561 -51.3442 0
    endloop
  endfacet
  facet normal 0 0 -1
    outer loop
      vertex -76.6075 -47.533 0
      vertex -75.9561 -51.3442 0
      vertex -76.0935 -51.4732 0
    endloop
  endfacet
  facet normal 0 0 -1
    outer loop
      vertex -76.6075 -47.533 0
      vertex -76.0935 -51.4732 0
      vertex -76.2135 -51.6183 0
    endloop
  endfacet
  facet normal 0 0 -1
    outer loop
      vertex -75.8037 -51.2335 0
      vertex -76.2773 -47.7145 0
      vertex -75.927 -47.8532 0
    endloop
  endfacet
  facet normal 0 0 -1
    outer loop
      vertex -76.9123 -47.3115 0
      vertex -76.2135 -51.6183 0
      vertex -76.3145 -51.7774 0
    endloop
  endfacet
  facet normal 0 0 -1
    outer loop
      vertex -77.1869 -47.0536 0
      vertex -76.3145 -51.7774 0
      vertex -76.3947 -51.9478 0
    endloop
  endfacet
  facet normal 0 0 -1
    outer loop
      vertex -77.427 -46.7634 0
      vertex -76.3947 -51.9478 0
      vertex -76.4529 -52.127 0
    endloop
  endfacet
  facet normal 0 0 -1
    outer loop
      vertex -77.427 -46.7634 0
      vertex -76.4529 -52.127 0
      vertex -76.4882 -52.312 0
    endloop
  endfacet
  facet normal 0 0 -1
    outer loop
      vertex -77.6289 -46.4453 0
      vertex -76.4882 -52.312 0
      vertex -76.5 -52.5 0
    endloop
  endfacet
  facet normal 0 0 -1
    outer loop
      vertex -75.9561 -51.3442 0
      vertex -76.6075 -47.533 0
      vertex -76.2773 -47.7145 0
    endloop
  endfacet
  facet normal -0 0 -1
    outer loop
      vertex -76.3947 -53.0522 0
      vertex -77.427 -58.2366 0
      vertex -76.4529 -52.873 0
    endloop
  endfacet
  facet normal -0 0 -1
    outer loop
      vertex -76.4529 -52.873 0
      vertex -77.427 -58.2366 0
      vertex -76.4882 -52.688 0
    endloop
  endfacet
  facet normal 0 0 -1
    outer loop
      vertex -76.2135 -51.6183 0
      vertex -76.9123 -47.3115 0
      vertex -76.6075 -47.533 0
    endloop
  endfacet
  facet normal 0 0 -1
    outer loop
      vertex -77.6289 -58.5547 0
      vertex -76.4882 -52.688 0
      vertex -77.427 -58.2366 0
    endloop
  endfacet
  facet normal 0 0 -1
    outer loop
      vertex -76.3145 -51.7774 0
      vertex -77.1869 -47.0536 0
      vertex -76.9123 -47.3115 0
    endloop
  endfacet
  facet normal -0 0 -1
    outer loop
      vertex -76.4882 -52.688 0
      vertex -77.6289 -58.5547 0
      vertex -76.5 -52.5 0
    endloop
  endfacet
  facet normal 0 0 -1
    outer loop
      vertex -76.3947 -51.9478 0
      vertex -77.427 -46.7634 0
      vertex -77.1869 -47.0536 0
    endloop
  endfacet
  facet normal 0 0 -1
    outer loop
      vertex -77.7893 -58.8956 0
      vertex -76.5 -52.5 0
      vertex -77.6289 -58.5547 0
    endloop
  endfacet
  facet normal 0 0 -1
    outer loop
      vertex -76.4882 -52.312 0
      vertex -77.6289 -46.4453 0
      vertex -77.427 -46.7634 0
    endloop
  endfacet
  facet normal 0 0 -1
    outer loop
      vertex -77.7893 -46.1044 0
      vertex -76.5 -52.5 0
      vertex -77.7893 -58.8956 0
    endloop
  endfacet
  facet normal 0 0 -1
    outer loop
      vertex -76.5 -52.5 0
      vertex -77.7893 -46.1044 0
      vertex -77.6289 -46.4453 0
    endloop
  endfacet
  facet normal 0 0 -1
    outer loop
      vertex -77.9057 -59.2539 0
      vertex -77.7893 -46.1044 0
      vertex -77.7893 -58.8956 0
    endloop
  endfacet
  facet normal 0 0 -1
    outer loop
      vertex -77.9057 -59.2539 0
      vertex -77.9057 -45.7461 0
      vertex -77.7893 -46.1044 0
    endloop
  endfacet
  facet normal 0 0 -1
    outer loop
      vertex -77.9763 -59.624 0
      vertex -77.9057 -45.7461 0
      vertex -77.9057 -59.2539 0
    endloop
  endfacet
  facet normal 0 0 -1
    outer loop
      vertex -77.9763 -59.624 0
      vertex -77.9763 -45.376 0
      vertex -77.9057 -45.7461 0
    endloop
  endfacet
  facet normal 0 0 -1
    outer loop
      vertex -78 -60 0
      vertex -77.9763 -45.376 0
      vertex -77.9763 -59.624 0
    endloop
  endfacet
  facet normal -0 0 -1
    outer loop
      vertex -77.9763 -45.376 0
      vertex -78 -60 0
      vertex -78 -45 0
    endloop
  endfacet
  facet normal 0 0 -1
    outer loop
      vertex -72.573 -31.7634 0
      vertex -73.6053 -36.9478 0
      vertex -72.8131 -32.0536 0
    endloop
  endfacet
  facet normal 0 0 -1
    outer loop
      vertex -73.6855 -36.7774 0
      vertex -72.8131 -32.0536 0
      vertex -73.6053 -36.9478 0
    endloop
  endfacet
  facet normal 0 0 -1
    outer loop
      vertex -72.8131 -32.0536 0
      vertex -73.6855 -36.7774 0
      vertex -73.0877 -32.3115 0
    endloop
  endfacet
  facet normal 0 0 -1
    outer loop
      vertex -73.7865 -36.6183 0
      vertex -73.0877 -32.3115 0
      vertex -73.6855 -36.7774 0
    endloop
  endfacet
  facet normal 0 0 -1
    outer loop
      vertex -73.0877 -32.3115 0
      vertex -73.7865 -36.6183 0
      vertex -73.3925 -32.533 0
    endloop
  endfacet
  facet normal 0 0 -1
    outer loop
      vertex -73.9065 -36.4732 0
      vertex -73.3925 -32.533 0
      vertex -73.7865 -36.6183 0
    endloop
  endfacet
  facet normal 0 0 -1
    outer loop
      vertex -74.0439 -36.3442 0
      vertex -73.3925 -32.533 0
      vertex -73.9065 -36.4732 0
    endloop
  endfacet
  facet normal 0 0 -1
    outer loop
      vertex -73.3925 -32.533 0
      vertex -74.0439 -36.3442 0
      vertex -73.7227 -32.7145 0
    endloop
  endfacet
  facet normal 0 0 -1
    outer loop
      vertex -74.1963 -36.2335 0
      vertex -73.7227 -32.7145 0
      vertex -74.0439 -36.3442 0
    endloop
  endfacet
  facet normal 0 0 -1
    outer loop
      vertex -73.7227 -32.7145 0
      vertex -74.1963 -36.2335 0
      vertex -74.073 -32.8532 0
    endloop
  endfacet
  facet normal 0 0 -1
    outer loop
      vertex -74.3613 -36.1428 0
      vertex -74.073 -32.8532 0
      vertex -74.1963 -36.2335 0
    endloop
  endfacet
  facet normal 0 0 -1
    outer loop
      vertex -74.3613 -36.1428 0
      vertex -74.4379 -32.9469 0
      vertex -74.073 -32.8532 0
    endloop
  endfacet
  facet normal 0 0 -1
    outer loop
      vertex -74.5365 -36.0734 0
      vertex -74.4379 -32.9469 0
      vertex -74.3613 -36.1428 0
    endloop
  endfacet
  facet normal 0 0 -1
    outer loop
      vertex -74.7189 -36.0266 0
      vertex -74.4379 -32.9469 0
      vertex -74.5365 -36.0734 0
    endloop
  endfacet
  facet normal 0 0 -1
    outer loop
      vertex -74.7189 -36.0266 0
      vertex -74.8116 -32.9941 0
      vertex -74.4379 -32.9469 0
    endloop
  endfacet
  facet normal 0 0 -1
    outer loop
      vertex -74.9058 -36.003 0
      vertex -74.8116 -32.9941 0
      vertex -74.7189 -36.0266 0
    endloop
  endfacet
  facet normal 0 0 -1
    outer loop
      vertex -75.0942 -36.003 0
      vertex -74.8116 -32.9941 0
      vertex -74.9058 -36.003 0
    endloop
  endfacet
  facet normal 0 0 -1
    outer loop
      vertex -75.0942 -36.003 0
      vertex -75.1884 -32.9941 0
      vertex -74.8116 -32.9941 0
    endloop
  endfacet
  facet normal 0 0 -1
    outer loop
      vertex -75.2811 -36.0266 0
      vertex -75.1884 -32.9941 0
      vertex -75.0942 -36.003 0
    endloop
  endfacet
  facet normal 0 0 -1
    outer loop
      vertex -75.5621 -32.9469 0
      vertex -75.2811 -36.0266 0
      vertex -75.4635 -36.0734 0
    endloop
  endfacet
  facet normal 0 0 -1
    outer loop
      vertex -75.2811 -36.0266 0
      vertex -75.5621 -32.9469 0
      vertex -75.1884 -32.9941 0
    endloop
  endfacet
  facet normal 0 0 -1
    outer loop
      vertex -75.6387 -36.1428 0
      vertex -75.5621 -32.9469 0
      vertex -75.4635 -36.0734 0
    endloop
  endfacet
  facet normal 0 0 -1
    outer loop
      vertex -75.927 -32.8532 0
      vertex -75.6387 -36.1428 0
      vertex -75.8037 -36.2335 0
    endloop
  endfacet
  facet normal 0 0 -1
    outer loop
      vertex -75.6387 -36.1428 0
      vertex -75.927 -32.8532 0
      vertex -75.5621 -32.9469 0
    endloop
  endfacet
  facet normal 0 0 -1
    outer loop
      vertex -76.2773 -32.7145 0
      vertex -75.8037 -36.2335 0
      vertex -75.9561 -36.3442 0
    endloop
  endfacet
  facet normal 0 0 -1
    outer loop
      vertex -76.6075 -32.533 0
      vertex -75.9561 -36.3442 0
      vertex -76.0935 -36.4732 0
    endloop
  endfacet
  facet normal 0 0 -1
    outer loop
      vertex -76.6075 -32.533 0
      vertex -76.0935 -36.4732 0
      vertex -76.2135 -36.6183 0
    endloop
  endfacet
  facet normal 0 0 -1
    outer loop
      vertex -75.8037 -36.2335 0
      vertex -76.2773 -32.7145 0
      vertex -75.927 -32.8532 0
    endloop
  endfacet
  facet normal 0 0 -1
    outer loop
      vertex -76.9123 -32.3115 0
      vertex -76.2135 -36.6183 0
      vertex -76.3145 -36.7774 0
    endloop
  endfacet
  facet normal 0 0 -1
    outer loop
      vertex -77.1869 -32.0536 0
      vertex -76.3145 -36.7774 0
      vertex -76.3947 -36.9478 0
    endloop
  endfacet
  facet normal 0 0 -1
    outer loop
      vertex -77.427 -31.7634 0
      vertex -76.3947 -36.9478 0
      vertex -76.4529 -37.127 0
    endloop
  endfacet
  facet normal 0 0 -1
    outer loop
      vertex -77.427 -31.7634 0
      vertex -76.4529 -37.127 0
      vertex -76.4882 -37.312 0
    endloop
  endfacet
  facet normal 0 0 -1
    outer loop
      vertex -77.6289 -31.4453 0
      vertex -76.4882 -37.312 0
      vertex -76.5 -37.5 0
    endloop
  endfacet
  facet normal 0 0 -1
    outer loop
      vertex -75.9561 -36.3442 0
      vertex -76.6075 -32.533 0
      vertex -76.2773 -32.7145 0
    endloop
  endfacet
  facet normal -0 0 -1
    outer loop
      vertex -76.3947 -38.0522 0
      vertex -77.427 -43.2366 0
      vertex -76.4529 -37.873 0
    endloop
  endfacet
  facet normal -0 0 -1
    outer loop
      vertex -76.4529 -37.873 0
      vertex -77.427 -43.2366 0
      vertex -76.4882 -37.688 0
    endloop
  endfacet
  facet normal 0 0 -1
    outer loop
      vertex -76.2135 -36.6183 0
      vertex -76.9123 -32.3115 0
      vertex -76.6075 -32.533 0
    endloop
  endfacet
  facet normal 0 0 -1
    outer loop
      vertex -77.6289 -43.5547 0
      vertex -76.4882 -37.688 0
      vertex -77.427 -43.2366 0
    endloop
  endfacet
  facet normal 0 0 -1
    outer loop
      vertex -76.3145 -36.7774 0
      vertex -77.1869 -32.0536 0
      vertex -76.9123 -32.3115 0
    endloop
  endfacet
  facet normal -0 0 -1
    outer loop
      vertex -76.4882 -37.688 0
      vertex -77.6289 -43.5547 0
      vertex -76.5 -37.5 0
    endloop
  endfacet
  facet normal 0 0 -1
    outer loop
      vertex -76.3947 -36.9478 0
      vertex -77.427 -31.7634 0
      vertex -77.1869 -32.0536 0
    endloop
  endfacet
  facet normal 0 0 -1
    outer loop
      vertex -77.7893 -43.8956 0
      vertex -76.5 -37.5 0
      vertex -77.6289 -43.5547 0
    endloop
  endfacet
  facet normal 0 0 -1
    outer loop
      vertex -76.4882 -37.312 0
      vertex -77.6289 -31.4453 0
      vertex -77.427 -31.7634 0
    endloop
  endfacet
  facet normal 0 0 -1
    outer loop
      vertex -77.7893 -31.1044 0
      vertex -76.5 -37.5 0
      vertex -77.7893 -43.8956 0
    endloop
  endfacet
  facet normal 0 0 -1
    outer loop
      vertex -76.5 -37.5 0
      vertex -77.7893 -31.1044 0
      vertex -77.6289 -31.4453 0
    endloop
  endfacet
  facet normal 0 0 -1
    outer loop
      vertex -77.9057 -44.2539 0
      vertex -77.7893 -31.1044 0
      vertex -77.7893 -43.8956 0
    endloop
  endfacet
  facet normal 0 0 -1
    outer loop
      vertex -77.9057 -44.2539 0
      vertex -77.9057 -30.7461 0
      vertex -77.7893 -31.1044 0
    endloop
  endfacet
  facet normal 0 0 -1
    outer loop
      vertex -77.9763 -44.624 0
      vertex -77.9057 -30.7461 0
      vertex -77.9057 -44.2539 0
    endloop
  endfacet
  facet normal 0 0 -1
    outer loop
      vertex -77.9763 -44.624 0
      vertex -77.9763 -30.376 0
      vertex -77.9057 -30.7461 0
    endloop
  endfacet
  facet normal 0 0 -1
    outer loop
      vertex -78 -45 0
      vertex -77.9763 -30.376 0
      vertex -77.9763 -44.624 0
    endloop
  endfacet
  facet normal -0 0 -1
    outer loop
      vertex -77.9763 -30.376 0
      vertex -78 -45 0
      vertex -78 -30 0
    endloop
  endfacet
  facet normal 0 0 -1
    outer loop
      vertex -72.573 -16.7634 0
      vertex -73.6053 -21.9478 0
      vertex -72.8131 -17.0536 0
    endloop
  endfacet
  facet normal 0 0 -1
    outer loop
      vertex -73.6855 -21.7774 0
      vertex -72.8131 -17.0536 0
      vertex -73.6053 -21.9478 0
    endloop
  endfacet
  facet normal 0 0 -1
    outer loop
      vertex -72.8131 -17.0536 0
      vertex -73.6855 -21.7774 0
      vertex -73.0877 -17.3115 0
    endloop
  endfacet
  facet normal 0 0 -1
    outer loop
      vertex -73.7865 -21.6183 0
      vertex -73.0877 -17.3115 0
      vertex -73.6855 -21.7774 0
    endloop
  endfacet
  facet normal 0 0 -1
    outer loop
      vertex -73.0877 -17.3115 0
      vertex -73.7865 -21.6183 0
      vertex -73.3925 -17.533 0
    endloop
  endfacet
  facet normal 0 0 -1
    outer loop
      vertex -73.9065 -21.4732 0
      vertex -73.3925 -17.533 0
      vertex -73.7865 -21.6183 0
    endloop
  endfacet
  facet normal 0 0 -1
    outer loop
      vertex -74.0439 -21.3442 0
      vertex -73.3925 -17.533 0
      vertex -73.9065 -21.4732 0
    endloop
  endfacet
  facet normal 0 0 -1
    outer loop
      vertex -73.3925 -17.533 0
      vertex -74.0439 -21.3442 0
      vertex -73.7227 -17.7145 0
    endloop
  endfacet
  facet normal 0 0 -1
    outer loop
      vertex -74.1963 -21.2335 0
      vertex -73.7227 -17.7145 0
      vertex -74.0439 -21.3442 0
    endloop
  endfacet
  facet normal 0 0 -1
    outer loop
      vertex -73.7227 -17.7145 0
      vertex -74.1963 -21.2335 0
      vertex -74.073 -17.8532 0
    endloop
  endfacet
  facet normal 0 0 -1
    outer loop
      vertex -74.3613 -21.1428 0
      vertex -74.073 -17.8532 0
      vertex -74.1963 -21.2335 0
    endloop
  endfacet
  facet normal 0 0 -1
    outer loop
      vertex -74.3613 -21.1428 0
      vertex -74.4379 -17.9469 0
      vertex -74.073 -17.8532 0
    endloop
  endfacet
  facet normal 0 0 -1
    outer loop
      vertex -74.5365 -21.0734 0
      vertex -74.4379 -17.9469 0
      vertex -74.3613 -21.1428 0
    endloop
  endfacet
  facet normal 0 0 -1
    outer loop
      vertex -74.7189 -21.0266 0
      vertex -74.4379 -17.9469 0
      vertex -74.5365 -21.0734 0
    endloop
  endfacet
  facet normal 0 0 -1
    outer loop
      vertex -74.7189 -21.0266 0
      vertex -74.8116 -17.9941 0
      vertex -74.4379 -17.9469 0
    endloop
  endfacet
  facet normal 0 0 -1
    outer loop
      vertex -74.9058 -21.003 0
      vertex -74.8116 -17.9941 0
      vertex -74.7189 -21.0266 0
    endloop
  endfacet
  facet normal 0 0 -1
    outer loop
      vertex -75.0942 -21.003 0
      vertex -74.8116 -17.9941 0
      vertex -74.9058 -21.003 0
    endloop
  endfacet
  facet normal 0 0 -1
    outer loop
      vertex -75.0942 -21.003 0
      vertex -75.1884 -17.9941 0
      vertex -74.8116 -17.9941 0
    endloop
  endfacet
  facet normal 0 0 -1
    outer loop
      vertex -75.2811 -21.0266 0
      vertex -75.1884 -17.9941 0
      vertex -75.0942 -21.003 0
    endloop
  endfacet
  facet normal 0 0 -1
    outer loop
      vertex -75.5621 -17.9469 0
      vertex -75.2811 -21.0266 0
      vertex -75.4635 -21.0734 0
    endloop
  endfacet
  facet normal 0 0 -1
    outer loop
      vertex -75.2811 -21.0266 0
      vertex -75.5621 -17.9469 0
      vertex -75.1884 -17.9941 0
    endloop
  endfacet
  facet normal 0 0 -1
    outer loop
      vertex -75.6387 -21.1428 0
      vertex -75.5621 -17.9469 0
      vertex -75.4635 -21.0734 0
    endloop
  endfacet
  facet normal 0 0 -1
    outer loop
      vertex -75.927 -17.8532 0
      vertex -75.6387 -21.1428 0
      vertex -75.8037 -21.2335 0
    endloop
  endfacet
  facet normal 0 0 -1
    outer loop
      vertex -75.6387 -21.1428 0
      vertex -75.927 -17.8532 0
      vertex -75.5621 -17.9469 0
    endloop
  endfacet
  facet normal 0 0 -1
    outer loop
      vertex -76.2773 -17.7145 0
      vertex -75.8037 -21.2335 0
      vertex -75.9561 -21.3442 0
    endloop
  endfacet
  facet normal 0 0 -1
    outer loop
      vertex -76.6075 -17.533 0
      vertex -75.9561 -21.3442 0
      vertex -76.0935 -21.4732 0
    endloop
  endfacet
  facet normal 0 0 -1
    outer loop
      vertex -76.6075 -17.533 0
      vertex -76.0935 -21.4732 0
      vertex -76.2135 -21.6183 0
    endloop
  endfacet
  facet normal 0 0 -1
    outer loop
      vertex -75.8037 -21.2335 0
      vertex -76.2773 -17.7145 0
      vertex -75.927 -17.8532 0
    endloop
  endfacet
  facet normal 0 0 -1
    outer loop
      vertex -76.9123 -17.3115 0
      vertex -76.2135 -21.6183 0
      vertex -76.3145 -21.7774 0
    endloop
  endfacet
  facet normal 0 0 -1
    outer loop
      vertex -77.1869 -17.0536 0
      vertex -76.3145 -21.7774 0
      vertex -76.3947 -21.9478 0
    endloop
  endfacet
  facet normal 0 0 -1
    outer loop
      vertex -77.427 -16.7634 0
      vertex -76.3947 -21.9478 0
      vertex -76.4529 -22.127 0
    endloop
  endfacet
  facet normal 0 0 -1
    outer loop
      vertex -77.427 -16.7634 0
      vertex -76.4529 -22.127 0
      vertex -76.4882 -22.312 0
    endloop
  endfacet
  facet normal 0 0 -1
    outer loop
      vertex -77.6289 -16.4453 0
      vertex -76.4882 -22.312 0
      vertex -76.5 -22.5 0
    endloop
  endfacet
  facet normal 0 0 -1
    outer loop
      vertex -75.9561 -21.3442 0
      vertex -76.6075 -17.533 0
      vertex -76.2773 -17.7145 0
    endloop
  endfacet
  facet normal -0 0 -1
    outer loop
      vertex -76.3947 -23.0522 0
      vertex -77.427 -28.2366 0
      vertex -76.4529 -22.873 0
    endloop
  endfacet
  facet normal -0 0 -1
    outer loop
      vertex -76.4529 -22.873 0
      vertex -77.427 -28.2366 0
      vertex -76.4882 -22.688 0
    endloop
  endfacet
  facet normal 0 0 -1
    outer loop
      vertex -76.2135 -21.6183 0
      vertex -76.9123 -17.3115 0
      vertex -76.6075 -17.533 0
    endloop
  endfacet
  facet normal 0 0 -1
    outer loop
      vertex -77.6289 -28.5547 0
      vertex -76.4882 -22.688 0
      vertex -77.427 -28.2366 0
    endloop
  endfacet
  facet normal 0 0 -1
    outer loop
      vertex -76.3145 -21.7774 0
      vertex -77.1869 -17.0536 0
      vertex -76.9123 -17.3115 0
    endloop
  endfacet
  facet normal -0 0 -1
    outer loop
      vertex -76.4882 -22.688 0
      vertex -77.6289 -28.5547 0
      vertex -76.5 -22.5 0
    endloop
  endfacet
  facet normal 0 0 -1
    outer loop
      vertex -76.3947 -21.9478 0
      vertex -77.427 -16.7634 0
      vertex -77.1869 -17.0536 0
    endloop
  endfacet
  facet normal 0 0 -1
    outer loop
      vertex -77.7893 -28.8956 0
      vertex -76.5 -22.5 0
      vertex -77.6289 -28.5547 0
    endloop
  endfacet
  facet normal 0 0 -1
    outer loop
      vertex -76.4882 -22.312 0
      vertex -77.6289 -16.4453 0
      vertex -77.427 -16.7634 0
    endloop
  endfacet
  facet normal 0 0 -1
    outer loop
      vertex -77.7893 -16.1044 0
      vertex -76.5 -22.5 0
      vertex -77.7893 -28.8956 0
    endloop
  endfacet
  facet normal 0 0 -1
    outer loop
      vertex -76.5 -22.5 0
      vertex -77.7893 -16.1044 0
      vertex -77.6289 -16.4453 0
    endloop
  endfacet
  facet normal 0 0 -1
    outer loop
      vertex -77.9057 -29.2539 0
      vertex -77.7893 -16.1044 0
      vertex -77.7893 -28.8956 0
    endloop
  endfacet
  facet normal 0 0 -1
    outer loop
      vertex -77.9057 -29.2539 0
      vertex -77.9057 -15.7461 0
      vertex -77.7893 -16.1044 0
    endloop
  endfacet
  facet normal 0 0 -1
    outer loop
      vertex -77.9763 -29.624 0
      vertex -77.9057 -15.7461 0
      vertex -77.9057 -29.2539 0
    endloop
  endfacet
  facet normal 0 0 -1
    outer loop
      vertex -77.9763 -29.624 0
      vertex -77.9763 -15.376 0
      vertex -77.9057 -15.7461 0
    endloop
  endfacet
  facet normal 0 0 -1
    outer loop
      vertex -78 -30 0
      vertex -77.9763 -15.376 0
      vertex -77.9763 -29.624 0
    endloop
  endfacet
  facet normal -0 0 -1
    outer loop
      vertex -77.9763 -15.376 0
      vertex -78 -30 0
      vertex -78 -15 0
    endloop
  endfacet
  facet normal 0 0 -1
    outer loop
      vertex -72.573 -1.76336 0
      vertex -73.6053 -6.94781 0
      vertex -72.8131 -2.05364 0
    endloop
  endfacet
  facet normal 0 0 -1
    outer loop
      vertex -73.6855 -6.77737 0
      vertex -72.8131 -2.05364 0
      vertex -73.6053 -6.94781 0
    endloop
  endfacet
  facet normal 0 0 -1
    outer loop
      vertex -72.8131 -2.05364 0
      vertex -73.6855 -6.77737 0
      vertex -73.0877 -2.31154 0
    endloop
  endfacet
  facet normal 0 0 -1
    outer loop
      vertex -73.7865 -6.61832 0
      vertex -73.0877 -2.31154 0
      vertex -73.6855 -6.77737 0
    endloop
  endfacet
  facet normal 0 0 -1
    outer loop
      vertex -73.0877 -2.31154 0
      vertex -73.7865 -6.61832 0
      vertex -73.3925 -2.53298 0
    endloop
  endfacet
  facet normal 0 0 -1
    outer loop
      vertex -73.9065 -6.47318 0
      vertex -73.3925 -2.53298 0
      vertex -73.7865 -6.61832 0
    endloop
  endfacet
  facet normal 0 0 -1
    outer loop
      vertex -74.0439 -6.34423 0
      vertex -73.3925 -2.53298 0
      vertex -73.9065 -6.47318 0
    endloop
  endfacet
  facet normal 0 0 -1
    outer loop
      vertex -73.3925 -2.53298 0
      vertex -74.0439 -6.34423 0
      vertex -73.7227 -2.71448 0
    endloop
  endfacet
  facet normal 0 0 -1
    outer loop
      vertex -74.1963 -6.23351 0
      vertex -73.7227 -2.71448 0
      vertex -74.0439 -6.34423 0
    endloop
  endfacet
  facet normal 0 0 -1
    outer loop
      vertex -73.7227 -2.71448 0
      vertex -74.1963 -6.23351 0
      vertex -74.073 -2.85317 0
    endloop
  endfacet
  facet normal 0 0 -1
    outer loop
      vertex -74.3613 -6.14276 0
      vertex -74.073 -2.85317 0
      vertex -74.1963 -6.23351 0
    endloop
  endfacet
  facet normal 0 0 -1
    outer loop
      vertex -74.3613 -6.14276 0
      vertex -74.4379 -2.94686 0
      vertex -74.073 -2.85317 0
    endloop
  endfacet
  facet normal 0 0 -1
    outer loop
      vertex -74.5365 -6.07341 0
      vertex -74.4379 -2.94686 0
      vertex -74.3613 -6.14276 0
    endloop
  endfacet
  facet normal 0 0 -1
    outer loop
      vertex -74.7189 -6.02657 0
      vertex -74.4379 -2.94686 0
      vertex -74.5365 -6.07341 0
    endloop
  endfacet
  facet normal 0 0 -1
    outer loop
      vertex -74.7189 -6.02657 0
      vertex -74.8116 -2.99408 0
      vertex -74.4379 -2.94686 0
    endloop
  endfacet
  facet normal 0 0 -1
    outer loop
      vertex -74.9058 -6.00296 0
      vertex -74.8116 -2.99408 0
      vertex -74.7189 -6.02657 0
    endloop
  endfacet
  facet normal 0 0 -1
    outer loop
      vertex -75.0942 -6.00296 0
      vertex -74.8116 -2.99408 0
      vertex -74.9058 -6.00296 0
    endloop
  endfacet
  facet normal 0 0 -1
    outer loop
      vertex -75.0942 -6.00296 0
      vertex -75.1884 -2.99408 0
      vertex -74.8116 -2.99408 0
    endloop
  endfacet
  facet normal 0 0 -1
    outer loop
      vertex -75.2811 -6.02657 0
      vertex -75.1884 -2.99408 0
      vertex -75.0942 -6.00296 0
    endloop
  endfacet
  facet normal 0 0 -1
    outer loop
      vertex -75.5621 -2.94686 0
      vertex -75.2811 -6.02657 0
      vertex -75.4635 -6.07341 0
    endloop
  endfacet
  facet normal 0 0 -1
    outer loop
      vertex -75.2811 -6.02657 0
      vertex -75.5621 -2.94686 0
      vertex -75.1884 -2.99408 0
    endloop
  endfacet
  facet normal 0 0 -1
    outer loop
      vertex -75.6387 -6.14276 0
      vertex -75.5621 -2.94686 0
      vertex -75.4635 -6.07341 0
    endloop
  endfacet
  facet normal 0 0 -1
    outer loop
      vertex -75.927 -2.85317 0
      vertex -75.6387 -6.14276 0
      vertex -75.8037 -6.23351 0
    endloop
  endfacet
  facet normal 0 0 -1
    outer loop
      vertex -75.6387 -6.14276 0
      vertex -75.927 -2.85317 0
      vertex -75.5621 -2.94686 0
    endloop
  endfacet
  facet normal 0 0 -1
    outer loop
      vertex -76.2773 -2.71448 0
      vertex -75.8037 -6.23351 0
      vertex -75.9561 -6.34423 0
    endloop
  endfacet
  facet normal 0 0 -1
    outer loop
      vertex -76.6075 -2.53298 0
      vertex -75.9561 -6.34423 0
      vertex -76.0935 -6.47318 0
    endloop
  endfacet
  facet normal 0 0 -1
    outer loop
      vertex -76.6075 -2.53298 0
      vertex -76.0935 -6.47318 0
      vertex -76.2135 -6.61832 0
    endloop
  endfacet
  facet normal 0 0 -1
    outer loop
      vertex -75.8037 -6.23351 0
      vertex -76.2773 -2.71448 0
      vertex -75.927 -2.85317 0
    endloop
  endfacet
  facet normal 0 0 -1
    outer loop
      vertex -76.9123 -2.31154 0
      vertex -76.2135 -6.61832 0
      vertex -76.3145 -6.77737 0
    endloop
  endfacet
  facet normal 0 0 -1
    outer loop
      vertex -77.1869 -2.05364 0
      vertex -76.3145 -6.77737 0
      vertex -76.3947 -6.94781 0
    endloop
  endfacet
  facet normal 0 0 -1
    outer loop
      vertex -77.427 -1.76336 0
      vertex -76.3947 -6.94781 0
      vertex -76.4529 -7.12696 0
    endloop
  endfacet
  facet normal 0 0 -1
    outer loop
      vertex -77.427 -1.76336 0
      vertex -76.4529 -7.12696 0
      vertex -76.4882 -7.312 0
    endloop
  endfacet
  facet normal 0 0 -1
    outer loop
      vertex -77.6289 -1.44526 0
      vertex -76.4882 -7.312 0
      vertex -76.5 -7.5 0
    endloop
  endfacet
  facet normal 0 0 -1
    outer loop
      vertex -75.9561 -6.34423 0
      vertex -76.6075 -2.53298 0
      vertex -76.2773 -2.71448 0
    endloop
  endfacet
  facet normal -0 0 -1
    outer loop
      vertex -76.3947 -8.05219 0
      vertex -77.427 -13.2366 0
      vertex -76.4529 -7.87303 0
    endloop
  endfacet
  facet normal -0 0 -1
    outer loop
      vertex -76.4529 -7.87303 0
      vertex -77.427 -13.2366 0
      vertex -76.4882 -7.688 0
    endloop
  endfacet
  facet normal 0 0 -1
    outer loop
      vertex -76.2135 -6.61832 0
      vertex -76.9123 -2.31154 0
      vertex -76.6075 -2.53298 0
    endloop
  endfacet
  facet normal 0 0 -1
    outer loop
      vertex -77.6289 -13.5547 0
      vertex -76.4882 -7.688 0
      vertex -77.427 -13.2366 0
    endloop
  endfacet
  facet normal 0 0 -1
    outer loop
      vertex -76.3145 -6.77737 0
      vertex -77.1869 -2.05364 0
      vertex -76.9123 -2.31154 0
    endloop
  endfacet
  facet normal -0 0 -1
    outer loop
      vertex -76.4882 -7.688 0
      vertex -77.6289 -13.5547 0
      vertex -76.5 -7.5 0
    endloop
  endfacet
  facet normal 0 0 -1
    outer loop
      vertex -76.3947 -6.94781 0
      vertex -77.427 -1.76336 0
      vertex -77.1869 -2.05364 0
    endloop
  endfacet
  facet normal 0 0 -1
    outer loop
      vertex -77.7893 -13.8956 0
      vertex -76.5 -7.5 0
      vertex -77.6289 -13.5547 0
    endloop
  endfacet
  facet normal 0 0 -1
    outer loop
      vertex -76.4882 -7.312 0
      vertex -77.6289 -1.44526 0
      vertex -77.427 -1.76336 0
    endloop
  endfacet
  facet normal 0 0 -1
    outer loop
      vertex -77.7893 -1.10437 0
      vertex -76.5 -7.5 0
      vertex -77.7893 -13.8956 0
    endloop
  endfacet
  facet normal 0 0 -1
    outer loop
      vertex -76.5 -7.5 0
      vertex -77.7893 -1.10437 0
      vertex -77.6289 -1.44526 0
    endloop
  endfacet
  facet normal 0 0 -1
    outer loop
      vertex -77.9057 -14.2539 0
      vertex -77.7893 -1.10437 0
      vertex -77.7893 -13.8956 0
    endloop
  endfacet
  facet normal 0 0 -1
    outer loop
      vertex -77.9057 -14.2539 0
      vertex -77.9057 -0.746069 0
      vertex -77.7893 -1.10437 0
    endloop
  endfacet
  facet normal 0 0 -1
    outer loop
      vertex -77.9763 -14.624 0
      vertex -77.9057 -0.746069 0
      vertex -77.9057 -14.2539 0
    endloop
  endfacet
  facet normal 0 0 -1
    outer loop
      vertex -77.9763 -14.624 0
      vertex -77.9763 -0.375999 0
      vertex -77.9057 -0.746069 0
    endloop
  endfacet
  facet normal 0 0 -1
    outer loop
      vertex -78 -15 0
      vertex -77.9763 -0.375999 0
      vertex -77.9763 -14.624 0
    endloop
  endfacet
  facet normal -0 0 -1
    outer loop
      vertex -77.9763 -0.375999 0
      vertex -78 -15 0
      vertex -78 0 0
    endloop
  endfacet
  facet normal 0 0 -1
    outer loop
      vertex -72.573 13.2366 0
      vertex -73.6053 8.05219 0
      vertex -72.8131 12.9464 0
    endloop
  endfacet
  facet normal 0 0 -1
    outer loop
      vertex -73.6855 8.22263 0
      vertex -72.8131 12.9464 0
      vertex -73.6053 8.05219 0
    endloop
  endfacet
  facet normal 0 0 -1
    outer loop
      vertex -72.8131 12.9464 0
      vertex -73.6855 8.22263 0
      vertex -73.0877 12.6885 0
    endloop
  endfacet
  facet normal 0 0 -1
    outer loop
      vertex -73.7865 8.38168 0
      vertex -73.0877 12.6885 0
      vertex -73.6855 8.22263 0
    endloop
  endfacet
  facet normal 0 0 -1
    outer loop
      vertex -73.0877 12.6885 0
      vertex -73.7865 8.38168 0
      vertex -73.3925 12.467 0
    endloop
  endfacet
  facet normal 0 0 -1
    outer loop
      vertex -73.9065 8.52682 0
      vertex -73.3925 12.467 0
      vertex -73.7865 8.38168 0
    endloop
  endfacet
  facet normal 0 0 -1
    outer loop
      vertex -74.0439 8.65577 0
      vertex -73.3925 12.467 0
      vertex -73.9065 8.52682 0
    endloop
  endfacet
  facet normal 0 0 -1
    outer loop
      vertex -73.3925 12.467 0
      vertex -74.0439 8.65577 0
      vertex -73.7227 12.2855 0
    endloop
  endfacet
  facet normal 0 0 -1
    outer loop
      vertex -74.1963 8.76649 0
      vertex -73.7227 12.2855 0
      vertex -74.0439 8.65577 0
    endloop
  endfacet
  facet normal 0 0 -1
    outer loop
      vertex -73.7227 12.2855 0
      vertex -74.1963 8.76649 0
      vertex -74.073 12.1468 0
    endloop
  endfacet
  facet normal 0 0 -1
    outer loop
      vertex -74.3613 8.85724 0
      vertex -74.073 12.1468 0
      vertex -74.1963 8.76649 0
    endloop
  endfacet
  facet normal 0 0 -1
    outer loop
      vertex -74.3613 8.85724 0
      vertex -74.4379 12.0531 0
      vertex -74.073 12.1468 0
    endloop
  endfacet
  facet normal 0 0 -1
    outer loop
      vertex -74.5365 8.92658 0
      vertex -74.4379 12.0531 0
      vertex -74.3613 8.85724 0
    endloop
  endfacet
  facet normal 0 0 -1
    outer loop
      vertex -74.7189 8.97343 0
      vertex -74.4379 12.0531 0
      vertex -74.5365 8.92658 0
    endloop
  endfacet
  facet normal 0 0 -1
    outer loop
      vertex -74.7189 8.97343 0
      vertex -74.8116 12.0059 0
      vertex -74.4379 12.0531 0
    endloop
  endfacet
  facet normal 0 0 -1
    outer loop
      vertex -74.9058 8.99704 0
      vertex -74.8116 12.0059 0
      vertex -74.7189 8.97343 0
    endloop
  endfacet
  facet normal 0 0 -1
    outer loop
      vertex -75.0942 8.99704 0
      vertex -74.8116 12.0059 0
      vertex -74.9058 8.99704 0
    endloop
  endfacet
  facet normal 0 0 -1
    outer loop
      vertex -75.0942 8.99704 0
      vertex -75.1884 12.0059 0
      vertex -74.8116 12.0059 0
    endloop
  endfacet
  facet normal 0 0 -1
    outer loop
      vertex -75.2811 8.97343 0
      vertex -75.1884 12.0059 0
      vertex -75.0942 8.99704 0
    endloop
  endfacet
  facet normal 0 0 -1
    outer loop
      vertex -75.5621 12.0531 0
      vertex -75.2811 8.97343 0
      vertex -75.4635 8.92658 0
    endloop
  endfacet
  facet normal 0 0 -1
    outer loop
      vertex -75.2811 8.97343 0
      vertex -75.5621 12.0531 0
      vertex -75.1884 12.0059 0
    endloop
  endfacet
  facet normal 0 0 -1
    outer loop
      vertex -75.6387 8.85724 0
      vertex -75.5621 12.0531 0
      vertex -75.4635 8.92658 0
    endloop
  endfacet
  facet normal 0 0 -1
    outer loop
      vertex -75.927 12.1468 0
      vertex -75.6387 8.85724 0
      vertex -75.8037 8.76649 0
    endloop
  endfacet
  facet normal 0 0 -1
    outer loop
      vertex -75.6387 8.85724 0
      vertex -75.927 12.1468 0
      vertex -75.5621 12.0531 0
    endloop
  endfacet
  facet normal 0 0 -1
    outer loop
      vertex -76.2773 12.2855 0
      vertex -75.8037 8.76649 0
      vertex -75.9561 8.65577 0
    endloop
  endfacet
  facet normal 0 0 -1
    outer loop
      vertex -76.6075 12.467 0
      vertex -75.9561 8.65577 0
      vertex -76.0935 8.52682 0
    endloop
  endfacet
  facet normal 0 0 -1
    outer loop
      vertex -76.6075 12.467 0
      vertex -76.0935 8.52682 0
      vertex -76.2135 8.38168 0
    endloop
  endfacet
  facet normal 0 0 -1
    outer loop
      vertex -75.8037 8.76649 0
      vertex -76.2773 12.2855 0
      vertex -75.927 12.1468 0
    endloop
  endfacet
  facet normal 0 0 -1
    outer loop
      vertex -76.9123 12.6885 0
      vertex -76.2135 8.38168 0
      vertex -76.3145 8.22263 0
    endloop
  endfacet
  facet normal 0 0 -1
    outer loop
      vertex -77.1869 12.9464 0
      vertex -76.3145 8.22263 0
      vertex -76.3947 8.05219 0
    endloop
  endfacet
  facet normal 0 0 -1
    outer loop
      vertex -77.427 13.2366 0
      vertex -76.3947 8.05219 0
      vertex -76.4529 7.87303 0
    endloop
  endfacet
  facet normal 0 0 -1
    outer loop
      vertex -77.427 13.2366 0
      vertex -76.4529 7.87303 0
      vertex -76.4882 7.688 0
    endloop
  endfacet
  facet normal 0 0 -1
    outer loop
      vertex -77.6289 13.5547 0
      vertex -76.4882 7.688 0
      vertex -76.5 7.5 0
    endloop
  endfacet
  facet normal 0 0 -1
    outer loop
      vertex -75.9561 8.65577 0
      vertex -76.6075 12.467 0
      vertex -76.2773 12.2855 0
    endloop
  endfacet
  facet normal -0 0 -1
    outer loop
      vertex -76.3947 6.94781 0
      vertex -77.427 1.76336 0
      vertex -76.4529 7.12696 0
    endloop
  endfacet
  facet normal -0 0 -1
    outer loop
      vertex -76.4529 7.12696 0
      vertex -77.427 1.76336 0
      vertex -76.4882 7.312 0
    endloop
  endfacet
  facet normal 0 0 -1
    outer loop
      vertex -76.2135 8.38168 0
      vertex -76.9123 12.6885 0
      vertex -76.6075 12.467 0
    endloop
  endfacet
  facet normal 0 0 -1
    outer loop
      vertex -77.6289 1.44526 0
      vertex -76.4882 7.312 0
      vertex -77.427 1.76336 0
    endloop
  endfacet
  facet normal 0 0 -1
    outer loop
      vertex -76.3145 8.22263 0
      vertex -77.1869 12.9464 0
      vertex -76.9123 12.6885 0
    endloop
  endfacet
  facet normal -0 0 -1
    outer loop
      vertex -76.4882 7.312 0
      vertex -77.6289 1.44526 0
      vertex -76.5 7.5 0
    endloop
  endfacet
  facet normal 0 0 -1
    outer loop
      vertex -76.3947 8.05219 0
      vertex -77.427 13.2366 0
      vertex -77.1869 12.9464 0
    endloop
  endfacet
  facet normal 0 0 -1
    outer loop
      vertex -77.7893 1.10437 0
      vertex -76.5 7.5 0
      vertex -77.6289 1.44526 0
    endloop
  endfacet
  facet normal 0 0 -1
    outer loop
      vertex -76.4882 7.688 0
      vertex -77.6289 13.5547 0
      vertex -77.427 13.2366 0
    endloop
  endfacet
  facet normal 0 0 -1
    outer loop
      vertex -77.7893 13.8956 0
      vertex -76.5 7.5 0
      vertex -77.7893 1.10437 0
    endloop
  endfacet
  facet normal 0 0 -1
    outer loop
      vertex -76.5 7.5 0
      vertex -77.7893 13.8956 0
      vertex -77.6289 13.5547 0
    endloop
  endfacet
  facet normal 0 0 -1
    outer loop
      vertex -77.9057 0.746069 0
      vertex -77.7893 13.8956 0
      vertex -77.7893 1.10437 0
    endloop
  endfacet
  facet normal 0 0 -1
    outer loop
      vertex -77.9057 0.746069 0
      vertex -77.9057 14.2539 0
      vertex -77.7893 13.8956 0
    endloop
  endfacet
  facet normal 0 0 -1
    outer loop
      vertex -77.9763 0.375999 0
      vertex -77.9057 14.2539 0
      vertex -77.9057 0.746069 0
    endloop
  endfacet
  facet normal 0 0 -1
    outer loop
      vertex -77.9763 0.375999 0
      vertex -77.9763 14.624 0
      vertex -77.9057 14.2539 0
    endloop
  endfacet
  facet normal 0 0 -1
    outer loop
      vertex -78 0 0
      vertex -77.9763 14.624 0
      vertex -77.9763 0.375999 0
    endloop
  endfacet
  facet normal -0 0 -1
    outer loop
      vertex -77.9763 14.624 0
      vertex -78 0 0
      vertex -78 15 0
    endloop
  endfacet
  facet normal 0 0 -1
    outer loop
      vertex -72.573 28.2366 0
      vertex -73.6053 23.0522 0
      vertex -72.8131 27.9464 0
    endloop
  endfacet
  facet normal 0 0 -1
    outer loop
      vertex -73.6855 23.2226 0
      vertex -72.8131 27.9464 0
      vertex -73.6053 23.0522 0
    endloop
  endfacet
  facet normal 0 0 -1
    outer loop
      vertex -72.8131 27.9464 0
      vertex -73.6855 23.2226 0
      vertex -73.0877 27.6885 0
    endloop
  endfacet
  facet normal 0 0 -1
    outer loop
      vertex -73.7865 23.3817 0
      vertex -73.0877 27.6885 0
      vertex -73.6855 23.2226 0
    endloop
  endfacet
  facet normal 0 0 -1
    outer loop
      vertex -73.0877 27.6885 0
      vertex -73.7865 23.3817 0
      vertex -73.3925 27.467 0
    endloop
  endfacet
  facet normal 0 0 -1
    outer loop
      vertex -73.9065 23.5268 0
      vertex -73.3925 27.467 0
      vertex -73.7865 23.3817 0
    endloop
  endfacet
  facet normal 0 0 -1
    outer loop
      vertex -74.0439 23.6558 0
      vertex -73.3925 27.467 0
      vertex -73.9065 23.5268 0
    endloop
  endfacet
  facet normal 0 0 -1
    outer loop
      vertex -73.3925 27.467 0
      vertex -74.0439 23.6558 0
      vertex -73.7227 27.2855 0
    endloop
  endfacet
  facet normal 0 0 -1
    outer loop
      vertex -74.1963 23.7665 0
      vertex -73.7227 27.2855 0
      vertex -74.0439 23.6558 0
    endloop
  endfacet
  facet normal 0 0 -1
    outer loop
      vertex -73.7227 27.2855 0
      vertex -74.1963 23.7665 0
      vertex -74.073 27.1468 0
    endloop
  endfacet
  facet normal 0 0 -1
    outer loop
      vertex -74.3613 23.8572 0
      vertex -74.073 27.1468 0
      vertex -74.1963 23.7665 0
    endloop
  endfacet
  facet normal 0 0 -1
    outer loop
      vertex -74.3613 23.8572 0
      vertex -74.4379 27.0531 0
      vertex -74.073 27.1468 0
    endloop
  endfacet
  facet normal 0 0 -1
    outer loop
      vertex -74.5365 23.9266 0
      vertex -74.4379 27.0531 0
      vertex -74.3613 23.8572 0
    endloop
  endfacet
  facet normal 0 0 -1
    outer loop
      vertex -74.7189 23.9734 0
      vertex -74.4379 27.0531 0
      vertex -74.5365 23.9266 0
    endloop
  endfacet
  facet normal 0 0 -1
    outer loop
      vertex -74.7189 23.9734 0
      vertex -74.8116 27.0059 0
      vertex -74.4379 27.0531 0
    endloop
  endfacet
  facet normal 0 0 -1
    outer loop
      vertex -74.9058 23.997 0
      vertex -74.8116 27.0059 0
      vertex -74.7189 23.9734 0
    endloop
  endfacet
  facet normal 0 0 -1
    outer loop
      vertex -75.0942 23.997 0
      vertex -74.8116 27.0059 0
      vertex -74.9058 23.997 0
    endloop
  endfacet
  facet normal 0 0 -1
    outer loop
      vertex -75.0942 23.997 0
      vertex -75.1884 27.0059 0
      vertex -74.8116 27.0059 0
    endloop
  endfacet
  facet normal 0 0 -1
    outer loop
      vertex -75.2811 23.9734 0
      vertex -75.1884 27.0059 0
      vertex -75.0942 23.997 0
    endloop
  endfacet
  facet normal 0 0 -1
    outer loop
      vertex -75.5621 27.0531 0
      vertex -75.2811 23.9734 0
      vertex -75.4635 23.9266 0
    endloop
  endfacet
  facet normal 0 0 -1
    outer loop
      vertex -75.2811 23.9734 0
      vertex -75.5621 27.0531 0
      vertex -75.1884 27.0059 0
    endloop
  endfacet
  facet normal 0 0 -1
    outer loop
      vertex -75.6387 23.8572 0
      vertex -75.5621 27.0531 0
      vertex -75.4635 23.9266 0
    endloop
  endfacet
  facet normal 0 0 -1
    outer loop
      vertex -75.927 27.1468 0
      vertex -75.6387 23.8572 0
      vertex -75.8037 23.7665 0
    endloop
  endfacet
  facet normal 0 0 -1
    outer loop
      vertex -75.6387 23.8572 0
      vertex -75.927 27.1468 0
      vertex -75.5621 27.0531 0
    endloop
  endfacet
  facet normal 0 0 -1
    outer loop
      vertex -76.2773 27.2855 0
      vertex -75.8037 23.7665 0
      vertex -75.9561 23.6558 0
    endloop
  endfacet
  facet normal 0 0 -1
    outer loop
      vertex -76.6075 27.467 0
      vertex -75.9561 23.6558 0
      vertex -76.0935 23.5268 0
    endloop
  endfacet
  facet normal 0 0 -1
    outer loop
      vertex -76.6075 27.467 0
      vertex -76.0935 23.5268 0
      vertex -76.2135 23.3817 0
    endloop
  endfacet
  facet normal 0 0 -1
    outer loop
      vertex -75.8037 23.7665 0
      vertex -76.2773 27.2855 0
      vertex -75.927 27.1468 0
    endloop
  endfacet
  facet normal 0 0 -1
    outer loop
      vertex -76.9123 27.6885 0
      vertex -76.2135 23.3817 0
      vertex -76.3145 23.2226 0
    endloop
  endfacet
  facet normal 0 0 -1
    outer loop
      vertex -77.1869 27.9464 0
      vertex -76.3145 23.2226 0
      vertex -76.3947 23.0522 0
    endloop
  endfacet
  facet normal 0 0 -1
    outer loop
      vertex -77.427 28.2366 0
      vertex -76.3947 23.0522 0
      vertex -76.4529 22.873 0
    endloop
  endfacet
  facet normal 0 0 -1
    outer loop
      vertex -77.427 28.2366 0
      vertex -76.4529 22.873 0
      vertex -76.4882 22.688 0
    endloop
  endfacet
  facet normal 0 0 -1
    outer loop
      vertex -77.6289 28.5547 0
      vertex -76.4882 22.688 0
      vertex -76.5 22.5 0
    endloop
  endfacet
  facet normal 0 0 -1
    outer loop
      vertex -75.9561 23.6558 0
      vertex -76.6075 27.467 0
      vertex -76.2773 27.2855 0
    endloop
  endfacet
  facet normal -0 0 -1
    outer loop
      vertex -76.3947 21.9478 0
      vertex -77.427 16.7634 0
      vertex -76.4529 22.127 0
    endloop
  endfacet
  facet normal -0 0 -1
    outer loop
      vertex -76.4529 22.127 0
      vertex -77.427 16.7634 0
      vertex -76.4882 22.312 0
    endloop
  endfacet
  facet normal 0 0 -1
    outer loop
      vertex -76.2135 23.3817 0
      vertex -76.9123 27.6885 0
      vertex -76.6075 27.467 0
    endloop
  endfacet
  facet normal 0 0 -1
    outer loop
      vertex -77.6289 16.4453 0
      vertex -76.4882 22.312 0
      vertex -77.427 16.7634 0
    endloop
  endfacet
  facet normal 0 0 -1
    outer loop
      vertex -76.3145 23.2226 0
      vertex -77.1869 27.9464 0
      vertex -76.9123 27.6885 0
    endloop
  endfacet
  facet normal -0 0 -1
    outer loop
      vertex -76.4882 22.312 0
      vertex -77.6289 16.4453 0
      vertex -76.5 22.5 0
    endloop
  endfacet
  facet normal 0 0 -1
    outer loop
      vertex -76.3947 23.0522 0
      vertex -77.427 28.2366 0
      vertex -77.1869 27.9464 0
    endloop
  endfacet
  facet normal 0 0 -1
    outer loop
      vertex -77.7893 16.1044 0
      vertex -76.5 22.5 0
      vertex -77.6289 16.4453 0
    endloop
  endfacet
  facet normal 0 0 -1
    outer loop
      vertex -76.4882 22.688 0
      vertex -77.6289 28.5547 0
      vertex -77.427 28.2366 0
    endloop
  endfacet
  facet normal 0 0 -1
    outer loop
      vertex -77.7893 28.8956 0
      vertex -76.5 22.5 0
      vertex -77.7893 16.1044 0
    endloop
  endfacet
  facet normal 0 0 -1
    outer loop
      vertex -76.5 22.5 0
      vertex -77.7893 28.8956 0
      vertex -77.6289 28.5547 0
    endloop
  endfacet
  facet normal 0 0 -1
    outer loop
      vertex -77.9057 15.7461 0
      vertex -77.7893 28.8956 0
      vertex -77.7893 16.1044 0
    endloop
  endfacet
  facet normal 0 0 -1
    outer loop
      vertex -77.9057 15.7461 0
      vertex -77.9057 29.2539 0
      vertex -77.7893 28.8956 0
    endloop
  endfacet
  facet normal 0 0 -1
    outer loop
      vertex -77.9763 15.376 0
      vertex -77.9057 29.2539 0
      vertex -77.9057 15.7461 0
    endloop
  endfacet
  facet normal 0 0 -1
    outer loop
      vertex -77.9763 15.376 0
      vertex -77.9763 29.624 0
      vertex -77.9057 29.2539 0
    endloop
  endfacet
  facet normal 0 0 -1
    outer loop
      vertex -78 15 0
      vertex -77.9763 29.624 0
      vertex -77.9763 15.376 0
    endloop
  endfacet
  facet normal -0 0 -1
    outer loop
      vertex -77.9763 29.624 0
      vertex -78 15 0
      vertex -78 30 0
    endloop
  endfacet
  facet normal 0 0 -1
    outer loop
      vertex -72.573 43.2366 0
      vertex -73.6053 38.0522 0
      vertex -72.8131 42.9464 0
    endloop
  endfacet
  facet normal 0 0 -1
    outer loop
      vertex -73.6855 38.2226 0
      vertex -72.8131 42.9464 0
      vertex -73.6053 38.0522 0
    endloop
  endfacet
  facet normal 0 0 -1
    outer loop
      vertex -72.8131 42.9464 0
      vertex -73.6855 38.2226 0
      vertex -73.0877 42.6885 0
    endloop
  endfacet
  facet normal 0 0 -1
    outer loop
      vertex -73.7865 38.3817 0
      vertex -73.0877 42.6885 0
      vertex -73.6855 38.2226 0
    endloop
  endfacet
  facet normal 0 0 -1
    outer loop
      vertex -73.0877 42.6885 0
      vertex -73.7865 38.3817 0
      vertex -73.3925 42.467 0
    endloop
  endfacet
  facet normal 0 0 -1
    outer loop
      vertex -73.9065 38.5268 0
      vertex -73.3925 42.467 0
      vertex -73.7865 38.3817 0
    endloop
  endfacet
  facet normal 0 0 -1
    outer loop
      vertex -74.0439 38.6558 0
      vertex -73.3925 42.467 0
      vertex -73.9065 38.5268 0
    endloop
  endfacet
  facet normal 0 0 -1
    outer loop
      vertex -73.3925 42.467 0
      vertex -74.0439 38.6558 0
      vertex -73.7227 42.2855 0
    endloop
  endfacet
  facet normal 0 0 -1
    outer loop
      vertex -74.1963 38.7665 0
      vertex -73.7227 42.2855 0
      vertex -74.0439 38.6558 0
    endloop
  endfacet
  facet normal 0 0 -1
    outer loop
      vertex -73.7227 42.2855 0
      vertex -74.1963 38.7665 0
      vertex -74.073 42.1468 0
    endloop
  endfacet
  facet normal 0 0 -1
    outer loop
      vertex -74.3613 38.8572 0
      vertex -74.073 42.1468 0
      vertex -74.1963 38.7665 0
    endloop
  endfacet
  facet normal 0 0 -1
    outer loop
      vertex -74.3613 38.8572 0
      vertex -74.4379 42.0531 0
      vertex -74.073 42.1468 0
    endloop
  endfacet
  facet normal 0 0 -1
    outer loop
      vertex -74.5365 38.9266 0
      vertex -74.4379 42.0531 0
      vertex -74.3613 38.8572 0
    endloop
  endfacet
  facet normal 0 0 -1
    outer loop
      vertex -74.7189 38.9734 0
      vertex -74.4379 42.0531 0
      vertex -74.5365 38.9266 0
    endloop
  endfacet
  facet normal 0 0 -1
    outer loop
      vertex -74.7189 38.9734 0
      vertex -74.8116 42.0059 0
      vertex -74.4379 42.0531 0
    endloop
  endfacet
  facet normal 0 0 -1
    outer loop
      vertex -74.9058 38.997 0
      vertex -74.8116 42.0059 0
      vertex -74.7189 38.9734 0
    endloop
  endfacet
  facet normal 0 0 -1
    outer loop
      vertex -75.0942 38.997 0
      vertex -74.8116 42.0059 0
      vertex -74.9058 38.997 0
    endloop
  endfacet
  facet normal 0 0 -1
    outer loop
      vertex -75.0942 38.997 0
      vertex -75.1884 42.0059 0
      vertex -74.8116 42.0059 0
    endloop
  endfacet
  facet normal 0 0 -1
    outer loop
      vertex -75.2811 38.9734 0
      vertex -75.1884 42.0059 0
      vertex -75.0942 38.997 0
    endloop
  endfacet
  facet normal 0 0 -1
    outer loop
      vertex -75.5621 42.0531 0
      vertex -75.2811 38.9734 0
      vertex -75.4635 38.9266 0
    endloop
  endfacet
  facet normal 0 0 -1
    outer loop
      vertex -75.2811 38.9734 0
      vertex -75.5621 42.0531 0
      vertex -75.1884 42.0059 0
    endloop
  endfacet
  facet normal 0 0 -1
    outer loop
      vertex -75.6387 38.8572 0
      vertex -75.5621 42.0531 0
      vertex -75.4635 38.9266 0
    endloop
  endfacet
  facet normal 0 0 -1
    outer loop
      vertex -75.927 42.1468 0
      vertex -75.6387 38.8572 0
      vertex -75.8037 38.7665 0
    endloop
  endfacet
  facet normal 0 0 -1
    outer loop
      vertex -75.6387 38.8572 0
      vertex -75.927 42.1468 0
      vertex -75.5621 42.0531 0
    endloop
  endfacet
  facet normal 0 0 -1
    outer loop
      vertex -76.2773 42.2855 0
      vertex -75.8037 38.7665 0
      vertex -75.9561 38.6558 0
    endloop
  endfacet
  facet normal 0 0 -1
    outer loop
      vertex -76.6075 42.467 0
      vertex -75.9561 38.6558 0
      vertex -76.0935 38.5268 0
    endloop
  endfacet
  facet normal 0 0 -1
    outer loop
      vertex -76.6075 42.467 0
      vertex -76.0935 38.5268 0
      vertex -76.2135 38.3817 0
    endloop
  endfacet
  facet normal 0 0 -1
    outer loop
      vertex -75.8037 38.7665 0
      vertex -76.2773 42.2855 0
      vertex -75.927 42.1468 0
    endloop
  endfacet
  facet normal 0 0 -1
    outer loop
      vertex -76.9123 42.6885 0
      vertex -76.2135 38.3817 0
      vertex -76.3145 38.2226 0
    endloop
  endfacet
  facet normal 0 0 -1
    outer loop
      vertex -77.1869 42.9464 0
      vertex -76.3145 38.2226 0
      vertex -76.3947 38.0522 0
    endloop
  endfacet
  facet normal 0 0 -1
    outer loop
      vertex -77.427 43.2366 0
      vertex -76.3947 38.0522 0
      vertex -76.4529 37.873 0
    endloop
  endfacet
  facet normal 0 0 -1
    outer loop
      vertex -77.427 43.2366 0
      vertex -76.4529 37.873 0
      vertex -76.4882 37.688 0
    endloop
  endfacet
  facet normal 0 0 -1
    outer loop
      vertex -77.6289 43.5547 0
      vertex -76.4882 37.688 0
      vertex -76.5 37.5 0
    endloop
  endfacet
  facet normal 0 0 -1
    outer loop
      vertex -75.9561 38.6558 0
      vertex -76.6075 42.467 0
      vertex -76.2773 42.2855 0
    endloop
  endfacet
  facet normal -0 0 -1
    outer loop
      vertex -76.3947 36.9478 0
      vertex -77.427 31.7634 0
      vertex -76.4529 37.127 0
    endloop
  endfacet
  facet normal -0 0 -1
    outer loop
      vertex -76.4529 37.127 0
      vertex -77.427 31.7634 0
      vertex -76.4882 37.312 0
    endloop
  endfacet
  facet normal 0 0 -1
    outer loop
      vertex -76.2135 38.3817 0
      vertex -76.9123 42.6885 0
      vertex -76.6075 42.467 0
    endloop
  endfacet
  facet normal 0 0 -1
    outer loop
      vertex -77.6289 31.4453 0
      vertex -76.4882 37.312 0
      vertex -77.427 31.7634 0
    endloop
  endfacet
  facet normal 0 0 -1
    outer loop
      vertex -76.3145 38.2226 0
      vertex -77.1869 42.9464 0
      vertex -76.9123 42.6885 0
    endloop
  endfacet
  facet normal -0 0 -1
    outer loop
      vertex -76.4882 37.312 0
      vertex -77.6289 31.4453 0
      vertex -76.5 37.5 0
    endloop
  endfacet
  facet normal 0 0 -1
    outer loop
      vertex -76.3947 38.0522 0
      vertex -77.427 43.2366 0
      vertex -77.1869 42.9464 0
    endloop
  endfacet
  facet normal 0 0 -1
    outer loop
      vertex -77.7893 31.1044 0
      vertex -76.5 37.5 0
      vertex -77.6289 31.4453 0
    endloop
  endfacet
  facet normal 0 0 -1
    outer loop
      vertex -76.4882 37.688 0
      vertex -77.6289 43.5547 0
      vertex -77.427 43.2366 0
    endloop
  endfacet
  facet normal 0 0 -1
    outer loop
      vertex -77.7893 43.8956 0
      vertex -76.5 37.5 0
      vertex -77.7893 31.1044 0
    endloop
  endfacet
  facet normal 0 0 -1
    outer loop
      vertex -76.5 37.5 0
      vertex -77.7893 43.8956 0
      vertex -77.6289 43.5547 0
    endloop
  endfacet
  facet normal 0 0 -1
    outer loop
      vertex -77.9057 30.7461 0
      vertex -77.7893 43.8956 0
      vertex -77.7893 31.1044 0
    endloop
  endfacet
  facet normal 0 0 -1
    outer loop
      vertex -77.9057 30.7461 0
      vertex -77.9057 44.2539 0
      vertex -77.7893 43.8956 0
    endloop
  endfacet
  facet normal 0 0 -1
    outer loop
      vertex -77.9763 30.376 0
      vertex -77.9057 44.2539 0
      vertex -77.9057 30.7461 0
    endloop
  endfacet
  facet normal 0 0 -1
    outer loop
      vertex -77.9763 30.376 0
      vertex -77.9763 44.624 0
      vertex -77.9057 44.2539 0
    endloop
  endfacet
  facet normal 0 0 -1
    outer loop
      vertex -78 30 0
      vertex -77.9763 44.624 0
      vertex -77.9763 30.376 0
    endloop
  endfacet
  facet normal -0 0 -1
    outer loop
      vertex -77.9763 44.624 0
      vertex -78 30 0
      vertex -78 45 0
    endloop
  endfacet
  facet normal 0 0 -1
    outer loop
      vertex -72.573 58.2366 0
      vertex -73.6053 53.0522 0
      vertex -72.8131 57.9464 0
    endloop
  endfacet
  facet normal 0 0 -1
    outer loop
      vertex -73.6855 53.2226 0
      vertex -72.8131 57.9464 0
      vertex -73.6053 53.0522 0
    endloop
  endfacet
  facet normal 0 0 -1
    outer loop
      vertex -72.8131 57.9464 0
      vertex -73.6855 53.2226 0
      vertex -73.0877 57.6885 0
    endloop
  endfacet
  facet normal 0 0 -1
    outer loop
      vertex -73.7865 53.3817 0
      vertex -73.0877 57.6885 0
      vertex -73.6855 53.2226 0
    endloop
  endfacet
  facet normal 0 0 -1
    outer loop
      vertex -73.0877 57.6885 0
      vertex -73.7865 53.3817 0
      vertex -73.3925 57.467 0
    endloop
  endfacet
  facet normal 0 0 -1
    outer loop
      vertex -73.9065 53.5268 0
      vertex -73.3925 57.467 0
      vertex -73.7865 53.3817 0
    endloop
  endfacet
  facet normal 0 0 -1
    outer loop
      vertex -74.0439 53.6558 0
      vertex -73.3925 57.467 0
      vertex -73.9065 53.5268 0
    endloop
  endfacet
  facet normal 0 0 -1
    outer loop
      vertex -73.3925 57.467 0
      vertex -74.0439 53.6558 0
      vertex -73.7227 57.2855 0
    endloop
  endfacet
  facet normal 0 0 -1
    outer loop
      vertex -74.1963 53.7665 0
      vertex -73.7227 57.2855 0
      vertex -74.0439 53.6558 0
    endloop
  endfacet
  facet normal 0 0 -1
    outer loop
      vertex -73.7227 57.2855 0
      vertex -74.1963 53.7665 0
      vertex -74.073 57.1468 0
    endloop
  endfacet
  facet normal 0 0 -1
    outer loop
      vertex -74.3613 53.8572 0
      vertex -74.073 57.1468 0
      vertex -74.1963 53.7665 0
    endloop
  endfacet
  facet normal 0 0 -1
    outer loop
      vertex -74.3613 53.8572 0
      vertex -74.4379 57.0531 0
      vertex -74.073 57.1468 0
    endloop
  endfacet
  facet normal 0 0 -1
    outer loop
      vertex -74.5365 53.9266 0
      vertex -74.4379 57.0531 0
      vertex -74.3613 53.8572 0
    endloop
  endfacet
  facet normal 0 0 -1
    outer loop
      vertex -74.7189 53.9734 0
      vertex -74.4379 57.0531 0
      vertex -74.5365 53.9266 0
    endloop
  endfacet
  facet normal 0 0 -1
    outer loop
      vertex -74.7189 53.9734 0
      vertex -74.8116 57.0059 0
      vertex -74.4379 57.0531 0
    endloop
  endfacet
  facet normal 0 0 -1
    outer loop
      vertex -74.9058 53.997 0
      vertex -74.8116 57.0059 0
      vertex -74.7189 53.9734 0
    endloop
  endfacet
  facet normal 0 0 -1
    outer loop
      vertex -75.0942 53.997 0
      vertex -74.8116 57.0059 0
      vertex -74.9058 53.997 0
    endloop
  endfacet
  facet normal 0 0 -1
    outer loop
      vertex -75.0942 53.997 0
      vertex -75.1884 57.0059 0
      vertex -74.8116 57.0059 0
    endloop
  endfacet
  facet normal 0 0 -1
    outer loop
      vertex -75.2811 53.9734 0
      vertex -75.1884 57.0059 0
      vertex -75.0942 53.997 0
    endloop
  endfacet
  facet normal 0 0 -1
    outer loop
      vertex -75.5621 57.0531 0
      vertex -75.2811 53.9734 0
      vertex -75.4635 53.9266 0
    endloop
  endfacet
  facet normal 0 0 -1
    outer loop
      vertex -75.2811 53.9734 0
      vertex -75.5621 57.0531 0
      vertex -75.1884 57.0059 0
    endloop
  endfacet
  facet normal 0 0 -1
    outer loop
      vertex -75.6387 53.8572 0
      vertex -75.5621 57.0531 0
      vertex -75.4635 53.9266 0
    endloop
  endfacet
  facet normal 0 0 -1
    outer loop
      vertex -75.927 57.1468 0
      vertex -75.6387 53.8572 0
      vertex -75.8037 53.7665 0
    endloop
  endfacet
  facet normal 0 0 -1
    outer loop
      vertex -75.6387 53.8572 0
      vertex -75.927 57.1468 0
      vertex -75.5621 57.0531 0
    endloop
  endfacet
  facet normal 0 0 -1
    outer loop
      vertex -76.2773 57.2855 0
      vertex -75.8037 53.7665 0
      vertex -75.9561 53.6558 0
    endloop
  endfacet
  facet normal 0 0 -1
    outer loop
      vertex -76.6075 57.467 0
      vertex -75.9561 53.6558 0
      vertex -76.0935 53.5268 0
    endloop
  endfacet
  facet normal 0 0 -1
    outer loop
      vertex -76.6075 57.467 0
      vertex -76.0935 53.5268 0
      vertex -76.2135 53.3817 0
    endloop
  endfacet
  facet normal 0 0 -1
    outer loop
      vertex -75.8037 53.7665 0
      vertex -76.2773 57.2855 0
      vertex -75.927 57.1468 0
    endloop
  endfacet
  facet normal 0 0 -1
    outer loop
      vertex -76.9123 57.6885 0
      vertex -76.2135 53.3817 0
      vertex -76.3145 53.2226 0
    endloop
  endfacet
  facet normal 0 0 -1
    outer loop
      vertex -77.1869 57.9464 0
      vertex -76.3145 53.2226 0
      vertex -76.3947 53.0522 0
    endloop
  endfacet
  facet normal 0 0 -1
    outer loop
      vertex -77.427 58.2366 0
      vertex -76.3947 53.0522 0
      vertex -76.4529 52.873 0
    endloop
  endfacet
  facet normal 0 0 -1
    outer loop
      vertex -77.427 58.2366 0
      vertex -76.4529 52.873 0
      vertex -76.4882 52.688 0
    endloop
  endfacet
  facet normal 0 0 -1
    outer loop
      vertex -77.6289 58.5547 0
      vertex -76.4882 52.688 0
      vertex -76.5 52.5 0
    endloop
  endfacet
  facet normal 0 0 -1
    outer loop
      vertex -75.9561 53.6558 0
      vertex -76.6075 57.467 0
      vertex -76.2773 57.2855 0
    endloop
  endfacet
  facet normal -0 0 -1
    outer loop
      vertex -76.3947 51.9478 0
      vertex -77.427 46.7634 0
      vertex -76.4529 52.127 0
    endloop
  endfacet
  facet normal -0 0 -1
    outer loop
      vertex -76.4529 52.127 0
      vertex -77.427 46.7634 0
      vertex -76.4882 52.312 0
    endloop
  endfacet
  facet normal 0 0 -1
    outer loop
      vertex -76.2135 53.3817 0
      vertex -76.9123 57.6885 0
      vertex -76.6075 57.467 0
    endloop
  endfacet
  facet normal 0 0 -1
    outer loop
      vertex -77.6289 46.4453 0
      vertex -76.4882 52.312 0
      vertex -77.427 46.7634 0
    endloop
  endfacet
  facet normal 0 0 -1
    outer loop
      vertex -76.3145 53.2226 0
      vertex -77.1869 57.9464 0
      vertex -76.9123 57.6885 0
    endloop
  endfacet
  facet normal -0 0 -1
    outer loop
      vertex -76.4882 52.312 0
      vertex -77.6289 46.4453 0
      vertex -76.5 52.5 0
    endloop
  endfacet
  facet normal 0 0 -1
    outer loop
      vertex -76.3947 53.0522 0
      vertex -77.427 58.2366 0
      vertex -77.1869 57.9464 0
    endloop
  endfacet
  facet normal 0 0 -1
    outer loop
      vertex -77.7893 46.1044 0
      vertex -76.5 52.5 0
      vertex -77.6289 46.4453 0
    endloop
  endfacet
  facet normal 0 0 -1
    outer loop
      vertex -76.4882 52.688 0
      vertex -77.6289 58.5547 0
      vertex -77.427 58.2366 0
    endloop
  endfacet
  facet normal 0 0 -1
    outer loop
      vertex -77.7893 58.8956 0
      vertex -76.5 52.5 0
      vertex -77.7893 46.1044 0
    endloop
  endfacet
  facet normal 0 0 -1
    outer loop
      vertex -76.5 52.5 0
      vertex -77.7893 58.8956 0
      vertex -77.6289 58.5547 0
    endloop
  endfacet
  facet normal 0 0 -1
    outer loop
      vertex -77.9057 45.7461 0
      vertex -77.7893 58.8956 0
      vertex -77.7893 46.1044 0
    endloop
  endfacet
  facet normal 0 0 -1
    outer loop
      vertex -77.9057 45.7461 0
      vertex -77.9057 59.2539 0
      vertex -77.7893 58.8956 0
    endloop
  endfacet
  facet normal 0 0 -1
    outer loop
      vertex -77.9763 45.376 0
      vertex -77.9057 59.2539 0
      vertex -77.9057 45.7461 0
    endloop
  endfacet
  facet normal 0 0 -1
    outer loop
      vertex -77.9763 45.376 0
      vertex -77.9763 59.624 0
      vertex -77.9057 59.2539 0
    endloop
  endfacet
  facet normal 0 0 -1
    outer loop
      vertex -78 45 0
      vertex -77.9763 59.624 0
      vertex -77.9763 45.376 0
    endloop
  endfacet
  facet normal -0 0 -1
    outer loop
      vertex -77.9763 59.624 0
      vertex -78 45 0
      vertex -78 60 0
    endloop
  endfacet
  facet normal 0 0 -1
    outer loop
      vertex -72.573 73.2366 0
      vertex -73.6053 68.0522 0
      vertex -72.8131 72.9464 0
    endloop
  endfacet
  facet normal 0 0 -1
    outer loop
      vertex -73.6855 68.2226 0
      vertex -72.8131 72.9464 0
      vertex -73.6053 68.0522 0
    endloop
  endfacet
  facet normal 0 0 -1
    outer loop
      vertex -72.8131 72.9464 0
      vertex -73.6855 68.2226 0
      vertex -73.0877 72.6885 0
    endloop
  endfacet
  facet normal 0 0 -1
    outer loop
      vertex -73.7865 68.3817 0
      vertex -73.0877 72.6885 0
      vertex -73.6855 68.2226 0
    endloop
  endfacet
  facet normal 0 0 -1
    outer loop
      vertex -73.0877 72.6885 0
      vertex -73.7865 68.3817 0
      vertex -73.3925 72.467 0
    endloop
  endfacet
  facet normal 0 0 -1
    outer loop
      vertex -73.9065 68.5268 0
      vertex -73.3925 72.467 0
      vertex -73.7865 68.3817 0
    endloop
  endfacet
  facet normal 0 0 -1
    outer loop
      vertex -74.0439 68.6558 0
      vertex -73.3925 72.467 0
      vertex -73.9065 68.5268 0
    endloop
  endfacet
  facet normal 0 0 -1
    outer loop
      vertex -73.3925 72.467 0
      vertex -74.0439 68.6558 0
      vertex -73.7227 72.2855 0
    endloop
  endfacet
  facet normal 0 0 -1
    outer loop
      vertex -74.1963 68.7665 0
      vertex -73.7227 72.2855 0
      vertex -74.0439 68.6558 0
    endloop
  endfacet
  facet normal 0 0 -1
    outer loop
      vertex -73.7227 72.2855 0
      vertex -74.1963 68.7665 0
      vertex -74.073 72.1468 0
    endloop
  endfacet
  facet normal 0 0 -1
    outer loop
      vertex -74.3613 68.8572 0
      vertex -74.073 72.1468 0
      vertex -74.1963 68.7665 0
    endloop
  endfacet
  facet normal 0 0 -1
    outer loop
      vertex -74.3613 68.8572 0
      vertex -74.4379 72.0531 0
      vertex -74.073 72.1468 0
    endloop
  endfacet
  facet normal 0 0 -1
    outer loop
      vertex -74.5365 68.9266 0
      vertex -74.4379 72.0531 0
      vertex -74.3613 68.8572 0
    endloop
  endfacet
  facet normal 0 0 -1
    outer loop
      vertex -74.7189 68.9734 0
      vertex -74.4379 72.0531 0
      vertex -74.5365 68.9266 0
    endloop
  endfacet
  facet normal 0 0 -1
    outer loop
      vertex -74.7189 68.9734 0
      vertex -74.8116 72.0059 0
      vertex -74.4379 72.0531 0
    endloop
  endfacet
  facet normal 0 0 -1
    outer loop
      vertex -74.9058 68.997 0
      vertex -74.8116 72.0059 0
      vertex -74.7189 68.9734 0
    endloop
  endfacet
  facet normal 0 0 -1
    outer loop
      vertex -75.0942 68.997 0
      vertex -74.8116 72.0059 0
      vertex -74.9058 68.997 0
    endloop
  endfacet
  facet normal 0 0 -1
    outer loop
      vertex -75.0942 68.997 0
      vertex -75.1884 72.0059 0
      vertex -74.8116 72.0059 0
    endloop
  endfacet
  facet normal 0 0 -1
    outer loop
      vertex -75.2811 68.9734 0
      vertex -75.1884 72.0059 0
      vertex -75.0942 68.997 0
    endloop
  endfacet
  facet normal 0 0 -1
    outer loop
      vertex -75.5621 72.0531 0
      vertex -75.2811 68.9734 0
      vertex -75.4635 68.9266 0
    endloop
  endfacet
  facet normal 0 0 -1
    outer loop
      vertex -75.2811 68.9734 0
      vertex -75.5621 72.0531 0
      vertex -75.1884 72.0059 0
    endloop
  endfacet
  facet normal 0 0 -1
    outer loop
      vertex -75.6387 68.8572 0
      vertex -75.5621 72.0531 0
      vertex -75.4635 68.9266 0
    endloop
  endfacet
  facet normal 0 0 -1
    outer loop
      vertex -75.927 72.1468 0
      vertex -75.6387 68.8572 0
      vertex -75.8037 68.7665 0
    endloop
  endfacet
  facet normal 0 0 -1
    outer loop
      vertex -75.6387 68.8572 0
      vertex -75.927 72.1468 0
      vertex -75.5621 72.0531 0
    endloop
  endfacet
  facet normal 0 0 -1
    outer loop
      vertex -76.2773 72.2855 0
      vertex -75.8037 68.7665 0
      vertex -75.9561 68.6558 0
    endloop
  endfacet
  facet normal 0 0 -1
    outer loop
      vertex -76.6075 72.467 0
      vertex -75.9561 68.6558 0
      vertex -76.0935 68.5268 0
    endloop
  endfacet
  facet normal 0 0 -1
    outer loop
      vertex -76.6075 72.467 0
      vertex -76.0935 68.5268 0
      vertex -76.2135 68.3817 0
    endloop
  endfacet
  facet normal 0 0 -1
    outer loop
      vertex -75.8037 68.7665 0
      vertex -76.2773 72.2855 0
      vertex -75.927 72.1468 0
    endloop
  endfacet
  facet normal 0 0 -1
    outer loop
      vertex -76.9123 72.6885 0
      vertex -76.2135 68.3817 0
      vertex -76.3145 68.2226 0
    endloop
  endfacet
  facet normal 0 0 -1
    outer loop
      vertex -77.1869 72.9464 0
      vertex -76.3145 68.2226 0
      vertex -76.3947 68.0522 0
    endloop
  endfacet
  facet normal 0 0 -1
    outer loop
      vertex -77.427 73.2366 0
      vertex -76.3947 68.0522 0
      vertex -76.4529 67.873 0
    endloop
  endfacet
  facet normal 0 0 -1
    outer loop
      vertex -77.427 73.2366 0
      vertex -76.4529 67.873 0
      vertex -76.4882 67.688 0
    endloop
  endfacet
  facet normal 0 0 -1
    outer loop
      vertex -77.6289 73.5547 0
      vertex -76.4882 67.688 0
      vertex -76.5 67.5 0
    endloop
  endfacet
  facet normal 0 0 -1
    outer loop
      vertex -75.9561 68.6558 0
      vertex -76.6075 72.467 0
      vertex -76.2773 72.2855 0
    endloop
  endfacet
  facet normal -0 0 -1
    outer loop
      vertex -76.3947 66.9478 0
      vertex -77.427 61.7634 0
      vertex -76.4529 67.127 0
    endloop
  endfacet
  facet normal -0 0 -1
    outer loop
      vertex -76.4529 67.127 0
      vertex -77.427 61.7634 0
      vertex -76.4882 67.312 0
    endloop
  endfacet
  facet normal 0 0 -1
    outer loop
      vertex -76.2135 68.3817 0
      vertex -76.9123 72.6885 0
      vertex -76.6075 72.467 0
    endloop
  endfacet
  facet normal 0 0 -1
    outer loop
      vertex -77.6289 61.4453 0
      vertex -76.4882 67.312 0
      vertex -77.427 61.7634 0
    endloop
  endfacet
  facet normal 0 0 -1
    outer loop
      vertex -76.3145 68.2226 0
      vertex -77.1869 72.9464 0
      vertex -76.9123 72.6885 0
    endloop
  endfacet
  facet normal -0 0 -1
    outer loop
      vertex -76.4882 67.312 0
      vertex -77.6289 61.4453 0
      vertex -76.5 67.5 0
    endloop
  endfacet
  facet normal 0 0 -1
    outer loop
      vertex -76.3947 68.0522 0
      vertex -77.427 73.2366 0
      vertex -77.1869 72.9464 0
    endloop
  endfacet
  facet normal 0 0 -1
    outer loop
      vertex -77.7893 61.1044 0
      vertex -76.5 67.5 0
      vertex -77.6289 61.4453 0
    endloop
  endfacet
  facet normal 0 0 -1
    outer loop
      vertex -76.4882 67.688 0
      vertex -77.6289 73.5547 0
      vertex -77.427 73.2366 0
    endloop
  endfacet
  facet normal 0 0 -1
    outer loop
      vertex -77.7893 73.8956 0
      vertex -76.5 67.5 0
      vertex -77.7893 61.1044 0
    endloop
  endfacet
  facet normal 0 0 -1
    outer loop
      vertex -76.5 67.5 0
      vertex -77.7893 73.8956 0
      vertex -77.6289 73.5547 0
    endloop
  endfacet
  facet normal 0 0 -1
    outer loop
      vertex -77.9057 60.7461 0
      vertex -77.7893 73.8956 0
      vertex -77.7893 61.1044 0
    endloop
  endfacet
  facet normal 0 0 -1
    outer loop
      vertex -77.9057 60.7461 0
      vertex -77.9057 74.2539 0
      vertex -77.7893 73.8956 0
    endloop
  endfacet
  facet normal 0 0 -1
    outer loop
      vertex -77.9763 60.376 0
      vertex -77.9057 74.2539 0
      vertex -77.9057 60.7461 0
    endloop
  endfacet
  facet normal 0 0 -1
    outer loop
      vertex -77.9763 60.376 0
      vertex -77.9763 74.624 0
      vertex -77.9057 74.2539 0
    endloop
  endfacet
  facet normal 0 0 -1
    outer loop
      vertex -78 60 0
      vertex -77.9763 74.624 0
      vertex -77.9763 60.376 0
    endloop
  endfacet
  facet normal -0 0 -1
    outer loop
      vertex -77.9763 74.624 0
      vertex -78 60 0
      vertex -78 75 0
    endloop
  endfacet
  facet normal -0.587872 0.808954 0
    outer loop
      vertex -73.0877 -77.3115 0
      vertex -73.3925 -77.533 3
      vertex -73.0877 -77.3115 3
    endloop
  endfacet
  facet normal -0.587872 0.808954 0
    outer loop
      vertex -73.3925 -77.533 3
      vertex -73.0877 -77.3115 0
      vertex -73.3925 -77.533 0
    endloop
  endfacet
  facet normal -0.684594 0.728924 0
    outer loop
      vertex -72.8131 -77.0536 0
      vertex -73.0877 -77.3115 3
      vertex -72.8131 -77.0536 3
    endloop
  endfacet
  facet normal -0.684594 0.728924 0
    outer loop
      vertex -73.0877 -77.3115 3
      vertex -72.8131 -77.0536 0
      vertex -73.0877 -77.3115 0
    endloop
  endfacet
  facet normal -0.904843 0.425746 0
    outer loop
      vertex -72.3711 -76.4453 0
      vertex -72.2107 -76.1044 3
      vertex -72.2107 -76.1044 0
    endloop
  endfacet
  facet normal -0.904843 0.425746 0
    outer loop
      vertex -72.2107 -76.1044 3
      vertex -72.3711 -76.4453 0
      vertex -72.3711 -76.4453 3
    endloop
  endfacet
  facet normal 0.684594 0.728924 -0
    outer loop
      vertex -76.9123 -77.3115 0
      vertex -77.1869 -77.0536 3
      vertex -76.9123 -77.3115 3
    endloop
  endfacet
  facet normal 0.684594 0.728924 0
    outer loop
      vertex -77.1869 -77.0536 3
      vertex -76.9123 -77.3115 0
      vertex -77.1869 -77.0536 0
    endloop
  endfacet
  facet normal 0.844295 0.535879 0
    outer loop
      vertex -77.427 -76.7634 3
      vertex -77.6289 -76.4453 0
      vertex -77.6289 -76.4453 3
    endloop
  endfacet
  facet normal 0.844295 0.535879 0
    outer loop
      vertex -77.6289 -76.4453 0
      vertex -77.427 -76.7634 3
      vertex -77.427 -76.7634 0
    endloop
  endfacet
  facet normal 0.951071 0.308972 0
    outer loop
      vertex -77.7893 -76.1044 3
      vertex -77.9057 -75.7461 0
      vertex -77.9057 -75.7461 3
    endloop
  endfacet
  facet normal 0.951071 0.308972 0
    outer loop
      vertex -77.9057 -75.7461 0
      vertex -77.7893 -76.1044 3
      vertex -77.7893 -76.1044 0
    endloop
  endfacet
  facet normal -0.951071 0.308972 0
    outer loop
      vertex -72.2107 -76.1044 0
      vertex -72.0943 -75.7461 3
      vertex -72.0943 -75.7461 0
    endloop
  endfacet
  facet normal -0.951071 0.308972 0
    outer loop
      vertex -72.0943 -75.7461 3
      vertex -72.2107 -76.1044 0
      vertex -72.2107 -76.1044 3
    endloop
  endfacet
  facet normal 0.125309 0.992118 -0
    outer loop
      vertex -75.1884 -77.9941 0
      vertex -75.5621 -77.9469 3
      vertex -75.1884 -77.9941 3
    endloop
  endfacet
  facet normal 0.125309 0.992118 0
    outer loop
      vertex -75.5621 -77.9469 3
      vertex -75.1884 -77.9941 0
      vertex -75.5621 -77.9469 0
    endloop
  endfacet
  facet normal 0.368139 0.929771 -0
    outer loop
      vertex -75.927 -77.8532 0
      vertex -76.2773 -77.7145 3
      vertex -75.927 -77.8532 3
    endloop
  endfacet
  facet normal 0.368139 0.929771 0
    outer loop
      vertex -76.2773 -77.7145 3
      vertex -75.927 -77.8532 0
      vertex -76.2773 -77.7145 0
    endloop
  endfacet
  facet normal 0.587872 0.808954 -0
    outer loop
      vertex -76.6075 -77.533 0
      vertex -76.9123 -77.3115 3
      vertex -76.6075 -77.533 3
    endloop
  endfacet
  facet normal 0.587872 0.808954 0
    outer loop
      vertex -76.9123 -77.3115 3
      vertex -76.6075 -77.533 0
      vertex -76.9123 -77.3115 0
    endloop
  endfacet
  facet normal 0.248714 0.968577 -0
    outer loop
      vertex -75.5621 -77.9469 0
      vertex -75.927 -77.8532 3
      vertex -75.5621 -77.9469 3
    endloop
  endfacet
  facet normal 0.248714 0.968577 0
    outer loop
      vertex -75.927 -77.8532 3
      vertex -75.5621 -77.9469 0
      vertex -75.927 -77.8532 0
    endloop
  endfacet
  facet normal 0.77048 0.637464 0
    outer loop
      vertex -77.1869 -77.0536 3
      vertex -77.427 -76.7634 0
      vertex -77.427 -76.7634 3
    endloop
  endfacet
  facet normal 0.77048 0.637464 0
    outer loop
      vertex -77.427 -76.7634 0
      vertex -77.1869 -77.0536 3
      vertex -77.1869 -77.0536 0
    endloop
  endfacet
  facet normal 0.904843 0.425746 0
    outer loop
      vertex -77.6289 -76.4453 3
      vertex -77.7893 -76.1044 0
      vertex -77.7893 -76.1044 3
    endloop
  endfacet
  facet normal 0.904843 0.425746 0
    outer loop
      vertex -77.7893 -76.1044 0
      vertex -77.6289 -76.4453 3
      vertex -77.6289 -76.4453 0
    endloop
  endfacet
  facet normal 0.982287 0.18738 0
    outer loop
      vertex -77.9057 -75.7461 3
      vertex -77.9763 -75.376 0
      vertex -77.9763 -75.376 3
    endloop
  endfacet
  facet normal 0.982287 0.18738 0
    outer loop
      vertex -77.9763 -75.376 0
      vertex -77.9057 -75.7461 3
      vertex -77.9057 -75.7461 0
    endloop
  endfacet
  facet normal 0.998019 0.0629071 0
    outer loop
      vertex -77.9763 -75.376 3
      vertex -78 -75 0
      vertex -78 -75 3
    endloop
  endfacet
  facet normal 0.998019 0.0629071 0
    outer loop
      vertex -78 -75 0
      vertex -77.9763 -75.376 3
      vertex -77.9763 -75.376 0
    endloop
  endfacet
  facet normal -0.248714 0.968577 0
    outer loop
      vertex -74.073 -77.8532 0
      vertex -74.4379 -77.9469 3
      vertex -74.073 -77.8532 3
    endloop
  endfacet
  facet normal -0.248714 0.968577 0
    outer loop
      vertex -74.4379 -77.9469 3
      vertex -74.073 -77.8532 0
      vertex -74.4379 -77.9469 0
    endloop
  endfacet
  facet normal -0.125309 0.992118 0
    outer loop
      vertex -74.4379 -77.9469 0
      vertex -74.8116 -77.9941 3
      vertex -74.4379 -77.9469 3
    endloop
  endfacet
  facet normal -0.125309 0.992118 0
    outer loop
      vertex -74.8116 -77.9941 3
      vertex -74.4379 -77.9469 0
      vertex -74.8116 -77.9941 0
    endloop
  endfacet
  facet normal 0.481695 0.876339 -0
    outer loop
      vertex -76.2773 -77.7145 0
      vertex -76.6075 -77.533 3
      vertex -76.2773 -77.7145 3
    endloop
  endfacet
  facet normal 0.481695 0.876339 0
    outer loop
      vertex -76.6075 -77.533 3
      vertex -76.2773 -77.7145 0
      vertex -76.6075 -77.533 0
    endloop
  endfacet
  facet normal -0.998019 -0.0629071 0
    outer loop
      vertex -72 -60 0
      vertex -72.0237 -59.624 3
      vertex -72.0237 -59.624 0
    endloop
  endfacet
  facet normal -0.998019 -0.0629071 0
    outer loop
      vertex -72.0237 -59.624 3
      vertex -72 -60 0
      vertex -72 -60 3
    endloop
  endfacet
  facet normal 0.998019 -0.0629071 0
    outer loop
      vertex -78 -60 3
      vertex -77.9763 -59.624 0
      vertex -77.9763 -59.624 3
    endloop
  endfacet
  facet normal 0.998019 -0.0629071 0
    outer loop
      vertex -77.9763 -59.624 0
      vertex -78 -60 3
      vertex -78 -60 0
    endloop
  endfacet
  facet normal 0 -1 0
    outer loop
      vertex -75.1884 -57.0059 0
      vertex -74.8116 -57.0059 3
      vertex -75.1884 -57.0059 3
    endloop
  endfacet
  facet normal 0 -1 -0
    outer loop
      vertex -74.8116 -57.0059 3
      vertex -75.1884 -57.0059 0
      vertex -74.8116 -57.0059 0
    endloop
  endfacet
  facet normal 0 1 -0
    outer loop
      vertex -74.8116 -62.9941 0
      vertex -75.1884 -62.9941 3
      vertex -74.8116 -62.9941 3
    endloop
  endfacet
  facet normal 0 1 0
    outer loop
      vertex -75.1884 -62.9941 3
      vertex -74.8116 -62.9941 0
      vertex -75.1884 -62.9941 0
    endloop
  endfacet
  facet normal -0.684594 -0.728924 0
    outer loop
      vertex -73.0877 -57.6885 0
      vertex -72.8131 -57.9464 3
      vertex -73.0877 -57.6885 3
    endloop
  endfacet
  facet normal -0.684594 -0.728924 -0
    outer loop
      vertex -72.8131 -57.9464 3
      vertex -73.0877 -57.6885 0
      vertex -72.8131 -57.9464 0
    endloop
  endfacet
  facet normal 0.684594 -0.728924 0
    outer loop
      vertex -77.1869 -57.9464 0
      vertex -76.9123 -57.6885 3
      vertex -77.1869 -57.9464 3
    endloop
  endfacet
  facet normal 0.684594 -0.728924 0
    outer loop
      vertex -76.9123 -57.6885 3
      vertex -77.1869 -57.9464 0
      vertex -76.9123 -57.6885 0
    endloop
  endfacet
  facet normal 0.368139 -0.929771 0
    outer loop
      vertex -76.2773 -57.2855 0
      vertex -75.927 -57.1468 3
      vertex -76.2773 -57.2855 3
    endloop
  endfacet
  facet normal 0.368139 -0.929771 0
    outer loop
      vertex -75.927 -57.1468 3
      vertex -76.2773 -57.2855 0
      vertex -75.927 -57.1468 0
    endloop
  endfacet
  facet normal -0.844295 0.535879 0
    outer loop
      vertex -72.573 -61.7634 0
      vertex -72.3711 -61.4453 3
      vertex -72.3711 -61.4453 0
    endloop
  endfacet
  facet normal -0.844295 0.535879 0
    outer loop
      vertex -72.3711 -61.4453 3
      vertex -72.573 -61.7634 0
      vertex -72.573 -61.7634 3
    endloop
  endfacet
  facet normal -0.904843 -0.425746 0
    outer loop
      vertex -72.2107 -58.8956 0
      vertex -72.3711 -58.5547 3
      vertex -72.3711 -58.5547 0
    endloop
  endfacet
  facet normal -0.904843 -0.425746 0
    outer loop
      vertex -72.3711 -58.5547 3
      vertex -72.2107 -58.8956 0
      vertex -72.2107 -58.8956 3
    endloop
  endfacet
  facet normal -0.982287 -0.18738 0
    outer loop
      vertex -72.0237 -59.624 0
      vertex -72.0943 -59.2539 3
      vertex -72.0943 -59.2539 0
    endloop
  endfacet
  facet normal -0.982287 -0.18738 0
    outer loop
      vertex -72.0943 -59.2539 3
      vertex -72.0237 -59.624 0
      vertex -72.0237 -59.624 3
    endloop
  endfacet
  facet normal -0.368139 -0.929771 0
    outer loop
      vertex -74.073 -57.1468 0
      vertex -73.7227 -57.2855 3
      vertex -74.073 -57.1468 3
    endloop
  endfacet
  facet normal -0.368139 -0.929771 -0
    outer loop
      vertex -73.7227 -57.2855 3
      vertex -74.073 -57.1468 0
      vertex -73.7227 -57.2855 0
    endloop
  endfacet
  facet normal -0.587872 -0.808954 0
    outer loop
      vertex -73.3925 -57.467 0
      vertex -73.0877 -57.6885 3
      vertex -73.3925 -57.467 3
    endloop
  endfacet
  facet normal -0.587872 -0.808954 -0
    outer loop
      vertex -73.0877 -57.6885 3
      vertex -73.3925 -57.467 0
      vertex -73.0877 -57.6885 0
    endloop
  endfacet
  facet normal 0.904843 -0.425746 0
    outer loop
      vertex -77.7893 -58.8956 3
      vertex -77.6289 -58.5547 0
      vertex -77.6289 -58.5547 3
    endloop
  endfacet
  facet normal 0.904843 -0.425746 0
    outer loop
      vertex -77.6289 -58.5547 0
      vertex -77.7893 -58.8956 3
      vertex -77.7893 -58.8956 0
    endloop
  endfacet
  facet normal 0.844295 -0.535879 0
    outer loop
      vertex -77.6289 -58.5547 3
      vertex -77.427 -58.2366 0
      vertex -77.427 -58.2366 3
    endloop
  endfacet
  facet normal 0.844295 -0.535879 0
    outer loop
      vertex -77.427 -58.2366 0
      vertex -77.6289 -58.5547 3
      vertex -77.6289 -58.5547 0
    endloop
  endfacet
  facet normal 0.951071 -0.308972 0
    outer loop
      vertex -77.9057 -59.2539 3
      vertex -77.7893 -58.8956 0
      vertex -77.7893 -58.8956 3
    endloop
  endfacet
  facet normal 0.951071 -0.308972 0
    outer loop
      vertex -77.7893 -58.8956 0
      vertex -77.9057 -59.2539 3
      vertex -77.9057 -59.2539 0
    endloop
  endfacet
  facet normal 0.587872 -0.808954 0
    outer loop
      vertex -76.9123 -57.6885 0
      vertex -76.6075 -57.467 3
      vertex -76.9123 -57.6885 3
    endloop
  endfacet
  facet normal 0.587872 -0.808954 0
    outer loop
      vertex -76.6075 -57.467 3
      vertex -76.9123 -57.6885 0
      vertex -76.6075 -57.467 0
    endloop
  endfacet
  facet normal 0.248714 -0.968577 0
    outer loop
      vertex -75.927 -57.1468 0
      vertex -75.5621 -57.0531 3
      vertex -75.927 -57.1468 3
    endloop
  endfacet
  facet normal 0.248714 -0.968577 0
    outer loop
      vertex -75.5621 -57.0531 3
      vertex -75.927 -57.1468 0
      vertex -75.5621 -57.0531 0
    endloop
  endfacet
  facet normal -0.951071 0.308972 0
    outer loop
      vertex -72.2107 -61.1044 0
      vertex -72.0943 -60.7461 3
      vertex -72.0943 -60.7461 0
    endloop
  endfacet
  facet normal -0.951071 0.308972 0
    outer loop
      vertex -72.0943 -60.7461 3
      vertex -72.2107 -61.1044 0
      vertex -72.2107 -61.1044 3
    endloop
  endfacet
  facet normal -0.368139 0.929771 0
    outer loop
      vertex -73.7227 -62.7145 0
      vertex -74.073 -62.8532 3
      vertex -73.7227 -62.7145 3
    endloop
  endfacet
  facet normal -0.368139 0.929771 0
    outer loop
      vertex -74.073 -62.8532 3
      vertex -73.7227 -62.7145 0
      vertex -74.073 -62.8532 0
    endloop
  endfacet
  facet normal -0.951071 -0.308972 0
    outer loop
      vertex -72.0943 -59.2539 0
      vertex -72.2107 -58.8956 3
      vertex -72.2107 -58.8956 0
    endloop
  endfacet
  facet normal -0.951071 -0.308972 0
    outer loop
      vertex -72.2107 -58.8956 3
      vertex -72.0943 -59.2539 0
      vertex -72.0943 -59.2539 3
    endloop
  endfacet
  facet normal -0.77048 -0.637464 0
    outer loop
      vertex -72.573 -58.2366 0
      vertex -72.8131 -57.9464 3
      vertex -72.8131 -57.9464 0
    endloop
  endfacet
  facet normal -0.77048 -0.637464 0
    outer loop
      vertex -72.8131 -57.9464 3
      vertex -72.573 -58.2366 0
      vertex -72.573 -58.2366 3
    endloop
  endfacet
  facet normal -0.844295 -0.535879 0
    outer loop
      vertex -72.3711 -58.5547 0
      vertex -72.573 -58.2366 3
      vertex -72.573 -58.2366 0
    endloop
  endfacet
  facet normal -0.844295 -0.535879 0
    outer loop
      vertex -72.573 -58.2366 3
      vertex -72.3711 -58.5547 0
      vertex -72.3711 -58.5547 3
    endloop
  endfacet
  facet normal -0.248714 -0.968577 0
    outer loop
      vertex -74.4379 -57.0531 0
      vertex -74.073 -57.1468 3
      vertex -74.4379 -57.0531 3
    endloop
  endfacet
  facet normal -0.248714 -0.968577 -0
    outer loop
      vertex -74.073 -57.1468 3
      vertex -74.4379 -57.0531 0
      vertex -74.073 -57.1468 0
    endloop
  endfacet
  facet normal -0.125309 -0.992118 0
    outer loop
      vertex -74.8116 -57.0059 0
      vertex -74.4379 -57.0531 3
      vertex -74.8116 -57.0059 3
    endloop
  endfacet
  facet normal -0.125309 -0.992118 -0
    outer loop
      vertex -74.4379 -57.0531 3
      vertex -74.8116 -57.0059 0
      vertex -74.4379 -57.0531 0
    endloop
  endfacet
  facet normal -0.481695 -0.876339 0
    outer loop
      vertex -73.7227 -57.2855 0
      vertex -73.3925 -57.467 3
      vertex -73.7227 -57.2855 3
    endloop
  endfacet
  facet normal -0.481695 -0.876339 -0
    outer loop
      vertex -73.3925 -57.467 3
      vertex -73.7227 -57.2855 0
      vertex -73.3925 -57.467 0
    endloop
  endfacet
  facet normal 0.77048 -0.637464 0
    outer loop
      vertex -77.427 -58.2366 3
      vertex -77.1869 -57.9464 0
      vertex -77.1869 -57.9464 3
    endloop
  endfacet
  facet normal 0.77048 -0.637464 0
    outer loop
      vertex -77.1869 -57.9464 0
      vertex -77.427 -58.2366 3
      vertex -77.427 -58.2366 0
    endloop
  endfacet
  facet normal 0.982287 -0.18738 0
    outer loop
      vertex -77.9763 -59.624 3
      vertex -77.9057 -59.2539 0
      vertex -77.9057 -59.2539 3
    endloop
  endfacet
  facet normal 0.982287 -0.18738 0
    outer loop
      vertex -77.9057 -59.2539 0
      vertex -77.9763 -59.624 3
      vertex -77.9763 -59.624 0
    endloop
  endfacet
  facet normal 0.481695 -0.876339 0
    outer loop
      vertex -76.6075 -57.467 0
      vertex -76.2773 -57.2855 3
      vertex -76.6075 -57.467 3
    endloop
  endfacet
  facet normal 0.481695 -0.876339 0
    outer loop
      vertex -76.2773 -57.2855 3
      vertex -76.6075 -57.467 0
      vertex -76.2773 -57.2855 0
    endloop
  endfacet
  facet normal 0.125309 -0.992118 0
    outer loop
      vertex -75.5621 -57.0531 0
      vertex -75.1884 -57.0059 3
      vertex -75.5621 -57.0531 3
    endloop
  endfacet
  facet normal 0.125309 -0.992118 0
    outer loop
      vertex -75.1884 -57.0059 3
      vertex -75.5621 -57.0531 0
      vertex -75.1884 -57.0059 0
    endloop
  endfacet
  facet normal -0.998019 0.0629071 0
    outer loop
      vertex -72.0237 -60.376 0
      vertex -72 -60 3
      vertex -72 -60 0
    endloop
  endfacet
  facet normal -0.998019 0.0629071 0
    outer loop
      vertex -72 -60 3
      vertex -72.0237 -60.376 0
      vertex -72.0237 -60.376 3
    endloop
  endfacet
  facet normal -0.77048 0.637464 0
    outer loop
      vertex -72.8131 -62.0536 0
      vertex -72.573 -61.7634 3
      vertex -72.573 -61.7634 0
    endloop
  endfacet
  facet normal -0.77048 0.637464 0
    outer loop
      vertex -72.573 -61.7634 3
      vertex -72.8131 -62.0536 0
      vertex -72.8131 -62.0536 3
    endloop
  endfacet
  facet normal -0.982287 0.18738 0
    outer loop
      vertex -72.0943 -60.7461 0
      vertex -72.0237 -60.376 3
      vertex -72.0237 -60.376 0
    endloop
  endfacet
  facet normal -0.982287 0.18738 0
    outer loop
      vertex -72.0237 -60.376 3
      vertex -72.0943 -60.7461 0
      vertex -72.0943 -60.7461 3
    endloop
  endfacet
  facet normal 0.904843 0.425746 0
    outer loop
      vertex -77.6289 -61.4453 3
      vertex -77.7893 -61.1044 0
      vertex -77.7893 -61.1044 3
    endloop
  endfacet
  facet normal 0.904843 0.425746 0
    outer loop
      vertex -77.7893 -61.1044 0
      vertex -77.6289 -61.4453 3
      vertex -77.6289 -61.4453 0
    endloop
  endfacet
  facet normal -0.481695 0.876339 0
    outer loop
      vertex -73.3925 -62.533 0
      vertex -73.7227 -62.7145 3
      vertex -73.3925 -62.533 3
    endloop
  endfacet
  facet normal -0.481695 0.876339 0
    outer loop
      vertex -73.7227 -62.7145 3
      vertex -73.3925 -62.533 0
      vertex -73.7227 -62.7145 0
    endloop
  endfacet
  facet normal -0.587872 0.808954 0
    outer loop
      vertex -73.0877 -62.3115 0
      vertex -73.3925 -62.533 3
      vertex -73.0877 -62.3115 3
    endloop
  endfacet
  facet normal -0.587872 0.808954 0
    outer loop
      vertex -73.3925 -62.533 3
      vertex -73.0877 -62.3115 0
      vertex -73.3925 -62.533 0
    endloop
  endfacet
  facet normal -0.684594 0.728924 0
    outer loop
      vertex -72.8131 -62.0536 0
      vertex -73.0877 -62.3115 3
      vertex -72.8131 -62.0536 3
    endloop
  endfacet
  facet normal -0.684594 0.728924 0
    outer loop
      vertex -73.0877 -62.3115 3
      vertex -72.8131 -62.0536 0
      vertex -73.0877 -62.3115 0
    endloop
  endfacet
  facet normal -0.904843 0.425746 0
    outer loop
      vertex -72.3711 -61.4453 0
      vertex -72.2107 -61.1044 3
      vertex -72.2107 -61.1044 0
    endloop
  endfacet
  facet normal -0.904843 0.425746 0
    outer loop
      vertex -72.2107 -61.1044 3
      vertex -72.3711 -61.4453 0
      vertex -72.3711 -61.4453 3
    endloop
  endfacet
  facet normal 0.368139 0.929771 -0
    outer loop
      vertex -75.927 -62.8532 0
      vertex -76.2773 -62.7145 3
      vertex -75.927 -62.8532 3
    endloop
  endfacet
  facet normal 0.368139 0.929771 0
    outer loop
      vertex -76.2773 -62.7145 3
      vertex -75.927 -62.8532 0
      vertex -76.2773 -62.7145 0
    endloop
  endfacet
  facet normal 0.684594 0.728924 -0
    outer loop
      vertex -76.9123 -62.3115 0
      vertex -77.1869 -62.0536 3
      vertex -76.9123 -62.3115 3
    endloop
  endfacet
  facet normal 0.684594 0.728924 0
    outer loop
      vertex -77.1869 -62.0536 3
      vertex -76.9123 -62.3115 0
      vertex -77.1869 -62.0536 0
    endloop
  endfacet
  facet normal 0.951071 0.308972 0
    outer loop
      vertex -77.7893 -61.1044 3
      vertex -77.9057 -60.7461 0
      vertex -77.9057 -60.7461 3
    endloop
  endfacet
  facet normal 0.951071 0.308972 0
    outer loop
      vertex -77.9057 -60.7461 0
      vertex -77.7893 -61.1044 3
      vertex -77.7893 -61.1044 0
    endloop
  endfacet
  facet normal 0.125309 0.992118 -0
    outer loop
      vertex -75.1884 -62.9941 0
      vertex -75.5621 -62.9469 3
      vertex -75.1884 -62.9941 3
    endloop
  endfacet
  facet normal 0.125309 0.992118 0
    outer loop
      vertex -75.5621 -62.9469 3
      vertex -75.1884 -62.9941 0
      vertex -75.5621 -62.9469 0
    endloop
  endfacet
  facet normal 0.587872 0.808954 -0
    outer loop
      vertex -76.6075 -62.533 0
      vertex -76.9123 -62.3115 3
      vertex -76.6075 -62.533 3
    endloop
  endfacet
  facet normal 0.587872 0.808954 0
    outer loop
      vertex -76.9123 -62.3115 3
      vertex -76.6075 -62.533 0
      vertex -76.9123 -62.3115 0
    endloop
  endfacet
  facet normal 0.248714 0.968577 -0
    outer loop
      vertex -75.5621 -62.9469 0
      vertex -75.927 -62.8532 3
      vertex -75.5621 -62.9469 3
    endloop
  endfacet
  facet normal 0.248714 0.968577 0
    outer loop
      vertex -75.927 -62.8532 3
      vertex -75.5621 -62.9469 0
      vertex -75.927 -62.8532 0
    endloop
  endfacet
  facet normal 0.77048 0.637464 0
    outer loop
      vertex -77.1869 -62.0536 3
      vertex -77.427 -61.7634 0
      vertex -77.427 -61.7634 3
    endloop
  endfacet
  facet normal 0.77048 0.637464 0
    outer loop
      vertex -77.427 -61.7634 0
      vertex -77.1869 -62.0536 3
      vertex -77.1869 -62.0536 0
    endloop
  endfacet
  facet normal 0.844295 0.535879 0
    outer loop
      vertex -77.427 -61.7634 3
      vertex -77.6289 -61.4453 0
      vertex -77.6289 -61.4453 3
    endloop
  endfacet
  facet normal 0.844295 0.535879 0
    outer loop
      vertex -77.6289 -61.4453 0
      vertex -77.427 -61.7634 3
      vertex -77.427 -61.7634 0
    endloop
  endfacet
  facet normal 0.982287 0.18738 0
    outer loop
      vertex -77.9057 -60.7461 3
      vertex -77.9763 -60.376 0
      vertex -77.9763 -60.376 3
    endloop
  endfacet
  facet normal 0.982287 0.18738 0
    outer loop
      vertex -77.9763 -60.376 0
      vertex -77.9057 -60.7461 3
      vertex -77.9057 -60.7461 0
    endloop
  endfacet
  facet normal 0.998019 0.0629071 0
    outer loop
      vertex -77.9763 -60.376 3
      vertex -78 -60 0
      vertex -78 -60 3
    endloop
  endfacet
  facet normal 0.998019 0.0629071 0
    outer loop
      vertex -78 -60 0
      vertex -77.9763 -60.376 3
      vertex -77.9763 -60.376 0
    endloop
  endfacet
  facet normal -0.248714 0.968577 0
    outer loop
      vertex -74.073 -62.8532 0
      vertex -74.4379 -62.9469 3
      vertex -74.073 -62.8532 3
    endloop
  endfacet
  facet normal -0.248714 0.968577 0
    outer loop
      vertex -74.4379 -62.9469 3
      vertex -74.073 -62.8532 0
      vertex -74.4379 -62.9469 0
    endloop
  endfacet
  facet normal -0.125309 0.992118 0
    outer loop
      vertex -74.4379 -62.9469 0
      vertex -74.8116 -62.9941 3
      vertex -74.4379 -62.9469 3
    endloop
  endfacet
  facet normal -0.125309 0.992118 0
    outer loop
      vertex -74.8116 -62.9941 3
      vertex -74.4379 -62.9469 0
      vertex -74.8116 -62.9941 0
    endloop
  endfacet
  facet normal 0.481695 0.876339 -0
    outer loop
      vertex -76.2773 -62.7145 0
      vertex -76.6075 -62.533 3
      vertex -76.2773 -62.7145 3
    endloop
  endfacet
  facet normal 0.481695 0.876339 0
    outer loop
      vertex -76.6075 -62.533 3
      vertex -76.2773 -62.7145 0
      vertex -76.6075 -62.533 0
    endloop
  endfacet
  facet normal -0.998019 -0.0629071 0
    outer loop
      vertex -72 -45 0
      vertex -72.0237 -44.624 3
      vertex -72.0237 -44.624 0
    endloop
  endfacet
  facet normal -0.998019 -0.0629071 0
    outer loop
      vertex -72.0237 -44.624 3
      vertex -72 -45 0
      vertex -72 -45 3
    endloop
  endfacet
  facet normal 0.998019 -0.0629071 0
    outer loop
      vertex -78 -45 3
      vertex -77.9763 -44.624 0
      vertex -77.9763 -44.624 3
    endloop
  endfacet
  facet normal 0.998019 -0.0629071 0
    outer loop
      vertex -77.9763 -44.624 0
      vertex -78 -45 3
      vertex -78 -45 0
    endloop
  endfacet
  facet normal 0 -1 0
    outer loop
      vertex -75.1884 -42.0059 0
      vertex -74.8116 -42.0059 3
      vertex -75.1884 -42.0059 3
    endloop
  endfacet
  facet normal 0 -1 -0
    outer loop
      vertex -74.8116 -42.0059 3
      vertex -75.1884 -42.0059 0
      vertex -74.8116 -42.0059 0
    endloop
  endfacet
  facet normal 0 1 -0
    outer loop
      vertex -74.8116 -47.9941 0
      vertex -75.1884 -47.9941 3
      vertex -74.8116 -47.9941 3
    endloop
  endfacet
  facet normal 0 1 0
    outer loop
      vertex -75.1884 -47.9941 3
      vertex -74.8116 -47.9941 0
      vertex -75.1884 -47.9941 0
    endloop
  endfacet
  facet normal -0.684594 -0.728924 0
    outer loop
      vertex -73.0877 -42.6885 0
      vertex -72.8131 -42.9464 3
      vertex -73.0877 -42.6885 3
    endloop
  endfacet
  facet normal -0.684594 -0.728924 -0
    outer loop
      vertex -72.8131 -42.9464 3
      vertex -73.0877 -42.6885 0
      vertex -72.8131 -42.9464 0
    endloop
  endfacet
  facet normal 0.684594 -0.728924 0
    outer loop
      vertex -77.1869 -42.9464 0
      vertex -76.9123 -42.6885 3
      vertex -77.1869 -42.9464 3
    endloop
  endfacet
  facet normal 0.684594 -0.728924 0
    outer loop
      vertex -76.9123 -42.6885 3
      vertex -77.1869 -42.9464 0
      vertex -76.9123 -42.6885 0
    endloop
  endfacet
  facet normal 0.368139 -0.929771 0
    outer loop
      vertex -76.2773 -42.2855 0
      vertex -75.927 -42.1468 3
      vertex -76.2773 -42.2855 3
    endloop
  endfacet
  facet normal 0.368139 -0.929771 0
    outer loop
      vertex -75.927 -42.1468 3
      vertex -76.2773 -42.2855 0
      vertex -75.927 -42.1468 0
    endloop
  endfacet
  facet normal -0.844295 0.535879 0
    outer loop
      vertex -72.573 -46.7634 0
      vertex -72.3711 -46.4453 3
      vertex -72.3711 -46.4453 0
    endloop
  endfacet
  facet normal -0.844295 0.535879 0
    outer loop
      vertex -72.3711 -46.4453 3
      vertex -72.573 -46.7634 0
      vertex -72.573 -46.7634 3
    endloop
  endfacet
  facet normal -0.904843 -0.425746 0
    outer loop
      vertex -72.2107 -43.8956 0
      vertex -72.3711 -43.5547 3
      vertex -72.3711 -43.5547 0
    endloop
  endfacet
  facet normal -0.904843 -0.425746 0
    outer loop
      vertex -72.3711 -43.5547 3
      vertex -72.2107 -43.8956 0
      vertex -72.2107 -43.8956 3
    endloop
  endfacet
  facet normal -0.982287 -0.18738 0
    outer loop
      vertex -72.0237 -44.624 0
      vertex -72.0943 -44.2539 3
      vertex -72.0943 -44.2539 0
    endloop
  endfacet
  facet normal -0.982287 -0.18738 0
    outer loop
      vertex -72.0943 -44.2539 3
      vertex -72.0237 -44.624 0
      vertex -72.0237 -44.624 3
    endloop
  endfacet
  facet normal -0.368139 -0.929771 0
    outer loop
      vertex -74.073 -42.1468 0
      vertex -73.7227 -42.2855 3
      vertex -74.073 -42.1468 3
    endloop
  endfacet
  facet normal -0.368139 -0.929771 -0
    outer loop
      vertex -73.7227 -42.2855 3
      vertex -74.073 -42.1468 0
      vertex -73.7227 -42.2855 0
    endloop
  endfacet
  facet normal -0.587872 -0.808954 0
    outer loop
      vertex -73.3925 -42.467 0
      vertex -73.0877 -42.6885 3
      vertex -73.3925 -42.467 3
    endloop
  endfacet
  facet normal -0.587872 -0.808954 -0
    outer loop
      vertex -73.0877 -42.6885 3
      vertex -73.3925 -42.467 0
      vertex -73.0877 -42.6885 0
    endloop
  endfacet
  facet normal 0.904843 -0.425746 0
    outer loop
      vertex -77.7893 -43.8956 3
      vertex -77.6289 -43.5547 0
      vertex -77.6289 -43.5547 3
    endloop
  endfacet
  facet normal 0.904843 -0.425746 0
    outer loop
      vertex -77.6289 -43.5547 0
      vertex -77.7893 -43.8956 3
      vertex -77.7893 -43.8956 0
    endloop
  endfacet
  facet normal 0.844295 -0.535879 0
    outer loop
      vertex -77.6289 -43.5547 3
      vertex -77.427 -43.2366 0
      vertex -77.427 -43.2366 3
    endloop
  endfacet
  facet normal 0.844295 -0.535879 0
    outer loop
      vertex -77.427 -43.2366 0
      vertex -77.6289 -43.5547 3
      vertex -77.6289 -43.5547 0
    endloop
  endfacet
  facet normal 0.951071 -0.308972 0
    outer loop
      vertex -77.9057 -44.2539 3
      vertex -77.7893 -43.8956 0
      vertex -77.7893 -43.8956 3
    endloop
  endfacet
  facet normal 0.951071 -0.308972 0
    outer loop
      vertex -77.7893 -43.8956 0
      vertex -77.9057 -44.2539 3
      vertex -77.9057 -44.2539 0
    endloop
  endfacet
  facet normal 0.587872 -0.808954 0
    outer loop
      vertex -76.9123 -42.6885 0
      vertex -76.6075 -42.467 3
      vertex -76.9123 -42.6885 3
    endloop
  endfacet
  facet normal 0.587872 -0.808954 0
    outer loop
      vertex -76.6075 -42.467 3
      vertex -76.9123 -42.6885 0
      vertex -76.6075 -42.467 0
    endloop
  endfacet
  facet normal 0.248714 -0.968577 0
    outer loop
      vertex -75.927 -42.1468 0
      vertex -75.5621 -42.0531 3
      vertex -75.927 -42.1468 3
    endloop
  endfacet
  facet normal 0.248714 -0.968577 0
    outer loop
      vertex -75.5621 -42.0531 3
      vertex -75.927 -42.1468 0
      vertex -75.5621 -42.0531 0
    endloop
  endfacet
  facet normal -0.368139 0.929771 0
    outer loop
      vertex -73.7227 -47.7145 0
      vertex -74.073 -47.8532 3
      vertex -73.7227 -47.7145 3
    endloop
  endfacet
  facet normal -0.368139 0.929771 0
    outer loop
      vertex -74.073 -47.8532 3
      vertex -73.7227 -47.7145 0
      vertex -74.073 -47.8532 0
    endloop
  endfacet
  facet normal -0.951071 -0.308972 0
    outer loop
      vertex -72.0943 -44.2539 0
      vertex -72.2107 -43.8956 3
      vertex -72.2107 -43.8956 0
    endloop
  endfacet
  facet normal -0.951071 -0.308972 0
    outer loop
      vertex -72.2107 -43.8956 3
      vertex -72.0943 -44.2539 0
      vertex -72.0943 -44.2539 3
    endloop
  endfacet
  facet normal -0.77048 -0.637464 0
    outer loop
      vertex -72.573 -43.2366 0
      vertex -72.8131 -42.9464 3
      vertex -72.8131 -42.9464 0
    endloop
  endfacet
  facet normal -0.77048 -0.637464 0
    outer loop
      vertex -72.8131 -42.9464 3
      vertex -72.573 -43.2366 0
      vertex -72.573 -43.2366 3
    endloop
  endfacet
  facet normal -0.844295 -0.535879 0
    outer loop
      vertex -72.3711 -43.5547 0
      vertex -72.573 -43.2366 3
      vertex -72.573 -43.2366 0
    endloop
  endfacet
  facet normal -0.844295 -0.535879 0
    outer loop
      vertex -72.573 -43.2366 3
      vertex -72.3711 -43.5547 0
      vertex -72.3711 -43.5547 3
    endloop
  endfacet
  facet normal -0.248714 -0.968577 0
    outer loop
      vertex -74.4379 -42.0531 0
      vertex -74.073 -42.1468 3
      vertex -74.4379 -42.0531 3
    endloop
  endfacet
  facet normal -0.248714 -0.968577 -0
    outer loop
      vertex -74.073 -42.1468 3
      vertex -74.4379 -42.0531 0
      vertex -74.073 -42.1468 0
    endloop
  endfacet
  facet normal -0.125309 -0.992118 0
    outer loop
      vertex -74.8116 -42.0059 0
      vertex -74.4379 -42.0531 3
      vertex -74.8116 -42.0059 3
    endloop
  endfacet
  facet normal -0.125309 -0.992118 -0
    outer loop
      vertex -74.4379 -42.0531 3
      vertex -74.8116 -42.0059 0
      vertex -74.4379 -42.0531 0
    endloop
  endfacet
  facet normal -0.481695 -0.876339 0
    outer loop
      vertex -73.7227 -42.2855 0
      vertex -73.3925 -42.467 3
      vertex -73.7227 -42.2855 3
    endloop
  endfacet
  facet normal -0.481695 -0.876339 -0
    outer loop
      vertex -73.3925 -42.467 3
      vertex -73.7227 -42.2855 0
      vertex -73.3925 -42.467 0
    endloop
  endfacet
  facet normal 0.77048 -0.637464 0
    outer loop
      vertex -77.427 -43.2366 3
      vertex -77.1869 -42.9464 0
      vertex -77.1869 -42.9464 3
    endloop
  endfacet
  facet normal 0.77048 -0.637464 0
    outer loop
      vertex -77.1869 -42.9464 0
      vertex -77.427 -43.2366 3
      vertex -77.427 -43.2366 0
    endloop
  endfacet
  facet normal 0.982287 -0.18738 0
    outer loop
      vertex -77.9763 -44.624 3
      vertex -77.9057 -44.2539 0
      vertex -77.9057 -44.2539 3
    endloop
  endfacet
  facet normal 0.982287 -0.18738 0
    outer loop
      vertex -77.9057 -44.2539 0
      vertex -77.9763 -44.624 3
      vertex -77.9763 -44.624 0
    endloop
  endfacet
  facet normal 0.481695 -0.876339 0
    outer loop
      vertex -76.6075 -42.467 0
      vertex -76.2773 -42.2855 3
      vertex -76.6075 -42.467 3
    endloop
  endfacet
  facet normal 0.481695 -0.876339 0
    outer loop
      vertex -76.2773 -42.2855 3
      vertex -76.6075 -42.467 0
      vertex -76.2773 -42.2855 0
    endloop
  endfacet
  facet normal 0.125309 -0.992118 0
    outer loop
      vertex -75.5621 -42.0531 0
      vertex -75.1884 -42.0059 3
      vertex -75.5621 -42.0531 3
    endloop
  endfacet
  facet normal 0.125309 -0.992118 0
    outer loop
      vertex -75.1884 -42.0059 3
      vertex -75.5621 -42.0531 0
      vertex -75.1884 -42.0059 0
    endloop
  endfacet
  facet normal -0.77048 0.637464 0
    outer loop
      vertex -72.8131 -47.0536 0
      vertex -72.573 -46.7634 3
      vertex -72.573 -46.7634 0
    endloop
  endfacet
  facet normal -0.77048 0.637464 0
    outer loop
      vertex -72.573 -46.7634 3
      vertex -72.8131 -47.0536 0
      vertex -72.8131 -47.0536 3
    endloop
  endfacet
  facet normal -0.982287 0.18738 0
    outer loop
      vertex -72.0943 -45.7461 0
      vertex -72.0237 -45.376 3
      vertex -72.0237 -45.376 0
    endloop
  endfacet
  facet normal -0.982287 0.18738 0
    outer loop
      vertex -72.0237 -45.376 3
      vertex -72.0943 -45.7461 0
      vertex -72.0943 -45.7461 3
    endloop
  endfacet
  facet normal 0.904843 0.425746 0
    outer loop
      vertex -77.6289 -46.4453 3
      vertex -77.7893 -46.1044 0
      vertex -77.7893 -46.1044 3
    endloop
  endfacet
  facet normal 0.904843 0.425746 0
    outer loop
      vertex -77.7893 -46.1044 0
      vertex -77.6289 -46.4453 3
      vertex -77.6289 -46.4453 0
    endloop
  endfacet
  facet normal -0.481695 0.876339 0
    outer loop
      vertex -73.3925 -47.533 0
      vertex -73.7227 -47.7145 3
      vertex -73.3925 -47.533 3
    endloop
  endfacet
  facet normal -0.481695 0.876339 0
    outer loop
      vertex -73.7227 -47.7145 3
      vertex -73.3925 -47.533 0
      vertex -73.7227 -47.7145 0
    endloop
  endfacet
  facet normal -0.587872 0.808954 0
    outer loop
      vertex -73.0877 -47.3115 0
      vertex -73.3925 -47.533 3
      vertex -73.0877 -47.3115 3
    endloop
  endfacet
  facet normal -0.587872 0.808954 0
    outer loop
      vertex -73.3925 -47.533 3
      vertex -73.0877 -47.3115 0
      vertex -73.3925 -47.533 0
    endloop
  endfacet
  facet normal -0.684594 0.728924 0
    outer loop
      vertex -72.8131 -47.0536 0
      vertex -73.0877 -47.3115 3
      vertex -72.8131 -47.0536 3
    endloop
  endfacet
  facet normal -0.684594 0.728924 0
    outer loop
      vertex -73.0877 -47.3115 3
      vertex -72.8131 -47.0536 0
      vertex -73.0877 -47.3115 0
    endloop
  endfacet
  facet normal -0.904843 0.425746 0
    outer loop
      vertex -72.3711 -46.4453 0
      vertex -72.2107 -46.1044 3
      vertex -72.2107 -46.1044 0
    endloop
  endfacet
  facet normal -0.904843 0.425746 0
    outer loop
      vertex -72.2107 -46.1044 3
      vertex -72.3711 -46.4453 0
      vertex -72.3711 -46.4453 3
    endloop
  endfacet
  facet normal -0.998019 0.0629071 0
    outer loop
      vertex -72.0237 -45.376 0
      vertex -72 -45 3
      vertex -72 -45 0
    endloop
  endfacet
  facet normal -0.998019 0.0629071 0
    outer loop
      vertex -72 -45 3
      vertex -72.0237 -45.376 0
      vertex -72.0237 -45.376 3
    endloop
  endfacet
  facet normal 0.368139 0.929771 -0
    outer loop
      vertex -75.927 -47.8532 0
      vertex -76.2773 -47.7145 3
      vertex -75.927 -47.8532 3
    endloop
  endfacet
  facet normal 0.368139 0.929771 0
    outer loop
      vertex -76.2773 -47.7145 3
      vertex -75.927 -47.8532 0
      vertex -76.2773 -47.7145 0
    endloop
  endfacet
  facet normal 0.684594 0.728924 -0
    outer loop
      vertex -76.9123 -47.3115 0
      vertex -77.1869 -47.0536 3
      vertex -76.9123 -47.3115 3
    endloop
  endfacet
  facet normal 0.684594 0.728924 0
    outer loop
      vertex -77.1869 -47.0536 3
      vertex -76.9123 -47.3115 0
      vertex -77.1869 -47.0536 0
    endloop
  endfacet
  facet normal 0.951071 0.308972 0
    outer loop
      vertex -77.7893 -46.1044 3
      vertex -77.9057 -45.7461 0
      vertex -77.9057 -45.7461 3
    endloop
  endfacet
  facet normal 0.951071 0.308972 0
    outer loop
      vertex -77.9057 -45.7461 0
      vertex -77.7893 -46.1044 3
      vertex -77.7893 -46.1044 0
    endloop
  endfacet
  facet normal -0.951071 0.308972 0
    outer loop
      vertex -72.2107 -46.1044 0
      vertex -72.0943 -45.7461 3
      vertex -72.0943 -45.7461 0
    endloop
  endfacet
  facet normal -0.951071 0.308972 0
    outer loop
      vertex -72.0943 -45.7461 3
      vertex -72.2107 -46.1044 0
      vertex -72.2107 -46.1044 3
    endloop
  endfacet
  facet normal 0.587872 0.808954 -0
    outer loop
      vertex -76.6075 -47.533 0
      vertex -76.9123 -47.3115 3
      vertex -76.6075 -47.533 3
    endloop
  endfacet
  facet normal 0.587872 0.808954 0
    outer loop
      vertex -76.9123 -47.3115 3
      vertex -76.6075 -47.533 0
      vertex -76.9123 -47.3115 0
    endloop
  endfacet
  facet normal 0.248714 0.968577 -0
    outer loop
      vertex -75.5621 -47.9469 0
      vertex -75.927 -47.8532 3
      vertex -75.5621 -47.9469 3
    endloop
  endfacet
  facet normal 0.248714 0.968577 0
    outer loop
      vertex -75.927 -47.8532 3
      vertex -75.5621 -47.9469 0
      vertex -75.927 -47.8532 0
    endloop
  endfacet
  facet normal 0.77048 0.637464 0
    outer loop
      vertex -77.1869 -47.0536 3
      vertex -77.427 -46.7634 0
      vertex -77.427 -46.7634 3
    endloop
  endfacet
  facet normal 0.77048 0.637464 0
    outer loop
      vertex -77.427 -46.7634 0
      vertex -77.1869 -47.0536 3
      vertex -77.1869 -47.0536 0
    endloop
  endfacet
  facet normal 0.844295 0.535879 0
    outer loop
      vertex -77.427 -46.7634 3
      vertex -77.6289 -46.4453 0
      vertex -77.6289 -46.4453 3
    endloop
  endfacet
  facet normal 0.844295 0.535879 0
    outer loop
      vertex -77.6289 -46.4453 0
      vertex -77.427 -46.7634 3
      vertex -77.427 -46.7634 0
    endloop
  endfacet
  facet normal 0.982287 0.18738 0
    outer loop
      vertex -77.9057 -45.7461 3
      vertex -77.9763 -45.376 0
      vertex -77.9763 -45.376 3
    endloop
  endfacet
  facet normal 0.982287 0.18738 0
    outer loop
      vertex -77.9763 -45.376 0
      vertex -77.9057 -45.7461 3
      vertex -77.9057 -45.7461 0
    endloop
  endfacet
  facet normal 0.998019 0.0629071 0
    outer loop
      vertex -77.9763 -45.376 3
      vertex -78 -45 0
      vertex -78 -45 3
    endloop
  endfacet
  facet normal 0.998019 0.0629071 0
    outer loop
      vertex -78 -45 0
      vertex -77.9763 -45.376 3
      vertex -77.9763 -45.376 0
    endloop
  endfacet
  facet normal -0.248714 0.968577 0
    outer loop
      vertex -74.073 -47.8532 0
      vertex -74.4379 -47.9469 3
      vertex -74.073 -47.8532 3
    endloop
  endfacet
  facet normal -0.248714 0.968577 0
    outer loop
      vertex -74.4379 -47.9469 3
      vertex -74.073 -47.8532 0
      vertex -74.4379 -47.9469 0
    endloop
  endfacet
  facet normal -0.125309 0.992118 0
    outer loop
      vertex -74.4379 -47.9469 0
      vertex -74.8116 -47.9941 3
      vertex -74.4379 -47.9469 3
    endloop
  endfacet
  facet normal -0.125309 0.992118 0
    outer loop
      vertex -74.8116 -47.9941 3
      vertex -74.4379 -47.9469 0
      vertex -74.8116 -47.9941 0
    endloop
  endfacet
  facet normal 0.481695 0.876339 -0
    outer loop
      vertex -76.2773 -47.7145 0
      vertex -76.6075 -47.533 3
      vertex -76.2773 -47.7145 3
    endloop
  endfacet
  facet normal 0.481695 0.876339 0
    outer loop
      vertex -76.6075 -47.533 3
      vertex -76.2773 -47.7145 0
      vertex -76.6075 -47.533 0
    endloop
  endfacet
  facet normal 0.125309 0.992118 -0
    outer loop
      vertex -75.1884 -47.9941 0
      vertex -75.5621 -47.9469 3
      vertex -75.1884 -47.9941 3
    endloop
  endfacet
  facet normal 0.125309 0.992118 0
    outer loop
      vertex -75.5621 -47.9469 3
      vertex -75.1884 -47.9941 0
      vertex -75.5621 -47.9469 0
    endloop
  endfacet
  facet normal -0.998019 -0.0629071 0
    outer loop
      vertex -72 -30 0
      vertex -72.0237 -29.624 3
      vertex -72.0237 -29.624 0
    endloop
  endfacet
  facet normal -0.998019 -0.0629071 0
    outer loop
      vertex -72.0237 -29.624 3
      vertex -72 -30 0
      vertex -72 -30 3
    endloop
  endfacet
  facet normal 0.998019 -0.0629071 0
    outer loop
      vertex -78 -30 3
      vertex -77.9763 -29.624 0
      vertex -77.9763 -29.624 3
    endloop
  endfacet
  facet normal 0.998019 -0.0629071 0
    outer loop
      vertex -77.9763 -29.624 0
      vertex -78 -30 3
      vertex -78 -30 0
    endloop
  endfacet
  facet normal 0 -1 0
    outer loop
      vertex -75.1884 -27.0059 0
      vertex -74.8116 -27.0059 3
      vertex -75.1884 -27.0059 3
    endloop
  endfacet
  facet normal 0 -1 -0
    outer loop
      vertex -74.8116 -27.0059 3
      vertex -75.1884 -27.0059 0
      vertex -74.8116 -27.0059 0
    endloop
  endfacet
  facet normal -0.684594 -0.728924 0
    outer loop
      vertex -73.0877 -27.6885 0
      vertex -72.8131 -27.9464 3
      vertex -73.0877 -27.6885 3
    endloop
  endfacet
  facet normal -0.684594 -0.728924 -0
    outer loop
      vertex -72.8131 -27.9464 3
      vertex -73.0877 -27.6885 0
      vertex -72.8131 -27.9464 0
    endloop
  endfacet
  facet normal 0.684594 -0.728924 0
    outer loop
      vertex -77.1869 -27.9464 0
      vertex -76.9123 -27.6885 3
      vertex -77.1869 -27.9464 3
    endloop
  endfacet
  facet normal 0.684594 -0.728924 0
    outer loop
      vertex -76.9123 -27.6885 3
      vertex -77.1869 -27.9464 0
      vertex -76.9123 -27.6885 0
    endloop
  endfacet
  facet normal 0.368139 -0.929771 0
    outer loop
      vertex -76.2773 -27.2855 0
      vertex -75.927 -27.1468 3
      vertex -76.2773 -27.2855 3
    endloop
  endfacet
  facet normal 0.368139 -0.929771 0
    outer loop
      vertex -75.927 -27.1468 3
      vertex -76.2773 -27.2855 0
      vertex -75.927 -27.1468 0
    endloop
  endfacet
  facet normal -0.904843 -0.425746 0
    outer loop
      vertex -72.2107 -28.8956 0
      vertex -72.3711 -28.5547 3
      vertex -72.3711 -28.5547 0
    endloop
  endfacet
  facet normal -0.904843 -0.425746 0
    outer loop
      vertex -72.3711 -28.5547 3
      vertex -72.2107 -28.8956 0
      vertex -72.2107 -28.8956 3
    endloop
  endfacet
  facet normal -0.982287 -0.18738 0
    outer loop
      vertex -72.0237 -29.624 0
      vertex -72.0943 -29.2539 3
      vertex -72.0943 -29.2539 0
    endloop
  endfacet
  facet normal -0.982287 -0.18738 0
    outer loop
      vertex -72.0943 -29.2539 3
      vertex -72.0237 -29.624 0
      vertex -72.0237 -29.624 3
    endloop
  endfacet
  facet normal -0.368139 -0.929771 0
    outer loop
      vertex -74.073 -27.1468 0
      vertex -73.7227 -27.2855 3
      vertex -74.073 -27.1468 3
    endloop
  endfacet
  facet normal -0.368139 -0.929771 -0
    outer loop
      vertex -73.7227 -27.2855 3
      vertex -74.073 -27.1468 0
      vertex -73.7227 -27.2855 0
    endloop
  endfacet
  facet normal -0.587872 -0.808954 0
    outer loop
      vertex -73.3925 -27.467 0
      vertex -73.0877 -27.6885 3
      vertex -73.3925 -27.467 3
    endloop
  endfacet
  facet normal -0.587872 -0.808954 -0
    outer loop
      vertex -73.0877 -27.6885 3
      vertex -73.3925 -27.467 0
      vertex -73.0877 -27.6885 0
    endloop
  endfacet
  facet normal 0.904843 -0.425746 0
    outer loop
      vertex -77.7893 -28.8956 3
      vertex -77.6289 -28.5547 0
      vertex -77.6289 -28.5547 3
    endloop
  endfacet
  facet normal 0.904843 -0.425746 0
    outer loop
      vertex -77.6289 -28.5547 0
      vertex -77.7893 -28.8956 3
      vertex -77.7893 -28.8956 0
    endloop
  endfacet
  facet normal 0.844295 -0.535879 0
    outer loop
      vertex -77.6289 -28.5547 3
      vertex -77.427 -28.2366 0
      vertex -77.427 -28.2366 3
    endloop
  endfacet
  facet normal 0.844295 -0.535879 0
    outer loop
      vertex -77.427 -28.2366 0
      vertex -77.6289 -28.5547 3
      vertex -77.6289 -28.5547 0
    endloop
  endfacet
  facet normal 0.951071 -0.308972 0
    outer loop
      vertex -77.9057 -29.2539 3
      vertex -77.7893 -28.8956 0
      vertex -77.7893 -28.8956 3
    endloop
  endfacet
  facet normal 0.951071 -0.308972 0
    outer loop
      vertex -77.7893 -28.8956 0
      vertex -77.9057 -29.2539 3
      vertex -77.9057 -29.2539 0
    endloop
  endfacet
  facet normal 0.587872 -0.808954 0
    outer loop
      vertex -76.9123 -27.6885 0
      vertex -76.6075 -27.467 3
      vertex -76.9123 -27.6885 3
    endloop
  endfacet
  facet normal 0.587872 -0.808954 0
    outer loop
      vertex -76.6075 -27.467 3
      vertex -76.9123 -27.6885 0
      vertex -76.6075 -27.467 0
    endloop
  endfacet
  facet normal 0.125309 -0.992118 0
    outer loop
      vertex -75.5621 -27.0531 0
      vertex -75.1884 -27.0059 3
      vertex -75.5621 -27.0531 3
    endloop
  endfacet
  facet normal 0.125309 -0.992118 0
    outer loop
      vertex -75.1884 -27.0059 3
      vertex -75.5621 -27.0531 0
      vertex -75.1884 -27.0059 0
    endloop
  endfacet
  facet normal -0.998019 0.0629071 0
    outer loop
      vertex -72.0237 -30.376 0
      vertex -72 -30 3
      vertex -72 -30 0
    endloop
  endfacet
  facet normal -0.998019 0.0629071 0
    outer loop
      vertex -72 -30 3
      vertex -72.0237 -30.376 0
      vertex -72.0237 -30.376 3
    endloop
  endfacet
  facet normal 0.248714 0.968577 -0
    outer loop
      vertex -75.5621 -32.9469 0
      vertex -75.927 -32.8532 3
      vertex -75.5621 -32.9469 3
    endloop
  endfacet
  facet normal 0.248714 0.968577 0
    outer loop
      vertex -75.927 -32.8532 3
      vertex -75.5621 -32.9469 0
      vertex -75.927 -32.8532 0
    endloop
  endfacet
  facet normal 0.904843 0.425746 0
    outer loop
      vertex -77.6289 -31.4453 3
      vertex -77.7893 -31.1044 0
      vertex -77.7893 -31.1044 3
    endloop
  endfacet
  facet normal 0.904843 0.425746 0
    outer loop
      vertex -77.7893 -31.1044 0
      vertex -77.6289 -31.4453 3
      vertex -77.6289 -31.4453 0
    endloop
  endfacet
  facet normal -0.125309 0.992118 0
    outer loop
      vertex -74.4379 -32.9469 0
      vertex -74.8116 -32.9941 3
      vertex -74.4379 -32.9469 3
    endloop
  endfacet
  facet normal -0.125309 0.992118 0
    outer loop
      vertex -74.8116 -32.9941 3
      vertex -74.4379 -32.9469 0
      vertex -74.8116 -32.9941 0
    endloop
  endfacet
  facet normal -0.951071 -0.308972 0
    outer loop
      vertex -72.0943 -29.2539 0
      vertex -72.2107 -28.8956 3
      vertex -72.2107 -28.8956 0
    endloop
  endfacet
  facet normal -0.951071 -0.308972 0
    outer loop
      vertex -72.2107 -28.8956 3
      vertex -72.0943 -29.2539 0
      vertex -72.0943 -29.2539 3
    endloop
  endfacet
  facet normal -0.77048 -0.637464 0
    outer loop
      vertex -72.573 -28.2366 0
      vertex -72.8131 -27.9464 3
      vertex -72.8131 -27.9464 0
    endloop
  endfacet
  facet normal -0.77048 -0.637464 0
    outer loop
      vertex -72.8131 -27.9464 3
      vertex -72.573 -28.2366 0
      vertex -72.573 -28.2366 3
    endloop
  endfacet
  facet normal -0.844295 -0.535879 0
    outer loop
      vertex -72.3711 -28.5547 0
      vertex -72.573 -28.2366 3
      vertex -72.573 -28.2366 0
    endloop
  endfacet
  facet normal -0.844295 -0.535879 0
    outer loop
      vertex -72.573 -28.2366 3
      vertex -72.3711 -28.5547 0
      vertex -72.3711 -28.5547 3
    endloop
  endfacet
  facet normal -0.248714 -0.968577 0
    outer loop
      vertex -74.4379 -27.0531 0
      vertex -74.073 -27.1468 3
      vertex -74.4379 -27.0531 3
    endloop
  endfacet
  facet normal -0.248714 -0.968577 -0
    outer loop
      vertex -74.073 -27.1468 3
      vertex -74.4379 -27.0531 0
      vertex -74.073 -27.1468 0
    endloop
  endfacet
  facet normal -0.125309 -0.992118 0
    outer loop
      vertex -74.8116 -27.0059 0
      vertex -74.4379 -27.0531 3
      vertex -74.8116 -27.0059 3
    endloop
  endfacet
  facet normal -0.125309 -0.992118 -0
    outer loop
      vertex -74.4379 -27.0531 3
      vertex -74.8116 -27.0059 0
      vertex -74.4379 -27.0531 0
    endloop
  endfacet
  facet normal -0.481695 -0.876339 0
    outer loop
      vertex -73.7227 -27.2855 0
      vertex -73.3925 -27.467 3
      vertex -73.7227 -27.2855 3
    endloop
  endfacet
  facet normal -0.481695 -0.876339 -0
    outer loop
      vertex -73.3925 -27.467 3
      vertex -73.7227 -27.2855 0
      vertex -73.3925 -27.467 0
    endloop
  endfacet
  facet normal 0.77048 -0.637464 0
    outer loop
      vertex -77.427 -28.2366 3
      vertex -77.1869 -27.9464 0
      vertex -77.1869 -27.9464 3
    endloop
  endfacet
  facet normal 0.77048 -0.637464 0
    outer loop
      vertex -77.1869 -27.9464 0
      vertex -77.427 -28.2366 3
      vertex -77.427 -28.2366 0
    endloop
  endfacet
  facet normal 0.982287 -0.18738 0
    outer loop
      vertex -77.9763 -29.624 3
      vertex -77.9057 -29.2539 0
      vertex -77.9057 -29.2539 3
    endloop
  endfacet
  facet normal 0.982287 -0.18738 0
    outer loop
      vertex -77.9057 -29.2539 0
      vertex -77.9763 -29.624 3
      vertex -77.9763 -29.624 0
    endloop
  endfacet
  facet normal 0.248714 -0.968577 0
    outer loop
      vertex -75.927 -27.1468 0
      vertex -75.5621 -27.0531 3
      vertex -75.927 -27.1468 3
    endloop
  endfacet
  facet normal 0.248714 -0.968577 0
    outer loop
      vertex -75.5621 -27.0531 3
      vertex -75.927 -27.1468 0
      vertex -75.5621 -27.0531 0
    endloop
  endfacet
  facet normal -0.587872 0.808954 0
    outer loop
      vertex -73.0877 -32.3115 0
      vertex -73.3925 -32.533 3
      vertex -73.0877 -32.3115 3
    endloop
  endfacet
  facet normal -0.587872 0.808954 0
    outer loop
      vertex -73.3925 -32.533 3
      vertex -73.0877 -32.3115 0
      vertex -73.3925 -32.533 0
    endloop
  endfacet
  facet normal -0.951071 0.308972 0
    outer loop
      vertex -72.2107 -31.1044 0
      vertex -72.0943 -30.7461 3
      vertex -72.0943 -30.7461 0
    endloop
  endfacet
  facet normal -0.951071 0.308972 0
    outer loop
      vertex -72.0943 -30.7461 3
      vertex -72.2107 -31.1044 0
      vertex -72.2107 -31.1044 3
    endloop
  endfacet
  facet normal -0.982287 0.18738 0
    outer loop
      vertex -72.0943 -30.7461 0
      vertex -72.0237 -30.376 3
      vertex -72.0237 -30.376 0
    endloop
  endfacet
  facet normal -0.982287 0.18738 0
    outer loop
      vertex -72.0237 -30.376 3
      vertex -72.0943 -30.7461 0
      vertex -72.0943 -30.7461 3
    endloop
  endfacet
  facet normal 0.951071 0.308972 0
    outer loop
      vertex -77.7893 -31.1044 3
      vertex -77.9057 -30.7461 0
      vertex -77.9057 -30.7461 3
    endloop
  endfacet
  facet normal 0.951071 0.308972 0
    outer loop
      vertex -77.9057 -30.7461 0
      vertex -77.7893 -31.1044 3
      vertex -77.7893 -31.1044 0
    endloop
  endfacet
  facet normal -0.481695 0.876339 0
    outer loop
      vertex -73.3925 -32.533 0
      vertex -73.7227 -32.7145 3
      vertex -73.3925 -32.533 3
    endloop
  endfacet
  facet normal -0.481695 0.876339 0
    outer loop
      vertex -73.7227 -32.7145 3
      vertex -73.3925 -32.533 0
      vertex -73.7227 -32.7145 0
    endloop
  endfacet
  facet normal -0.368139 0.929771 0
    outer loop
      vertex -73.7227 -32.7145 0
      vertex -74.073 -32.8532 3
      vertex -73.7227 -32.7145 3
    endloop
  endfacet
  facet normal -0.368139 0.929771 0
    outer loop
      vertex -74.073 -32.8532 3
      vertex -73.7227 -32.7145 0
      vertex -74.073 -32.8532 0
    endloop
  endfacet
  facet normal 0.481695 -0.876339 0
    outer loop
      vertex -76.6075 -27.467 0
      vertex -76.2773 -27.2855 3
      vertex -76.6075 -27.467 3
    endloop
  endfacet
  facet normal 0.481695 -0.876339 0
    outer loop
      vertex -76.2773 -27.2855 3
      vertex -76.6075 -27.467 0
      vertex -76.2773 -27.2855 0
    endloop
  endfacet
  facet normal -0.844295 0.535879 0
    outer loop
      vertex -72.573 -31.7634 0
      vertex -72.3711 -31.4453 3
      vertex -72.3711 -31.4453 0
    endloop
  endfacet
  facet normal -0.844295 0.535879 0
    outer loop
      vertex -72.3711 -31.4453 3
      vertex -72.573 -31.7634 0
      vertex -72.573 -31.7634 3
    endloop
  endfacet
  facet normal -0.684594 0.728924 0
    outer loop
      vertex -72.8131 -32.0536 0
      vertex -73.0877 -32.3115 3
      vertex -72.8131 -32.0536 3
    endloop
  endfacet
  facet normal -0.684594 0.728924 0
    outer loop
      vertex -73.0877 -32.3115 3
      vertex -72.8131 -32.0536 0
      vertex -73.0877 -32.3115 0
    endloop
  endfacet
  facet normal -0.904843 0.425746 0
    outer loop
      vertex -72.3711 -31.4453 0
      vertex -72.2107 -31.1044 3
      vertex -72.2107 -31.1044 0
    endloop
  endfacet
  facet normal -0.904843 0.425746 0
    outer loop
      vertex -72.2107 -31.1044 3
      vertex -72.3711 -31.4453 0
      vertex -72.3711 -31.4453 3
    endloop
  endfacet
  facet normal 0 1 -0
    outer loop
      vertex -74.8116 -32.9941 0
      vertex -75.1884 -32.9941 3
      vertex -74.8116 -32.9941 3
    endloop
  endfacet
  facet normal 0 1 0
    outer loop
      vertex -75.1884 -32.9941 3
      vertex -74.8116 -32.9941 0
      vertex -75.1884 -32.9941 0
    endloop
  endfacet
  facet normal 0.368139 0.929771 -0
    outer loop
      vertex -75.927 -32.8532 0
      vertex -76.2773 -32.7145 3
      vertex -75.927 -32.8532 3
    endloop
  endfacet
  facet normal 0.368139 0.929771 0
    outer loop
      vertex -76.2773 -32.7145 3
      vertex -75.927 -32.8532 0
      vertex -76.2773 -32.7145 0
    endloop
  endfacet
  facet normal 0.684594 0.728924 -0
    outer loop
      vertex -76.9123 -32.3115 0
      vertex -77.1869 -32.0536 3
      vertex -76.9123 -32.3115 3
    endloop
  endfacet
  facet normal 0.684594 0.728924 0
    outer loop
      vertex -77.1869 -32.0536 3
      vertex -76.9123 -32.3115 0
      vertex -77.1869 -32.0536 0
    endloop
  endfacet
  facet normal 0.998019 0.0629071 0
    outer loop
      vertex -77.9763 -30.376 3
      vertex -78 -30 0
      vertex -78 -30 3
    endloop
  endfacet
  facet normal 0.998019 0.0629071 0
    outer loop
      vertex -78 -30 0
      vertex -77.9763 -30.376 3
      vertex -77.9763 -30.376 0
    endloop
  endfacet
  facet normal 0.982287 0.18738 0
    outer loop
      vertex -77.9057 -30.7461 3
      vertex -77.9763 -30.376 0
      vertex -77.9763 -30.376 3
    endloop
  endfacet
  facet normal 0.982287 0.18738 0
    outer loop
      vertex -77.9763 -30.376 0
      vertex -77.9057 -30.7461 3
      vertex -77.9057 -30.7461 0
    endloop
  endfacet
  facet normal 0.125309 0.992118 -0
    outer loop
      vertex -75.1884 -32.9941 0
      vertex -75.5621 -32.9469 3
      vertex -75.1884 -32.9941 3
    endloop
  endfacet
  facet normal 0.125309 0.992118 0
    outer loop
      vertex -75.5621 -32.9469 3
      vertex -75.1884 -32.9941 0
      vertex -75.5621 -32.9469 0
    endloop
  endfacet
  facet normal 0.587872 0.808954 -0
    outer loop
      vertex -76.6075 -32.533 0
      vertex -76.9123 -32.3115 3
      vertex -76.6075 -32.533 3
    endloop
  endfacet
  facet normal 0.587872 0.808954 0
    outer loop
      vertex -76.9123 -32.3115 3
      vertex -76.6075 -32.533 0
      vertex -76.9123 -32.3115 0
    endloop
  endfacet
  facet normal 0.844295 0.535879 0
    outer loop
      vertex -77.427 -31.7634 3
      vertex -77.6289 -31.4453 0
      vertex -77.6289 -31.4453 3
    endloop
  endfacet
  facet normal 0.844295 0.535879 0
    outer loop
      vertex -77.6289 -31.4453 0
      vertex -77.427 -31.7634 3
      vertex -77.427 -31.7634 0
    endloop
  endfacet
  facet normal -0.248714 0.968577 0
    outer loop
      vertex -74.073 -32.8532 0
      vertex -74.4379 -32.9469 3
      vertex -74.073 -32.8532 3
    endloop
  endfacet
  facet normal -0.248714 0.968577 0
    outer loop
      vertex -74.4379 -32.9469 3
      vertex -74.073 -32.8532 0
      vertex -74.4379 -32.9469 0
    endloop
  endfacet
  facet normal -0.77048 0.637464 0
    outer loop
      vertex -72.8131 -32.0536 0
      vertex -72.573 -31.7634 3
      vertex -72.573 -31.7634 0
    endloop
  endfacet
  facet normal -0.77048 0.637464 0
    outer loop
      vertex -72.573 -31.7634 3
      vertex -72.8131 -32.0536 0
      vertex -72.8131 -32.0536 3
    endloop
  endfacet
  facet normal 0.481695 0.876339 -0
    outer loop
      vertex -76.2773 -32.7145 0
      vertex -76.6075 -32.533 3
      vertex -76.2773 -32.7145 3
    endloop
  endfacet
  facet normal 0.481695 0.876339 0
    outer loop
      vertex -76.6075 -32.533 3
      vertex -76.2773 -32.7145 0
      vertex -76.6075 -32.533 0
    endloop
  endfacet
  facet normal 0.77048 0.637464 0
    outer loop
      vertex -77.1869 -32.0536 3
      vertex -77.427 -31.7634 0
      vertex -77.427 -31.7634 3
    endloop
  endfacet
  facet normal 0.77048 0.637464 0
    outer loop
      vertex -77.427 -31.7634 0
      vertex -77.1869 -32.0536 3
      vertex -77.1869 -32.0536 0
    endloop
  endfacet
  facet normal -0.844295 -0.535879 0
    outer loop
      vertex -72.3711 -13.5547 0
      vertex -72.573 -13.2366 3
      vertex -72.573 -13.2366 0
    endloop
  endfacet
  facet normal -0.844295 -0.535879 0
    outer loop
      vertex -72.573 -13.2366 3
      vertex -72.3711 -13.5547 0
      vertex -72.3711 -13.5547 3
    endloop
  endfacet
  facet normal -0.368139 -0.929771 0
    outer loop
      vertex -74.073 -12.1468 0
      vertex -73.7227 -12.2855 3
      vertex -74.073 -12.1468 3
    endloop
  endfacet
  facet normal -0.368139 -0.929771 -0
    outer loop
      vertex -73.7227 -12.2855 3
      vertex -74.073 -12.1468 0
      vertex -73.7227 -12.2855 0
    endloop
  endfacet
  facet normal 0.368139 -0.929771 0
    outer loop
      vertex -76.2773 -12.2855 0
      vertex -75.927 -12.1468 3
      vertex -76.2773 -12.2855 3
    endloop
  endfacet
  facet normal 0.368139 -0.929771 0
    outer loop
      vertex -75.927 -12.1468 3
      vertex -76.2773 -12.2855 0
      vertex -75.927 -12.1468 0
    endloop
  endfacet
  facet normal 0.904843 -0.425746 0
    outer loop
      vertex -77.7893 -13.8956 3
      vertex -77.6289 -13.5547 0
      vertex -77.6289 -13.5547 3
    endloop
  endfacet
  facet normal 0.904843 -0.425746 0
    outer loop
      vertex -77.6289 -13.5547 0
      vertex -77.7893 -13.8956 3
      vertex -77.7893 -13.8956 0
    endloop
  endfacet
  facet normal -0.982287 0.18738 0
    outer loop
      vertex -72.0943 -15.7461 0
      vertex -72.0237 -15.376 3
      vertex -72.0237 -15.376 0
    endloop
  endfacet
  facet normal -0.982287 0.18738 0
    outer loop
      vertex -72.0237 -15.376 3
      vertex -72.0943 -15.7461 0
      vertex -72.0943 -15.7461 3
    endloop
  endfacet
  facet normal -0.684594 -0.728924 0
    outer loop
      vertex -73.0877 -12.6885 0
      vertex -72.8131 -12.9464 3
      vertex -73.0877 -12.6885 3
    endloop
  endfacet
  facet normal -0.684594 -0.728924 -0
    outer loop
      vertex -72.8131 -12.9464 3
      vertex -73.0877 -12.6885 0
      vertex -72.8131 -12.9464 0
    endloop
  endfacet
  facet normal 0 -1 0
    outer loop
      vertex -75.1884 -12.0059 0
      vertex -74.8116 -12.0059 3
      vertex -75.1884 -12.0059 3
    endloop
  endfacet
  facet normal 0 -1 -0
    outer loop
      vertex -74.8116 -12.0059 3
      vertex -75.1884 -12.0059 0
      vertex -74.8116 -12.0059 0
    endloop
  endfacet
  facet normal -0.587872 -0.808954 0
    outer loop
      vertex -73.3925 -12.467 0
      vertex -73.0877 -12.6885 3
      vertex -73.3925 -12.467 3
    endloop
  endfacet
  facet normal -0.587872 -0.808954 -0
    outer loop
      vertex -73.0877 -12.6885 3
      vertex -73.3925 -12.467 0
      vertex -73.0877 -12.6885 0
    endloop
  endfacet
  facet normal 0.982287 -0.18738 0
    outer loop
      vertex -77.9763 -14.624 3
      vertex -77.9057 -14.2539 0
      vertex -77.9057 -14.2539 3
    endloop
  endfacet
  facet normal 0.982287 -0.18738 0
    outer loop
      vertex -77.9057 -14.2539 0
      vertex -77.9763 -14.624 3
      vertex -77.9763 -14.624 0
    endloop
  endfacet
  facet normal 0.77048 -0.637464 0
    outer loop
      vertex -77.427 -13.2366 3
      vertex -77.1869 -12.9464 0
      vertex -77.1869 -12.9464 3
    endloop
  endfacet
  facet normal 0.77048 -0.637464 0
    outer loop
      vertex -77.1869 -12.9464 0
      vertex -77.427 -13.2366 3
      vertex -77.427 -13.2366 0
    endloop
  endfacet
  facet normal 0.248714 -0.968577 0
    outer loop
      vertex -75.927 -12.1468 0
      vertex -75.5621 -12.0531 3
      vertex -75.927 -12.1468 3
    endloop
  endfacet
  facet normal 0.248714 -0.968577 0
    outer loop
      vertex -75.5621 -12.0531 3
      vertex -75.927 -12.1468 0
      vertex -75.5621 -12.0531 0
    endloop
  endfacet
  facet normal 0.684594 -0.728924 0
    outer loop
      vertex -77.1869 -12.9464 0
      vertex -76.9123 -12.6885 3
      vertex -77.1869 -12.9464 3
    endloop
  endfacet
  facet normal 0.684594 -0.728924 0
    outer loop
      vertex -76.9123 -12.6885 3
      vertex -77.1869 -12.9464 0
      vertex -76.9123 -12.6885 0
    endloop
  endfacet
  facet normal -0.998019 -0.0629071 0
    outer loop
      vertex -72 -15 0
      vertex -72.0237 -14.624 3
      vertex -72.0237 -14.624 0
    endloop
  endfacet
  facet normal -0.998019 -0.0629071 0
    outer loop
      vertex -72.0237 -14.624 3
      vertex -72 -15 0
      vertex -72 -15 3
    endloop
  endfacet
  facet normal -0.77048 -0.637464 0
    outer loop
      vertex -72.573 -13.2366 0
      vertex -72.8131 -12.9464 3
      vertex -72.8131 -12.9464 0
    endloop
  endfacet
  facet normal -0.77048 -0.637464 0
    outer loop
      vertex -72.8131 -12.9464 3
      vertex -72.573 -13.2366 0
      vertex -72.573 -13.2366 3
    endloop
  endfacet
  facet normal -0.248714 -0.968577 0
    outer loop
      vertex -74.4379 -12.0531 0
      vertex -74.073 -12.1468 3
      vertex -74.4379 -12.0531 3
    endloop
  endfacet
  facet normal -0.248714 -0.968577 -0
    outer loop
      vertex -74.073 -12.1468 3
      vertex -74.4379 -12.0531 0
      vertex -74.073 -12.1468 0
    endloop
  endfacet
  facet normal -0.125309 -0.992118 0
    outer loop
      vertex -74.8116 -12.0059 0
      vertex -74.4379 -12.0531 3
      vertex -74.8116 -12.0059 3
    endloop
  endfacet
  facet normal -0.125309 -0.992118 -0
    outer loop
      vertex -74.4379 -12.0531 3
      vertex -74.8116 -12.0059 0
      vertex -74.4379 -12.0531 0
    endloop
  endfacet
  facet normal -0.481695 -0.876339 0
    outer loop
      vertex -73.7227 -12.2855 0
      vertex -73.3925 -12.467 3
      vertex -73.7227 -12.2855 3
    endloop
  endfacet
  facet normal -0.481695 -0.876339 -0
    outer loop
      vertex -73.3925 -12.467 3
      vertex -73.7227 -12.2855 0
      vertex -73.3925 -12.467 0
    endloop
  endfacet
  facet normal 0.998019 -0.0629071 0
    outer loop
      vertex -78 -15 3
      vertex -77.9763 -14.624 0
      vertex -77.9763 -14.624 3
    endloop
  endfacet
  facet normal 0.998019 -0.0629071 0
    outer loop
      vertex -77.9763 -14.624 0
      vertex -78 -15 3
      vertex -78 -15 0
    endloop
  endfacet
  facet normal 0.951071 -0.308972 0
    outer loop
      vertex -77.9057 -14.2539 3
      vertex -77.7893 -13.8956 0
      vertex -77.7893 -13.8956 3
    endloop
  endfacet
  facet normal 0.951071 -0.308972 0
    outer loop
      vertex -77.7893 -13.8956 0
      vertex -77.9057 -14.2539 3
      vertex -77.9057 -14.2539 0
    endloop
  endfacet
  facet normal 0.844295 -0.535879 0
    outer loop
      vertex -77.6289 -13.5547 3
      vertex -77.427 -13.2366 0
      vertex -77.427 -13.2366 3
    endloop
  endfacet
  facet normal 0.844295 -0.535879 0
    outer loop
      vertex -77.427 -13.2366 0
      vertex -77.6289 -13.5547 3
      vertex -77.6289 -13.5547 0
    endloop
  endfacet
  facet normal 0.125309 -0.992118 0
    outer loop
      vertex -75.5621 -12.0531 0
      vertex -75.1884 -12.0059 3
      vertex -75.5621 -12.0531 3
    endloop
  endfacet
  facet normal 0.125309 -0.992118 0
    outer loop
      vertex -75.1884 -12.0059 3
      vertex -75.5621 -12.0531 0
      vertex -75.1884 -12.0059 0
    endloop
  endfacet
  facet normal 0.587872 -0.808954 0
    outer loop
      vertex -76.9123 -12.6885 0
      vertex -76.6075 -12.467 3
      vertex -76.9123 -12.6885 3
    endloop
  endfacet
  facet normal 0.587872 -0.808954 0
    outer loop
      vertex -76.6075 -12.467 3
      vertex -76.9123 -12.6885 0
      vertex -76.6075 -12.467 0
    endloop
  endfacet
  facet normal 0.481695 -0.876339 0
    outer loop
      vertex -76.6075 -12.467 0
      vertex -76.2773 -12.2855 3
      vertex -76.6075 -12.467 3
    endloop
  endfacet
  facet normal 0.481695 -0.876339 0
    outer loop
      vertex -76.2773 -12.2855 3
      vertex -76.6075 -12.467 0
      vertex -76.2773 -12.2855 0
    endloop
  endfacet
  facet normal -0.844295 0.535879 0
    outer loop
      vertex -72.573 -16.7634 0
      vertex -72.3711 -16.4453 3
      vertex -72.3711 -16.4453 0
    endloop
  endfacet
  facet normal -0.844295 0.535879 0
    outer loop
      vertex -72.3711 -16.4453 3
      vertex -72.573 -16.7634 0
      vertex -72.573 -16.7634 3
    endloop
  endfacet
  facet normal 0 1 -0
    outer loop
      vertex -74.8116 -17.9941 0
      vertex -75.1884 -17.9941 3
      vertex -74.8116 -17.9941 3
    endloop
  endfacet
  facet normal 0 1 0
    outer loop
      vertex -75.1884 -17.9941 3
      vertex -74.8116 -17.9941 0
      vertex -75.1884 -17.9941 0
    endloop
  endfacet
  facet normal 0.844295 0.535879 0
    outer loop
      vertex -77.427 -16.7634 3
      vertex -77.6289 -16.4453 0
      vertex -77.6289 -16.4453 3
    endloop
  endfacet
  facet normal 0.844295 0.535879 0
    outer loop
      vertex -77.6289 -16.4453 0
      vertex -77.427 -16.7634 3
      vertex -77.427 -16.7634 0
    endloop
  endfacet
  facet normal -0.481695 0.876339 0
    outer loop
      vertex -73.3925 -17.533 0
      vertex -73.7227 -17.7145 3
      vertex -73.3925 -17.533 3
    endloop
  endfacet
  facet normal -0.481695 0.876339 0
    outer loop
      vertex -73.7227 -17.7145 3
      vertex -73.3925 -17.533 0
      vertex -73.7227 -17.7145 0
    endloop
  endfacet
  facet normal -0.904843 -0.425746 0
    outer loop
      vertex -72.2107 -13.8956 0
      vertex -72.3711 -13.5547 3
      vertex -72.3711 -13.5547 0
    endloop
  endfacet
  facet normal -0.904843 -0.425746 0
    outer loop
      vertex -72.3711 -13.5547 3
      vertex -72.2107 -13.8956 0
      vertex -72.2107 -13.8956 3
    endloop
  endfacet
  facet normal -0.951071 -0.308972 0
    outer loop
      vertex -72.0943 -14.2539 0
      vertex -72.2107 -13.8956 3
      vertex -72.2107 -13.8956 0
    endloop
  endfacet
  facet normal -0.951071 -0.308972 0
    outer loop
      vertex -72.2107 -13.8956 3
      vertex -72.0943 -14.2539 0
      vertex -72.0943 -14.2539 3
    endloop
  endfacet
  facet normal -0.982287 -0.18738 0
    outer loop
      vertex -72.0237 -14.624 0
      vertex -72.0943 -14.2539 3
      vertex -72.0943 -14.2539 0
    endloop
  endfacet
  facet normal -0.982287 -0.18738 0
    outer loop
      vertex -72.0943 -14.2539 3
      vertex -72.0237 -14.624 0
      vertex -72.0237 -14.624 3
    endloop
  endfacet
  facet normal -0.998019 0.0629071 0
    outer loop
      vertex -72.0237 -15.376 0
      vertex -72 -15 3
      vertex -72 -15 0
    endloop
  endfacet
  facet normal -0.998019 0.0629071 0
    outer loop
      vertex -72 -15 3
      vertex -72.0237 -15.376 0
      vertex -72.0237 -15.376 3
    endloop
  endfacet
  facet normal -0.904843 0.425746 0
    outer loop
      vertex -72.3711 -16.4453 0
      vertex -72.2107 -16.1044 3
      vertex -72.2107 -16.1044 0
    endloop
  endfacet
  facet normal -0.904843 0.425746 0
    outer loop
      vertex -72.2107 -16.1044 3
      vertex -72.3711 -16.4453 0
      vertex -72.3711 -16.4453 3
    endloop
  endfacet
  facet normal -0.951071 0.308972 0
    outer loop
      vertex -72.2107 -16.1044 0
      vertex -72.0943 -15.7461 3
      vertex -72.0943 -15.7461 0
    endloop
  endfacet
  facet normal -0.951071 0.308972 0
    outer loop
      vertex -72.0943 -15.7461 3
      vertex -72.2107 -16.1044 0
      vertex -72.2107 -16.1044 3
    endloop
  endfacet
  facet normal -0.77048 0.637464 0
    outer loop
      vertex -72.8131 -17.0536 0
      vertex -72.573 -16.7634 3
      vertex -72.573 -16.7634 0
    endloop
  endfacet
  facet normal -0.77048 0.637464 0
    outer loop
      vertex -72.573 -16.7634 3
      vertex -72.8131 -17.0536 0
      vertex -72.8131 -17.0536 3
    endloop
  endfacet
  facet normal 0.125309 0.992118 -0
    outer loop
      vertex -75.1884 -17.9941 0
      vertex -75.5621 -17.9469 3
      vertex -75.1884 -17.9941 3
    endloop
  endfacet
  facet normal 0.125309 0.992118 0
    outer loop
      vertex -75.5621 -17.9469 3
      vertex -75.1884 -17.9941 0
      vertex -75.5621 -17.9469 0
    endloop
  endfacet
  facet normal 0.904843 0.425746 0
    outer loop
      vertex -77.6289 -16.4453 3
      vertex -77.7893 -16.1044 0
      vertex -77.7893 -16.1044 3
    endloop
  endfacet
  facet normal 0.904843 0.425746 0
    outer loop
      vertex -77.7893 -16.1044 0
      vertex -77.6289 -16.4453 3
      vertex -77.6289 -16.4453 0
    endloop
  endfacet
  facet normal 0.684594 0.728924 -0
    outer loop
      vertex -76.9123 -17.3115 0
      vertex -77.1869 -17.0536 3
      vertex -76.9123 -17.3115 3
    endloop
  endfacet
  facet normal 0.684594 0.728924 0
    outer loop
      vertex -77.1869 -17.0536 3
      vertex -76.9123 -17.3115 0
      vertex -77.1869 -17.0536 0
    endloop
  endfacet
  facet normal -0.368139 0.929771 0
    outer loop
      vertex -73.7227 -17.7145 0
      vertex -74.073 -17.8532 3
      vertex -73.7227 -17.7145 3
    endloop
  endfacet
  facet normal -0.368139 0.929771 0
    outer loop
      vertex -74.073 -17.8532 3
      vertex -73.7227 -17.7145 0
      vertex -74.073 -17.8532 0
    endloop
  endfacet
  facet normal -0.684594 0.728924 0
    outer loop
      vertex -72.8131 -17.0536 0
      vertex -73.0877 -17.3115 3
      vertex -72.8131 -17.0536 3
    endloop
  endfacet
  facet normal -0.684594 0.728924 0
    outer loop
      vertex -73.0877 -17.3115 3
      vertex -72.8131 -17.0536 0
      vertex -73.0877 -17.3115 0
    endloop
  endfacet
  facet normal -0.587872 0.808954 0
    outer loop
      vertex -73.0877 -17.3115 0
      vertex -73.3925 -17.533 3
      vertex -73.0877 -17.3115 3
    endloop
  endfacet
  facet normal -0.587872 0.808954 0
    outer loop
      vertex -73.3925 -17.533 3
      vertex -73.0877 -17.3115 0
      vertex -73.3925 -17.533 0
    endloop
  endfacet
  facet normal 0.587872 0.808954 -0
    outer loop
      vertex -76.6075 -17.533 0
      vertex -76.9123 -17.3115 3
      vertex -76.6075 -17.533 3
    endloop
  endfacet
  facet normal 0.587872 0.808954 0
    outer loop
      vertex -76.9123 -17.3115 3
      vertex -76.6075 -17.533 0
      vertex -76.9123 -17.3115 0
    endloop
  endfacet
  facet normal 0.368139 0.929771 -0
    outer loop
      vertex -75.927 -17.8532 0
      vertex -76.2773 -17.7145 3
      vertex -75.927 -17.8532 3
    endloop
  endfacet
  facet normal 0.368139 0.929771 0
    outer loop
      vertex -76.2773 -17.7145 3
      vertex -75.927 -17.8532 0
      vertex -76.2773 -17.7145 0
    endloop
  endfacet
  facet normal 0.248714 0.968577 -0
    outer loop
      vertex -75.5621 -17.9469 0
      vertex -75.927 -17.8532 3
      vertex -75.5621 -17.9469 3
    endloop
  endfacet
  facet normal 0.248714 0.968577 0
    outer loop
      vertex -75.927 -17.8532 3
      vertex -75.5621 -17.9469 0
      vertex -75.927 -17.8532 0
    endloop
  endfacet
  facet normal 0.998019 0.0629071 0
    outer loop
      vertex -77.9763 -15.376 3
      vertex -78 -15 0
      vertex -78 -15 3
    endloop
  endfacet
  facet normal 0.998019 0.0629071 0
    outer loop
      vertex -78 -15 0
      vertex -77.9763 -15.376 3
      vertex -77.9763 -15.376 0
    endloop
  endfacet
  facet normal -0.248714 0.968577 0
    outer loop
      vertex -74.073 -17.8532 0
      vertex -74.4379 -17.9469 3
      vertex -74.073 -17.8532 3
    endloop
  endfacet
  facet normal -0.248714 0.968577 0
    outer loop
      vertex -74.4379 -17.9469 3
      vertex -74.073 -17.8532 0
      vertex -74.4379 -17.9469 0
    endloop
  endfacet
  facet normal -0.125309 0.992118 0
    outer loop
      vertex -74.4379 -17.9469 0
      vertex -74.8116 -17.9941 3
      vertex -74.4379 -17.9469 3
    endloop
  endfacet
  facet normal -0.125309 0.992118 0
    outer loop
      vertex -74.8116 -17.9941 3
      vertex -74.4379 -17.9469 0
      vertex -74.8116 -17.9941 0
    endloop
  endfacet
  facet normal 0.481695 0.876339 -0
    outer loop
      vertex -76.2773 -17.7145 0
      vertex -76.6075 -17.533 3
      vertex -76.2773 -17.7145 3
    endloop
  endfacet
  facet normal 0.481695 0.876339 0
    outer loop
      vertex -76.6075 -17.533 3
      vertex -76.2773 -17.7145 0
      vertex -76.6075 -17.533 0
    endloop
  endfacet
  facet normal 0.951071 0.308972 0
    outer loop
      vertex -77.7893 -16.1044 3
      vertex -77.9057 -15.7461 0
      vertex -77.9057 -15.7461 3
    endloop
  endfacet
  facet normal 0.951071 0.308972 0
    outer loop
      vertex -77.9057 -15.7461 0
      vertex -77.7893 -16.1044 3
      vertex -77.7893 -16.1044 0
    endloop
  endfacet
  facet normal 0.982287 0.18738 0
    outer loop
      vertex -77.9057 -15.7461 3
      vertex -77.9763 -15.376 0
      vertex -77.9763 -15.376 3
    endloop
  endfacet
  facet normal 0.982287 0.18738 0
    outer loop
      vertex -77.9763 -15.376 0
      vertex -77.9057 -15.7461 3
      vertex -77.9057 -15.7461 0
    endloop
  endfacet
  facet normal 0.77048 0.637464 0
    outer loop
      vertex -77.1869 -17.0536 3
      vertex -77.427 -16.7634 0
      vertex -77.427 -16.7634 3
    endloop
  endfacet
  facet normal 0.77048 0.637464 0
    outer loop
      vertex -77.427 -16.7634 0
      vertex -77.1869 -17.0536 3
      vertex -77.1869 -17.0536 0
    endloop
  endfacet
  facet normal 0.951071 -0.308971 0
    outer loop
      vertex -77.9057 0.746069 3
      vertex -77.7893 1.10437 0
      vertex -77.7893 1.10437 3
    endloop
  endfacet
  facet normal 0.951071 -0.308971 0
    outer loop
      vertex -77.7893 1.10437 0
      vertex -77.9057 0.746069 3
      vertex -77.9057 0.746069 0
    endloop
  endfacet
  facet normal -0.844295 -0.535879 0
    outer loop
      vertex -72.3711 1.44526 0
      vertex -72.573 1.76336 3
      vertex -72.573 1.76336 0
    endloop
  endfacet
  facet normal -0.844295 -0.535879 0
    outer loop
      vertex -72.573 1.76336 3
      vertex -72.3711 1.44526 0
      vertex -72.3711 1.44526 3
    endloop
  endfacet
  facet normal -0.368116 -0.92978 0
    outer loop
      vertex -74.073 2.85317 0
      vertex -73.7227 2.71448 3
      vertex -74.073 2.85317 3
    endloop
  endfacet
  facet normal -0.368116 -0.92978 -0
    outer loop
      vertex -73.7227 2.71448 3
      vertex -74.073 2.85317 0
      vertex -73.7227 2.71448 0
    endloop
  endfacet
  facet normal 0.368116 -0.92978 0
    outer loop
      vertex -76.2773 2.71448 0
      vertex -75.927 2.85317 3
      vertex -76.2773 2.71448 3
    endloop
  endfacet
  facet normal 0.368116 -0.92978 0
    outer loop
      vertex -75.927 2.85317 3
      vertex -76.2773 2.71448 0
      vertex -75.927 2.85317 0
    endloop
  endfacet
  facet normal 0.904838 -0.425756 0
    outer loop
      vertex -77.7893 1.10437 3
      vertex -77.6289 1.44526 0
      vertex -77.6289 1.44526 3
    endloop
  endfacet
  facet normal 0.904838 -0.425756 0
    outer loop
      vertex -77.6289 1.44526 0
      vertex -77.7893 1.10437 3
      vertex -77.7893 1.10437 0
    endloop
  endfacet
  facet normal -0.998019 0.0629072 0
    outer loop
      vertex -72.0237 -0.375999 0
      vertex -72 0 3
      vertex -72 0 0
    endloop
  endfacet
  facet normal -0.998019 0.0629072 0
    outer loop
      vertex -72 0 3
      vertex -72.0237 -0.375999 0
      vertex -72.0237 -0.375999 3
    endloop
  endfacet
  facet normal -0.368116 0.92978 0
    outer loop
      vertex -73.7227 -2.71448 0
      vertex -74.073 -2.85317 3
      vertex -73.7227 -2.71448 3
    endloop
  endfacet
  facet normal -0.368116 0.92978 0
    outer loop
      vertex -74.073 -2.85317 3
      vertex -73.7227 -2.71448 0
      vertex -74.073 -2.85317 0
    endloop
  endfacet
  facet normal -0.982285 -0.187395 0
    outer loop
      vertex -72.0237 0.375999 0
      vertex -72.0943 0.746069 3
      vertex -72.0943 0.746069 0
    endloop
  endfacet
  facet normal -0.982285 -0.187395 0
    outer loop
      vertex -72.0943 0.746069 3
      vertex -72.0237 0.375999 0
      vertex -72.0237 0.375999 3
    endloop
  endfacet
  facet normal -0.684594 -0.728924 0
    outer loop
      vertex -73.0877 2.31154 0
      vertex -72.8131 2.05364 3
      vertex -73.0877 2.31154 3
    endloop
  endfacet
  facet normal -0.684594 -0.728924 -0
    outer loop
      vertex -72.8131 2.05364 3
      vertex -73.0877 2.31154 0
      vertex -72.8131 2.05364 0
    endloop
  endfacet
  facet normal 0 -1 0
    outer loop
      vertex -75.1884 2.99408 0
      vertex -74.8116 2.99408 3
      vertex -75.1884 2.99408 3
    endloop
  endfacet
  facet normal 0 -1 -0
    outer loop
      vertex -74.8116 2.99408 3
      vertex -75.1884 2.99408 0
      vertex -74.8116 2.99408 0
    endloop
  endfacet
  facet normal -0.587768 -0.80903 0
    outer loop
      vertex -73.3925 2.53298 0
      vertex -73.0877 2.31154 3
      vertex -73.3925 2.53298 3
    endloop
  endfacet
  facet normal -0.587768 -0.80903 -0
    outer loop
      vertex -73.0877 2.31154 3
      vertex -73.3925 2.53298 0
      vertex -73.0877 2.31154 0
    endloop
  endfacet
  facet normal 0.770566 -0.63736 0
    outer loop
      vertex -77.427 1.76336 3
      vertex -77.1869 2.05364 0
      vertex -77.1869 2.05364 3
    endloop
  endfacet
  facet normal 0.770566 -0.63736 0
    outer loop
      vertex -77.1869 2.05364 0
      vertex -77.427 1.76336 3
      vertex -77.427 1.76336 0
    endloop
  endfacet
  facet normal 0.684594 -0.728924 0
    outer loop
      vertex -77.1869 2.05364 0
      vertex -76.9123 2.31154 3
      vertex -77.1869 2.05364 3
    endloop
  endfacet
  facet normal 0.684594 -0.728924 0
    outer loop
      vertex -76.9123 2.31154 3
      vertex -77.1869 2.05364 0
      vertex -76.9123 2.31154 0
    endloop
  endfacet
  facet normal -0.998019 -0.0629072 0
    outer loop
      vertex -72 0 0
      vertex -72.0237 0.375999 3
      vertex -72.0237 0.375999 0
    endloop
  endfacet
  facet normal -0.998019 -0.0629072 0
    outer loop
      vertex -72.0237 0.375999 3
      vertex -72 0 0
      vertex -72 0 3
    endloop
  endfacet
  facet normal -0.248689 0.968583 0
    outer loop
      vertex -74.073 -2.85317 0
      vertex -74.4379 -2.94686 3
      vertex -74.073 -2.85317 3
    endloop
  endfacet
  facet normal -0.248689 0.968583 0
    outer loop
      vertex -74.4379 -2.94686 3
      vertex -74.073 -2.85317 0
      vertex -74.4379 -2.94686 0
    endloop
  endfacet
  facet normal -0.770566 -0.63736 0
    outer loop
      vertex -72.573 1.76336 0
      vertex -72.8131 2.05364 3
      vertex -72.8131 2.05364 0
    endloop
  endfacet
  facet normal -0.770566 -0.63736 0
    outer loop
      vertex -72.8131 2.05364 3
      vertex -72.573 1.76336 0
      vertex -72.573 1.76336 3
    endloop
  endfacet
  facet normal -0.248689 -0.968583 0
    outer loop
      vertex -74.4379 2.94686 0
      vertex -74.073 2.85317 3
      vertex -74.4379 2.94686 3
    endloop
  endfacet
  facet normal -0.248689 -0.968583 -0
    outer loop
      vertex -74.073 2.85317 3
      vertex -74.4379 2.94686 0
      vertex -74.073 2.85317 0
    endloop
  endfacet
  facet normal -0.125361 -0.992111 0
    outer loop
      vertex -74.8116 2.99408 0
      vertex -74.4379 2.94686 3
      vertex -74.8116 2.99408 3
    endloop
  endfacet
  facet normal -0.125361 -0.992111 -0
    outer loop
      vertex -74.4379 2.94686 3
      vertex -74.8116 2.99408 0
      vertex -74.4379 2.94686 0
    endloop
  endfacet
  facet normal -0.481695 -0.876339 0
    outer loop
      vertex -73.7227 2.71448 0
      vertex -73.3925 2.53298 3
      vertex -73.7227 2.71448 3
    endloop
  endfacet
  facet normal -0.481695 -0.876339 -0
    outer loop
      vertex -73.3925 2.53298 3
      vertex -73.7227 2.71448 0
      vertex -73.3925 2.53298 0
    endloop
  endfacet
  facet normal 0.998019 -0.0629072 0
    outer loop
      vertex -78 0 3
      vertex -77.9763 0.375999 0
      vertex -77.9763 0.375999 3
    endloop
  endfacet
  facet normal 0.998019 -0.0629072 0
    outer loop
      vertex -77.9763 0.375999 0
      vertex -78 0 3
      vertex -78 0 0
    endloop
  endfacet
  facet normal 0.982285 -0.187395 0
    outer loop
      vertex -77.9763 0.375999 3
      vertex -77.9057 0.746069 0
      vertex -77.9057 0.746069 3
    endloop
  endfacet
  facet normal 0.982285 -0.187395 0
    outer loop
      vertex -77.9057 0.746069 0
      vertex -77.9763 0.375999 3
      vertex -77.9763 0.375999 0
    endloop
  endfacet
  facet normal 0.844295 -0.535879 0
    outer loop
      vertex -77.6289 1.44526 3
      vertex -77.427 1.76336 0
      vertex -77.427 1.76336 3
    endloop
  endfacet
  facet normal 0.844295 -0.535879 0
    outer loop
      vertex -77.427 1.76336 0
      vertex -77.6289 1.44526 3
      vertex -77.6289 1.44526 0
    endloop
  endfacet
  facet normal 0.125361 -0.992111 0
    outer loop
      vertex -75.5621 2.94686 0
      vertex -75.1884 2.99408 3
      vertex -75.5621 2.94686 3
    endloop
  endfacet
  facet normal 0.125361 -0.992111 0
    outer loop
      vertex -75.1884 2.99408 3
      vertex -75.5621 2.94686 0
      vertex -75.1884 2.99408 0
    endloop
  endfacet
  facet normal 0.248689 -0.968583 0
    outer loop
      vertex -75.927 2.85317 0
      vertex -75.5621 2.94686 3
      vertex -75.927 2.85317 3
    endloop
  endfacet
  facet normal 0.248689 -0.968583 0
    outer loop
      vertex -75.5621 2.94686 3
      vertex -75.927 2.85317 0
      vertex -75.5621 2.94686 0
    endloop
  endfacet
  facet normal 0.481695 -0.876339 0
    outer loop
      vertex -76.6075 2.53298 0
      vertex -76.2773 2.71448 3
      vertex -76.6075 2.53298 3
    endloop
  endfacet
  facet normal 0.481695 -0.876339 0
    outer loop
      vertex -76.2773 2.71448 3
      vertex -76.6075 2.53298 0
      vertex -76.2773 2.71448 0
    endloop
  endfacet
  facet normal 0.587768 -0.80903 0
    outer loop
      vertex -76.9123 2.31154 0
      vertex -76.6075 2.53298 3
      vertex -76.9123 2.31154 3
    endloop
  endfacet
  facet normal 0.587768 -0.80903 0
    outer loop
      vertex -76.6075 2.53298 3
      vertex -76.9123 2.31154 0
      vertex -76.6075 2.53298 0
    endloop
  endfacet
  facet normal -0.982285 0.187395 0
    outer loop
      vertex -72.0943 -0.746069 0
      vertex -72.0237 -0.375999 3
      vertex -72.0237 -0.375999 0
    endloop
  endfacet
  facet normal -0.982285 0.187395 0
    outer loop
      vertex -72.0237 -0.375999 3
      vertex -72.0943 -0.746069 0
      vertex -72.0943 -0.746069 3
    endloop
  endfacet
  facet normal -0.125361 0.992111 0
    outer loop
      vertex -74.4379 -2.94686 0
      vertex -74.8116 -2.99408 3
      vertex -74.4379 -2.94686 3
    endloop
  endfacet
  facet normal -0.125361 0.992111 0
    outer loop
      vertex -74.8116 -2.99408 3
      vertex -74.4379 -2.94686 0
      vertex -74.8116 -2.99408 0
    endloop
  endfacet
  facet normal -0.904838 -0.425756 0
    outer loop
      vertex -72.2107 1.10437 0
      vertex -72.3711 1.44526 3
      vertex -72.3711 1.44526 0
    endloop
  endfacet
  facet normal -0.904838 -0.425756 0
    outer loop
      vertex -72.3711 1.44526 3
      vertex -72.2107 1.10437 0
      vertex -72.2107 1.10437 3
    endloop
  endfacet
  facet normal -0.951071 -0.308971 0
    outer loop
      vertex -72.0943 0.746069 0
      vertex -72.2107 1.10437 3
      vertex -72.2107 1.10437 0
    endloop
  endfacet
  facet normal -0.951071 -0.308971 0
    outer loop
      vertex -72.2107 1.10437 3
      vertex -72.0943 0.746069 0
      vertex -72.0943 0.746069 3
    endloop
  endfacet
  facet normal -0.481695 0.876339 0
    outer loop
      vertex -73.3925 -2.53298 0
      vertex -73.7227 -2.71448 3
      vertex -73.3925 -2.53298 3
    endloop
  endfacet
  facet normal -0.481695 0.876339 0
    outer loop
      vertex -73.7227 -2.71448 3
      vertex -73.3925 -2.53298 0
      vertex -73.7227 -2.71448 0
    endloop
  endfacet
  facet normal -0.684594 0.728924 0
    outer loop
      vertex -72.8131 -2.05364 0
      vertex -73.0877 -2.31154 3
      vertex -72.8131 -2.05364 3
    endloop
  endfacet
  facet normal -0.684594 0.728924 0
    outer loop
      vertex -73.0877 -2.31154 3
      vertex -72.8131 -2.05364 0
      vertex -73.0877 -2.31154 0
    endloop
  endfacet
  facet normal -0.770566 0.63736 0
    outer loop
      vertex -72.8131 -2.05364 0
      vertex -72.573 -1.76336 3
      vertex -72.573 -1.76336 0
    endloop
  endfacet
  facet normal -0.770566 0.63736 0
    outer loop
      vertex -72.573 -1.76336 3
      vertex -72.8131 -2.05364 0
      vertex -72.8131 -2.05364 3
    endloop
  endfacet
  facet normal 0 1 -0
    outer loop
      vertex -74.8116 -2.99408 0
      vertex -75.1884 -2.99408 3
      vertex -74.8116 -2.99408 3
    endloop
  endfacet
  facet normal 0 1 0
    outer loop
      vertex -75.1884 -2.99408 3
      vertex -74.8116 -2.99408 0
      vertex -75.1884 -2.99408 0
    endloop
  endfacet
  facet normal 0.998019 0.0629072 0
    outer loop
      vertex -77.9763 -0.375999 3
      vertex -78 0 0
      vertex -78 0 3
    endloop
  endfacet
  facet normal 0.998019 0.0629072 0
    outer loop
      vertex -78 0 0
      vertex -77.9763 -0.375999 3
      vertex -77.9763 -0.375999 0
    endloop
  endfacet
  facet normal 0.904838 0.425756 0
    outer loop
      vertex -77.6289 -1.44526 3
      vertex -77.7893 -1.10437 0
      vertex -77.7893 -1.10437 3
    endloop
  endfacet
  facet normal 0.904838 0.425756 0
    outer loop
      vertex -77.7893 -1.10437 0
      vertex -77.6289 -1.44526 3
      vertex -77.6289 -1.44526 0
    endloop
  endfacet
  facet normal 0.951071 0.308971 0
    outer loop
      vertex -77.7893 -1.10437 3
      vertex -77.9057 -0.746069 0
      vertex -77.9057 -0.746069 3
    endloop
  endfacet
  facet normal 0.951071 0.308971 0
    outer loop
      vertex -77.9057 -0.746069 0
      vertex -77.7893 -1.10437 3
      vertex -77.7893 -1.10437 0
    endloop
  endfacet
  facet normal 0.684594 0.728924 -0
    outer loop
      vertex -76.9123 -2.31154 0
      vertex -77.1869 -2.05364 3
      vertex -76.9123 -2.31154 3
    endloop
  endfacet
  facet normal 0.684594 0.728924 0
    outer loop
      vertex -77.1869 -2.05364 3
      vertex -76.9123 -2.31154 0
      vertex -77.1869 -2.05364 0
    endloop
  endfacet
  facet normal -0.951071 0.308971 0
    outer loop
      vertex -72.2107 -1.10437 0
      vertex -72.0943 -0.746069 3
      vertex -72.0943 -0.746069 0
    endloop
  endfacet
  facet normal -0.951071 0.308971 0
    outer loop
      vertex -72.0943 -0.746069 3
      vertex -72.2107 -1.10437 0
      vertex -72.2107 -1.10437 3
    endloop
  endfacet
  facet normal -0.904838 0.425756 0
    outer loop
      vertex -72.3711 -1.44526 0
      vertex -72.2107 -1.10437 3
      vertex -72.2107 -1.10437 0
    endloop
  endfacet
  facet normal -0.904838 0.425756 0
    outer loop
      vertex -72.2107 -1.10437 3
      vertex -72.3711 -1.44526 0
      vertex -72.3711 -1.44526 3
    endloop
  endfacet
  facet normal -0.587768 0.80903 0
    outer loop
      vertex -73.0877 -2.31154 0
      vertex -73.3925 -2.53298 3
      vertex -73.0877 -2.31154 3
    endloop
  endfacet
  facet normal -0.587768 0.80903 0
    outer loop
      vertex -73.3925 -2.53298 3
      vertex -73.0877 -2.31154 0
      vertex -73.3925 -2.53298 0
    endloop
  endfacet
  facet normal -0.844295 0.535879 0
    outer loop
      vertex -72.573 -1.76336 0
      vertex -72.3711 -1.44526 3
      vertex -72.3711 -1.44526 0
    endloop
  endfacet
  facet normal -0.844295 0.535879 0
    outer loop
      vertex -72.3711 -1.44526 3
      vertex -72.573 -1.76336 0
      vertex -72.573 -1.76336 3
    endloop
  endfacet
  facet normal 0.587768 0.80903 -0
    outer loop
      vertex -76.6075 -2.53298 0
      vertex -76.9123 -2.31154 3
      vertex -76.6075 -2.53298 3
    endloop
  endfacet
  facet normal 0.587768 0.80903 0
    outer loop
      vertex -76.9123 -2.31154 3
      vertex -76.6075 -2.53298 0
      vertex -76.9123 -2.31154 0
    endloop
  endfacet
  facet normal 0.248689 0.968583 -0
    outer loop
      vertex -75.5621 -2.94686 0
      vertex -75.927 -2.85317 3
      vertex -75.5621 -2.94686 3
    endloop
  endfacet
  facet normal 0.248689 0.968583 0
    outer loop
      vertex -75.927 -2.85317 3
      vertex -75.5621 -2.94686 0
      vertex -75.927 -2.85317 0
    endloop
  endfacet
  facet normal 0.982285 0.187395 0
    outer loop
      vertex -77.9057 -0.746069 3
      vertex -77.9763 -0.375999 0
      vertex -77.9763 -0.375999 3
    endloop
  endfacet
  facet normal 0.982285 0.187395 0
    outer loop
      vertex -77.9763 -0.375999 0
      vertex -77.9057 -0.746069 3
      vertex -77.9057 -0.746069 0
    endloop
  endfacet
  facet normal 0.844295 0.535879 0
    outer loop
      vertex -77.427 -1.76336 3
      vertex -77.6289 -1.44526 0
      vertex -77.6289 -1.44526 3
    endloop
  endfacet
  facet normal 0.844295 0.535879 0
    outer loop
      vertex -77.6289 -1.44526 0
      vertex -77.427 -1.76336 3
      vertex -77.427 -1.76336 0
    endloop
  endfacet
  facet normal 0.481695 0.876339 -0
    outer loop
      vertex -76.2773 -2.71448 0
      vertex -76.6075 -2.53298 3
      vertex -76.2773 -2.71448 3
    endloop
  endfacet
  facet normal 0.481695 0.876339 0
    outer loop
      vertex -76.6075 -2.53298 3
      vertex -76.2773 -2.71448 0
      vertex -76.6075 -2.53298 0
    endloop
  endfacet
  facet normal 0.368116 0.92978 -0
    outer loop
      vertex -75.927 -2.85317 0
      vertex -76.2773 -2.71448 3
      vertex -75.927 -2.85317 3
    endloop
  endfacet
  facet normal 0.368116 0.92978 0
    outer loop
      vertex -76.2773 -2.71448 3
      vertex -75.927 -2.85317 0
      vertex -76.2773 -2.71448 0
    endloop
  endfacet
  facet normal 0.125361 0.992111 -0
    outer loop
      vertex -75.1884 -2.99408 0
      vertex -75.5621 -2.94686 3
      vertex -75.1884 -2.99408 3
    endloop
  endfacet
  facet normal 0.125361 0.992111 0
    outer loop
      vertex -75.5621 -2.94686 3
      vertex -75.1884 -2.99408 0
      vertex -75.5621 -2.94686 0
    endloop
  endfacet
  facet normal 0.770566 0.63736 0
    outer loop
      vertex -77.1869 -2.05364 3
      vertex -77.427 -1.76336 0
      vertex -77.427 -1.76336 3
    endloop
  endfacet
  facet normal 0.770566 0.63736 0
    outer loop
      vertex -77.427 -1.76336 0
      vertex -77.1869 -2.05364 3
      vertex -77.1869 -2.05364 0
    endloop
  endfacet
  facet normal 0.951071 -0.308972 0
    outer loop
      vertex -77.9057 15.7461 3
      vertex -77.7893 16.1044 0
      vertex -77.7893 16.1044 3
    endloop
  endfacet
  facet normal 0.951071 -0.308972 0
    outer loop
      vertex -77.7893 16.1044 0
      vertex -77.9057 15.7461 3
      vertex -77.9057 15.7461 0
    endloop
  endfacet
  facet normal -0.844295 -0.535879 0
    outer loop
      vertex -72.3711 16.4453 0
      vertex -72.573 16.7634 3
      vertex -72.573 16.7634 0
    endloop
  endfacet
  facet normal -0.844295 -0.535879 0
    outer loop
      vertex -72.573 16.7634 3
      vertex -72.3711 16.4453 0
      vertex -72.3711 16.4453 3
    endloop
  endfacet
  facet normal -0.368139 -0.929771 0
    outer loop
      vertex -74.073 17.8532 0
      vertex -73.7227 17.7145 3
      vertex -74.073 17.8532 3
    endloop
  endfacet
  facet normal -0.368139 -0.929771 -0
    outer loop
      vertex -73.7227 17.7145 3
      vertex -74.073 17.8532 0
      vertex -73.7227 17.7145 0
    endloop
  endfacet
  facet normal 0.368139 -0.929771 0
    outer loop
      vertex -76.2773 17.7145 0
      vertex -75.927 17.8532 3
      vertex -76.2773 17.7145 3
    endloop
  endfacet
  facet normal 0.368139 -0.929771 0
    outer loop
      vertex -75.927 17.8532 3
      vertex -76.2773 17.7145 0
      vertex -75.927 17.8532 0
    endloop
  endfacet
  facet normal 0.904843 -0.425746 0
    outer loop
      vertex -77.7893 16.1044 3
      vertex -77.6289 16.4453 0
      vertex -77.6289 16.4453 3
    endloop
  endfacet
  facet normal 0.904843 -0.425746 0
    outer loop
      vertex -77.6289 16.4453 0
      vertex -77.7893 16.1044 3
      vertex -77.7893 16.1044 0
    endloop
  endfacet
  facet normal -0.998019 0.0629071 0
    outer loop
      vertex -72.0237 14.624 0
      vertex -72 15 3
      vertex -72 15 0
    endloop
  endfacet
  facet normal -0.998019 0.0629071 0
    outer loop
      vertex -72 15 3
      vertex -72.0237 14.624 0
      vertex -72.0237 14.624 3
    endloop
  endfacet
  facet normal -0.481695 0.876339 0
    outer loop
      vertex -73.3925 12.467 0
      vertex -73.7227 12.2855 3
      vertex -73.3925 12.467 3
    endloop
  endfacet
  facet normal -0.481695 0.876339 0
    outer loop
      vertex -73.7227 12.2855 3
      vertex -73.3925 12.467 0
      vertex -73.7227 12.2855 0
    endloop
  endfacet
  facet normal -0.982287 -0.18738 0
    outer loop
      vertex -72.0237 15.376 0
      vertex -72.0943 15.7461 3
      vertex -72.0943 15.7461 0
    endloop
  endfacet
  facet normal -0.982287 -0.18738 0
    outer loop
      vertex -72.0943 15.7461 3
      vertex -72.0237 15.376 0
      vertex -72.0237 15.376 3
    endloop
  endfacet
  facet normal -0.684594 -0.728924 0
    outer loop
      vertex -73.0877 17.3115 0
      vertex -72.8131 17.0536 3
      vertex -73.0877 17.3115 3
    endloop
  endfacet
  facet normal -0.684594 -0.728924 -0
    outer loop
      vertex -72.8131 17.0536 3
      vertex -73.0877 17.3115 0
      vertex -72.8131 17.0536 0
    endloop
  endfacet
  facet normal 0 -1 0
    outer loop
      vertex -75.1884 17.9941 0
      vertex -74.8116 17.9941 3
      vertex -75.1884 17.9941 3
    endloop
  endfacet
  facet normal 0 -1 -0
    outer loop
      vertex -74.8116 17.9941 3
      vertex -75.1884 17.9941 0
      vertex -74.8116 17.9941 0
    endloop
  endfacet
  facet normal -0.587872 -0.808954 0
    outer loop
      vertex -73.3925 17.533 0
      vertex -73.0877 17.3115 3
      vertex -73.3925 17.533 3
    endloop
  endfacet
  facet normal -0.587872 -0.808954 -0
    outer loop
      vertex -73.0877 17.3115 3
      vertex -73.3925 17.533 0
      vertex -73.0877 17.3115 0
    endloop
  endfacet
  facet normal 0.77048 -0.637464 0
    outer loop
      vertex -77.427 16.7634 3
      vertex -77.1869 17.0536 0
      vertex -77.1869 17.0536 3
    endloop
  endfacet
  facet normal 0.77048 -0.637464 0
    outer loop
      vertex -77.1869 17.0536 0
      vertex -77.427 16.7634 3
      vertex -77.427 16.7634 0
    endloop
  endfacet
  facet normal 0.684594 -0.728924 0
    outer loop
      vertex -77.1869 17.0536 0
      vertex -76.9123 17.3115 3
      vertex -77.1869 17.0536 3
    endloop
  endfacet
  facet normal 0.684594 -0.728924 0
    outer loop
      vertex -76.9123 17.3115 3
      vertex -77.1869 17.0536 0
      vertex -76.9123 17.3115 0
    endloop
  endfacet
  facet normal -0.998019 -0.0629071 0
    outer loop
      vertex -72 15 0
      vertex -72.0237 15.376 3
      vertex -72.0237 15.376 0
    endloop
  endfacet
  facet normal -0.998019 -0.0629071 0
    outer loop
      vertex -72.0237 15.376 3
      vertex -72 15 0
      vertex -72 15 3
    endloop
  endfacet
  facet normal -0.904843 0.425746 0
    outer loop
      vertex -72.3711 13.5547 0
      vertex -72.2107 13.8956 3
      vertex -72.2107 13.8956 0
    endloop
  endfacet
  facet normal -0.904843 0.425746 0
    outer loop
      vertex -72.2107 13.8956 3
      vertex -72.3711 13.5547 0
      vertex -72.3711 13.5547 3
    endloop
  endfacet
  facet normal -0.368139 0.929771 0
    outer loop
      vertex -73.7227 12.2855 0
      vertex -74.073 12.1468 3
      vertex -73.7227 12.2855 3
    endloop
  endfacet
  facet normal -0.368139 0.929771 0
    outer loop
      vertex -74.073 12.1468 3
      vertex -73.7227 12.2855 0
      vertex -74.073 12.1468 0
    endloop
  endfacet
  facet normal -0.587872 0.808954 0
    outer loop
      vertex -73.0877 12.6885 0
      vertex -73.3925 12.467 3
      vertex -73.0877 12.6885 3
    endloop
  endfacet
  facet normal -0.587872 0.808954 0
    outer loop
      vertex -73.3925 12.467 3
      vertex -73.0877 12.6885 0
      vertex -73.3925 12.467 0
    endloop
  endfacet
  facet normal -0.77048 -0.637464 0
    outer loop
      vertex -72.573 16.7634 0
      vertex -72.8131 17.0536 3
      vertex -72.8131 17.0536 0
    endloop
  endfacet
  facet normal -0.77048 -0.637464 0
    outer loop
      vertex -72.8131 17.0536 3
      vertex -72.573 16.7634 0
      vertex -72.573 16.7634 3
    endloop
  endfacet
  facet normal -0.248714 -0.968577 0
    outer loop
      vertex -74.4379 17.9469 0
      vertex -74.073 17.8532 3
      vertex -74.4379 17.9469 3
    endloop
  endfacet
  facet normal -0.248714 -0.968577 -0
    outer loop
      vertex -74.073 17.8532 3
      vertex -74.4379 17.9469 0
      vertex -74.073 17.8532 0
    endloop
  endfacet
  facet normal -0.125309 -0.992118 0
    outer loop
      vertex -74.8116 17.9941 0
      vertex -74.4379 17.9469 3
      vertex -74.8116 17.9941 3
    endloop
  endfacet
  facet normal -0.125309 -0.992118 -0
    outer loop
      vertex -74.4379 17.9469 3
      vertex -74.8116 17.9941 0
      vertex -74.4379 17.9469 0
    endloop
  endfacet
  facet normal 0.998019 -0.0629071 0
    outer loop
      vertex -78 15 3
      vertex -77.9763 15.376 0
      vertex -77.9763 15.376 3
    endloop
  endfacet
  facet normal 0.998019 -0.0629071 0
    outer loop
      vertex -77.9763 15.376 0
      vertex -78 15 3
      vertex -78 15 0
    endloop
  endfacet
  facet normal 0.844295 -0.535879 0
    outer loop
      vertex -77.6289 16.4453 3
      vertex -77.427 16.7634 0
      vertex -77.427 16.7634 3
    endloop
  endfacet
  facet normal 0.844295 -0.535879 0
    outer loop
      vertex -77.427 16.7634 0
      vertex -77.6289 16.4453 3
      vertex -77.6289 16.4453 0
    endloop
  endfacet
  facet normal 0.125309 -0.992118 0
    outer loop
      vertex -75.5621 17.9469 0
      vertex -75.1884 17.9941 3
      vertex -75.5621 17.9469 3
    endloop
  endfacet
  facet normal 0.125309 -0.992118 0
    outer loop
      vertex -75.1884 17.9941 3
      vertex -75.5621 17.9469 0
      vertex -75.1884 17.9941 0
    endloop
  endfacet
  facet normal 0.248714 -0.968577 0
    outer loop
      vertex -75.927 17.8532 0
      vertex -75.5621 17.9469 3
      vertex -75.927 17.8532 3
    endloop
  endfacet
  facet normal 0.248714 -0.968577 0
    outer loop
      vertex -75.5621 17.9469 3
      vertex -75.927 17.8532 0
      vertex -75.5621 17.9469 0
    endloop
  endfacet
  facet normal 0.481695 -0.876339 0
    outer loop
      vertex -76.6075 17.533 0
      vertex -76.2773 17.7145 3
      vertex -76.6075 17.533 3
    endloop
  endfacet
  facet normal 0.481695 -0.876339 0
    outer loop
      vertex -76.2773 17.7145 3
      vertex -76.6075 17.533 0
      vertex -76.2773 17.7145 0
    endloop
  endfacet
  facet normal 0.587872 -0.808954 0
    outer loop
      vertex -76.9123 17.3115 0
      vertex -76.6075 17.533 3
      vertex -76.9123 17.3115 3
    endloop
  endfacet
  facet normal 0.587872 -0.808954 0
    outer loop
      vertex -76.6075 17.533 3
      vertex -76.9123 17.3115 0
      vertex -76.6075 17.533 0
    endloop
  endfacet
  facet normal -0.982287 0.18738 0
    outer loop
      vertex -72.0943 14.2539 0
      vertex -72.0237 14.624 3
      vertex -72.0237 14.624 0
    endloop
  endfacet
  facet normal -0.982287 0.18738 0
    outer loop
      vertex -72.0237 14.624 3
      vertex -72.0943 14.2539 0
      vertex -72.0943 14.2539 3
    endloop
  endfacet
  facet normal -0.125309 0.992118 0
    outer loop
      vertex -74.4379 12.0531 0
      vertex -74.8116 12.0059 3
      vertex -74.4379 12.0531 3
    endloop
  endfacet
  facet normal -0.125309 0.992118 0
    outer loop
      vertex -74.8116 12.0059 3
      vertex -74.4379 12.0531 0
      vertex -74.8116 12.0059 0
    endloop
  endfacet
  facet normal -0.904843 -0.425746 0
    outer loop
      vertex -72.2107 16.1044 0
      vertex -72.3711 16.4453 3
      vertex -72.3711 16.4453 0
    endloop
  endfacet
  facet normal -0.904843 -0.425746 0
    outer loop
      vertex -72.3711 16.4453 3
      vertex -72.2107 16.1044 0
      vertex -72.2107 16.1044 3
    endloop
  endfacet
  facet normal -0.951071 -0.308972 0
    outer loop
      vertex -72.0943 15.7461 0
      vertex -72.2107 16.1044 3
      vertex -72.2107 16.1044 0
    endloop
  endfacet
  facet normal -0.951071 -0.308972 0
    outer loop
      vertex -72.2107 16.1044 3
      vertex -72.0943 15.7461 0
      vertex -72.0943 15.7461 3
    endloop
  endfacet
  facet normal -0.481695 -0.876339 0
    outer loop
      vertex -73.7227 17.7145 0
      vertex -73.3925 17.533 3
      vertex -73.7227 17.7145 3
    endloop
  endfacet
  facet normal -0.481695 -0.876339 -0
    outer loop
      vertex -73.3925 17.533 3
      vertex -73.7227 17.7145 0
      vertex -73.3925 17.533 0
    endloop
  endfacet
  facet normal 0.982287 -0.18738 0
    outer loop
      vertex -77.9763 15.376 3
      vertex -77.9057 15.7461 0
      vertex -77.9057 15.7461 3
    endloop
  endfacet
  facet normal 0.982287 -0.18738 0
    outer loop
      vertex -77.9057 15.7461 0
      vertex -77.9763 15.376 3
      vertex -77.9763 15.376 0
    endloop
  endfacet
  facet normal -0.684594 0.728924 0
    outer loop
      vertex -72.8131 12.9464 0
      vertex -73.0877 12.6885 3
      vertex -72.8131 12.9464 3
    endloop
  endfacet
  facet normal -0.684594 0.728924 0
    outer loop
      vertex -73.0877 12.6885 3
      vertex -72.8131 12.9464 0
      vertex -73.0877 12.6885 0
    endloop
  endfacet
  facet normal -0.844295 0.535879 0
    outer loop
      vertex -72.573 13.2366 0
      vertex -72.3711 13.5547 3
      vertex -72.3711 13.5547 0
    endloop
  endfacet
  facet normal -0.844295 0.535879 0
    outer loop
      vertex -72.3711 13.5547 3
      vertex -72.573 13.2366 0
      vertex -72.573 13.2366 3
    endloop
  endfacet
  facet normal 0 1 -0
    outer loop
      vertex -74.8116 12.0059 0
      vertex -75.1884 12.0059 3
      vertex -74.8116 12.0059 3
    endloop
  endfacet
  facet normal 0 1 0
    outer loop
      vertex -75.1884 12.0059 3
      vertex -74.8116 12.0059 0
      vertex -75.1884 12.0059 0
    endloop
  endfacet
  facet normal 0.998019 0.0629071 0
    outer loop
      vertex -77.9763 14.624 3
      vertex -78 15 0
      vertex -78 15 3
    endloop
  endfacet
  facet normal 0.998019 0.0629071 0
    outer loop
      vertex -78 15 0
      vertex -77.9763 14.624 3
      vertex -77.9763 14.624 0
    endloop
  endfacet
  facet normal 0.904843 0.425746 0
    outer loop
      vertex -77.6289 13.5547 3
      vertex -77.7893 13.8956 0
      vertex -77.7893 13.8956 3
    endloop
  endfacet
  facet normal 0.904843 0.425746 0
    outer loop
      vertex -77.7893 13.8956 0
      vertex -77.6289 13.5547 3
      vertex -77.6289 13.5547 0
    endloop
  endfacet
  facet normal 0.951071 0.308972 0
    outer loop
      vertex -77.7893 13.8956 3
      vertex -77.9057 14.2539 0
      vertex -77.9057 14.2539 3
    endloop
  endfacet
  facet normal 0.951071 0.308972 0
    outer loop
      vertex -77.9057 14.2539 0
      vertex -77.7893 13.8956 3
      vertex -77.7893 13.8956 0
    endloop
  endfacet
  facet normal 0.684594 0.728924 -0
    outer loop
      vertex -76.9123 12.6885 0
      vertex -77.1869 12.9464 3
      vertex -76.9123 12.6885 3
    endloop
  endfacet
  facet normal 0.684594 0.728924 0
    outer loop
      vertex -77.1869 12.9464 3
      vertex -76.9123 12.6885 0
      vertex -77.1869 12.9464 0
    endloop
  endfacet
  facet normal -0.951071 0.308972 0
    outer loop
      vertex -72.2107 13.8956 0
      vertex -72.0943 14.2539 3
      vertex -72.0943 14.2539 0
    endloop
  endfacet
  facet normal -0.951071 0.308972 0
    outer loop
      vertex -72.0943 14.2539 3
      vertex -72.2107 13.8956 0
      vertex -72.2107 13.8956 3
    endloop
  endfacet
  facet normal 0.587872 0.808954 -0
    outer loop
      vertex -76.6075 12.467 0
      vertex -76.9123 12.6885 3
      vertex -76.6075 12.467 3
    endloop
  endfacet
  facet normal 0.587872 0.808954 0
    outer loop
      vertex -76.9123 12.6885 3
      vertex -76.6075 12.467 0
      vertex -76.9123 12.6885 0
    endloop
  endfacet
  facet normal 0.125309 0.992118 -0
    outer loop
      vertex -75.1884 12.0059 0
      vertex -75.5621 12.0531 3
      vertex -75.1884 12.0059 3
    endloop
  endfacet
  facet normal 0.125309 0.992118 0
    outer loop
      vertex -75.5621 12.0531 3
      vertex -75.1884 12.0059 0
      vertex -75.5621 12.0531 0
    endloop
  endfacet
  facet normal 0.248714 0.968577 -0
    outer loop
      vertex -75.5621 12.0531 0
      vertex -75.927 12.1468 3
      vertex -75.5621 12.0531 3
    endloop
  endfacet
  facet normal 0.248714 0.968577 0
    outer loop
      vertex -75.927 12.1468 3
      vertex -75.5621 12.0531 0
      vertex -75.927 12.1468 0
    endloop
  endfacet
  facet normal 0.982287 0.18738 0
    outer loop
      vertex -77.9057 14.2539 3
      vertex -77.9763 14.624 0
      vertex -77.9763 14.624 3
    endloop
  endfacet
  facet normal 0.982287 0.18738 0
    outer loop
      vertex -77.9763 14.624 0
      vertex -77.9057 14.2539 3
      vertex -77.9057 14.2539 0
    endloop
  endfacet
  facet normal 0.77048 0.637464 0
    outer loop
      vertex -77.1869 12.9464 3
      vertex -77.427 13.2366 0
      vertex -77.427 13.2366 3
    endloop
  endfacet
  facet normal 0.77048 0.637464 0
    outer loop
      vertex -77.427 13.2366 0
      vertex -77.1869 12.9464 3
      vertex -77.1869 12.9464 0
    endloop
  endfacet
  facet normal 0.844295 0.535879 0
    outer loop
      vertex -77.427 13.2366 3
      vertex -77.6289 13.5547 0
      vertex -77.6289 13.5547 3
    endloop
  endfacet
  facet normal 0.844295 0.535879 0
    outer loop
      vertex -77.6289 13.5547 0
      vertex -77.427 13.2366 3
      vertex -77.427 13.2366 0
    endloop
  endfacet
  facet normal -0.248714 0.968577 0
    outer loop
      vertex -74.073 12.1468 0
      vertex -74.4379 12.0531 3
      vertex -74.073 12.1468 3
    endloop
  endfacet
  facet normal -0.248714 0.968577 0
    outer loop
      vertex -74.4379 12.0531 3
      vertex -74.073 12.1468 0
      vertex -74.4379 12.0531 0
    endloop
  endfacet
  facet normal -0.77048 0.637464 0
    outer loop
      vertex -72.8131 12.9464 0
      vertex -72.573 13.2366 3
      vertex -72.573 13.2366 0
    endloop
  endfacet
  facet normal -0.77048 0.637464 0
    outer loop
      vertex -72.573 13.2366 3
      vertex -72.8131 12.9464 0
      vertex -72.8131 12.9464 3
    endloop
  endfacet
  facet normal 0.481695 0.876339 -0
    outer loop
      vertex -76.2773 12.2855 0
      vertex -76.6075 12.467 3
      vertex -76.2773 12.2855 3
    endloop
  endfacet
  facet normal 0.481695 0.876339 0
    outer loop
      vertex -76.6075 12.467 3
      vertex -76.2773 12.2855 0
      vertex -76.6075 12.467 0
    endloop
  endfacet
  facet normal 0.368139 0.929771 -0
    outer loop
      vertex -75.927 12.1468 0
      vertex -76.2773 12.2855 3
      vertex -75.927 12.1468 3
    endloop
  endfacet
  facet normal 0.368139 0.929771 0
    outer loop
      vertex -76.2773 12.2855 3
      vertex -75.927 12.1468 0
      vertex -76.2773 12.2855 0
    endloop
  endfacet
  facet normal 0.951071 -0.308972 0
    outer loop
      vertex -77.9057 30.7461 3
      vertex -77.7893 31.1044 0
      vertex -77.7893 31.1044 3
    endloop
  endfacet
  facet normal 0.951071 -0.308972 0
    outer loop
      vertex -77.7893 31.1044 0
      vertex -77.9057 30.7461 3
      vertex -77.9057 30.7461 0
    endloop
  endfacet
  facet normal -0.844295 -0.535879 0
    outer loop
      vertex -72.3711 31.4453 0
      vertex -72.573 31.7634 3
      vertex -72.573 31.7634 0
    endloop
  endfacet
  facet normal -0.844295 -0.535879 0
    outer loop
      vertex -72.573 31.7634 3
      vertex -72.3711 31.4453 0
      vertex -72.3711 31.4453 3
    endloop
  endfacet
  facet normal -0.368139 -0.929771 0
    outer loop
      vertex -74.073 32.8532 0
      vertex -73.7227 32.7145 3
      vertex -74.073 32.8532 3
    endloop
  endfacet
  facet normal -0.368139 -0.929771 -0
    outer loop
      vertex -73.7227 32.7145 3
      vertex -74.073 32.8532 0
      vertex -73.7227 32.7145 0
    endloop
  endfacet
  facet normal 0.368139 -0.929771 0
    outer loop
      vertex -76.2773 32.7145 0
      vertex -75.927 32.8532 3
      vertex -76.2773 32.7145 3
    endloop
  endfacet
  facet normal 0.368139 -0.929771 0
    outer loop
      vertex -75.927 32.8532 3
      vertex -76.2773 32.7145 0
      vertex -75.927 32.8532 0
    endloop
  endfacet
  facet normal 0.904843 -0.425746 0
    outer loop
      vertex -77.7893 31.1044 3
      vertex -77.6289 31.4453 0
      vertex -77.6289 31.4453 3
    endloop
  endfacet
  facet normal 0.904843 -0.425746 0
    outer loop
      vertex -77.6289 31.4453 0
      vertex -77.7893 31.1044 3
      vertex -77.7893 31.1044 0
    endloop
  endfacet
  facet normal -0.998019 0.0629071 0
    outer loop
      vertex -72.0237 29.624 0
      vertex -72 30 3
      vertex -72 30 0
    endloop
  endfacet
  facet normal -0.998019 0.0629071 0
    outer loop
      vertex -72 30 3
      vertex -72.0237 29.624 0
      vertex -72.0237 29.624 3
    endloop
  endfacet
  facet normal -0.481695 0.876339 0
    outer loop
      vertex -73.3925 27.467 0
      vertex -73.7227 27.2855 3
      vertex -73.3925 27.467 3
    endloop
  endfacet
  facet normal -0.481695 0.876339 0
    outer loop
      vertex -73.7227 27.2855 3
      vertex -73.3925 27.467 0
      vertex -73.7227 27.2855 0
    endloop
  endfacet
  facet normal -0.982287 -0.18738 0
    outer loop
      vertex -72.0237 30.376 0
      vertex -72.0943 30.7461 3
      vertex -72.0943 30.7461 0
    endloop
  endfacet
  facet normal -0.982287 -0.18738 0
    outer loop
      vertex -72.0943 30.7461 3
      vertex -72.0237 30.376 0
      vertex -72.0237 30.376 3
    endloop
  endfacet
  facet normal -0.684594 -0.728924 0
    outer loop
      vertex -73.0877 32.3115 0
      vertex -72.8131 32.0536 3
      vertex -73.0877 32.3115 3
    endloop
  endfacet
  facet normal -0.684594 -0.728924 -0
    outer loop
      vertex -72.8131 32.0536 3
      vertex -73.0877 32.3115 0
      vertex -72.8131 32.0536 0
    endloop
  endfacet
  facet normal 0 -1 0
    outer loop
      vertex -75.1884 32.9941 0
      vertex -74.8116 32.9941 3
      vertex -75.1884 32.9941 3
    endloop
  endfacet
  facet normal 0 -1 -0
    outer loop
      vertex -74.8116 32.9941 3
      vertex -75.1884 32.9941 0
      vertex -74.8116 32.9941 0
    endloop
  endfacet
  facet normal -0.587872 -0.808954 0
    outer loop
      vertex -73.3925 32.533 0
      vertex -73.0877 32.3115 3
      vertex -73.3925 32.533 3
    endloop
  endfacet
  facet normal -0.587872 -0.808954 -0
    outer loop
      vertex -73.0877 32.3115 3
      vertex -73.3925 32.533 0
      vertex -73.0877 32.3115 0
    endloop
  endfacet
  facet normal 0.77048 -0.637464 0
    outer loop
      vertex -77.427 31.7634 3
      vertex -77.1869 32.0536 0
      vertex -77.1869 32.0536 3
    endloop
  endfacet
  facet normal 0.77048 -0.637464 0
    outer loop
      vertex -77.1869 32.0536 0
      vertex -77.427 31.7634 3
      vertex -77.427 31.7634 0
    endloop
  endfacet
  facet normal 0.684594 -0.728924 0
    outer loop
      vertex -77.1869 32.0536 0
      vertex -76.9123 32.3115 3
      vertex -77.1869 32.0536 3
    endloop
  endfacet
  facet normal 0.684594 -0.728924 0
    outer loop
      vertex -76.9123 32.3115 3
      vertex -77.1869 32.0536 0
      vertex -76.9123 32.3115 0
    endloop
  endfacet
  facet normal -0.998019 -0.0629071 0
    outer loop
      vertex -72 30 0
      vertex -72.0237 30.376 3
      vertex -72.0237 30.376 0
    endloop
  endfacet
  facet normal -0.998019 -0.0629071 0
    outer loop
      vertex -72.0237 30.376 3
      vertex -72 30 0
      vertex -72 30 3
    endloop
  endfacet
  facet normal -0.904843 0.425746 0
    outer loop
      vertex -72.3711 28.5547 0
      vertex -72.2107 28.8956 3
      vertex -72.2107 28.8956 0
    endloop
  endfacet
  facet normal -0.904843 0.425746 0
    outer loop
      vertex -72.2107 28.8956 3
      vertex -72.3711 28.5547 0
      vertex -72.3711 28.5547 3
    endloop
  endfacet
  facet normal -0.368139 0.929771 0
    outer loop
      vertex -73.7227 27.2855 0
      vertex -74.073 27.1468 3
      vertex -73.7227 27.2855 3
    endloop
  endfacet
  facet normal -0.368139 0.929771 0
    outer loop
      vertex -74.073 27.1468 3
      vertex -73.7227 27.2855 0
      vertex -74.073 27.1468 0
    endloop
  endfacet
  facet normal -0.587872 0.808954 0
    outer loop
      vertex -73.0877 27.6885 0
      vertex -73.3925 27.467 3
      vertex -73.0877 27.6885 3
    endloop
  endfacet
  facet normal -0.587872 0.808954 0
    outer loop
      vertex -73.3925 27.467 3
      vertex -73.0877 27.6885 0
      vertex -73.3925 27.467 0
    endloop
  endfacet
  facet normal -0.77048 -0.637464 0
    outer loop
      vertex -72.573 31.7634 0
      vertex -72.8131 32.0536 3
      vertex -72.8131 32.0536 0
    endloop
  endfacet
  facet normal -0.77048 -0.637464 0
    outer loop
      vertex -72.8131 32.0536 3
      vertex -72.573 31.7634 0
      vertex -72.573 31.7634 3
    endloop
  endfacet
  facet normal -0.248714 -0.968577 0
    outer loop
      vertex -74.4379 32.9469 0
      vertex -74.073 32.8532 3
      vertex -74.4379 32.9469 3
    endloop
  endfacet
  facet normal -0.248714 -0.968577 -0
    outer loop
      vertex -74.073 32.8532 3
      vertex -74.4379 32.9469 0
      vertex -74.073 32.8532 0
    endloop
  endfacet
  facet normal -0.125309 -0.992118 0
    outer loop
      vertex -74.8116 32.9941 0
      vertex -74.4379 32.9469 3
      vertex -74.8116 32.9941 3
    endloop
  endfacet
  facet normal -0.125309 -0.992118 -0
    outer loop
      vertex -74.4379 32.9469 3
      vertex -74.8116 32.9941 0
      vertex -74.4379 32.9469 0
    endloop
  endfacet
  facet normal -0.481695 -0.876339 0
    outer loop
      vertex -73.7227 32.7145 0
      vertex -73.3925 32.533 3
      vertex -73.7227 32.7145 3
    endloop
  endfacet
  facet normal -0.481695 -0.876339 -0
    outer loop
      vertex -73.3925 32.533 3
      vertex -73.7227 32.7145 0
      vertex -73.3925 32.533 0
    endloop
  endfacet
  facet normal 0.998019 -0.0629071 0
    outer loop
      vertex -78 30 3
      vertex -77.9763 30.376 0
      vertex -77.9763 30.376 3
    endloop
  endfacet
  facet normal 0.998019 -0.0629071 0
    outer loop
      vertex -77.9763 30.376 0
      vertex -78 30 3
      vertex -78 30 0
    endloop
  endfacet
  facet normal 0.982287 -0.18738 0
    outer loop
      vertex -77.9763 30.376 3
      vertex -77.9057 30.7461 0
      vertex -77.9057 30.7461 3
    endloop
  endfacet
  facet normal 0.982287 -0.18738 0
    outer loop
      vertex -77.9057 30.7461 0
      vertex -77.9763 30.376 3
      vertex -77.9763 30.376 0
    endloop
  endfacet
  facet normal 0.844295 -0.535879 0
    outer loop
      vertex -77.6289 31.4453 3
      vertex -77.427 31.7634 0
      vertex -77.427 31.7634 3
    endloop
  endfacet
  facet normal 0.844295 -0.535879 0
    outer loop
      vertex -77.427 31.7634 0
      vertex -77.6289 31.4453 3
      vertex -77.6289 31.4453 0
    endloop
  endfacet
  facet normal 0.125309 -0.992118 0
    outer loop
      vertex -75.5621 32.9469 0
      vertex -75.1884 32.9941 3
      vertex -75.5621 32.9469 3
    endloop
  endfacet
  facet normal 0.125309 -0.992118 0
    outer loop
      vertex -75.1884 32.9941 3
      vertex -75.5621 32.9469 0
      vertex -75.1884 32.9941 0
    endloop
  endfacet
  facet normal 0.248714 -0.968577 0
    outer loop
      vertex -75.927 32.8532 0
      vertex -75.5621 32.9469 3
      vertex -75.927 32.8532 3
    endloop
  endfacet
  facet normal 0.248714 -0.968577 0
    outer loop
      vertex -75.5621 32.9469 3
      vertex -75.927 32.8532 0
      vertex -75.5621 32.9469 0
    endloop
  endfacet
  facet normal 0.481695 -0.876339 0
    outer loop
      vertex -76.6075 32.533 0
      vertex -76.2773 32.7145 3
      vertex -76.6075 32.533 3
    endloop
  endfacet
  facet normal 0.481695 -0.876339 0
    outer loop
      vertex -76.2773 32.7145 3
      vertex -76.6075 32.533 0
      vertex -76.2773 32.7145 0
    endloop
  endfacet
  facet normal 0.587872 -0.808954 0
    outer loop
      vertex -76.9123 32.3115 0
      vertex -76.6075 32.533 3
      vertex -76.9123 32.3115 3
    endloop
  endfacet
  facet normal 0.587872 -0.808954 0
    outer loop
      vertex -76.6075 32.533 3
      vertex -76.9123 32.3115 0
      vertex -76.6075 32.533 0
    endloop
  endfacet
  facet normal -0.982287 0.18738 0
    outer loop
      vertex -72.0943 29.2539 0
      vertex -72.0237 29.624 3
      vertex -72.0237 29.624 0
    endloop
  endfacet
  facet normal -0.982287 0.18738 0
    outer loop
      vertex -72.0237 29.624 3
      vertex -72.0943 29.2539 0
      vertex -72.0943 29.2539 3
    endloop
  endfacet
  facet normal -0.125309 0.992118 0
    outer loop
      vertex -74.4379 27.0531 0
      vertex -74.8116 27.0059 3
      vertex -74.4379 27.0531 3
    endloop
  endfacet
  facet normal -0.125309 0.992118 0
    outer loop
      vertex -74.8116 27.0059 3
      vertex -74.4379 27.0531 0
      vertex -74.8116 27.0059 0
    endloop
  endfacet
  facet normal -0.904843 -0.425746 0
    outer loop
      vertex -72.2107 31.1044 0
      vertex -72.3711 31.4453 3
      vertex -72.3711 31.4453 0
    endloop
  endfacet
  facet normal -0.904843 -0.425746 0
    outer loop
      vertex -72.3711 31.4453 3
      vertex -72.2107 31.1044 0
      vertex -72.2107 31.1044 3
    endloop
  endfacet
  facet normal -0.951071 -0.308972 0
    outer loop
      vertex -72.0943 30.7461 0
      vertex -72.2107 31.1044 3
      vertex -72.2107 31.1044 0
    endloop
  endfacet
  facet normal -0.951071 -0.308972 0
    outer loop
      vertex -72.2107 31.1044 3
      vertex -72.0943 30.7461 0
      vertex -72.0943 30.7461 3
    endloop
  endfacet
  facet normal -0.684594 0.728924 0
    outer loop
      vertex -72.8131 27.9464 0
      vertex -73.0877 27.6885 3
      vertex -72.8131 27.9464 3
    endloop
  endfacet
  facet normal -0.684594 0.728924 0
    outer loop
      vertex -73.0877 27.6885 3
      vertex -72.8131 27.9464 0
      vertex -73.0877 27.6885 0
    endloop
  endfacet
  facet normal -0.844295 0.535879 0
    outer loop
      vertex -72.573 28.2366 0
      vertex -72.3711 28.5547 3
      vertex -72.3711 28.5547 0
    endloop
  endfacet
  facet normal -0.844295 0.535879 0
    outer loop
      vertex -72.3711 28.5547 3
      vertex -72.573 28.2366 0
      vertex -72.573 28.2366 3
    endloop
  endfacet
  facet normal 0 1 -0
    outer loop
      vertex -74.8116 27.0059 0
      vertex -75.1884 27.0059 3
      vertex -74.8116 27.0059 3
    endloop
  endfacet
  facet normal 0 1 0
    outer loop
      vertex -75.1884 27.0059 3
      vertex -74.8116 27.0059 0
      vertex -75.1884 27.0059 0
    endloop
  endfacet
  facet normal 0.998019 0.0629071 0
    outer loop
      vertex -77.9763 29.624 3
      vertex -78 30 0
      vertex -78 30 3
    endloop
  endfacet
  facet normal 0.998019 0.0629071 0
    outer loop
      vertex -78 30 0
      vertex -77.9763 29.624 3
      vertex -77.9763 29.624 0
    endloop
  endfacet
  facet normal 0.904843 0.425746 0
    outer loop
      vertex -77.6289 28.5547 3
      vertex -77.7893 28.8956 0
      vertex -77.7893 28.8956 3
    endloop
  endfacet
  facet normal 0.904843 0.425746 0
    outer loop
      vertex -77.7893 28.8956 0
      vertex -77.6289 28.5547 3
      vertex -77.6289 28.5547 0
    endloop
  endfacet
  facet normal 0.951071 0.308972 0
    outer loop
      vertex -77.7893 28.8956 3
      vertex -77.9057 29.2539 0
      vertex -77.9057 29.2539 3
    endloop
  endfacet
  facet normal 0.951071 0.308972 0
    outer loop
      vertex -77.9057 29.2539 0
      vertex -77.7893 28.8956 3
      vertex -77.7893 28.8956 0
    endloop
  endfacet
  facet normal 0.684594 0.728924 -0
    outer loop
      vertex -76.9123 27.6885 0
      vertex -77.1869 27.9464 3
      vertex -76.9123 27.6885 3
    endloop
  endfacet
  facet normal 0.684594 0.728924 0
    outer loop
      vertex -77.1869 27.9464 3
      vertex -76.9123 27.6885 0
      vertex -77.1869 27.9464 0
    endloop
  endfacet
  facet normal -0.951071 0.308972 0
    outer loop
      vertex -72.2107 28.8956 0
      vertex -72.0943 29.2539 3
      vertex -72.0943 29.2539 0
    endloop
  endfacet
  facet normal -0.951071 0.308972 0
    outer loop
      vertex -72.0943 29.2539 3
      vertex -72.2107 28.8956 0
      vertex -72.2107 28.8956 3
    endloop
  endfacet
  facet normal 0.587872 0.808954 -0
    outer loop
      vertex -76.6075 27.467 0
      vertex -76.9123 27.6885 3
      vertex -76.6075 27.467 3
    endloop
  endfacet
  facet normal 0.587872 0.808954 0
    outer loop
      vertex -76.9123 27.6885 3
      vertex -76.6075 27.467 0
      vertex -76.9123 27.6885 0
    endloop
  endfacet
  facet normal 0.125309 0.992118 -0
    outer loop
      vertex -75.1884 27.0059 0
      vertex -75.5621 27.0531 3
      vertex -75.1884 27.0059 3
    endloop
  endfacet
  facet normal 0.125309 0.992118 0
    outer loop
      vertex -75.5621 27.0531 3
      vertex -75.1884 27.0059 0
      vertex -75.5621 27.0531 0
    endloop
  endfacet
  facet normal 0.248714 0.968577 -0
    outer loop
      vertex -75.5621 27.0531 0
      vertex -75.927 27.1468 3
      vertex -75.5621 27.0531 3
    endloop
  endfacet
  facet normal 0.248714 0.968577 0
    outer loop
      vertex -75.927 27.1468 3
      vertex -75.5621 27.0531 0
      vertex -75.927 27.1468 0
    endloop
  endfacet
  facet normal 0.982287 0.18738 0
    outer loop
      vertex -77.9057 29.2539 3
      vertex -77.9763 29.624 0
      vertex -77.9763 29.624 3
    endloop
  endfacet
  facet normal 0.982287 0.18738 0
    outer loop
      vertex -77.9763 29.624 0
      vertex -77.9057 29.2539 3
      vertex -77.9057 29.2539 0
    endloop
  endfacet
  facet normal 0.77048 0.637464 0
    outer loop
      vertex -77.1869 27.9464 3
      vertex -77.427 28.2366 0
      vertex -77.427 28.2366 3
    endloop
  endfacet
  facet normal 0.77048 0.637464 0
    outer loop
      vertex -77.427 28.2366 0
      vertex -77.1869 27.9464 3
      vertex -77.1869 27.9464 0
    endloop
  endfacet
  facet normal 0.844295 0.535879 0
    outer loop
      vertex -77.427 28.2366 3
      vertex -77.6289 28.5547 0
      vertex -77.6289 28.5547 3
    endloop
  endfacet
  facet normal 0.844295 0.535879 0
    outer loop
      vertex -77.6289 28.5547 0
      vertex -77.427 28.2366 3
      vertex -77.427 28.2366 0
    endloop
  endfacet
  facet normal -0.248714 0.968577 0
    outer loop
      vertex -74.073 27.1468 0
      vertex -74.4379 27.0531 3
      vertex -74.073 27.1468 3
    endloop
  endfacet
  facet normal -0.248714 0.968577 0
    outer loop
      vertex -74.4379 27.0531 3
      vertex -74.073 27.1468 0
      vertex -74.4379 27.0531 0
    endloop
  endfacet
  facet normal -0.77048 0.637464 0
    outer loop
      vertex -72.8131 27.9464 0
      vertex -72.573 28.2366 3
      vertex -72.573 28.2366 0
    endloop
  endfacet
  facet normal -0.77048 0.637464 0
    outer loop
      vertex -72.573 28.2366 3
      vertex -72.8131 27.9464 0
      vertex -72.8131 27.9464 3
    endloop
  endfacet
  facet normal 0.481695 0.876339 -0
    outer loop
      vertex -76.2773 27.2855 0
      vertex -76.6075 27.467 3
      vertex -76.2773 27.2855 3
    endloop
  endfacet
  facet normal 0.481695 0.876339 0
    outer loop
      vertex -76.6075 27.467 3
      vertex -76.2773 27.2855 0
      vertex -76.6075 27.467 0
    endloop
  endfacet
  facet normal 0.368139 0.929771 -0
    outer loop
      vertex -75.927 27.1468 0
      vertex -76.2773 27.2855 3
      vertex -75.927 27.1468 3
    endloop
  endfacet
  facet normal 0.368139 0.929771 0
    outer loop
      vertex -76.2773 27.2855 3
      vertex -75.927 27.1468 0
      vertex -76.2773 27.2855 0
    endloop
  endfacet
  facet normal -0.998019 -0.0629071 0
    outer loop
      vertex -72 45 0
      vertex -72.0237 45.376 3
      vertex -72.0237 45.376 0
    endloop
  endfacet
  facet normal -0.998019 -0.0629071 0
    outer loop
      vertex -72.0237 45.376 3
      vertex -72 45 0
      vertex -72 45 3
    endloop
  endfacet
  facet normal 0.998019 -0.0629071 0
    outer loop
      vertex -78 45 3
      vertex -77.9763 45.376 0
      vertex -77.9763 45.376 3
    endloop
  endfacet
  facet normal 0.998019 -0.0629071 0
    outer loop
      vertex -77.9763 45.376 0
      vertex -78 45 3
      vertex -78 45 0
    endloop
  endfacet
  facet normal 0 -1 0
    outer loop
      vertex -75.1884 47.9941 0
      vertex -74.8116 47.9941 3
      vertex -75.1884 47.9941 3
    endloop
  endfacet
  facet normal 0 -1 -0
    outer loop
      vertex -74.8116 47.9941 3
      vertex -75.1884 47.9941 0
      vertex -74.8116 47.9941 0
    endloop
  endfacet
  facet normal 0 1 -0
    outer loop
      vertex -74.8116 42.0059 0
      vertex -75.1884 42.0059 3
      vertex -74.8116 42.0059 3
    endloop
  endfacet
  facet normal 0 1 0
    outer loop
      vertex -75.1884 42.0059 3
      vertex -74.8116 42.0059 0
      vertex -75.1884 42.0059 0
    endloop
  endfacet
  facet normal -0.684594 -0.728924 0
    outer loop
      vertex -73.0877 47.3115 0
      vertex -72.8131 47.0536 3
      vertex -73.0877 47.3115 3
    endloop
  endfacet
  facet normal -0.684594 -0.728924 -0
    outer loop
      vertex -72.8131 47.0536 3
      vertex -73.0877 47.3115 0
      vertex -72.8131 47.0536 0
    endloop
  endfacet
  facet normal 0.684594 -0.728924 0
    outer loop
      vertex -77.1869 47.0536 0
      vertex -76.9123 47.3115 3
      vertex -77.1869 47.0536 3
    endloop
  endfacet
  facet normal 0.684594 -0.728924 0
    outer loop
      vertex -76.9123 47.3115 3
      vertex -77.1869 47.0536 0
      vertex -76.9123 47.3115 0
    endloop
  endfacet
  facet normal 0.368139 -0.929771 0
    outer loop
      vertex -76.2773 47.7145 0
      vertex -75.927 47.8532 3
      vertex -76.2773 47.7145 3
    endloop
  endfacet
  facet normal 0.368139 -0.929771 0
    outer loop
      vertex -75.927 47.8532 3
      vertex -76.2773 47.7145 0
      vertex -75.927 47.8532 0
    endloop
  endfacet
  facet normal -0.844295 0.535879 0
    outer loop
      vertex -72.573 43.2366 0
      vertex -72.3711 43.5547 3
      vertex -72.3711 43.5547 0
    endloop
  endfacet
  facet normal -0.844295 0.535879 0
    outer loop
      vertex -72.3711 43.5547 3
      vertex -72.573 43.2366 0
      vertex -72.573 43.2366 3
    endloop
  endfacet
  facet normal -0.904843 -0.425746 0
    outer loop
      vertex -72.2107 46.1044 0
      vertex -72.3711 46.4453 3
      vertex -72.3711 46.4453 0
    endloop
  endfacet
  facet normal -0.904843 -0.425746 0
    outer loop
      vertex -72.3711 46.4453 3
      vertex -72.2107 46.1044 0
      vertex -72.2107 46.1044 3
    endloop
  endfacet
  facet normal -0.982287 -0.18738 0
    outer loop
      vertex -72.0237 45.376 0
      vertex -72.0943 45.7461 3
      vertex -72.0943 45.7461 0
    endloop
  endfacet
  facet normal -0.982287 -0.18738 0
    outer loop
      vertex -72.0943 45.7461 3
      vertex -72.0237 45.376 0
      vertex -72.0237 45.376 3
    endloop
  endfacet
  facet normal -0.368139 -0.929771 0
    outer loop
      vertex -74.073 47.8532 0
      vertex -73.7227 47.7145 3
      vertex -74.073 47.8532 3
    endloop
  endfacet
  facet normal -0.368139 -0.929771 -0
    outer loop
      vertex -73.7227 47.7145 3
      vertex -74.073 47.8532 0
      vertex -73.7227 47.7145 0
    endloop
  endfacet
  facet normal -0.587872 -0.808954 0
    outer loop
      vertex -73.3925 47.533 0
      vertex -73.0877 47.3115 3
      vertex -73.3925 47.533 3
    endloop
  endfacet
  facet normal -0.587872 -0.808954 -0
    outer loop
      vertex -73.0877 47.3115 3
      vertex -73.3925 47.533 0
      vertex -73.0877 47.3115 0
    endloop
  endfacet
  facet normal 0.904843 -0.425746 0
    outer loop
      vertex -77.7893 46.1044 3
      vertex -77.6289 46.4453 0
      vertex -77.6289 46.4453 3
    endloop
  endfacet
  facet normal 0.904843 -0.425746 0
    outer loop
      vertex -77.6289 46.4453 0
      vertex -77.7893 46.1044 3
      vertex -77.7893 46.1044 0
    endloop
  endfacet
  facet normal 0.951071 -0.308972 0
    outer loop
      vertex -77.9057 45.7461 3
      vertex -77.7893 46.1044 0
      vertex -77.7893 46.1044 3
    endloop
  endfacet
  facet normal 0.951071 -0.308972 0
    outer loop
      vertex -77.7893 46.1044 0
      vertex -77.9057 45.7461 3
      vertex -77.9057 45.7461 0
    endloop
  endfacet
  facet normal 0.248714 -0.968577 0
    outer loop
      vertex -75.927 47.8532 0
      vertex -75.5621 47.9469 3
      vertex -75.927 47.8532 3
    endloop
  endfacet
  facet normal 0.248714 -0.968577 0
    outer loop
      vertex -75.5621 47.9469 3
      vertex -75.927 47.8532 0
      vertex -75.5621 47.9469 0
    endloop
  endfacet
  facet normal 0.77048 0.637464 0
    outer loop
      vertex -77.1869 42.9464 3
      vertex -77.427 43.2366 0
      vertex -77.427 43.2366 3
    endloop
  endfacet
  facet normal 0.77048 0.637464 0
    outer loop
      vertex -77.427 43.2366 0
      vertex -77.1869 42.9464 3
      vertex -77.1869 42.9464 0
    endloop
  endfacet
  facet normal -0.368139 0.929771 0
    outer loop
      vertex -73.7227 42.2855 0
      vertex -74.073 42.1468 3
      vertex -73.7227 42.2855 3
    endloop
  endfacet
  facet normal -0.368139 0.929771 0
    outer loop
      vertex -74.073 42.1468 3
      vertex -73.7227 42.2855 0
      vertex -74.073 42.1468 0
    endloop
  endfacet
  facet normal -0.951071 -0.308972 0
    outer loop
      vertex -72.0943 45.7461 0
      vertex -72.2107 46.1044 3
      vertex -72.2107 46.1044 0
    endloop
  endfacet
  facet normal -0.951071 -0.308972 0
    outer loop
      vertex -72.2107 46.1044 3
      vertex -72.0943 45.7461 0
      vertex -72.0943 45.7461 3
    endloop
  endfacet
  facet normal -0.77048 -0.637464 0
    outer loop
      vertex -72.573 46.7634 0
      vertex -72.8131 47.0536 3
      vertex -72.8131 47.0536 0
    endloop
  endfacet
  facet normal -0.77048 -0.637464 0
    outer loop
      vertex -72.8131 47.0536 3
      vertex -72.573 46.7634 0
      vertex -72.573 46.7634 3
    endloop
  endfacet
  facet normal -0.844295 -0.535879 0
    outer loop
      vertex -72.3711 46.4453 0
      vertex -72.573 46.7634 3
      vertex -72.573 46.7634 0
    endloop
  endfacet
  facet normal -0.844295 -0.535879 0
    outer loop
      vertex -72.573 46.7634 3
      vertex -72.3711 46.4453 0
      vertex -72.3711 46.4453 3
    endloop
  endfacet
  facet normal -0.248714 -0.968577 0
    outer loop
      vertex -74.4379 47.9469 0
      vertex -74.073 47.8532 3
      vertex -74.4379 47.9469 3
    endloop
  endfacet
  facet normal -0.248714 -0.968577 -0
    outer loop
      vertex -74.073 47.8532 3
      vertex -74.4379 47.9469 0
      vertex -74.073 47.8532 0
    endloop
  endfacet
  facet normal -0.125309 -0.992118 0
    outer loop
      vertex -74.8116 47.9941 0
      vertex -74.4379 47.9469 3
      vertex -74.8116 47.9941 3
    endloop
  endfacet
  facet normal -0.125309 -0.992118 -0
    outer loop
      vertex -74.4379 47.9469 3
      vertex -74.8116 47.9941 0
      vertex -74.4379 47.9469 0
    endloop
  endfacet
  facet normal -0.481695 -0.876339 0
    outer loop
      vertex -73.7227 47.7145 0
      vertex -73.3925 47.533 3
      vertex -73.7227 47.7145 3
    endloop
  endfacet
  facet normal -0.481695 -0.876339 -0
    outer loop
      vertex -73.3925 47.533 3
      vertex -73.7227 47.7145 0
      vertex -73.3925 47.533 0
    endloop
  endfacet
  facet normal 0.844295 -0.535879 0
    outer loop
      vertex -77.6289 46.4453 3
      vertex -77.427 46.7634 0
      vertex -77.427 46.7634 3
    endloop
  endfacet
  facet normal 0.844295 -0.535879 0
    outer loop
      vertex -77.427 46.7634 0
      vertex -77.6289 46.4453 3
      vertex -77.6289 46.4453 0
    endloop
  endfacet
  facet normal 0.77048 -0.637464 0
    outer loop
      vertex -77.427 46.7634 3
      vertex -77.1869 47.0536 0
      vertex -77.1869 47.0536 3
    endloop
  endfacet
  facet normal 0.77048 -0.637464 0
    outer loop
      vertex -77.1869 47.0536 0
      vertex -77.427 46.7634 3
      vertex -77.427 46.7634 0
    endloop
  endfacet
  facet normal 0.982287 -0.18738 0
    outer loop
      vertex -77.9763 45.376 3
      vertex -77.9057 45.7461 0
      vertex -77.9057 45.7461 3
    endloop
  endfacet
  facet normal 0.982287 -0.18738 0
    outer loop
      vertex -77.9057 45.7461 0
      vertex -77.9763 45.376 3
      vertex -77.9763 45.376 0
    endloop
  endfacet
  facet normal 0.481695 -0.876339 0
    outer loop
      vertex -76.6075 47.533 0
      vertex -76.2773 47.7145 3
      vertex -76.6075 47.533 3
    endloop
  endfacet
  facet normal 0.481695 -0.876339 0
    outer loop
      vertex -76.2773 47.7145 3
      vertex -76.6075 47.533 0
      vertex -76.2773 47.7145 0
    endloop
  endfacet
  facet normal 0.587872 -0.808954 0
    outer loop
      vertex -76.9123 47.3115 0
      vertex -76.6075 47.533 3
      vertex -76.9123 47.3115 3
    endloop
  endfacet
  facet normal 0.587872 -0.808954 0
    outer loop
      vertex -76.6075 47.533 3
      vertex -76.9123 47.3115 0
      vertex -76.6075 47.533 0
    endloop
  endfacet
  facet normal 0.125309 -0.992118 0
    outer loop
      vertex -75.5621 47.9469 0
      vertex -75.1884 47.9941 3
      vertex -75.5621 47.9469 3
    endloop
  endfacet
  facet normal 0.125309 -0.992118 0
    outer loop
      vertex -75.1884 47.9941 3
      vertex -75.5621 47.9469 0
      vertex -75.1884 47.9941 0
    endloop
  endfacet
  facet normal -0.998019 0.0629071 0
    outer loop
      vertex -72.0237 44.624 0
      vertex -72 45 3
      vertex -72 45 0
    endloop
  endfacet
  facet normal -0.998019 0.0629071 0
    outer loop
      vertex -72 45 3
      vertex -72.0237 44.624 0
      vertex -72.0237 44.624 3
    endloop
  endfacet
  facet normal -0.77048 0.637464 0
    outer loop
      vertex -72.8131 42.9464 0
      vertex -72.573 43.2366 3
      vertex -72.573 43.2366 0
    endloop
  endfacet
  facet normal -0.77048 0.637464 0
    outer loop
      vertex -72.573 43.2366 3
      vertex -72.8131 42.9464 0
      vertex -72.8131 42.9464 3
    endloop
  endfacet
  facet normal -0.982287 0.18738 0
    outer loop
      vertex -72.0943 44.2539 0
      vertex -72.0237 44.624 3
      vertex -72.0237 44.624 0
    endloop
  endfacet
  facet normal -0.982287 0.18738 0
    outer loop
      vertex -72.0237 44.624 3
      vertex -72.0943 44.2539 0
      vertex -72.0943 44.2539 3
    endloop
  endfacet
  facet normal -0.587872 0.808954 0
    outer loop
      vertex -73.0877 42.6885 0
      vertex -73.3925 42.467 3
      vertex -73.0877 42.6885 3
    endloop
  endfacet
  facet normal -0.587872 0.808954 0
    outer loop
      vertex -73.3925 42.467 3
      vertex -73.0877 42.6885 0
      vertex -73.3925 42.467 0
    endloop
  endfacet
  facet normal -0.684594 0.728924 0
    outer loop
      vertex -72.8131 42.9464 0
      vertex -73.0877 42.6885 3
      vertex -72.8131 42.9464 3
    endloop
  endfacet
  facet normal -0.684594 0.728924 0
    outer loop
      vertex -73.0877 42.6885 3
      vertex -72.8131 42.9464 0
      vertex -73.0877 42.6885 0
    endloop
  endfacet
  facet normal -0.904843 0.425746 0
    outer loop
      vertex -72.3711 43.5547 0
      vertex -72.2107 43.8956 3
      vertex -72.2107 43.8956 0
    endloop
  endfacet
  facet normal -0.904843 0.425746 0
    outer loop
      vertex -72.2107 43.8956 3
      vertex -72.3711 43.5547 0
      vertex -72.3711 43.5547 3
    endloop
  endfacet
  facet normal 0.684594 0.728924 -0
    outer loop
      vertex -76.9123 42.6885 0
      vertex -77.1869 42.9464 3
      vertex -76.9123 42.6885 3
    endloop
  endfacet
  facet normal 0.684594 0.728924 0
    outer loop
      vertex -77.1869 42.9464 3
      vertex -76.9123 42.6885 0
      vertex -77.1869 42.9464 0
    endloop
  endfacet
  facet normal 0.844295 0.535879 0
    outer loop
      vertex -77.427 43.2366 3
      vertex -77.6289 43.5547 0
      vertex -77.6289 43.5547 3
    endloop
  endfacet
  facet normal 0.844295 0.535879 0
    outer loop
      vertex -77.6289 43.5547 0
      vertex -77.427 43.2366 3
      vertex -77.427 43.2366 0
    endloop
  endfacet
  facet normal 0.951071 0.308972 0
    outer loop
      vertex -77.7893 43.8956 3
      vertex -77.9057 44.2539 0
      vertex -77.9057 44.2539 3
    endloop
  endfacet
  facet normal 0.951071 0.308972 0
    outer loop
      vertex -77.9057 44.2539 0
      vertex -77.7893 43.8956 3
      vertex -77.7893 43.8956 0
    endloop
  endfacet
  facet normal 0.998019 0.0629071 0
    outer loop
      vertex -77.9763 44.624 3
      vertex -78 45 0
      vertex -78 45 3
    endloop
  endfacet
  facet normal 0.998019 0.0629071 0
    outer loop
      vertex -78 45 0
      vertex -77.9763 44.624 3
      vertex -77.9763 44.624 0
    endloop
  endfacet
  facet normal -0.125309 0.992118 0
    outer loop
      vertex -74.4379 42.0531 0
      vertex -74.8116 42.0059 3
      vertex -74.4379 42.0531 3
    endloop
  endfacet
  facet normal -0.125309 0.992118 0
    outer loop
      vertex -74.8116 42.0059 3
      vertex -74.4379 42.0531 0
      vertex -74.8116 42.0059 0
    endloop
  endfacet
  facet normal -0.481695 0.876339 0
    outer loop
      vertex -73.3925 42.467 0
      vertex -73.7227 42.2855 3
      vertex -73.3925 42.467 3
    endloop
  endfacet
  facet normal -0.481695 0.876339 0
    outer loop
      vertex -73.7227 42.2855 3
      vertex -73.3925 42.467 0
      vertex -73.7227 42.2855 0
    endloop
  endfacet
  facet normal -0.951071 0.308972 0
    outer loop
      vertex -72.2107 43.8956 0
      vertex -72.0943 44.2539 3
      vertex -72.0943 44.2539 0
    endloop
  endfacet
  facet normal -0.951071 0.308972 0
    outer loop
      vertex -72.0943 44.2539 3
      vertex -72.2107 43.8956 0
      vertex -72.2107 43.8956 3
    endloop
  endfacet
  facet normal 0.368139 0.929771 -0
    outer loop
      vertex -75.927 42.1468 0
      vertex -76.2773 42.2855 3
      vertex -75.927 42.1468 3
    endloop
  endfacet
  facet normal 0.368139 0.929771 0
    outer loop
      vertex -76.2773 42.2855 3
      vertex -75.927 42.1468 0
      vertex -76.2773 42.2855 0
    endloop
  endfacet
  facet normal 0.587872 0.808954 -0
    outer loop
      vertex -76.6075 42.467 0
      vertex -76.9123 42.6885 3
      vertex -76.6075 42.467 3
    endloop
  endfacet
  facet normal 0.587872 0.808954 0
    outer loop
      vertex -76.9123 42.6885 3
      vertex -76.6075 42.467 0
      vertex -76.9123 42.6885 0
    endloop
  endfacet
  facet normal 0.248714 0.968577 -0
    outer loop
      vertex -75.5621 42.0531 0
      vertex -75.927 42.1468 3
      vertex -75.5621 42.0531 3
    endloop
  endfacet
  facet normal 0.248714 0.968577 0
    outer loop
      vertex -75.927 42.1468 3
      vertex -75.5621 42.0531 0
      vertex -75.927 42.1468 0
    endloop
  endfacet
  facet normal 0.904843 0.425746 0
    outer loop
      vertex -77.6289 43.5547 3
      vertex -77.7893 43.8956 0
      vertex -77.7893 43.8956 3
    endloop
  endfacet
  facet normal 0.904843 0.425746 0
    outer loop
      vertex -77.7893 43.8956 0
      vertex -77.6289 43.5547 3
      vertex -77.6289 43.5547 0
    endloop
  endfacet
  facet normal 0.982287 0.18738 0
    outer loop
      vertex -77.9057 44.2539 3
      vertex -77.9763 44.624 0
      vertex -77.9763 44.624 3
    endloop
  endfacet
  facet normal 0.982287 0.18738 0
    outer loop
      vertex -77.9763 44.624 0
      vertex -77.9057 44.2539 3
      vertex -77.9057 44.2539 0
    endloop
  endfacet
  facet normal -0.248714 0.968577 0
    outer loop
      vertex -74.073 42.1468 0
      vertex -74.4379 42.0531 3
      vertex -74.073 42.1468 3
    endloop
  endfacet
  facet normal -0.248714 0.968577 0
    outer loop
      vertex -74.4379 42.0531 3
      vertex -74.073 42.1468 0
      vertex -74.4379 42.0531 0
    endloop
  endfacet
  facet normal 0.481695 0.876339 -0
    outer loop
      vertex -76.2773 42.2855 0
      vertex -76.6075 42.467 3
      vertex -76.2773 42.2855 3
    endloop
  endfacet
  facet normal 0.481695 0.876339 0
    outer loop
      vertex -76.6075 42.467 3
      vertex -76.2773 42.2855 0
      vertex -76.6075 42.467 0
    endloop
  endfacet
  facet normal 0.125309 0.992118 -0
    outer loop
      vertex -75.1884 42.0059 0
      vertex -75.5621 42.0531 3
      vertex -75.1884 42.0059 3
    endloop
  endfacet
  facet normal 0.125309 0.992118 0
    outer loop
      vertex -75.5621 42.0531 3
      vertex -75.1884 42.0059 0
      vertex -75.5621 42.0531 0
    endloop
  endfacet
  facet normal -0.998019 -0.0629071 0
    outer loop
      vertex -72 60 0
      vertex -72.0237 60.376 3
      vertex -72.0237 60.376 0
    endloop
  endfacet
  facet normal -0.998019 -0.0629071 0
    outer loop
      vertex -72.0237 60.376 3
      vertex -72 60 0
      vertex -72 60 3
    endloop
  endfacet
  facet normal 0.998019 -0.0629071 0
    outer loop
      vertex -78 60 3
      vertex -77.9763 60.376 0
      vertex -77.9763 60.376 3
    endloop
  endfacet
  facet normal 0.998019 -0.0629071 0
    outer loop
      vertex -77.9763 60.376 0
      vertex -78 60 3
      vertex -78 60 0
    endloop
  endfacet
  facet normal 0 -1 0
    outer loop
      vertex -75.1884 62.9941 0
      vertex -74.8116 62.9941 3
      vertex -75.1884 62.9941 3
    endloop
  endfacet
  facet normal 0 -1 -0
    outer loop
      vertex -74.8116 62.9941 3
      vertex -75.1884 62.9941 0
      vertex -74.8116 62.9941 0
    endloop
  endfacet
  facet normal 0 1 -0
    outer loop
      vertex -74.8116 57.0059 0
      vertex -75.1884 57.0059 3
      vertex -74.8116 57.0059 3
    endloop
  endfacet
  facet normal 0 1 0
    outer loop
      vertex -75.1884 57.0059 3
      vertex -74.8116 57.0059 0
      vertex -75.1884 57.0059 0
    endloop
  endfacet
  facet normal -0.684594 -0.728924 0
    outer loop
      vertex -73.0877 62.3115 0
      vertex -72.8131 62.0536 3
      vertex -73.0877 62.3115 3
    endloop
  endfacet
  facet normal -0.684594 -0.728924 -0
    outer loop
      vertex -72.8131 62.0536 3
      vertex -73.0877 62.3115 0
      vertex -72.8131 62.0536 0
    endloop
  endfacet
  facet normal 0.684594 -0.728924 0
    outer loop
      vertex -77.1869 62.0536 0
      vertex -76.9123 62.3115 3
      vertex -77.1869 62.0536 3
    endloop
  endfacet
  facet normal 0.684594 -0.728924 0
    outer loop
      vertex -76.9123 62.3115 3
      vertex -77.1869 62.0536 0
      vertex -76.9123 62.3115 0
    endloop
  endfacet
  facet normal 0.368139 -0.929771 0
    outer loop
      vertex -76.2773 62.7145 0
      vertex -75.927 62.8532 3
      vertex -76.2773 62.7145 3
    endloop
  endfacet
  facet normal 0.368139 -0.929771 0
    outer loop
      vertex -75.927 62.8532 3
      vertex -76.2773 62.7145 0
      vertex -75.927 62.8532 0
    endloop
  endfacet
  facet normal -0.844295 0.535879 0
    outer loop
      vertex -72.573 58.2366 0
      vertex -72.3711 58.5547 3
      vertex -72.3711 58.5547 0
    endloop
  endfacet
  facet normal -0.844295 0.535879 0
    outer loop
      vertex -72.3711 58.5547 3
      vertex -72.573 58.2366 0
      vertex -72.573 58.2366 3
    endloop
  endfacet
  facet normal -0.904843 -0.425746 0
    outer loop
      vertex -72.2107 61.1044 0
      vertex -72.3711 61.4453 3
      vertex -72.3711 61.4453 0
    endloop
  endfacet
  facet normal -0.904843 -0.425746 0
    outer loop
      vertex -72.3711 61.4453 3
      vertex -72.2107 61.1044 0
      vertex -72.2107 61.1044 3
    endloop
  endfacet
  facet normal -0.982287 -0.18738 0
    outer loop
      vertex -72.0237 60.376 0
      vertex -72.0943 60.7461 3
      vertex -72.0943 60.7461 0
    endloop
  endfacet
  facet normal -0.982287 -0.18738 0
    outer loop
      vertex -72.0943 60.7461 3
      vertex -72.0237 60.376 0
      vertex -72.0237 60.376 3
    endloop
  endfacet
  facet normal -0.368139 -0.929771 0
    outer loop
      vertex -74.073 62.8532 0
      vertex -73.7227 62.7145 3
      vertex -74.073 62.8532 3
    endloop
  endfacet
  facet normal -0.368139 -0.929771 -0
    outer loop
      vertex -73.7227 62.7145 3
      vertex -74.073 62.8532 0
      vertex -73.7227 62.7145 0
    endloop
  endfacet
  facet normal -0.587872 -0.808954 0
    outer loop
      vertex -73.3925 62.533 0
      vertex -73.0877 62.3115 3
      vertex -73.3925 62.533 3
    endloop
  endfacet
  facet normal -0.587872 -0.808954 -0
    outer loop
      vertex -73.0877 62.3115 3
      vertex -73.3925 62.533 0
      vertex -73.0877 62.3115 0
    endloop
  endfacet
  facet normal 0.904843 -0.425746 0
    outer loop
      vertex -77.7893 61.1044 3
      vertex -77.6289 61.4453 0
      vertex -77.6289 61.4453 3
    endloop
  endfacet
  facet normal 0.904843 -0.425746 0
    outer loop
      vertex -77.6289 61.4453 0
      vertex -77.7893 61.1044 3
      vertex -77.7893 61.1044 0
    endloop
  endfacet
  facet normal 0.951071 -0.308972 0
    outer loop
      vertex -77.9057 60.7461 3
      vertex -77.7893 61.1044 0
      vertex -77.7893 61.1044 3
    endloop
  endfacet
  facet normal 0.951071 -0.308972 0
    outer loop
      vertex -77.7893 61.1044 0
      vertex -77.9057 60.7461 3
      vertex -77.9057 60.7461 0
    endloop
  endfacet
  facet normal 0.248714 -0.968577 0
    outer loop
      vertex -75.927 62.8532 0
      vertex -75.5621 62.9469 3
      vertex -75.927 62.8532 3
    endloop
  endfacet
  facet normal 0.248714 -0.968577 0
    outer loop
      vertex -75.5621 62.9469 3
      vertex -75.927 62.8532 0
      vertex -75.5621 62.9469 0
    endloop
  endfacet
  facet normal 0.77048 0.637464 0
    outer loop
      vertex -77.1869 57.9464 3
      vertex -77.427 58.2366 0
      vertex -77.427 58.2366 3
    endloop
  endfacet
  facet normal 0.77048 0.637464 0
    outer loop
      vertex -77.427 58.2366 0
      vertex -77.1869 57.9464 3
      vertex -77.1869 57.9464 0
    endloop
  endfacet
  facet normal -0.368139 0.929771 0
    outer loop
      vertex -73.7227 57.2855 0
      vertex -74.073 57.1468 3
      vertex -73.7227 57.2855 3
    endloop
  endfacet
  facet normal -0.368139 0.929771 0
    outer loop
      vertex -74.073 57.1468 3
      vertex -73.7227 57.2855 0
      vertex -74.073 57.1468 0
    endloop
  endfacet
  facet normal -0.481695 0.876339 0
    outer loop
      vertex -73.3925 57.467 0
      vertex -73.7227 57.2855 3
      vertex -73.3925 57.467 3
    endloop
  endfacet
  facet normal -0.481695 0.876339 0
    outer loop
      vertex -73.7227 57.2855 3
      vertex -73.3925 57.467 0
      vertex -73.7227 57.2855 0
    endloop
  endfacet
  facet normal -0.951071 -0.308972 0
    outer loop
      vertex -72.0943 60.7461 0
      vertex -72.2107 61.1044 3
      vertex -72.2107 61.1044 0
    endloop
  endfacet
  facet normal -0.951071 -0.308972 0
    outer loop
      vertex -72.2107 61.1044 3
      vertex -72.0943 60.7461 0
      vertex -72.0943 60.7461 3
    endloop
  endfacet
  facet normal -0.77048 -0.637464 0
    outer loop
      vertex -72.573 61.7634 0
      vertex -72.8131 62.0536 3
      vertex -72.8131 62.0536 0
    endloop
  endfacet
  facet normal -0.77048 -0.637464 0
    outer loop
      vertex -72.8131 62.0536 3
      vertex -72.573 61.7634 0
      vertex -72.573 61.7634 3
    endloop
  endfacet
  facet normal -0.844295 -0.535879 0
    outer loop
      vertex -72.3711 61.4453 0
      vertex -72.573 61.7634 3
      vertex -72.573 61.7634 0
    endloop
  endfacet
  facet normal -0.844295 -0.535879 0
    outer loop
      vertex -72.573 61.7634 3
      vertex -72.3711 61.4453 0
      vertex -72.3711 61.4453 3
    endloop
  endfacet
  facet normal -0.248714 -0.968577 0
    outer loop
      vertex -74.4379 62.9469 0
      vertex -74.073 62.8532 3
      vertex -74.4379 62.9469 3
    endloop
  endfacet
  facet normal -0.248714 -0.968577 -0
    outer loop
      vertex -74.073 62.8532 3
      vertex -74.4379 62.9469 0
      vertex -74.073 62.8532 0
    endloop
  endfacet
  facet normal -0.125309 -0.992118 0
    outer loop
      vertex -74.8116 62.9941 0
      vertex -74.4379 62.9469 3
      vertex -74.8116 62.9941 3
    endloop
  endfacet
  facet normal -0.125309 -0.992118 -0
    outer loop
      vertex -74.4379 62.9469 3
      vertex -74.8116 62.9941 0
      vertex -74.4379 62.9469 0
    endloop
  endfacet
  facet normal -0.481695 -0.876339 0
    outer loop
      vertex -73.7227 62.7145 0
      vertex -73.3925 62.533 3
      vertex -73.7227 62.7145 3
    endloop
  endfacet
  facet normal -0.481695 -0.876339 -0
    outer loop
      vertex -73.3925 62.533 3
      vertex -73.7227 62.7145 0
      vertex -73.3925 62.533 0
    endloop
  endfacet
  facet normal 0.844295 -0.535879 0
    outer loop
      vertex -77.6289 61.4453 3
      vertex -77.427 61.7634 0
      vertex -77.427 61.7634 3
    endloop
  endfacet
  facet normal 0.844295 -0.535879 0
    outer loop
      vertex -77.427 61.7634 0
      vertex -77.6289 61.4453 3
      vertex -77.6289 61.4453 0
    endloop
  endfacet
  facet normal 0.77048 -0.637464 0
    outer loop
      vertex -77.427 61.7634 3
      vertex -77.1869 62.0536 0
      vertex -77.1869 62.0536 3
    endloop
  endfacet
  facet normal 0.77048 -0.637464 0
    outer loop
      vertex -77.1869 62.0536 0
      vertex -77.427 61.7634 3
      vertex -77.427 61.7634 0
    endloop
  endfacet
  facet normal 0.982287 -0.18738 0
    outer loop
      vertex -77.9763 60.376 3
      vertex -77.9057 60.7461 0
      vertex -77.9057 60.7461 3
    endloop
  endfacet
  facet normal 0.982287 -0.18738 0
    outer loop
      vertex -77.9057 60.7461 0
      vertex -77.9763 60.376 3
      vertex -77.9763 60.376 0
    endloop
  endfacet
  facet normal 0.481695 -0.876339 0
    outer loop
      vertex -76.6075 62.533 0
      vertex -76.2773 62.7145 3
      vertex -76.6075 62.533 3
    endloop
  endfacet
  facet normal 0.481695 -0.876339 0
    outer loop
      vertex -76.2773 62.7145 3
      vertex -76.6075 62.533 0
      vertex -76.2773 62.7145 0
    endloop
  endfacet
  facet normal 0.587872 -0.808954 0
    outer loop
      vertex -76.9123 62.3115 0
      vertex -76.6075 62.533 3
      vertex -76.9123 62.3115 3
    endloop
  endfacet
  facet normal 0.587872 -0.808954 0
    outer loop
      vertex -76.6075 62.533 3
      vertex -76.9123 62.3115 0
      vertex -76.6075 62.533 0
    endloop
  endfacet
  facet normal 0.125309 -0.992118 0
    outer loop
      vertex -75.5621 62.9469 0
      vertex -75.1884 62.9941 3
      vertex -75.5621 62.9469 3
    endloop
  endfacet
  facet normal 0.125309 -0.992118 0
    outer loop
      vertex -75.1884 62.9941 3
      vertex -75.5621 62.9469 0
      vertex -75.1884 62.9941 0
    endloop
  endfacet
  facet normal -0.998019 0.0629071 0
    outer loop
      vertex -72.0237 59.624 0
      vertex -72 60 3
      vertex -72 60 0
    endloop
  endfacet
  facet normal -0.998019 0.0629071 0
    outer loop
      vertex -72 60 3
      vertex -72.0237 59.624 0
      vertex -72.0237 59.624 3
    endloop
  endfacet
  facet normal -0.77048 0.637464 0
    outer loop
      vertex -72.8131 57.9464 0
      vertex -72.573 58.2366 3
      vertex -72.573 58.2366 0
    endloop
  endfacet
  facet normal -0.77048 0.637464 0
    outer loop
      vertex -72.573 58.2366 3
      vertex -72.8131 57.9464 0
      vertex -72.8131 57.9464 3
    endloop
  endfacet
  facet normal -0.982287 0.18738 0
    outer loop
      vertex -72.0943 59.2539 0
      vertex -72.0237 59.624 3
      vertex -72.0237 59.624 0
    endloop
  endfacet
  facet normal -0.982287 0.18738 0
    outer loop
      vertex -72.0237 59.624 3
      vertex -72.0943 59.2539 0
      vertex -72.0943 59.2539 3
    endloop
  endfacet
  facet normal -0.587872 0.808954 0
    outer loop
      vertex -73.0877 57.6885 0
      vertex -73.3925 57.467 3
      vertex -73.0877 57.6885 3
    endloop
  endfacet
  facet normal -0.587872 0.808954 0
    outer loop
      vertex -73.3925 57.467 3
      vertex -73.0877 57.6885 0
      vertex -73.3925 57.467 0
    endloop
  endfacet
  facet normal -0.684594 0.728924 0
    outer loop
      vertex -72.8131 57.9464 0
      vertex -73.0877 57.6885 3
      vertex -72.8131 57.9464 3
    endloop
  endfacet
  facet normal -0.684594 0.728924 0
    outer loop
      vertex -73.0877 57.6885 3
      vertex -72.8131 57.9464 0
      vertex -73.0877 57.6885 0
    endloop
  endfacet
  facet normal -0.904843 0.425746 0
    outer loop
      vertex -72.3711 58.5547 0
      vertex -72.2107 58.8956 3
      vertex -72.2107 58.8956 0
    endloop
  endfacet
  facet normal -0.904843 0.425746 0
    outer loop
      vertex -72.2107 58.8956 3
      vertex -72.3711 58.5547 0
      vertex -72.3711 58.5547 3
    endloop
  endfacet
  facet normal 0.684594 0.728924 -0
    outer loop
      vertex -76.9123 57.6885 0
      vertex -77.1869 57.9464 3
      vertex -76.9123 57.6885 3
    endloop
  endfacet
  facet normal 0.684594 0.728924 0
    outer loop
      vertex -77.1869 57.9464 3
      vertex -76.9123 57.6885 0
      vertex -77.1869 57.9464 0
    endloop
  endfacet
  facet normal 0.844295 0.535879 0
    outer loop
      vertex -77.427 58.2366 3
      vertex -77.6289 58.5547 0
      vertex -77.6289 58.5547 3
    endloop
  endfacet
  facet normal 0.844295 0.535879 0
    outer loop
      vertex -77.6289 58.5547 0
      vertex -77.427 58.2366 3
      vertex -77.427 58.2366 0
    endloop
  endfacet
  facet normal 0.951071 0.308972 0
    outer loop
      vertex -77.7893 58.8956 3
      vertex -77.9057 59.2539 0
      vertex -77.9057 59.2539 3
    endloop
  endfacet
  facet normal 0.951071 0.308972 0
    outer loop
      vertex -77.9057 59.2539 0
      vertex -77.7893 58.8956 3
      vertex -77.7893 58.8956 0
    endloop
  endfacet
  facet normal -0.951071 0.308972 0
    outer loop
      vertex -72.2107 58.8956 0
      vertex -72.0943 59.2539 3
      vertex -72.0943 59.2539 0
    endloop
  endfacet
  facet normal -0.951071 0.308972 0
    outer loop
      vertex -72.0943 59.2539 3
      vertex -72.2107 58.8956 0
      vertex -72.2107 58.8956 3
    endloop
  endfacet
  facet normal 0.125309 0.992118 -0
    outer loop
      vertex -75.1884 57.0059 0
      vertex -75.5621 57.0531 3
      vertex -75.1884 57.0059 3
    endloop
  endfacet
  facet normal 0.125309 0.992118 0
    outer loop
      vertex -75.5621 57.0531 3
      vertex -75.1884 57.0059 0
      vertex -75.5621 57.0531 0
    endloop
  endfacet
  facet normal 0.368139 0.929771 -0
    outer loop
      vertex -75.927 57.1468 0
      vertex -76.2773 57.2855 3
      vertex -75.927 57.1468 3
    endloop
  endfacet
  facet normal 0.368139 0.929771 0
    outer loop
      vertex -76.2773 57.2855 3
      vertex -75.927 57.1468 0
      vertex -76.2773 57.2855 0
    endloop
  endfacet
  facet normal 0.587872 0.808954 -0
    outer loop
      vertex -76.6075 57.467 0
      vertex -76.9123 57.6885 3
      vertex -76.6075 57.467 3
    endloop
  endfacet
  facet normal 0.587872 0.808954 0
    outer loop
      vertex -76.9123 57.6885 3
      vertex -76.6075 57.467 0
      vertex -76.9123 57.6885 0
    endloop
  endfacet
  facet normal 0.248714 0.968577 -0
    outer loop
      vertex -75.5621 57.0531 0
      vertex -75.927 57.1468 3
      vertex -75.5621 57.0531 3
    endloop
  endfacet
  facet normal 0.248714 0.968577 0
    outer loop
      vertex -75.927 57.1468 3
      vertex -75.5621 57.0531 0
      vertex -75.927 57.1468 0
    endloop
  endfacet
  facet normal 0.904843 0.425746 0
    outer loop
      vertex -77.6289 58.5547 3
      vertex -77.7893 58.8956 0
      vertex -77.7893 58.8956 3
    endloop
  endfacet
  facet normal 0.904843 0.425746 0
    outer loop
      vertex -77.7893 58.8956 0
      vertex -77.6289 58.5547 3
      vertex -77.6289 58.5547 0
    endloop
  endfacet
  facet normal 0.982287 0.18738 0
    outer loop
      vertex -77.9057 59.2539 3
      vertex -77.9763 59.624 0
      vertex -77.9763 59.624 3
    endloop
  endfacet
  facet normal 0.982287 0.18738 0
    outer loop
      vertex -77.9763 59.624 0
      vertex -77.9057 59.2539 3
      vertex -77.9057 59.2539 0
    endloop
  endfacet
  facet normal 0.998019 0.0629071 0
    outer loop
      vertex -77.9763 59.624 3
      vertex -78 60 0
      vertex -78 60 3
    endloop
  endfacet
  facet normal 0.998019 0.0629071 0
    outer loop
      vertex -78 60 0
      vertex -77.9763 59.624 3
      vertex -77.9763 59.624 0
    endloop
  endfacet
  facet normal -0.248714 0.968577 0
    outer loop
      vertex -74.073 57.1468 0
      vertex -74.4379 57.0531 3
      vertex -74.073 57.1468 3
    endloop
  endfacet
  facet normal -0.248714 0.968577 0
    outer loop
      vertex -74.4379 57.0531 3
      vertex -74.073 57.1468 0
      vertex -74.4379 57.0531 0
    endloop
  endfacet
  facet normal -0.125309 0.992118 0
    outer loop
      vertex -74.4379 57.0531 0
      vertex -74.8116 57.0059 3
      vertex -74.4379 57.0531 3
    endloop
  endfacet
  facet normal -0.125309 0.992118 0
    outer loop
      vertex -74.8116 57.0059 3
      vertex -74.4379 57.0531 0
      vertex -74.8116 57.0059 0
    endloop
  endfacet
  facet normal 0.481695 0.876339 -0
    outer loop
      vertex -76.2773 57.2855 0
      vertex -76.6075 57.467 3
      vertex -76.2773 57.2855 3
    endloop
  endfacet
  facet normal 0.481695 0.876339 0
    outer loop
      vertex -76.6075 57.467 3
      vertex -76.2773 57.2855 0
      vertex -76.6075 57.467 0
    endloop
  endfacet
  facet normal -0.998019 -0.0629071 0
    outer loop
      vertex -72 75 0
      vertex -72.0237 75.376 3
      vertex -72.0237 75.376 0
    endloop
  endfacet
  facet normal -0.998019 -0.0629071 0
    outer loop
      vertex -72.0237 75.376 3
      vertex -72 75 0
      vertex -72 75 3
    endloop
  endfacet
  facet normal 0.998019 -0.0629071 0
    outer loop
      vertex -78 75 3
      vertex -77.9763 75.376 0
      vertex -77.9763 75.376 3
    endloop
  endfacet
  facet normal 0.998019 -0.0629071 0
    outer loop
      vertex -77.9763 75.376 0
      vertex -78 75 3
      vertex -78 75 0
    endloop
  endfacet
  facet normal 0 -1 0
    outer loop
      vertex -75.1884 77.9941 0
      vertex -74.8116 77.9941 3
      vertex -75.1884 77.9941 3
    endloop
  endfacet
  facet normal 0 -1 -0
    outer loop
      vertex -74.8116 77.9941 3
      vertex -75.1884 77.9941 0
      vertex -74.8116 77.9941 0
    endloop
  endfacet
  facet normal 0 1 -0
    outer loop
      vertex -74.8116 72.0059 0
      vertex -75.1884 72.0059 3
      vertex -74.8116 72.0059 3
    endloop
  endfacet
  facet normal 0 1 0
    outer loop
      vertex -75.1884 72.0059 3
      vertex -74.8116 72.0059 0
      vertex -75.1884 72.0059 0
    endloop
  endfacet
  facet normal -0.684594 -0.728924 0
    outer loop
      vertex -73.0877 77.3115 0
      vertex -72.8131 77.0536 3
      vertex -73.0877 77.3115 3
    endloop
  endfacet
  facet normal -0.684594 -0.728924 -0
    outer loop
      vertex -72.8131 77.0536 3
      vertex -73.0877 77.3115 0
      vertex -72.8131 77.0536 0
    endloop
  endfacet
  facet normal 0.684594 -0.728924 0
    outer loop
      vertex -77.1869 77.0536 0
      vertex -76.9123 77.3115 3
      vertex -77.1869 77.0536 3
    endloop
  endfacet
  facet normal 0.684594 -0.728924 0
    outer loop
      vertex -76.9123 77.3115 3
      vertex -77.1869 77.0536 0
      vertex -76.9123 77.3115 0
    endloop
  endfacet
  facet normal 0.368139 -0.929771 0
    outer loop
      vertex -76.2773 77.7145 0
      vertex -75.927 77.8532 3
      vertex -76.2773 77.7145 3
    endloop
  endfacet
  facet normal 0.368139 -0.929771 0
    outer loop
      vertex -75.927 77.8532 3
      vertex -76.2773 77.7145 0
      vertex -75.927 77.8532 0
    endloop
  endfacet
  facet normal -0.844295 0.535879 0
    outer loop
      vertex -72.573 73.2366 0
      vertex -72.3711 73.5547 3
      vertex -72.3711 73.5547 0
    endloop
  endfacet
  facet normal -0.844295 0.535879 0
    outer loop
      vertex -72.3711 73.5547 3
      vertex -72.573 73.2366 0
      vertex -72.573 73.2366 3
    endloop
  endfacet
  facet normal -0.904843 -0.425746 0
    outer loop
      vertex -72.2107 76.1044 0
      vertex -72.3711 76.4453 3
      vertex -72.3711 76.4453 0
    endloop
  endfacet
  facet normal -0.904843 -0.425746 0
    outer loop
      vertex -72.3711 76.4453 3
      vertex -72.2107 76.1044 0
      vertex -72.2107 76.1044 3
    endloop
  endfacet
  facet normal -0.982287 -0.18738 0
    outer loop
      vertex -72.0237 75.376 0
      vertex -72.0943 75.7461 3
      vertex -72.0943 75.7461 0
    endloop
  endfacet
  facet normal -0.982287 -0.18738 0
    outer loop
      vertex -72.0943 75.7461 3
      vertex -72.0237 75.376 0
      vertex -72.0237 75.376 3
    endloop
  endfacet
  facet normal -0.368139 -0.929771 0
    outer loop
      vertex -74.073 77.8532 0
      vertex -73.7227 77.7145 3
      vertex -74.073 77.8532 3
    endloop
  endfacet
  facet normal -0.368139 -0.929771 -0
    outer loop
      vertex -73.7227 77.7145 3
      vertex -74.073 77.8532 0
      vertex -73.7227 77.7145 0
    endloop
  endfacet
  facet normal -0.587872 -0.808954 0
    outer loop
      vertex -73.3925 77.533 0
      vertex -73.0877 77.3115 3
      vertex -73.3925 77.533 3
    endloop
  endfacet
  facet normal -0.587872 -0.808954 -0
    outer loop
      vertex -73.0877 77.3115 3
      vertex -73.3925 77.533 0
      vertex -73.0877 77.3115 0
    endloop
  endfacet
  facet normal 0.904843 -0.425746 0
    outer loop
      vertex -77.7893 76.1044 3
      vertex -77.6289 76.4453 0
      vertex -77.6289 76.4453 3
    endloop
  endfacet
  facet normal 0.904843 -0.425746 0
    outer loop
      vertex -77.6289 76.4453 0
      vertex -77.7893 76.1044 3
      vertex -77.7893 76.1044 0
    endloop
  endfacet
  facet normal 0.844295 -0.535879 0
    outer loop
      vertex -77.6289 76.4453 3
      vertex -77.427 76.7634 0
      vertex -77.427 76.7634 3
    endloop
  endfacet
  facet normal 0.844295 -0.535879 0
    outer loop
      vertex -77.427 76.7634 0
      vertex -77.6289 76.4453 3
      vertex -77.6289 76.4453 0
    endloop
  endfacet
  facet normal 0.951071 -0.308972 0
    outer loop
      vertex -77.9057 75.7461 3
      vertex -77.7893 76.1044 0
      vertex -77.7893 76.1044 3
    endloop
  endfacet
  facet normal 0.951071 -0.308972 0
    outer loop
      vertex -77.7893 76.1044 0
      vertex -77.9057 75.7461 3
      vertex -77.9057 75.7461 0
    endloop
  endfacet
  facet normal 0.587872 -0.808954 0
    outer loop
      vertex -76.9123 77.3115 0
      vertex -76.6075 77.533 3
      vertex -76.9123 77.3115 3
    endloop
  endfacet
  facet normal 0.587872 -0.808954 0
    outer loop
      vertex -76.6075 77.533 3
      vertex -76.9123 77.3115 0
      vertex -76.6075 77.533 0
    endloop
  endfacet
  facet normal 0.248714 -0.968577 0
    outer loop
      vertex -75.927 77.8532 0
      vertex -75.5621 77.9469 3
      vertex -75.927 77.8532 3
    endloop
  endfacet
  facet normal 0.248714 -0.968577 0
    outer loop
      vertex -75.5621 77.9469 3
      vertex -75.927 77.8532 0
      vertex -75.5621 77.9469 0
    endloop
  endfacet
  facet normal -0.951071 0.308972 0
    outer loop
      vertex -72.2107 73.8956 0
      vertex -72.0943 74.2539 3
      vertex -72.0943 74.2539 0
    endloop
  endfacet
  facet normal -0.951071 0.308972 0
    outer loop
      vertex -72.0943 74.2539 3
      vertex -72.2107 73.8956 0
      vertex -72.2107 73.8956 3
    endloop
  endfacet
  facet normal -0.368139 0.929771 0
    outer loop
      vertex -73.7227 72.2855 0
      vertex -74.073 72.1468 3
      vertex -73.7227 72.2855 3
    endloop
  endfacet
  facet normal -0.368139 0.929771 0
    outer loop
      vertex -74.073 72.1468 3
      vertex -73.7227 72.2855 0
      vertex -74.073 72.1468 0
    endloop
  endfacet
  facet normal -0.951071 -0.308972 0
    outer loop
      vertex -72.0943 75.7461 0
      vertex -72.2107 76.1044 3
      vertex -72.2107 76.1044 0
    endloop
  endfacet
  facet normal -0.951071 -0.308972 0
    outer loop
      vertex -72.2107 76.1044 3
      vertex -72.0943 75.7461 0
      vertex -72.0943 75.7461 3
    endloop
  endfacet
  facet normal -0.77048 -0.637464 0
    outer loop
      vertex -72.573 76.7634 0
      vertex -72.8131 77.0536 3
      vertex -72.8131 77.0536 0
    endloop
  endfacet
  facet normal -0.77048 -0.637464 0
    outer loop
      vertex -72.8131 77.0536 3
      vertex -72.573 76.7634 0
      vertex -72.573 76.7634 3
    endloop
  endfacet
  facet normal -0.844295 -0.535879 0
    outer loop
      vertex -72.3711 76.4453 0
      vertex -72.573 76.7634 3
      vertex -72.573 76.7634 0
    endloop
  endfacet
  facet normal -0.844295 -0.535879 0
    outer loop
      vertex -72.573 76.7634 3
      vertex -72.3711 76.4453 0
      vertex -72.3711 76.4453 3
    endloop
  endfacet
  facet normal -0.248714 -0.968577 0
    outer loop
      vertex -74.4379 77.9469 0
      vertex -74.073 77.8532 3
      vertex -74.4379 77.9469 3
    endloop
  endfacet
  facet normal -0.248714 -0.968577 -0
    outer loop
      vertex -74.073 77.8532 3
      vertex -74.4379 77.9469 0
      vertex -74.073 77.8532 0
    endloop
  endfacet
  facet normal -0.125309 -0.992118 0
    outer loop
      vertex -74.8116 77.9941 0
      vertex -74.4379 77.9469 3
      vertex -74.8116 77.9941 3
    endloop
  endfacet
  facet normal -0.125309 -0.992118 -0
    outer loop
      vertex -74.4379 77.9469 3
      vertex -74.8116 77.9941 0
      vertex -74.4379 77.9469 0
    endloop
  endfacet
  facet normal -0.481695 -0.876339 0
    outer loop
      vertex -73.7227 77.7145 0
      vertex -73.3925 77.533 3
      vertex -73.7227 77.7145 3
    endloop
  endfacet
  facet normal -0.481695 -0.876339 -0
    outer loop
      vertex -73.3925 77.533 3
      vertex -73.7227 77.7145 0
      vertex -73.3925 77.533 0
    endloop
  endfacet
  facet normal 0.982287 -0.18738 0
    outer loop
      vertex -77.9763 75.376 3
      vertex -77.9057 75.7461 0
      vertex -77.9057 75.7461 3
    endloop
  endfacet
  facet normal 0.982287 -0.18738 0
    outer loop
      vertex -77.9057 75.7461 0
      vertex -77.9763 75.376 3
      vertex -77.9763 75.376 0
    endloop
  endfacet
  facet normal 0.481695 -0.876339 0
    outer loop
      vertex -76.6075 77.533 0
      vertex -76.2773 77.7145 3
      vertex -76.6075 77.533 3
    endloop
  endfacet
  facet normal 0.481695 -0.876339 0
    outer loop
      vertex -76.2773 77.7145 3
      vertex -76.6075 77.533 0
      vertex -76.2773 77.7145 0
    endloop
  endfacet
  facet normal 0.125309 -0.992118 0
    outer loop
      vertex -75.5621 77.9469 0
      vertex -75.1884 77.9941 3
      vertex -75.5621 77.9469 3
    endloop
  endfacet
  facet normal 0.125309 -0.992118 0
    outer loop
      vertex -75.1884 77.9941 3
      vertex -75.5621 77.9469 0
      vertex -75.1884 77.9941 0
    endloop
  endfacet
  facet normal -0.77048 0.637464 0
    outer loop
      vertex -72.8131 72.9464 0
      vertex -72.573 73.2366 3
      vertex -72.573 73.2366 0
    endloop
  endfacet
  facet normal -0.77048 0.637464 0
    outer loop
      vertex -72.573 73.2366 3
      vertex -72.8131 72.9464 0
      vertex -72.8131 72.9464 3
    endloop
  endfacet
  facet normal -0.982287 0.18738 0
    outer loop
      vertex -72.0943 74.2539 0
      vertex -72.0237 74.624 3
      vertex -72.0237 74.624 0
    endloop
  endfacet
  facet normal -0.982287 0.18738 0
    outer loop
      vertex -72.0237 74.624 3
      vertex -72.0943 74.2539 0
      vertex -72.0943 74.2539 3
    endloop
  endfacet
  facet normal 0.904843 0.425746 0
    outer loop
      vertex -77.6289 73.5547 3
      vertex -77.7893 73.8956 0
      vertex -77.7893 73.8956 3
    endloop
  endfacet
  facet normal 0.904843 0.425746 0
    outer loop
      vertex -77.7893 73.8956 0
      vertex -77.6289 73.5547 3
      vertex -77.6289 73.5547 0
    endloop
  endfacet
  facet normal -0.481695 0.876339 0
    outer loop
      vertex -73.3925 72.467 0
      vertex -73.7227 72.2855 3
      vertex -73.3925 72.467 3
    endloop
  endfacet
  facet normal -0.481695 0.876339 0
    outer loop
      vertex -73.7227 72.2855 3
      vertex -73.3925 72.467 0
      vertex -73.7227 72.2855 0
    endloop
  endfacet
  facet normal 0.77048 -0.637464 0
    outer loop
      vertex -77.427 76.7634 3
      vertex -77.1869 77.0536 0
      vertex -77.1869 77.0536 3
    endloop
  endfacet
  facet normal 0.77048 -0.637464 0
    outer loop
      vertex -77.1869 77.0536 0
      vertex -77.427 76.7634 3
      vertex -77.427 76.7634 0
    endloop
  endfacet
  facet normal -0.587872 0.808954 0
    outer loop
      vertex -73.0877 72.6885 0
      vertex -73.3925 72.467 3
      vertex -73.0877 72.6885 3
    endloop
  endfacet
  facet normal -0.587872 0.808954 0
    outer loop
      vertex -73.3925 72.467 3
      vertex -73.0877 72.6885 0
      vertex -73.3925 72.467 0
    endloop
  endfacet
  facet normal -0.684594 0.728924 0
    outer loop
      vertex -72.8131 72.9464 0
      vertex -73.0877 72.6885 3
      vertex -72.8131 72.9464 3
    endloop
  endfacet
  facet normal -0.684594 0.728924 0
    outer loop
      vertex -73.0877 72.6885 3
      vertex -72.8131 72.9464 0
      vertex -73.0877 72.6885 0
    endloop
  endfacet
  facet normal -0.904843 0.425746 0
    outer loop
      vertex -72.3711 73.5547 0
      vertex -72.2107 73.8956 3
      vertex -72.2107 73.8956 0
    endloop
  endfacet
  facet normal -0.904843 0.425746 0
    outer loop
      vertex -72.2107 73.8956 3
      vertex -72.3711 73.5547 0
      vertex -72.3711 73.5547 3
    endloop
  endfacet
  facet normal -0.998019 0.0629071 0
    outer loop
      vertex -72.0237 74.624 0
      vertex -72 75 3
      vertex -72 75 0
    endloop
  endfacet
  facet normal -0.998019 0.0629071 0
    outer loop
      vertex -72 75 3
      vertex -72.0237 74.624 0
      vertex -72.0237 74.624 3
    endloop
  endfacet
  facet normal 0.368139 0.929771 -0
    outer loop
      vertex -75.927 72.1468 0
      vertex -76.2773 72.2855 3
      vertex -75.927 72.1468 3
    endloop
  endfacet
  facet normal 0.368139 0.929771 0
    outer loop
      vertex -76.2773 72.2855 3
      vertex -75.927 72.1468 0
      vertex -76.2773 72.2855 0
    endloop
  endfacet
  facet normal 0.684594 0.728924 -0
    outer loop
      vertex -76.9123 72.6885 0
      vertex -77.1869 72.9464 3
      vertex -76.9123 72.6885 3
    endloop
  endfacet
  facet normal 0.684594 0.728924 0
    outer loop
      vertex -77.1869 72.9464 3
      vertex -76.9123 72.6885 0
      vertex -77.1869 72.9464 0
    endloop
  endfacet
  facet normal 0.951071 0.308972 0
    outer loop
      vertex -77.7893 73.8956 3
      vertex -77.9057 74.2539 0
      vertex -77.9057 74.2539 3
    endloop
  endfacet
  facet normal 0.951071 0.308972 0
    outer loop
      vertex -77.9057 74.2539 0
      vertex -77.7893 73.8956 3
      vertex -77.7893 73.8956 0
    endloop
  endfacet
  facet normal 0.998019 0.0629071 0
    outer loop
      vertex -77.9763 74.624 3
      vertex -78 75 0
      vertex -78 75 3
    endloop
  endfacet
  facet normal 0.998019 0.0629071 0
    outer loop
      vertex -78 75 0
      vertex -77.9763 74.624 3
      vertex -77.9763 74.624 0
    endloop
  endfacet
  facet normal 0.125309 0.992118 -0
    outer loop
      vertex -75.1884 72.0059 0
      vertex -75.5621 72.0531 3
      vertex -75.1884 72.0059 3
    endloop
  endfacet
  facet normal 0.125309 0.992118 0
    outer loop
      vertex -75.5621 72.0531 3
      vertex -75.1884 72.0059 0
      vertex -75.5621 72.0531 0
    endloop
  endfacet
  facet normal 0.587872 0.808954 -0
    outer loop
      vertex -76.6075 72.467 0
      vertex -76.9123 72.6885 3
      vertex -76.6075 72.467 3
    endloop
  endfacet
  facet normal 0.587872 0.808954 0
    outer loop
      vertex -76.9123 72.6885 3
      vertex -76.6075 72.467 0
      vertex -76.9123 72.6885 0
    endloop
  endfacet
  facet normal 0.248714 0.968577 -0
    outer loop
      vertex -75.5621 72.0531 0
      vertex -75.927 72.1468 3
      vertex -75.5621 72.0531 3
    endloop
  endfacet
  facet normal 0.248714 0.968577 0
    outer loop
      vertex -75.927 72.1468 3
      vertex -75.5621 72.0531 0
      vertex -75.927 72.1468 0
    endloop
  endfacet
  facet normal 0.77048 0.637464 0
    outer loop
      vertex -77.1869 72.9464 3
      vertex -77.427 73.2366 0
      vertex -77.427 73.2366 3
    endloop
  endfacet
  facet normal 0.77048 0.637464 0
    outer loop
      vertex -77.427 73.2366 0
      vertex -77.1869 72.9464 3
      vertex -77.1869 72.9464 0
    endloop
  endfacet
  facet normal 0.844295 0.535879 0
    outer loop
      vertex -77.427 73.2366 3
      vertex -77.6289 73.5547 0
      vertex -77.6289 73.5547 3
    endloop
  endfacet
  facet normal 0.844295 0.535879 0
    outer loop
      vertex -77.6289 73.5547 0
      vertex -77.427 73.2366 3
      vertex -77.427 73.2366 0
    endloop
  endfacet
  facet normal 0.982287 0.18738 0
    outer loop
      vertex -77.9057 74.2539 3
      vertex -77.9763 74.624 0
      vertex -77.9763 74.624 3
    endloop
  endfacet
  facet normal 0.982287 0.18738 0
    outer loop
      vertex -77.9763 74.624 0
      vertex -77.9057 74.2539 3
      vertex -77.9057 74.2539 0
    endloop
  endfacet
  facet normal -0.248714 0.968577 0
    outer loop
      vertex -74.073 72.1468 0
      vertex -74.4379 72.0531 3
      vertex -74.073 72.1468 3
    endloop
  endfacet
  facet normal -0.248714 0.968577 0
    outer loop
      vertex -74.4379 72.0531 3
      vertex -74.073 72.1468 0
      vertex -74.4379 72.0531 0
    endloop
  endfacet
  facet normal -0.125309 0.992118 0
    outer loop
      vertex -74.4379 72.0531 0
      vertex -74.8116 72.0059 3
      vertex -74.4379 72.0531 3
    endloop
  endfacet
  facet normal -0.125309 0.992118 0
    outer loop
      vertex -74.8116 72.0059 3
      vertex -74.4379 72.0531 0
      vertex -74.8116 72.0059 0
    endloop
  endfacet
  facet normal 0.481695 0.876339 -0
    outer loop
      vertex -76.2773 72.2855 0
      vertex -76.6075 72.467 3
      vertex -76.2773 72.2855 3
    endloop
  endfacet
  facet normal 0.481695 0.876339 0
    outer loop
      vertex -76.6075 72.467 3
      vertex -76.2773 72.2855 0
      vertex -76.6075 72.467 0
    endloop
  endfacet
  facet normal -0.998036 -0.0626427 0
    outer loop
      vertex -73.5 -67.5 0
      vertex -73.5118 -67.312 3
      vertex -73.5118 -67.312 0
    endloop
  endfacet
  facet normal -0.998036 -0.0626427 0
    outer loop
      vertex -73.5118 -67.312 3
      vertex -73.5 -67.5 0
      vertex -73.5 -67.5 3
    endloop
  endfacet
  facet normal 0.998036 -0.0626427 0
    outer loop
      vertex -76.5 -67.5 3
      vertex -76.4882 -67.312 0
      vertex -76.4882 -67.312 3
    endloop
  endfacet
  facet normal 0.998036 -0.0626427 0
    outer loop
      vertex -76.4882 -67.312 0
      vertex -76.5 -67.5 3
      vertex -76.5 -67.5 0
    endloop
  endfacet
  facet normal 0 -1 0
    outer loop
      vertex -75.0942 -66.003 0
      vertex -74.9058 -66.003 3
      vertex -75.0942 -66.003 3
    endloop
  endfacet
  facet normal 0 -1 -0
    outer loop
      vertex -74.9058 -66.003 3
      vertex -75.0942 -66.003 0
      vertex -74.9058 -66.003 0
    endloop
  endfacet
  facet normal 0 1 -0
    outer loop
      vertex -74.9058 -68.997 0
      vertex -75.0942 -68.997 3
      vertex -74.9058 -68.997 3
    endloop
  endfacet
  facet normal 0 1 0
    outer loop
      vertex -75.0942 -68.997 3
      vertex -74.9058 -68.997 0
      vertex -75.0942 -68.997 0
    endloop
  endfacet
  facet normal -0.68447 -0.729041 0
    outer loop
      vertex -74.0439 -66.3442 0
      vertex -73.9065 -66.4732 3
      vertex -74.0439 -66.3442 3
    endloop
  endfacet
  facet normal -0.68447 -0.729041 -0
    outer loop
      vertex -73.9065 -66.4732 3
      vertex -74.0439 -66.3442 0
      vertex -73.9065 -66.4732 0
    endloop
  endfacet
  facet normal 0.68447 -0.729041 0
    outer loop
      vertex -76.0935 -66.4732 0
      vertex -75.9561 -66.3442 3
      vertex -76.0935 -66.4732 3
    endloop
  endfacet
  facet normal 0.68447 -0.729041 0
    outer loop
      vertex -75.9561 -66.3442 3
      vertex -76.0935 -66.4732 0
      vertex -75.9561 -66.3442 0
    endloop
  endfacet
  facet normal 0.368278 -0.929716 0
    outer loop
      vertex -75.6387 -66.1428 0
      vertex -75.4635 -66.0734 3
      vertex -75.6387 -66.1428 3
    endloop
  endfacet
  facet normal 0.368278 -0.929716 0
    outer loop
      vertex -75.4635 -66.0734 3
      vertex -75.6387 -66.1428 0
      vertex -75.4635 -66.0734 0
    endloop
  endfacet
  facet normal -0.844251 0.535948 0
    outer loop
      vertex -73.7865 -68.3817 0
      vertex -73.6855 -68.2226 3
      vertex -73.6855 -68.2226 0
    endloop
  endfacet
  facet normal -0.844251 0.535948 0
    outer loop
      vertex -73.6855 -68.2226 3
      vertex -73.7865 -68.3817 0
      vertex -73.7865 -68.3817 3
    endloop
  endfacet
  facet normal -0.904795 -0.425848 0
    outer loop
      vertex -73.6053 -66.9478 0
      vertex -73.6855 -66.7774 3
      vertex -73.6855 -66.7774 0
    endloop
  endfacet
  facet normal -0.904795 -0.425848 0
    outer loop
      vertex -73.6855 -66.7774 3
      vertex -73.6053 -66.9478 0
      vertex -73.6053 -66.9478 3
    endloop
  endfacet
  facet normal -0.982278 -0.187429 0
    outer loop
      vertex -73.5118 -67.312 0
      vertex -73.5471 -67.127 3
      vertex -73.5471 -67.127 0
    endloop
  endfacet
  facet normal -0.982278 -0.187429 0
    outer loop
      vertex -73.5471 -67.127 3
      vertex -73.5118 -67.312 0
      vertex -73.5118 -67.312 3
    endloop
  endfacet
  facet normal -0.368278 -0.929716 0
    outer loop
      vertex -74.5365 -66.0734 0
      vertex -74.3613 -66.1428 3
      vertex -74.5365 -66.0734 3
    endloop
  endfacet
  facet normal -0.368278 -0.929716 -0
    outer loop
      vertex -74.3613 -66.1428 3
      vertex -74.5365 -66.0734 0
      vertex -74.3613 -66.1428 0
    endloop
  endfacet
  facet normal -0.248529 -0.968625 0
    outer loop
      vertex -74.7189 -66.0266 0
      vertex -74.5365 -66.0734 3
      vertex -74.7189 -66.0266 3
    endloop
  endfacet
  facet normal -0.248529 -0.968625 -0
    outer loop
      vertex -74.5365 -66.0734 3
      vertex -74.7189 -66.0266 0
      vertex -74.5365 -66.0734 0
    endloop
  endfacet
  facet normal -0.481715 -0.876328 0
    outer loop
      vertex -74.3613 -66.1428 0
      vertex -74.1963 -66.2335 3
      vertex -74.3613 -66.1428 3
    endloop
  endfacet
  facet normal -0.481715 -0.876328 -0
    outer loop
      vertex -74.1963 -66.2335 3
      vertex -74.3613 -66.1428 0
      vertex -74.1963 -66.2335 0
    endloop
  endfacet
  facet normal 0.904795 -0.425848 0
    outer loop
      vertex -76.3947 -66.9478 3
      vertex -76.3145 -66.7774 0
      vertex -76.3145 -66.7774 3
    endloop
  endfacet
  facet normal 0.904795 -0.425848 0
    outer loop
      vertex -76.3145 -66.7774 0
      vertex -76.3947 -66.9478 3
      vertex -76.3947 -66.9478 0
    endloop
  endfacet
  facet normal 0.951096 -0.308894 0
    outer loop
      vertex -76.4529 -67.127 3
      vertex -76.3947 -66.9478 0
      vertex -76.3947 -66.9478 3
    endloop
  endfacet
  facet normal 0.951096 -0.308894 0
    outer loop
      vertex -76.3947 -66.9478 0
      vertex -76.4529 -67.127 3
      vertex -76.4529 -67.127 0
    endloop
  endfacet
  facet normal 0.125276 -0.992122 0
    outer loop
      vertex -75.2811 -66.0266 0
      vertex -75.0942 -66.003 3
      vertex -75.2811 -66.0266 3
    endloop
  endfacet
  facet normal 0.125276 -0.992122 0
    outer loop
      vertex -75.0942 -66.003 3
      vertex -75.2811 -66.0266 0
      vertex -75.0942 -66.003 0
    endloop
  endfacet
  facet normal -0.982278 0.187429 0
    outer loop
      vertex -73.5471 -67.873 0
      vertex -73.5118 -67.688 3
      vertex -73.5118 -67.688 0
    endloop
  endfacet
  facet normal -0.982278 0.187429 0
    outer loop
      vertex -73.5118 -67.688 3
      vertex -73.5471 -67.873 0
      vertex -73.5471 -67.873 3
    endloop
  endfacet
  facet normal 0.77061 0.637307 0
    outer loop
      vertex -76.0935 -68.5268 3
      vertex -76.2135 -68.3817 0
      vertex -76.2135 -68.3817 3
    endloop
  endfacet
  facet normal 0.77061 0.637307 0
    outer loop
      vertex -76.2135 -68.3817 0
      vertex -76.0935 -68.5268 3
      vertex -76.0935 -68.5268 0
    endloop
  endfacet
  facet normal -0.125276 0.992122 0
    outer loop
      vertex -74.7189 -68.9734 0
      vertex -74.9058 -68.997 3
      vertex -74.7189 -68.9734 3
    endloop
  endfacet
  facet normal -0.125276 0.992122 0
    outer loop
      vertex -74.9058 -68.997 3
      vertex -74.7189 -68.9734 0
      vertex -74.9058 -68.997 0
    endloop
  endfacet
  facet normal -0.951096 -0.308894 0
    outer loop
      vertex -73.5471 -67.127 0
      vertex -73.6053 -66.9478 3
      vertex -73.6053 -66.9478 0
    endloop
  endfacet
  facet normal -0.951096 -0.308894 0
    outer loop
      vertex -73.6053 -66.9478 3
      vertex -73.5471 -67.127 0
      vertex -73.5471 -67.127 3
    endloop
  endfacet
  facet normal -0.77061 -0.637307 0
    outer loop
      vertex -73.7865 -66.6183 0
      vertex -73.9065 -66.4732 3
      vertex -73.9065 -66.4732 0
    endloop
  endfacet
  facet normal -0.77061 -0.637307 0
    outer loop
      vertex -73.9065 -66.4732 3
      vertex -73.7865 -66.6183 0
      vertex -73.7865 -66.6183 3
    endloop
  endfacet
  facet normal -0.844251 -0.535948 0
    outer loop
      vertex -73.6855 -66.7774 0
      vertex -73.7865 -66.6183 3
      vertex -73.7865 -66.6183 0
    endloop
  endfacet
  facet normal -0.844251 -0.535948 0
    outer loop
      vertex -73.7865 -66.6183 3
      vertex -73.6855 -66.7774 0
      vertex -73.6855 -66.7774 3
    endloop
  endfacet
  facet normal -0.125276 -0.992122 0
    outer loop
      vertex -74.9058 -66.003 0
      vertex -74.7189 -66.0266 3
      vertex -74.9058 -66.003 3
    endloop
  endfacet
  facet normal -0.125276 -0.992122 -0
    outer loop
      vertex -74.7189 -66.0266 3
      vertex -74.9058 -66.003 0
      vertex -74.7189 -66.0266 0
    endloop
  endfacet
  facet normal -0.587698 -0.80908 0
    outer loop
      vertex -74.1963 -66.2335 0
      vertex -74.0439 -66.3442 3
      vertex -74.1963 -66.2335 3
    endloop
  endfacet
  facet normal -0.587698 -0.80908 -0
    outer loop
      vertex -74.0439 -66.3442 3
      vertex -74.1963 -66.2335 0
      vertex -74.0439 -66.3442 0
    endloop
  endfacet
  facet normal 0.844251 -0.535948 0
    outer loop
      vertex -76.3145 -66.7774 3
      vertex -76.2135 -66.6183 0
      vertex -76.2135 -66.6183 3
    endloop
  endfacet
  facet normal 0.844251 -0.535948 0
    outer loop
      vertex -76.2135 -66.6183 0
      vertex -76.3145 -66.7774 3
      vertex -76.3145 -66.7774 0
    endloop
  endfacet
  facet normal 0.77061 -0.637307 0
    outer loop
      vertex -76.2135 -66.6183 3
      vertex -76.0935 -66.4732 0
      vertex -76.0935 -66.4732 3
    endloop
  endfacet
  facet normal 0.77061 -0.637307 0
    outer loop
      vertex -76.0935 -66.4732 0
      vertex -76.2135 -66.6183 3
      vertex -76.2135 -66.6183 0
    endloop
  endfacet
  facet normal 0.982278 -0.187429 0
    outer loop
      vertex -76.4882 -67.312 3
      vertex -76.4529 -67.127 0
      vertex -76.4529 -67.127 3
    endloop
  endfacet
  facet normal 0.982278 -0.187429 0
    outer loop
      vertex -76.4529 -67.127 0
      vertex -76.4882 -67.312 3
      vertex -76.4882 -67.312 0
    endloop
  endfacet
  facet normal 0.481715 -0.876328 0
    outer loop
      vertex -75.8037 -66.2335 0
      vertex -75.6387 -66.1428 3
      vertex -75.8037 -66.2335 3
    endloop
  endfacet
  facet normal 0.481715 -0.876328 0
    outer loop
      vertex -75.6387 -66.1428 3
      vertex -75.8037 -66.2335 0
      vertex -75.6387 -66.1428 0
    endloop
  endfacet
  facet normal 0.587698 -0.80908 0
    outer loop
      vertex -75.9561 -66.3442 0
      vertex -75.8037 -66.2335 3
      vertex -75.9561 -66.3442 3
    endloop
  endfacet
  facet normal 0.587698 -0.80908 0
    outer loop
      vertex -75.8037 -66.2335 3
      vertex -75.9561 -66.3442 0
      vertex -75.8037 -66.2335 0
    endloop
  endfacet
  facet normal 0.248529 -0.968625 0
    outer loop
      vertex -75.4635 -66.0734 0
      vertex -75.2811 -66.0266 3
      vertex -75.4635 -66.0734 3
    endloop
  endfacet
  facet normal 0.248529 -0.968625 0
    outer loop
      vertex -75.2811 -66.0266 3
      vertex -75.4635 -66.0734 0
      vertex -75.2811 -66.0266 0
    endloop
  endfacet
  facet normal -0.998036 0.0626427 0
    outer loop
      vertex -73.5118 -67.688 0
      vertex -73.5 -67.5 3
      vertex -73.5 -67.5 0
    endloop
  endfacet
  facet normal -0.998036 0.0626427 0
    outer loop
      vertex -73.5 -67.5 3
      vertex -73.5118 -67.688 0
      vertex -73.5118 -67.688 3
    endloop
  endfacet
  facet normal -0.77061 0.637307 0
    outer loop
      vertex -73.9065 -68.5268 0
      vertex -73.7865 -68.3817 3
      vertex -73.7865 -68.3817 0
    endloop
  endfacet
  facet normal -0.77061 0.637307 0
    outer loop
      vertex -73.7865 -68.3817 3
      vertex -73.9065 -68.5268 0
      vertex -73.9065 -68.5268 3
    endloop
  endfacet
  facet normal -0.587698 0.80908 0
    outer loop
      vertex -74.0439 -68.6558 0
      vertex -74.1963 -68.7665 3
      vertex -74.0439 -68.6558 3
    endloop
  endfacet
  facet normal -0.587698 0.80908 0
    outer loop
      vertex -74.1963 -68.7665 3
      vertex -74.0439 -68.6558 0
      vertex -74.1963 -68.7665 0
    endloop
  endfacet
  facet normal -0.68447 0.729041 0
    outer loop
      vertex -73.9065 -68.5268 0
      vertex -74.0439 -68.6558 3
      vertex -73.9065 -68.5268 3
    endloop
  endfacet
  facet normal -0.68447 0.729041 0
    outer loop
      vertex -74.0439 -68.6558 3
      vertex -73.9065 -68.5268 0
      vertex -74.0439 -68.6558 0
    endloop
  endfacet
  facet normal -0.904795 0.425848 0
    outer loop
      vertex -73.6855 -68.2226 0
      vertex -73.6053 -68.0522 3
      vertex -73.6053 -68.0522 0
    endloop
  endfacet
  facet normal -0.904795 0.425848 0
    outer loop
      vertex -73.6053 -68.0522 3
      vertex -73.6855 -68.2226 0
      vertex -73.6855 -68.2226 3
    endloop
  endfacet
  facet normal 0.68447 0.729041 -0
    outer loop
      vertex -75.9561 -68.6558 0
      vertex -76.0935 -68.5268 3
      vertex -75.9561 -68.6558 3
    endloop
  endfacet
  facet normal 0.68447 0.729041 0
    outer loop
      vertex -76.0935 -68.5268 3
      vertex -75.9561 -68.6558 0
      vertex -76.0935 -68.5268 0
    endloop
  endfacet
  facet normal 0.844251 0.535948 0
    outer loop
      vertex -76.2135 -68.3817 3
      vertex -76.3145 -68.2226 0
      vertex -76.3145 -68.2226 3
    endloop
  endfacet
  facet normal 0.844251 0.535948 0
    outer loop
      vertex -76.3145 -68.2226 0
      vertex -76.2135 -68.3817 3
      vertex -76.2135 -68.3817 0
    endloop
  endfacet
  facet normal 0.951096 0.308894 0
    outer loop
      vertex -76.3947 -68.0522 3
      vertex -76.4529 -67.873 0
      vertex -76.4529 -67.873 3
    endloop
  endfacet
  facet normal 0.951096 0.308894 0
    outer loop
      vertex -76.4529 -67.873 0
      vertex -76.3947 -68.0522 3
      vertex -76.3947 -68.0522 0
    endloop
  endfacet
  facet normal 0.998036 0.0626427 0
    outer loop
      vertex -76.4882 -67.688 3
      vertex -76.5 -67.5 0
      vertex -76.5 -67.5 3
    endloop
  endfacet
  facet normal 0.998036 0.0626427 0
    outer loop
      vertex -76.5 -67.5 0
      vertex -76.4882 -67.688 3
      vertex -76.4882 -67.688 0
    endloop
  endfacet
  facet normal -0.368278 0.929716 0
    outer loop
      vertex -74.3613 -68.8572 0
      vertex -74.5365 -68.9266 3
      vertex -74.3613 -68.8572 3
    endloop
  endfacet
  facet normal -0.368278 0.929716 0
    outer loop
      vertex -74.5365 -68.9266 3
      vertex -74.3613 -68.8572 0
      vertex -74.5365 -68.9266 0
    endloop
  endfacet
  facet normal -0.248529 0.968625 0
    outer loop
      vertex -74.5365 -68.9266 0
      vertex -74.7189 -68.9734 3
      vertex -74.5365 -68.9266 3
    endloop
  endfacet
  facet normal -0.248529 0.968625 0
    outer loop
      vertex -74.7189 -68.9734 3
      vertex -74.5365 -68.9266 0
      vertex -74.7189 -68.9734 0
    endloop
  endfacet
  facet normal -0.951096 0.308894 0
    outer loop
      vertex -73.6053 -68.0522 0
      vertex -73.5471 -67.873 3
      vertex -73.5471 -67.873 0
    endloop
  endfacet
  facet normal -0.951096 0.308894 0
    outer loop
      vertex -73.5471 -67.873 3
      vertex -73.6053 -68.0522 0
      vertex -73.6053 -68.0522 3
    endloop
  endfacet
  facet normal 0.368278 0.929716 -0
    outer loop
      vertex -75.4635 -68.9266 0
      vertex -75.6387 -68.8572 3
      vertex -75.4635 -68.9266 3
    endloop
  endfacet
  facet normal 0.368278 0.929716 0
    outer loop
      vertex -75.6387 -68.8572 3
      vertex -75.4635 -68.9266 0
      vertex -75.6387 -68.8572 0
    endloop
  endfacet
  facet normal 0.248529 0.968625 -0
    outer loop
      vertex -75.2811 -68.9734 0
      vertex -75.4635 -68.9266 3
      vertex -75.2811 -68.9734 3
    endloop
  endfacet
  facet normal 0.248529 0.968625 0
    outer loop
      vertex -75.4635 -68.9266 3
      vertex -75.2811 -68.9734 0
      vertex -75.4635 -68.9266 0
    endloop
  endfacet
  facet normal 0.904795 0.425848 0
    outer loop
      vertex -76.3145 -68.2226 3
      vertex -76.3947 -68.0522 0
      vertex -76.3947 -68.0522 3
    endloop
  endfacet
  facet normal 0.904795 0.425848 0
    outer loop
      vertex -76.3947 -68.0522 0
      vertex -76.3145 -68.2226 3
      vertex -76.3145 -68.2226 0
    endloop
  endfacet
  facet normal 0.982278 0.187429 0
    outer loop
      vertex -76.4529 -67.873 3
      vertex -76.4882 -67.688 0
      vertex -76.4882 -67.688 3
    endloop
  endfacet
  facet normal 0.982278 0.187429 0
    outer loop
      vertex -76.4882 -67.688 0
      vertex -76.4529 -67.873 3
      vertex -76.4529 -67.873 0
    endloop
  endfacet
  facet normal -0.481715 0.876328 0
    outer loop
      vertex -74.1963 -68.7665 0
      vertex -74.3613 -68.8572 3
      vertex -74.1963 -68.7665 3
    endloop
  endfacet
  facet normal -0.481715 0.876328 0
    outer loop
      vertex -74.3613 -68.8572 3
      vertex -74.1963 -68.7665 0
      vertex -74.3613 -68.8572 0
    endloop
  endfacet
  facet normal 0.587698 0.80908 -0
    outer loop
      vertex -75.8037 -68.7665 0
      vertex -75.9561 -68.6558 3
      vertex -75.8037 -68.7665 3
    endloop
  endfacet
  facet normal 0.587698 0.80908 0
    outer loop
      vertex -75.9561 -68.6558 3
      vertex -75.8037 -68.7665 0
      vertex -75.9561 -68.6558 0
    endloop
  endfacet
  facet normal 0.125276 0.992122 -0
    outer loop
      vertex -75.0942 -68.997 0
      vertex -75.2811 -68.9734 3
      vertex -75.0942 -68.997 3
    endloop
  endfacet
  facet normal 0.125276 0.992122 0
    outer loop
      vertex -75.2811 -68.9734 3
      vertex -75.0942 -68.997 0
      vertex -75.2811 -68.9734 0
    endloop
  endfacet
  facet normal 0.481715 0.876328 -0
    outer loop
      vertex -75.6387 -68.8572 0
      vertex -75.8037 -68.7665 3
      vertex -75.6387 -68.8572 3
    endloop
  endfacet
  facet normal 0.481715 0.876328 0
    outer loop
      vertex -75.8037 -68.7665 3
      vertex -75.6387 -68.8572 0
      vertex -75.8037 -68.7665 0
    endloop
  endfacet
  facet normal -0.998036 -0.0626427 0
    outer loop
      vertex -73.5 -52.5 0
      vertex -73.5118 -52.312 3
      vertex -73.5118 -52.312 0
    endloop
  endfacet
  facet normal -0.998036 -0.0626427 0
    outer loop
      vertex -73.5118 -52.312 3
      vertex -73.5 -52.5 0
      vertex -73.5 -52.5 3
    endloop
  endfacet
  facet normal 0.998036 -0.0626427 0
    outer loop
      vertex -76.5 -52.5 3
      vertex -76.4882 -52.312 0
      vertex -76.4882 -52.312 3
    endloop
  endfacet
  facet normal 0.998036 -0.0626427 0
    outer loop
      vertex -76.4882 -52.312 0
      vertex -76.5 -52.5 3
      vertex -76.5 -52.5 0
    endloop
  endfacet
  facet normal 0 -1 0
    outer loop
      vertex -75.0942 -51.003 0
      vertex -74.9058 -51.003 3
      vertex -75.0942 -51.003 3
    endloop
  endfacet
  facet normal 0 -1 -0
    outer loop
      vertex -74.9058 -51.003 3
      vertex -75.0942 -51.003 0
      vertex -74.9058 -51.003 0
    endloop
  endfacet
  facet normal 0 1 -0
    outer loop
      vertex -74.9058 -53.997 0
      vertex -75.0942 -53.997 3
      vertex -74.9058 -53.997 3
    endloop
  endfacet
  facet normal 0 1 0
    outer loop
      vertex -75.0942 -53.997 3
      vertex -74.9058 -53.997 0
      vertex -75.0942 -53.997 0
    endloop
  endfacet
  facet normal -0.68447 -0.729041 0
    outer loop
      vertex -74.0439 -51.3442 0
      vertex -73.9065 -51.4732 3
      vertex -74.0439 -51.3442 3
    endloop
  endfacet
  facet normal -0.68447 -0.729041 -0
    outer loop
      vertex -73.9065 -51.4732 3
      vertex -74.0439 -51.3442 0
      vertex -73.9065 -51.4732 0
    endloop
  endfacet
  facet normal 0.68447 -0.729041 0
    outer loop
      vertex -76.0935 -51.4732 0
      vertex -75.9561 -51.3442 3
      vertex -76.0935 -51.4732 3
    endloop
  endfacet
  facet normal 0.68447 -0.729041 0
    outer loop
      vertex -75.9561 -51.3442 3
      vertex -76.0935 -51.4732 0
      vertex -75.9561 -51.3442 0
    endloop
  endfacet
  facet normal 0.368278 -0.929716 0
    outer loop
      vertex -75.6387 -51.1428 0
      vertex -75.4635 -51.0734 3
      vertex -75.6387 -51.1428 3
    endloop
  endfacet
  facet normal 0.368278 -0.929716 0
    outer loop
      vertex -75.4635 -51.0734 3
      vertex -75.6387 -51.1428 0
      vertex -75.4635 -51.0734 0
    endloop
  endfacet
  facet normal -0.844251 0.535948 0
    outer loop
      vertex -73.7865 -53.3817 0
      vertex -73.6855 -53.2226 3
      vertex -73.6855 -53.2226 0
    endloop
  endfacet
  facet normal -0.844251 0.535948 0
    outer loop
      vertex -73.6855 -53.2226 3
      vertex -73.7865 -53.3817 0
      vertex -73.7865 -53.3817 3
    endloop
  endfacet
  facet normal -0.904795 -0.425848 0
    outer loop
      vertex -73.6053 -51.9478 0
      vertex -73.6855 -51.7774 3
      vertex -73.6855 -51.7774 0
    endloop
  endfacet
  facet normal -0.904795 -0.425848 0
    outer loop
      vertex -73.6855 -51.7774 3
      vertex -73.6053 -51.9478 0
      vertex -73.6053 -51.9478 3
    endloop
  endfacet
  facet normal -0.982278 -0.187429 0
    outer loop
      vertex -73.5118 -52.312 0
      vertex -73.5471 -52.127 3
      vertex -73.5471 -52.127 0
    endloop
  endfacet
  facet normal -0.982278 -0.187429 0
    outer loop
      vertex -73.5471 -52.127 3
      vertex -73.5118 -52.312 0
      vertex -73.5118 -52.312 3
    endloop
  endfacet
  facet normal -0.368278 -0.929716 0
    outer loop
      vertex -74.5365 -51.0734 0
      vertex -74.3613 -51.1428 3
      vertex -74.5365 -51.0734 3
    endloop
  endfacet
  facet normal -0.368278 -0.929716 -0
    outer loop
      vertex -74.3613 -51.1428 3
      vertex -74.5365 -51.0734 0
      vertex -74.3613 -51.1428 0
    endloop
  endfacet
  facet normal -0.248529 -0.968625 0
    outer loop
      vertex -74.7189 -51.0266 0
      vertex -74.5365 -51.0734 3
      vertex -74.7189 -51.0266 3
    endloop
  endfacet
  facet normal -0.248529 -0.968625 -0
    outer loop
      vertex -74.5365 -51.0734 3
      vertex -74.7189 -51.0266 0
      vertex -74.5365 -51.0734 0
    endloop
  endfacet
  facet normal -0.481715 -0.876328 0
    outer loop
      vertex -74.3613 -51.1428 0
      vertex -74.1963 -51.2335 3
      vertex -74.3613 -51.1428 3
    endloop
  endfacet
  facet normal -0.481715 -0.876328 -0
    outer loop
      vertex -74.1963 -51.2335 3
      vertex -74.3613 -51.1428 0
      vertex -74.1963 -51.2335 0
    endloop
  endfacet
  facet normal 0.904795 -0.425848 0
    outer loop
      vertex -76.3947 -51.9478 3
      vertex -76.3145 -51.7774 0
      vertex -76.3145 -51.7774 3
    endloop
  endfacet
  facet normal 0.904795 -0.425848 0
    outer loop
      vertex -76.3145 -51.7774 0
      vertex -76.3947 -51.9478 3
      vertex -76.3947 -51.9478 0
    endloop
  endfacet
  facet normal 0.844251 -0.535948 0
    outer loop
      vertex -76.3145 -51.7774 3
      vertex -76.2135 -51.6183 0
      vertex -76.2135 -51.6183 3
    endloop
  endfacet
  facet normal 0.844251 -0.535948 0
    outer loop
      vertex -76.2135 -51.6183 0
      vertex -76.3145 -51.7774 3
      vertex -76.3145 -51.7774 0
    endloop
  endfacet
  facet normal 0.951096 -0.308894 0
    outer loop
      vertex -76.4529 -52.127 3
      vertex -76.3947 -51.9478 0
      vertex -76.3947 -51.9478 3
    endloop
  endfacet
  facet normal 0.951096 -0.308894 0
    outer loop
      vertex -76.3947 -51.9478 0
      vertex -76.4529 -52.127 3
      vertex -76.4529 -52.127 0
    endloop
  endfacet
  facet normal 0.587698 -0.80908 0
    outer loop
      vertex -75.9561 -51.3442 0
      vertex -75.8037 -51.2335 3
      vertex -75.9561 -51.3442 3
    endloop
  endfacet
  facet normal 0.587698 -0.80908 0
    outer loop
      vertex -75.8037 -51.2335 3
      vertex -75.9561 -51.3442 0
      vertex -75.8037 -51.2335 0
    endloop
  endfacet
  facet normal 0.125276 -0.992122 0
    outer loop
      vertex -75.2811 -51.0266 0
      vertex -75.0942 -51.003 3
      vertex -75.2811 -51.0266 3
    endloop
  endfacet
  facet normal 0.125276 -0.992122 0
    outer loop
      vertex -75.0942 -51.003 3
      vertex -75.2811 -51.0266 0
      vertex -75.0942 -51.003 0
    endloop
  endfacet
  facet normal -0.125276 0.992122 0
    outer loop
      vertex -74.7189 -53.9734 0
      vertex -74.9058 -53.997 3
      vertex -74.7189 -53.9734 3
    endloop
  endfacet
  facet normal -0.125276 0.992122 0
    outer loop
      vertex -74.9058 -53.997 3
      vertex -74.7189 -53.9734 0
      vertex -74.9058 -53.997 0
    endloop
  endfacet
  facet normal -0.951096 -0.308894 0
    outer loop
      vertex -73.5471 -52.127 0
      vertex -73.6053 -51.9478 3
      vertex -73.6053 -51.9478 0
    endloop
  endfacet
  facet normal -0.951096 -0.308894 0
    outer loop
      vertex -73.6053 -51.9478 3
      vertex -73.5471 -52.127 0
      vertex -73.5471 -52.127 3
    endloop
  endfacet
  facet normal -0.77061 -0.637307 0
    outer loop
      vertex -73.7865 -51.6183 0
      vertex -73.9065 -51.4732 3
      vertex -73.9065 -51.4732 0
    endloop
  endfacet
  facet normal -0.77061 -0.637307 0
    outer loop
      vertex -73.9065 -51.4732 3
      vertex -73.7865 -51.6183 0
      vertex -73.7865 -51.6183 3
    endloop
  endfacet
  facet normal -0.844251 -0.535948 0
    outer loop
      vertex -73.6855 -51.7774 0
      vertex -73.7865 -51.6183 3
      vertex -73.7865 -51.6183 0
    endloop
  endfacet
  facet normal -0.844251 -0.535948 0
    outer loop
      vertex -73.7865 -51.6183 3
      vertex -73.6855 -51.7774 0
      vertex -73.6855 -51.7774 3
    endloop
  endfacet
  facet normal -0.125276 -0.992122 0
    outer loop
      vertex -74.9058 -51.003 0
      vertex -74.7189 -51.0266 3
      vertex -74.9058 -51.003 3
    endloop
  endfacet
  facet normal -0.125276 -0.992122 -0
    outer loop
      vertex -74.7189 -51.0266 3
      vertex -74.9058 -51.003 0
      vertex -74.7189 -51.0266 0
    endloop
  endfacet
  facet normal -0.587698 -0.80908 0
    outer loop
      vertex -74.1963 -51.2335 0
      vertex -74.0439 -51.3442 3
      vertex -74.1963 -51.2335 3
    endloop
  endfacet
  facet normal -0.587698 -0.80908 -0
    outer loop
      vertex -74.0439 -51.3442 3
      vertex -74.1963 -51.2335 0
      vertex -74.0439 -51.3442 0
    endloop
  endfacet
  facet normal 0.77061 -0.637307 0
    outer loop
      vertex -76.2135 -51.6183 3
      vertex -76.0935 -51.4732 0
      vertex -76.0935 -51.4732 3
    endloop
  endfacet
  facet normal 0.77061 -0.637307 0
    outer loop
      vertex -76.0935 -51.4732 0
      vertex -76.2135 -51.6183 3
      vertex -76.2135 -51.6183 0
    endloop
  endfacet
  facet normal 0.982278 -0.187429 0
    outer loop
      vertex -76.4882 -52.312 3
      vertex -76.4529 -52.127 0
      vertex -76.4529 -52.127 3
    endloop
  endfacet
  facet normal 0.982278 -0.187429 0
    outer loop
      vertex -76.4529 -52.127 0
      vertex -76.4882 -52.312 3
      vertex -76.4882 -52.312 0
    endloop
  endfacet
  facet normal -0.998036 0.0626427 0
    outer loop
      vertex -73.5118 -52.688 0
      vertex -73.5 -52.5 3
      vertex -73.5 -52.5 0
    endloop
  endfacet
  facet normal -0.998036 0.0626427 0
    outer loop
      vertex -73.5 -52.5 3
      vertex -73.5118 -52.688 0
      vertex -73.5118 -52.688 3
    endloop
  endfacet
  facet normal -0.77061 0.637307 0
    outer loop
      vertex -73.9065 -53.5268 0
      vertex -73.7865 -53.3817 3
      vertex -73.7865 -53.3817 0
    endloop
  endfacet
  facet normal -0.77061 0.637307 0
    outer loop
      vertex -73.7865 -53.3817 3
      vertex -73.9065 -53.5268 0
      vertex -73.9065 -53.5268 3
    endloop
  endfacet
  facet normal 0.904795 0.425848 0
    outer loop
      vertex -76.3145 -53.2226 3
      vertex -76.3947 -53.0522 0
      vertex -76.3947 -53.0522 3
    endloop
  endfacet
  facet normal 0.904795 0.425848 0
    outer loop
      vertex -76.3947 -53.0522 0
      vertex -76.3145 -53.2226 3
      vertex -76.3145 -53.2226 0
    endloop
  endfacet
  facet normal -0.368278 0.929716 0
    outer loop
      vertex -74.3613 -53.8572 0
      vertex -74.5365 -53.9266 3
      vertex -74.3613 -53.8572 3
    endloop
  endfacet
  facet normal -0.368278 0.929716 0
    outer loop
      vertex -74.5365 -53.9266 3
      vertex -74.3613 -53.8572 0
      vertex -74.5365 -53.9266 0
    endloop
  endfacet
  facet normal 0.481715 -0.876328 0
    outer loop
      vertex -75.8037 -51.2335 0
      vertex -75.6387 -51.1428 3
      vertex -75.8037 -51.2335 3
    endloop
  endfacet
  facet normal 0.481715 -0.876328 0
    outer loop
      vertex -75.6387 -51.1428 3
      vertex -75.8037 -51.2335 0
      vertex -75.6387 -51.1428 0
    endloop
  endfacet
  facet normal 0.248529 -0.968625 0
    outer loop
      vertex -75.4635 -51.0734 0
      vertex -75.2811 -51.0266 3
      vertex -75.4635 -51.0734 3
    endloop
  endfacet
  facet normal 0.248529 -0.968625 0
    outer loop
      vertex -75.2811 -51.0266 3
      vertex -75.4635 -51.0734 0
      vertex -75.2811 -51.0266 0
    endloop
  endfacet
  facet normal -0.951096 0.308894 0
    outer loop
      vertex -73.6053 -53.0522 0
      vertex -73.5471 -52.873 3
      vertex -73.5471 -52.873 0
    endloop
  endfacet
  facet normal -0.951096 0.308894 0
    outer loop
      vertex -73.5471 -52.873 3
      vertex -73.6053 -53.0522 0
      vertex -73.6053 -53.0522 3
    endloop
  endfacet
  facet normal -0.982278 0.187429 0
    outer loop
      vertex -73.5471 -52.873 0
      vertex -73.5118 -52.688 3
      vertex -73.5118 -52.688 0
    endloop
  endfacet
  facet normal -0.982278 0.187429 0
    outer loop
      vertex -73.5118 -52.688 3
      vertex -73.5471 -52.873 0
      vertex -73.5471 -52.873 3
    endloop
  endfacet
  facet normal -0.587698 0.80908 0
    outer loop
      vertex -74.0439 -53.6558 0
      vertex -74.1963 -53.7665 3
      vertex -74.0439 -53.6558 3
    endloop
  endfacet
  facet normal -0.587698 0.80908 0
    outer loop
      vertex -74.1963 -53.7665 3
      vertex -74.0439 -53.6558 0
      vertex -74.1963 -53.7665 0
    endloop
  endfacet
  facet normal -0.68447 0.729041 0
    outer loop
      vertex -73.9065 -53.5268 0
      vertex -74.0439 -53.6558 3
      vertex -73.9065 -53.5268 3
    endloop
  endfacet
  facet normal -0.68447 0.729041 0
    outer loop
      vertex -74.0439 -53.6558 3
      vertex -73.9065 -53.5268 0
      vertex -74.0439 -53.6558 0
    endloop
  endfacet
  facet normal -0.904795 0.425848 0
    outer loop
      vertex -73.6855 -53.2226 0
      vertex -73.6053 -53.0522 3
      vertex -73.6053 -53.0522 0
    endloop
  endfacet
  facet normal -0.904795 0.425848 0
    outer loop
      vertex -73.6053 -53.0522 3
      vertex -73.6855 -53.2226 0
      vertex -73.6855 -53.2226 3
    endloop
  endfacet
  facet normal 0.368278 0.929716 -0
    outer loop
      vertex -75.4635 -53.9266 0
      vertex -75.6387 -53.8572 3
      vertex -75.4635 -53.9266 3
    endloop
  endfacet
  facet normal 0.368278 0.929716 0
    outer loop
      vertex -75.6387 -53.8572 3
      vertex -75.4635 -53.9266 0
      vertex -75.6387 -53.8572 0
    endloop
  endfacet
  facet normal 0.68447 0.729041 -0
    outer loop
      vertex -75.9561 -53.6558 0
      vertex -76.0935 -53.5268 3
      vertex -75.9561 -53.6558 3
    endloop
  endfacet
  facet normal 0.68447 0.729041 0
    outer loop
      vertex -76.0935 -53.5268 3
      vertex -75.9561 -53.6558 0
      vertex -76.0935 -53.5268 0
    endloop
  endfacet
  facet normal 0.951096 0.308894 0
    outer loop
      vertex -76.3947 -53.0522 3
      vertex -76.4529 -52.873 0
      vertex -76.4529 -52.873 3
    endloop
  endfacet
  facet normal 0.951096 0.308894 0
    outer loop
      vertex -76.4529 -52.873 0
      vertex -76.3947 -53.0522 3
      vertex -76.3947 -53.0522 0
    endloop
  endfacet
  facet normal 0.998036 0.0626427 0
    outer loop
      vertex -76.4882 -52.688 3
      vertex -76.5 -52.5 0
      vertex -76.5 -52.5 3
    endloop
  endfacet
  facet normal 0.998036 0.0626427 0
    outer loop
      vertex -76.5 -52.5 0
      vertex -76.4882 -52.688 3
      vertex -76.4882 -52.688 0
    endloop
  endfacet
  facet normal -0.481715 0.876328 0
    outer loop
      vertex -74.1963 -53.7665 0
      vertex -74.3613 -53.8572 3
      vertex -74.1963 -53.7665 3
    endloop
  endfacet
  facet normal -0.481715 0.876328 0
    outer loop
      vertex -74.3613 -53.8572 3
      vertex -74.1963 -53.7665 0
      vertex -74.3613 -53.8572 0
    endloop
  endfacet
  facet normal -0.248529 0.968625 0
    outer loop
      vertex -74.5365 -53.9266 0
      vertex -74.7189 -53.9734 3
      vertex -74.5365 -53.9266 3
    endloop
  endfacet
  facet normal -0.248529 0.968625 0
    outer loop
      vertex -74.7189 -53.9734 3
      vertex -74.5365 -53.9266 0
      vertex -74.7189 -53.9734 0
    endloop
  endfacet
  facet normal 0.125276 0.992122 -0
    outer loop
      vertex -75.0942 -53.997 0
      vertex -75.2811 -53.9734 3
      vertex -75.0942 -53.997 3
    endloop
  endfacet
  facet normal 0.125276 0.992122 0
    outer loop
      vertex -75.2811 -53.9734 3
      vertex -75.0942 -53.997 0
      vertex -75.2811 -53.9734 0
    endloop
  endfacet
  facet normal 0.587698 0.80908 -0
    outer loop
      vertex -75.8037 -53.7665 0
      vertex -75.9561 -53.6558 3
      vertex -75.8037 -53.7665 3
    endloop
  endfacet
  facet normal 0.587698 0.80908 0
    outer loop
      vertex -75.9561 -53.6558 3
      vertex -75.8037 -53.7665 0
      vertex -75.9561 -53.6558 0
    endloop
  endfacet
  facet normal 0.248529 0.968625 -0
    outer loop
      vertex -75.2811 -53.9734 0
      vertex -75.4635 -53.9266 3
      vertex -75.2811 -53.9734 3
    endloop
  endfacet
  facet normal 0.248529 0.968625 0
    outer loop
      vertex -75.4635 -53.9266 3
      vertex -75.2811 -53.9734 0
      vertex -75.4635 -53.9266 0
    endloop
  endfacet
  facet normal 0.77061 0.637307 0
    outer loop
      vertex -76.0935 -53.5268 3
      vertex -76.2135 -53.3817 0
      vertex -76.2135 -53.3817 3
    endloop
  endfacet
  facet normal 0.77061 0.637307 0
    outer loop
      vertex -76.2135 -53.3817 0
      vertex -76.0935 -53.5268 3
      vertex -76.0935 -53.5268 0
    endloop
  endfacet
  facet normal 0.844251 0.535948 0
    outer loop
      vertex -76.2135 -53.3817 3
      vertex -76.3145 -53.2226 0
      vertex -76.3145 -53.2226 3
    endloop
  endfacet
  facet normal 0.844251 0.535948 0
    outer loop
      vertex -76.3145 -53.2226 0
      vertex -76.2135 -53.3817 3
      vertex -76.2135 -53.3817 0
    endloop
  endfacet
  facet normal 0.982278 0.187429 0
    outer loop
      vertex -76.4529 -52.873 3
      vertex -76.4882 -52.688 0
      vertex -76.4882 -52.688 3
    endloop
  endfacet
  facet normal 0.982278 0.187429 0
    outer loop
      vertex -76.4882 -52.688 0
      vertex -76.4529 -52.873 3
      vertex -76.4529 -52.873 0
    endloop
  endfacet
  facet normal 0.481715 0.876328 -0
    outer loop
      vertex -75.6387 -53.8572 0
      vertex -75.8037 -53.7665 3
      vertex -75.6387 -53.8572 3
    endloop
  endfacet
  facet normal 0.481715 0.876328 0
    outer loop
      vertex -75.8037 -53.7665 3
      vertex -75.6387 -53.8572 0
      vertex -75.8037 -53.7665 0
    endloop
  endfacet
  facet normal -0.844251 -0.535948 0
    outer loop
      vertex -73.6855 -36.7774 0
      vertex -73.7865 -36.6183 3
      vertex -73.7865 -36.6183 0
    endloop
  endfacet
  facet normal -0.844251 -0.535948 0
    outer loop
      vertex -73.7865 -36.6183 3
      vertex -73.6855 -36.7774 0
      vertex -73.6855 -36.7774 3
    endloop
  endfacet
  facet normal -0.248529 -0.968625 0
    outer loop
      vertex -74.7189 -36.0266 0
      vertex -74.5365 -36.0734 3
      vertex -74.7189 -36.0266 3
    endloop
  endfacet
  facet normal -0.248529 -0.968625 -0
    outer loop
      vertex -74.5365 -36.0734 3
      vertex -74.7189 -36.0266 0
      vertex -74.5365 -36.0734 0
    endloop
  endfacet
  facet normal -0.368278 -0.929716 0
    outer loop
      vertex -74.5365 -36.0734 0
      vertex -74.3613 -36.1428 3
      vertex -74.5365 -36.0734 3
    endloop
  endfacet
  facet normal -0.368278 -0.929716 -0
    outer loop
      vertex -74.3613 -36.1428 3
      vertex -74.5365 -36.0734 0
      vertex -74.3613 -36.1428 0
    endloop
  endfacet
  facet normal 0.368278 -0.929716 0
    outer loop
      vertex -75.6387 -36.1428 0
      vertex -75.4635 -36.0734 3
      vertex -75.6387 -36.1428 3
    endloop
  endfacet
  facet normal 0.368278 -0.929716 0
    outer loop
      vertex -75.4635 -36.0734 3
      vertex -75.6387 -36.1428 0
      vertex -75.4635 -36.0734 0
    endloop
  endfacet
  facet normal 0.904795 -0.425848 0
    outer loop
      vertex -76.3947 -36.9478 3
      vertex -76.3145 -36.7774 0
      vertex -76.3145 -36.7774 3
    endloop
  endfacet
  facet normal 0.904795 -0.425848 0
    outer loop
      vertex -76.3145 -36.7774 0
      vertex -76.3947 -36.9478 3
      vertex -76.3947 -36.9478 0
    endloop
  endfacet
  facet normal -0.982278 -0.187429 0
    outer loop
      vertex -73.5118 -37.312 0
      vertex -73.5471 -37.127 3
      vertex -73.5471 -37.127 0
    endloop
  endfacet
  facet normal -0.982278 -0.187429 0
    outer loop
      vertex -73.5471 -37.127 3
      vertex -73.5118 -37.312 0
      vertex -73.5118 -37.312 3
    endloop
  endfacet
  facet normal -0.68447 -0.729041 0
    outer loop
      vertex -74.0439 -36.3442 0
      vertex -73.9065 -36.4732 3
      vertex -74.0439 -36.3442 3
    endloop
  endfacet
  facet normal -0.68447 -0.729041 -0
    outer loop
      vertex -73.9065 -36.4732 3
      vertex -74.0439 -36.3442 0
      vertex -73.9065 -36.4732 0
    endloop
  endfacet
  facet normal -0.481715 -0.876328 0
    outer loop
      vertex -74.3613 -36.1428 0
      vertex -74.1963 -36.2335 3
      vertex -74.3613 -36.1428 3
    endloop
  endfacet
  facet normal -0.481715 -0.876328 -0
    outer loop
      vertex -74.1963 -36.2335 3
      vertex -74.3613 -36.1428 0
      vertex -74.1963 -36.2335 0
    endloop
  endfacet
  facet normal 0.982278 -0.187429 0
    outer loop
      vertex -76.4882 -37.312 3
      vertex -76.4529 -37.127 0
      vertex -76.4529 -37.127 3
    endloop
  endfacet
  facet normal 0.982278 -0.187429 0
    outer loop
      vertex -76.4529 -37.127 0
      vertex -76.4882 -37.312 3
      vertex -76.4882 -37.312 0
    endloop
  endfacet
  facet normal 0.77061 -0.637307 0
    outer loop
      vertex -76.2135 -36.6183 3
      vertex -76.0935 -36.4732 0
      vertex -76.0935 -36.4732 3
    endloop
  endfacet
  facet normal 0.77061 -0.637307 0
    outer loop
      vertex -76.0935 -36.4732 0
      vertex -76.2135 -36.6183 3
      vertex -76.2135 -36.6183 0
    endloop
  endfacet
  facet normal 0.125276 -0.992122 0
    outer loop
      vertex -75.2811 -36.0266 0
      vertex -75.0942 -36.003 3
      vertex -75.2811 -36.0266 3
    endloop
  endfacet
  facet normal 0.125276 -0.992122 0
    outer loop
      vertex -75.0942 -36.003 3
      vertex -75.2811 -36.0266 0
      vertex -75.0942 -36.003 0
    endloop
  endfacet
  facet normal 0.68447 -0.729041 0
    outer loop
      vertex -76.0935 -36.4732 0
      vertex -75.9561 -36.3442 3
      vertex -76.0935 -36.4732 3
    endloop
  endfacet
  facet normal 0.68447 -0.729041 0
    outer loop
      vertex -75.9561 -36.3442 3
      vertex -76.0935 -36.4732 0
      vertex -75.9561 -36.3442 0
    endloop
  endfacet
  facet normal -0.587698 0.80908 0
    outer loop
      vertex -74.0439 -38.6558 0
      vertex -74.1963 -38.7665 3
      vertex -74.0439 -38.6558 3
    endloop
  endfacet
  facet normal -0.587698 0.80908 0
    outer loop
      vertex -74.1963 -38.7665 3
      vertex -74.0439 -38.6558 0
      vertex -74.1963 -38.7665 0
    endloop
  endfacet
  facet normal -0.77061 -0.637307 0
    outer loop
      vertex -73.7865 -36.6183 0
      vertex -73.9065 -36.4732 3
      vertex -73.9065 -36.4732 0
    endloop
  endfacet
  facet normal -0.77061 -0.637307 0
    outer loop
      vertex -73.9065 -36.4732 3
      vertex -73.7865 -36.6183 0
      vertex -73.7865 -36.6183 3
    endloop
  endfacet
  facet normal 0 -1 0
    outer loop
      vertex -75.0942 -36.003 0
      vertex -74.9058 -36.003 3
      vertex -75.0942 -36.003 3
    endloop
  endfacet
  facet normal 0 -1 -0
    outer loop
      vertex -74.9058 -36.003 3
      vertex -75.0942 -36.003 0
      vertex -74.9058 -36.003 0
    endloop
  endfacet
  facet normal -0.587698 -0.80908 0
    outer loop
      vertex -74.1963 -36.2335 0
      vertex -74.0439 -36.3442 3
      vertex -74.1963 -36.2335 3
    endloop
  endfacet
  facet normal -0.587698 -0.80908 -0
    outer loop
      vertex -74.0439 -36.3442 3
      vertex -74.1963 -36.2335 0
      vertex -74.0439 -36.3442 0
    endloop
  endfacet
  facet normal 0.998036 -0.0626427 0
    outer loop
      vertex -76.5 -37.5 3
      vertex -76.4882 -37.312 0
      vertex -76.4882 -37.312 3
    endloop
  endfacet
  facet normal 0.998036 -0.0626427 0
    outer loop
      vertex -76.4882 -37.312 0
      vertex -76.5 -37.5 3
      vertex -76.5 -37.5 0
    endloop
  endfacet
  facet normal 0.951096 -0.308894 0
    outer loop
      vertex -76.4529 -37.127 3
      vertex -76.3947 -36.9478 0
      vertex -76.3947 -36.9478 3
    endloop
  endfacet
  facet normal 0.951096 -0.308894 0
    outer loop
      vertex -76.3947 -36.9478 0
      vertex -76.4529 -37.127 3
      vertex -76.4529 -37.127 0
    endloop
  endfacet
  facet normal 0.844251 -0.535948 0
    outer loop
      vertex -76.3145 -36.7774 3
      vertex -76.2135 -36.6183 0
      vertex -76.2135 -36.6183 3
    endloop
  endfacet
  facet normal 0.844251 -0.535948 0
    outer loop
      vertex -76.2135 -36.6183 0
      vertex -76.3145 -36.7774 3
      vertex -76.3145 -36.7774 0
    endloop
  endfacet
  facet normal 0.248529 -0.968625 0
    outer loop
      vertex -75.4635 -36.0734 0
      vertex -75.2811 -36.0266 3
      vertex -75.4635 -36.0734 3
    endloop
  endfacet
  facet normal 0.248529 -0.968625 0
    outer loop
      vertex -75.2811 -36.0266 3
      vertex -75.4635 -36.0734 0
      vertex -75.2811 -36.0266 0
    endloop
  endfacet
  facet normal 0.587698 -0.80908 0
    outer loop
      vertex -75.9561 -36.3442 0
      vertex -75.8037 -36.2335 3
      vertex -75.9561 -36.3442 3
    endloop
  endfacet
  facet normal 0.587698 -0.80908 0
    outer loop
      vertex -75.8037 -36.2335 3
      vertex -75.9561 -36.3442 0
      vertex -75.8037 -36.2335 0
    endloop
  endfacet
  facet normal 0.481715 -0.876328 0
    outer loop
      vertex -75.8037 -36.2335 0
      vertex -75.6387 -36.1428 3
      vertex -75.8037 -36.2335 3
    endloop
  endfacet
  facet normal 0.481715 -0.876328 0
    outer loop
      vertex -75.6387 -36.1428 3
      vertex -75.8037 -36.2335 0
      vertex -75.6387 -36.1428 0
    endloop
  endfacet
  facet normal -0.998036 -0.0626427 0
    outer loop
      vertex -73.5 -37.5 0
      vertex -73.5118 -37.312 3
      vertex -73.5118 -37.312 0
    endloop
  endfacet
  facet normal -0.998036 -0.0626427 0
    outer loop
      vertex -73.5118 -37.312 3
      vertex -73.5 -37.5 0
      vertex -73.5 -37.5 3
    endloop
  endfacet
  facet normal -0.998036 0.0626427 0
    outer loop
      vertex -73.5118 -37.688 0
      vertex -73.5 -37.5 3
      vertex -73.5 -37.5 0
    endloop
  endfacet
  facet normal -0.998036 0.0626427 0
    outer loop
      vertex -73.5 -37.5 3
      vertex -73.5118 -37.688 0
      vertex -73.5118 -37.688 3
    endloop
  endfacet
  facet normal -0.982278 0.187429 0
    outer loop
      vertex -73.5471 -37.873 0
      vertex -73.5118 -37.688 3
      vertex -73.5118 -37.688 0
    endloop
  endfacet
  facet normal -0.982278 0.187429 0
    outer loop
      vertex -73.5118 -37.688 3
      vertex -73.5471 -37.873 0
      vertex -73.5471 -37.873 3
    endloop
  endfacet
  facet normal 0 1 -0
    outer loop
      vertex -74.9058 -38.997 0
      vertex -75.0942 -38.997 3
      vertex -74.9058 -38.997 3
    endloop
  endfacet
  facet normal 0 1 0
    outer loop
      vertex -75.0942 -38.997 3
      vertex -74.9058 -38.997 0
      vertex -75.0942 -38.997 0
    endloop
  endfacet
  facet normal 0.844251 0.535948 0
    outer loop
      vertex -76.2135 -38.3817 3
      vertex -76.3145 -38.2226 0
      vertex -76.3145 -38.2226 3
    endloop
  endfacet
  facet normal 0.844251 0.535948 0
    outer loop
      vertex -76.3145 -38.2226 0
      vertex -76.2135 -38.3817 3
      vertex -76.2135 -38.3817 0
    endloop
  endfacet
  facet normal -0.125276 0.992122 0
    outer loop
      vertex -74.7189 -38.9734 0
      vertex -74.9058 -38.997 3
      vertex -74.7189 -38.9734 3
    endloop
  endfacet
  facet normal -0.125276 0.992122 0
    outer loop
      vertex -74.9058 -38.997 3
      vertex -74.7189 -38.9734 0
      vertex -74.9058 -38.997 0
    endloop
  endfacet
  facet normal -0.904795 -0.425848 0
    outer loop
      vertex -73.6053 -36.9478 0
      vertex -73.6855 -36.7774 3
      vertex -73.6855 -36.7774 0
    endloop
  endfacet
  facet normal -0.904795 -0.425848 0
    outer loop
      vertex -73.6855 -36.7774 3
      vertex -73.6053 -36.9478 0
      vertex -73.6053 -36.9478 3
    endloop
  endfacet
  facet normal -0.951096 -0.308894 0
    outer loop
      vertex -73.5471 -37.127 0
      vertex -73.6053 -36.9478 3
      vertex -73.6053 -36.9478 0
    endloop
  endfacet
  facet normal -0.951096 -0.308894 0
    outer loop
      vertex -73.6053 -36.9478 3
      vertex -73.5471 -37.127 0
      vertex -73.5471 -37.127 3
    endloop
  endfacet
  facet normal -0.125276 -0.992122 0
    outer loop
      vertex -74.9058 -36.003 0
      vertex -74.7189 -36.0266 3
      vertex -74.9058 -36.003 3
    endloop
  endfacet
  facet normal -0.125276 -0.992122 -0
    outer loop
      vertex -74.7189 -36.0266 3
      vertex -74.9058 -36.003 0
      vertex -74.7189 -36.0266 0
    endloop
  endfacet
  facet normal -0.77061 0.637307 0
    outer loop
      vertex -73.9065 -38.5268 0
      vertex -73.7865 -38.3817 3
      vertex -73.7865 -38.3817 0
    endloop
  endfacet
  facet normal -0.77061 0.637307 0
    outer loop
      vertex -73.7865 -38.3817 3
      vertex -73.9065 -38.5268 0
      vertex -73.9065 -38.5268 3
    endloop
  endfacet
  facet normal -0.844251 0.535948 0
    outer loop
      vertex -73.7865 -38.3817 0
      vertex -73.6855 -38.2226 3
      vertex -73.6855 -38.2226 0
    endloop
  endfacet
  facet normal -0.844251 0.535948 0
    outer loop
      vertex -73.6855 -38.2226 3
      vertex -73.7865 -38.3817 0
      vertex -73.7865 -38.3817 3
    endloop
  endfacet
  facet normal -0.904795 0.425848 0
    outer loop
      vertex -73.6855 -38.2226 0
      vertex -73.6053 -38.0522 3
      vertex -73.6053 -38.0522 0
    endloop
  endfacet
  facet normal -0.904795 0.425848 0
    outer loop
      vertex -73.6053 -38.0522 3
      vertex -73.6855 -38.2226 0
      vertex -73.6855 -38.2226 3
    endloop
  endfacet
  facet normal 0.998036 0.0626427 0
    outer loop
      vertex -76.4882 -37.688 3
      vertex -76.5 -37.5 0
      vertex -76.5 -37.5 3
    endloop
  endfacet
  facet normal 0.998036 0.0626427 0
    outer loop
      vertex -76.5 -37.5 0
      vertex -76.4882 -37.688 3
      vertex -76.4882 -37.688 0
    endloop
  endfacet
  facet normal 0.904795 0.425848 0
    outer loop
      vertex -76.3145 -38.2226 3
      vertex -76.3947 -38.0522 0
      vertex -76.3947 -38.0522 3
    endloop
  endfacet
  facet normal 0.904795 0.425848 0
    outer loop
      vertex -76.3947 -38.0522 0
      vertex -76.3145 -38.2226 3
      vertex -76.3145 -38.2226 0
    endloop
  endfacet
  facet normal 0.68447 0.729041 -0
    outer loop
      vertex -75.9561 -38.6558 0
      vertex -76.0935 -38.5268 3
      vertex -75.9561 -38.6558 3
    endloop
  endfacet
  facet normal 0.68447 0.729041 0
    outer loop
      vertex -76.0935 -38.5268 3
      vertex -75.9561 -38.6558 0
      vertex -76.0935 -38.5268 0
    endloop
  endfacet
  facet normal -0.368278 0.929716 0
    outer loop
      vertex -74.3613 -38.8572 0
      vertex -74.5365 -38.9266 3
      vertex -74.3613 -38.8572 3
    endloop
  endfacet
  facet normal -0.368278 0.929716 0
    outer loop
      vertex -74.5365 -38.9266 3
      vertex -74.3613 -38.8572 0
      vertex -74.5365 -38.9266 0
    endloop
  endfacet
  facet normal -0.248529 0.968625 0
    outer loop
      vertex -74.5365 -38.9266 0
      vertex -74.7189 -38.9734 3
      vertex -74.5365 -38.9266 3
    endloop
  endfacet
  facet normal -0.248529 0.968625 0
    outer loop
      vertex -74.7189 -38.9734 3
      vertex -74.5365 -38.9266 0
      vertex -74.7189 -38.9734 0
    endloop
  endfacet
  facet normal -0.68447 0.729041 0
    outer loop
      vertex -73.9065 -38.5268 0
      vertex -74.0439 -38.6558 3
      vertex -73.9065 -38.5268 3
    endloop
  endfacet
  facet normal -0.68447 0.729041 0
    outer loop
      vertex -74.0439 -38.6558 3
      vertex -73.9065 -38.5268 0
      vertex -74.0439 -38.6558 0
    endloop
  endfacet
  facet normal -0.951096 0.308894 0
    outer loop
      vertex -73.6053 -38.0522 0
      vertex -73.5471 -37.873 3
      vertex -73.5471 -37.873 0
    endloop
  endfacet
  facet normal -0.951096 0.308894 0
    outer loop
      vertex -73.5471 -37.873 3
      vertex -73.6053 -38.0522 0
      vertex -73.6053 -38.0522 3
    endloop
  endfacet
  facet normal 0.368278 0.929716 -0
    outer loop
      vertex -75.4635 -38.9266 0
      vertex -75.6387 -38.8572 3
      vertex -75.4635 -38.9266 3
    endloop
  endfacet
  facet normal 0.368278 0.929716 0
    outer loop
      vertex -75.6387 -38.8572 3
      vertex -75.4635 -38.9266 0
      vertex -75.6387 -38.8572 0
    endloop
  endfacet
  facet normal 0.125276 0.992122 -0
    outer loop
      vertex -75.0942 -38.997 0
      vertex -75.2811 -38.9734 3
      vertex -75.0942 -38.997 3
    endloop
  endfacet
  facet normal 0.125276 0.992122 0
    outer loop
      vertex -75.2811 -38.9734 3
      vertex -75.0942 -38.997 0
      vertex -75.2811 -38.9734 0
    endloop
  endfacet
  facet normal 0.982278 0.187429 0
    outer loop
      vertex -76.4529 -37.873 3
      vertex -76.4882 -37.688 0
      vertex -76.4882 -37.688 3
    endloop
  endfacet
  facet normal 0.982278 0.187429 0
    outer loop
      vertex -76.4882 -37.688 0
      vertex -76.4529 -37.873 3
      vertex -76.4529 -37.873 0
    endloop
  endfacet
  facet normal -0.481715 0.876328 0
    outer loop
      vertex -74.1963 -38.7665 0
      vertex -74.3613 -38.8572 3
      vertex -74.1963 -38.7665 3
    endloop
  endfacet
  facet normal -0.481715 0.876328 0
    outer loop
      vertex -74.3613 -38.8572 3
      vertex -74.1963 -38.7665 0
      vertex -74.3613 -38.8572 0
    endloop
  endfacet
  facet normal 0.587698 0.80908 -0
    outer loop
      vertex -75.8037 -38.7665 0
      vertex -75.9561 -38.6558 3
      vertex -75.8037 -38.7665 3
    endloop
  endfacet
  facet normal 0.587698 0.80908 0
    outer loop
      vertex -75.9561 -38.6558 3
      vertex -75.8037 -38.7665 0
      vertex -75.9561 -38.6558 0
    endloop
  endfacet
  facet normal 0.248529 0.968625 -0
    outer loop
      vertex -75.2811 -38.9734 0
      vertex -75.4635 -38.9266 3
      vertex -75.2811 -38.9734 3
    endloop
  endfacet
  facet normal 0.248529 0.968625 0
    outer loop
      vertex -75.4635 -38.9266 3
      vertex -75.2811 -38.9734 0
      vertex -75.4635 -38.9266 0
    endloop
  endfacet
  facet normal 0.951096 0.308894 0
    outer loop
      vertex -76.3947 -38.0522 3
      vertex -76.4529 -37.873 0
      vertex -76.4529 -37.873 3
    endloop
  endfacet
  facet normal 0.951096 0.308894 0
    outer loop
      vertex -76.4529 -37.873 0
      vertex -76.3947 -38.0522 3
      vertex -76.3947 -38.0522 0
    endloop
  endfacet
  facet normal 0.77061 0.637307 0
    outer loop
      vertex -76.0935 -38.5268 3
      vertex -76.2135 -38.3817 0
      vertex -76.2135 -38.3817 3
    endloop
  endfacet
  facet normal 0.77061 0.637307 0
    outer loop
      vertex -76.2135 -38.3817 0
      vertex -76.0935 -38.5268 3
      vertex -76.0935 -38.5268 0
    endloop
  endfacet
  facet normal 0.481715 0.876328 -0
    outer loop
      vertex -75.6387 -38.8572 0
      vertex -75.8037 -38.7665 3
      vertex -75.6387 -38.8572 3
    endloop
  endfacet
  facet normal 0.481715 0.876328 0
    outer loop
      vertex -75.8037 -38.7665 3
      vertex -75.6387 -38.8572 0
      vertex -75.8037 -38.7665 0
    endloop
  endfacet
  facet normal -0.844251 -0.535948 0
    outer loop
      vertex -73.6855 -21.7774 0
      vertex -73.7865 -21.6183 3
      vertex -73.7865 -21.6183 0
    endloop
  endfacet
  facet normal -0.844251 -0.535948 0
    outer loop
      vertex -73.7865 -21.6183 3
      vertex -73.6855 -21.7774 0
      vertex -73.6855 -21.7774 3
    endloop
  endfacet
  facet normal -0.248529 -0.968625 0
    outer loop
      vertex -74.7189 -21.0266 0
      vertex -74.5365 -21.0734 3
      vertex -74.7189 -21.0266 3
    endloop
  endfacet
  facet normal -0.248529 -0.968625 -0
    outer loop
      vertex -74.5365 -21.0734 3
      vertex -74.7189 -21.0266 0
      vertex -74.5365 -21.0734 0
    endloop
  endfacet
  facet normal -0.368278 -0.929716 0
    outer loop
      vertex -74.5365 -21.0734 0
      vertex -74.3613 -21.1428 3
      vertex -74.5365 -21.0734 3
    endloop
  endfacet
  facet normal -0.368278 -0.929716 -0
    outer loop
      vertex -74.3613 -21.1428 3
      vertex -74.5365 -21.0734 0
      vertex -74.3613 -21.1428 0
    endloop
  endfacet
  facet normal 0.368278 -0.929716 0
    outer loop
      vertex -75.6387 -21.1428 0
      vertex -75.4635 -21.0734 3
      vertex -75.6387 -21.1428 3
    endloop
  endfacet
  facet normal 0.368278 -0.929716 0
    outer loop
      vertex -75.4635 -21.0734 3
      vertex -75.6387 -21.1428 0
      vertex -75.4635 -21.0734 0
    endloop
  endfacet
  facet normal 0.904795 -0.425848 0
    outer loop
      vertex -76.3947 -21.9478 3
      vertex -76.3145 -21.7774 0
      vertex -76.3145 -21.7774 3
    endloop
  endfacet
  facet normal 0.904795 -0.425848 0
    outer loop
      vertex -76.3145 -21.7774 0
      vertex -76.3947 -21.9478 3
      vertex -76.3947 -21.9478 0
    endloop
  endfacet
  facet normal -0.982278 -0.187429 0
    outer loop
      vertex -73.5118 -22.312 0
      vertex -73.5471 -22.127 3
      vertex -73.5471 -22.127 0
    endloop
  endfacet
  facet normal -0.982278 -0.187429 0
    outer loop
      vertex -73.5471 -22.127 3
      vertex -73.5118 -22.312 0
      vertex -73.5118 -22.312 3
    endloop
  endfacet
  facet normal -0.68447 -0.729041 0
    outer loop
      vertex -74.0439 -21.3442 0
      vertex -73.9065 -21.4732 3
      vertex -74.0439 -21.3442 3
    endloop
  endfacet
  facet normal -0.68447 -0.729041 -0
    outer loop
      vertex -73.9065 -21.4732 3
      vertex -74.0439 -21.3442 0
      vertex -73.9065 -21.4732 0
    endloop
  endfacet
  facet normal -0.125276 -0.992122 0
    outer loop
      vertex -74.9058 -21.003 0
      vertex -74.7189 -21.0266 3
      vertex -74.9058 -21.003 3
    endloop
  endfacet
  facet normal -0.125276 -0.992122 -0
    outer loop
      vertex -74.7189 -21.0266 3
      vertex -74.9058 -21.003 0
      vertex -74.7189 -21.0266 0
    endloop
  endfacet
  facet normal -0.481715 -0.876328 0
    outer loop
      vertex -74.3613 -21.1428 0
      vertex -74.1963 -21.2335 3
      vertex -74.3613 -21.1428 3
    endloop
  endfacet
  facet normal -0.481715 -0.876328 -0
    outer loop
      vertex -74.1963 -21.2335 3
      vertex -74.3613 -21.1428 0
      vertex -74.1963 -21.2335 0
    endloop
  endfacet
  facet normal 0.982278 -0.187429 0
    outer loop
      vertex -76.4882 -22.312 3
      vertex -76.4529 -22.127 0
      vertex -76.4529 -22.127 3
    endloop
  endfacet
  facet normal 0.982278 -0.187429 0
    outer loop
      vertex -76.4529 -22.127 0
      vertex -76.4882 -22.312 3
      vertex -76.4882 -22.312 0
    endloop
  endfacet
  facet normal 0.77061 -0.637307 0
    outer loop
      vertex -76.2135 -21.6183 3
      vertex -76.0935 -21.4732 0
      vertex -76.0935 -21.4732 3
    endloop
  endfacet
  facet normal 0.77061 -0.637307 0
    outer loop
      vertex -76.0935 -21.4732 0
      vertex -76.2135 -21.6183 3
      vertex -76.2135 -21.6183 0
    endloop
  endfacet
  facet normal 0.125276 -0.992122 0
    outer loop
      vertex -75.2811 -21.0266 0
      vertex -75.0942 -21.003 3
      vertex -75.2811 -21.0266 3
    endloop
  endfacet
  facet normal 0.125276 -0.992122 0
    outer loop
      vertex -75.0942 -21.003 3
      vertex -75.2811 -21.0266 0
      vertex -75.0942 -21.003 0
    endloop
  endfacet
  facet normal 0.68447 -0.729041 0
    outer loop
      vertex -76.0935 -21.4732 0
      vertex -75.9561 -21.3442 3
      vertex -76.0935 -21.4732 3
    endloop
  endfacet
  facet normal 0.68447 -0.729041 0
    outer loop
      vertex -75.9561 -21.3442 3
      vertex -76.0935 -21.4732 0
      vertex -75.9561 -21.3442 0
    endloop
  endfacet
  facet normal -0.77061 -0.637307 0
    outer loop
      vertex -73.7865 -21.6183 0
      vertex -73.9065 -21.4732 3
      vertex -73.9065 -21.4732 0
    endloop
  endfacet
  facet normal -0.77061 -0.637307 0
    outer loop
      vertex -73.9065 -21.4732 3
      vertex -73.7865 -21.6183 0
      vertex -73.7865 -21.6183 3
    endloop
  endfacet
  facet normal 0 -1 0
    outer loop
      vertex -75.0942 -21.003 0
      vertex -74.9058 -21.003 3
      vertex -75.0942 -21.003 3
    endloop
  endfacet
  facet normal 0 -1 -0
    outer loop
      vertex -74.9058 -21.003 3
      vertex -75.0942 -21.003 0
      vertex -74.9058 -21.003 0
    endloop
  endfacet
  facet normal -0.587698 -0.80908 0
    outer loop
      vertex -74.1963 -21.2335 0
      vertex -74.0439 -21.3442 3
      vertex -74.1963 -21.2335 3
    endloop
  endfacet
  facet normal -0.587698 -0.80908 -0
    outer loop
      vertex -74.0439 -21.3442 3
      vertex -74.1963 -21.2335 0
      vertex -74.0439 -21.3442 0
    endloop
  endfacet
  facet normal 0.998036 -0.0626427 0
    outer loop
      vertex -76.5 -22.5 3
      vertex -76.4882 -22.312 0
      vertex -76.4882 -22.312 3
    endloop
  endfacet
  facet normal 0.998036 -0.0626427 0
    outer loop
      vertex -76.4882 -22.312 0
      vertex -76.5 -22.5 3
      vertex -76.5 -22.5 0
    endloop
  endfacet
  facet normal 0.951096 -0.308894 0
    outer loop
      vertex -76.4529 -22.127 3
      vertex -76.3947 -21.9478 0
      vertex -76.3947 -21.9478 3
    endloop
  endfacet
  facet normal 0.951096 -0.308894 0
    outer loop
      vertex -76.3947 -21.9478 0
      vertex -76.4529 -22.127 3
      vertex -76.4529 -22.127 0
    endloop
  endfacet
  facet normal 0.844251 -0.535948 0
    outer loop
      vertex -76.3145 -21.7774 3
      vertex -76.2135 -21.6183 0
      vertex -76.2135 -21.6183 3
    endloop
  endfacet
  facet normal 0.844251 -0.535948 0
    outer loop
      vertex -76.2135 -21.6183 0
      vertex -76.3145 -21.7774 3
      vertex -76.3145 -21.7774 0
    endloop
  endfacet
  facet normal 0.248529 -0.968625 0
    outer loop
      vertex -75.4635 -21.0734 0
      vertex -75.2811 -21.0266 3
      vertex -75.4635 -21.0734 3
    endloop
  endfacet
  facet normal 0.248529 -0.968625 0
    outer loop
      vertex -75.2811 -21.0266 3
      vertex -75.4635 -21.0734 0
      vertex -75.2811 -21.0266 0
    endloop
  endfacet
  facet normal 0.587698 -0.80908 0
    outer loop
      vertex -75.9561 -21.3442 0
      vertex -75.8037 -21.2335 3
      vertex -75.9561 -21.3442 3
    endloop
  endfacet
  facet normal 0.587698 -0.80908 0
    outer loop
      vertex -75.8037 -21.2335 3
      vertex -75.9561 -21.3442 0
      vertex -75.8037 -21.2335 0
    endloop
  endfacet
  facet normal 0.481715 -0.876328 0
    outer loop
      vertex -75.8037 -21.2335 0
      vertex -75.6387 -21.1428 3
      vertex -75.8037 -21.2335 3
    endloop
  endfacet
  facet normal 0.481715 -0.876328 0
    outer loop
      vertex -75.6387 -21.1428 3
      vertex -75.8037 -21.2335 0
      vertex -75.6387 -21.1428 0
    endloop
  endfacet
  facet normal -0.998036 -0.0626427 0
    outer loop
      vertex -73.5 -22.5 0
      vertex -73.5118 -22.312 3
      vertex -73.5118 -22.312 0
    endloop
  endfacet
  facet normal -0.998036 -0.0626427 0
    outer loop
      vertex -73.5118 -22.312 3
      vertex -73.5 -22.5 0
      vertex -73.5 -22.5 3
    endloop
  endfacet
  facet normal -0.998036 0.0626427 0
    outer loop
      vertex -73.5118 -22.688 0
      vertex -73.5 -22.5 3
      vertex -73.5 -22.5 0
    endloop
  endfacet
  facet normal -0.998036 0.0626427 0
    outer loop
      vertex -73.5 -22.5 3
      vertex -73.5118 -22.688 0
      vertex -73.5118 -22.688 3
    endloop
  endfacet
  facet normal -0.982278 0.187429 0
    outer loop
      vertex -73.5471 -22.873 0
      vertex -73.5118 -22.688 3
      vertex -73.5118 -22.688 0
    endloop
  endfacet
  facet normal -0.982278 0.187429 0
    outer loop
      vertex -73.5118 -22.688 3
      vertex -73.5471 -22.873 0
      vertex -73.5471 -22.873 3
    endloop
  endfacet
  facet normal 0 1 -0
    outer loop
      vertex -74.9058 -23.997 0
      vertex -75.0942 -23.997 3
      vertex -74.9058 -23.997 3
    endloop
  endfacet
  facet normal 0 1 0
    outer loop
      vertex -75.0942 -23.997 3
      vertex -74.9058 -23.997 0
      vertex -75.0942 -23.997 0
    endloop
  endfacet
  facet normal -0.125276 0.992122 0
    outer loop
      vertex -74.7189 -23.9734 0
      vertex -74.9058 -23.997 3
      vertex -74.7189 -23.9734 3
    endloop
  endfacet
  facet normal -0.125276 0.992122 0
    outer loop
      vertex -74.9058 -23.997 3
      vertex -74.7189 -23.9734 0
      vertex -74.9058 -23.997 0
    endloop
  endfacet
  facet normal -0.904795 -0.425848 0
    outer loop
      vertex -73.6053 -21.9478 0
      vertex -73.6855 -21.7774 3
      vertex -73.6855 -21.7774 0
    endloop
  endfacet
  facet normal -0.904795 -0.425848 0
    outer loop
      vertex -73.6855 -21.7774 3
      vertex -73.6053 -21.9478 0
      vertex -73.6053 -21.9478 3
    endloop
  endfacet
  facet normal -0.951096 -0.308894 0
    outer loop
      vertex -73.5471 -22.127 0
      vertex -73.6053 -21.9478 3
      vertex -73.6053 -21.9478 0
    endloop
  endfacet
  facet normal -0.951096 -0.308894 0
    outer loop
      vertex -73.6053 -21.9478 3
      vertex -73.5471 -22.127 0
      vertex -73.5471 -22.127 3
    endloop
  endfacet
  facet normal -0.77061 0.637307 0
    outer loop
      vertex -73.9065 -23.5268 0
      vertex -73.7865 -23.3817 3
      vertex -73.7865 -23.3817 0
    endloop
  endfacet
  facet normal -0.77061 0.637307 0
    outer loop
      vertex -73.7865 -23.3817 3
      vertex -73.9065 -23.5268 0
      vertex -73.9065 -23.5268 3
    endloop
  endfacet
  facet normal -0.844251 0.535948 0
    outer loop
      vertex -73.7865 -23.3817 0
      vertex -73.6855 -23.2226 3
      vertex -73.6855 -23.2226 0
    endloop
  endfacet
  facet normal -0.844251 0.535948 0
    outer loop
      vertex -73.6855 -23.2226 3
      vertex -73.7865 -23.3817 0
      vertex -73.7865 -23.3817 3
    endloop
  endfacet
  facet normal -0.904795 0.425848 0
    outer loop
      vertex -73.6855 -23.2226 0
      vertex -73.6053 -23.0522 3
      vertex -73.6053 -23.0522 0
    endloop
  endfacet
  facet normal -0.904795 0.425848 0
    outer loop
      vertex -73.6053 -23.0522 3
      vertex -73.6855 -23.2226 0
      vertex -73.6855 -23.2226 3
    endloop
  endfacet
  facet normal 0.248529 0.968625 -0
    outer loop
      vertex -75.2811 -23.9734 0
      vertex -75.4635 -23.9266 3
      vertex -75.2811 -23.9734 3
    endloop
  endfacet
  facet normal 0.248529 0.968625 0
    outer loop
      vertex -75.4635 -23.9266 3
      vertex -75.2811 -23.9734 0
      vertex -75.4635 -23.9266 0
    endloop
  endfacet
  facet normal 0.904795 0.425848 0
    outer loop
      vertex -76.3145 -23.2226 3
      vertex -76.3947 -23.0522 0
      vertex -76.3947 -23.0522 3
    endloop
  endfacet
  facet normal 0.904795 0.425848 0
    outer loop
      vertex -76.3947 -23.0522 0
      vertex -76.3145 -23.2226 3
      vertex -76.3145 -23.2226 0
    endloop
  endfacet
  facet normal 0.68447 0.729041 -0
    outer loop
      vertex -75.9561 -23.6558 0
      vertex -76.0935 -23.5268 3
      vertex -75.9561 -23.6558 3
    endloop
  endfacet
  facet normal 0.68447 0.729041 0
    outer loop
      vertex -76.0935 -23.5268 3
      vertex -75.9561 -23.6558 0
      vertex -76.0935 -23.5268 0
    endloop
  endfacet
  facet normal -0.368278 0.929716 0
    outer loop
      vertex -74.3613 -23.8572 0
      vertex -74.5365 -23.9266 3
      vertex -74.3613 -23.8572 3
    endloop
  endfacet
  facet normal -0.368278 0.929716 0
    outer loop
      vertex -74.5365 -23.9266 3
      vertex -74.3613 -23.8572 0
      vertex -74.5365 -23.9266 0
    endloop
  endfacet
  facet normal -0.248529 0.968625 0
    outer loop
      vertex -74.5365 -23.9266 0
      vertex -74.7189 -23.9734 3
      vertex -74.5365 -23.9266 3
    endloop
  endfacet
  facet normal -0.248529 0.968625 0
    outer loop
      vertex -74.7189 -23.9734 3
      vertex -74.5365 -23.9266 0
      vertex -74.7189 -23.9734 0
    endloop
  endfacet
  facet normal -0.481715 0.876328 0
    outer loop
      vertex -74.1963 -23.7665 0
      vertex -74.3613 -23.8572 3
      vertex -74.1963 -23.7665 3
    endloop
  endfacet
  facet normal -0.481715 0.876328 0
    outer loop
      vertex -74.3613 -23.8572 3
      vertex -74.1963 -23.7665 0
      vertex -74.3613 -23.8572 0
    endloop
  endfacet
  facet normal -0.68447 0.729041 0
    outer loop
      vertex -73.9065 -23.5268 0
      vertex -74.0439 -23.6558 3
      vertex -73.9065 -23.5268 3
    endloop
  endfacet
  facet normal -0.68447 0.729041 0
    outer loop
      vertex -74.0439 -23.6558 3
      vertex -73.9065 -23.5268 0
      vertex -74.0439 -23.6558 0
    endloop
  endfacet
  facet normal -0.587698 0.80908 0
    outer loop
      vertex -74.0439 -23.6558 0
      vertex -74.1963 -23.7665 3
      vertex -74.0439 -23.6558 3
    endloop
  endfacet
  facet normal -0.587698 0.80908 0
    outer loop
      vertex -74.1963 -23.7665 3
      vertex -74.0439 -23.6558 0
      vertex -74.1963 -23.7665 0
    endloop
  endfacet
  facet normal -0.951096 0.308894 0
    outer loop
      vertex -73.6053 -23.0522 0
      vertex -73.5471 -22.873 3
      vertex -73.5471 -22.873 0
    endloop
  endfacet
  facet normal -0.951096 0.308894 0
    outer loop
      vertex -73.5471 -22.873 3
      vertex -73.6053 -23.0522 0
      vertex -73.6053 -23.0522 3
    endloop
  endfacet
  facet normal 0.368278 0.929716 -0
    outer loop
      vertex -75.4635 -23.9266 0
      vertex -75.6387 -23.8572 3
      vertex -75.4635 -23.9266 3
    endloop
  endfacet
  facet normal 0.368278 0.929716 0
    outer loop
      vertex -75.6387 -23.8572 3
      vertex -75.4635 -23.9266 0
      vertex -75.6387 -23.8572 0
    endloop
  endfacet
  facet normal 0.125276 0.992122 -0
    outer loop
      vertex -75.0942 -23.997 0
      vertex -75.2811 -23.9734 3
      vertex -75.0942 -23.997 3
    endloop
  endfacet
  facet normal 0.125276 0.992122 0
    outer loop
      vertex -75.2811 -23.9734 3
      vertex -75.0942 -23.997 0
      vertex -75.2811 -23.9734 0
    endloop
  endfacet
  facet normal 0.982278 0.187429 0
    outer loop
      vertex -76.4529 -22.873 3
      vertex -76.4882 -22.688 0
      vertex -76.4882 -22.688 3
    endloop
  endfacet
  facet normal 0.982278 0.187429 0
    outer loop
      vertex -76.4882 -22.688 0
      vertex -76.4529 -22.873 3
      vertex -76.4529 -22.873 0
    endloop
  endfacet
  facet normal 0.998036 0.0626427 0
    outer loop
      vertex -76.4882 -22.688 3
      vertex -76.5 -22.5 0
      vertex -76.5 -22.5 3
    endloop
  endfacet
  facet normal 0.998036 0.0626427 0
    outer loop
      vertex -76.5 -22.5 0
      vertex -76.4882 -22.688 3
      vertex -76.4882 -22.688 0
    endloop
  endfacet
  facet normal 0.951096 0.308894 0
    outer loop
      vertex -76.3947 -23.0522 3
      vertex -76.4529 -22.873 0
      vertex -76.4529 -22.873 3
    endloop
  endfacet
  facet normal 0.951096 0.308894 0
    outer loop
      vertex -76.4529 -22.873 0
      vertex -76.3947 -23.0522 3
      vertex -76.3947 -23.0522 0
    endloop
  endfacet
  facet normal 0.77061 0.637307 0
    outer loop
      vertex -76.0935 -23.5268 3
      vertex -76.2135 -23.3817 0
      vertex -76.2135 -23.3817 3
    endloop
  endfacet
  facet normal 0.77061 0.637307 0
    outer loop
      vertex -76.2135 -23.3817 0
      vertex -76.0935 -23.5268 3
      vertex -76.0935 -23.5268 0
    endloop
  endfacet
  facet normal 0.844251 0.535948 0
    outer loop
      vertex -76.2135 -23.3817 3
      vertex -76.3145 -23.2226 0
      vertex -76.3145 -23.2226 3
    endloop
  endfacet
  facet normal 0.844251 0.535948 0
    outer loop
      vertex -76.3145 -23.2226 0
      vertex -76.2135 -23.3817 3
      vertex -76.2135 -23.3817 0
    endloop
  endfacet
  facet normal 0.481715 0.876328 -0
    outer loop
      vertex -75.6387 -23.8572 0
      vertex -75.8037 -23.7665 3
      vertex -75.6387 -23.8572 3
    endloop
  endfacet
  facet normal 0.481715 0.876328 0
    outer loop
      vertex -75.8037 -23.7665 3
      vertex -75.6387 -23.8572 0
      vertex -75.8037 -23.7665 0
    endloop
  endfacet
  facet normal 0.587698 0.80908 -0
    outer loop
      vertex -75.8037 -23.7665 0
      vertex -75.9561 -23.6558 3
      vertex -75.8037 -23.7665 3
    endloop
  endfacet
  facet normal 0.587698 0.80908 0
    outer loop
      vertex -75.9561 -23.6558 3
      vertex -75.8037 -23.7665 0
      vertex -75.9561 -23.6558 0
    endloop
  endfacet
  facet normal 0.951071 -0.308972 0
    outer loop
      vertex -76.4529 -7.12696 3
      vertex -76.3947 -6.94781 0
      vertex -76.3947 -6.94781 3
    endloop
  endfacet
  facet normal 0.951071 -0.308972 0
    outer loop
      vertex -76.3947 -6.94781 0
      vertex -76.4529 -7.12696 3
      vertex -76.4529 -7.12696 0
    endloop
  endfacet
  facet normal -0.844175 -0.536068 0
    outer loop
      vertex -73.6855 -6.77737 0
      vertex -73.7865 -6.61832 3
      vertex -73.7865 -6.61832 0
    endloop
  endfacet
  facet normal -0.844175 -0.536068 0
    outer loop
      vertex -73.7865 -6.61832 3
      vertex -73.6855 -6.77737 0
      vertex -73.6855 -6.77737 3
    endloop
  endfacet
  facet normal -0.368048 -0.929807 0
    outer loop
      vertex -74.5365 -6.07341 0
      vertex -74.3613 -6.14276 3
      vertex -74.5365 -6.07341 3
    endloop
  endfacet
  facet normal -0.368048 -0.929807 -0
    outer loop
      vertex -74.3613 -6.14276 3
      vertex -74.5365 -6.07341 0
      vertex -74.3613 -6.14276 0
    endloop
  endfacet
  facet normal 0.368048 -0.929807 0
    outer loop
      vertex -75.6387 -6.14276 0
      vertex -75.4635 -6.07341 3
      vertex -75.6387 -6.14276 3
    endloop
  endfacet
  facet normal 0.368048 -0.929807 0
    outer loop
      vertex -75.4635 -6.07341 3
      vertex -75.6387 -6.14276 0
      vertex -75.4635 -6.07341 0
    endloop
  endfacet
  facet normal 0.904833 -0.425766 0
    outer loop
      vertex -76.3947 -6.94781 3
      vertex -76.3145 -6.77737 0
      vertex -76.3145 -6.77737 3
    endloop
  endfacet
  facet normal 0.904833 -0.425766 0
    outer loop
      vertex -76.3145 -6.77737 0
      vertex -76.3947 -6.94781 3
      vertex -76.3947 -6.94781 0
    endloop
  endfacet
  facet normal -0.982286 -0.18739 0
    outer loop
      vertex -73.5118 -7.312 0
      vertex -73.5471 -7.12696 3
      vertex -73.5471 -7.12696 0
    endloop
  endfacet
  facet normal -0.982286 -0.18739 0
    outer loop
      vertex -73.5471 -7.12696 3
      vertex -73.5118 -7.312 0
      vertex -73.5118 -7.312 3
    endloop
  endfacet
  facet normal -0.684329 -0.729173 0
    outer loop
      vertex -74.0439 -6.34423 0
      vertex -73.9065 -6.47318 3
      vertex -74.0439 -6.34423 3
    endloop
  endfacet
  facet normal -0.684329 -0.729173 -0
    outer loop
      vertex -73.9065 -6.47318 3
      vertex -74.0439 -6.34423 0
      vertex -73.9065 -6.47318 0
    endloop
  endfacet
  facet normal -0.125328 -0.992115 0
    outer loop
      vertex -74.9058 -6.00296 0
      vertex -74.7189 -6.02657 3
      vertex -74.9058 -6.00296 3
    endloop
  endfacet
  facet normal -0.125328 -0.992115 -0
    outer loop
      vertex -74.7189 -6.02657 3
      vertex -74.9058 -6.00296 0
      vertex -74.7189 -6.02657 0
    endloop
  endfacet
  facet normal 0.770696 -0.637202 0
    outer loop
      vertex -76.2135 -6.61832 3
      vertex -76.0935 -6.47318 0
      vertex -76.0935 -6.47318 3
    endloop
  endfacet
  facet normal 0.770696 -0.637202 0
    outer loop
      vertex -76.0935 -6.47318 0
      vertex -76.2135 -6.61832 3
      vertex -76.2135 -6.61832 0
    endloop
  endfacet
  facet normal 0.125328 -0.992115 0
    outer loop
      vertex -75.2811 -6.02657 0
      vertex -75.0942 -6.00296 3
      vertex -75.2811 -6.02657 3
    endloop
  endfacet
  facet normal 0.125328 -0.992115 0
    outer loop
      vertex -75.0942 -6.00296 3
      vertex -75.2811 -6.02657 0
      vertex -75.0942 -6.00296 0
    endloop
  endfacet
  facet normal 0.684329 -0.729173 0
    outer loop
      vertex -76.0935 -6.47318 0
      vertex -75.9561 -6.34423 3
      vertex -76.0935 -6.47318 3
    endloop
  endfacet
  facet normal 0.684329 -0.729173 0
    outer loop
      vertex -75.9561 -6.34423 3
      vertex -76.0935 -6.47318 0
      vertex -75.9561 -6.34423 0
    endloop
  endfacet
  facet normal -0.248778 0.968561 0
    outer loop
      vertex -74.5365 -8.92658 0
      vertex -74.7189 -8.97343 3
      vertex -74.5365 -8.92658 3
    endloop
  endfacet
  facet normal -0.248778 0.968561 0
    outer loop
      vertex -74.7189 -8.97343 3
      vertex -74.5365 -8.92658 0
      vertex -74.7189 -8.97343 0
    endloop
  endfacet
  facet normal -0.587768 0.80903 0
    outer loop
      vertex -74.0439 -8.65577 0
      vertex -74.1963 -8.76649 3
      vertex -74.0439 -8.65577 3
    endloop
  endfacet
  facet normal -0.587768 0.80903 0
    outer loop
      vertex -74.1963 -8.76649 3
      vertex -74.0439 -8.65577 0
      vertex -74.1963 -8.76649 0
    endloop
  endfacet
  facet normal -0.770696 -0.637202 0
    outer loop
      vertex -73.7865 -6.61832 0
      vertex -73.9065 -6.47318 3
      vertex -73.9065 -6.47318 0
    endloop
  endfacet
  facet normal -0.770696 -0.637202 0
    outer loop
      vertex -73.9065 -6.47318 3
      vertex -73.7865 -6.61832 0
      vertex -73.7865 -6.61832 3
    endloop
  endfacet
  facet normal 0 -1 0
    outer loop
      vertex -75.0942 -6.00296 0
      vertex -74.9058 -6.00296 3
      vertex -75.0942 -6.00296 3
    endloop
  endfacet
  facet normal 0 -1 -0
    outer loop
      vertex -74.9058 -6.00296 3
      vertex -75.0942 -6.00296 0
      vertex -74.9058 -6.00296 0
    endloop
  endfacet
  facet normal -0.248728 -0.968573 0
    outer loop
      vertex -74.7189 -6.02657 0
      vertex -74.5365 -6.07341 3
      vertex -74.7189 -6.02657 3
    endloop
  endfacet
  facet normal -0.248728 -0.968573 -0
    outer loop
      vertex -74.5365 -6.07341 3
      vertex -74.7189 -6.02657 0
      vertex -74.5365 -6.07341 0
    endloop
  endfacet
  facet normal -0.587768 -0.80903 0
    outer loop
      vertex -74.1963 -6.23351 0
      vertex -74.0439 -6.34423 3
      vertex -74.1963 -6.23351 3
    endloop
  endfacet
  facet normal -0.587768 -0.80903 -0
    outer loop
      vertex -74.0439 -6.34423 3
      vertex -74.1963 -6.23351 0
      vertex -74.0439 -6.34423 0
    endloop
  endfacet
  facet normal -0.481919 -0.876216 0
    outer loop
      vertex -74.3613 -6.14276 0
      vertex -74.1963 -6.23351 3
      vertex -74.3613 -6.14276 3
    endloop
  endfacet
  facet normal -0.481919 -0.876216 -0
    outer loop
      vertex -74.1963 -6.23351 3
      vertex -74.3613 -6.14276 0
      vertex -74.1963 -6.23351 0
    endloop
  endfacet
  facet normal 0.998036 -0.0626427 0
    outer loop
      vertex -76.5 -7.5 3
      vertex -76.4882 -7.312 0
      vertex -76.4882 -7.312 3
    endloop
  endfacet
  facet normal 0.998036 -0.0626427 0
    outer loop
      vertex -76.4882 -7.312 0
      vertex -76.5 -7.5 3
      vertex -76.5 -7.5 0
    endloop
  endfacet
  facet normal 0.844175 -0.536068 0
    outer loop
      vertex -76.3145 -6.77737 3
      vertex -76.2135 -6.61832 0
      vertex -76.2135 -6.61832 3
    endloop
  endfacet
  facet normal 0.844175 -0.536068 0
    outer loop
      vertex -76.2135 -6.61832 0
      vertex -76.3145 -6.77737 3
      vertex -76.3145 -6.77737 0
    endloop
  endfacet
  facet normal 0.481919 -0.876216 0
    outer loop
      vertex -75.8037 -6.23351 0
      vertex -75.6387 -6.14276 3
      vertex -75.8037 -6.23351 3
    endloop
  endfacet
  facet normal 0.481919 -0.876216 0
    outer loop
      vertex -75.6387 -6.14276 3
      vertex -75.8037 -6.23351 0
      vertex -75.6387 -6.14276 0
    endloop
  endfacet
  facet normal 0.587768 -0.80903 0
    outer loop
      vertex -75.9561 -6.34423 0
      vertex -75.8037 -6.23351 3
      vertex -75.9561 -6.34423 3
    endloop
  endfacet
  facet normal 0.587768 -0.80903 0
    outer loop
      vertex -75.8037 -6.23351 3
      vertex -75.9561 -6.34423 0
      vertex -75.8037 -6.23351 0
    endloop
  endfacet
  facet normal -0.998036 -0.0626427 0
    outer loop
      vertex -73.5 -7.5 0
      vertex -73.5118 -7.312 3
      vertex -73.5118 -7.312 0
    endloop
  endfacet
  facet normal -0.998036 -0.0626427 0
    outer loop
      vertex -73.5118 -7.312 3
      vertex -73.5 -7.5 0
      vertex -73.5 -7.5 3
    endloop
  endfacet
  facet normal -0.998036 0.0626427 0
    outer loop
      vertex -73.5118 -7.688 0
      vertex -73.5 -7.5 3
      vertex -73.5 -7.5 0
    endloop
  endfacet
  facet normal -0.998036 0.0626427 0
    outer loop
      vertex -73.5 -7.5 3
      vertex -73.5118 -7.688 0
      vertex -73.5118 -7.688 3
    endloop
  endfacet
  facet normal -0.125328 0.992115 0
    outer loop
      vertex -74.7189 -8.97343 0
      vertex -74.9058 -8.99704 3
      vertex -74.7189 -8.97343 3
    endloop
  endfacet
  facet normal -0.125328 0.992115 0
    outer loop
      vertex -74.9058 -8.99704 3
      vertex -74.7189 -8.97343 0
      vertex -74.9058 -8.99704 0
    endloop
  endfacet
  facet normal -0.904833 -0.425766 0
    outer loop
      vertex -73.6053 -6.94781 0
      vertex -73.6855 -6.77737 3
      vertex -73.6855 -6.77737 0
    endloop
  endfacet
  facet normal -0.904833 -0.425766 0
    outer loop
      vertex -73.6855 -6.77737 3
      vertex -73.6053 -6.94781 0
      vertex -73.6053 -6.94781 3
    endloop
  endfacet
  facet normal -0.951071 -0.308972 0
    outer loop
      vertex -73.5471 -7.12696 0
      vertex -73.6053 -6.94781 3
      vertex -73.6053 -6.94781 0
    endloop
  endfacet
  facet normal -0.951071 -0.308972 0
    outer loop
      vertex -73.6053 -6.94781 3
      vertex -73.5471 -7.12696 0
      vertex -73.5471 -7.12696 3
    endloop
  endfacet
  facet normal 0.982286 -0.18739 0
    outer loop
      vertex -76.4882 -7.312 3
      vertex -76.4529 -7.12696 0
      vertex -76.4529 -7.12696 3
    endloop
  endfacet
  facet normal 0.982286 -0.18739 0
    outer loop
      vertex -76.4529 -7.12696 0
      vertex -76.4882 -7.312 3
      vertex -76.4882 -7.312 0
    endloop
  endfacet
  facet normal 0.248728 -0.968573 0
    outer loop
      vertex -75.4635 -6.07341 0
      vertex -75.2811 -6.02657 3
      vertex -75.4635 -6.07341 3
    endloop
  endfacet
  facet normal 0.248728 -0.968573 0
    outer loop
      vertex -75.2811 -6.02657 3
      vertex -75.4635 -6.07341 0
      vertex -75.2811 -6.02657 0
    endloop
  endfacet
  facet normal -0.951076 0.308956 0
    outer loop
      vertex -73.6053 -8.05219 0
      vertex -73.5471 -7.87303 3
      vertex -73.5471 -7.87303 0
    endloop
  endfacet
  facet normal -0.951076 0.308956 0
    outer loop
      vertex -73.5471 -7.87303 3
      vertex -73.6053 -8.05219 0
      vertex -73.6053 -8.05219 3
    endloop
  endfacet
  facet normal -0.982284 0.1874 0
    outer loop
      vertex -73.5471 -7.87303 0
      vertex -73.5118 -7.688 3
      vertex -73.5118 -7.688 0
    endloop
  endfacet
  facet normal -0.982284 0.1874 0
    outer loop
      vertex -73.5118 -7.688 3
      vertex -73.5471 -7.87303 0
      vertex -73.5471 -7.87303 3
    endloop
  endfacet
  facet normal -0.684329 0.729173 0
    outer loop
      vertex -73.9065 -8.52682 0
      vertex -74.0439 -8.65577 3
      vertex -73.9065 -8.52682 3
    endloop
  endfacet
  facet normal -0.684329 0.729173 0
    outer loop
      vertex -74.0439 -8.65577 3
      vertex -73.9065 -8.52682 0
      vertex -74.0439 -8.65577 0
    endloop
  endfacet
  facet normal -0.844175 0.536068 0
    outer loop
      vertex -73.7865 -8.38168 0
      vertex -73.6855 -8.22263 3
      vertex -73.6855 -8.22263 0
    endloop
  endfacet
  facet normal -0.844175 0.536068 0
    outer loop
      vertex -73.6855 -8.22263 3
      vertex -73.7865 -8.38168 0
      vertex -73.7865 -8.38168 3
    endloop
  endfacet
  facet normal -0.904833 0.425766 0
    outer loop
      vertex -73.6855 -8.22263 0
      vertex -73.6053 -8.05219 3
      vertex -73.6053 -8.05219 0
    endloop
  endfacet
  facet normal -0.904833 0.425766 0
    outer loop
      vertex -73.6053 -8.05219 3
      vertex -73.6855 -8.22263 0
      vertex -73.6855 -8.22263 3
    endloop
  endfacet
  facet normal 0.368003 0.929825 -0
    outer loop
      vertex -75.4635 -8.92658 0
      vertex -75.6387 -8.85724 3
      vertex -75.4635 -8.92658 3
    endloop
  endfacet
  facet normal 0.368003 0.929825 0
    outer loop
      vertex -75.6387 -8.85724 3
      vertex -75.4635 -8.92658 0
      vertex -75.6387 -8.85724 0
    endloop
  endfacet
  facet normal 0.248778 0.968561 -0
    outer loop
      vertex -75.2811 -8.97343 0
      vertex -75.4635 -8.92658 3
      vertex -75.2811 -8.97343 3
    endloop
  endfacet
  facet normal 0.248778 0.968561 0
    outer loop
      vertex -75.4635 -8.92658 3
      vertex -75.2811 -8.97343 0
      vertex -75.4635 -8.92658 0
    endloop
  endfacet
  facet normal 0.998036 0.0626427 0
    outer loop
      vertex -76.4882 -7.688 3
      vertex -76.5 -7.5 0
      vertex -76.5 -7.5 3
    endloop
  endfacet
  facet normal 0.998036 0.0626427 0
    outer loop
      vertex -76.5 -7.5 0
      vertex -76.4882 -7.688 3
      vertex -76.4882 -7.688 0
    endloop
  endfacet
  facet normal 0.904833 0.425766 0
    outer loop
      vertex -76.3145 -8.22263 3
      vertex -76.3947 -8.05219 0
      vertex -76.3947 -8.05219 3
    endloop
  endfacet
  facet normal 0.904833 0.425766 0
    outer loop
      vertex -76.3947 -8.05219 0
      vertex -76.3145 -8.22263 3
      vertex -76.3145 -8.22263 0
    endloop
  endfacet
  facet normal 0.951076 0.308956 0
    outer loop
      vertex -76.3947 -8.05219 3
      vertex -76.4529 -7.87303 0
      vertex -76.4529 -7.87303 3
    endloop
  endfacet
  facet normal 0.951076 0.308956 0
    outer loop
      vertex -76.4529 -7.87303 0
      vertex -76.3947 -8.05219 3
      vertex -76.3947 -8.05219 0
    endloop
  endfacet
  facet normal 0.684329 0.729173 -0
    outer loop
      vertex -75.9561 -8.65577 0
      vertex -76.0935 -8.52682 3
      vertex -75.9561 -8.65577 3
    endloop
  endfacet
  facet normal 0.684329 0.729173 0
    outer loop
      vertex -76.0935 -8.52682 3
      vertex -75.9561 -8.65577 0
      vertex -76.0935 -8.52682 0
    endloop
  endfacet
  facet normal -0.368003 0.929825 0
    outer loop
      vertex -74.3613 -8.85724 0
      vertex -74.5365 -8.92658 3
      vertex -74.3613 -8.85724 3
    endloop
  endfacet
  facet normal -0.368003 0.929825 0
    outer loop
      vertex -74.5365 -8.92658 3
      vertex -74.3613 -8.85724 0
      vertex -74.5365 -8.92658 0
    endloop
  endfacet
  facet normal 0.587768 0.80903 -0
    outer loop
      vertex -75.8037 -8.76649 0
      vertex -75.9561 -8.65577 3
      vertex -75.8037 -8.76649 3
    endloop
  endfacet
  facet normal 0.587768 0.80903 0
    outer loop
      vertex -75.9561 -8.65577 3
      vertex -75.8037 -8.76649 0
      vertex -75.9561 -8.65577 0
    endloop
  endfacet
  facet normal 0 1 -0
    outer loop
      vertex -74.9058 -8.99704 0
      vertex -75.0942 -8.99704 3
      vertex -74.9058 -8.99704 3
    endloop
  endfacet
  facet normal 0 1 0
    outer loop
      vertex -75.0942 -8.99704 3
      vertex -74.9058 -8.99704 0
      vertex -75.0942 -8.99704 0
    endloop
  endfacet
  facet normal 0.125328 0.992115 -0
    outer loop
      vertex -75.0942 -8.99704 0
      vertex -75.2811 -8.97343 3
      vertex -75.0942 -8.99704 3
    endloop
  endfacet
  facet normal 0.125328 0.992115 0
    outer loop
      vertex -75.2811 -8.97343 3
      vertex -75.0942 -8.99704 0
      vertex -75.2811 -8.97343 0
    endloop
  endfacet
  facet normal 0.982284 0.1874 0
    outer loop
      vertex -76.4529 -7.87303 3
      vertex -76.4882 -7.688 0
      vertex -76.4882 -7.688 3
    endloop
  endfacet
  facet normal 0.982284 0.1874 0
    outer loop
      vertex -76.4882 -7.688 0
      vertex -76.4529 -7.87303 3
      vertex -76.4529 -7.87303 0
    endloop
  endfacet
  facet normal 0.770696 0.637202 0
    outer loop
      vertex -76.0935 -8.52682 3
      vertex -76.2135 -8.38168 0
      vertex -76.2135 -8.38168 3
    endloop
  endfacet
  facet normal 0.770696 0.637202 0
    outer loop
      vertex -76.2135 -8.38168 0
      vertex -76.0935 -8.52682 3
      vertex -76.0935 -8.52682 0
    endloop
  endfacet
  facet normal 0.844175 0.536068 0
    outer loop
      vertex -76.2135 -8.38168 3
      vertex -76.3145 -8.22263 0
      vertex -76.3145 -8.22263 3
    endloop
  endfacet
  facet normal 0.844175 0.536068 0
    outer loop
      vertex -76.3145 -8.22263 0
      vertex -76.2135 -8.38168 3
      vertex -76.2135 -8.38168 0
    endloop
  endfacet
  facet normal -0.481919 0.876216 0
    outer loop
      vertex -74.1963 -8.76649 0
      vertex -74.3613 -8.85724 3
      vertex -74.1963 -8.76649 3
    endloop
  endfacet
  facet normal -0.481919 0.876216 0
    outer loop
      vertex -74.3613 -8.85724 3
      vertex -74.1963 -8.76649 0
      vertex -74.3613 -8.85724 0
    endloop
  endfacet
  facet normal -0.770696 0.637202 0
    outer loop
      vertex -73.9065 -8.52682 0
      vertex -73.7865 -8.38168 3
      vertex -73.7865 -8.38168 0
    endloop
  endfacet
  facet normal -0.770696 0.637202 0
    outer loop
      vertex -73.7865 -8.38168 3
      vertex -73.9065 -8.52682 0
      vertex -73.9065 -8.52682 3
    endloop
  endfacet
  facet normal 0.481919 0.876216 -0
    outer loop
      vertex -75.6387 -8.85724 0
      vertex -75.8037 -8.76649 3
      vertex -75.6387 -8.85724 3
    endloop
  endfacet
  facet normal 0.481919 0.876216 0
    outer loop
      vertex -75.8037 -8.76649 3
      vertex -75.6387 -8.85724 0
      vertex -75.8037 -8.76649 0
    endloop
  endfacet
  facet normal 0.951076 -0.308956 0
    outer loop
      vertex -76.4529 7.87303 3
      vertex -76.3947 8.05219 0
      vertex -76.3947 8.05219 3
    endloop
  endfacet
  facet normal 0.951076 -0.308956 0
    outer loop
      vertex -76.3947 8.05219 0
      vertex -76.4529 7.87303 3
      vertex -76.4529 7.87303 0
    endloop
  endfacet
  facet normal -0.844175 -0.536068 0
    outer loop
      vertex -73.6855 8.22263 0
      vertex -73.7865 8.38168 3
      vertex -73.7865 8.38168 0
    endloop
  endfacet
  facet normal -0.844175 -0.536068 0
    outer loop
      vertex -73.7865 8.38168 3
      vertex -73.6855 8.22263 0
      vertex -73.6855 8.22263 3
    endloop
  endfacet
  facet normal -0.368003 -0.929825 0
    outer loop
      vertex -74.5365 8.92658 0
      vertex -74.3613 8.85724 3
      vertex -74.5365 8.92658 3
    endloop
  endfacet
  facet normal -0.368003 -0.929825 -0
    outer loop
      vertex -74.3613 8.85724 3
      vertex -74.5365 8.92658 0
      vertex -74.3613 8.85724 0
    endloop
  endfacet
  facet normal 0.368003 -0.929825 0
    outer loop
      vertex -75.6387 8.85724 0
      vertex -75.4635 8.92658 3
      vertex -75.6387 8.85724 3
    endloop
  endfacet
  facet normal 0.368003 -0.929825 0
    outer loop
      vertex -75.4635 8.92658 3
      vertex -75.6387 8.85724 0
      vertex -75.4635 8.92658 0
    endloop
  endfacet
  facet normal 0.904833 -0.425766 0
    outer loop
      vertex -76.3947 8.05219 3
      vertex -76.3145 8.22263 0
      vertex -76.3145 8.22263 3
    endloop
  endfacet
  facet normal 0.904833 -0.425766 0
    outer loop
      vertex -76.3145 8.22263 0
      vertex -76.3947 8.05219 3
      vertex -76.3947 8.05219 0
    endloop
  endfacet
  facet normal -0.684329 -0.729173 0
    outer loop
      vertex -74.0439 8.65577 0
      vertex -73.9065 8.52682 3
      vertex -74.0439 8.65577 3
    endloop
  endfacet
  facet normal -0.684329 -0.729173 -0
    outer loop
      vertex -73.9065 8.52682 3
      vertex -74.0439 8.65577 0
      vertex -73.9065 8.52682 0
    endloop
  endfacet
  facet normal -0.481919 -0.876216 0
    outer loop
      vertex -74.3613 8.85724 0
      vertex -74.1963 8.76649 3
      vertex -74.3613 8.85724 3
    endloop
  endfacet
  facet normal -0.481919 -0.876216 -0
    outer loop
      vertex -74.1963 8.76649 3
      vertex -74.3613 8.85724 0
      vertex -74.1963 8.76649 0
    endloop
  endfacet
  facet normal 0.770696 -0.637202 0
    outer loop
      vertex -76.2135 8.38168 3
      vertex -76.0935 8.52682 0
      vertex -76.0935 8.52682 3
    endloop
  endfacet
  facet normal 0.770696 -0.637202 0
    outer loop
      vertex -76.0935 8.52682 0
      vertex -76.2135 8.38168 3
      vertex -76.2135 8.38168 0
    endloop
  endfacet
  facet normal 0.125328 -0.992115 0
    outer loop
      vertex -75.2811 8.97343 0
      vertex -75.0942 8.99704 3
      vertex -75.2811 8.97343 3
    endloop
  endfacet
  facet normal 0.125328 -0.992115 0
    outer loop
      vertex -75.0942 8.99704 3
      vertex -75.2811 8.97343 0
      vertex -75.0942 8.99704 0
    endloop
  endfacet
  facet normal 0.684329 -0.729173 0
    outer loop
      vertex -76.0935 8.52682 0
      vertex -75.9561 8.65577 3
      vertex -76.0935 8.52682 3
    endloop
  endfacet
  facet normal 0.684329 -0.729173 0
    outer loop
      vertex -75.9561 8.65577 3
      vertex -76.0935 8.52682 0
      vertex -75.9561 8.65577 0
    endloop
  endfacet
  facet normal -0.587768 0.80903 0
    outer loop
      vertex -74.0439 6.34423 0
      vertex -74.1963 6.23351 3
      vertex -74.0439 6.34423 3
    endloop
  endfacet
  facet normal -0.587768 0.80903 0
    outer loop
      vertex -74.1963 6.23351 3
      vertex -74.0439 6.34423 0
      vertex -74.1963 6.23351 0
    endloop
  endfacet
  facet normal -0.770696 -0.637202 0
    outer loop
      vertex -73.7865 8.38168 0
      vertex -73.9065 8.52682 3
      vertex -73.9065 8.52682 0
    endloop
  endfacet
  facet normal -0.770696 -0.637202 0
    outer loop
      vertex -73.9065 8.52682 3
      vertex -73.7865 8.38168 0
      vertex -73.7865 8.38168 3
    endloop
  endfacet
  facet normal 0 -1 0
    outer loop
      vertex -75.0942 8.99704 0
      vertex -74.9058 8.99704 3
      vertex -75.0942 8.99704 3
    endloop
  endfacet
  facet normal 0 -1 -0
    outer loop
      vertex -74.9058 8.99704 3
      vertex -75.0942 8.99704 0
      vertex -74.9058 8.99704 0
    endloop
  endfacet
  facet normal -0.248778 -0.968561 0
    outer loop
      vertex -74.7189 8.97343 0
      vertex -74.5365 8.92658 3
      vertex -74.7189 8.97343 3
    endloop
  endfacet
  facet normal -0.248778 -0.968561 -0
    outer loop
      vertex -74.5365 8.92658 3
      vertex -74.7189 8.97343 0
      vertex -74.5365 8.92658 0
    endloop
  endfacet
  facet normal -0.587768 -0.80903 0
    outer loop
      vertex -74.1963 8.76649 0
      vertex -74.0439 8.65577 3
      vertex -74.1963 8.76649 3
    endloop
  endfacet
  facet normal -0.587768 -0.80903 -0
    outer loop
      vertex -74.0439 8.65577 3
      vertex -74.1963 8.76649 0
      vertex -74.0439 8.65577 0
    endloop
  endfacet
  facet normal 0.998036 -0.0626427 0
    outer loop
      vertex -76.5 7.5 3
      vertex -76.4882 7.688 0
      vertex -76.4882 7.688 3
    endloop
  endfacet
  facet normal 0.998036 -0.0626427 0
    outer loop
      vertex -76.4882 7.688 0
      vertex -76.5 7.5 3
      vertex -76.5 7.5 0
    endloop
  endfacet
  facet normal 0.844175 -0.536068 0
    outer loop
      vertex -76.3145 8.22263 3
      vertex -76.2135 8.38168 0
      vertex -76.2135 8.38168 3
    endloop
  endfacet
  facet normal 0.844175 -0.536068 0
    outer loop
      vertex -76.2135 8.38168 0
      vertex -76.3145 8.22263 3
      vertex -76.3145 8.22263 0
    endloop
  endfacet
  facet normal 0.248778 -0.968561 0
    outer loop
      vertex -75.4635 8.92658 0
      vertex -75.2811 8.97343 3
      vertex -75.4635 8.92658 3
    endloop
  endfacet
  facet normal 0.248778 -0.968561 0
    outer loop
      vertex -75.2811 8.97343 3
      vertex -75.4635 8.92658 0
      vertex -75.2811 8.97343 0
    endloop
  endfacet
  facet normal 0.587768 -0.80903 0
    outer loop
      vertex -75.9561 8.65577 0
      vertex -75.8037 8.76649 3
      vertex -75.9561 8.65577 3
    endloop
  endfacet
  facet normal 0.587768 -0.80903 0
    outer loop
      vertex -75.8037 8.76649 3
      vertex -75.9561 8.65577 0
      vertex -75.8037 8.76649 0
    endloop
  endfacet
  facet normal 0.481919 -0.876216 0
    outer loop
      vertex -75.8037 8.76649 0
      vertex -75.6387 8.85724 3
      vertex -75.8037 8.76649 3
    endloop
  endfacet
  facet normal 0.481919 -0.876216 0
    outer loop
      vertex -75.6387 8.85724 3
      vertex -75.8037 8.76649 0
      vertex -75.6387 8.85724 0
    endloop
  endfacet
  facet normal -0.998036 -0.0626427 0
    outer loop
      vertex -73.5 7.5 0
      vertex -73.5118 7.688 3
      vertex -73.5118 7.688 0
    endloop
  endfacet
  facet normal -0.998036 -0.0626427 0
    outer loop
      vertex -73.5118 7.688 3
      vertex -73.5 7.5 0
      vertex -73.5 7.5 3
    endloop
  endfacet
  facet normal -0.998036 0.0626427 0
    outer loop
      vertex -73.5118 7.312 0
      vertex -73.5 7.5 3
      vertex -73.5 7.5 0
    endloop
  endfacet
  facet normal -0.998036 0.0626427 0
    outer loop
      vertex -73.5 7.5 3
      vertex -73.5118 7.312 0
      vertex -73.5118 7.312 3
    endloop
  endfacet
  facet normal -0.982286 0.18739 0
    outer loop
      vertex -73.5471 7.12696 0
      vertex -73.5118 7.312 3
      vertex -73.5118 7.312 0
    endloop
  endfacet
  facet normal -0.982286 0.18739 0
    outer loop
      vertex -73.5118 7.312 3
      vertex -73.5471 7.12696 0
      vertex -73.5471 7.12696 3
    endloop
  endfacet
  facet normal 0.844175 0.536068 0
    outer loop
      vertex -76.2135 6.61832 3
      vertex -76.3145 6.77737 0
      vertex -76.3145 6.77737 3
    endloop
  endfacet
  facet normal 0.844175 0.536068 0
    outer loop
      vertex -76.3145 6.77737 0
      vertex -76.2135 6.61832 3
      vertex -76.2135 6.61832 0
    endloop
  endfacet
  facet normal -0.125328 0.992115 0
    outer loop
      vertex -74.7189 6.02657 0
      vertex -74.9058 6.00296 3
      vertex -74.7189 6.02657 3
    endloop
  endfacet
  facet normal -0.125328 0.992115 0
    outer loop
      vertex -74.9058 6.00296 3
      vertex -74.7189 6.02657 0
      vertex -74.9058 6.00296 0
    endloop
  endfacet
  facet normal -0.904833 -0.425766 0
    outer loop
      vertex -73.6053 8.05219 0
      vertex -73.6855 8.22263 3
      vertex -73.6855 8.22263 0
    endloop
  endfacet
  facet normal -0.904833 -0.425766 0
    outer loop
      vertex -73.6855 8.22263 3
      vertex -73.6053 8.05219 0
      vertex -73.6053 8.05219 3
    endloop
  endfacet
  facet normal -0.951076 -0.308956 0
    outer loop
      vertex -73.5471 7.87303 0
      vertex -73.6053 8.05219 3
      vertex -73.6053 8.05219 0
    endloop
  endfacet
  facet normal -0.951076 -0.308956 0
    outer loop
      vertex -73.6053 8.05219 3
      vertex -73.5471 7.87303 0
      vertex -73.5471 7.87303 3
    endloop
  endfacet
  facet normal -0.982284 -0.1874 0
    outer loop
      vertex -73.5118 7.688 0
      vertex -73.5471 7.87303 3
      vertex -73.5471 7.87303 0
    endloop
  endfacet
  facet normal -0.982284 -0.1874 0
    outer loop
      vertex -73.5471 7.87303 3
      vertex -73.5118 7.688 0
      vertex -73.5118 7.688 3
    endloop
  endfacet
  facet normal -0.125328 -0.992115 0
    outer loop
      vertex -74.9058 8.99704 0
      vertex -74.7189 8.97343 3
      vertex -74.9058 8.99704 3
    endloop
  endfacet
  facet normal -0.125328 -0.992115 -0
    outer loop
      vertex -74.7189 8.97343 3
      vertex -74.9058 8.99704 0
      vertex -74.7189 8.97343 0
    endloop
  endfacet
  facet normal 0.982284 -0.1874 0
    outer loop
      vertex -76.4882 7.688 3
      vertex -76.4529 7.87303 0
      vertex -76.4529 7.87303 3
    endloop
  endfacet
  facet normal 0.982284 -0.1874 0
    outer loop
      vertex -76.4529 7.87303 0
      vertex -76.4882 7.688 3
      vertex -76.4882 7.688 0
    endloop
  endfacet
  facet normal -0.844175 0.536068 0
    outer loop
      vertex -73.7865 6.61832 0
      vertex -73.6855 6.77737 3
      vertex -73.6855 6.77737 0
    endloop
  endfacet
  facet normal -0.844175 0.536068 0
    outer loop
      vertex -73.6855 6.77737 3
      vertex -73.7865 6.61832 0
      vertex -73.7865 6.61832 3
    endloop
  endfacet
  facet normal -0.904833 0.425766 0
    outer loop
      vertex -73.6855 6.77737 0
      vertex -73.6053 6.94781 3
      vertex -73.6053 6.94781 0
    endloop
  endfacet
  facet normal -0.904833 0.425766 0
    outer loop
      vertex -73.6053 6.94781 3
      vertex -73.6855 6.77737 0
      vertex -73.6855 6.77737 3
    endloop
  endfacet
  facet normal 0.998036 0.0626427 0
    outer loop
      vertex -76.4882 7.312 3
      vertex -76.5 7.5 0
      vertex -76.5 7.5 3
    endloop
  endfacet
  facet normal 0.998036 0.0626427 0
    outer loop
      vertex -76.5 7.5 0
      vertex -76.4882 7.312 3
      vertex -76.4882 7.312 0
    endloop
  endfacet
  facet normal 0.982286 0.18739 0
    outer loop
      vertex -76.4529 7.12696 3
      vertex -76.4882 7.312 0
      vertex -76.4882 7.312 3
    endloop
  endfacet
  facet normal 0.982286 0.18739 0
    outer loop
      vertex -76.4882 7.312 0
      vertex -76.4529 7.12696 3
      vertex -76.4529 7.12696 0
    endloop
  endfacet
  facet normal 0.904833 0.425766 0
    outer loop
      vertex -76.3145 6.77737 3
      vertex -76.3947 6.94781 0
      vertex -76.3947 6.94781 3
    endloop
  endfacet
  facet normal 0.904833 0.425766 0
    outer loop
      vertex -76.3947 6.94781 0
      vertex -76.3145 6.77737 3
      vertex -76.3145 6.77737 0
    endloop
  endfacet
  facet normal 0.684329 0.729173 -0
    outer loop
      vertex -75.9561 6.34423 0
      vertex -76.0935 6.47318 3
      vertex -75.9561 6.34423 3
    endloop
  endfacet
  facet normal 0.684329 0.729173 0
    outer loop
      vertex -76.0935 6.47318 3
      vertex -75.9561 6.34423 0
      vertex -76.0935 6.47318 0
    endloop
  endfacet
  facet normal -0.368048 0.929807 0
    outer loop
      vertex -74.3613 6.14276 0
      vertex -74.5365 6.07341 3
      vertex -74.3613 6.14276 3
    endloop
  endfacet
  facet normal -0.368048 0.929807 0
    outer loop
      vertex -74.5365 6.07341 3
      vertex -74.3613 6.14276 0
      vertex -74.5365 6.07341 0
    endloop
  endfacet
  facet normal -0.248728 0.968573 0
    outer loop
      vertex -74.5365 6.07341 0
      vertex -74.7189 6.02657 3
      vertex -74.5365 6.07341 3
    endloop
  endfacet
  facet normal -0.248728 0.968573 0
    outer loop
      vertex -74.7189 6.02657 3
      vertex -74.5365 6.07341 0
      vertex -74.7189 6.02657 0
    endloop
  endfacet
  facet normal -0.481919 0.876216 0
    outer loop
      vertex -74.1963 6.23351 0
      vertex -74.3613 6.14276 3
      vertex -74.1963 6.23351 3
    endloop
  endfacet
  facet normal -0.481919 0.876216 0
    outer loop
      vertex -74.3613 6.14276 3
      vertex -74.1963 6.23351 0
      vertex -74.3613 6.14276 0
    endloop
  endfacet
  facet normal -0.684329 0.729173 0
    outer loop
      vertex -73.9065 6.47318 0
      vertex -74.0439 6.34423 3
      vertex -73.9065 6.47318 3
    endloop
  endfacet
  facet normal -0.684329 0.729173 0
    outer loop
      vertex -74.0439 6.34423 3
      vertex -73.9065 6.47318 0
      vertex -74.0439 6.34423 0
    endloop
  endfacet
  facet normal -0.951071 0.308972 0
    outer loop
      vertex -73.6053 6.94781 0
      vertex -73.5471 7.12696 3
      vertex -73.5471 7.12696 0
    endloop
  endfacet
  facet normal -0.951071 0.308972 0
    outer loop
      vertex -73.5471 7.12696 3
      vertex -73.6053 6.94781 0
      vertex -73.6053 6.94781 3
    endloop
  endfacet
  facet normal 0.368048 0.929807 -0
    outer loop
      vertex -75.4635 6.07341 0
      vertex -75.6387 6.14276 3
      vertex -75.4635 6.07341 3
    endloop
  endfacet
  facet normal 0.368048 0.929807 0
    outer loop
      vertex -75.6387 6.14276 3
      vertex -75.4635 6.07341 0
      vertex -75.6387 6.14276 0
    endloop
  endfacet
  facet normal 0 1 -0
    outer loop
      vertex -74.9058 6.00296 0
      vertex -75.0942 6.00296 3
      vertex -74.9058 6.00296 3
    endloop
  endfacet
  facet normal 0 1 0
    outer loop
      vertex -75.0942 6.00296 3
      vertex -74.9058 6.00296 0
      vertex -75.0942 6.00296 0
    endloop
  endfacet
  facet normal 0.125328 0.992115 -0
    outer loop
      vertex -75.0942 6.00296 0
      vertex -75.2811 6.02657 3
      vertex -75.0942 6.00296 3
    endloop
  endfacet
  facet normal 0.125328 0.992115 0
    outer loop
      vertex -75.2811 6.02657 3
      vertex -75.0942 6.00296 0
      vertex -75.2811 6.02657 0
    endloop
  endfacet
  facet normal -0.770696 0.637202 0
    outer loop
      vertex -73.9065 6.47318 0
      vertex -73.7865 6.61832 3
      vertex -73.7865 6.61832 0
    endloop
  endfacet
  facet normal -0.770696 0.637202 0
    outer loop
      vertex -73.7865 6.61832 3
      vertex -73.9065 6.47318 0
      vertex -73.9065 6.47318 3
    endloop
  endfacet
  facet normal 0.587768 0.80903 -0
    outer loop
      vertex -75.8037 6.23351 0
      vertex -75.9561 6.34423 3
      vertex -75.8037 6.23351 3
    endloop
  endfacet
  facet normal 0.587768 0.80903 0
    outer loop
      vertex -75.9561 6.34423 3
      vertex -75.8037 6.23351 0
      vertex -75.9561 6.34423 0
    endloop
  endfacet
  facet normal 0.248728 0.968573 -0
    outer loop
      vertex -75.2811 6.02657 0
      vertex -75.4635 6.07341 3
      vertex -75.2811 6.02657 3
    endloop
  endfacet
  facet normal 0.248728 0.968573 0
    outer loop
      vertex -75.4635 6.07341 3
      vertex -75.2811 6.02657 0
      vertex -75.4635 6.07341 0
    endloop
  endfacet
  facet normal 0.951071 0.308972 0
    outer loop
      vertex -76.3947 6.94781 3
      vertex -76.4529 7.12696 0
      vertex -76.4529 7.12696 3
    endloop
  endfacet
  facet normal 0.951071 0.308972 0
    outer loop
      vertex -76.4529 7.12696 0
      vertex -76.3947 6.94781 3
      vertex -76.3947 6.94781 0
    endloop
  endfacet
  facet normal 0.770696 0.637202 0
    outer loop
      vertex -76.0935 6.47318 3
      vertex -76.2135 6.61832 0
      vertex -76.2135 6.61832 3
    endloop
  endfacet
  facet normal 0.770696 0.637202 0
    outer loop
      vertex -76.2135 6.61832 0
      vertex -76.0935 6.47318 3
      vertex -76.0935 6.47318 0
    endloop
  endfacet
  facet normal 0.481919 0.876216 -0
    outer loop
      vertex -75.6387 6.14276 0
      vertex -75.8037 6.23351 3
      vertex -75.6387 6.14276 3
    endloop
  endfacet
  facet normal 0.481919 0.876216 0
    outer loop
      vertex -75.8037 6.23351 3
      vertex -75.6387 6.14276 0
      vertex -75.8037 6.23351 0
    endloop
  endfacet
  facet normal -0.998036 -0.0626427 0
    outer loop
      vertex -73.5 22.5 0
      vertex -73.5118 22.688 3
      vertex -73.5118 22.688 0
    endloop
  endfacet
  facet normal -0.998036 -0.0626427 0
    outer loop
      vertex -73.5118 22.688 3
      vertex -73.5 22.5 0
      vertex -73.5 22.5 3
    endloop
  endfacet
  facet normal 0.998036 -0.0626427 0
    outer loop
      vertex -76.5 22.5 3
      vertex -76.4882 22.688 0
      vertex -76.4882 22.688 3
    endloop
  endfacet
  facet normal 0.998036 -0.0626427 0
    outer loop
      vertex -76.4882 22.688 0
      vertex -76.5 22.5 3
      vertex -76.5 22.5 0
    endloop
  endfacet
  facet normal 0 -1 0
    outer loop
      vertex -75.0942 23.997 0
      vertex -74.9058 23.997 3
      vertex -75.0942 23.997 3
    endloop
  endfacet
  facet normal 0 -1 -0
    outer loop
      vertex -74.9058 23.997 3
      vertex -75.0942 23.997 0
      vertex -74.9058 23.997 0
    endloop
  endfacet
  facet normal -0.68447 -0.729041 0
    outer loop
      vertex -74.0439 23.6558 0
      vertex -73.9065 23.5268 3
      vertex -74.0439 23.6558 3
    endloop
  endfacet
  facet normal -0.68447 -0.729041 -0
    outer loop
      vertex -73.9065 23.5268 3
      vertex -74.0439 23.6558 0
      vertex -73.9065 23.5268 0
    endloop
  endfacet
  facet normal 0.68447 -0.729041 0
    outer loop
      vertex -76.0935 23.5268 0
      vertex -75.9561 23.6558 3
      vertex -76.0935 23.5268 3
    endloop
  endfacet
  facet normal 0.68447 -0.729041 0
    outer loop
      vertex -75.9561 23.6558 3
      vertex -76.0935 23.5268 0
      vertex -75.9561 23.6558 0
    endloop
  endfacet
  facet normal 0.368278 -0.929716 0
    outer loop
      vertex -75.6387 23.8572 0
      vertex -75.4635 23.9266 3
      vertex -75.6387 23.8572 3
    endloop
  endfacet
  facet normal 0.368278 -0.929716 0
    outer loop
      vertex -75.4635 23.9266 3
      vertex -75.6387 23.8572 0
      vertex -75.4635 23.9266 0
    endloop
  endfacet
  facet normal -0.904795 -0.425848 0
    outer loop
      vertex -73.6053 23.0522 0
      vertex -73.6855 23.2226 3
      vertex -73.6855 23.2226 0
    endloop
  endfacet
  facet normal -0.904795 -0.425848 0
    outer loop
      vertex -73.6855 23.2226 3
      vertex -73.6053 23.0522 0
      vertex -73.6053 23.0522 3
    endloop
  endfacet
  facet normal -0.982278 -0.187429 0
    outer loop
      vertex -73.5118 22.688 0
      vertex -73.5471 22.873 3
      vertex -73.5471 22.873 0
    endloop
  endfacet
  facet normal -0.982278 -0.187429 0
    outer loop
      vertex -73.5471 22.873 3
      vertex -73.5118 22.688 0
      vertex -73.5118 22.688 3
    endloop
  endfacet
  facet normal -0.368278 -0.929716 0
    outer loop
      vertex -74.5365 23.9266 0
      vertex -74.3613 23.8572 3
      vertex -74.5365 23.9266 3
    endloop
  endfacet
  facet normal -0.368278 -0.929716 -0
    outer loop
      vertex -74.3613 23.8572 3
      vertex -74.5365 23.9266 0
      vertex -74.3613 23.8572 0
    endloop
  endfacet
  facet normal -0.248529 -0.968625 0
    outer loop
      vertex -74.7189 23.9734 0
      vertex -74.5365 23.9266 3
      vertex -74.7189 23.9734 3
    endloop
  endfacet
  facet normal -0.248529 -0.968625 -0
    outer loop
      vertex -74.5365 23.9266 3
      vertex -74.7189 23.9734 0
      vertex -74.5365 23.9266 0
    endloop
  endfacet
  facet normal -0.587698 -0.80908 0
    outer loop
      vertex -74.1963 23.7665 0
      vertex -74.0439 23.6558 3
      vertex -74.1963 23.7665 3
    endloop
  endfacet
  facet normal -0.587698 -0.80908 -0
    outer loop
      vertex -74.0439 23.6558 3
      vertex -74.1963 23.7665 0
      vertex -74.0439 23.6558 0
    endloop
  endfacet
  facet normal 0.904795 -0.425848 0
    outer loop
      vertex -76.3947 23.0522 3
      vertex -76.3145 23.2226 0
      vertex -76.3145 23.2226 3
    endloop
  endfacet
  facet normal 0.904795 -0.425848 0
    outer loop
      vertex -76.3145 23.2226 0
      vertex -76.3947 23.0522 3
      vertex -76.3947 23.0522 0
    endloop
  endfacet
  facet normal 0.844251 -0.535948 0
    outer loop
      vertex -76.3145 23.2226 3
      vertex -76.2135 23.3817 0
      vertex -76.2135 23.3817 3
    endloop
  endfacet
  facet normal 0.844251 -0.535948 0
    outer loop
      vertex -76.2135 23.3817 0
      vertex -76.3145 23.2226 3
      vertex -76.3145 23.2226 0
    endloop
  endfacet
  facet normal 0.951096 -0.308894 0
    outer loop
      vertex -76.4529 22.873 3
      vertex -76.3947 23.0522 0
      vertex -76.3947 23.0522 3
    endloop
  endfacet
  facet normal 0.951096 -0.308894 0
    outer loop
      vertex -76.3947 23.0522 0
      vertex -76.4529 22.873 3
      vertex -76.4529 22.873 0
    endloop
  endfacet
  facet normal 0.587698 -0.80908 0
    outer loop
      vertex -75.9561 23.6558 0
      vertex -75.8037 23.7665 3
      vertex -75.9561 23.6558 3
    endloop
  endfacet
  facet normal 0.587698 -0.80908 0
    outer loop
      vertex -75.8037 23.7665 3
      vertex -75.9561 23.6558 0
      vertex -75.8037 23.7665 0
    endloop
  endfacet
  facet normal 0.125276 -0.992122 0
    outer loop
      vertex -75.2811 23.9734 0
      vertex -75.0942 23.997 3
      vertex -75.2811 23.9734 3
    endloop
  endfacet
  facet normal 0.125276 -0.992122 0
    outer loop
      vertex -75.0942 23.997 3
      vertex -75.2811 23.9734 0
      vertex -75.0942 23.997 0
    endloop
  endfacet
  facet normal 0.248529 0.968625 -0
    outer loop
      vertex -75.2811 21.0266 0
      vertex -75.4635 21.0734 3
      vertex -75.2811 21.0266 3
    endloop
  endfacet
  facet normal 0.248529 0.968625 0
    outer loop
      vertex -75.4635 21.0734 3
      vertex -75.2811 21.0266 0
      vertex -75.4635 21.0734 0
    endloop
  endfacet
  facet normal 0.904795 0.425848 0
    outer loop
      vertex -76.3145 21.7774 3
      vertex -76.3947 21.9478 0
      vertex -76.3947 21.9478 3
    endloop
  endfacet
  facet normal 0.904795 0.425848 0
    outer loop
      vertex -76.3947 21.9478 0
      vertex -76.3145 21.7774 3
      vertex -76.3145 21.7774 0
    endloop
  endfacet
  facet normal -0.125276 0.992122 0
    outer loop
      vertex -74.7189 21.0266 0
      vertex -74.9058 21.003 3
      vertex -74.7189 21.0266 3
    endloop
  endfacet
  facet normal -0.125276 0.992122 0
    outer loop
      vertex -74.9058 21.003 3
      vertex -74.7189 21.0266 0
      vertex -74.9058 21.003 0
    endloop
  endfacet
  facet normal -0.951096 -0.308894 0
    outer loop
      vertex -73.5471 22.873 0
      vertex -73.6053 23.0522 3
      vertex -73.6053 23.0522 0
    endloop
  endfacet
  facet normal -0.951096 -0.308894 0
    outer loop
      vertex -73.6053 23.0522 3
      vertex -73.5471 22.873 0
      vertex -73.5471 22.873 3
    endloop
  endfacet
  facet normal -0.77061 -0.637307 0
    outer loop
      vertex -73.7865 23.3817 0
      vertex -73.9065 23.5268 3
      vertex -73.9065 23.5268 0
    endloop
  endfacet
  facet normal -0.77061 -0.637307 0
    outer loop
      vertex -73.9065 23.5268 3
      vertex -73.7865 23.3817 0
      vertex -73.7865 23.3817 3
    endloop
  endfacet
  facet normal -0.844251 -0.535948 0
    outer loop
      vertex -73.6855 23.2226 0
      vertex -73.7865 23.3817 3
      vertex -73.7865 23.3817 0
    endloop
  endfacet
  facet normal -0.844251 -0.535948 0
    outer loop
      vertex -73.7865 23.3817 3
      vertex -73.6855 23.2226 0
      vertex -73.6855 23.2226 3
    endloop
  endfacet
  facet normal -0.125276 -0.992122 0
    outer loop
      vertex -74.9058 23.997 0
      vertex -74.7189 23.9734 3
      vertex -74.9058 23.997 3
    endloop
  endfacet
  facet normal -0.125276 -0.992122 -0
    outer loop
      vertex -74.7189 23.9734 3
      vertex -74.9058 23.997 0
      vertex -74.7189 23.9734 0
    endloop
  endfacet
  facet normal -0.481715 -0.876328 0
    outer loop
      vertex -74.3613 23.8572 0
      vertex -74.1963 23.7665 3
      vertex -74.3613 23.8572 3
    endloop
  endfacet
  facet normal -0.481715 -0.876328 -0
    outer loop
      vertex -74.1963 23.7665 3
      vertex -74.3613 23.8572 0
      vertex -74.1963 23.7665 0
    endloop
  endfacet
  facet normal -0.998036 0.0626427 0
    outer loop
      vertex -73.5118 22.312 0
      vertex -73.5 22.5 3
      vertex -73.5 22.5 0
    endloop
  endfacet
  facet normal -0.998036 0.0626427 0
    outer loop
      vertex -73.5 22.5 3
      vertex -73.5118 22.312 0
      vertex -73.5118 22.312 3
    endloop
  endfacet
  facet normal -0.982278 0.187429 0
    outer loop
      vertex -73.5471 22.127 0
      vertex -73.5118 22.312 3
      vertex -73.5118 22.312 0
    endloop
  endfacet
  facet normal -0.982278 0.187429 0
    outer loop
      vertex -73.5118 22.312 3
      vertex -73.5471 22.127 0
      vertex -73.5471 22.127 3
    endloop
  endfacet
  facet normal -0.587698 0.80908 0
    outer loop
      vertex -74.0439 21.3442 0
      vertex -74.1963 21.2335 3
      vertex -74.0439 21.3442 3
    endloop
  endfacet
  facet normal -0.587698 0.80908 0
    outer loop
      vertex -74.1963 21.2335 3
      vertex -74.0439 21.3442 0
      vertex -74.1963 21.2335 0
    endloop
  endfacet
  facet normal 0.125276 0.992122 -0
    outer loop
      vertex -75.0942 21.003 0
      vertex -75.2811 21.0266 3
      vertex -75.0942 21.003 3
    endloop
  endfacet
  facet normal 0.125276 0.992122 0
    outer loop
      vertex -75.2811 21.0266 3
      vertex -75.0942 21.003 0
      vertex -75.2811 21.0266 0
    endloop
  endfacet
  facet normal 0.951096 0.308894 0
    outer loop
      vertex -76.3947 21.9478 3
      vertex -76.4529 22.127 0
      vertex -76.4529 22.127 3
    endloop
  endfacet
  facet normal 0.951096 0.308894 0
    outer loop
      vertex -76.4529 22.127 0
      vertex -76.3947 21.9478 3
      vertex -76.3947 21.9478 0
    endloop
  endfacet
  facet normal -0.368278 0.929716 0
    outer loop
      vertex -74.3613 21.1428 0
      vertex -74.5365 21.0734 3
      vertex -74.3613 21.1428 3
    endloop
  endfacet
  facet normal -0.368278 0.929716 0
    outer loop
      vertex -74.5365 21.0734 3
      vertex -74.3613 21.1428 0
      vertex -74.5365 21.0734 0
    endloop
  endfacet
  facet normal -0.248529 0.968625 0
    outer loop
      vertex -74.5365 21.0734 0
      vertex -74.7189 21.0266 3
      vertex -74.5365 21.0734 3
    endloop
  endfacet
  facet normal -0.248529 0.968625 0
    outer loop
      vertex -74.7189 21.0266 3
      vertex -74.5365 21.0734 0
      vertex -74.7189 21.0266 0
    endloop
  endfacet
  facet normal 0.77061 -0.637307 0
    outer loop
      vertex -76.2135 23.3817 3
      vertex -76.0935 23.5268 0
      vertex -76.0935 23.5268 3
    endloop
  endfacet
  facet normal 0.77061 -0.637307 0
    outer loop
      vertex -76.0935 23.5268 0
      vertex -76.2135 23.3817 3
      vertex -76.2135 23.3817 0
    endloop
  endfacet
  facet normal 0.982278 -0.187429 0
    outer loop
      vertex -76.4882 22.688 3
      vertex -76.4529 22.873 0
      vertex -76.4529 22.873 3
    endloop
  endfacet
  facet normal 0.982278 -0.187429 0
    outer loop
      vertex -76.4529 22.873 0
      vertex -76.4882 22.688 3
      vertex -76.4882 22.688 0
    endloop
  endfacet
  facet normal 0.481715 -0.876328 0
    outer loop
      vertex -75.8037 23.7665 0
      vertex -75.6387 23.8572 3
      vertex -75.8037 23.7665 3
    endloop
  endfacet
  facet normal 0.481715 -0.876328 0
    outer loop
      vertex -75.6387 23.8572 3
      vertex -75.8037 23.7665 0
      vertex -75.6387 23.8572 0
    endloop
  endfacet
  facet normal 0.248529 -0.968625 0
    outer loop
      vertex -75.4635 23.9266 0
      vertex -75.2811 23.9734 3
      vertex -75.4635 23.9266 3
    endloop
  endfacet
  facet normal 0.248529 -0.968625 0
    outer loop
      vertex -75.2811 23.9734 3
      vertex -75.4635 23.9266 0
      vertex -75.2811 23.9734 0
    endloop
  endfacet
  facet normal -0.951096 0.308894 0
    outer loop
      vertex -73.6053 21.9478 0
      vertex -73.5471 22.127 3
      vertex -73.5471 22.127 0
    endloop
  endfacet
  facet normal -0.951096 0.308894 0
    outer loop
      vertex -73.5471 22.127 3
      vertex -73.6053 21.9478 0
      vertex -73.6053 21.9478 3
    endloop
  endfacet
  facet normal -0.844251 0.535948 0
    outer loop
      vertex -73.7865 21.6183 0
      vertex -73.6855 21.7774 3
      vertex -73.6855 21.7774 0
    endloop
  endfacet
  facet normal -0.844251 0.535948 0
    outer loop
      vertex -73.6855 21.7774 3
      vertex -73.7865 21.6183 0
      vertex -73.7865 21.6183 3
    endloop
  endfacet
  facet normal -0.68447 0.729041 0
    outer loop
      vertex -73.9065 21.4732 0
      vertex -74.0439 21.3442 3
      vertex -73.9065 21.4732 3
    endloop
  endfacet
  facet normal -0.68447 0.729041 0
    outer loop
      vertex -74.0439 21.3442 3
      vertex -73.9065 21.4732 0
      vertex -74.0439 21.3442 0
    endloop
  endfacet
  facet normal -0.904795 0.425848 0
    outer loop
      vertex -73.6855 21.7774 0
      vertex -73.6053 21.9478 3
      vertex -73.6053 21.9478 0
    endloop
  endfacet
  facet normal -0.904795 0.425848 0
    outer loop
      vertex -73.6053 21.9478 3
      vertex -73.6855 21.7774 0
      vertex -73.6855 21.7774 3
    endloop
  endfacet
  facet normal 0.368278 0.929716 -0
    outer loop
      vertex -75.4635 21.0734 0
      vertex -75.6387 21.1428 3
      vertex -75.4635 21.0734 3
    endloop
  endfacet
  facet normal 0.368278 0.929716 0
    outer loop
      vertex -75.6387 21.1428 3
      vertex -75.4635 21.0734 0
      vertex -75.6387 21.1428 0
    endloop
  endfacet
  facet normal 0.68447 0.729041 -0
    outer loop
      vertex -75.9561 21.3442 0
      vertex -76.0935 21.4732 3
      vertex -75.9561 21.3442 3
    endloop
  endfacet
  facet normal 0.68447 0.729041 0
    outer loop
      vertex -76.0935 21.4732 3
      vertex -75.9561 21.3442 0
      vertex -76.0935 21.4732 0
    endloop
  endfacet
  facet normal 0.998036 0.0626427 0
    outer loop
      vertex -76.4882 22.312 3
      vertex -76.5 22.5 0
      vertex -76.5 22.5 3
    endloop
  endfacet
  facet normal 0.998036 0.0626427 0
    outer loop
      vertex -76.5 22.5 0
      vertex -76.4882 22.312 3
      vertex -76.4882 22.312 0
    endloop
  endfacet
  facet normal 0.982278 0.187429 0
    outer loop
      vertex -76.4529 22.127 3
      vertex -76.4882 22.312 0
      vertex -76.4882 22.312 3
    endloop
  endfacet
  facet normal 0.982278 0.187429 0
    outer loop
      vertex -76.4882 22.312 0
      vertex -76.4529 22.127 3
      vertex -76.4529 22.127 0
    endloop
  endfacet
  facet normal -0.481715 0.876328 0
    outer loop
      vertex -74.1963 21.2335 0
      vertex -74.3613 21.1428 3
      vertex -74.1963 21.2335 3
    endloop
  endfacet
  facet normal -0.481715 0.876328 0
    outer loop
      vertex -74.3613 21.1428 3
      vertex -74.1963 21.2335 0
      vertex -74.3613 21.1428 0
    endloop
  endfacet
  facet normal 0 1 -0
    outer loop
      vertex -74.9058 21.003 0
      vertex -75.0942 21.003 3
      vertex -74.9058 21.003 3
    endloop
  endfacet
  facet normal 0 1 0
    outer loop
      vertex -75.0942 21.003 3
      vertex -74.9058 21.003 0
      vertex -75.0942 21.003 0
    endloop
  endfacet
  facet normal 0.77061 0.637307 0
    outer loop
      vertex -76.0935 21.4732 3
      vertex -76.2135 21.6183 0
      vertex -76.2135 21.6183 3
    endloop
  endfacet
  facet normal 0.77061 0.637307 0
    outer loop
      vertex -76.2135 21.6183 0
      vertex -76.0935 21.4732 3
      vertex -76.0935 21.4732 0
    endloop
  endfacet
  facet normal 0.844251 0.535948 0
    outer loop
      vertex -76.2135 21.6183 3
      vertex -76.3145 21.7774 0
      vertex -76.3145 21.7774 3
    endloop
  endfacet
  facet normal 0.844251 0.535948 0
    outer loop
      vertex -76.3145 21.7774 0
      vertex -76.2135 21.6183 3
      vertex -76.2135 21.6183 0
    endloop
  endfacet
  facet normal -0.77061 0.637307 0
    outer loop
      vertex -73.9065 21.4732 0
      vertex -73.7865 21.6183 3
      vertex -73.7865 21.6183 0
    endloop
  endfacet
  facet normal -0.77061 0.637307 0
    outer loop
      vertex -73.7865 21.6183 3
      vertex -73.9065 21.4732 0
      vertex -73.9065 21.4732 3
    endloop
  endfacet
  facet normal 0.587698 0.80908 -0
    outer loop
      vertex -75.8037 21.2335 0
      vertex -75.9561 21.3442 3
      vertex -75.8037 21.2335 3
    endloop
  endfacet
  facet normal 0.587698 0.80908 0
    outer loop
      vertex -75.9561 21.3442 3
      vertex -75.8037 21.2335 0
      vertex -75.9561 21.3442 0
    endloop
  endfacet
  facet normal 0.481715 0.876328 -0
    outer loop
      vertex -75.6387 21.1428 0
      vertex -75.8037 21.2335 3
      vertex -75.6387 21.1428 3
    endloop
  endfacet
  facet normal 0.481715 0.876328 0
    outer loop
      vertex -75.8037 21.2335 3
      vertex -75.6387 21.1428 0
      vertex -75.8037 21.2335 0
    endloop
  endfacet
  facet normal -0.998036 -0.0626427 0
    outer loop
      vertex -73.5 37.5 0
      vertex -73.5118 37.688 3
      vertex -73.5118 37.688 0
    endloop
  endfacet
  facet normal -0.998036 -0.0626427 0
    outer loop
      vertex -73.5118 37.688 3
      vertex -73.5 37.5 0
      vertex -73.5 37.5 3
    endloop
  endfacet
  facet normal 0.998036 -0.0626427 0
    outer loop
      vertex -76.5 37.5 3
      vertex -76.4882 37.688 0
      vertex -76.4882 37.688 3
    endloop
  endfacet
  facet normal 0.998036 -0.0626427 0
    outer loop
      vertex -76.4882 37.688 0
      vertex -76.5 37.5 3
      vertex -76.5 37.5 0
    endloop
  endfacet
  facet normal 0 -1 0
    outer loop
      vertex -75.0942 38.997 0
      vertex -74.9058 38.997 3
      vertex -75.0942 38.997 3
    endloop
  endfacet
  facet normal 0 -1 -0
    outer loop
      vertex -74.9058 38.997 3
      vertex -75.0942 38.997 0
      vertex -74.9058 38.997 0
    endloop
  endfacet
  facet normal 0 1 -0
    outer loop
      vertex -74.9058 36.003 0
      vertex -75.0942 36.003 3
      vertex -74.9058 36.003 3
    endloop
  endfacet
  facet normal 0 1 0
    outer loop
      vertex -75.0942 36.003 3
      vertex -74.9058 36.003 0
      vertex -75.0942 36.003 0
    endloop
  endfacet
  facet normal -0.68447 -0.729041 0
    outer loop
      vertex -74.0439 38.6558 0
      vertex -73.9065 38.5268 3
      vertex -74.0439 38.6558 3
    endloop
  endfacet
  facet normal -0.68447 -0.729041 -0
    outer loop
      vertex -73.9065 38.5268 3
      vertex -74.0439 38.6558 0
      vertex -73.9065 38.5268 0
    endloop
  endfacet
  facet normal 0.68447 -0.729041 0
    outer loop
      vertex -76.0935 38.5268 0
      vertex -75.9561 38.6558 3
      vertex -76.0935 38.5268 3
    endloop
  endfacet
  facet normal 0.68447 -0.729041 0
    outer loop
      vertex -75.9561 38.6558 3
      vertex -76.0935 38.5268 0
      vertex -75.9561 38.6558 0
    endloop
  endfacet
  facet normal 0.368278 -0.929716 0
    outer loop
      vertex -75.6387 38.8572 0
      vertex -75.4635 38.9266 3
      vertex -75.6387 38.8572 3
    endloop
  endfacet
  facet normal 0.368278 -0.929716 0
    outer loop
      vertex -75.4635 38.9266 3
      vertex -75.6387 38.8572 0
      vertex -75.4635 38.9266 0
    endloop
  endfacet
  facet normal -0.844251 0.535948 0
    outer loop
      vertex -73.7865 36.6183 0
      vertex -73.6855 36.7774 3
      vertex -73.6855 36.7774 0
    endloop
  endfacet
  facet normal -0.844251 0.535948 0
    outer loop
      vertex -73.6855 36.7774 3
      vertex -73.7865 36.6183 0
      vertex -73.7865 36.6183 3
    endloop
  endfacet
  facet normal -0.904795 -0.425848 0
    outer loop
      vertex -73.6053 38.0522 0
      vertex -73.6855 38.2226 3
      vertex -73.6855 38.2226 0
    endloop
  endfacet
  facet normal -0.904795 -0.425848 0
    outer loop
      vertex -73.6855 38.2226 3
      vertex -73.6053 38.0522 0
      vertex -73.6053 38.0522 3
    endloop
  endfacet
  facet normal -0.982278 -0.187429 0
    outer loop
      vertex -73.5118 37.688 0
      vertex -73.5471 37.873 3
      vertex -73.5471 37.873 0
    endloop
  endfacet
  facet normal -0.982278 -0.187429 0
    outer loop
      vertex -73.5471 37.873 3
      vertex -73.5118 37.688 0
      vertex -73.5118 37.688 3
    endloop
  endfacet
  facet normal -0.368278 -0.929716 0
    outer loop
      vertex -74.5365 38.9266 0
      vertex -74.3613 38.8572 3
      vertex -74.5365 38.9266 3
    endloop
  endfacet
  facet normal -0.368278 -0.929716 -0
    outer loop
      vertex -74.3613 38.8572 3
      vertex -74.5365 38.9266 0
      vertex -74.3613 38.8572 0
    endloop
  endfacet
  facet normal -0.248529 -0.968625 0
    outer loop
      vertex -74.7189 38.9734 0
      vertex -74.5365 38.9266 3
      vertex -74.7189 38.9734 3
    endloop
  endfacet
  facet normal -0.248529 -0.968625 -0
    outer loop
      vertex -74.5365 38.9266 3
      vertex -74.7189 38.9734 0
      vertex -74.5365 38.9266 0
    endloop
  endfacet
  facet normal -0.481715 -0.876328 0
    outer loop
      vertex -74.3613 38.8572 0
      vertex -74.1963 38.7665 3
      vertex -74.3613 38.8572 3
    endloop
  endfacet
  facet normal -0.481715 -0.876328 -0
    outer loop
      vertex -74.1963 38.7665 3
      vertex -74.3613 38.8572 0
      vertex -74.1963 38.7665 0
    endloop
  endfacet
  facet normal 0.904795 -0.425848 0
    outer loop
      vertex -76.3947 38.0522 3
      vertex -76.3145 38.2226 0
      vertex -76.3145 38.2226 3
    endloop
  endfacet
  facet normal 0.904795 -0.425848 0
    outer loop
      vertex -76.3145 38.2226 0
      vertex -76.3947 38.0522 3
      vertex -76.3947 38.0522 0
    endloop
  endfacet
  facet normal 0.844251 -0.535948 0
    outer loop
      vertex -76.3145 38.2226 3
      vertex -76.2135 38.3817 0
      vertex -76.2135 38.3817 3
    endloop
  endfacet
  facet normal 0.844251 -0.535948 0
    outer loop
      vertex -76.2135 38.3817 0
      vertex -76.3145 38.2226 3
      vertex -76.3145 38.2226 0
    endloop
  endfacet
  facet normal 0.951096 -0.308894 0
    outer loop
      vertex -76.4529 37.873 3
      vertex -76.3947 38.0522 0
      vertex -76.3947 38.0522 3
    endloop
  endfacet
  facet normal 0.951096 -0.308894 0
    outer loop
      vertex -76.3947 38.0522 0
      vertex -76.4529 37.873 3
      vertex -76.4529 37.873 0
    endloop
  endfacet
  facet normal 0.587698 -0.80908 0
    outer loop
      vertex -75.9561 38.6558 0
      vertex -75.8037 38.7665 3
      vertex -75.9561 38.6558 3
    endloop
  endfacet
  facet normal 0.587698 -0.80908 0
    outer loop
      vertex -75.8037 38.7665 3
      vertex -75.9561 38.6558 0
      vertex -75.8037 38.7665 0
    endloop
  endfacet
  facet normal 0.125276 -0.992122 0
    outer loop
      vertex -75.2811 38.9734 0
      vertex -75.0942 38.997 3
      vertex -75.2811 38.9734 3
    endloop
  endfacet
  facet normal 0.125276 -0.992122 0
    outer loop
      vertex -75.0942 38.997 3
      vertex -75.2811 38.9734 0
      vertex -75.0942 38.997 0
    endloop
  endfacet
  facet normal -0.125276 0.992122 0
    outer loop
      vertex -74.7189 36.0266 0
      vertex -74.9058 36.003 3
      vertex -74.7189 36.0266 3
    endloop
  endfacet
  facet normal -0.125276 0.992122 0
    outer loop
      vertex -74.9058 36.003 3
      vertex -74.7189 36.0266 0
      vertex -74.9058 36.003 0
    endloop
  endfacet
  facet normal -0.951096 -0.308894 0
    outer loop
      vertex -73.5471 37.873 0
      vertex -73.6053 38.0522 3
      vertex -73.6053 38.0522 0
    endloop
  endfacet
  facet normal -0.951096 -0.308894 0
    outer loop
      vertex -73.6053 38.0522 3
      vertex -73.5471 37.873 0
      vertex -73.5471 37.873 3
    endloop
  endfacet
  facet normal -0.77061 -0.637307 0
    outer loop
      vertex -73.7865 38.3817 0
      vertex -73.9065 38.5268 3
      vertex -73.9065 38.5268 0
    endloop
  endfacet
  facet normal -0.77061 -0.637307 0
    outer loop
      vertex -73.9065 38.5268 3
      vertex -73.7865 38.3817 0
      vertex -73.7865 38.3817 3
    endloop
  endfacet
  facet normal -0.844251 -0.535948 0
    outer loop
      vertex -73.6855 38.2226 0
      vertex -73.7865 38.3817 3
      vertex -73.7865 38.3817 0
    endloop
  endfacet
  facet normal -0.844251 -0.535948 0
    outer loop
      vertex -73.7865 38.3817 3
      vertex -73.6855 38.2226 0
      vertex -73.6855 38.2226 3
    endloop
  endfacet
  facet normal -0.125276 -0.992122 0
    outer loop
      vertex -74.9058 38.997 0
      vertex -74.7189 38.9734 3
      vertex -74.9058 38.997 3
    endloop
  endfacet
  facet normal -0.125276 -0.992122 -0
    outer loop
      vertex -74.7189 38.9734 3
      vertex -74.9058 38.997 0
      vertex -74.7189 38.9734 0
    endloop
  endfacet
  facet normal -0.587698 -0.80908 0
    outer loop
      vertex -74.1963 38.7665 0
      vertex -74.0439 38.6558 3
      vertex -74.1963 38.7665 3
    endloop
  endfacet
  facet normal -0.587698 -0.80908 -0
    outer loop
      vertex -74.0439 38.6558 3
      vertex -74.1963 38.7665 0
      vertex -74.0439 38.6558 0
    endloop
  endfacet
  facet normal 0.77061 -0.637307 0
    outer loop
      vertex -76.2135 38.3817 3
      vertex -76.0935 38.5268 0
      vertex -76.0935 38.5268 3
    endloop
  endfacet
  facet normal 0.77061 -0.637307 0
    outer loop
      vertex -76.0935 38.5268 0
      vertex -76.2135 38.3817 3
      vertex -76.2135 38.3817 0
    endloop
  endfacet
  facet normal 0.982278 -0.187429 0
    outer loop
      vertex -76.4882 37.688 3
      vertex -76.4529 37.873 0
      vertex -76.4529 37.873 3
    endloop
  endfacet
  facet normal 0.982278 -0.187429 0
    outer loop
      vertex -76.4529 37.873 0
      vertex -76.4882 37.688 3
      vertex -76.4882 37.688 0
    endloop
  endfacet
  facet normal 0.481715 -0.876328 0
    outer loop
      vertex -75.8037 38.7665 0
      vertex -75.6387 38.8572 3
      vertex -75.8037 38.7665 3
    endloop
  endfacet
  facet normal 0.481715 -0.876328 0
    outer loop
      vertex -75.6387 38.8572 3
      vertex -75.8037 38.7665 0
      vertex -75.6387 38.8572 0
    endloop
  endfacet
  facet normal 0.248529 -0.968625 0
    outer loop
      vertex -75.4635 38.9266 0
      vertex -75.2811 38.9734 3
      vertex -75.4635 38.9266 3
    endloop
  endfacet
  facet normal 0.248529 -0.968625 0
    outer loop
      vertex -75.2811 38.9734 3
      vertex -75.4635 38.9266 0
      vertex -75.2811 38.9734 0
    endloop
  endfacet
  facet normal -0.998036 0.0626427 0
    outer loop
      vertex -73.5118 37.312 0
      vertex -73.5 37.5 3
      vertex -73.5 37.5 0
    endloop
  endfacet
  facet normal -0.998036 0.0626427 0
    outer loop
      vertex -73.5 37.5 3
      vertex -73.5118 37.312 0
      vertex -73.5118 37.312 3
    endloop
  endfacet
  facet normal -0.77061 0.637307 0
    outer loop
      vertex -73.9065 36.4732 0
      vertex -73.7865 36.6183 3
      vertex -73.7865 36.6183 0
    endloop
  endfacet
  facet normal -0.77061 0.637307 0
    outer loop
      vertex -73.7865 36.6183 3
      vertex -73.9065 36.4732 0
      vertex -73.9065 36.4732 3
    endloop
  endfacet
  facet normal 0.904795 0.425848 0
    outer loop
      vertex -76.3145 36.7774 3
      vertex -76.3947 36.9478 0
      vertex -76.3947 36.9478 3
    endloop
  endfacet
  facet normal 0.904795 0.425848 0
    outer loop
      vertex -76.3947 36.9478 0
      vertex -76.3145 36.7774 3
      vertex -76.3145 36.7774 0
    endloop
  endfacet
  facet normal -0.368278 0.929716 0
    outer loop
      vertex -74.3613 36.1428 0
      vertex -74.5365 36.0734 3
      vertex -74.3613 36.1428 3
    endloop
  endfacet
  facet normal -0.368278 0.929716 0
    outer loop
      vertex -74.5365 36.0734 3
      vertex -74.3613 36.1428 0
      vertex -74.5365 36.0734 0
    endloop
  endfacet
  facet normal -0.982278 0.187429 0
    outer loop
      vertex -73.5471 37.127 0
      vertex -73.5118 37.312 3
      vertex -73.5118 37.312 0
    endloop
  endfacet
  facet normal -0.982278 0.187429 0
    outer loop
      vertex -73.5118 37.312 3
      vertex -73.5471 37.127 0
      vertex -73.5471 37.127 3
    endloop
  endfacet
  facet normal -0.587698 0.80908 0
    outer loop
      vertex -74.0439 36.3442 0
      vertex -74.1963 36.2335 3
      vertex -74.0439 36.3442 3
    endloop
  endfacet
  facet normal -0.587698 0.80908 0
    outer loop
      vertex -74.1963 36.2335 3
      vertex -74.0439 36.3442 0
      vertex -74.1963 36.2335 0
    endloop
  endfacet
  facet normal -0.68447 0.729041 0
    outer loop
      vertex -73.9065 36.4732 0
      vertex -74.0439 36.3442 3
      vertex -73.9065 36.4732 3
    endloop
  endfacet
  facet normal -0.68447 0.729041 0
    outer loop
      vertex -74.0439 36.3442 3
      vertex -73.9065 36.4732 0
      vertex -74.0439 36.3442 0
    endloop
  endfacet
  facet normal -0.904795 0.425848 0
    outer loop
      vertex -73.6855 36.7774 0
      vertex -73.6053 36.9478 3
      vertex -73.6053 36.9478 0
    endloop
  endfacet
  facet normal -0.904795 0.425848 0
    outer loop
      vertex -73.6053 36.9478 3
      vertex -73.6855 36.7774 0
      vertex -73.6855 36.7774 3
    endloop
  endfacet
  facet normal 0.368278 0.929716 -0
    outer loop
      vertex -75.4635 36.0734 0
      vertex -75.6387 36.1428 3
      vertex -75.4635 36.0734 3
    endloop
  endfacet
  facet normal 0.368278 0.929716 0
    outer loop
      vertex -75.6387 36.1428 3
      vertex -75.4635 36.0734 0
      vertex -75.6387 36.1428 0
    endloop
  endfacet
  facet normal 0.68447 0.729041 -0
    outer loop
      vertex -75.9561 36.3442 0
      vertex -76.0935 36.4732 3
      vertex -75.9561 36.3442 3
    endloop
  endfacet
  facet normal 0.68447 0.729041 0
    outer loop
      vertex -76.0935 36.4732 3
      vertex -75.9561 36.3442 0
      vertex -76.0935 36.4732 0
    endloop
  endfacet
  facet normal 0.951096 0.308894 0
    outer loop
      vertex -76.3947 36.9478 3
      vertex -76.4529 37.127 0
      vertex -76.4529 37.127 3
    endloop
  endfacet
  facet normal 0.951096 0.308894 0
    outer loop
      vertex -76.4529 37.127 0
      vertex -76.3947 36.9478 3
      vertex -76.3947 36.9478 0
    endloop
  endfacet
  facet normal 0.998036 0.0626427 0
    outer loop
      vertex -76.4882 37.312 3
      vertex -76.5 37.5 0
      vertex -76.5 37.5 3
    endloop
  endfacet
  facet normal 0.998036 0.0626427 0
    outer loop
      vertex -76.5 37.5 0
      vertex -76.4882 37.312 3
      vertex -76.4882 37.312 0
    endloop
  endfacet
  facet normal -0.481715 0.876328 0
    outer loop
      vertex -74.1963 36.2335 0
      vertex -74.3613 36.1428 3
      vertex -74.1963 36.2335 3
    endloop
  endfacet
  facet normal -0.481715 0.876328 0
    outer loop
      vertex -74.3613 36.1428 3
      vertex -74.1963 36.2335 0
      vertex -74.3613 36.1428 0
    endloop
  endfacet
  facet normal -0.248529 0.968625 0
    outer loop
      vertex -74.5365 36.0734 0
      vertex -74.7189 36.0266 3
      vertex -74.5365 36.0734 3
    endloop
  endfacet
  facet normal -0.248529 0.968625 0
    outer loop
      vertex -74.7189 36.0266 3
      vertex -74.5365 36.0734 0
      vertex -74.7189 36.0266 0
    endloop
  endfacet
  facet normal -0.951096 0.308894 0
    outer loop
      vertex -73.6053 36.9478 0
      vertex -73.5471 37.127 3
      vertex -73.5471 37.127 0
    endloop
  endfacet
  facet normal -0.951096 0.308894 0
    outer loop
      vertex -73.5471 37.127 3
      vertex -73.6053 36.9478 0
      vertex -73.6053 36.9478 3
    endloop
  endfacet
  facet normal 0.587698 0.80908 -0
    outer loop
      vertex -75.8037 36.2335 0
      vertex -75.9561 36.3442 3
      vertex -75.8037 36.2335 3
    endloop
  endfacet
  facet normal 0.587698 0.80908 0
    outer loop
      vertex -75.9561 36.3442 3
      vertex -75.8037 36.2335 0
      vertex -75.9561 36.3442 0
    endloop
  endfacet
  facet normal 0.248529 0.968625 -0
    outer loop
      vertex -75.2811 36.0266 0
      vertex -75.4635 36.0734 3
      vertex -75.2811 36.0266 3
    endloop
  endfacet
  facet normal 0.248529 0.968625 0
    outer loop
      vertex -75.4635 36.0734 3
      vertex -75.2811 36.0266 0
      vertex -75.4635 36.0734 0
    endloop
  endfacet
  facet normal 0.77061 0.637307 0
    outer loop
      vertex -76.0935 36.4732 3
      vertex -76.2135 36.6183 0
      vertex -76.2135 36.6183 3
    endloop
  endfacet
  facet normal 0.77061 0.637307 0
    outer loop
      vertex -76.2135 36.6183 0
      vertex -76.0935 36.4732 3
      vertex -76.0935 36.4732 0
    endloop
  endfacet
  facet normal 0.844251 0.535948 0
    outer loop
      vertex -76.2135 36.6183 3
      vertex -76.3145 36.7774 0
      vertex -76.3145 36.7774 3
    endloop
  endfacet
  facet normal 0.844251 0.535948 0
    outer loop
      vertex -76.3145 36.7774 0
      vertex -76.2135 36.6183 3
      vertex -76.2135 36.6183 0
    endloop
  endfacet
  facet normal 0.982278 0.187429 0
    outer loop
      vertex -76.4529 37.127 3
      vertex -76.4882 37.312 0
      vertex -76.4882 37.312 3
    endloop
  endfacet
  facet normal 0.982278 0.187429 0
    outer loop
      vertex -76.4882 37.312 0
      vertex -76.4529 37.127 3
      vertex -76.4529 37.127 0
    endloop
  endfacet
  facet normal 0.125276 0.992122 -0
    outer loop
      vertex -75.0942 36.003 0
      vertex -75.2811 36.0266 3
      vertex -75.0942 36.003 3
    endloop
  endfacet
  facet normal 0.125276 0.992122 0
    outer loop
      vertex -75.2811 36.0266 3
      vertex -75.0942 36.003 0
      vertex -75.2811 36.0266 0
    endloop
  endfacet
  facet normal 0.481715 0.876328 -0
    outer loop
      vertex -75.6387 36.1428 0
      vertex -75.8037 36.2335 3
      vertex -75.6387 36.1428 3
    endloop
  endfacet
  facet normal 0.481715 0.876328 0
    outer loop
      vertex -75.8037 36.2335 3
      vertex -75.6387 36.1428 0
      vertex -75.8037 36.2335 0
    endloop
  endfacet
  facet normal -0.844251 -0.535948 0
    outer loop
      vertex -73.6855 53.2226 0
      vertex -73.7865 53.3817 3
      vertex -73.7865 53.3817 0
    endloop
  endfacet
  facet normal -0.844251 -0.535948 0
    outer loop
      vertex -73.7865 53.3817 3
      vertex -73.6855 53.2226 0
      vertex -73.6855 53.2226 3
    endloop
  endfacet
  facet normal -0.368278 -0.929716 0
    outer loop
      vertex -74.5365 53.9266 0
      vertex -74.3613 53.8572 3
      vertex -74.5365 53.9266 3
    endloop
  endfacet
  facet normal -0.368278 -0.929716 -0
    outer loop
      vertex -74.3613 53.8572 3
      vertex -74.5365 53.9266 0
      vertex -74.3613 53.8572 0
    endloop
  endfacet
  facet normal 0.368278 -0.929716 0
    outer loop
      vertex -75.6387 53.8572 0
      vertex -75.4635 53.9266 3
      vertex -75.6387 53.8572 3
    endloop
  endfacet
  facet normal 0.368278 -0.929716 0
    outer loop
      vertex -75.4635 53.9266 3
      vertex -75.6387 53.8572 0
      vertex -75.4635 53.9266 0
    endloop
  endfacet
  facet normal 0.904795 -0.425848 0
    outer loop
      vertex -76.3947 53.0522 3
      vertex -76.3145 53.2226 0
      vertex -76.3145 53.2226 3
    endloop
  endfacet
  facet normal 0.904795 -0.425848 0
    outer loop
      vertex -76.3145 53.2226 0
      vertex -76.3947 53.0522 3
      vertex -76.3947 53.0522 0
    endloop
  endfacet
  facet normal -0.998036 0.0626427 0
    outer loop
      vertex -73.5118 52.312 0
      vertex -73.5 52.5 3
      vertex -73.5 52.5 0
    endloop
  endfacet
  facet normal -0.998036 0.0626427 0
    outer loop
      vertex -73.5 52.5 3
      vertex -73.5118 52.312 0
      vertex -73.5118 52.312 3
    endloop
  endfacet
  facet normal -0.982278 -0.187429 0
    outer loop
      vertex -73.5118 52.688 0
      vertex -73.5471 52.873 3
      vertex -73.5471 52.873 0
    endloop
  endfacet
  facet normal -0.982278 -0.187429 0
    outer loop
      vertex -73.5471 52.873 3
      vertex -73.5118 52.688 0
      vertex -73.5118 52.688 3
    endloop
  endfacet
  facet normal -0.68447 -0.729041 0
    outer loop
      vertex -74.0439 53.6558 0
      vertex -73.9065 53.5268 3
      vertex -74.0439 53.6558 3
    endloop
  endfacet
  facet normal -0.68447 -0.729041 -0
    outer loop
      vertex -73.9065 53.5268 3
      vertex -74.0439 53.6558 0
      vertex -73.9065 53.5268 0
    endloop
  endfacet
  facet normal -0.481715 -0.876328 0
    outer loop
      vertex -74.3613 53.8572 0
      vertex -74.1963 53.7665 3
      vertex -74.3613 53.8572 3
    endloop
  endfacet
  facet normal -0.481715 -0.876328 -0
    outer loop
      vertex -74.1963 53.7665 3
      vertex -74.3613 53.8572 0
      vertex -74.1963 53.7665 0
    endloop
  endfacet
  facet normal 0.982278 -0.187429 0
    outer loop
      vertex -76.4882 52.688 3
      vertex -76.4529 52.873 0
      vertex -76.4529 52.873 3
    endloop
  endfacet
  facet normal 0.982278 -0.187429 0
    outer loop
      vertex -76.4529 52.873 0
      vertex -76.4882 52.688 3
      vertex -76.4882 52.688 0
    endloop
  endfacet
  facet normal 0.77061 -0.637307 0
    outer loop
      vertex -76.2135 53.3817 3
      vertex -76.0935 53.5268 0
      vertex -76.0935 53.5268 3
    endloop
  endfacet
  facet normal 0.77061 -0.637307 0
    outer loop
      vertex -76.0935 53.5268 0
      vertex -76.2135 53.3817 3
      vertex -76.2135 53.3817 0
    endloop
  endfacet
  facet normal 0.125276 -0.992122 0
    outer loop
      vertex -75.2811 53.9734 0
      vertex -75.0942 53.997 3
      vertex -75.2811 53.9734 3
    endloop
  endfacet
  facet normal 0.125276 -0.992122 0
    outer loop
      vertex -75.0942 53.997 3
      vertex -75.2811 53.9734 0
      vertex -75.0942 53.997 0
    endloop
  endfacet
  facet normal 0.68447 -0.729041 0
    outer loop
      vertex -76.0935 53.5268 0
      vertex -75.9561 53.6558 3
      vertex -76.0935 53.5268 3
    endloop
  endfacet
  facet normal 0.68447 -0.729041 0
    outer loop
      vertex -75.9561 53.6558 3
      vertex -76.0935 53.5268 0
      vertex -75.9561 53.6558 0
    endloop
  endfacet
  facet normal -0.77061 -0.637307 0
    outer loop
      vertex -73.7865 53.3817 0
      vertex -73.9065 53.5268 3
      vertex -73.9065 53.5268 0
    endloop
  endfacet
  facet normal -0.77061 -0.637307 0
    outer loop
      vertex -73.9065 53.5268 3
      vertex -73.7865 53.3817 0
      vertex -73.7865 53.3817 3
    endloop
  endfacet
  facet normal 0 -1 0
    outer loop
      vertex -75.0942 53.997 0
      vertex -74.9058 53.997 3
      vertex -75.0942 53.997 3
    endloop
  endfacet
  facet normal 0 -1 -0
    outer loop
      vertex -74.9058 53.997 3
      vertex -75.0942 53.997 0
      vertex -74.9058 53.997 0
    endloop
  endfacet
  facet normal -0.248529 -0.968625 0
    outer loop
      vertex -74.7189 53.9734 0
      vertex -74.5365 53.9266 3
      vertex -74.7189 53.9734 3
    endloop
  endfacet
  facet normal -0.248529 -0.968625 -0
    outer loop
      vertex -74.5365 53.9266 3
      vertex -74.7189 53.9734 0
      vertex -74.5365 53.9266 0
    endloop
  endfacet
  facet normal -0.587698 -0.80908 0
    outer loop
      vertex -74.1963 53.7665 0
      vertex -74.0439 53.6558 3
      vertex -74.1963 53.7665 3
    endloop
  endfacet
  facet normal -0.587698 -0.80908 -0
    outer loop
      vertex -74.0439 53.6558 3
      vertex -74.1963 53.7665 0
      vertex -74.0439 53.6558 0
    endloop
  endfacet
  facet normal 0.998036 -0.0626427 0
    outer loop
      vertex -76.5 52.5 3
      vertex -76.4882 52.688 0
      vertex -76.4882 52.688 3
    endloop
  endfacet
  facet normal 0.998036 -0.0626427 0
    outer loop
      vertex -76.4882 52.688 0
      vertex -76.5 52.5 3
      vertex -76.5 52.5 0
    endloop
  endfacet
  facet normal 0.951096 -0.308894 0
    outer loop
      vertex -76.4529 52.873 3
      vertex -76.3947 53.0522 0
      vertex -76.3947 53.0522 3
    endloop
  endfacet
  facet normal 0.951096 -0.308894 0
    outer loop
      vertex -76.3947 53.0522 0
      vertex -76.4529 52.873 3
      vertex -76.4529 52.873 0
    endloop
  endfacet
  facet normal 0.844251 -0.535948 0
    outer loop
      vertex -76.3145 53.2226 3
      vertex -76.2135 53.3817 0
      vertex -76.2135 53.3817 3
    endloop
  endfacet
  facet normal 0.844251 -0.535948 0
    outer loop
      vertex -76.2135 53.3817 0
      vertex -76.3145 53.2226 3
      vertex -76.3145 53.2226 0
    endloop
  endfacet
  facet normal 0.248529 -0.968625 0
    outer loop
      vertex -75.4635 53.9266 0
      vertex -75.2811 53.9734 3
      vertex -75.4635 53.9266 3
    endloop
  endfacet
  facet normal 0.248529 -0.968625 0
    outer loop
      vertex -75.2811 53.9734 3
      vertex -75.4635 53.9266 0
      vertex -75.2811 53.9734 0
    endloop
  endfacet
  facet normal 0.587698 -0.80908 0
    outer loop
      vertex -75.9561 53.6558 0
      vertex -75.8037 53.7665 3
      vertex -75.9561 53.6558 3
    endloop
  endfacet
  facet normal 0.587698 -0.80908 0
    outer loop
      vertex -75.8037 53.7665 3
      vertex -75.9561 53.6558 0
      vertex -75.8037 53.7665 0
    endloop
  endfacet
  facet normal 0.481715 -0.876328 0
    outer loop
      vertex -75.8037 53.7665 0
      vertex -75.6387 53.8572 3
      vertex -75.8037 53.7665 3
    endloop
  endfacet
  facet normal 0.481715 -0.876328 0
    outer loop
      vertex -75.6387 53.8572 3
      vertex -75.8037 53.7665 0
      vertex -75.6387 53.8572 0
    endloop
  endfacet
  facet normal -0.998036 -0.0626427 0
    outer loop
      vertex -73.5 52.5 0
      vertex -73.5118 52.688 3
      vertex -73.5118 52.688 0
    endloop
  endfacet
  facet normal -0.998036 -0.0626427 0
    outer loop
      vertex -73.5118 52.688 3
      vertex -73.5 52.5 0
      vertex -73.5 52.5 3
    endloop
  endfacet
  facet normal -0.982278 0.187429 0
    outer loop
      vertex -73.5471 52.127 0
      vertex -73.5118 52.312 3
      vertex -73.5118 52.312 0
    endloop
  endfacet
  facet normal -0.982278 0.187429 0
    outer loop
      vertex -73.5118 52.312 3
      vertex -73.5471 52.127 0
      vertex -73.5471 52.127 3
    endloop
  endfacet
  facet normal 0 1 -0
    outer loop
      vertex -74.9058 51.003 0
      vertex -75.0942 51.003 3
      vertex -74.9058 51.003 3
    endloop
  endfacet
  facet normal 0 1 0
    outer loop
      vertex -75.0942 51.003 3
      vertex -74.9058 51.003 0
      vertex -75.0942 51.003 0
    endloop
  endfacet
  facet normal 0.844251 0.535948 0
    outer loop
      vertex -76.2135 51.6183 3
      vertex -76.3145 51.7774 0
      vertex -76.3145 51.7774 3
    endloop
  endfacet
  facet normal 0.844251 0.535948 0
    outer loop
      vertex -76.3145 51.7774 0
      vertex -76.2135 51.6183 3
      vertex -76.2135 51.6183 0
    endloop
  endfacet
  facet normal -0.125276 0.992122 0
    outer loop
      vertex -74.7189 51.0266 0
      vertex -74.9058 51.003 3
      vertex -74.7189 51.0266 3
    endloop
  endfacet
  facet normal -0.125276 0.992122 0
    outer loop
      vertex -74.9058 51.003 3
      vertex -74.7189 51.0266 0
      vertex -74.9058 51.003 0
    endloop
  endfacet
  facet normal -0.904795 -0.425848 0
    outer loop
      vertex -73.6053 53.0522 0
      vertex -73.6855 53.2226 3
      vertex -73.6855 53.2226 0
    endloop
  endfacet
  facet normal -0.904795 -0.425848 0
    outer loop
      vertex -73.6855 53.2226 3
      vertex -73.6053 53.0522 0
      vertex -73.6053 53.0522 3
    endloop
  endfacet
  facet normal -0.951096 -0.308894 0
    outer loop
      vertex -73.5471 52.873 0
      vertex -73.6053 53.0522 3
      vertex -73.6053 53.0522 0
    endloop
  endfacet
  facet normal -0.951096 -0.308894 0
    outer loop
      vertex -73.6053 53.0522 3
      vertex -73.5471 52.873 0
      vertex -73.5471 52.873 3
    endloop
  endfacet
  facet normal -0.125276 -0.992122 0
    outer loop
      vertex -74.9058 53.997 0
      vertex -74.7189 53.9734 3
      vertex -74.9058 53.997 3
    endloop
  endfacet
  facet normal -0.125276 -0.992122 -0
    outer loop
      vertex -74.7189 53.9734 3
      vertex -74.9058 53.997 0
      vertex -74.7189 53.9734 0
    endloop
  endfacet
  facet normal -0.77061 0.637307 0
    outer loop
      vertex -73.9065 51.4732 0
      vertex -73.7865 51.6183 3
      vertex -73.7865 51.6183 0
    endloop
  endfacet
  facet normal -0.77061 0.637307 0
    outer loop
      vertex -73.7865 51.6183 3
      vertex -73.9065 51.4732 0
      vertex -73.9065 51.4732 3
    endloop
  endfacet
  facet normal -0.844251 0.535948 0
    outer loop
      vertex -73.7865 51.6183 0
      vertex -73.6855 51.7774 3
      vertex -73.6855 51.7774 0
    endloop
  endfacet
  facet normal -0.844251 0.535948 0
    outer loop
      vertex -73.6855 51.7774 3
      vertex -73.7865 51.6183 0
      vertex -73.7865 51.6183 3
    endloop
  endfacet
  facet normal -0.904795 0.425848 0
    outer loop
      vertex -73.6855 51.7774 0
      vertex -73.6053 51.9478 3
      vertex -73.6053 51.9478 0
    endloop
  endfacet
  facet normal -0.904795 0.425848 0
    outer loop
      vertex -73.6053 51.9478 3
      vertex -73.6855 51.7774 0
      vertex -73.6855 51.7774 3
    endloop
  endfacet
  facet normal 0.248529 0.968625 -0
    outer loop
      vertex -75.2811 51.0266 0
      vertex -75.4635 51.0734 3
      vertex -75.2811 51.0266 3
    endloop
  endfacet
  facet normal 0.248529 0.968625 0
    outer loop
      vertex -75.4635 51.0734 3
      vertex -75.2811 51.0266 0
      vertex -75.4635 51.0734 0
    endloop
  endfacet
  facet normal 0.904795 0.425848 0
    outer loop
      vertex -76.3145 51.7774 3
      vertex -76.3947 51.9478 0
      vertex -76.3947 51.9478 3
    endloop
  endfacet
  facet normal 0.904795 0.425848 0
    outer loop
      vertex -76.3947 51.9478 0
      vertex -76.3145 51.7774 3
      vertex -76.3145 51.7774 0
    endloop
  endfacet
  facet normal 0.68447 0.729041 -0
    outer loop
      vertex -75.9561 51.3442 0
      vertex -76.0935 51.4732 3
      vertex -75.9561 51.3442 3
    endloop
  endfacet
  facet normal 0.68447 0.729041 0
    outer loop
      vertex -76.0935 51.4732 3
      vertex -75.9561 51.3442 0
      vertex -76.0935 51.4732 0
    endloop
  endfacet
  facet normal -0.368278 0.929716 0
    outer loop
      vertex -74.3613 51.1428 0
      vertex -74.5365 51.0734 3
      vertex -74.3613 51.1428 3
    endloop
  endfacet
  facet normal -0.368278 0.929716 0
    outer loop
      vertex -74.5365 51.0734 3
      vertex -74.3613 51.1428 0
      vertex -74.5365 51.0734 0
    endloop
  endfacet
  facet normal -0.248529 0.968625 0
    outer loop
      vertex -74.5365 51.0734 0
      vertex -74.7189 51.0266 3
      vertex -74.5365 51.0734 3
    endloop
  endfacet
  facet normal -0.248529 0.968625 0
    outer loop
      vertex -74.7189 51.0266 3
      vertex -74.5365 51.0734 0
      vertex -74.7189 51.0266 0
    endloop
  endfacet
  facet normal -0.481715 0.876328 0
    outer loop
      vertex -74.1963 51.2335 0
      vertex -74.3613 51.1428 3
      vertex -74.1963 51.2335 3
    endloop
  endfacet
  facet normal -0.481715 0.876328 0
    outer loop
      vertex -74.3613 51.1428 3
      vertex -74.1963 51.2335 0
      vertex -74.3613 51.1428 0
    endloop
  endfacet
  facet normal -0.68447 0.729041 0
    outer loop
      vertex -73.9065 51.4732 0
      vertex -74.0439 51.3442 3
      vertex -73.9065 51.4732 3
    endloop
  endfacet
  facet normal -0.68447 0.729041 0
    outer loop
      vertex -74.0439 51.3442 3
      vertex -73.9065 51.4732 0
      vertex -74.0439 51.3442 0
    endloop
  endfacet
  facet normal -0.587698 0.80908 0
    outer loop
      vertex -74.0439 51.3442 0
      vertex -74.1963 51.2335 3
      vertex -74.0439 51.3442 3
    endloop
  endfacet
  facet normal -0.587698 0.80908 0
    outer loop
      vertex -74.1963 51.2335 3
      vertex -74.0439 51.3442 0
      vertex -74.1963 51.2335 0
    endloop
  endfacet
  facet normal -0.951096 0.308894 0
    outer loop
      vertex -73.6053 51.9478 0
      vertex -73.5471 52.127 3
      vertex -73.5471 52.127 0
    endloop
  endfacet
  facet normal -0.951096 0.308894 0
    outer loop
      vertex -73.5471 52.127 3
      vertex -73.6053 51.9478 0
      vertex -73.6053 51.9478 3
    endloop
  endfacet
  facet normal 0.368278 0.929716 -0
    outer loop
      vertex -75.4635 51.0734 0
      vertex -75.6387 51.1428 3
      vertex -75.4635 51.0734 3
    endloop
  endfacet
  facet normal 0.368278 0.929716 0
    outer loop
      vertex -75.6387 51.1428 3
      vertex -75.4635 51.0734 0
      vertex -75.6387 51.1428 0
    endloop
  endfacet
  facet normal 0.125276 0.992122 -0
    outer loop
      vertex -75.0942 51.003 0
      vertex -75.2811 51.0266 3
      vertex -75.0942 51.003 3
    endloop
  endfacet
  facet normal 0.125276 0.992122 0
    outer loop
      vertex -75.2811 51.0266 3
      vertex -75.0942 51.003 0
      vertex -75.2811 51.0266 0
    endloop
  endfacet
  facet normal 0.982278 0.187429 0
    outer loop
      vertex -76.4529 52.127 3
      vertex -76.4882 52.312 0
      vertex -76.4882 52.312 3
    endloop
  endfacet
  facet normal 0.982278 0.187429 0
    outer loop
      vertex -76.4882 52.312 0
      vertex -76.4529 52.127 3
      vertex -76.4529 52.127 0
    endloop
  endfacet
  facet normal 0.998036 0.0626427 0
    outer loop
      vertex -76.4882 52.312 3
      vertex -76.5 52.5 0
      vertex -76.5 52.5 3
    endloop
  endfacet
  facet normal 0.998036 0.0626427 0
    outer loop
      vertex -76.5 52.5 0
      vertex -76.4882 52.312 3
      vertex -76.4882 52.312 0
    endloop
  endfacet
  facet normal 0.951096 0.308894 0
    outer loop
      vertex -76.3947 51.9478 3
      vertex -76.4529 52.127 0
      vertex -76.4529 52.127 3
    endloop
  endfacet
  facet normal 0.951096 0.308894 0
    outer loop
      vertex -76.4529 52.127 0
      vertex -76.3947 51.9478 3
      vertex -76.3947 51.9478 0
    endloop
  endfacet
  facet normal 0.77061 0.637307 0
    outer loop
      vertex -76.0935 51.4732 3
      vertex -76.2135 51.6183 0
      vertex -76.2135 51.6183 3
    endloop
  endfacet
  facet normal 0.77061 0.637307 0
    outer loop
      vertex -76.2135 51.6183 0
      vertex -76.0935 51.4732 3
      vertex -76.0935 51.4732 0
    endloop
  endfacet
  facet normal 0.481715 0.876328 -0
    outer loop
      vertex -75.6387 51.1428 0
      vertex -75.8037 51.2335 3
      vertex -75.6387 51.1428 3
    endloop
  endfacet
  facet normal 0.481715 0.876328 0
    outer loop
      vertex -75.8037 51.2335 3
      vertex -75.6387 51.1428 0
      vertex -75.8037 51.2335 0
    endloop
  endfacet
  facet normal 0.587698 0.80908 -0
    outer loop
      vertex -75.8037 51.2335 0
      vertex -75.9561 51.3442 3
      vertex -75.8037 51.2335 3
    endloop
  endfacet
  facet normal 0.587698 0.80908 0
    outer loop
      vertex -75.9561 51.3442 3
      vertex -75.8037 51.2335 0
      vertex -75.9561 51.3442 0
    endloop
  endfacet
  facet normal -0.844251 -0.535948 0
    outer loop
      vertex -73.6855 68.2226 0
      vertex -73.7865 68.3817 3
      vertex -73.7865 68.3817 0
    endloop
  endfacet
  facet normal -0.844251 -0.535948 0
    outer loop
      vertex -73.7865 68.3817 3
      vertex -73.6855 68.2226 0
      vertex -73.6855 68.2226 3
    endloop
  endfacet
  facet normal -0.368278 -0.929716 0
    outer loop
      vertex -74.5365 68.9266 0
      vertex -74.3613 68.8572 3
      vertex -74.5365 68.9266 3
    endloop
  endfacet
  facet normal -0.368278 -0.929716 -0
    outer loop
      vertex -74.3613 68.8572 3
      vertex -74.5365 68.9266 0
      vertex -74.3613 68.8572 0
    endloop
  endfacet
  facet normal 0.368278 -0.929716 0
    outer loop
      vertex -75.6387 68.8572 0
      vertex -75.4635 68.9266 3
      vertex -75.6387 68.8572 3
    endloop
  endfacet
  facet normal 0.368278 -0.929716 0
    outer loop
      vertex -75.4635 68.9266 3
      vertex -75.6387 68.8572 0
      vertex -75.4635 68.9266 0
    endloop
  endfacet
  facet normal 0.904795 -0.425848 0
    outer loop
      vertex -76.3947 68.0522 3
      vertex -76.3145 68.2226 0
      vertex -76.3145 68.2226 3
    endloop
  endfacet
  facet normal 0.904795 -0.425848 0
    outer loop
      vertex -76.3145 68.2226 0
      vertex -76.3947 68.0522 3
      vertex -76.3947 68.0522 0
    endloop
  endfacet
  facet normal -0.68447 -0.729041 0
    outer loop
      vertex -74.0439 68.6558 0
      vertex -73.9065 68.5268 3
      vertex -74.0439 68.6558 3
    endloop
  endfacet
  facet normal -0.68447 -0.729041 -0
    outer loop
      vertex -73.9065 68.5268 3
      vertex -74.0439 68.6558 0
      vertex -73.9065 68.5268 0
    endloop
  endfacet
  facet normal -0.125276 -0.992122 0
    outer loop
      vertex -74.9058 68.997 0
      vertex -74.7189 68.9734 3
      vertex -74.9058 68.997 3
    endloop
  endfacet
  facet normal -0.125276 -0.992122 -0
    outer loop
      vertex -74.7189 68.9734 3
      vertex -74.9058 68.997 0
      vertex -74.7189 68.9734 0
    endloop
  endfacet
  facet normal -0.481715 -0.876328 0
    outer loop
      vertex -74.3613 68.8572 0
      vertex -74.1963 68.7665 3
      vertex -74.3613 68.8572 3
    endloop
  endfacet
  facet normal -0.481715 -0.876328 -0
    outer loop
      vertex -74.1963 68.7665 3
      vertex -74.3613 68.8572 0
      vertex -74.1963 68.7665 0
    endloop
  endfacet
  facet normal 0.982278 -0.187429 0
    outer loop
      vertex -76.4882 67.688 3
      vertex -76.4529 67.873 0
      vertex -76.4529 67.873 3
    endloop
  endfacet
  facet normal 0.982278 -0.187429 0
    outer loop
      vertex -76.4529 67.873 0
      vertex -76.4882 67.688 3
      vertex -76.4882 67.688 0
    endloop
  endfacet
  facet normal 0.77061 -0.637307 0
    outer loop
      vertex -76.2135 68.3817 3
      vertex -76.0935 68.5268 0
      vertex -76.0935 68.5268 3
    endloop
  endfacet
  facet normal 0.77061 -0.637307 0
    outer loop
      vertex -76.0935 68.5268 0
      vertex -76.2135 68.3817 3
      vertex -76.2135 68.3817 0
    endloop
  endfacet
  facet normal 0.125276 -0.992122 0
    outer loop
      vertex -75.2811 68.9734 0
      vertex -75.0942 68.997 3
      vertex -75.2811 68.9734 3
    endloop
  endfacet
  facet normal 0.125276 -0.992122 0
    outer loop
      vertex -75.0942 68.997 3
      vertex -75.2811 68.9734 0
      vertex -75.0942 68.997 0
    endloop
  endfacet
  facet normal 0.68447 -0.729041 0
    outer loop
      vertex -76.0935 68.5268 0
      vertex -75.9561 68.6558 3
      vertex -76.0935 68.5268 3
    endloop
  endfacet
  facet normal 0.68447 -0.729041 0
    outer loop
      vertex -75.9561 68.6558 3
      vertex -76.0935 68.5268 0
      vertex -75.9561 68.6558 0
    endloop
  endfacet
  facet normal -0.587698 0.80908 0
    outer loop
      vertex -74.0439 66.3442 0
      vertex -74.1963 66.2335 3
      vertex -74.0439 66.3442 3
    endloop
  endfacet
  facet normal -0.587698 0.80908 0
    outer loop
      vertex -74.1963 66.2335 3
      vertex -74.0439 66.3442 0
      vertex -74.1963 66.2335 0
    endloop
  endfacet
  facet normal -0.77061 -0.637307 0
    outer loop
      vertex -73.7865 68.3817 0
      vertex -73.9065 68.5268 3
      vertex -73.9065 68.5268 0
    endloop
  endfacet
  facet normal -0.77061 -0.637307 0
    outer loop
      vertex -73.9065 68.5268 3
      vertex -73.7865 68.3817 0
      vertex -73.7865 68.3817 3
    endloop
  endfacet
  facet normal 0 -1 0
    outer loop
      vertex -75.0942 68.997 0
      vertex -74.9058 68.997 3
      vertex -75.0942 68.997 3
    endloop
  endfacet
  facet normal 0 -1 -0
    outer loop
      vertex -74.9058 68.997 3
      vertex -75.0942 68.997 0
      vertex -74.9058 68.997 0
    endloop
  endfacet
  facet normal -0.248529 -0.968625 0
    outer loop
      vertex -74.7189 68.9734 0
      vertex -74.5365 68.9266 3
      vertex -74.7189 68.9734 3
    endloop
  endfacet
  facet normal -0.248529 -0.968625 -0
    outer loop
      vertex -74.5365 68.9266 3
      vertex -74.7189 68.9734 0
      vertex -74.5365 68.9266 0
    endloop
  endfacet
  facet normal -0.587698 -0.80908 0
    outer loop
      vertex -74.1963 68.7665 0
      vertex -74.0439 68.6558 3
      vertex -74.1963 68.7665 3
    endloop
  endfacet
  facet normal -0.587698 -0.80908 -0
    outer loop
      vertex -74.0439 68.6558 3
      vertex -74.1963 68.7665 0
      vertex -74.0439 68.6558 0
    endloop
  endfacet
  facet normal 0.998036 -0.0626427 0
    outer loop
      vertex -76.5 67.5 3
      vertex -76.4882 67.688 0
      vertex -76.4882 67.688 3
    endloop
  endfacet
  facet normal 0.998036 -0.0626427 0
    outer loop
      vertex -76.4882 67.688 0
      vertex -76.5 67.5 3
      vertex -76.5 67.5 0
    endloop
  endfacet
  facet normal 0.951096 -0.308894 0
    outer loop
      vertex -76.4529 67.873 3
      vertex -76.3947 68.0522 0
      vertex -76.3947 68.0522 3
    endloop
  endfacet
  facet normal 0.951096 -0.308894 0
    outer loop
      vertex -76.3947 68.0522 0
      vertex -76.4529 67.873 3
      vertex -76.4529 67.873 0
    endloop
  endfacet
  facet normal 0.844251 -0.535948 0
    outer loop
      vertex -76.3145 68.2226 3
      vertex -76.2135 68.3817 0
      vertex -76.2135 68.3817 3
    endloop
  endfacet
  facet normal 0.844251 -0.535948 0
    outer loop
      vertex -76.2135 68.3817 0
      vertex -76.3145 68.2226 3
      vertex -76.3145 68.2226 0
    endloop
  endfacet
  facet normal 0.248529 -0.968625 0
    outer loop
      vertex -75.4635 68.9266 0
      vertex -75.2811 68.9734 3
      vertex -75.4635 68.9266 3
    endloop
  endfacet
  facet normal 0.248529 -0.968625 0
    outer loop
      vertex -75.2811 68.9734 3
      vertex -75.4635 68.9266 0
      vertex -75.2811 68.9734 0
    endloop
  endfacet
  facet normal 0.587698 -0.80908 0
    outer loop
      vertex -75.9561 68.6558 0
      vertex -75.8037 68.7665 3
      vertex -75.9561 68.6558 3
    endloop
  endfacet
  facet normal 0.587698 -0.80908 0
    outer loop
      vertex -75.8037 68.7665 3
      vertex -75.9561 68.6558 0
      vertex -75.8037 68.7665 0
    endloop
  endfacet
  facet normal 0.481715 -0.876328 0
    outer loop
      vertex -75.8037 68.7665 0
      vertex -75.6387 68.8572 3
      vertex -75.8037 68.7665 3
    endloop
  endfacet
  facet normal 0.481715 -0.876328 0
    outer loop
      vertex -75.6387 68.8572 3
      vertex -75.8037 68.7665 0
      vertex -75.6387 68.8572 0
    endloop
  endfacet
  facet normal -0.998036 -0.0626427 0
    outer loop
      vertex -73.5 67.5 0
      vertex -73.5118 67.688 3
      vertex -73.5118 67.688 0
    endloop
  endfacet
  facet normal -0.998036 -0.0626427 0
    outer loop
      vertex -73.5118 67.688 3
      vertex -73.5 67.5 0
      vertex -73.5 67.5 3
    endloop
  endfacet
  facet normal -0.998036 0.0626427 0
    outer loop
      vertex -73.5118 67.312 0
      vertex -73.5 67.5 3
      vertex -73.5 67.5 0
    endloop
  endfacet
  facet normal -0.998036 0.0626427 0
    outer loop
      vertex -73.5 67.5 3
      vertex -73.5118 67.312 0
      vertex -73.5118 67.312 3
    endloop
  endfacet
  facet normal -0.982278 0.187429 0
    outer loop
      vertex -73.5471 67.127 0
      vertex -73.5118 67.312 3
      vertex -73.5118 67.312 0
    endloop
  endfacet
  facet normal -0.982278 0.187429 0
    outer loop
      vertex -73.5118 67.312 3
      vertex -73.5471 67.127 0
      vertex -73.5471 67.127 3
    endloop
  endfacet
  facet normal 0 1 -0
    outer loop
      vertex -74.9058 66.003 0
      vertex -75.0942 66.003 3
      vertex -74.9058 66.003 3
    endloop
  endfacet
  facet normal 0 1 0
    outer loop
      vertex -75.0942 66.003 3
      vertex -74.9058 66.003 0
      vertex -75.0942 66.003 0
    endloop
  endfacet
  facet normal -0.125276 0.992122 0
    outer loop
      vertex -74.7189 66.0266 0
      vertex -74.9058 66.003 3
      vertex -74.7189 66.0266 3
    endloop
  endfacet
  facet normal -0.125276 0.992122 0
    outer loop
      vertex -74.9058 66.003 3
      vertex -74.7189 66.0266 0
      vertex -74.9058 66.003 0
    endloop
  endfacet
  facet normal -0.904795 -0.425848 0
    outer loop
      vertex -73.6053 68.0522 0
      vertex -73.6855 68.2226 3
      vertex -73.6855 68.2226 0
    endloop
  endfacet
  facet normal -0.904795 -0.425848 0
    outer loop
      vertex -73.6855 68.2226 3
      vertex -73.6053 68.0522 0
      vertex -73.6053 68.0522 3
    endloop
  endfacet
  facet normal -0.951096 -0.308894 0
    outer loop
      vertex -73.5471 67.873 0
      vertex -73.6053 68.0522 3
      vertex -73.6053 68.0522 0
    endloop
  endfacet
  facet normal -0.951096 -0.308894 0
    outer loop
      vertex -73.6053 68.0522 3
      vertex -73.5471 67.873 0
      vertex -73.5471 67.873 3
    endloop
  endfacet
  facet normal -0.982278 -0.187429 0
    outer loop
      vertex -73.5118 67.688 0
      vertex -73.5471 67.873 3
      vertex -73.5471 67.873 0
    endloop
  endfacet
  facet normal -0.982278 -0.187429 0
    outer loop
      vertex -73.5471 67.873 3
      vertex -73.5118 67.688 0
      vertex -73.5118 67.688 3
    endloop
  endfacet
  facet normal -0.77061 0.637307 0
    outer loop
      vertex -73.9065 66.4732 0
      vertex -73.7865 66.6183 3
      vertex -73.7865 66.6183 0
    endloop
  endfacet
  facet normal -0.77061 0.637307 0
    outer loop
      vertex -73.7865 66.6183 3
      vertex -73.9065 66.4732 0
      vertex -73.9065 66.4732 3
    endloop
  endfacet
  facet normal -0.844251 0.535948 0
    outer loop
      vertex -73.7865 66.6183 0
      vertex -73.6855 66.7774 3
      vertex -73.6855 66.7774 0
    endloop
  endfacet
  facet normal -0.844251 0.535948 0
    outer loop
      vertex -73.6855 66.7774 3
      vertex -73.7865 66.6183 0
      vertex -73.7865 66.6183 3
    endloop
  endfacet
  facet normal -0.904795 0.425848 0
    outer loop
      vertex -73.6855 66.7774 0
      vertex -73.6053 66.9478 3
      vertex -73.6053 66.9478 0
    endloop
  endfacet
  facet normal -0.904795 0.425848 0
    outer loop
      vertex -73.6053 66.9478 3
      vertex -73.6855 66.7774 0
      vertex -73.6855 66.7774 3
    endloop
  endfacet
  facet normal 0.248529 0.968625 -0
    outer loop
      vertex -75.2811 66.0266 0
      vertex -75.4635 66.0734 3
      vertex -75.2811 66.0266 3
    endloop
  endfacet
  facet normal 0.248529 0.968625 0
    outer loop
      vertex -75.4635 66.0734 3
      vertex -75.2811 66.0266 0
      vertex -75.4635 66.0734 0
    endloop
  endfacet
  facet normal 0.998036 0.0626427 0
    outer loop
      vertex -76.4882 67.312 3
      vertex -76.5 67.5 0
      vertex -76.5 67.5 3
    endloop
  endfacet
  facet normal 0.998036 0.0626427 0
    outer loop
      vertex -76.5 67.5 0
      vertex -76.4882 67.312 3
      vertex -76.4882 67.312 0
    endloop
  endfacet
  facet normal 0.904795 0.425848 0
    outer loop
      vertex -76.3145 66.7774 3
      vertex -76.3947 66.9478 0
      vertex -76.3947 66.9478 3
    endloop
  endfacet
  facet normal 0.904795 0.425848 0
    outer loop
      vertex -76.3947 66.9478 0
      vertex -76.3145 66.7774 3
      vertex -76.3145 66.7774 0
    endloop
  endfacet
  facet normal 0.68447 0.729041 -0
    outer loop
      vertex -75.9561 66.3442 0
      vertex -76.0935 66.4732 3
      vertex -75.9561 66.3442 3
    endloop
  endfacet
  facet normal 0.68447 0.729041 0
    outer loop
      vertex -76.0935 66.4732 3
      vertex -75.9561 66.3442 0
      vertex -76.0935 66.4732 0
    endloop
  endfacet
  facet normal -0.368278 0.929716 0
    outer loop
      vertex -74.3613 66.1428 0
      vertex -74.5365 66.0734 3
      vertex -74.3613 66.1428 3
    endloop
  endfacet
  facet normal -0.368278 0.929716 0
    outer loop
      vertex -74.5365 66.0734 3
      vertex -74.3613 66.1428 0
      vertex -74.5365 66.0734 0
    endloop
  endfacet
  facet normal -0.248529 0.968625 0
    outer loop
      vertex -74.5365 66.0734 0
      vertex -74.7189 66.0266 3
      vertex -74.5365 66.0734 3
    endloop
  endfacet
  facet normal -0.248529 0.968625 0
    outer loop
      vertex -74.7189 66.0266 3
      vertex -74.5365 66.0734 0
      vertex -74.7189 66.0266 0
    endloop
  endfacet
  facet normal -0.68447 0.729041 0
    outer loop
      vertex -73.9065 66.4732 0
      vertex -74.0439 66.3442 3
      vertex -73.9065 66.4732 3
    endloop
  endfacet
  facet normal -0.68447 0.729041 0
    outer loop
      vertex -74.0439 66.3442 3
      vertex -73.9065 66.4732 0
      vertex -74.0439 66.3442 0
    endloop
  endfacet
  facet normal -0.951096 0.308894 0
    outer loop
      vertex -73.6053 66.9478 0
      vertex -73.5471 67.127 3
      vertex -73.5471 67.127 0
    endloop
  endfacet
  facet normal -0.951096 0.308894 0
    outer loop
      vertex -73.5471 67.127 3
      vertex -73.6053 66.9478 0
      vertex -73.6053 66.9478 3
    endloop
  endfacet
  facet normal 0.368278 0.929716 -0
    outer loop
      vertex -75.4635 66.0734 0
      vertex -75.6387 66.1428 3
      vertex -75.4635 66.0734 3
    endloop
  endfacet
  facet normal 0.368278 0.929716 0
    outer loop
      vertex -75.6387 66.1428 3
      vertex -75.4635 66.0734 0
      vertex -75.6387 66.1428 0
    endloop
  endfacet
  facet normal 0.125276 0.992122 -0
    outer loop
      vertex -75.0942 66.003 0
      vertex -75.2811 66.0266 3
      vertex -75.0942 66.003 3
    endloop
  endfacet
  facet normal 0.125276 0.992122 0
    outer loop
      vertex -75.2811 66.0266 3
      vertex -75.0942 66.003 0
      vertex -75.2811 66.0266 0
    endloop
  endfacet
  facet normal 0.982278 0.187429 0
    outer loop
      vertex -76.4529 67.127 3
      vertex -76.4882 67.312 0
      vertex -76.4882 67.312 3
    endloop
  endfacet
  facet normal 0.982278 0.187429 0
    outer loop
      vertex -76.4882 67.312 0
      vertex -76.4529 67.127 3
      vertex -76.4529 67.127 0
    endloop
  endfacet
  facet normal -0.481715 0.876328 0
    outer loop
      vertex -74.1963 66.2335 0
      vertex -74.3613 66.1428 3
      vertex -74.1963 66.2335 3
    endloop
  endfacet
  facet normal -0.481715 0.876328 0
    outer loop
      vertex -74.3613 66.1428 3
      vertex -74.1963 66.2335 0
      vertex -74.3613 66.1428 0
    endloop
  endfacet
  facet normal 0.587698 0.80908 -0
    outer loop
      vertex -75.8037 66.2335 0
      vertex -75.9561 66.3442 3
      vertex -75.8037 66.2335 3
    endloop
  endfacet
  facet normal 0.587698 0.80908 0
    outer loop
      vertex -75.9561 66.3442 3
      vertex -75.8037 66.2335 0
      vertex -75.9561 66.3442 0
    endloop
  endfacet
  facet normal 0.951096 0.308894 0
    outer loop
      vertex -76.3947 66.9478 3
      vertex -76.4529 67.127 0
      vertex -76.4529 67.127 3
    endloop
  endfacet
  facet normal 0.951096 0.308894 0
    outer loop
      vertex -76.4529 67.127 0
      vertex -76.3947 66.9478 3
      vertex -76.3947 66.9478 0
    endloop
  endfacet
  facet normal 0.77061 0.637307 0
    outer loop
      vertex -76.0935 66.4732 3
      vertex -76.2135 66.6183 0
      vertex -76.2135 66.6183 3
    endloop
  endfacet
  facet normal 0.77061 0.637307 0
    outer loop
      vertex -76.2135 66.6183 0
      vertex -76.0935 66.4732 3
      vertex -76.0935 66.4732 0
    endloop
  endfacet
  facet normal 0.844251 0.535948 0
    outer loop
      vertex -76.2135 66.6183 3
      vertex -76.3145 66.7774 0
      vertex -76.3145 66.7774 3
    endloop
  endfacet
  facet normal 0.844251 0.535948 0
    outer loop
      vertex -76.3145 66.7774 0
      vertex -76.2135 66.6183 3
      vertex -76.2135 66.6183 0
    endloop
  endfacet
  facet normal 0.481715 0.876328 -0
    outer loop
      vertex -75.6387 66.1428 0
      vertex -75.8037 66.2335 3
      vertex -75.6387 66.1428 3
    endloop
  endfacet
  facet normal 0.481715 0.876328 0
    outer loop
      vertex -75.8037 66.2335 3
      vertex -75.6387 66.1428 0
      vertex -75.8037 66.2335 0
    endloop
  endfacet
  facet normal 0 1 -0
    outer loop
      vertex 77.3139 81.9901 0
      vertex -77.3139 81.9901 3
      vertex 77.3139 81.9901 3
    endloop
  endfacet
  facet normal 0 1 0
    outer loop
      vertex -77.3139 81.9901 3
      vertex 77.3139 81.9901 0
      vertex -77.3139 81.9901 0
    endloop
  endfacet
  facet normal 0.684624 0.728896 -0
    outer loop
      vertex 80.6448 80.4227 0
      vertex 80.1871 80.8526 3
      vertex 80.6448 80.4227 3
    endloop
  endfacet
  facet normal 0.684624 0.728896 0
    outer loop
      vertex 80.1871 80.8526 3
      vertex 80.6448 80.4227 0
      vertex 80.1871 80.8526 0
    endloop
  endfacet
  facet normal -0.125328 0.992115 0
    outer loop
      vertex -77.3139 81.9901 0
      vertex -77.9369 81.9114 3
      vertex -77.3139 81.9901 3
    endloop
  endfacet
  facet normal -0.125328 0.992115 0
    outer loop
      vertex -77.9369 81.9114 3
      vertex -77.3139 81.9901 0
      vertex -77.9369 81.9114 0
    endloop
  endfacet
  facet normal 0 -1 0
    outer loop
      vertex -77.3139 -81.9901 0
      vertex 77.3139 -81.9901 3
      vertex -77.3139 -81.9901 3
    endloop
  endfacet
  facet normal 0 -1 -0
    outer loop
      vertex 77.3139 -81.9901 3
      vertex -77.3139 -81.9901 0
      vertex 77.3139 -81.9901 0
    endloop
  endfacet
  facet normal 0.125328 0.992115 -0
    outer loop
      vertex 77.9369 81.9114 0
      vertex 77.3139 81.9901 3
      vertex 77.9369 81.9114 3
    endloop
  endfacet
  facet normal 0.125328 0.992115 0
    outer loop
      vertex 77.3139 81.9901 3
      vertex 77.9369 81.9114 0
      vertex 77.3139 81.9901 0
    endloop
  endfacet
  facet normal 0.99803 0.0627451 0
    outer loop
      vertex 82 77 3
      vertex 81.9606 77.6267 0
      vertex 81.9606 77.6267 3
    endloop
  endfacet
  facet normal 0.99803 0.0627451 0
    outer loop
      vertex 81.9606 77.6267 0
      vertex 82 77 3
      vertex 82 77 0
    endloop
  endfacet
  facet normal 1 -0 0
    outer loop
      vertex 82 -77 3
      vertex 82 77 0
      vertex 82 77 3
    endloop
  endfacet
  facet normal 1 0 0
    outer loop
      vertex 82 77 0
      vertex 82 -77 3
      vertex 82 -77 0
    endloop
  endfacet
  facet normal -0.770462 -0.637486 0
    outer loop
      vertex -80.6448 -80.4227 0
      vertex -81.0451 -79.9389 3
      vertex -81.0451 -79.9389 0
    endloop
  endfacet
  facet normal -0.770462 -0.637486 0
    outer loop
      vertex -81.0451 -79.9389 3
      vertex -80.6448 -80.4227 0
      vertex -80.6448 -80.4227 3
    endloop
  endfacet
  facet normal -0.368203 0.929745 0
    outer loop
      vertex -78.5451 81.7553 0
      vertex -79.1289 81.5241 3
      vertex -78.5451 81.7553 3
    endloop
  endfacet
  facet normal -0.368203 0.929745 0
    outer loop
      vertex -79.1289 81.5241 3
      vertex -78.5451 81.7553 0
      vertex -79.1289 81.5241 0
    endloop
  endfacet
  facet normal 0.951076 0.308956 0
    outer loop
      vertex 81.8429 78.2434 3
      vertex 81.6489 78.8406 0
      vertex 81.6489 78.8406 3
    endloop
  endfacet
  facet normal 0.951076 0.308956 0
    outer loop
      vertex 81.6489 78.8406 0
      vertex 81.8429 78.2434 3
      vertex 81.8429 78.2434 0
    endloop
  endfacet
  facet normal -0.684624 0.728896 0
    outer loop
      vertex -80.1871 80.8526 0
      vertex -80.6448 80.4227 3
      vertex -80.1871 80.8526 3
    endloop
  endfacet
  facet normal -0.684624 0.728896 0
    outer loop
      vertex -80.6448 80.4227 3
      vertex -80.1871 80.8526 0
      vertex -80.6448 80.4227 0
    endloop
  endfacet
  facet normal -1 0 0
    outer loop
      vertex -82 -77 0
      vertex -82 77 3
      vertex -82 77 0
    endloop
  endfacet
  facet normal -1 -0 0
    outer loop
      vertex -82 77 3
      vertex -82 -77 0
      vertex -82 -77 3
    endloop
  endfacet
  facet normal -0.99803 0.0627451 0
    outer loop
      vertex -82 77 0
      vertex -81.9606 77.6267 3
      vertex -81.9606 77.6267 0
    endloop
  endfacet
  facet normal -0.99803 0.0627451 0
    outer loop
      vertex -81.9606 77.6267 3
      vertex -82 77 0
      vertex -82 77 3
    endloop
  endfacet
  facet normal -0.951076 0.308956 0
    outer loop
      vertex -81.8429 78.2434 0
      vertex -81.6489 78.8406 3
      vertex -81.6489 78.8406 0
    endloop
  endfacet
  facet normal -0.951076 0.308956 0
    outer loop
      vertex -81.6489 78.8406 3
      vertex -81.8429 78.2434 0
      vertex -81.8429 78.2434 3
    endloop
  endfacet
  facet normal 0.770462 0.637486 0
    outer loop
      vertex 81.0451 79.9389 3
      vertex 80.6448 80.4227 0
      vertex 80.6448 80.4227 3
    endloop
  endfacet
  facet normal 0.770462 0.637486 0
    outer loop
      vertex 80.6448 80.4227 0
      vertex 81.0451 79.9389 3
      vertex 81.0451 79.9389 0
    endloop
  endfacet
  facet normal 0.98227 0.187471 0
    outer loop
      vertex 81.9606 77.6267 3
      vertex 81.8429 78.2434 0
      vertex 81.8429 78.2434 3
    endloop
  endfacet
  facet normal 0.98227 0.187471 0
    outer loop
      vertex 81.8429 78.2434 0
      vertex 81.9606 77.6267 3
      vertex 81.9606 77.6267 0
    endloop
  endfacet
  facet normal -0.248601 0.968606 0
    outer loop
      vertex -77.9369 81.9114 0
      vertex -78.5451 81.7553 3
      vertex -77.9369 81.9114 3
    endloop
  endfacet
  facet normal -0.248601 0.968606 0
    outer loop
      vertex -78.5451 81.7553 3
      vertex -77.9369 81.9114 0
      vertex -78.5451 81.7553 0
    endloop
  endfacet
  facet normal 0.951076 -0.308956 0
    outer loop
      vertex 81.6489 -78.8406 3
      vertex 81.8429 -78.2434 0
      vertex 81.8429 -78.2434 3
    endloop
  endfacet
  facet normal 0.951076 -0.308956 0
    outer loop
      vertex 81.8429 -78.2434 0
      vertex 81.6489 -78.8406 3
      vertex 81.6489 -78.8406 0
    endloop
  endfacet
  facet normal -0.368203 -0.929745 0
    outer loop
      vertex -79.1289 -81.5241 0
      vertex -78.5451 -81.7553 3
      vertex -79.1289 -81.5241 3
    endloop
  endfacet
  facet normal -0.368203 -0.929745 -0
    outer loop
      vertex -78.5451 -81.7553 3
      vertex -79.1289 -81.5241 0
      vertex -78.5451 -81.7553 0
    endloop
  endfacet
  facet normal -0.684624 -0.728896 0
    outer loop
      vertex -80.6448 -80.4227 0
      vertex -80.1871 -80.8526 3
      vertex -80.6448 -80.4227 3
    endloop
  endfacet
  facet normal -0.684624 -0.728896 -0
    outer loop
      vertex -80.1871 -80.8526 3
      vertex -80.6448 -80.4227 0
      vertex -80.1871 -80.8526 0
    endloop
  endfacet
  facet normal -0.481784 0.87629 0
    outer loop
      vertex -79.1289 81.5241 0
      vertex -79.6791 81.2216 3
      vertex -79.1289 81.5241 3
    endloop
  endfacet
  facet normal -0.481784 0.87629 0
    outer loop
      vertex -79.6791 81.2216 3
      vertex -79.1289 81.5241 0
      vertex -79.6791 81.2216 0
    endloop
  endfacet
  facet normal 0.248601 0.968606 -0
    outer loop
      vertex 78.5451 81.7553 0
      vertex 77.9369 81.9114 3
      vertex 78.5451 81.7553 3
    endloop
  endfacet
  facet normal 0.248601 0.968606 0
    outer loop
      vertex 77.9369 81.9114 3
      vertex 78.5451 81.7553 0
      vertex 77.9369 81.9114 0
    endloop
  endfacet
  facet normal 0.368203 0.929745 -0
    outer loop
      vertex 79.1289 81.5241 0
      vertex 78.5451 81.7553 3
      vertex 79.1289 81.5241 3
    endloop
  endfacet
  facet normal 0.368203 0.929745 0
    outer loop
      vertex 78.5451 81.7553 3
      vertex 79.1289 81.5241 0
      vertex 78.5451 81.7553 0
    endloop
  endfacet
  facet normal 0.481784 0.87629 -0
    outer loop
      vertex 79.6791 81.2216 0
      vertex 79.1289 81.5241 3
      vertex 79.6791 81.2216 3
    endloop
  endfacet
  facet normal 0.481784 0.87629 0
    outer loop
      vertex 79.1289 81.5241 3
      vertex 79.6791 81.2216 0
      vertex 79.1289 81.5241 0
    endloop
  endfacet
  facet normal 0.904811 0.425812 0
    outer loop
      vertex 81.6489 78.8406 3
      vertex 81.3815 79.4088 0
      vertex 81.3815 79.4088 3
    endloop
  endfacet
  facet normal 0.904811 0.425812 0
    outer loop
      vertex 81.3815 79.4088 0
      vertex 81.6489 78.8406 3
      vertex 81.6489 78.8406 0
    endloop
  endfacet
  facet normal 0.844336 0.535814 0
    outer loop
      vertex 81.3815 79.4088 3
      vertex 81.0451 79.9389 0
      vertex 81.0451 79.9389 3
    endloop
  endfacet
  facet normal 0.844336 0.535814 0
    outer loop
      vertex 81.0451 79.9389 0
      vertex 81.3815 79.4088 3
      vertex 81.3815 79.4088 0
    endloop
  endfacet
  facet normal 0.770462 -0.637486 0
    outer loop
      vertex 80.6448 -80.4227 3
      vertex 81.0451 -79.9389 0
      vertex 81.0451 -79.9389 3
    endloop
  endfacet
  facet normal 0.770462 -0.637486 0
    outer loop
      vertex 81.0451 -79.9389 0
      vertex 80.6448 -80.4227 3
      vertex 80.6448 -80.4227 0
    endloop
  endfacet
  facet normal 0.684624 -0.728896 0
    outer loop
      vertex 80.1871 -80.8526 0
      vertex 80.6448 -80.4227 3
      vertex 80.1871 -80.8526 3
    endloop
  endfacet
  facet normal 0.684624 -0.728896 0
    outer loop
      vertex 80.6448 -80.4227 3
      vertex 80.1871 -80.8526 0
      vertex 80.6448 -80.4227 0
    endloop
  endfacet
  facet normal -0.587698 -0.80908 0
    outer loop
      vertex -80.1871 -80.8526 0
      vertex -79.6791 -81.2216 3
      vertex -80.1871 -80.8526 3
    endloop
  endfacet
  facet normal -0.587698 -0.80908 -0
    outer loop
      vertex -79.6791 -81.2216 3
      vertex -80.1871 -80.8526 0
      vertex -79.6791 -81.2216 0
    endloop
  endfacet
  facet normal -0.248601 -0.968606 0
    outer loop
      vertex -78.5451 -81.7553 0
      vertex -77.9369 -81.9114 3
      vertex -78.5451 -81.7553 3
    endloop
  endfacet
  facet normal -0.248601 -0.968606 -0
    outer loop
      vertex -77.9369 -81.9114 3
      vertex -78.5451 -81.7553 0
      vertex -77.9369 -81.9114 0
    endloop
  endfacet
  facet normal -0.904811 -0.425812 0
    outer loop
      vertex -81.3815 -79.4088 0
      vertex -81.6489 -78.8406 3
      vertex -81.6489 -78.8406 0
    endloop
  endfacet
  facet normal -0.904811 -0.425812 0
    outer loop
      vertex -81.6489 -78.8406 3
      vertex -81.3815 -79.4088 0
      vertex -81.3815 -79.4088 3
    endloop
  endfacet
  facet normal -0.951076 -0.308956 0
    outer loop
      vertex -81.6489 -78.8406 0
      vertex -81.8429 -78.2434 3
      vertex -81.8429 -78.2434 0
    endloop
  endfacet
  facet normal -0.951076 -0.308956 0
    outer loop
      vertex -81.8429 -78.2434 3
      vertex -81.6489 -78.8406 0
      vertex -81.6489 -78.8406 3
    endloop
  endfacet
  facet normal -0.99803 -0.0627451 0
    outer loop
      vertex -81.9606 -77.6267 0
      vertex -82 -77 3
      vertex -82 -77 0
    endloop
  endfacet
  facet normal -0.99803 -0.0627451 0
    outer loop
      vertex -82 -77 3
      vertex -81.9606 -77.6267 0
      vertex -81.9606 -77.6267 3
    endloop
  endfacet
  facet normal -0.844336 0.535814 0
    outer loop
      vertex -81.3815 79.4088 0
      vertex -81.0451 79.9389 3
      vertex -81.0451 79.9389 0
    endloop
  endfacet
  facet normal -0.844336 0.535814 0
    outer loop
      vertex -81.0451 79.9389 3
      vertex -81.3815 79.4088 0
      vertex -81.3815 79.4088 3
    endloop
  endfacet
  facet normal -0.770462 0.637486 0
    outer loop
      vertex -81.0451 79.9389 0
      vertex -80.6448 80.4227 3
      vertex -80.6448 80.4227 0
    endloop
  endfacet
  facet normal -0.770462 0.637486 0
    outer loop
      vertex -80.6448 80.4227 3
      vertex -81.0451 79.9389 0
      vertex -81.0451 79.9389 3
    endloop
  endfacet
  facet normal 0.587698 0.80908 -0
    outer loop
      vertex 80.1871 80.8526 0
      vertex 79.6791 81.2216 3
      vertex 80.1871 80.8526 3
    endloop
  endfacet
  facet normal 0.587698 0.80908 0
    outer loop
      vertex 79.6791 81.2216 3
      vertex 80.1871 80.8526 0
      vertex 79.6791 81.2216 0
    endloop
  endfacet
  facet normal 0.904811 -0.425812 0
    outer loop
      vertex 81.3815 -79.4088 3
      vertex 81.6489 -78.8406 0
      vertex 81.6489 -78.8406 3
    endloop
  endfacet
  facet normal 0.904811 -0.425812 0
    outer loop
      vertex 81.6489 -78.8406 0
      vertex 81.3815 -79.4088 3
      vertex 81.3815 -79.4088 0
    endloop
  endfacet
  facet normal 0.844336 -0.535814 0
    outer loop
      vertex 81.0451 -79.9389 3
      vertex 81.3815 -79.4088 0
      vertex 81.3815 -79.4088 3
    endloop
  endfacet
  facet normal 0.844336 -0.535814 0
    outer loop
      vertex 81.3815 -79.4088 0
      vertex 81.0451 -79.9389 3
      vertex 81.0451 -79.9389 0
    endloop
  endfacet
  facet normal 0.98227 -0.187471 0
    outer loop
      vertex 81.8429 -78.2434 3
      vertex 81.9606 -77.6267 0
      vertex 81.9606 -77.6267 3
    endloop
  endfacet
  facet normal 0.98227 -0.187471 0
    outer loop
      vertex 81.9606 -77.6267 0
      vertex 81.8429 -78.2434 3
      vertex 81.8429 -78.2434 0
    endloop
  endfacet
  facet normal 0.368203 -0.929745 0
    outer loop
      vertex 78.5451 -81.7553 0
      vertex 79.1289 -81.5241 3
      vertex 78.5451 -81.7553 3
    endloop
  endfacet
  facet normal 0.368203 -0.929745 0
    outer loop
      vertex 79.1289 -81.5241 3
      vertex 78.5451 -81.7553 0
      vertex 79.1289 -81.5241 0
    endloop
  endfacet
  facet normal 0.125328 -0.992115 0
    outer loop
      vertex 77.3139 -81.9901 0
      vertex 77.9369 -81.9114 3
      vertex 77.3139 -81.9901 3
    endloop
  endfacet
  facet normal 0.125328 -0.992115 0
    outer loop
      vertex 77.9369 -81.9114 3
      vertex 77.3139 -81.9901 0
      vertex 77.9369 -81.9114 0
    endloop
  endfacet
  facet normal -0.481784 -0.87629 0
    outer loop
      vertex -79.6791 -81.2216 0
      vertex -79.1289 -81.5241 3
      vertex -79.6791 -81.2216 3
    endloop
  endfacet
  facet normal -0.481784 -0.87629 -0
    outer loop
      vertex -79.1289 -81.5241 3
      vertex -79.6791 -81.2216 0
      vertex -79.1289 -81.5241 0
    endloop
  endfacet
  facet normal -0.125328 -0.992115 0
    outer loop
      vertex -77.9369 -81.9114 0
      vertex -77.3139 -81.9901 3
      vertex -77.9369 -81.9114 3
    endloop
  endfacet
  facet normal -0.125328 -0.992115 -0
    outer loop
      vertex -77.3139 -81.9901 3
      vertex -77.9369 -81.9114 0
      vertex -77.3139 -81.9901 0
    endloop
  endfacet
  facet normal -0.844336 -0.535814 0
    outer loop
      vertex -81.0451 -79.9389 0
      vertex -81.3815 -79.4088 3
      vertex -81.3815 -79.4088 0
    endloop
  endfacet
  facet normal -0.844336 -0.535814 0
    outer loop
      vertex -81.3815 -79.4088 3
      vertex -81.0451 -79.9389 0
      vertex -81.0451 -79.9389 3
    endloop
  endfacet
  facet normal -0.98227 -0.187471 0
    outer loop
      vertex -81.8429 -78.2434 0
      vertex -81.9606 -77.6267 3
      vertex -81.9606 -77.6267 0
    endloop
  endfacet
  facet normal -0.98227 -0.187471 0
    outer loop
      vertex -81.9606 -77.6267 3
      vertex -81.8429 -78.2434 0
      vertex -81.8429 -78.2434 3
    endloop
  endfacet
  facet normal -0.587698 0.80908 0
    outer loop
      vertex -79.6791 81.2216 0
      vertex -80.1871 80.8526 3
      vertex -79.6791 81.2216 3
    endloop
  endfacet
  facet normal -0.587698 0.80908 0
    outer loop
      vertex -80.1871 80.8526 3
      vertex -79.6791 81.2216 0
      vertex -80.1871 80.8526 0
    endloop
  endfacet
  facet normal -0.904811 0.425812 0
    outer loop
      vertex -81.6489 78.8406 0
      vertex -81.3815 79.4088 3
      vertex -81.3815 79.4088 0
    endloop
  endfacet
  facet normal -0.904811 0.425812 0
    outer loop
      vertex -81.3815 79.4088 3
      vertex -81.6489 78.8406 0
      vertex -81.6489 78.8406 3
    endloop
  endfacet
  facet normal -0.98227 0.187471 0
    outer loop
      vertex -81.9606 77.6267 0
      vertex -81.8429 78.2434 3
      vertex -81.8429 78.2434 0
    endloop
  endfacet
  facet normal -0.98227 0.187471 0
    outer loop
      vertex -81.8429 78.2434 3
      vertex -81.9606 77.6267 0
      vertex -81.9606 77.6267 3
    endloop
  endfacet
  facet normal 0.99803 -0.0627451 0
    outer loop
      vertex 81.9606 -77.6267 3
      vertex 82 -77 0
      vertex 82 -77 3
    endloop
  endfacet
  facet normal 0.99803 -0.0627451 0
    outer loop
      vertex 82 -77 0
      vertex 81.9606 -77.6267 3
      vertex 81.9606 -77.6267 0
    endloop
  endfacet
  facet normal 0.587698 -0.80908 0
    outer loop
      vertex 79.6791 -81.2216 0
      vertex 80.1871 -80.8526 3
      vertex 79.6791 -81.2216 3
    endloop
  endfacet
  facet normal 0.587698 -0.80908 0
    outer loop
      vertex 80.1871 -80.8526 3
      vertex 79.6791 -81.2216 0
      vertex 80.1871 -80.8526 0
    endloop
  endfacet
  facet normal 0.481784 -0.87629 0
    outer loop
      vertex 79.1289 -81.5241 0
      vertex 79.6791 -81.2216 3
      vertex 79.1289 -81.5241 3
    endloop
  endfacet
  facet normal 0.481784 -0.87629 0
    outer loop
      vertex 79.6791 -81.2216 3
      vertex 79.1289 -81.5241 0
      vertex 79.6791 -81.2216 0
    endloop
  endfacet
  facet normal 0.248601 -0.968606 0
    outer loop
      vertex 77.9369 -81.9114 0
      vertex 78.5451 -81.7553 3
      vertex 77.9369 -81.9114 3
    endloop
  endfacet
  facet normal 0.248601 -0.968606 0
    outer loop
      vertex 78.5451 -81.7553 3
      vertex 77.9369 -81.9114 0
      vertex 78.5451 -81.7553 0
    endloop
  endfacet
endsolid OpenSCAD_Model
