solid OpenSCAD_Model
  facet normal -0.997969 -0.0637002 0
    outer loop
      vertex -169.5 -30 0
      vertex -169.524 -29.624 3
      vertex -169.524 -29.624 0
    endloop
  endfacet
  facet normal -0.997969 -0.0637002 0
    outer loop
      vertex -169.524 -29.624 3
      vertex -169.5 -30 0
      vertex -169.5 -30 3
    endloop
  endfacet
  facet normal 0.997969 -0.0637002 0
    outer loop
      vertex -175.5 -30 3
      vertex -175.476 -29.624 0
      vertex -175.476 -29.624 3
    endloop
  endfacet
  facet normal 0.997969 -0.0637002 0
    outer loop
      vertex -175.476 -29.624 0
      vertex -175.5 -30 3
      vertex -175.5 -30 0
    endloop
  endfacet
  facet normal 0 -1 0
    outer loop
      vertex -172.688 -27.0059 0
      vertex -172.312 -27.0059 3
      vertex -172.688 -27.0059 3
    endloop
  endfacet
  facet normal 0 -1 -0
    outer loop
      vertex -172.312 -27.0059 3
      vertex -172.688 -27.0059 0
      vertex -172.312 -27.0059 0
    endloop
  endfacet
  facet normal 0 1 -0
    outer loop
      vertex -172.312 -32.9941 0
      vertex -172.688 -32.9941 3
      vertex -172.312 -32.9941 3
    endloop
  endfacet
  facet normal 0 1 0
    outer loop
      vertex -172.688 -32.9941 3
      vertex -172.312 -32.9941 0
      vertex -172.688 -32.9941 0
    endloop
  endfacet
  facet normal -0.684065 -0.729421 0
    outer loop
      vertex -170.588 -27.6885 0
      vertex -170.313 -27.9464 3
      vertex -170.588 -27.6885 3
    endloop
  endfacet
  facet normal -0.684065 -0.729421 -0
    outer loop
      vertex -170.313 -27.9464 3
      vertex -170.588 -27.6885 0
      vertex -170.313 -27.9464 0
    endloop
  endfacet
  facet normal 0.684065 -0.729421 0
    outer loop
      vertex -174.687 -27.9464 0
      vertex -174.412 -27.6885 3
      vertex -174.687 -27.9464 3
    endloop
  endfacet
  facet normal 0.684065 -0.729421 0
    outer loop
      vertex -174.412 -27.6885 3
      vertex -174.687 -27.9464 0
      vertex -174.412 -27.6885 0
    endloop
  endfacet
  facet normal 0.368412 -0.929663 0
    outer loop
      vertex -173.777 -27.2855 0
      vertex -173.427 -27.1468 3
      vertex -173.777 -27.2855 3
    endloop
  endfacet
  facet normal 0.368412 -0.929663 0
    outer loop
      vertex -173.427 -27.1468 3
      vertex -173.777 -27.2855 0
      vertex -173.427 -27.1468 0
    endloop
  endfacet
  facet normal -0.844175 0.536068 0
    outer loop
      vertex -170.073 -31.7634 0
      vertex -169.871 -31.4453 3
      vertex -169.871 -31.4453 0
    endloop
  endfacet
  facet normal -0.844175 0.536068 0
    outer loop
      vertex -169.871 -31.4453 3
      vertex -170.073 -31.7634 0
      vertex -170.073 -31.7634 3
    endloop
  endfacet
  facet normal -0.905252 -0.424876 0
    outer loop
      vertex -169.711 -28.8956 0
      vertex -169.871 -28.5547 3
      vertex -169.871 -28.5547 0
    endloop
  endfacet
  facet normal -0.905252 -0.424876 0
    outer loop
      vertex -169.871 -28.5547 3
      vertex -169.711 -28.8956 0
      vertex -169.711 -28.8956 3
    endloop
  endfacet
  facet normal -0.982579 -0.185843 0
    outer loop
      vertex -169.524 -29.624 0
      vertex -169.594 -29.2539 3
      vertex -169.594 -29.2539 0
    endloop
  endfacet
  facet normal -0.982579 -0.185843 0
    outer loop
      vertex -169.594 -29.2539 3
      vertex -169.524 -29.624 0
      vertex -169.524 -29.624 3
    endloop
  endfacet
  facet normal -0.368412 -0.929663 0
    outer loop
      vertex -171.573 -27.1468 0
      vertex -171.223 -27.2855 3
      vertex -171.573 -27.1468 3
    endloop
  endfacet
  facet normal -0.368412 -0.929663 -0
    outer loop
      vertex -171.223 -27.2855 3
      vertex -171.573 -27.1468 0
      vertex -171.223 -27.2855 0
    endloop
  endfacet
  facet normal -0.587619 -0.809137 0
    outer loop
      vertex -170.893 -27.467 0
      vertex -170.588 -27.6885 3
      vertex -170.893 -27.467 3
    endloop
  endfacet
  facet normal -0.587619 -0.809137 -0
    outer loop
      vertex -170.588 -27.6885 3
      vertex -170.893 -27.467 0
      vertex -170.588 -27.6885 0
    endloop
  endfacet
  facet normal 0.905252 -0.424876 0
    outer loop
      vertex -175.289 -28.8956 3
      vertex -175.129 -28.5547 0
      vertex -175.129 -28.5547 3
    endloop
  endfacet
  facet normal 0.905252 -0.424876 0
    outer loop
      vertex -175.129 -28.5547 0
      vertex -175.289 -28.8956 3
      vertex -175.289 -28.8956 0
    endloop
  endfacet
  facet normal 0.844175 -0.536068 0
    outer loop
      vertex -175.129 -28.5547 3
      vertex -174.927 -28.2366 0
      vertex -174.927 -28.2366 3
    endloop
  endfacet
  facet normal 0.844175 -0.536068 0
    outer loop
      vertex -174.927 -28.2366 0
      vertex -175.129 -28.5547 3
      vertex -175.129 -28.5547 0
    endloop
  endfacet
  facet normal 0.950602 -0.310412 0
    outer loop
      vertex -175.406 -29.2539 3
      vertex -175.289 -28.8956 0
      vertex -175.289 -28.8956 3
    endloop
  endfacet
  facet normal 0.950602 -0.310412 0
    outer loop
      vertex -175.289 -28.8956 0
      vertex -175.406 -29.2539 3
      vertex -175.406 -29.2539 0
    endloop
  endfacet
  facet normal 0.587619 -0.809137 0
    outer loop
      vertex -174.412 -27.6885 0
      vertex -174.107 -27.467 3
      vertex -174.412 -27.6885 3
    endloop
  endfacet
  facet normal 0.587619 -0.809137 0
    outer loop
      vertex -174.107 -27.467 3
      vertex -174.412 -27.6885 0
      vertex -174.107 -27.467 0
    endloop
  endfacet
  facet normal 0.24865 -0.968593 0
    outer loop
      vertex -173.427 -27.1468 0
      vertex -173.062 -27.0531 3
      vertex -173.427 -27.1468 3
    endloop
  endfacet
  facet normal 0.24865 -0.968593 0
    outer loop
      vertex -173.062 -27.0531 3
      vertex -173.427 -27.1468 0
      vertex -173.062 -27.0531 0
    endloop
  endfacet
  facet normal -0.368412 0.929663 0
    outer loop
      vertex -171.223 -32.7145 0
      vertex -171.573 -32.8532 3
      vertex -171.223 -32.7145 3
    endloop
  endfacet
  facet normal -0.368412 0.929663 0
    outer loop
      vertex -171.573 -32.8532 3
      vertex -171.223 -32.7145 0
      vertex -171.573 -32.8532 0
    endloop
  endfacet
  facet normal -0.950602 -0.310412 0
    outer loop
      vertex -169.594 -29.2539 0
      vertex -169.711 -28.8956 3
      vertex -169.711 -28.8956 0
    endloop
  endfacet
  facet normal -0.950602 -0.310412 0
    outer loop
      vertex -169.711 -28.8956 3
      vertex -169.594 -29.2539 0
      vertex -169.594 -29.2539 3
    endloop
  endfacet
  facet normal -0.77061 -0.637307 0
    outer loop
      vertex -170.073 -28.2366 0
      vertex -170.313 -27.9464 3
      vertex -170.313 -27.9464 0
    endloop
  endfacet
  facet normal -0.77061 -0.637307 0
    outer loop
      vertex -170.313 -27.9464 3
      vertex -170.073 -28.2366 0
      vertex -170.073 -28.2366 3
    endloop
  endfacet
  facet normal -0.844175 -0.536068 0
    outer loop
      vertex -169.871 -28.5547 0
      vertex -170.073 -28.2366 3
      vertex -170.073 -28.2366 0
    endloop
  endfacet
  facet normal -0.844175 -0.536068 0
    outer loop
      vertex -170.073 -28.2366 3
      vertex -169.871 -28.5547 0
      vertex -169.871 -28.5547 3
    endloop
  endfacet
  facet normal -0.24865 -0.968593 0
    outer loop
      vertex -171.938 -27.0531 0
      vertex -171.573 -27.1468 3
      vertex -171.938 -27.0531 3
    endloop
  endfacet
  facet normal -0.24865 -0.968593 -0
    outer loop
      vertex -171.573 -27.1468 3
      vertex -171.938 -27.0531 0
      vertex -171.573 -27.1468 0
    endloop
  endfacet
  facet normal -0.12521 -0.99213 0
    outer loop
      vertex -172.312 -27.0059 0
      vertex -171.938 -27.0531 3
      vertex -172.312 -27.0059 3
    endloop
  endfacet
  facet normal -0.12521 -0.99213 -0
    outer loop
      vertex -171.938 -27.0531 3
      vertex -172.312 -27.0059 0
      vertex -171.938 -27.0531 0
    endloop
  endfacet
  facet normal 0.982579 -0.185843 0
    outer loop
      vertex -175.476 -29.624 3
      vertex -175.406 -29.2539 0
      vertex -175.406 -29.2539 3
    endloop
  endfacet
  facet normal 0.982579 -0.185843 0
    outer loop
      vertex -175.406 -29.2539 0
      vertex -175.476 -29.624 3
      vertex -175.476 -29.624 0
    endloop
  endfacet
  facet normal -0 0 1
    outer loop
      vertex -169.524 -15.376 3
      vertex -169.5 -30 3
      vertex -169.5 -15 3
    endloop
  endfacet
  facet normal 0 0 1
    outer loop
      vertex -169.524 -15.376 3
      vertex -169.524 -29.624 3
      vertex -169.5 -30 3
    endloop
  endfacet
  facet normal -0 0 1
    outer loop
      vertex -169.594 -15.7461 3
      vertex -169.524 -29.624 3
      vertex -169.524 -15.376 3
    endloop
  endfacet
  facet normal 0 0 1
    outer loop
      vertex -169.594 -15.7461 3
      vertex -169.594 -29.2539 3
      vertex -169.524 -29.624 3
    endloop
  endfacet
  facet normal -0 0 1
    outer loop
      vertex -169.711 -16.1044 3
      vertex -169.594 -29.2539 3
      vertex -169.594 -15.7461 3
    endloop
  endfacet
  facet normal 0 0 1
    outer loop
      vertex -169.711 -16.1044 3
      vertex -169.711 -28.8956 3
      vertex -169.594 -29.2539 3
    endloop
  endfacet
  facet normal 0 0 1
    outer loop
      vertex -171 -22.5 3
      vertex -169.711 -16.1044 3
      vertex -169.871 -16.4453 3
    endloop
  endfacet
  facet normal 0 0 1
    outer loop
      vertex -169.711 -16.1044 3
      vertex -171 -22.5 3
      vertex -169.711 -28.8956 3
    endloop
  endfacet
  facet normal 0 0 1
    outer loop
      vertex -171.012 -22.312 3
      vertex -169.871 -16.4453 3
      vertex -170.073 -16.7634 3
    endloop
  endfacet
  facet normal 0 0 1
    outer loop
      vertex -169.711 -28.8956 3
      vertex -171 -22.5 3
      vertex -169.871 -28.5547 3
    endloop
  endfacet
  facet normal 0 0 1
    outer loop
      vertex -171.105 -21.9478 3
      vertex -170.073 -16.7634 3
      vertex -170.313 -17.0536 3
    endloop
  endfacet
  facet normal -0 0 1
    outer loop
      vertex -171.012 -22.688 3
      vertex -169.871 -28.5547 3
      vertex -171 -22.5 3
    endloop
  endfacet
  facet normal 0 0 1
    outer loop
      vertex -171.186 -21.7774 3
      vertex -170.313 -17.0536 3
      vertex -170.588 -17.3115 3
    endloop
  endfacet
  facet normal 0 0 1
    outer loop
      vertex -169.871 -28.5547 3
      vertex -171.012 -22.688 3
      vertex -170.073 -28.2366 3
    endloop
  endfacet
  facet normal 0 0 1
    outer loop
      vertex -171.286 -21.6183 3
      vertex -170.588 -17.3115 3
      vertex -170.893 -17.533 3
    endloop
  endfacet
  facet normal -0 0 1
    outer loop
      vertex -171.047 -22.873 3
      vertex -170.073 -28.2366 3
      vertex -171.012 -22.688 3
    endloop
  endfacet
  facet normal -0 0 1
    outer loop
      vertex -171.105 -23.0522 3
      vertex -170.073 -28.2366 3
      vertex -171.047 -22.873 3
    endloop
  endfacet
  facet normal 0 0 1
    outer loop
      vertex -169.871 -16.4453 3
      vertex -171.012 -22.312 3
      vertex -171 -22.5 3
    endloop
  endfacet
  facet normal 0 0 1
    outer loop
      vertex -170.073 -16.7634 3
      vertex -171.047 -22.127 3
      vertex -171.012 -22.312 3
    endloop
  endfacet
  facet normal 0 0 1
    outer loop
      vertex -170.073 -16.7634 3
      vertex -171.105 -21.9478 3
      vertex -171.047 -22.127 3
    endloop
  endfacet
  facet normal 0 0 1
    outer loop
      vertex -170.313 -17.0536 3
      vertex -171.186 -21.7774 3
      vertex -171.105 -21.9478 3
    endloop
  endfacet
  facet normal 0 0 1
    outer loop
      vertex -171.544 -21.3442 3
      vertex -170.893 -17.533 3
      vertex -171.223 -17.7145 3
    endloop
  endfacet
  facet normal 0 0 1
    outer loop
      vertex -170.588 -17.3115 3
      vertex -171.286 -21.6183 3
      vertex -171.186 -21.7774 3
    endloop
  endfacet
  facet normal 0 0 1
    outer loop
      vertex -170.893 -17.533 3
      vertex -171.407 -21.4732 3
      vertex -171.286 -21.6183 3
    endloop
  endfacet
  facet normal 0 0 1
    outer loop
      vertex -170.893 -17.533 3
      vertex -171.544 -21.3442 3
      vertex -171.407 -21.4732 3
    endloop
  endfacet
  facet normal 0 0 1
    outer loop
      vertex -171.696 -21.2335 3
      vertex -171.223 -17.7145 3
      vertex -171.573 -17.8532 3
    endloop
  endfacet
  facet normal 0 0 1
    outer loop
      vertex -171.223 -17.7145 3
      vertex -171.696 -21.2335 3
      vertex -171.544 -21.3442 3
    endloop
  endfacet
  facet normal 0 0 1
    outer loop
      vertex -171.573 -17.8532 3
      vertex -171.861 -21.1428 3
      vertex -171.696 -21.2335 3
    endloop
  endfacet
  facet normal -0 0 1
    outer loop
      vertex -171.938 -17.9469 3
      vertex -171.861 -21.1428 3
      vertex -171.573 -17.8532 3
    endloop
  endfacet
  facet normal 0 0 1
    outer loop
      vertex -171.938 -17.9469 3
      vertex -172.036 -21.0734 3
      vertex -171.861 -21.1428 3
    endloop
  endfacet
  facet normal 0 0 1
    outer loop
      vertex -171.938 -17.9469 3
      vertex -172.219 -21.0266 3
      vertex -172.036 -21.0734 3
    endloop
  endfacet
  facet normal -0 0 1
    outer loop
      vertex -172.312 -17.9941 3
      vertex -172.219 -21.0266 3
      vertex -171.938 -17.9469 3
    endloop
  endfacet
  facet normal 0 0 1
    outer loop
      vertex -172.312 -17.9941 3
      vertex -172.406 -21.003 3
      vertex -172.219 -21.0266 3
    endloop
  endfacet
  facet normal 0 0 1
    outer loop
      vertex -172.312 -17.9941 3
      vertex -172.594 -21.003 3
      vertex -172.406 -21.003 3
    endloop
  endfacet
  facet normal -0 0 1
    outer loop
      vertex -172.688 -17.9941 3
      vertex -172.594 -21.003 3
      vertex -172.312 -17.9941 3
    endloop
  endfacet
  facet normal 0 0 1
    outer loop
      vertex -172.688 -17.9941 3
      vertex -172.781 -21.0266 3
      vertex -172.594 -21.003 3
    endloop
  endfacet
  facet normal 0 0 1
    outer loop
      vertex -173.062 -17.9469 3
      vertex -172.781 -21.0266 3
      vertex -172.688 -17.9941 3
    endloop
  endfacet
  facet normal 0 0 1
    outer loop
      vertex -172.781 -21.0266 3
      vertex -173.062 -17.9469 3
      vertex -172.964 -21.0734 3
    endloop
  endfacet
  facet normal 0 0 1
    outer loop
      vertex -173.062 -17.9469 3
      vertex -173.139 -21.1428 3
      vertex -172.964 -21.0734 3
    endloop
  endfacet
  facet normal 0 0 1
    outer loop
      vertex -173.427 -17.8532 3
      vertex -173.139 -21.1428 3
      vertex -173.062 -17.9469 3
    endloop
  endfacet
  facet normal 0 0 1
    outer loop
      vertex -173.139 -21.1428 3
      vertex -173.427 -17.8532 3
      vertex -173.304 -21.2335 3
    endloop
  endfacet
  facet normal 0 0 1
    outer loop
      vertex -173.777 -17.7145 3
      vertex -173.304 -21.2335 3
      vertex -173.427 -17.8532 3
    endloop
  endfacet
  facet normal 0 0 1
    outer loop
      vertex -173.304 -21.2335 3
      vertex -173.777 -17.7145 3
      vertex -173.456 -21.3442 3
    endloop
  endfacet
  facet normal 0 0 1
    outer loop
      vertex -174.107 -17.533 3
      vertex -173.456 -21.3442 3
      vertex -173.777 -17.7145 3
    endloop
  endfacet
  facet normal 0 0 1
    outer loop
      vertex -173.456 -21.3442 3
      vertex -174.107 -17.533 3
      vertex -173.593 -21.4732 3
    endloop
  endfacet
  facet normal 0 0 1
    outer loop
      vertex -173.593 -21.4732 3
      vertex -174.107 -17.533 3
      vertex -173.714 -21.6183 3
    endloop
  endfacet
  facet normal 0 0 1
    outer loop
      vertex -174.412 -17.3115 3
      vertex -173.714 -21.6183 3
      vertex -174.107 -17.533 3
    endloop
  endfacet
  facet normal 0 0 1
    outer loop
      vertex -173.714 -21.6183 3
      vertex -174.412 -17.3115 3
      vertex -173.814 -21.7774 3
    endloop
  endfacet
  facet normal 0 0 1
    outer loop
      vertex -174.687 -17.0536 3
      vertex -173.814 -21.7774 3
      vertex -174.412 -17.3115 3
    endloop
  endfacet
  facet normal 0 0 1
    outer loop
      vertex -173.814 -21.7774 3
      vertex -174.687 -17.0536 3
      vertex -173.895 -21.9478 3
    endloop
  endfacet
  facet normal 0 0 1
    outer loop
      vertex -174.927 -16.7634 3
      vertex -173.895 -21.9478 3
      vertex -174.687 -17.0536 3
    endloop
  endfacet
  facet normal -0 0 1
    outer loop
      vertex -169.524 -0.375999 3
      vertex -169.5 -15 3
      vertex -169.5 0 3
    endloop
  endfacet
  facet normal 0 0 1
    outer loop
      vertex -169.524 -0.375999 3
      vertex -169.524 -14.624 3
      vertex -169.5 -15 3
    endloop
  endfacet
  facet normal -0 0 1
    outer loop
      vertex -169.594 -0.746069 3
      vertex -169.524 -14.624 3
      vertex -169.524 -0.375999 3
    endloop
  endfacet
  facet normal 0 0 1
    outer loop
      vertex -169.594 -0.746069 3
      vertex -169.594 -14.2539 3
      vertex -169.524 -14.624 3
    endloop
  endfacet
  facet normal -0 0 1
    outer loop
      vertex -169.711 -1.10437 3
      vertex -169.594 -14.2539 3
      vertex -169.594 -0.746069 3
    endloop
  endfacet
  facet normal 0 0 1
    outer loop
      vertex -169.711 -1.10437 3
      vertex -169.711 -13.8956 3
      vertex -169.594 -14.2539 3
    endloop
  endfacet
  facet normal 0 0 1
    outer loop
      vertex -171 -7.5 3
      vertex -169.711 -1.10437 3
      vertex -169.871 -1.44526 3
    endloop
  endfacet
  facet normal 0 0 1
    outer loop
      vertex -169.711 -1.10437 3
      vertex -171 -7.5 3
      vertex -169.711 -13.8956 3
    endloop
  endfacet
  facet normal 0 0 1
    outer loop
      vertex -171.012 -7.312 3
      vertex -169.871 -1.44526 3
      vertex -170.073 -1.76336 3
    endloop
  endfacet
  facet normal 0 0 1
    outer loop
      vertex -169.711 -13.8956 3
      vertex -171 -7.5 3
      vertex -169.871 -13.5547 3
    endloop
  endfacet
  facet normal 0 0 1
    outer loop
      vertex -171.105 -6.94781 3
      vertex -170.073 -1.76336 3
      vertex -170.313 -2.05364 3
    endloop
  endfacet
  facet normal -0 0 1
    outer loop
      vertex -171.012 -7.688 3
      vertex -169.871 -13.5547 3
      vertex -171 -7.5 3
    endloop
  endfacet
  facet normal 0 0 1
    outer loop
      vertex -171.186 -6.77737 3
      vertex -170.313 -2.05364 3
      vertex -170.588 -2.31154 3
    endloop
  endfacet
  facet normal 0 0 1
    outer loop
      vertex -169.871 -13.5547 3
      vertex -171.012 -7.688 3
      vertex -170.073 -13.2366 3
    endloop
  endfacet
  facet normal 0 0 1
    outer loop
      vertex -171.286 -6.61832 3
      vertex -170.588 -2.31154 3
      vertex -170.893 -2.53298 3
    endloop
  endfacet
  facet normal -0 0 1
    outer loop
      vertex -171.047 -7.87303 3
      vertex -170.073 -13.2366 3
      vertex -171.012 -7.688 3
    endloop
  endfacet
  facet normal -0 0 1
    outer loop
      vertex -171.105 -8.05219 3
      vertex -170.073 -13.2366 3
      vertex -171.047 -7.87303 3
    endloop
  endfacet
  facet normal 0 0 1
    outer loop
      vertex -169.871 -1.44526 3
      vertex -171.012 -7.312 3
      vertex -171 -7.5 3
    endloop
  endfacet
  facet normal 0 0 1
    outer loop
      vertex -170.073 -1.76336 3
      vertex -171.047 -7.12696 3
      vertex -171.012 -7.312 3
    endloop
  endfacet
  facet normal 0 0 1
    outer loop
      vertex -170.073 -1.76336 3
      vertex -171.105 -6.94781 3
      vertex -171.047 -7.12696 3
    endloop
  endfacet
  facet normal 0 0 1
    outer loop
      vertex -170.313 -2.05364 3
      vertex -171.186 -6.77737 3
      vertex -171.105 -6.94781 3
    endloop
  endfacet
  facet normal 0 0 1
    outer loop
      vertex -171.544 -6.34423 3
      vertex -170.893 -2.53298 3
      vertex -171.223 -2.71448 3
    endloop
  endfacet
  facet normal 0 0 1
    outer loop
      vertex -170.588 -2.31154 3
      vertex -171.286 -6.61832 3
      vertex -171.186 -6.77737 3
    endloop
  endfacet
  facet normal 0 0 1
    outer loop
      vertex -170.893 -2.53298 3
      vertex -171.407 -6.47318 3
      vertex -171.286 -6.61832 3
    endloop
  endfacet
  facet normal 0 0 1
    outer loop
      vertex -170.893 -2.53298 3
      vertex -171.544 -6.34423 3
      vertex -171.407 -6.47318 3
    endloop
  endfacet
  facet normal 0 0 1
    outer loop
      vertex -171.696 -6.23351 3
      vertex -171.223 -2.71448 3
      vertex -171.573 -2.85317 3
    endloop
  endfacet
  facet normal 0 0 1
    outer loop
      vertex -171.223 -2.71448 3
      vertex -171.696 -6.23351 3
      vertex -171.544 -6.34423 3
    endloop
  endfacet
  facet normal 0 0 1
    outer loop
      vertex -171.573 -2.85317 3
      vertex -171.861 -6.14276 3
      vertex -171.696 -6.23351 3
    endloop
  endfacet
  facet normal -0 0 1
    outer loop
      vertex -171.938 -2.94686 3
      vertex -171.861 -6.14276 3
      vertex -171.573 -2.85317 3
    endloop
  endfacet
  facet normal 0 0 1
    outer loop
      vertex -171.938 -2.94686 3
      vertex -172.036 -6.07341 3
      vertex -171.861 -6.14276 3
    endloop
  endfacet
  facet normal 0 0 1
    outer loop
      vertex -171.938 -2.94686 3
      vertex -172.219 -6.02657 3
      vertex -172.036 -6.07341 3
    endloop
  endfacet
  facet normal -0 0 1
    outer loop
      vertex -172.312 -2.99408 3
      vertex -172.219 -6.02657 3
      vertex -171.938 -2.94686 3
    endloop
  endfacet
  facet normal 0 0 1
    outer loop
      vertex -172.312 -2.99408 3
      vertex -172.406 -6.00296 3
      vertex -172.219 -6.02657 3
    endloop
  endfacet
  facet normal 0 0 1
    outer loop
      vertex -172.312 -2.99408 3
      vertex -172.594 -6.00296 3
      vertex -172.406 -6.00296 3
    endloop
  endfacet
  facet normal -0 0 1
    outer loop
      vertex -172.688 -2.99408 3
      vertex -172.594 -6.00296 3
      vertex -172.312 -2.99408 3
    endloop
  endfacet
  facet normal 0 0 1
    outer loop
      vertex -172.688 -2.99408 3
      vertex -172.781 -6.02657 3
      vertex -172.594 -6.00296 3
    endloop
  endfacet
  facet normal 0 0 1
    outer loop
      vertex -173.062 -2.94686 3
      vertex -172.781 -6.02657 3
      vertex -172.688 -2.99408 3
    endloop
  endfacet
  facet normal 0 0 1
    outer loop
      vertex -172.781 -6.02657 3
      vertex -173.062 -2.94686 3
      vertex -172.964 -6.07341 3
    endloop
  endfacet
  facet normal 0 0 1
    outer loop
      vertex -173.062 -2.94686 3
      vertex -173.139 -6.14276 3
      vertex -172.964 -6.07341 3
    endloop
  endfacet
  facet normal 0 0 1
    outer loop
      vertex -173.427 -2.85317 3
      vertex -173.139 -6.14276 3
      vertex -173.062 -2.94686 3
    endloop
  endfacet
  facet normal 0 0 1
    outer loop
      vertex -173.139 -6.14276 3
      vertex -173.427 -2.85317 3
      vertex -173.304 -6.23351 3
    endloop
  endfacet
  facet normal 0 0 1
    outer loop
      vertex -173.777 -2.71448 3
      vertex -173.304 -6.23351 3
      vertex -173.427 -2.85317 3
    endloop
  endfacet
  facet normal 0 0 1
    outer loop
      vertex -173.304 -6.23351 3
      vertex -173.777 -2.71448 3
      vertex -173.456 -6.34423 3
    endloop
  endfacet
  facet normal 0 0 1
    outer loop
      vertex -174.107 -2.53298 3
      vertex -173.456 -6.34423 3
      vertex -173.777 -2.71448 3
    endloop
  endfacet
  facet normal 0 0 1
    outer loop
      vertex -173.456 -6.34423 3
      vertex -174.107 -2.53298 3
      vertex -173.593 -6.47318 3
    endloop
  endfacet
  facet normal 0 0 1
    outer loop
      vertex -173.593 -6.47318 3
      vertex -174.107 -2.53298 3
      vertex -173.714 -6.61832 3
    endloop
  endfacet
  facet normal 0 0 1
    outer loop
      vertex -174.412 -2.31154 3
      vertex -173.714 -6.61832 3
      vertex -174.107 -2.53298 3
    endloop
  endfacet
  facet normal 0 0 1
    outer loop
      vertex -173.714 -6.61832 3
      vertex -174.412 -2.31154 3
      vertex -173.814 -6.77737 3
    endloop
  endfacet
  facet normal 0 0 1
    outer loop
      vertex -174.687 -2.05364 3
      vertex -173.814 -6.77737 3
      vertex -174.412 -2.31154 3
    endloop
  endfacet
  facet normal 0 0 1
    outer loop
      vertex -173.814 -6.77737 3
      vertex -174.687 -2.05364 3
      vertex -173.895 -6.94781 3
    endloop
  endfacet
  facet normal 0 0 1
    outer loop
      vertex -174.927 -1.76336 3
      vertex -173.895 -6.94781 3
      vertex -174.687 -2.05364 3
    endloop
  endfacet
  facet normal -0 0 1
    outer loop
      vertex -169.524 14.624 3
      vertex -169.5 0 3
      vertex -169.5 15 3
    endloop
  endfacet
  facet normal 0 0 1
    outer loop
      vertex -169.524 14.624 3
      vertex -169.524 0.375999 3
      vertex -169.5 0 3
    endloop
  endfacet
  facet normal -0 0 1
    outer loop
      vertex -169.594 14.2539 3
      vertex -169.524 0.375999 3
      vertex -169.524 14.624 3
    endloop
  endfacet
  facet normal 0 0 1
    outer loop
      vertex -169.594 14.2539 3
      vertex -169.594 0.746069 3
      vertex -169.524 0.375999 3
    endloop
  endfacet
  facet normal -0 0 1
    outer loop
      vertex -169.711 13.8956 3
      vertex -169.594 0.746069 3
      vertex -169.594 14.2539 3
    endloop
  endfacet
  facet normal 0 0 1
    outer loop
      vertex -169.711 13.8956 3
      vertex -169.711 1.10437 3
      vertex -169.594 0.746069 3
    endloop
  endfacet
  facet normal 0 0 1
    outer loop
      vertex -171 7.5 3
      vertex -169.711 13.8956 3
      vertex -169.871 13.5547 3
    endloop
  endfacet
  facet normal 0 0 1
    outer loop
      vertex -169.711 13.8956 3
      vertex -171 7.5 3
      vertex -169.711 1.10437 3
    endloop
  endfacet
  facet normal 0 0 1
    outer loop
      vertex -171.012 7.688 3
      vertex -169.871 13.5547 3
      vertex -170.073 13.2366 3
    endloop
  endfacet
  facet normal 0 0 1
    outer loop
      vertex -169.711 1.10437 3
      vertex -171 7.5 3
      vertex -169.871 1.44526 3
    endloop
  endfacet
  facet normal 0 0 1
    outer loop
      vertex -171.105 8.05219 3
      vertex -170.073 13.2366 3
      vertex -170.313 12.9464 3
    endloop
  endfacet
  facet normal -0 0 1
    outer loop
      vertex -171.012 7.312 3
      vertex -169.871 1.44526 3
      vertex -171 7.5 3
    endloop
  endfacet
  facet normal 0 0 1
    outer loop
      vertex -171.186 8.22263 3
      vertex -170.313 12.9464 3
      vertex -170.588 12.6885 3
    endloop
  endfacet
  facet normal 0 0 1
    outer loop
      vertex -169.871 1.44526 3
      vertex -171.012 7.312 3
      vertex -170.073 1.76336 3
    endloop
  endfacet
  facet normal 0 0 1
    outer loop
      vertex -171.286 8.38168 3
      vertex -170.588 12.6885 3
      vertex -170.893 12.467 3
    endloop
  endfacet
  facet normal -0 0 1
    outer loop
      vertex -171.047 7.12696 3
      vertex -170.073 1.76336 3
      vertex -171.012 7.312 3
    endloop
  endfacet
  facet normal -0 0 1
    outer loop
      vertex -171.105 6.94781 3
      vertex -170.073 1.76336 3
      vertex -171.047 7.12696 3
    endloop
  endfacet
  facet normal 0 0 1
    outer loop
      vertex -169.871 13.5547 3
      vertex -171.012 7.688 3
      vertex -171 7.5 3
    endloop
  endfacet
  facet normal 0 0 1
    outer loop
      vertex -170.073 13.2366 3
      vertex -171.047 7.87303 3
      vertex -171.012 7.688 3
    endloop
  endfacet
  facet normal 0 0 1
    outer loop
      vertex -170.073 13.2366 3
      vertex -171.105 8.05219 3
      vertex -171.047 7.87303 3
    endloop
  endfacet
  facet normal 0 0 1
    outer loop
      vertex -170.313 12.9464 3
      vertex -171.186 8.22263 3
      vertex -171.105 8.05219 3
    endloop
  endfacet
  facet normal 0 0 1
    outer loop
      vertex -171.544 8.65577 3
      vertex -170.893 12.467 3
      vertex -171.223 12.2855 3
    endloop
  endfacet
  facet normal 0 0 1
    outer loop
      vertex -170.588 12.6885 3
      vertex -171.286 8.38168 3
      vertex -171.186 8.22263 3
    endloop
  endfacet
  facet normal 0 0 1
    outer loop
      vertex -170.893 12.467 3
      vertex -171.407 8.52682 3
      vertex -171.286 8.38168 3
    endloop
  endfacet
  facet normal 0 0 1
    outer loop
      vertex -170.893 12.467 3
      vertex -171.544 8.65577 3
      vertex -171.407 8.52682 3
    endloop
  endfacet
  facet normal 0 0 1
    outer loop
      vertex -171.696 8.76649 3
      vertex -171.223 12.2855 3
      vertex -171.573 12.1468 3
    endloop
  endfacet
  facet normal 0 0 1
    outer loop
      vertex -171.223 12.2855 3
      vertex -171.696 8.76649 3
      vertex -171.544 8.65577 3
    endloop
  endfacet
  facet normal 0 0 1
    outer loop
      vertex -171.573 12.1468 3
      vertex -171.861 8.85724 3
      vertex -171.696 8.76649 3
    endloop
  endfacet
  facet normal -0 0 1
    outer loop
      vertex -171.938 12.0531 3
      vertex -171.861 8.85724 3
      vertex -171.573 12.1468 3
    endloop
  endfacet
  facet normal 0 0 1
    outer loop
      vertex -171.938 12.0531 3
      vertex -172.036 8.92658 3
      vertex -171.861 8.85724 3
    endloop
  endfacet
  facet normal 0 0 1
    outer loop
      vertex -171.938 12.0531 3
      vertex -172.219 8.97343 3
      vertex -172.036 8.92658 3
    endloop
  endfacet
  facet normal -0 0 1
    outer loop
      vertex -172.312 12.0059 3
      vertex -172.219 8.97343 3
      vertex -171.938 12.0531 3
    endloop
  endfacet
  facet normal 0 0 1
    outer loop
      vertex -172.312 12.0059 3
      vertex -172.406 8.99704 3
      vertex -172.219 8.97343 3
    endloop
  endfacet
  facet normal 0 0 1
    outer loop
      vertex -172.312 12.0059 3
      vertex -172.594 8.99704 3
      vertex -172.406 8.99704 3
    endloop
  endfacet
  facet normal -0 0 1
    outer loop
      vertex -172.688 12.0059 3
      vertex -172.594 8.99704 3
      vertex -172.312 12.0059 3
    endloop
  endfacet
  facet normal 0 0 1
    outer loop
      vertex -172.688 12.0059 3
      vertex -172.781 8.97343 3
      vertex -172.594 8.99704 3
    endloop
  endfacet
  facet normal 0 0 1
    outer loop
      vertex -173.062 12.0531 3
      vertex -172.781 8.97343 3
      vertex -172.688 12.0059 3
    endloop
  endfacet
  facet normal 0 0 1
    outer loop
      vertex -172.781 8.97343 3
      vertex -173.062 12.0531 3
      vertex -172.964 8.92658 3
    endloop
  endfacet
  facet normal 0 0 1
    outer loop
      vertex -173.062 12.0531 3
      vertex -173.139 8.85724 3
      vertex -172.964 8.92658 3
    endloop
  endfacet
  facet normal 0 0 1
    outer loop
      vertex -173.427 12.1468 3
      vertex -173.139 8.85724 3
      vertex -173.062 12.0531 3
    endloop
  endfacet
  facet normal 0 0 1
    outer loop
      vertex -173.139 8.85724 3
      vertex -173.427 12.1468 3
      vertex -173.304 8.76649 3
    endloop
  endfacet
  facet normal 0 0 1
    outer loop
      vertex -173.777 12.2855 3
      vertex -173.304 8.76649 3
      vertex -173.427 12.1468 3
    endloop
  endfacet
  facet normal 0 0 1
    outer loop
      vertex -173.304 8.76649 3
      vertex -173.777 12.2855 3
      vertex -173.456 8.65577 3
    endloop
  endfacet
  facet normal 0 0 1
    outer loop
      vertex -174.107 12.467 3
      vertex -173.456 8.65577 3
      vertex -173.777 12.2855 3
    endloop
  endfacet
  facet normal 0 0 1
    outer loop
      vertex -173.456 8.65577 3
      vertex -174.107 12.467 3
      vertex -173.593 8.52682 3
    endloop
  endfacet
  facet normal 0 0 1
    outer loop
      vertex -173.593 8.52682 3
      vertex -174.107 12.467 3
      vertex -173.714 8.38168 3
    endloop
  endfacet
  facet normal 0 0 1
    outer loop
      vertex -174.412 12.6885 3
      vertex -173.714 8.38168 3
      vertex -174.107 12.467 3
    endloop
  endfacet
  facet normal 0 0 1
    outer loop
      vertex -173.714 8.38168 3
      vertex -174.412 12.6885 3
      vertex -173.814 8.22263 3
    endloop
  endfacet
  facet normal 0 0 1
    outer loop
      vertex -174.687 12.9464 3
      vertex -173.814 8.22263 3
      vertex -174.412 12.6885 3
    endloop
  endfacet
  facet normal 0 0 1
    outer loop
      vertex -173.814 8.22263 3
      vertex -174.687 12.9464 3
      vertex -173.895 8.05219 3
    endloop
  endfacet
  facet normal 0 0 1
    outer loop
      vertex -174.927 13.2366 3
      vertex -173.895 8.05219 3
      vertex -174.687 12.9464 3
    endloop
  endfacet
  facet normal -0 0 1
    outer loop
      vertex -169.524 29.624 3
      vertex -169.5 15 3
      vertex -169.5 30 3
    endloop
  endfacet
  facet normal 0 0 1
    outer loop
      vertex -169.524 29.624 3
      vertex -169.524 15.376 3
      vertex -169.5 15 3
    endloop
  endfacet
  facet normal -0 0 1
    outer loop
      vertex -169.594 29.2539 3
      vertex -169.524 15.376 3
      vertex -169.524 29.624 3
    endloop
  endfacet
  facet normal 0 0 1
    outer loop
      vertex -169.594 29.2539 3
      vertex -169.594 15.7461 3
      vertex -169.524 15.376 3
    endloop
  endfacet
  facet normal -0 0 1
    outer loop
      vertex -169.711 28.8956 3
      vertex -169.594 15.7461 3
      vertex -169.594 29.2539 3
    endloop
  endfacet
  facet normal 0 0 1
    outer loop
      vertex -169.711 28.8956 3
      vertex -169.711 16.1044 3
      vertex -169.594 15.7461 3
    endloop
  endfacet
  facet normal 0 0 1
    outer loop
      vertex -171 22.5 3
      vertex -169.711 28.8956 3
      vertex -169.871 28.5547 3
    endloop
  endfacet
  facet normal 0 0 1
    outer loop
      vertex -169.711 28.8956 3
      vertex -171 22.5 3
      vertex -169.711 16.1044 3
    endloop
  endfacet
  facet normal 0 0 1
    outer loop
      vertex -171.012 22.688 3
      vertex -169.871 28.5547 3
      vertex -170.073 28.2366 3
    endloop
  endfacet
  facet normal 0 0 1
    outer loop
      vertex -169.711 16.1044 3
      vertex -171 22.5 3
      vertex -169.871 16.4453 3
    endloop
  endfacet
  facet normal 0 0 1
    outer loop
      vertex -171.105 23.0522 3
      vertex -170.073 28.2366 3
      vertex -170.313 27.9464 3
    endloop
  endfacet
  facet normal -0 0 1
    outer loop
      vertex -171.012 22.312 3
      vertex -169.871 16.4453 3
      vertex -171 22.5 3
    endloop
  endfacet
  facet normal 0 0 1
    outer loop
      vertex -171.186 23.2226 3
      vertex -170.313 27.9464 3
      vertex -170.588 27.6885 3
    endloop
  endfacet
  facet normal 0 0 1
    outer loop
      vertex -169.871 16.4453 3
      vertex -171.012 22.312 3
      vertex -170.073 16.7634 3
    endloop
  endfacet
  facet normal 0 0 1
    outer loop
      vertex -171.286 23.3817 3
      vertex -170.588 27.6885 3
      vertex -170.893 27.467 3
    endloop
  endfacet
  facet normal -0 0 1
    outer loop
      vertex -171.047 22.127 3
      vertex -170.073 16.7634 3
      vertex -171.012 22.312 3
    endloop
  endfacet
  facet normal -0 0 1
    outer loop
      vertex -171.105 21.9478 3
      vertex -170.073 16.7634 3
      vertex -171.047 22.127 3
    endloop
  endfacet
  facet normal 0 0 1
    outer loop
      vertex -169.871 28.5547 3
      vertex -171.012 22.688 3
      vertex -171 22.5 3
    endloop
  endfacet
  facet normal 0 0 1
    outer loop
      vertex -170.073 28.2366 3
      vertex -171.047 22.873 3
      vertex -171.012 22.688 3
    endloop
  endfacet
  facet normal 0 0 1
    outer loop
      vertex -170.073 28.2366 3
      vertex -171.105 23.0522 3
      vertex -171.047 22.873 3
    endloop
  endfacet
  facet normal 0 0 1
    outer loop
      vertex -170.313 27.9464 3
      vertex -171.186 23.2226 3
      vertex -171.105 23.0522 3
    endloop
  endfacet
  facet normal 0 0 1
    outer loop
      vertex -171.544 23.6558 3
      vertex -170.893 27.467 3
      vertex -171.223 27.2855 3
    endloop
  endfacet
  facet normal 0 0 1
    outer loop
      vertex -170.588 27.6885 3
      vertex -171.286 23.3817 3
      vertex -171.186 23.2226 3
    endloop
  endfacet
  facet normal 0 0 1
    outer loop
      vertex -170.893 27.467 3
      vertex -171.407 23.5268 3
      vertex -171.286 23.3817 3
    endloop
  endfacet
  facet normal 0 0 1
    outer loop
      vertex -170.893 27.467 3
      vertex -171.544 23.6558 3
      vertex -171.407 23.5268 3
    endloop
  endfacet
  facet normal 0 0 1
    outer loop
      vertex -171.696 23.7665 3
      vertex -171.223 27.2855 3
      vertex -171.573 27.1468 3
    endloop
  endfacet
  facet normal 0 0 1
    outer loop
      vertex -171.223 27.2855 3
      vertex -171.696 23.7665 3
      vertex -171.544 23.6558 3
    endloop
  endfacet
  facet normal 0 0 1
    outer loop
      vertex -171.573 27.1468 3
      vertex -171.861 23.8572 3
      vertex -171.696 23.7665 3
    endloop
  endfacet
  facet normal -0 0 1
    outer loop
      vertex -171.938 27.0531 3
      vertex -171.861 23.8572 3
      vertex -171.573 27.1468 3
    endloop
  endfacet
  facet normal 0 0 1
    outer loop
      vertex -171.938 27.0531 3
      vertex -172.036 23.9266 3
      vertex -171.861 23.8572 3
    endloop
  endfacet
  facet normal 0 0 1
    outer loop
      vertex -171.938 27.0531 3
      vertex -172.219 23.9734 3
      vertex -172.036 23.9266 3
    endloop
  endfacet
  facet normal -0 0 1
    outer loop
      vertex -172.312 27.0059 3
      vertex -172.219 23.9734 3
      vertex -171.938 27.0531 3
    endloop
  endfacet
  facet normal 0 0 1
    outer loop
      vertex -172.312 27.0059 3
      vertex -172.406 23.997 3
      vertex -172.219 23.9734 3
    endloop
  endfacet
  facet normal 0 0 1
    outer loop
      vertex -172.312 27.0059 3
      vertex -172.594 23.997 3
      vertex -172.406 23.997 3
    endloop
  endfacet
  facet normal -0 0 1
    outer loop
      vertex -172.688 27.0059 3
      vertex -172.594 23.997 3
      vertex -172.312 27.0059 3
    endloop
  endfacet
  facet normal 0 0 1
    outer loop
      vertex -172.688 27.0059 3
      vertex -172.781 23.9734 3
      vertex -172.594 23.997 3
    endloop
  endfacet
  facet normal 0 0 1
    outer loop
      vertex -173.062 27.0531 3
      vertex -172.781 23.9734 3
      vertex -172.688 27.0059 3
    endloop
  endfacet
  facet normal 0 0 1
    outer loop
      vertex -172.781 23.9734 3
      vertex -173.062 27.0531 3
      vertex -172.964 23.9266 3
    endloop
  endfacet
  facet normal 0 0 1
    outer loop
      vertex -173.062 27.0531 3
      vertex -173.139 23.8572 3
      vertex -172.964 23.9266 3
    endloop
  endfacet
  facet normal 0 0 1
    outer loop
      vertex -173.427 27.1468 3
      vertex -173.139 23.8572 3
      vertex -173.062 27.0531 3
    endloop
  endfacet
  facet normal 0 0 1
    outer loop
      vertex -173.139 23.8572 3
      vertex -173.427 27.1468 3
      vertex -173.304 23.7665 3
    endloop
  endfacet
  facet normal 0 0 1
    outer loop
      vertex -173.777 27.2855 3
      vertex -173.304 23.7665 3
      vertex -173.427 27.1468 3
    endloop
  endfacet
  facet normal 0 0 1
    outer loop
      vertex -173.304 23.7665 3
      vertex -173.777 27.2855 3
      vertex -173.456 23.6558 3
    endloop
  endfacet
  facet normal 0 0 1
    outer loop
      vertex -174.107 27.467 3
      vertex -173.456 23.6558 3
      vertex -173.777 27.2855 3
    endloop
  endfacet
  facet normal 0 0 1
    outer loop
      vertex -173.456 23.6558 3
      vertex -174.107 27.467 3
      vertex -173.593 23.5268 3
    endloop
  endfacet
  facet normal 0 0 1
    outer loop
      vertex -173.593 23.5268 3
      vertex -174.107 27.467 3
      vertex -173.714 23.3817 3
    endloop
  endfacet
  facet normal 0 0 1
    outer loop
      vertex -174.412 27.6885 3
      vertex -173.714 23.3817 3
      vertex -174.107 27.467 3
    endloop
  endfacet
  facet normal 0 0 1
    outer loop
      vertex -173.714 23.3817 3
      vertex -174.412 27.6885 3
      vertex -173.814 23.2226 3
    endloop
  endfacet
  facet normal 0 0 1
    outer loop
      vertex -174.687 27.9464 3
      vertex -173.814 23.2226 3
      vertex -174.412 27.6885 3
    endloop
  endfacet
  facet normal 0 0 1
    outer loop
      vertex -173.814 23.2226 3
      vertex -174.687 27.9464 3
      vertex -173.895 23.0522 3
    endloop
  endfacet
  facet normal 0 0 1
    outer loop
      vertex -174.927 28.2366 3
      vertex -173.895 23.0522 3
      vertex -174.687 27.9464 3
    endloop
  endfacet
  facet normal 0 0 1
    outer loop
      vertex 174.814 36.9901 3
      vertex 179.5 32 3
      vertex 179.461 32.6267 3
    endloop
  endfacet
  facet normal 0 0 1
    outer loop
      vertex 179.5 32 3
      vertex 174.814 36.9901 3
      vertex 179.5 -32 3
    endloop
  endfacet
  facet normal 0 0 1
    outer loop
      vertex 174.814 36.9901 3
      vertex 179.461 32.6267 3
      vertex 179.343 33.2435 3
    endloop
  endfacet
  facet normal 0 0 1
    outer loop
      vertex 174.814 -36.9901 3
      vertex 179.5 -32 3
      vertex 174.814 36.9901 3
    endloop
  endfacet
  facet normal 0 0 1
    outer loop
      vertex 174.814 36.9901 3
      vertex 179.343 33.2435 3
      vertex 179.149 33.8406 3
    endloop
  endfacet
  facet normal 0 0 1
    outer loop
      vertex 179.5 -32 3
      vertex 174.814 -36.9901 3
      vertex 179.461 -32.6267 3
    endloop
  endfacet
  facet normal 0 0 1
    outer loop
      vertex 174.814 36.9901 3
      vertex 179.149 33.8406 3
      vertex 178.882 34.4088 3
    endloop
  endfacet
  facet normal 0 0 1
    outer loop
      vertex 179.461 -32.6267 3
      vertex 174.814 -36.9901 3
      vertex 179.343 -33.2435 3
    endloop
  endfacet
  facet normal 0 0 1
    outer loop
      vertex 174.814 36.9901 3
      vertex 178.882 34.4088 3
      vertex 178.545 34.9389 3
    endloop
  endfacet
  facet normal 0 0 1
    outer loop
      vertex 179.343 -33.2435 3
      vertex 174.814 -36.9901 3
      vertex 179.149 -33.8406 3
    endloop
  endfacet
  facet normal 0 0 1
    outer loop
      vertex 174.814 36.9901 3
      vertex 178.545 34.9389 3
      vertex 178.145 35.4227 3
    endloop
  endfacet
  facet normal 0 0 1
    outer loop
      vertex 179.149 -33.8406 3
      vertex 174.814 -36.9901 3
      vertex 178.882 -34.4088 3
    endloop
  endfacet
  facet normal 0 0 1
    outer loop
      vertex 174.814 36.9901 3
      vertex 178.145 35.4227 3
      vertex 177.687 35.8526 3
    endloop
  endfacet
  facet normal 0 0 1
    outer loop
      vertex 178.882 -34.4088 3
      vertex 174.814 -36.9901 3
      vertex 178.545 -34.9389 3
    endloop
  endfacet
  facet normal 0 0 1
    outer loop
      vertex 174.814 36.9901 3
      vertex 177.687 35.8526 3
      vertex 177.179 36.2216 3
    endloop
  endfacet
  facet normal 0 0 1
    outer loop
      vertex 178.545 -34.9389 3
      vertex 174.814 -36.9901 3
      vertex 178.145 -35.4227 3
    endloop
  endfacet
  facet normal 0 0 1
    outer loop
      vertex 174.814 36.9901 3
      vertex 177.179 36.2216 3
      vertex 176.629 36.5241 3
    endloop
  endfacet
  facet normal 0 0 1
    outer loop
      vertex 178.145 -35.4227 3
      vertex 174.814 -36.9901 3
      vertex 177.687 -35.8526 3
    endloop
  endfacet
  facet normal 0 0 1
    outer loop
      vertex 174.814 36.9901 3
      vertex 176.629 36.5241 3
      vertex 176.045 36.7553 3
    endloop
  endfacet
  facet normal 0 0 1
    outer loop
      vertex 177.687 -35.8526 3
      vertex 174.814 -36.9901 3
      vertex 177.179 -36.2216 3
    endloop
  endfacet
  facet normal 0 0 1
    outer loop
      vertex 174.814 36.9901 3
      vertex 176.045 36.7553 3
      vertex 175.437 36.9114 3
    endloop
  endfacet
  facet normal 0 0 1
    outer loop
      vertex 177.179 -36.2216 3
      vertex 174.814 -36.9901 3
      vertex 176.629 -36.5241 3
    endloop
  endfacet
  facet normal 0 0 1
    outer loop
      vertex 176.629 -36.5241 3
      vertex 174.814 -36.9901 3
      vertex 176.045 -36.7553 3
    endloop
  endfacet
  facet normal 0 0 1
    outer loop
      vertex 176.045 -36.7553 3
      vertex 174.814 -36.9901 3
      vertex 175.437 -36.9114 3
    endloop
  endfacet
  facet normal 0 0 1
    outer loop
      vertex -169.5 15 3
      vertex 174.814 36.9901 3
      vertex -169.5 30 3
    endloop
  endfacet
  facet normal 0 0 1
    outer loop
      vertex 174.814 36.9901 3
      vertex -169.524 30.376 3
      vertex -169.5 30 3
    endloop
  endfacet
  facet normal 0 0 1
    outer loop
      vertex 174.814 36.9901 3
      vertex -169.594 30.7461 3
      vertex -169.524 30.376 3
    endloop
  endfacet
  facet normal 0 0 1
    outer loop
      vertex 174.814 36.9901 3
      vertex -169.711 31.1044 3
      vertex -169.594 30.7461 3
    endloop
  endfacet
  facet normal 0 0 1
    outer loop
      vertex 174.814 36.9901 3
      vertex -169.871 31.4453 3
      vertex -169.711 31.1044 3
    endloop
  endfacet
  facet normal 0 0 1
    outer loop
      vertex 174.814 36.9901 3
      vertex -170.073 31.7634 3
      vertex -169.871 31.4453 3
    endloop
  endfacet
  facet normal 0 0 1
    outer loop
      vertex 174.814 36.9901 3
      vertex -170.313 32.0536 3
      vertex -170.073 31.7634 3
    endloop
  endfacet
  facet normal -0 0 1
    outer loop
      vertex -174.814 36.9901 3
      vertex -170.313 32.0536 3
      vertex 174.814 36.9901 3
    endloop
  endfacet
  facet normal 0 0 1
    outer loop
      vertex -170.313 32.0536 3
      vertex -174.814 36.9901 3
      vertex -170.588 32.3115 3
    endloop
  endfacet
  facet normal 0 0 1
    outer loop
      vertex -170.588 32.3115 3
      vertex -174.814 36.9901 3
      vertex -170.893 32.533 3
    endloop
  endfacet
  facet normal 0 0 1
    outer loop
      vertex -170.893 32.533 3
      vertex -174.814 36.9901 3
      vertex -171.223 32.7145 3
    endloop
  endfacet
  facet normal 0 0 1
    outer loop
      vertex -171.223 32.7145 3
      vertex -174.814 36.9901 3
      vertex -171.573 32.8532 3
    endloop
  endfacet
  facet normal 0 0 1
    outer loop
      vertex -171.573 32.8532 3
      vertex -174.814 36.9901 3
      vertex -171.938 32.9469 3
    endloop
  endfacet
  facet normal 0 0 1
    outer loop
      vertex -171.938 32.9469 3
      vertex -174.814 36.9901 3
      vertex -172.312 32.9941 3
    endloop
  endfacet
  facet normal 0 0 1
    outer loop
      vertex -172.312 32.9941 3
      vertex -174.814 36.9901 3
      vertex -172.688 32.9941 3
    endloop
  endfacet
  facet normal 0 0 1
    outer loop
      vertex -174.814 36.9901 3
      vertex -173.062 32.9469 3
      vertex -172.688 32.9941 3
    endloop
  endfacet
  facet normal 0 0 1
    outer loop
      vertex -174.814 36.9901 3
      vertex -173.427 32.8532 3
      vertex -173.062 32.9469 3
    endloop
  endfacet
  facet normal 0 0 1
    outer loop
      vertex -174.814 36.9901 3
      vertex -173.777 32.7145 3
      vertex -173.427 32.8532 3
    endloop
  endfacet
  facet normal -0 0 1
    outer loop
      vertex -175.437 36.9114 3
      vertex -173.777 32.7145 3
      vertex -174.814 36.9901 3
    endloop
  endfacet
  facet normal 0 0 1
    outer loop
      vertex -173.777 32.7145 3
      vertex -175.437 36.9114 3
      vertex -174.107 32.533 3
    endloop
  endfacet
  facet normal -0 0 1
    outer loop
      vertex -176.045 36.7553 3
      vertex -174.107 32.533 3
      vertex -175.437 36.9114 3
    endloop
  endfacet
  facet normal -0 0 1
    outer loop
      vertex -176.629 36.5241 3
      vertex -174.107 32.533 3
      vertex -176.045 36.7553 3
    endloop
  endfacet
  facet normal 0 0 1
    outer loop
      vertex -174.107 32.533 3
      vertex -176.629 36.5241 3
      vertex -174.412 32.3115 3
    endloop
  endfacet
  facet normal -0 0 1
    outer loop
      vertex -177.179 36.2216 3
      vertex -174.412 32.3115 3
      vertex -176.629 36.5241 3
    endloop
  endfacet
  facet normal -0 0 1
    outer loop
      vertex -177.687 35.8526 3
      vertex -174.412 32.3115 3
      vertex -177.179 36.2216 3
    endloop
  endfacet
  facet normal 0 0 1
    outer loop
      vertex -174.412 32.3115 3
      vertex -177.687 35.8526 3
      vertex -174.687 32.0536 3
    endloop
  endfacet
  facet normal -0 0 1
    outer loop
      vertex -178.145 35.4227 3
      vertex -174.687 32.0536 3
      vertex -177.687 35.8526 3
    endloop
  endfacet
  facet normal -0 0 1
    outer loop
      vertex -178.545 34.9389 3
      vertex -174.687 32.0536 3
      vertex -178.145 35.4227 3
    endloop
  endfacet
  facet normal 0 0 1
    outer loop
      vertex -175.476 15.376 3
      vertex -179.5 32 3
      vertex -175.5 15 3
    endloop
  endfacet
  facet normal 0 0 1
    outer loop
      vertex -175.5 15 3
      vertex -179.5 32 3
      vertex -175.5 0 3
    endloop
  endfacet
  facet normal 0 0 1
    outer loop
      vertex -179.5 -32 3
      vertex -175.5 0 3
      vertex -179.5 32 3
    endloop
  endfacet
  facet normal -0 0 1
    outer loop
      vertex -178.882 34.4088 3
      vertex -174.927 31.7634 3
      vertex -178.545 34.9389 3
    endloop
  endfacet
  facet normal 0 0 1
    outer loop
      vertex -174.687 32.0536 3
      vertex -178.545 34.9389 3
      vertex -174.927 31.7634 3
    endloop
  endfacet
  facet normal 0 0 1
    outer loop
      vertex -169.5 0 3
      vertex 174.814 36.9901 3
      vertex -169.5 15 3
    endloop
  endfacet
  facet normal 0 0 1
    outer loop
      vertex 174.814 36.9901 3
      vertex -169.5 0 3
      vertex 174.814 -36.9901 3
    endloop
  endfacet
  facet normal -0 0 1
    outer loop
      vertex -169.5 -15 3
      vertex 174.814 -36.9901 3
      vertex -169.5 0 3
    endloop
  endfacet
  facet normal -0 0 1
    outer loop
      vertex -169.5 -30 3
      vertex 174.814 -36.9901 3
      vertex -169.5 -15 3
    endloop
  endfacet
  facet normal -0 0 1
    outer loop
      vertex -169.524 -30.376 3
      vertex 174.814 -36.9901 3
      vertex -169.5 -30 3
    endloop
  endfacet
  facet normal -0 0 1
    outer loop
      vertex -169.594 -30.7461 3
      vertex 174.814 -36.9901 3
      vertex -169.524 -30.376 3
    endloop
  endfacet
  facet normal -0 0 1
    outer loop
      vertex -169.711 -31.1044 3
      vertex 174.814 -36.9901 3
      vertex -169.594 -30.7461 3
    endloop
  endfacet
  facet normal -0 0 1
    outer loop
      vertex -169.871 -31.4453 3
      vertex 174.814 -36.9901 3
      vertex -169.711 -31.1044 3
    endloop
  endfacet
  facet normal -0 0 1
    outer loop
      vertex -170.073 -31.7634 3
      vertex 174.814 -36.9901 3
      vertex -169.871 -31.4453 3
    endloop
  endfacet
  facet normal -0 0 1
    outer loop
      vertex -170.313 -32.0536 3
      vertex 174.814 -36.9901 3
      vertex -170.073 -31.7634 3
    endloop
  endfacet
  facet normal 0 0 1
    outer loop
      vertex -174.814 -36.9901 3
      vertex -170.313 -32.0536 3
      vertex -170.588 -32.3115 3
    endloop
  endfacet
  facet normal 0 0 1
    outer loop
      vertex -174.814 -36.9901 3
      vertex -170.588 -32.3115 3
      vertex -170.893 -32.533 3
    endloop
  endfacet
  facet normal 0 0 1
    outer loop
      vertex -174.814 -36.9901 3
      vertex -170.893 -32.533 3
      vertex -171.223 -32.7145 3
    endloop
  endfacet
  facet normal 0 0 1
    outer loop
      vertex -174.814 -36.9901 3
      vertex -171.223 -32.7145 3
      vertex -171.573 -32.8532 3
    endloop
  endfacet
  facet normal 0 0 1
    outer loop
      vertex -174.814 -36.9901 3
      vertex -171.573 -32.8532 3
      vertex -171.938 -32.9469 3
    endloop
  endfacet
  facet normal 0 0 1
    outer loop
      vertex -174.814 -36.9901 3
      vertex -171.938 -32.9469 3
      vertex -172.312 -32.9941 3
    endloop
  endfacet
  facet normal 0 0 1
    outer loop
      vertex -174.814 -36.9901 3
      vertex -172.312 -32.9941 3
      vertex -172.688 -32.9941 3
    endloop
  endfacet
  facet normal 0 0 1
    outer loop
      vertex -170.313 -32.0536 3
      vertex -174.814 -36.9901 3
      vertex 174.814 -36.9901 3
    endloop
  endfacet
  facet normal 0 0 1
    outer loop
      vertex -173.062 -32.9469 3
      vertex -174.814 -36.9901 3
      vertex -172.688 -32.9941 3
    endloop
  endfacet
  facet normal 0 0 1
    outer loop
      vertex -173.427 -32.8532 3
      vertex -174.814 -36.9901 3
      vertex -173.062 -32.9469 3
    endloop
  endfacet
  facet normal 0 0 1
    outer loop
      vertex -173.777 -32.7145 3
      vertex -174.814 -36.9901 3
      vertex -173.427 -32.8532 3
    endloop
  endfacet
  facet normal 0 0 1
    outer loop
      vertex -175.437 -36.9114 3
      vertex -173.777 -32.7145 3
      vertex -174.107 -32.533 3
    endloop
  endfacet
  facet normal 0 0 1
    outer loop
      vertex -176.629 -36.5241 3
      vertex -174.107 -32.533 3
      vertex -174.412 -32.3115 3
    endloop
  endfacet
  facet normal 0 0 1
    outer loop
      vertex -177.687 -35.8526 3
      vertex -174.412 -32.3115 3
      vertex -174.687 -32.0536 3
    endloop
  endfacet
  facet normal 0 0 1
    outer loop
      vertex -178.545 -34.9389 3
      vertex -174.687 -32.0536 3
      vertex -174.927 -31.7634 3
    endloop
  endfacet
  facet normal 0 0 1
    outer loop
      vertex -179.149 -33.8406 3
      vertex -174.927 -31.7634 3
      vertex -175.129 -31.4453 3
    endloop
  endfacet
  facet normal 0 0 1
    outer loop
      vertex -179.461 -32.6267 3
      vertex -175.129 -31.4453 3
      vertex -175.289 -31.1044 3
    endloop
  endfacet
  facet normal 0 0 1
    outer loop
      vertex -179.5 -32 3
      vertex -175.289 -31.1044 3
      vertex -175.406 -30.7461 3
    endloop
  endfacet
  facet normal 0 0 1
    outer loop
      vertex -173.777 -32.7145 3
      vertex -175.437 -36.9114 3
      vertex -174.814 -36.9901 3
    endloop
  endfacet
  facet normal 0 0 1
    outer loop
      vertex -179.5 -32 3
      vertex -175.406 -30.7461 3
      vertex -175.476 -30.376 3
    endloop
  endfacet
  facet normal 0 0 1
    outer loop
      vertex -179.5 -32 3
      vertex -175.476 -30.376 3
      vertex -175.5 -30 3
    endloop
  endfacet
  facet normal 0 0 1
    outer loop
      vertex -174.107 -32.533 3
      vertex -176.045 -36.7553 3
      vertex -175.437 -36.9114 3
    endloop
  endfacet
  facet normal 0 0 1
    outer loop
      vertex -175.5 0 3
      vertex -179.5 -32 3
      vertex -175.5 -15 3
    endloop
  endfacet
  facet normal -0 0 1
    outer loop
      vertex -179.149 33.8406 3
      vertex -174.927 31.7634 3
      vertex -178.882 34.4088 3
    endloop
  endfacet
  facet normal 0 0 1
    outer loop
      vertex -175.5 -15 3
      vertex -179.5 -32 3
      vertex -175.5 -30 3
    endloop
  endfacet
  facet normal 0 0 1
    outer loop
      vertex -174.927 31.7634 3
      vertex -179.149 33.8406 3
      vertex -175.129 31.4453 3
    endloop
  endfacet
  facet normal 0 0 1
    outer loop
      vertex -175.289 -31.1044 3
      vertex -179.5 -32 3
      vertex -179.461 -32.6267 3
    endloop
  endfacet
  facet normal -0 0 1
    outer loop
      vertex -179.343 33.2435 3
      vertex -175.129 31.4453 3
      vertex -179.149 33.8406 3
    endloop
  endfacet
  facet normal 0 0 1
    outer loop
      vertex -174.107 -32.533 3
      vertex -176.629 -36.5241 3
      vertex -176.045 -36.7553 3
    endloop
  endfacet
  facet normal -0 0 1
    outer loop
      vertex -179.461 32.6267 3
      vertex -175.129 31.4453 3
      vertex -179.343 33.2435 3
    endloop
  endfacet
  facet normal 0 0 1
    outer loop
      vertex -174.412 -32.3115 3
      vertex -177.179 -36.2216 3
      vertex -176.629 -36.5241 3
    endloop
  endfacet
  facet normal 0 0 1
    outer loop
      vertex -175.129 31.4453 3
      vertex -179.461 32.6267 3
      vertex -175.289 31.1044 3
    endloop
  endfacet
  facet normal 0 0 1
    outer loop
      vertex -174.412 -32.3115 3
      vertex -177.687 -35.8526 3
      vertex -177.179 -36.2216 3
    endloop
  endfacet
  facet normal -0 0 1
    outer loop
      vertex -179.5 32 3
      vertex -175.289 31.1044 3
      vertex -179.461 32.6267 3
    endloop
  endfacet
  facet normal 0 0 1
    outer loop
      vertex -174.687 -32.0536 3
      vertex -178.145 -35.4227 3
      vertex -177.687 -35.8526 3
    endloop
  endfacet
  facet normal 0 0 1
    outer loop
      vertex -175.289 31.1044 3
      vertex -179.5 32 3
      vertex -175.406 30.7461 3
    endloop
  endfacet
  facet normal 0 0 1
    outer loop
      vertex -174.687 -32.0536 3
      vertex -178.545 -34.9389 3
      vertex -178.145 -35.4227 3
    endloop
  endfacet
  facet normal 0 0 1
    outer loop
      vertex -175.406 30.7461 3
      vertex -179.5 32 3
      vertex -175.476 30.376 3
    endloop
  endfacet
  facet normal 0 0 1
    outer loop
      vertex -174.927 -31.7634 3
      vertex -178.882 -34.4088 3
      vertex -178.545 -34.9389 3
    endloop
  endfacet
  facet normal 0 0 1
    outer loop
      vertex -175.476 30.376 3
      vertex -179.5 32 3
      vertex -175.5 30 3
    endloop
  endfacet
  facet normal 0 0 1
    outer loop
      vertex -174.927 -31.7634 3
      vertex -179.149 -33.8406 3
      vertex -178.882 -34.4088 3
    endloop
  endfacet
  facet normal 0 0 1
    outer loop
      vertex -175.129 -31.4453 3
      vertex -179.343 -33.2435 3
      vertex -179.149 -33.8406 3
    endloop
  endfacet
  facet normal 0 0 1
    outer loop
      vertex -175.129 -31.4453 3
      vertex -179.461 -32.6267 3
      vertex -179.343 -33.2435 3
    endloop
  endfacet
  facet normal 0 0 1
    outer loop
      vertex -170.073 16.7634 3
      vertex -171.105 21.9478 3
      vertex -170.313 17.0536 3
    endloop
  endfacet
  facet normal -0 0 1
    outer loop
      vertex -171.186 21.7774 3
      vertex -170.313 17.0536 3
      vertex -171.105 21.9478 3
    endloop
  endfacet
  facet normal 0 0 1
    outer loop
      vertex -170.313 17.0536 3
      vertex -171.186 21.7774 3
      vertex -170.588 17.3115 3
    endloop
  endfacet
  facet normal -0 0 1
    outer loop
      vertex -171.286 21.6183 3
      vertex -170.588 17.3115 3
      vertex -171.186 21.7774 3
    endloop
  endfacet
  facet normal 0 0 1
    outer loop
      vertex -170.588 17.3115 3
      vertex -171.286 21.6183 3
      vertex -170.893 17.533 3
    endloop
  endfacet
  facet normal -0 0 1
    outer loop
      vertex -171.407 21.4732 3
      vertex -170.893 17.533 3
      vertex -171.286 21.6183 3
    endloop
  endfacet
  facet normal -0 0 1
    outer loop
      vertex -171.544 21.3442 3
      vertex -170.893 17.533 3
      vertex -171.407 21.4732 3
    endloop
  endfacet
  facet normal 0 0 1
    outer loop
      vertex -170.893 17.533 3
      vertex -171.544 21.3442 3
      vertex -171.223 17.7145 3
    endloop
  endfacet
  facet normal -0 0 1
    outer loop
      vertex -171.696 21.2335 3
      vertex -171.223 17.7145 3
      vertex -171.544 21.3442 3
    endloop
  endfacet
  facet normal 0 0 1
    outer loop
      vertex -171.223 17.7145 3
      vertex -171.696 21.2335 3
      vertex -171.573 17.8532 3
    endloop
  endfacet
  facet normal -0 0 1
    outer loop
      vertex -171.861 21.1428 3
      vertex -171.573 17.8532 3
      vertex -171.696 21.2335 3
    endloop
  endfacet
  facet normal 0 0 1
    outer loop
      vertex -171.861 21.1428 3
      vertex -171.938 17.9469 3
      vertex -171.573 17.8532 3
    endloop
  endfacet
  facet normal -0 0 1
    outer loop
      vertex -172.036 21.0734 3
      vertex -171.938 17.9469 3
      vertex -171.861 21.1428 3
    endloop
  endfacet
  facet normal -0 0 1
    outer loop
      vertex -172.219 21.0266 3
      vertex -171.938 17.9469 3
      vertex -172.036 21.0734 3
    endloop
  endfacet
  facet normal 0 0 1
    outer loop
      vertex -172.219 21.0266 3
      vertex -172.312 17.9941 3
      vertex -171.938 17.9469 3
    endloop
  endfacet
  facet normal -0 0 1
    outer loop
      vertex -172.406 21.003 3
      vertex -172.312 17.9941 3
      vertex -172.219 21.0266 3
    endloop
  endfacet
  facet normal -0 0 1
    outer loop
      vertex -172.594 21.003 3
      vertex -172.312 17.9941 3
      vertex -172.406 21.003 3
    endloop
  endfacet
  facet normal 0 0 1
    outer loop
      vertex -172.594 21.003 3
      vertex -172.688 17.9941 3
      vertex -172.312 17.9941 3
    endloop
  endfacet
  facet normal 0 0 1
    outer loop
      vertex -172.781 21.0266 3
      vertex -172.688 17.9941 3
      vertex -172.594 21.003 3
    endloop
  endfacet
  facet normal 0 0 1
    outer loop
      vertex -173.062 17.9469 3
      vertex -172.781 21.0266 3
      vertex -172.964 21.0734 3
    endloop
  endfacet
  facet normal 0 0 1
    outer loop
      vertex -172.781 21.0266 3
      vertex -173.062 17.9469 3
      vertex -172.688 17.9941 3
    endloop
  endfacet
  facet normal 0 0 1
    outer loop
      vertex -173.139 21.1428 3
      vertex -173.062 17.9469 3
      vertex -172.964 21.0734 3
    endloop
  endfacet
  facet normal 0 0 1
    outer loop
      vertex -173.427 17.8532 3
      vertex -173.139 21.1428 3
      vertex -173.304 21.2335 3
    endloop
  endfacet
  facet normal 0 0 1
    outer loop
      vertex -173.139 21.1428 3
      vertex -173.427 17.8532 3
      vertex -173.062 17.9469 3
    endloop
  endfacet
  facet normal 0 0 1
    outer loop
      vertex -173.777 17.7145 3
      vertex -173.304 21.2335 3
      vertex -173.456 21.3442 3
    endloop
  endfacet
  facet normal 0 0 1
    outer loop
      vertex -174.107 17.533 3
      vertex -173.456 21.3442 3
      vertex -173.593 21.4732 3
    endloop
  endfacet
  facet normal 0 0 1
    outer loop
      vertex -174.107 17.533 3
      vertex -173.593 21.4732 3
      vertex -173.714 21.6183 3
    endloop
  endfacet
  facet normal 0 0 1
    outer loop
      vertex -173.304 21.2335 3
      vertex -173.777 17.7145 3
      vertex -173.427 17.8532 3
    endloop
  endfacet
  facet normal 0 0 1
    outer loop
      vertex -174.412 17.3115 3
      vertex -173.714 21.6183 3
      vertex -173.814 21.7774 3
    endloop
  endfacet
  facet normal 0 0 1
    outer loop
      vertex -174.687 17.0536 3
      vertex -173.814 21.7774 3
      vertex -173.895 21.9478 3
    endloop
  endfacet
  facet normal 0 0 1
    outer loop
      vertex -174.927 16.7634 3
      vertex -173.895 21.9478 3
      vertex -173.953 22.127 3
    endloop
  endfacet
  facet normal 0 0 1
    outer loop
      vertex -174.927 16.7634 3
      vertex -173.953 22.127 3
      vertex -173.988 22.312 3
    endloop
  endfacet
  facet normal 0 0 1
    outer loop
      vertex -175.129 16.4453 3
      vertex -173.988 22.312 3
      vertex -174 22.5 3
    endloop
  endfacet
  facet normal 0 0 1
    outer loop
      vertex -173.456 21.3442 3
      vertex -174.107 17.533 3
      vertex -173.777 17.7145 3
    endloop
  endfacet
  facet normal 0 0 1
    outer loop
      vertex -173.895 23.0522 3
      vertex -174.927 28.2366 3
      vertex -173.953 22.873 3
    endloop
  endfacet
  facet normal 0 0 1
    outer loop
      vertex -173.953 22.873 3
      vertex -174.927 28.2366 3
      vertex -173.988 22.688 3
    endloop
  endfacet
  facet normal 0 0 1
    outer loop
      vertex -173.714 21.6183 3
      vertex -174.412 17.3115 3
      vertex -174.107 17.533 3
    endloop
  endfacet
  facet normal 0 0 1
    outer loop
      vertex -175.129 28.5547 3
      vertex -173.988 22.688 3
      vertex -174.927 28.2366 3
    endloop
  endfacet
  facet normal 0 0 1
    outer loop
      vertex -173.814 21.7774 3
      vertex -174.687 17.0536 3
      vertex -174.412 17.3115 3
    endloop
  endfacet
  facet normal 0 0 1
    outer loop
      vertex -179.5 32 3
      vertex -173.988 22.688 3
      vertex -175.129 28.5547 3
    endloop
  endfacet
  facet normal 0 0 1
    outer loop
      vertex -173.895 21.9478 3
      vertex -174.927 16.7634 3
      vertex -174.687 17.0536 3
    endloop
  endfacet
  facet normal 0 0 1
    outer loop
      vertex -179.5 32 3
      vertex -175.129 28.5547 3
      vertex -175.289 28.8956 3
    endloop
  endfacet
  facet normal 0 0 1
    outer loop
      vertex -173.988 22.312 3
      vertex -175.129 16.4453 3
      vertex -174.927 16.7634 3
    endloop
  endfacet
  facet normal 0 0 1
    outer loop
      vertex -173.988 22.688 3
      vertex -179.5 32 3
      vertex -174 22.5 3
    endloop
  endfacet
  facet normal 0 0 1
    outer loop
      vertex -179.5 32 3
      vertex -175.129 16.4453 3
      vertex -174 22.5 3
    endloop
  endfacet
  facet normal 0 0 1
    outer loop
      vertex -179.5 32 3
      vertex -175.289 28.8956 3
      vertex -175.406 29.2539 3
    endloop
  endfacet
  facet normal 0 0 1
    outer loop
      vertex -175.129 16.4453 3
      vertex -179.5 32 3
      vertex -175.289 16.1044 3
    endloop
  endfacet
  facet normal 0 0 1
    outer loop
      vertex -179.5 32 3
      vertex -175.406 29.2539 3
      vertex -175.476 29.624 3
    endloop
  endfacet
  facet normal 0 0 1
    outer loop
      vertex -175.289 16.1044 3
      vertex -179.5 32 3
      vertex -175.406 15.7461 3
    endloop
  endfacet
  facet normal 0 0 1
    outer loop
      vertex -179.5 32 3
      vertex -175.476 29.624 3
      vertex -175.5 30 3
    endloop
  endfacet
  facet normal 0 0 1
    outer loop
      vertex -175.406 15.7461 3
      vertex -179.5 32 3
      vertex -175.476 15.376 3
    endloop
  endfacet
  facet normal 0 0 1
    outer loop
      vertex -170.073 1.76336 3
      vertex -171.105 6.94781 3
      vertex -170.313 2.05364 3
    endloop
  endfacet
  facet normal -0 0 1
    outer loop
      vertex -171.186 6.77737 3
      vertex -170.313 2.05364 3
      vertex -171.105 6.94781 3
    endloop
  endfacet
  facet normal 0 0 1
    outer loop
      vertex -170.313 2.05364 3
      vertex -171.186 6.77737 3
      vertex -170.588 2.31154 3
    endloop
  endfacet
  facet normal -0 0 1
    outer loop
      vertex -171.286 6.61832 3
      vertex -170.588 2.31154 3
      vertex -171.186 6.77737 3
    endloop
  endfacet
  facet normal 0 0 1
    outer loop
      vertex -170.588 2.31154 3
      vertex -171.286 6.61832 3
      vertex -170.893 2.53298 3
    endloop
  endfacet
  facet normal -0 0 1
    outer loop
      vertex -171.407 6.47318 3
      vertex -170.893 2.53298 3
      vertex -171.286 6.61832 3
    endloop
  endfacet
  facet normal -0 0 1
    outer loop
      vertex -171.544 6.34423 3
      vertex -170.893 2.53298 3
      vertex -171.407 6.47318 3
    endloop
  endfacet
  facet normal 0 0 1
    outer loop
      vertex -170.893 2.53298 3
      vertex -171.544 6.34423 3
      vertex -171.223 2.71448 3
    endloop
  endfacet
  facet normal -0 0 1
    outer loop
      vertex -171.696 6.23351 3
      vertex -171.223 2.71448 3
      vertex -171.544 6.34423 3
    endloop
  endfacet
  facet normal 0 0 1
    outer loop
      vertex -171.223 2.71448 3
      vertex -171.696 6.23351 3
      vertex -171.573 2.85317 3
    endloop
  endfacet
  facet normal -0 0 1
    outer loop
      vertex -171.861 6.14276 3
      vertex -171.573 2.85317 3
      vertex -171.696 6.23351 3
    endloop
  endfacet
  facet normal 0 0 1
    outer loop
      vertex -171.861 6.14276 3
      vertex -171.938 2.94686 3
      vertex -171.573 2.85317 3
    endloop
  endfacet
  facet normal -0 0 1
    outer loop
      vertex -172.036 6.07341 3
      vertex -171.938 2.94686 3
      vertex -171.861 6.14276 3
    endloop
  endfacet
  facet normal -0 0 1
    outer loop
      vertex -172.219 6.02657 3
      vertex -171.938 2.94686 3
      vertex -172.036 6.07341 3
    endloop
  endfacet
  facet normal 0 0 1
    outer loop
      vertex -172.219 6.02657 3
      vertex -172.312 2.99408 3
      vertex -171.938 2.94686 3
    endloop
  endfacet
  facet normal -0 0 1
    outer loop
      vertex -172.406 6.00296 3
      vertex -172.312 2.99408 3
      vertex -172.219 6.02657 3
    endloop
  endfacet
  facet normal -0 0 1
    outer loop
      vertex -172.594 6.00296 3
      vertex -172.312 2.99408 3
      vertex -172.406 6.00296 3
    endloop
  endfacet
  facet normal 0 0 1
    outer loop
      vertex -172.594 6.00296 3
      vertex -172.688 2.99408 3
      vertex -172.312 2.99408 3
    endloop
  endfacet
  facet normal 0 0 1
    outer loop
      vertex -172.781 6.02657 3
      vertex -172.688 2.99408 3
      vertex -172.594 6.00296 3
    endloop
  endfacet
  facet normal 0 0 1
    outer loop
      vertex -173.062 2.94686 3
      vertex -172.781 6.02657 3
      vertex -172.964 6.07341 3
    endloop
  endfacet
  facet normal 0 0 1
    outer loop
      vertex -172.781 6.02657 3
      vertex -173.062 2.94686 3
      vertex -172.688 2.99408 3
    endloop
  endfacet
  facet normal 0 0 1
    outer loop
      vertex -173.139 6.14276 3
      vertex -173.062 2.94686 3
      vertex -172.964 6.07341 3
    endloop
  endfacet
  facet normal 0 0 1
    outer loop
      vertex -173.427 2.85317 3
      vertex -173.139 6.14276 3
      vertex -173.304 6.23351 3
    endloop
  endfacet
  facet normal 0 0 1
    outer loop
      vertex -173.139 6.14276 3
      vertex -173.427 2.85317 3
      vertex -173.062 2.94686 3
    endloop
  endfacet
  facet normal 0 0 1
    outer loop
      vertex -173.777 2.71448 3
      vertex -173.304 6.23351 3
      vertex -173.456 6.34423 3
    endloop
  endfacet
  facet normal 0 0 1
    outer loop
      vertex -174.107 2.53298 3
      vertex -173.456 6.34423 3
      vertex -173.593 6.47318 3
    endloop
  endfacet
  facet normal 0 0 1
    outer loop
      vertex -174.107 2.53298 3
      vertex -173.593 6.47318 3
      vertex -173.714 6.61832 3
    endloop
  endfacet
  facet normal 0 0 1
    outer loop
      vertex -173.304 6.23351 3
      vertex -173.777 2.71448 3
      vertex -173.427 2.85317 3
    endloop
  endfacet
  facet normal 0 0 1
    outer loop
      vertex -174.412 2.31154 3
      vertex -173.714 6.61832 3
      vertex -173.814 6.77737 3
    endloop
  endfacet
  facet normal 0 0 1
    outer loop
      vertex -174.687 2.05364 3
      vertex -173.814 6.77737 3
      vertex -173.895 6.94781 3
    endloop
  endfacet
  facet normal 0 0 1
    outer loop
      vertex -174.927 1.76336 3
      vertex -173.895 6.94781 3
      vertex -173.953 7.12696 3
    endloop
  endfacet
  facet normal 0 0 1
    outer loop
      vertex -174.927 1.76336 3
      vertex -173.953 7.12696 3
      vertex -173.988 7.312 3
    endloop
  endfacet
  facet normal 0 0 1
    outer loop
      vertex -175.129 1.44526 3
      vertex -173.988 7.312 3
      vertex -174 7.5 3
    endloop
  endfacet
  facet normal 0 0 1
    outer loop
      vertex -173.456 6.34423 3
      vertex -174.107 2.53298 3
      vertex -173.777 2.71448 3
    endloop
  endfacet
  facet normal 0 0 1
    outer loop
      vertex -173.895 8.05219 3
      vertex -174.927 13.2366 3
      vertex -173.953 7.87303 3
    endloop
  endfacet
  facet normal 0 0 1
    outer loop
      vertex -173.953 7.87303 3
      vertex -174.927 13.2366 3
      vertex -173.988 7.688 3
    endloop
  endfacet
  facet normal 0 0 1
    outer loop
      vertex -173.714 6.61832 3
      vertex -174.412 2.31154 3
      vertex -174.107 2.53298 3
    endloop
  endfacet
  facet normal 0 0 1
    outer loop
      vertex -175.129 13.5547 3
      vertex -173.988 7.688 3
      vertex -174.927 13.2366 3
    endloop
  endfacet
  facet normal 0 0 1
    outer loop
      vertex -173.814 6.77737 3
      vertex -174.687 2.05364 3
      vertex -174.412 2.31154 3
    endloop
  endfacet
  facet normal 0 0 1
    outer loop
      vertex -173.988 7.688 3
      vertex -175.129 13.5547 3
      vertex -174 7.5 3
    endloop
  endfacet
  facet normal 0 0 1
    outer loop
      vertex -173.895 6.94781 3
      vertex -174.927 1.76336 3
      vertex -174.687 2.05364 3
    endloop
  endfacet
  facet normal 0 0 1
    outer loop
      vertex -175.289 13.8956 3
      vertex -174 7.5 3
      vertex -175.129 13.5547 3
    endloop
  endfacet
  facet normal 0 0 1
    outer loop
      vertex -173.988 7.312 3
      vertex -175.129 1.44526 3
      vertex -174.927 1.76336 3
    endloop
  endfacet
  facet normal 0 0 1
    outer loop
      vertex -175.289 1.10437 3
      vertex -174 7.5 3
      vertex -175.289 13.8956 3
    endloop
  endfacet
  facet normal 0 0 1
    outer loop
      vertex -174 7.5 3
      vertex -175.289 1.10437 3
      vertex -175.129 1.44526 3
    endloop
  endfacet
  facet normal 0 0 1
    outer loop
      vertex -175.406 14.2539 3
      vertex -175.289 1.10437 3
      vertex -175.289 13.8956 3
    endloop
  endfacet
  facet normal 0 0 1
    outer loop
      vertex -175.406 14.2539 3
      vertex -175.406 0.746069 3
      vertex -175.289 1.10437 3
    endloop
  endfacet
  facet normal 0 0 1
    outer loop
      vertex -175.476 14.624 3
      vertex -175.406 0.746069 3
      vertex -175.406 14.2539 3
    endloop
  endfacet
  facet normal 0 0 1
    outer loop
      vertex -175.476 14.624 3
      vertex -175.476 0.375999 3
      vertex -175.406 0.746069 3
    endloop
  endfacet
  facet normal 0 0 1
    outer loop
      vertex -175.5 15 3
      vertex -175.476 0.375999 3
      vertex -175.476 14.624 3
    endloop
  endfacet
  facet normal 0 0 1
    outer loop
      vertex -175.476 0.375999 3
      vertex -175.5 15 3
      vertex -175.5 0 3
    endloop
  endfacet
  facet normal 0 0 1
    outer loop
      vertex -170.073 -13.2366 3
      vertex -171.105 -8.05219 3
      vertex -170.313 -12.9464 3
    endloop
  endfacet
  facet normal -0 0 1
    outer loop
      vertex -171.186 -8.22263 3
      vertex -170.313 -12.9464 3
      vertex -171.105 -8.05219 3
    endloop
  endfacet
  facet normal 0 0 1
    outer loop
      vertex -170.313 -12.9464 3
      vertex -171.186 -8.22263 3
      vertex -170.588 -12.6885 3
    endloop
  endfacet
  facet normal -0 0 1
    outer loop
      vertex -171.286 -8.38168 3
      vertex -170.588 -12.6885 3
      vertex -171.186 -8.22263 3
    endloop
  endfacet
  facet normal 0 0 1
    outer loop
      vertex -170.588 -12.6885 3
      vertex -171.286 -8.38168 3
      vertex -170.893 -12.467 3
    endloop
  endfacet
  facet normal -0 0 1
    outer loop
      vertex -171.407 -8.52682 3
      vertex -170.893 -12.467 3
      vertex -171.286 -8.38168 3
    endloop
  endfacet
  facet normal -0 0 1
    outer loop
      vertex -171.544 -8.65577 3
      vertex -170.893 -12.467 3
      vertex -171.407 -8.52682 3
    endloop
  endfacet
  facet normal 0 0 1
    outer loop
      vertex -170.893 -12.467 3
      vertex -171.544 -8.65577 3
      vertex -171.223 -12.2855 3
    endloop
  endfacet
  facet normal -0 0 1
    outer loop
      vertex -171.696 -8.76649 3
      vertex -171.223 -12.2855 3
      vertex -171.544 -8.65577 3
    endloop
  endfacet
  facet normal 0 0 1
    outer loop
      vertex -171.223 -12.2855 3
      vertex -171.696 -8.76649 3
      vertex -171.573 -12.1468 3
    endloop
  endfacet
  facet normal -0 0 1
    outer loop
      vertex -171.861 -8.85724 3
      vertex -171.573 -12.1468 3
      vertex -171.696 -8.76649 3
    endloop
  endfacet
  facet normal 0 0 1
    outer loop
      vertex -171.861 -8.85724 3
      vertex -171.938 -12.0531 3
      vertex -171.573 -12.1468 3
    endloop
  endfacet
  facet normal -0 0 1
    outer loop
      vertex -172.036 -8.92658 3
      vertex -171.938 -12.0531 3
      vertex -171.861 -8.85724 3
    endloop
  endfacet
  facet normal -0 0 1
    outer loop
      vertex -172.219 -8.97343 3
      vertex -171.938 -12.0531 3
      vertex -172.036 -8.92658 3
    endloop
  endfacet
  facet normal 0 0 1
    outer loop
      vertex -172.219 -8.97343 3
      vertex -172.312 -12.0059 3
      vertex -171.938 -12.0531 3
    endloop
  endfacet
  facet normal -0 0 1
    outer loop
      vertex -172.406 -8.99704 3
      vertex -172.312 -12.0059 3
      vertex -172.219 -8.97343 3
    endloop
  endfacet
  facet normal -0 0 1
    outer loop
      vertex -172.594 -8.99704 3
      vertex -172.312 -12.0059 3
      vertex -172.406 -8.99704 3
    endloop
  endfacet
  facet normal 0 0 1
    outer loop
      vertex -172.594 -8.99704 3
      vertex -172.688 -12.0059 3
      vertex -172.312 -12.0059 3
    endloop
  endfacet
  facet normal 0 0 1
    outer loop
      vertex -172.781 -8.97343 3
      vertex -172.688 -12.0059 3
      vertex -172.594 -8.99704 3
    endloop
  endfacet
  facet normal 0 0 1
    outer loop
      vertex -173.062 -12.0531 3
      vertex -172.781 -8.97343 3
      vertex -172.964 -8.92658 3
    endloop
  endfacet
  facet normal 0 0 1
    outer loop
      vertex -172.781 -8.97343 3
      vertex -173.062 -12.0531 3
      vertex -172.688 -12.0059 3
    endloop
  endfacet
  facet normal 0 0 1
    outer loop
      vertex -173.139 -8.85724 3
      vertex -173.062 -12.0531 3
      vertex -172.964 -8.92658 3
    endloop
  endfacet
  facet normal 0 0 1
    outer loop
      vertex -173.427 -12.1468 3
      vertex -173.139 -8.85724 3
      vertex -173.304 -8.76649 3
    endloop
  endfacet
  facet normal 0 0 1
    outer loop
      vertex -173.139 -8.85724 3
      vertex -173.427 -12.1468 3
      vertex -173.062 -12.0531 3
    endloop
  endfacet
  facet normal 0 0 1
    outer loop
      vertex -173.777 -12.2855 3
      vertex -173.304 -8.76649 3
      vertex -173.456 -8.65577 3
    endloop
  endfacet
  facet normal 0 0 1
    outer loop
      vertex -174.107 -12.467 3
      vertex -173.456 -8.65577 3
      vertex -173.593 -8.52682 3
    endloop
  endfacet
  facet normal 0 0 1
    outer loop
      vertex -174.107 -12.467 3
      vertex -173.593 -8.52682 3
      vertex -173.714 -8.38168 3
    endloop
  endfacet
  facet normal 0 0 1
    outer loop
      vertex -173.304 -8.76649 3
      vertex -173.777 -12.2855 3
      vertex -173.427 -12.1468 3
    endloop
  endfacet
  facet normal 0 0 1
    outer loop
      vertex -174.412 -12.6885 3
      vertex -173.714 -8.38168 3
      vertex -173.814 -8.22263 3
    endloop
  endfacet
  facet normal 0 0 1
    outer loop
      vertex -174.687 -12.9464 3
      vertex -173.814 -8.22263 3
      vertex -173.895 -8.05219 3
    endloop
  endfacet
  facet normal 0 0 1
    outer loop
      vertex -174.927 -13.2366 3
      vertex -173.895 -8.05219 3
      vertex -173.953 -7.87303 3
    endloop
  endfacet
  facet normal 0 0 1
    outer loop
      vertex -174.927 -13.2366 3
      vertex -173.953 -7.87303 3
      vertex -173.988 -7.688 3
    endloop
  endfacet
  facet normal 0 0 1
    outer loop
      vertex -175.129 -13.5547 3
      vertex -173.988 -7.688 3
      vertex -174 -7.5 3
    endloop
  endfacet
  facet normal 0 0 1
    outer loop
      vertex -173.456 -8.65577 3
      vertex -174.107 -12.467 3
      vertex -173.777 -12.2855 3
    endloop
  endfacet
  facet normal 0 0 1
    outer loop
      vertex -173.895 -6.94781 3
      vertex -174.927 -1.76336 3
      vertex -173.953 -7.12696 3
    endloop
  endfacet
  facet normal 0 0 1
    outer loop
      vertex -173.953 -7.12696 3
      vertex -174.927 -1.76336 3
      vertex -173.988 -7.312 3
    endloop
  endfacet
  facet normal 0 0 1
    outer loop
      vertex -173.714 -8.38168 3
      vertex -174.412 -12.6885 3
      vertex -174.107 -12.467 3
    endloop
  endfacet
  facet normal 0 0 1
    outer loop
      vertex -175.129 -1.44526 3
      vertex -173.988 -7.312 3
      vertex -174.927 -1.76336 3
    endloop
  endfacet
  facet normal 0 0 1
    outer loop
      vertex -173.814 -8.22263 3
      vertex -174.687 -12.9464 3
      vertex -174.412 -12.6885 3
    endloop
  endfacet
  facet normal 0 0 1
    outer loop
      vertex -173.988 -7.312 3
      vertex -175.129 -1.44526 3
      vertex -174 -7.5 3
    endloop
  endfacet
  facet normal 0 0 1
    outer loop
      vertex -173.895 -8.05219 3
      vertex -174.927 -13.2366 3
      vertex -174.687 -12.9464 3
    endloop
  endfacet
  facet normal 0 0 1
    outer loop
      vertex -175.289 -1.10437 3
      vertex -174 -7.5 3
      vertex -175.129 -1.44526 3
    endloop
  endfacet
  facet normal 0 0 1
    outer loop
      vertex -173.988 -7.688 3
      vertex -175.129 -13.5547 3
      vertex -174.927 -13.2366 3
    endloop
  endfacet
  facet normal 0 0 1
    outer loop
      vertex -175.289 -13.8956 3
      vertex -174 -7.5 3
      vertex -175.289 -1.10437 3
    endloop
  endfacet
  facet normal 0 0 1
    outer loop
      vertex -174 -7.5 3
      vertex -175.289 -13.8956 3
      vertex -175.129 -13.5547 3
    endloop
  endfacet
  facet normal 0 0 1
    outer loop
      vertex -175.406 -0.746069 3
      vertex -175.289 -13.8956 3
      vertex -175.289 -1.10437 3
    endloop
  endfacet
  facet normal 0 0 1
    outer loop
      vertex -175.406 -0.746069 3
      vertex -175.406 -14.2539 3
      vertex -175.289 -13.8956 3
    endloop
  endfacet
  facet normal 0 0 1
    outer loop
      vertex -175.476 -0.375999 3
      vertex -175.406 -14.2539 3
      vertex -175.406 -0.746069 3
    endloop
  endfacet
  facet normal 0 0 1
    outer loop
      vertex -175.476 -0.375999 3
      vertex -175.476 -14.624 3
      vertex -175.406 -14.2539 3
    endloop
  endfacet
  facet normal 0 0 1
    outer loop
      vertex -175.5 0 3
      vertex -175.476 -14.624 3
      vertex -175.476 -0.375999 3
    endloop
  endfacet
  facet normal 0 0 1
    outer loop
      vertex -175.476 -14.624 3
      vertex -175.5 0 3
      vertex -175.5 -15 3
    endloop
  endfacet
  facet normal 0 0 1
    outer loop
      vertex -170.073 -28.2366 3
      vertex -171.105 -23.0522 3
      vertex -170.313 -27.9464 3
    endloop
  endfacet
  facet normal -0 0 1
    outer loop
      vertex -171.186 -23.2226 3
      vertex -170.313 -27.9464 3
      vertex -171.105 -23.0522 3
    endloop
  endfacet
  facet normal 0 0 1
    outer loop
      vertex -170.313 -27.9464 3
      vertex -171.186 -23.2226 3
      vertex -170.588 -27.6885 3
    endloop
  endfacet
  facet normal -0 0 1
    outer loop
      vertex -171.286 -23.3817 3
      vertex -170.588 -27.6885 3
      vertex -171.186 -23.2226 3
    endloop
  endfacet
  facet normal 0 0 1
    outer loop
      vertex -170.588 -27.6885 3
      vertex -171.286 -23.3817 3
      vertex -170.893 -27.467 3
    endloop
  endfacet
  facet normal -0 0 1
    outer loop
      vertex -171.407 -23.5268 3
      vertex -170.893 -27.467 3
      vertex -171.286 -23.3817 3
    endloop
  endfacet
  facet normal -0 0 1
    outer loop
      vertex -171.544 -23.6558 3
      vertex -170.893 -27.467 3
      vertex -171.407 -23.5268 3
    endloop
  endfacet
  facet normal 0 0 1
    outer loop
      vertex -170.893 -27.467 3
      vertex -171.544 -23.6558 3
      vertex -171.223 -27.2855 3
    endloop
  endfacet
  facet normal -0 0 1
    outer loop
      vertex -171.696 -23.7665 3
      vertex -171.223 -27.2855 3
      vertex -171.544 -23.6558 3
    endloop
  endfacet
  facet normal 0 0 1
    outer loop
      vertex -171.223 -27.2855 3
      vertex -171.696 -23.7665 3
      vertex -171.573 -27.1468 3
    endloop
  endfacet
  facet normal -0 0 1
    outer loop
      vertex -171.861 -23.8572 3
      vertex -171.573 -27.1468 3
      vertex -171.696 -23.7665 3
    endloop
  endfacet
  facet normal 0 0 1
    outer loop
      vertex -171.861 -23.8572 3
      vertex -171.938 -27.0531 3
      vertex -171.573 -27.1468 3
    endloop
  endfacet
  facet normal -0 0 1
    outer loop
      vertex -172.036 -23.9266 3
      vertex -171.938 -27.0531 3
      vertex -171.861 -23.8572 3
    endloop
  endfacet
  facet normal -0 0 1
    outer loop
      vertex -172.219 -23.9734 3
      vertex -171.938 -27.0531 3
      vertex -172.036 -23.9266 3
    endloop
  endfacet
  facet normal 0 0 1
    outer loop
      vertex -172.219 -23.9734 3
      vertex -172.312 -27.0059 3
      vertex -171.938 -27.0531 3
    endloop
  endfacet
  facet normal -0 0 1
    outer loop
      vertex -172.406 -23.997 3
      vertex -172.312 -27.0059 3
      vertex -172.219 -23.9734 3
    endloop
  endfacet
  facet normal -0 0 1
    outer loop
      vertex -172.594 -23.997 3
      vertex -172.312 -27.0059 3
      vertex -172.406 -23.997 3
    endloop
  endfacet
  facet normal 0 0 1
    outer loop
      vertex -172.594 -23.997 3
      vertex -172.688 -27.0059 3
      vertex -172.312 -27.0059 3
    endloop
  endfacet
  facet normal 0 0 1
    outer loop
      vertex -172.781 -23.9734 3
      vertex -172.688 -27.0059 3
      vertex -172.594 -23.997 3
    endloop
  endfacet
  facet normal 0 0 1
    outer loop
      vertex -173.062 -27.0531 3
      vertex -172.781 -23.9734 3
      vertex -172.964 -23.9266 3
    endloop
  endfacet
  facet normal 0 0 1
    outer loop
      vertex -172.781 -23.9734 3
      vertex -173.062 -27.0531 3
      vertex -172.688 -27.0059 3
    endloop
  endfacet
  facet normal 0 0 1
    outer loop
      vertex -173.139 -23.8572 3
      vertex -173.062 -27.0531 3
      vertex -172.964 -23.9266 3
    endloop
  endfacet
  facet normal 0 0 1
    outer loop
      vertex -173.427 -27.1468 3
      vertex -173.139 -23.8572 3
      vertex -173.304 -23.7665 3
    endloop
  endfacet
  facet normal 0 0 1
    outer loop
      vertex -173.139 -23.8572 3
      vertex -173.427 -27.1468 3
      vertex -173.062 -27.0531 3
    endloop
  endfacet
  facet normal 0 0 1
    outer loop
      vertex -173.777 -27.2855 3
      vertex -173.304 -23.7665 3
      vertex -173.456 -23.6558 3
    endloop
  endfacet
  facet normal 0 0 1
    outer loop
      vertex -174.107 -27.467 3
      vertex -173.456 -23.6558 3
      vertex -173.593 -23.5268 3
    endloop
  endfacet
  facet normal 0 0 1
    outer loop
      vertex -174.107 -27.467 3
      vertex -173.593 -23.5268 3
      vertex -173.714 -23.3817 3
    endloop
  endfacet
  facet normal 0 0 1
    outer loop
      vertex -173.304 -23.7665 3
      vertex -173.777 -27.2855 3
      vertex -173.427 -27.1468 3
    endloop
  endfacet
  facet normal 0 0 1
    outer loop
      vertex -174.412 -27.6885 3
      vertex -173.714 -23.3817 3
      vertex -173.814 -23.2226 3
    endloop
  endfacet
  facet normal 0 0 1
    outer loop
      vertex -174.687 -27.9464 3
      vertex -173.814 -23.2226 3
      vertex -173.895 -23.0522 3
    endloop
  endfacet
  facet normal 0 0 1
    outer loop
      vertex -174.927 -28.2366 3
      vertex -173.895 -23.0522 3
      vertex -173.953 -22.873 3
    endloop
  endfacet
  facet normal 0 0 1
    outer loop
      vertex -174.927 -28.2366 3
      vertex -173.953 -22.873 3
      vertex -173.988 -22.688 3
    endloop
  endfacet
  facet normal 0 0 1
    outer loop
      vertex -175.129 -28.5547 3
      vertex -173.988 -22.688 3
      vertex -174 -22.5 3
    endloop
  endfacet
  facet normal 0 0 1
    outer loop
      vertex -173.456 -23.6558 3
      vertex -174.107 -27.467 3
      vertex -173.777 -27.2855 3
    endloop
  endfacet
  facet normal 0 0 1
    outer loop
      vertex -173.895 -21.9478 3
      vertex -174.927 -16.7634 3
      vertex -173.953 -22.127 3
    endloop
  endfacet
  facet normal 0 0 1
    outer loop
      vertex -173.953 -22.127 3
      vertex -174.927 -16.7634 3
      vertex -173.988 -22.312 3
    endloop
  endfacet
  facet normal 0 0 1
    outer loop
      vertex -173.714 -23.3817 3
      vertex -174.412 -27.6885 3
      vertex -174.107 -27.467 3
    endloop
  endfacet
  facet normal 0 0 1
    outer loop
      vertex -175.129 -16.4453 3
      vertex -173.988 -22.312 3
      vertex -174.927 -16.7634 3
    endloop
  endfacet
  facet normal 0 0 1
    outer loop
      vertex -173.814 -23.2226 3
      vertex -174.687 -27.9464 3
      vertex -174.412 -27.6885 3
    endloop
  endfacet
  facet normal 0 0 1
    outer loop
      vertex -173.988 -22.312 3
      vertex -175.129 -16.4453 3
      vertex -174 -22.5 3
    endloop
  endfacet
  facet normal 0 0 1
    outer loop
      vertex -173.895 -23.0522 3
      vertex -174.927 -28.2366 3
      vertex -174.687 -27.9464 3
    endloop
  endfacet
  facet normal 0 0 1
    outer loop
      vertex -175.289 -16.1044 3
      vertex -174 -22.5 3
      vertex -175.129 -16.4453 3
    endloop
  endfacet
  facet normal 0 0 1
    outer loop
      vertex -173.988 -22.688 3
      vertex -175.129 -28.5547 3
      vertex -174.927 -28.2366 3
    endloop
  endfacet
  facet normal 0 0 1
    outer loop
      vertex -175.289 -28.8956 3
      vertex -174 -22.5 3
      vertex -175.289 -16.1044 3
    endloop
  endfacet
  facet normal 0 0 1
    outer loop
      vertex -174 -22.5 3
      vertex -175.289 -28.8956 3
      vertex -175.129 -28.5547 3
    endloop
  endfacet
  facet normal 0 0 1
    outer loop
      vertex -175.406 -15.7461 3
      vertex -175.289 -28.8956 3
      vertex -175.289 -16.1044 3
    endloop
  endfacet
  facet normal 0 0 1
    outer loop
      vertex -175.406 -15.7461 3
      vertex -175.406 -29.2539 3
      vertex -175.289 -28.8956 3
    endloop
  endfacet
  facet normal 0 0 1
    outer loop
      vertex -175.476 -15.376 3
      vertex -175.406 -29.2539 3
      vertex -175.406 -15.7461 3
    endloop
  endfacet
  facet normal 0 0 1
    outer loop
      vertex -175.476 -15.376 3
      vertex -175.476 -29.624 3
      vertex -175.406 -29.2539 3
    endloop
  endfacet
  facet normal 0 0 1
    outer loop
      vertex -175.5 -15 3
      vertex -175.476 -29.624 3
      vertex -175.476 -15.376 3
    endloop
  endfacet
  facet normal 0 0 1
    outer loop
      vertex -175.476 -29.624 3
      vertex -175.5 -15 3
      vertex -175.5 -30 3
    endloop
  endfacet
  facet normal 0.12521 -0.99213 0
    outer loop
      vertex -173.062 -27.0531 0
      vertex -172.688 -27.0059 3
      vertex -173.062 -27.0531 3
    endloop
  endfacet
  facet normal 0.12521 -0.99213 0
    outer loop
      vertex -172.688 -27.0059 3
      vertex -173.062 -27.0531 0
      vertex -172.688 -27.0059 0
    endloop
  endfacet
  facet normal -0.997969 0.0637002 0
    outer loop
      vertex -169.524 -30.376 0
      vertex -169.5 -30 3
      vertex -169.5 -30 0
    endloop
  endfacet
  facet normal -0.997969 0.0637002 0
    outer loop
      vertex -169.5 -30 3
      vertex -169.524 -30.376 0
      vertex -169.524 -30.376 3
    endloop
  endfacet
  facet normal -0.77061 0.637307 0
    outer loop
      vertex -170.313 -32.0536 0
      vertex -170.073 -31.7634 3
      vertex -170.073 -31.7634 0
    endloop
  endfacet
  facet normal -0.77061 0.637307 0
    outer loop
      vertex -170.073 -31.7634 3
      vertex -170.313 -32.0536 0
      vertex -170.313 -32.0536 3
    endloop
  endfacet
  facet normal -0.982579 0.185843 0
    outer loop
      vertex -169.594 -30.7461 0
      vertex -169.524 -30.376 3
      vertex -169.524 -30.376 0
    endloop
  endfacet
  facet normal -0.982579 0.185843 0
    outer loop
      vertex -169.524 -30.376 3
      vertex -169.594 -30.7461 0
      vertex -169.594 -30.7461 3
    endloop
  endfacet
  facet normal 0.905252 0.424876 0
    outer loop
      vertex -175.129 -31.4453 3
      vertex -175.289 -31.1044 0
      vertex -175.289 -31.1044 3
    endloop
  endfacet
  facet normal 0.905252 0.424876 0
    outer loop
      vertex -175.289 -31.1044 0
      vertex -175.129 -31.4453 3
      vertex -175.129 -31.4453 0
    endloop
  endfacet
  facet normal 0 0 -1
    outer loop
      vertex -169.524 15.376 0
      vertex -169.5 30 0
      vertex -169.5 15 0
    endloop
  endfacet
  facet normal 0 0 -1
    outer loop
      vertex -169.524 15.376 0
      vertex -169.524 29.624 0
      vertex -169.5 30 0
    endloop
  endfacet
  facet normal 0 0 -1
    outer loop
      vertex -169.594 15.7461 0
      vertex -169.524 29.624 0
      vertex -169.524 15.376 0
    endloop
  endfacet
  facet normal 0 0 -1
    outer loop
      vertex -169.594 15.7461 0
      vertex -169.594 29.2539 0
      vertex -169.524 29.624 0
    endloop
  endfacet
  facet normal 0 0 -1
    outer loop
      vertex -169.711 16.1044 0
      vertex -169.594 29.2539 0
      vertex -169.594 15.7461 0
    endloop
  endfacet
  facet normal 0 0 -1
    outer loop
      vertex -169.711 16.1044 0
      vertex -169.711 28.8956 0
      vertex -169.594 29.2539 0
    endloop
  endfacet
  facet normal 0 0 -1
    outer loop
      vertex -171 22.5 0
      vertex -169.711 16.1044 0
      vertex -169.871 16.4453 0
    endloop
  endfacet
  facet normal 0 0 -1
    outer loop
      vertex -169.711 16.1044 0
      vertex -171 22.5 0
      vertex -169.711 28.8956 0
    endloop
  endfacet
  facet normal 0 0 -1
    outer loop
      vertex -171.012 22.312 0
      vertex -169.871 16.4453 0
      vertex -170.073 16.7634 0
    endloop
  endfacet
  facet normal 0 0 -1
    outer loop
      vertex -169.711 28.8956 0
      vertex -171 22.5 0
      vertex -169.871 28.5547 0
    endloop
  endfacet
  facet normal 0 0 -1
    outer loop
      vertex -171.105 21.9478 0
      vertex -170.073 16.7634 0
      vertex -170.313 17.0536 0
    endloop
  endfacet
  facet normal 0 0 -1
    outer loop
      vertex -171.012 22.688 0
      vertex -169.871 28.5547 0
      vertex -171 22.5 0
    endloop
  endfacet
  facet normal 0 0 -1
    outer loop
      vertex -171.186 21.7774 0
      vertex -170.313 17.0536 0
      vertex -170.588 17.3115 0
    endloop
  endfacet
  facet normal 0 0 -1
    outer loop
      vertex -169.871 28.5547 0
      vertex -171.012 22.688 0
      vertex -170.073 28.2366 0
    endloop
  endfacet
  facet normal 0 0 -1
    outer loop
      vertex -171.286 21.6183 0
      vertex -170.588 17.3115 0
      vertex -170.893 17.533 0
    endloop
  endfacet
  facet normal 0 0 -1
    outer loop
      vertex -171.047 22.873 0
      vertex -170.073 28.2366 0
      vertex -171.012 22.688 0
    endloop
  endfacet
  facet normal 0 0 -1
    outer loop
      vertex -171.105 23.0522 0
      vertex -170.073 28.2366 0
      vertex -171.047 22.873 0
    endloop
  endfacet
  facet normal 0 0 -1
    outer loop
      vertex -169.871 16.4453 0
      vertex -171.012 22.312 0
      vertex -171 22.5 0
    endloop
  endfacet
  facet normal 0 0 -1
    outer loop
      vertex -170.073 16.7634 0
      vertex -171.047 22.127 0
      vertex -171.012 22.312 0
    endloop
  endfacet
  facet normal 0 0 -1
    outer loop
      vertex -170.073 16.7634 0
      vertex -171.105 21.9478 0
      vertex -171.047 22.127 0
    endloop
  endfacet
  facet normal 0 0 -1
    outer loop
      vertex -170.313 17.0536 0
      vertex -171.186 21.7774 0
      vertex -171.105 21.9478 0
    endloop
  endfacet
  facet normal 0 0 -1
    outer loop
      vertex -171.544 21.3442 0
      vertex -170.893 17.533 0
      vertex -171.223 17.7145 0
    endloop
  endfacet
  facet normal 0 0 -1
    outer loop
      vertex -170.588 17.3115 0
      vertex -171.286 21.6183 0
      vertex -171.186 21.7774 0
    endloop
  endfacet
  facet normal 0 0 -1
    outer loop
      vertex -170.893 17.533 0
      vertex -171.407 21.4732 0
      vertex -171.286 21.6183 0
    endloop
  endfacet
  facet normal 0 0 -1
    outer loop
      vertex -170.893 17.533 0
      vertex -171.544 21.3442 0
      vertex -171.407 21.4732 0
    endloop
  endfacet
  facet normal 0 0 -1
    outer loop
      vertex -171.696 21.2335 0
      vertex -171.223 17.7145 0
      vertex -171.573 17.8532 0
    endloop
  endfacet
  facet normal 0 0 -1
    outer loop
      vertex -171.223 17.7145 0
      vertex -171.696 21.2335 0
      vertex -171.544 21.3442 0
    endloop
  endfacet
  facet normal 0 0 -1
    outer loop
      vertex -171.573 17.8532 0
      vertex -171.861 21.1428 0
      vertex -171.696 21.2335 0
    endloop
  endfacet
  facet normal 0 0 -1
    outer loop
      vertex -171.938 17.9469 0
      vertex -171.861 21.1428 0
      vertex -171.573 17.8532 0
    endloop
  endfacet
  facet normal 0 0 -1
    outer loop
      vertex -171.938 17.9469 0
      vertex -172.036 21.0734 0
      vertex -171.861 21.1428 0
    endloop
  endfacet
  facet normal 0 0 -1
    outer loop
      vertex -171.938 17.9469 0
      vertex -172.219 21.0266 0
      vertex -172.036 21.0734 0
    endloop
  endfacet
  facet normal 0 0 -1
    outer loop
      vertex -172.312 17.9941 0
      vertex -172.219 21.0266 0
      vertex -171.938 17.9469 0
    endloop
  endfacet
  facet normal 0 0 -1
    outer loop
      vertex -172.312 17.9941 0
      vertex -172.406 21.003 0
      vertex -172.219 21.0266 0
    endloop
  endfacet
  facet normal 0 0 -1
    outer loop
      vertex -172.312 17.9941 0
      vertex -172.594 21.003 0
      vertex -172.406 21.003 0
    endloop
  endfacet
  facet normal 0 0 -1
    outer loop
      vertex -172.688 17.9941 0
      vertex -172.594 21.003 0
      vertex -172.312 17.9941 0
    endloop
  endfacet
  facet normal 0 0 -1
    outer loop
      vertex -172.688 17.9941 0
      vertex -172.781 21.0266 0
      vertex -172.594 21.003 0
    endloop
  endfacet
  facet normal 0 0 -1
    outer loop
      vertex -173.062 17.9469 0
      vertex -172.781 21.0266 0
      vertex -172.688 17.9941 0
    endloop
  endfacet
  facet normal -0 0 -1
    outer loop
      vertex -172.781 21.0266 0
      vertex -173.062 17.9469 0
      vertex -172.964 21.0734 0
    endloop
  endfacet
  facet normal 0 0 -1
    outer loop
      vertex -173.062 17.9469 0
      vertex -173.139 21.1428 0
      vertex -172.964 21.0734 0
    endloop
  endfacet
  facet normal 0 0 -1
    outer loop
      vertex -173.427 17.8532 0
      vertex -173.139 21.1428 0
      vertex -173.062 17.9469 0
    endloop
  endfacet
  facet normal -0 0 -1
    outer loop
      vertex -173.139 21.1428 0
      vertex -173.427 17.8532 0
      vertex -173.304 21.2335 0
    endloop
  endfacet
  facet normal 0 0 -1
    outer loop
      vertex -173.777 17.7145 0
      vertex -173.304 21.2335 0
      vertex -173.427 17.8532 0
    endloop
  endfacet
  facet normal -0 0 -1
    outer loop
      vertex -173.304 21.2335 0
      vertex -173.777 17.7145 0
      vertex -173.456 21.3442 0
    endloop
  endfacet
  facet normal 0 0 -1
    outer loop
      vertex -174.107 17.533 0
      vertex -173.456 21.3442 0
      vertex -173.777 17.7145 0
    endloop
  endfacet
  facet normal -0 0 -1
    outer loop
      vertex -173.456 21.3442 0
      vertex -174.107 17.533 0
      vertex -173.593 21.4732 0
    endloop
  endfacet
  facet normal -0 0 -1
    outer loop
      vertex -173.593 21.4732 0
      vertex -174.107 17.533 0
      vertex -173.714 21.6183 0
    endloop
  endfacet
  facet normal 0 0 -1
    outer loop
      vertex -174.412 17.3115 0
      vertex -173.714 21.6183 0
      vertex -174.107 17.533 0
    endloop
  endfacet
  facet normal -0 0 -1
    outer loop
      vertex -173.714 21.6183 0
      vertex -174.412 17.3115 0
      vertex -173.814 21.7774 0
    endloop
  endfacet
  facet normal 0 0 -1
    outer loop
      vertex -174.687 17.0536 0
      vertex -173.814 21.7774 0
      vertex -174.412 17.3115 0
    endloop
  endfacet
  facet normal -0 0 -1
    outer loop
      vertex -173.814 21.7774 0
      vertex -174.687 17.0536 0
      vertex -173.895 21.9478 0
    endloop
  endfacet
  facet normal 0 0 -1
    outer loop
      vertex -174.927 16.7634 0
      vertex -173.895 21.9478 0
      vertex -174.687 17.0536 0
    endloop
  endfacet
  facet normal 0 0 -1
    outer loop
      vertex -169.524 0.375999 0
      vertex -169.5 15 0
      vertex -169.5 0 0
    endloop
  endfacet
  facet normal 0 0 -1
    outer loop
      vertex -169.524 0.375999 0
      vertex -169.524 14.624 0
      vertex -169.5 15 0
    endloop
  endfacet
  facet normal 0 0 -1
    outer loop
      vertex -169.594 0.746069 0
      vertex -169.524 14.624 0
      vertex -169.524 0.375999 0
    endloop
  endfacet
  facet normal 0 0 -1
    outer loop
      vertex -169.594 0.746069 0
      vertex -169.594 14.2539 0
      vertex -169.524 14.624 0
    endloop
  endfacet
  facet normal 0 0 -1
    outer loop
      vertex -169.711 1.10437 0
      vertex -169.594 14.2539 0
      vertex -169.594 0.746069 0
    endloop
  endfacet
  facet normal 0 0 -1
    outer loop
      vertex -169.711 1.10437 0
      vertex -169.711 13.8956 0
      vertex -169.594 14.2539 0
    endloop
  endfacet
  facet normal 0 0 -1
    outer loop
      vertex -171 7.5 0
      vertex -169.711 1.10437 0
      vertex -169.871 1.44526 0
    endloop
  endfacet
  facet normal 0 0 -1
    outer loop
      vertex -169.711 1.10437 0
      vertex -171 7.5 0
      vertex -169.711 13.8956 0
    endloop
  endfacet
  facet normal 0 0 -1
    outer loop
      vertex -171.012 7.312 0
      vertex -169.871 1.44526 0
      vertex -170.073 1.76336 0
    endloop
  endfacet
  facet normal 0 0 -1
    outer loop
      vertex -169.711 13.8956 0
      vertex -171 7.5 0
      vertex -169.871 13.5547 0
    endloop
  endfacet
  facet normal 0 0 -1
    outer loop
      vertex -171.105 6.94781 0
      vertex -170.073 1.76336 0
      vertex -170.313 2.05364 0
    endloop
  endfacet
  facet normal 0 0 -1
    outer loop
      vertex -171.012 7.688 0
      vertex -169.871 13.5547 0
      vertex -171 7.5 0
    endloop
  endfacet
  facet normal 0 0 -1
    outer loop
      vertex -171.186 6.77737 0
      vertex -170.313 2.05364 0
      vertex -170.588 2.31154 0
    endloop
  endfacet
  facet normal 0 0 -1
    outer loop
      vertex -169.871 13.5547 0
      vertex -171.012 7.688 0
      vertex -170.073 13.2366 0
    endloop
  endfacet
  facet normal 0 0 -1
    outer loop
      vertex -171.286 6.61832 0
      vertex -170.588 2.31154 0
      vertex -170.893 2.53298 0
    endloop
  endfacet
  facet normal 0 0 -1
    outer loop
      vertex -171.047 7.87303 0
      vertex -170.073 13.2366 0
      vertex -171.012 7.688 0
    endloop
  endfacet
  facet normal 0 0 -1
    outer loop
      vertex -171.105 8.05219 0
      vertex -170.073 13.2366 0
      vertex -171.047 7.87303 0
    endloop
  endfacet
  facet normal 0 0 -1
    outer loop
      vertex -169.871 1.44526 0
      vertex -171.012 7.312 0
      vertex -171 7.5 0
    endloop
  endfacet
  facet normal 0 0 -1
    outer loop
      vertex -170.073 1.76336 0
      vertex -171.047 7.12696 0
      vertex -171.012 7.312 0
    endloop
  endfacet
  facet normal 0 0 -1
    outer loop
      vertex -170.073 1.76336 0
      vertex -171.105 6.94781 0
      vertex -171.047 7.12696 0
    endloop
  endfacet
  facet normal 0 0 -1
    outer loop
      vertex -170.313 2.05364 0
      vertex -171.186 6.77737 0
      vertex -171.105 6.94781 0
    endloop
  endfacet
  facet normal 0 0 -1
    outer loop
      vertex -171.544 6.34423 0
      vertex -170.893 2.53298 0
      vertex -171.223 2.71448 0
    endloop
  endfacet
  facet normal 0 0 -1
    outer loop
      vertex -170.588 2.31154 0
      vertex -171.286 6.61832 0
      vertex -171.186 6.77737 0
    endloop
  endfacet
  facet normal 0 0 -1
    outer loop
      vertex -170.893 2.53298 0
      vertex -171.407 6.47318 0
      vertex -171.286 6.61832 0
    endloop
  endfacet
  facet normal 0 0 -1
    outer loop
      vertex -170.893 2.53298 0
      vertex -171.544 6.34423 0
      vertex -171.407 6.47318 0
    endloop
  endfacet
  facet normal 0 0 -1
    outer loop
      vertex -171.696 6.23351 0
      vertex -171.223 2.71448 0
      vertex -171.573 2.85317 0
    endloop
  endfacet
  facet normal 0 0 -1
    outer loop
      vertex -171.223 2.71448 0
      vertex -171.696 6.23351 0
      vertex -171.544 6.34423 0
    endloop
  endfacet
  facet normal 0 0 -1
    outer loop
      vertex -171.573 2.85317 0
      vertex -171.861 6.14276 0
      vertex -171.696 6.23351 0
    endloop
  endfacet
  facet normal 0 0 -1
    outer loop
      vertex -171.938 2.94686 0
      vertex -171.861 6.14276 0
      vertex -171.573 2.85317 0
    endloop
  endfacet
  facet normal 0 0 -1
    outer loop
      vertex -171.938 2.94686 0
      vertex -172.036 6.07341 0
      vertex -171.861 6.14276 0
    endloop
  endfacet
  facet normal 0 0 -1
    outer loop
      vertex -171.938 2.94686 0
      vertex -172.219 6.02657 0
      vertex -172.036 6.07341 0
    endloop
  endfacet
  facet normal 0 0 -1
    outer loop
      vertex -172.312 2.99408 0
      vertex -172.219 6.02657 0
      vertex -171.938 2.94686 0
    endloop
  endfacet
  facet normal 0 0 -1
    outer loop
      vertex -172.312 2.99408 0
      vertex -172.406 6.00296 0
      vertex -172.219 6.02657 0
    endloop
  endfacet
  facet normal 0 0 -1
    outer loop
      vertex -172.312 2.99408 0
      vertex -172.594 6.00296 0
      vertex -172.406 6.00296 0
    endloop
  endfacet
  facet normal 0 0 -1
    outer loop
      vertex -172.688 2.99408 0
      vertex -172.594 6.00296 0
      vertex -172.312 2.99408 0
    endloop
  endfacet
  facet normal 0 0 -1
    outer loop
      vertex -172.688 2.99408 0
      vertex -172.781 6.02657 0
      vertex -172.594 6.00296 0
    endloop
  endfacet
  facet normal 0 0 -1
    outer loop
      vertex -173.062 2.94686 0
      vertex -172.781 6.02657 0
      vertex -172.688 2.99408 0
    endloop
  endfacet
  facet normal -0 0 -1
    outer loop
      vertex -172.781 6.02657 0
      vertex -173.062 2.94686 0
      vertex -172.964 6.07341 0
    endloop
  endfacet
  facet normal 0 0 -1
    outer loop
      vertex -173.062 2.94686 0
      vertex -173.139 6.14276 0
      vertex -172.964 6.07341 0
    endloop
  endfacet
  facet normal 0 0 -1
    outer loop
      vertex -173.427 2.85317 0
      vertex -173.139 6.14276 0
      vertex -173.062 2.94686 0
    endloop
  endfacet
  facet normal -0 0 -1
    outer loop
      vertex -173.139 6.14276 0
      vertex -173.427 2.85317 0
      vertex -173.304 6.23351 0
    endloop
  endfacet
  facet normal 0 0 -1
    outer loop
      vertex -173.777 2.71448 0
      vertex -173.304 6.23351 0
      vertex -173.427 2.85317 0
    endloop
  endfacet
  facet normal -0 0 -1
    outer loop
      vertex -173.304 6.23351 0
      vertex -173.777 2.71448 0
      vertex -173.456 6.34423 0
    endloop
  endfacet
  facet normal 0 0 -1
    outer loop
      vertex -174.107 2.53298 0
      vertex -173.456 6.34423 0
      vertex -173.777 2.71448 0
    endloop
  endfacet
  facet normal -0 0 -1
    outer loop
      vertex -173.456 6.34423 0
      vertex -174.107 2.53298 0
      vertex -173.593 6.47318 0
    endloop
  endfacet
  facet normal -0 0 -1
    outer loop
      vertex -173.593 6.47318 0
      vertex -174.107 2.53298 0
      vertex -173.714 6.61832 0
    endloop
  endfacet
  facet normal 0 0 -1
    outer loop
      vertex -174.412 2.31154 0
      vertex -173.714 6.61832 0
      vertex -174.107 2.53298 0
    endloop
  endfacet
  facet normal -0 0 -1
    outer loop
      vertex -173.714 6.61832 0
      vertex -174.412 2.31154 0
      vertex -173.814 6.77737 0
    endloop
  endfacet
  facet normal 0 0 -1
    outer loop
      vertex -174.687 2.05364 0
      vertex -173.814 6.77737 0
      vertex -174.412 2.31154 0
    endloop
  endfacet
  facet normal -0 0 -1
    outer loop
      vertex -173.814 6.77737 0
      vertex -174.687 2.05364 0
      vertex -173.895 6.94781 0
    endloop
  endfacet
  facet normal 0 0 -1
    outer loop
      vertex -174.927 1.76336 0
      vertex -173.895 6.94781 0
      vertex -174.687 2.05364 0
    endloop
  endfacet
  facet normal 0 0 -1
    outer loop
      vertex -169.524 -14.624 0
      vertex -169.5 0 0
      vertex -169.5 -15 0
    endloop
  endfacet
  facet normal 0 0 -1
    outer loop
      vertex -169.524 -14.624 0
      vertex -169.524 -0.375999 0
      vertex -169.5 0 0
    endloop
  endfacet
  facet normal 0 0 -1
    outer loop
      vertex -169.594 -14.2539 0
      vertex -169.524 -0.375999 0
      vertex -169.524 -14.624 0
    endloop
  endfacet
  facet normal 0 0 -1
    outer loop
      vertex -169.594 -14.2539 0
      vertex -169.594 -0.746069 0
      vertex -169.524 -0.375999 0
    endloop
  endfacet
  facet normal 0 0 -1
    outer loop
      vertex -169.711 -13.8956 0
      vertex -169.594 -0.746069 0
      vertex -169.594 -14.2539 0
    endloop
  endfacet
  facet normal 0 0 -1
    outer loop
      vertex -169.711 -13.8956 0
      vertex -169.711 -1.10437 0
      vertex -169.594 -0.746069 0
    endloop
  endfacet
  facet normal 0 0 -1
    outer loop
      vertex -171 -7.5 0
      vertex -169.711 -13.8956 0
      vertex -169.871 -13.5547 0
    endloop
  endfacet
  facet normal 0 0 -1
    outer loop
      vertex -169.711 -13.8956 0
      vertex -171 -7.5 0
      vertex -169.711 -1.10437 0
    endloop
  endfacet
  facet normal 0 0 -1
    outer loop
      vertex -171.012 -7.688 0
      vertex -169.871 -13.5547 0
      vertex -170.073 -13.2366 0
    endloop
  endfacet
  facet normal 0 0 -1
    outer loop
      vertex -169.711 -1.10437 0
      vertex -171 -7.5 0
      vertex -169.871 -1.44526 0
    endloop
  endfacet
  facet normal 0 0 -1
    outer loop
      vertex -171.105 -8.05219 0
      vertex -170.073 -13.2366 0
      vertex -170.313 -12.9464 0
    endloop
  endfacet
  facet normal 0 0 -1
    outer loop
      vertex -171.012 -7.312 0
      vertex -169.871 -1.44526 0
      vertex -171 -7.5 0
    endloop
  endfacet
  facet normal 0 0 -1
    outer loop
      vertex -171.186 -8.22263 0
      vertex -170.313 -12.9464 0
      vertex -170.588 -12.6885 0
    endloop
  endfacet
  facet normal 0 0 -1
    outer loop
      vertex -169.871 -1.44526 0
      vertex -171.012 -7.312 0
      vertex -170.073 -1.76336 0
    endloop
  endfacet
  facet normal 0 0 -1
    outer loop
      vertex -171.286 -8.38168 0
      vertex -170.588 -12.6885 0
      vertex -170.893 -12.467 0
    endloop
  endfacet
  facet normal 0 0 -1
    outer loop
      vertex -171.047 -7.12696 0
      vertex -170.073 -1.76336 0
      vertex -171.012 -7.312 0
    endloop
  endfacet
  facet normal 0 0 -1
    outer loop
      vertex -171.105 -6.94781 0
      vertex -170.073 -1.76336 0
      vertex -171.047 -7.12696 0
    endloop
  endfacet
  facet normal 0 0 -1
    outer loop
      vertex -169.871 -13.5547 0
      vertex -171.012 -7.688 0
      vertex -171 -7.5 0
    endloop
  endfacet
  facet normal 0 0 -1
    outer loop
      vertex -170.073 -13.2366 0
      vertex -171.047 -7.87303 0
      vertex -171.012 -7.688 0
    endloop
  endfacet
  facet normal 0 0 -1
    outer loop
      vertex -170.073 -13.2366 0
      vertex -171.105 -8.05219 0
      vertex -171.047 -7.87303 0
    endloop
  endfacet
  facet normal 0 0 -1
    outer loop
      vertex -170.313 -12.9464 0
      vertex -171.186 -8.22263 0
      vertex -171.105 -8.05219 0
    endloop
  endfacet
  facet normal 0 0 -1
    outer loop
      vertex -171.544 -8.65577 0
      vertex -170.893 -12.467 0
      vertex -171.223 -12.2855 0
    endloop
  endfacet
  facet normal 0 0 -1
    outer loop
      vertex -170.588 -12.6885 0
      vertex -171.286 -8.38168 0
      vertex -171.186 -8.22263 0
    endloop
  endfacet
  facet normal 0 0 -1
    outer loop
      vertex -170.893 -12.467 0
      vertex -171.407 -8.52682 0
      vertex -171.286 -8.38168 0
    endloop
  endfacet
  facet normal 0 0 -1
    outer loop
      vertex -170.893 -12.467 0
      vertex -171.544 -8.65577 0
      vertex -171.407 -8.52682 0
    endloop
  endfacet
  facet normal 0 0 -1
    outer loop
      vertex -171.696 -8.76649 0
      vertex -171.223 -12.2855 0
      vertex -171.573 -12.1468 0
    endloop
  endfacet
  facet normal 0 0 -1
    outer loop
      vertex -171.223 -12.2855 0
      vertex -171.696 -8.76649 0
      vertex -171.544 -8.65577 0
    endloop
  endfacet
  facet normal 0 0 -1
    outer loop
      vertex -171.573 -12.1468 0
      vertex -171.861 -8.85724 0
      vertex -171.696 -8.76649 0
    endloop
  endfacet
  facet normal 0 0 -1
    outer loop
      vertex -171.938 -12.0531 0
      vertex -171.861 -8.85724 0
      vertex -171.573 -12.1468 0
    endloop
  endfacet
  facet normal 0 0 -1
    outer loop
      vertex -171.938 -12.0531 0
      vertex -172.036 -8.92658 0
      vertex -171.861 -8.85724 0
    endloop
  endfacet
  facet normal 0 0 -1
    outer loop
      vertex -171.938 -12.0531 0
      vertex -172.219 -8.97343 0
      vertex -172.036 -8.92658 0
    endloop
  endfacet
  facet normal 0 0 -1
    outer loop
      vertex -172.312 -12.0059 0
      vertex -172.219 -8.97343 0
      vertex -171.938 -12.0531 0
    endloop
  endfacet
  facet normal 0 0 -1
    outer loop
      vertex -172.312 -12.0059 0
      vertex -172.406 -8.99704 0
      vertex -172.219 -8.97343 0
    endloop
  endfacet
  facet normal 0 0 -1
    outer loop
      vertex -172.312 -12.0059 0
      vertex -172.594 -8.99704 0
      vertex -172.406 -8.99704 0
    endloop
  endfacet
  facet normal 0 0 -1
    outer loop
      vertex -172.688 -12.0059 0
      vertex -172.594 -8.99704 0
      vertex -172.312 -12.0059 0
    endloop
  endfacet
  facet normal 0 0 -1
    outer loop
      vertex -172.688 -12.0059 0
      vertex -172.781 -8.97343 0
      vertex -172.594 -8.99704 0
    endloop
  endfacet
  facet normal 0 0 -1
    outer loop
      vertex -173.062 -12.0531 0
      vertex -172.781 -8.97343 0
      vertex -172.688 -12.0059 0
    endloop
  endfacet
  facet normal -0 0 -1
    outer loop
      vertex -172.781 -8.97343 0
      vertex -173.062 -12.0531 0
      vertex -172.964 -8.92658 0
    endloop
  endfacet
  facet normal 0 0 -1
    outer loop
      vertex -173.062 -12.0531 0
      vertex -173.139 -8.85724 0
      vertex -172.964 -8.92658 0
    endloop
  endfacet
  facet normal 0 0 -1
    outer loop
      vertex -173.427 -12.1468 0
      vertex -173.139 -8.85724 0
      vertex -173.062 -12.0531 0
    endloop
  endfacet
  facet normal -0 0 -1
    outer loop
      vertex -173.139 -8.85724 0
      vertex -173.427 -12.1468 0
      vertex -173.304 -8.76649 0
    endloop
  endfacet
  facet normal 0 0 -1
    outer loop
      vertex -173.777 -12.2855 0
      vertex -173.304 -8.76649 0
      vertex -173.427 -12.1468 0
    endloop
  endfacet
  facet normal -0 0 -1
    outer loop
      vertex -173.304 -8.76649 0
      vertex -173.777 -12.2855 0
      vertex -173.456 -8.65577 0
    endloop
  endfacet
  facet normal 0 0 -1
    outer loop
      vertex -174.107 -12.467 0
      vertex -173.456 -8.65577 0
      vertex -173.777 -12.2855 0
    endloop
  endfacet
  facet normal -0 0 -1
    outer loop
      vertex -173.456 -8.65577 0
      vertex -174.107 -12.467 0
      vertex -173.593 -8.52682 0
    endloop
  endfacet
  facet normal -0 0 -1
    outer loop
      vertex -173.593 -8.52682 0
      vertex -174.107 -12.467 0
      vertex -173.714 -8.38168 0
    endloop
  endfacet
  facet normal 0 0 -1
    outer loop
      vertex -174.412 -12.6885 0
      vertex -173.714 -8.38168 0
      vertex -174.107 -12.467 0
    endloop
  endfacet
  facet normal -0 0 -1
    outer loop
      vertex -173.714 -8.38168 0
      vertex -174.412 -12.6885 0
      vertex -173.814 -8.22263 0
    endloop
  endfacet
  facet normal 0 0 -1
    outer loop
      vertex -174.687 -12.9464 0
      vertex -173.814 -8.22263 0
      vertex -174.412 -12.6885 0
    endloop
  endfacet
  facet normal -0 0 -1
    outer loop
      vertex -173.814 -8.22263 0
      vertex -174.687 -12.9464 0
      vertex -173.895 -8.05219 0
    endloop
  endfacet
  facet normal 0 0 -1
    outer loop
      vertex -174.927 -13.2366 0
      vertex -173.895 -8.05219 0
      vertex -174.687 -12.9464 0
    endloop
  endfacet
  facet normal 0 0 -1
    outer loop
      vertex -169.524 -29.624 0
      vertex -169.5 -15 0
      vertex -169.5 -30 0
    endloop
  endfacet
  facet normal 0 0 -1
    outer loop
      vertex -169.524 -29.624 0
      vertex -169.524 -15.376 0
      vertex -169.5 -15 0
    endloop
  endfacet
  facet normal 0 0 -1
    outer loop
      vertex -169.594 -29.2539 0
      vertex -169.524 -15.376 0
      vertex -169.524 -29.624 0
    endloop
  endfacet
  facet normal 0 0 -1
    outer loop
      vertex -169.594 -29.2539 0
      vertex -169.594 -15.7461 0
      vertex -169.524 -15.376 0
    endloop
  endfacet
  facet normal 0 0 -1
    outer loop
      vertex -169.711 -28.8956 0
      vertex -169.594 -15.7461 0
      vertex -169.594 -29.2539 0
    endloop
  endfacet
  facet normal 0 0 -1
    outer loop
      vertex -169.711 -28.8956 0
      vertex -169.711 -16.1044 0
      vertex -169.594 -15.7461 0
    endloop
  endfacet
  facet normal 0 0 -1
    outer loop
      vertex -171 -22.5 0
      vertex -169.711 -28.8956 0
      vertex -169.871 -28.5547 0
    endloop
  endfacet
  facet normal 0 0 -1
    outer loop
      vertex -169.711 -28.8956 0
      vertex -171 -22.5 0
      vertex -169.711 -16.1044 0
    endloop
  endfacet
  facet normal 0 0 -1
    outer loop
      vertex -171.012 -22.688 0
      vertex -169.871 -28.5547 0
      vertex -170.073 -28.2366 0
    endloop
  endfacet
  facet normal 0 0 -1
    outer loop
      vertex -169.711 -16.1044 0
      vertex -171 -22.5 0
      vertex -169.871 -16.4453 0
    endloop
  endfacet
  facet normal 0 0 -1
    outer loop
      vertex -171.105 -23.0522 0
      vertex -170.073 -28.2366 0
      vertex -170.313 -27.9464 0
    endloop
  endfacet
  facet normal 0 0 -1
    outer loop
      vertex -171.012 -22.312 0
      vertex -169.871 -16.4453 0
      vertex -171 -22.5 0
    endloop
  endfacet
  facet normal 0 0 -1
    outer loop
      vertex -171.186 -23.2226 0
      vertex -170.313 -27.9464 0
      vertex -170.588 -27.6885 0
    endloop
  endfacet
  facet normal 0 0 -1
    outer loop
      vertex -169.871 -16.4453 0
      vertex -171.012 -22.312 0
      vertex -170.073 -16.7634 0
    endloop
  endfacet
  facet normal 0 0 -1
    outer loop
      vertex -171.286 -23.3817 0
      vertex -170.588 -27.6885 0
      vertex -170.893 -27.467 0
    endloop
  endfacet
  facet normal 0 0 -1
    outer loop
      vertex -171.047 -22.127 0
      vertex -170.073 -16.7634 0
      vertex -171.012 -22.312 0
    endloop
  endfacet
  facet normal 0 0 -1
    outer loop
      vertex -171.105 -21.9478 0
      vertex -170.073 -16.7634 0
      vertex -171.047 -22.127 0
    endloop
  endfacet
  facet normal 0 0 -1
    outer loop
      vertex -169.871 -28.5547 0
      vertex -171.012 -22.688 0
      vertex -171 -22.5 0
    endloop
  endfacet
  facet normal 0 0 -1
    outer loop
      vertex -170.073 -28.2366 0
      vertex -171.047 -22.873 0
      vertex -171.012 -22.688 0
    endloop
  endfacet
  facet normal 0 0 -1
    outer loop
      vertex -170.073 -28.2366 0
      vertex -171.105 -23.0522 0
      vertex -171.047 -22.873 0
    endloop
  endfacet
  facet normal 0 0 -1
    outer loop
      vertex -170.313 -27.9464 0
      vertex -171.186 -23.2226 0
      vertex -171.105 -23.0522 0
    endloop
  endfacet
  facet normal 0 0 -1
    outer loop
      vertex -171.544 -23.6558 0
      vertex -170.893 -27.467 0
      vertex -171.223 -27.2855 0
    endloop
  endfacet
  facet normal 0 0 -1
    outer loop
      vertex -170.588 -27.6885 0
      vertex -171.286 -23.3817 0
      vertex -171.186 -23.2226 0
    endloop
  endfacet
  facet normal 0 0 -1
    outer loop
      vertex -170.893 -27.467 0
      vertex -171.407 -23.5268 0
      vertex -171.286 -23.3817 0
    endloop
  endfacet
  facet normal 0 0 -1
    outer loop
      vertex -170.893 -27.467 0
      vertex -171.544 -23.6558 0
      vertex -171.407 -23.5268 0
    endloop
  endfacet
  facet normal 0 0 -1
    outer loop
      vertex -171.696 -23.7665 0
      vertex -171.223 -27.2855 0
      vertex -171.573 -27.1468 0
    endloop
  endfacet
  facet normal 0 0 -1
    outer loop
      vertex -171.223 -27.2855 0
      vertex -171.696 -23.7665 0
      vertex -171.544 -23.6558 0
    endloop
  endfacet
  facet normal 0 0 -1
    outer loop
      vertex -171.573 -27.1468 0
      vertex -171.861 -23.8572 0
      vertex -171.696 -23.7665 0
    endloop
  endfacet
  facet normal 0 0 -1
    outer loop
      vertex -171.938 -27.0531 0
      vertex -171.861 -23.8572 0
      vertex -171.573 -27.1468 0
    endloop
  endfacet
  facet normal 0 0 -1
    outer loop
      vertex -171.938 -27.0531 0
      vertex -172.036 -23.9266 0
      vertex -171.861 -23.8572 0
    endloop
  endfacet
  facet normal 0 0 -1
    outer loop
      vertex -171.938 -27.0531 0
      vertex -172.219 -23.9734 0
      vertex -172.036 -23.9266 0
    endloop
  endfacet
  facet normal 0 0 -1
    outer loop
      vertex -172.312 -27.0059 0
      vertex -172.219 -23.9734 0
      vertex -171.938 -27.0531 0
    endloop
  endfacet
  facet normal 0 0 -1
    outer loop
      vertex -172.312 -27.0059 0
      vertex -172.406 -23.997 0
      vertex -172.219 -23.9734 0
    endloop
  endfacet
  facet normal 0 0 -1
    outer loop
      vertex -172.312 -27.0059 0
      vertex -172.594 -23.997 0
      vertex -172.406 -23.997 0
    endloop
  endfacet
  facet normal 0 0 -1
    outer loop
      vertex -172.688 -27.0059 0
      vertex -172.594 -23.997 0
      vertex -172.312 -27.0059 0
    endloop
  endfacet
  facet normal 0 0 -1
    outer loop
      vertex -172.688 -27.0059 0
      vertex -172.781 -23.9734 0
      vertex -172.594 -23.997 0
    endloop
  endfacet
  facet normal 0 0 -1
    outer loop
      vertex -173.062 -27.0531 0
      vertex -172.781 -23.9734 0
      vertex -172.688 -27.0059 0
    endloop
  endfacet
  facet normal -0 0 -1
    outer loop
      vertex -172.781 -23.9734 0
      vertex -173.062 -27.0531 0
      vertex -172.964 -23.9266 0
    endloop
  endfacet
  facet normal 0 0 -1
    outer loop
      vertex -173.062 -27.0531 0
      vertex -173.139 -23.8572 0
      vertex -172.964 -23.9266 0
    endloop
  endfacet
  facet normal 0 0 -1
    outer loop
      vertex -173.427 -27.1468 0
      vertex -173.139 -23.8572 0
      vertex -173.062 -27.0531 0
    endloop
  endfacet
  facet normal -0 0 -1
    outer loop
      vertex -173.139 -23.8572 0
      vertex -173.427 -27.1468 0
      vertex -173.304 -23.7665 0
    endloop
  endfacet
  facet normal 0 0 -1
    outer loop
      vertex -173.777 -27.2855 0
      vertex -173.304 -23.7665 0
      vertex -173.427 -27.1468 0
    endloop
  endfacet
  facet normal -0 0 -1
    outer loop
      vertex -173.304 -23.7665 0
      vertex -173.777 -27.2855 0
      vertex -173.456 -23.6558 0
    endloop
  endfacet
  facet normal 0 0 -1
    outer loop
      vertex -174.107 -27.467 0
      vertex -173.456 -23.6558 0
      vertex -173.777 -27.2855 0
    endloop
  endfacet
  facet normal -0 0 -1
    outer loop
      vertex -173.456 -23.6558 0
      vertex -174.107 -27.467 0
      vertex -173.593 -23.5268 0
    endloop
  endfacet
  facet normal -0 0 -1
    outer loop
      vertex -173.593 -23.5268 0
      vertex -174.107 -27.467 0
      vertex -173.714 -23.3817 0
    endloop
  endfacet
  facet normal 0 0 -1
    outer loop
      vertex -174.412 -27.6885 0
      vertex -173.714 -23.3817 0
      vertex -174.107 -27.467 0
    endloop
  endfacet
  facet normal -0 0 -1
    outer loop
      vertex -173.714 -23.3817 0
      vertex -174.412 -27.6885 0
      vertex -173.814 -23.2226 0
    endloop
  endfacet
  facet normal 0 0 -1
    outer loop
      vertex -174.687 -27.9464 0
      vertex -173.814 -23.2226 0
      vertex -174.412 -27.6885 0
    endloop
  endfacet
  facet normal -0 0 -1
    outer loop
      vertex -173.814 -23.2226 0
      vertex -174.687 -27.9464 0
      vertex -173.895 -23.0522 0
    endloop
  endfacet
  facet normal 0 0 -1
    outer loop
      vertex -174.927 -28.2366 0
      vertex -173.895 -23.0522 0
      vertex -174.687 -27.9464 0
    endloop
  endfacet
  facet normal 0 0 -1
    outer loop
      vertex 174.814 -36.9901 0
      vertex 179.5 -32 0
      vertex 179.461 -32.6267 0
    endloop
  endfacet
  facet normal -0 0 -1
    outer loop
      vertex 179.5 -32 0
      vertex 174.814 -36.9901 0
      vertex 179.5 32 0
    endloop
  endfacet
  facet normal 0 0 -1
    outer loop
      vertex 174.814 -36.9901 0
      vertex 179.461 -32.6267 0
      vertex 179.343 -33.2435 0
    endloop
  endfacet
  facet normal 0 0 -1
    outer loop
      vertex 174.814 36.9901 0
      vertex 179.5 32 0
      vertex 174.814 -36.9901 0
    endloop
  endfacet
  facet normal 0 0 -1
    outer loop
      vertex 174.814 -36.9901 0
      vertex 179.343 -33.2435 0
      vertex 179.149 -33.8406 0
    endloop
  endfacet
  facet normal 0 0 -1
    outer loop
      vertex 179.5 32 0
      vertex 174.814 36.9901 0
      vertex 179.461 32.6267 0
    endloop
  endfacet
  facet normal 0 0 -1
    outer loop
      vertex 174.814 -36.9901 0
      vertex 179.149 -33.8406 0
      vertex 178.882 -34.4088 0
    endloop
  endfacet
  facet normal 0 0 -1
    outer loop
      vertex 179.461 32.6267 0
      vertex 174.814 36.9901 0
      vertex 179.343 33.2435 0
    endloop
  endfacet
  facet normal 0 0 -1
    outer loop
      vertex 174.814 -36.9901 0
      vertex 178.882 -34.4088 0
      vertex 178.545 -34.9389 0
    endloop
  endfacet
  facet normal 0 0 -1
    outer loop
      vertex 179.343 33.2435 0
      vertex 174.814 36.9901 0
      vertex 179.149 33.8406 0
    endloop
  endfacet
  facet normal 0 0 -1
    outer loop
      vertex 174.814 -36.9901 0
      vertex 178.545 -34.9389 0
      vertex 178.145 -35.4227 0
    endloop
  endfacet
  facet normal 0 0 -1
    outer loop
      vertex 179.149 33.8406 0
      vertex 174.814 36.9901 0
      vertex 178.882 34.4088 0
    endloop
  endfacet
  facet normal 0 0 -1
    outer loop
      vertex 174.814 -36.9901 0
      vertex 178.145 -35.4227 0
      vertex 177.687 -35.8526 0
    endloop
  endfacet
  facet normal 0 0 -1
    outer loop
      vertex 178.882 34.4088 0
      vertex 174.814 36.9901 0
      vertex 178.545 34.9389 0
    endloop
  endfacet
  facet normal 0 0 -1
    outer loop
      vertex 174.814 -36.9901 0
      vertex 177.687 -35.8526 0
      vertex 177.179 -36.2216 0
    endloop
  endfacet
  facet normal 0 0 -1
    outer loop
      vertex 178.545 34.9389 0
      vertex 174.814 36.9901 0
      vertex 178.145 35.4227 0
    endloop
  endfacet
  facet normal 0 0 -1
    outer loop
      vertex 174.814 -36.9901 0
      vertex 177.179 -36.2216 0
      vertex 176.629 -36.5241 0
    endloop
  endfacet
  facet normal 0 0 -1
    outer loop
      vertex 178.145 35.4227 0
      vertex 174.814 36.9901 0
      vertex 177.687 35.8526 0
    endloop
  endfacet
  facet normal 0 0 -1
    outer loop
      vertex 174.814 -36.9901 0
      vertex 176.629 -36.5241 0
      vertex 176.045 -36.7553 0
    endloop
  endfacet
  facet normal 0 0 -1
    outer loop
      vertex 177.687 35.8526 0
      vertex 174.814 36.9901 0
      vertex 177.179 36.2216 0
    endloop
  endfacet
  facet normal 0 0 -1
    outer loop
      vertex 174.814 -36.9901 0
      vertex 176.045 -36.7553 0
      vertex 175.437 -36.9114 0
    endloop
  endfacet
  facet normal 0 0 -1
    outer loop
      vertex 177.179 36.2216 0
      vertex 174.814 36.9901 0
      vertex 176.629 36.5241 0
    endloop
  endfacet
  facet normal 0 0 -1
    outer loop
      vertex 176.629 36.5241 0
      vertex 174.814 36.9901 0
      vertex 176.045 36.7553 0
    endloop
  endfacet
  facet normal 0 0 -1
    outer loop
      vertex 176.045 36.7553 0
      vertex 174.814 36.9901 0
      vertex 175.437 36.9114 0
    endloop
  endfacet
  facet normal 0 0 -1
    outer loop
      vertex -169.5 -15 0
      vertex 174.814 -36.9901 0
      vertex -169.5 -30 0
    endloop
  endfacet
  facet normal 0 0 -1
    outer loop
      vertex 174.814 -36.9901 0
      vertex -169.524 -30.376 0
      vertex -169.5 -30 0
    endloop
  endfacet
  facet normal 0 0 -1
    outer loop
      vertex 174.814 -36.9901 0
      vertex -169.594 -30.7461 0
      vertex -169.524 -30.376 0
    endloop
  endfacet
  facet normal 0 0 -1
    outer loop
      vertex 174.814 -36.9901 0
      vertex -169.711 -31.1044 0
      vertex -169.594 -30.7461 0
    endloop
  endfacet
  facet normal 0 0 -1
    outer loop
      vertex 174.814 -36.9901 0
      vertex -169.871 -31.4453 0
      vertex -169.711 -31.1044 0
    endloop
  endfacet
  facet normal 0 0 -1
    outer loop
      vertex 174.814 -36.9901 0
      vertex -170.073 -31.7634 0
      vertex -169.871 -31.4453 0
    endloop
  endfacet
  facet normal 0 0 -1
    outer loop
      vertex 174.814 -36.9901 0
      vertex -170.313 -32.0536 0
      vertex -170.073 -31.7634 0
    endloop
  endfacet
  facet normal 0 0 -1
    outer loop
      vertex -174.814 -36.9901 0
      vertex -170.313 -32.0536 0
      vertex 174.814 -36.9901 0
    endloop
  endfacet
  facet normal 0 0 -1
    outer loop
      vertex -170.313 -32.0536 0
      vertex -174.814 -36.9901 0
      vertex -170.588 -32.3115 0
    endloop
  endfacet
  facet normal 0 0 -1
    outer loop
      vertex -170.588 -32.3115 0
      vertex -174.814 -36.9901 0
      vertex -170.893 -32.533 0
    endloop
  endfacet
  facet normal 0 0 -1
    outer loop
      vertex -170.893 -32.533 0
      vertex -174.814 -36.9901 0
      vertex -171.223 -32.7145 0
    endloop
  endfacet
  facet normal 0 0 -1
    outer loop
      vertex -171.223 -32.7145 0
      vertex -174.814 -36.9901 0
      vertex -171.573 -32.8532 0
    endloop
  endfacet
  facet normal 0 0 -1
    outer loop
      vertex -171.573 -32.8532 0
      vertex -174.814 -36.9901 0
      vertex -171.938 -32.9469 0
    endloop
  endfacet
  facet normal 0 0 -1
    outer loop
      vertex -171.938 -32.9469 0
      vertex -174.814 -36.9901 0
      vertex -172.312 -32.9941 0
    endloop
  endfacet
  facet normal -0 0 -1
    outer loop
      vertex -172.312 -32.9941 0
      vertex -174.814 -36.9901 0
      vertex -172.688 -32.9941 0
    endloop
  endfacet
  facet normal 0 0 -1
    outer loop
      vertex -174.814 -36.9901 0
      vertex -173.062 -32.9469 0
      vertex -172.688 -32.9941 0
    endloop
  endfacet
  facet normal 0 0 -1
    outer loop
      vertex -174.814 -36.9901 0
      vertex -173.427 -32.8532 0
      vertex -173.062 -32.9469 0
    endloop
  endfacet
  facet normal 0 0 -1
    outer loop
      vertex -174.814 -36.9901 0
      vertex -173.777 -32.7145 0
      vertex -173.427 -32.8532 0
    endloop
  endfacet
  facet normal 0 0 -1
    outer loop
      vertex -175.437 -36.9114 0
      vertex -173.777 -32.7145 0
      vertex -174.814 -36.9901 0
    endloop
  endfacet
  facet normal -0 0 -1
    outer loop
      vertex -173.777 -32.7145 0
      vertex -175.437 -36.9114 0
      vertex -174.107 -32.533 0
    endloop
  endfacet
  facet normal 0 0 -1
    outer loop
      vertex -176.045 -36.7553 0
      vertex -174.107 -32.533 0
      vertex -175.437 -36.9114 0
    endloop
  endfacet
  facet normal 0 0 -1
    outer loop
      vertex -176.629 -36.5241 0
      vertex -174.107 -32.533 0
      vertex -176.045 -36.7553 0
    endloop
  endfacet
  facet normal -0 0 -1
    outer loop
      vertex -174.107 -32.533 0
      vertex -176.629 -36.5241 0
      vertex -174.412 -32.3115 0
    endloop
  endfacet
  facet normal 0 0 -1
    outer loop
      vertex -177.179 -36.2216 0
      vertex -174.412 -32.3115 0
      vertex -176.629 -36.5241 0
    endloop
  endfacet
  facet normal 0 0 -1
    outer loop
      vertex -177.687 -35.8526 0
      vertex -174.412 -32.3115 0
      vertex -177.179 -36.2216 0
    endloop
  endfacet
  facet normal -0 0 -1
    outer loop
      vertex -174.412 -32.3115 0
      vertex -177.687 -35.8526 0
      vertex -174.687 -32.0536 0
    endloop
  endfacet
  facet normal 0 0 -1
    outer loop
      vertex -178.145 -35.4227 0
      vertex -174.687 -32.0536 0
      vertex -177.687 -35.8526 0
    endloop
  endfacet
  facet normal 0 0 -1
    outer loop
      vertex -178.545 -34.9389 0
      vertex -174.687 -32.0536 0
      vertex -178.145 -35.4227 0
    endloop
  endfacet
  facet normal -0 0 -1
    outer loop
      vertex -175.476 -15.376 0
      vertex -179.5 -32 0
      vertex -175.5 -15 0
    endloop
  endfacet
  facet normal -0 0 -1
    outer loop
      vertex -175.5 -15 0
      vertex -179.5 -32 0
      vertex -175.5 0 0
    endloop
  endfacet
  facet normal 0 0 -1
    outer loop
      vertex -179.5 32 0
      vertex -175.5 0 0
      vertex -179.5 -32 0
    endloop
  endfacet
  facet normal 0 0 -1
    outer loop
      vertex -178.882 -34.4088 0
      vertex -174.927 -31.7634 0
      vertex -178.545 -34.9389 0
    endloop
  endfacet
  facet normal -0 0 -1
    outer loop
      vertex -174.687 -32.0536 0
      vertex -178.545 -34.9389 0
      vertex -174.927 -31.7634 0
    endloop
  endfacet
  facet normal 0 0 -1
    outer loop
      vertex -169.5 0 0
      vertex 174.814 -36.9901 0
      vertex -169.5 -15 0
    endloop
  endfacet
  facet normal 0 0 -1
    outer loop
      vertex 174.814 -36.9901 0
      vertex -169.5 0 0
      vertex 174.814 36.9901 0
    endloop
  endfacet
  facet normal 0 0 -1
    outer loop
      vertex -169.5 15 0
      vertex 174.814 36.9901 0
      vertex -169.5 0 0
    endloop
  endfacet
  facet normal 0 0 -1
    outer loop
      vertex -169.5 30 0
      vertex 174.814 36.9901 0
      vertex -169.5 15 0
    endloop
  endfacet
  facet normal 0 0 -1
    outer loop
      vertex -169.524 30.376 0
      vertex 174.814 36.9901 0
      vertex -169.5 30 0
    endloop
  endfacet
  facet normal 0 0 -1
    outer loop
      vertex -169.594 30.7461 0
      vertex 174.814 36.9901 0
      vertex -169.524 30.376 0
    endloop
  endfacet
  facet normal 0 0 -1
    outer loop
      vertex -169.711 31.1044 0
      vertex 174.814 36.9901 0
      vertex -169.594 30.7461 0
    endloop
  endfacet
  facet normal 0 0 -1
    outer loop
      vertex -169.871 31.4453 0
      vertex 174.814 36.9901 0
      vertex -169.711 31.1044 0
    endloop
  endfacet
  facet normal 0 0 -1
    outer loop
      vertex -170.073 31.7634 0
      vertex 174.814 36.9901 0
      vertex -169.871 31.4453 0
    endloop
  endfacet
  facet normal 0 0 -1
    outer loop
      vertex -170.313 32.0536 0
      vertex 174.814 36.9901 0
      vertex -170.073 31.7634 0
    endloop
  endfacet
  facet normal 0 0 -1
    outer loop
      vertex -174.814 36.9901 0
      vertex -170.313 32.0536 0
      vertex -170.588 32.3115 0
    endloop
  endfacet
  facet normal 0 0 -1
    outer loop
      vertex -174.814 36.9901 0
      vertex -170.588 32.3115 0
      vertex -170.893 32.533 0
    endloop
  endfacet
  facet normal 0 0 -1
    outer loop
      vertex -174.814 36.9901 0
      vertex -170.893 32.533 0
      vertex -171.223 32.7145 0
    endloop
  endfacet
  facet normal 0 0 -1
    outer loop
      vertex -174.814 36.9901 0
      vertex -171.223 32.7145 0
      vertex -171.573 32.8532 0
    endloop
  endfacet
  facet normal 0 0 -1
    outer loop
      vertex -174.814 36.9901 0
      vertex -171.573 32.8532 0
      vertex -171.938 32.9469 0
    endloop
  endfacet
  facet normal 0 0 -1
    outer loop
      vertex -174.814 36.9901 0
      vertex -171.938 32.9469 0
      vertex -172.312 32.9941 0
    endloop
  endfacet
  facet normal 0 0 -1
    outer loop
      vertex -174.814 36.9901 0
      vertex -172.312 32.9941 0
      vertex -172.688 32.9941 0
    endloop
  endfacet
  facet normal 0 0 -1
    outer loop
      vertex -170.313 32.0536 0
      vertex -174.814 36.9901 0
      vertex 174.814 36.9901 0
    endloop
  endfacet
  facet normal 0 0 -1
    outer loop
      vertex -173.062 32.9469 0
      vertex -174.814 36.9901 0
      vertex -172.688 32.9941 0
    endloop
  endfacet
  facet normal 0 0 -1
    outer loop
      vertex -173.427 32.8532 0
      vertex -174.814 36.9901 0
      vertex -173.062 32.9469 0
    endloop
  endfacet
  facet normal 0 0 -1
    outer loop
      vertex -173.777 32.7145 0
      vertex -174.814 36.9901 0
      vertex -173.427 32.8532 0
    endloop
  endfacet
  facet normal 0 0 -1
    outer loop
      vertex -175.437 36.9114 0
      vertex -173.777 32.7145 0
      vertex -174.107 32.533 0
    endloop
  endfacet
  facet normal 0 0 -1
    outer loop
      vertex -176.629 36.5241 0
      vertex -174.107 32.533 0
      vertex -174.412 32.3115 0
    endloop
  endfacet
  facet normal 0 0 -1
    outer loop
      vertex -177.687 35.8526 0
      vertex -174.412 32.3115 0
      vertex -174.687 32.0536 0
    endloop
  endfacet
  facet normal 0 0 -1
    outer loop
      vertex -178.545 34.9389 0
      vertex -174.687 32.0536 0
      vertex -174.927 31.7634 0
    endloop
  endfacet
  facet normal 0 0 -1
    outer loop
      vertex -179.149 33.8406 0
      vertex -174.927 31.7634 0
      vertex -175.129 31.4453 0
    endloop
  endfacet
  facet normal 0 0 -1
    outer loop
      vertex -179.461 32.6267 0
      vertex -175.129 31.4453 0
      vertex -175.289 31.1044 0
    endloop
  endfacet
  facet normal 0 0 -1
    outer loop
      vertex -179.5 32 0
      vertex -175.289 31.1044 0
      vertex -175.406 30.7461 0
    endloop
  endfacet
  facet normal 0 0 -1
    outer loop
      vertex -173.777 32.7145 0
      vertex -175.437 36.9114 0
      vertex -174.814 36.9901 0
    endloop
  endfacet
  facet normal 0 0 -1
    outer loop
      vertex -179.5 32 0
      vertex -175.406 30.7461 0
      vertex -175.476 30.376 0
    endloop
  endfacet
  facet normal 0 0 -1
    outer loop
      vertex -179.5 32 0
      vertex -175.476 30.376 0
      vertex -175.5 30 0
    endloop
  endfacet
  facet normal 0 0 -1
    outer loop
      vertex -174.107 32.533 0
      vertex -176.045 36.7553 0
      vertex -175.437 36.9114 0
    endloop
  endfacet
  facet normal 0 0 -1
    outer loop
      vertex -175.5 0 0
      vertex -179.5 32 0
      vertex -175.5 15 0
    endloop
  endfacet
  facet normal 0 0 -1
    outer loop
      vertex -179.149 -33.8406 0
      vertex -174.927 -31.7634 0
      vertex -178.882 -34.4088 0
    endloop
  endfacet
  facet normal 0 0 -1
    outer loop
      vertex -175.5 15 0
      vertex -179.5 32 0
      vertex -175.5 30 0
    endloop
  endfacet
  facet normal -0 0 -1
    outer loop
      vertex -174.927 -31.7634 0
      vertex -179.149 -33.8406 0
      vertex -175.129 -31.4453 0
    endloop
  endfacet
  facet normal 0 0 -1
    outer loop
      vertex -175.289 31.1044 0
      vertex -179.5 32 0
      vertex -179.461 32.6267 0
    endloop
  endfacet
  facet normal 0 0 -1
    outer loop
      vertex -179.343 -33.2435 0
      vertex -175.129 -31.4453 0
      vertex -179.149 -33.8406 0
    endloop
  endfacet
  facet normal 0 0 -1
    outer loop
      vertex -174.107 32.533 0
      vertex -176.629 36.5241 0
      vertex -176.045 36.7553 0
    endloop
  endfacet
  facet normal 0 0 -1
    outer loop
      vertex -179.461 -32.6267 0
      vertex -175.129 -31.4453 0
      vertex -179.343 -33.2435 0
    endloop
  endfacet
  facet normal 0 0 -1
    outer loop
      vertex -174.412 32.3115 0
      vertex -177.179 36.2216 0
      vertex -176.629 36.5241 0
    endloop
  endfacet
  facet normal -0 0 -1
    outer loop
      vertex -175.129 -31.4453 0
      vertex -179.461 -32.6267 0
      vertex -175.289 -31.1044 0
    endloop
  endfacet
  facet normal 0 0 -1
    outer loop
      vertex -174.412 32.3115 0
      vertex -177.687 35.8526 0
      vertex -177.179 36.2216 0
    endloop
  endfacet
  facet normal 0 0 -1
    outer loop
      vertex -179.5 -32 0
      vertex -175.289 -31.1044 0
      vertex -179.461 -32.6267 0
    endloop
  endfacet
  facet normal 0 0 -1
    outer loop
      vertex -174.687 32.0536 0
      vertex -178.145 35.4227 0
      vertex -177.687 35.8526 0
    endloop
  endfacet
  facet normal -0 0 -1
    outer loop
      vertex -175.289 -31.1044 0
      vertex -179.5 -32 0
      vertex -175.406 -30.7461 0
    endloop
  endfacet
  facet normal 0 0 -1
    outer loop
      vertex -174.687 32.0536 0
      vertex -178.545 34.9389 0
      vertex -178.145 35.4227 0
    endloop
  endfacet
  facet normal -0 0 -1
    outer loop
      vertex -175.406 -30.7461 0
      vertex -179.5 -32 0
      vertex -175.476 -30.376 0
    endloop
  endfacet
  facet normal 0 0 -1
    outer loop
      vertex -174.927 31.7634 0
      vertex -178.882 34.4088 0
      vertex -178.545 34.9389 0
    endloop
  endfacet
  facet normal -0 0 -1
    outer loop
      vertex -175.476 -30.376 0
      vertex -179.5 -32 0
      vertex -175.5 -30 0
    endloop
  endfacet
  facet normal 0 0 -1
    outer loop
      vertex -174.927 31.7634 0
      vertex -179.149 33.8406 0
      vertex -178.882 34.4088 0
    endloop
  endfacet
  facet normal 0 0 -1
    outer loop
      vertex -175.129 31.4453 0
      vertex -179.343 33.2435 0
      vertex -179.149 33.8406 0
    endloop
  endfacet
  facet normal 0 0 -1
    outer loop
      vertex -175.129 31.4453 0
      vertex -179.461 32.6267 0
      vertex -179.343 33.2435 0
    endloop
  endfacet
  facet normal 0 0 -1
    outer loop
      vertex -170.073 -16.7634 0
      vertex -171.105 -21.9478 0
      vertex -170.313 -17.0536 0
    endloop
  endfacet
  facet normal 0 0 -1
    outer loop
      vertex -171.186 -21.7774 0
      vertex -170.313 -17.0536 0
      vertex -171.105 -21.9478 0
    endloop
  endfacet
  facet normal 0 0 -1
    outer loop
      vertex -170.313 -17.0536 0
      vertex -171.186 -21.7774 0
      vertex -170.588 -17.3115 0
    endloop
  endfacet
  facet normal 0 0 -1
    outer loop
      vertex -171.286 -21.6183 0
      vertex -170.588 -17.3115 0
      vertex -171.186 -21.7774 0
    endloop
  endfacet
  facet normal 0 0 -1
    outer loop
      vertex -170.588 -17.3115 0
      vertex -171.286 -21.6183 0
      vertex -170.893 -17.533 0
    endloop
  endfacet
  facet normal 0 0 -1
    outer loop
      vertex -171.407 -21.4732 0
      vertex -170.893 -17.533 0
      vertex -171.286 -21.6183 0
    endloop
  endfacet
  facet normal 0 0 -1
    outer loop
      vertex -171.544 -21.3442 0
      vertex -170.893 -17.533 0
      vertex -171.407 -21.4732 0
    endloop
  endfacet
  facet normal 0 0 -1
    outer loop
      vertex -170.893 -17.533 0
      vertex -171.544 -21.3442 0
      vertex -171.223 -17.7145 0
    endloop
  endfacet
  facet normal 0 0 -1
    outer loop
      vertex -171.696 -21.2335 0
      vertex -171.223 -17.7145 0
      vertex -171.544 -21.3442 0
    endloop
  endfacet
  facet normal 0 0 -1
    outer loop
      vertex -171.223 -17.7145 0
      vertex -171.696 -21.2335 0
      vertex -171.573 -17.8532 0
    endloop
  endfacet
  facet normal 0 0 -1
    outer loop
      vertex -171.861 -21.1428 0
      vertex -171.573 -17.8532 0
      vertex -171.696 -21.2335 0
    endloop
  endfacet
  facet normal 0 0 -1
    outer loop
      vertex -171.861 -21.1428 0
      vertex -171.938 -17.9469 0
      vertex -171.573 -17.8532 0
    endloop
  endfacet
  facet normal 0 0 -1
    outer loop
      vertex -172.036 -21.0734 0
      vertex -171.938 -17.9469 0
      vertex -171.861 -21.1428 0
    endloop
  endfacet
  facet normal 0 0 -1
    outer loop
      vertex -172.219 -21.0266 0
      vertex -171.938 -17.9469 0
      vertex -172.036 -21.0734 0
    endloop
  endfacet
  facet normal 0 0 -1
    outer loop
      vertex -172.219 -21.0266 0
      vertex -172.312 -17.9941 0
      vertex -171.938 -17.9469 0
    endloop
  endfacet
  facet normal 0 0 -1
    outer loop
      vertex -172.406 -21.003 0
      vertex -172.312 -17.9941 0
      vertex -172.219 -21.0266 0
    endloop
  endfacet
  facet normal 0 0 -1
    outer loop
      vertex -172.594 -21.003 0
      vertex -172.312 -17.9941 0
      vertex -172.406 -21.003 0
    endloop
  endfacet
  facet normal 0 0 -1
    outer loop
      vertex -172.594 -21.003 0
      vertex -172.688 -17.9941 0
      vertex -172.312 -17.9941 0
    endloop
  endfacet
  facet normal 0 0 -1
    outer loop
      vertex -172.781 -21.0266 0
      vertex -172.688 -17.9941 0
      vertex -172.594 -21.003 0
    endloop
  endfacet
  facet normal 0 0 -1
    outer loop
      vertex -173.062 -17.9469 0
      vertex -172.781 -21.0266 0
      vertex -172.964 -21.0734 0
    endloop
  endfacet
  facet normal 0 0 -1
    outer loop
      vertex -172.781 -21.0266 0
      vertex -173.062 -17.9469 0
      vertex -172.688 -17.9941 0
    endloop
  endfacet
  facet normal 0 0 -1
    outer loop
      vertex -173.139 -21.1428 0
      vertex -173.062 -17.9469 0
      vertex -172.964 -21.0734 0
    endloop
  endfacet
  facet normal 0 0 -1
    outer loop
      vertex -173.427 -17.8532 0
      vertex -173.139 -21.1428 0
      vertex -173.304 -21.2335 0
    endloop
  endfacet
  facet normal 0 0 -1
    outer loop
      vertex -173.139 -21.1428 0
      vertex -173.427 -17.8532 0
      vertex -173.062 -17.9469 0
    endloop
  endfacet
  facet normal 0 0 -1
    outer loop
      vertex -173.777 -17.7145 0
      vertex -173.304 -21.2335 0
      vertex -173.456 -21.3442 0
    endloop
  endfacet
  facet normal 0 0 -1
    outer loop
      vertex -174.107 -17.533 0
      vertex -173.456 -21.3442 0
      vertex -173.593 -21.4732 0
    endloop
  endfacet
  facet normal 0 0 -1
    outer loop
      vertex -174.107 -17.533 0
      vertex -173.593 -21.4732 0
      vertex -173.714 -21.6183 0
    endloop
  endfacet
  facet normal 0 0 -1
    outer loop
      vertex -173.304 -21.2335 0
      vertex -173.777 -17.7145 0
      vertex -173.427 -17.8532 0
    endloop
  endfacet
  facet normal 0 0 -1
    outer loop
      vertex -174.412 -17.3115 0
      vertex -173.714 -21.6183 0
      vertex -173.814 -21.7774 0
    endloop
  endfacet
  facet normal 0 0 -1
    outer loop
      vertex -174.687 -17.0536 0
      vertex -173.814 -21.7774 0
      vertex -173.895 -21.9478 0
    endloop
  endfacet
  facet normal 0 0 -1
    outer loop
      vertex -174.927 -16.7634 0
      vertex -173.895 -21.9478 0
      vertex -173.953 -22.127 0
    endloop
  endfacet
  facet normal 0 0 -1
    outer loop
      vertex -174.927 -16.7634 0
      vertex -173.953 -22.127 0
      vertex -173.988 -22.312 0
    endloop
  endfacet
  facet normal 0 0 -1
    outer loop
      vertex -175.129 -16.4453 0
      vertex -173.988 -22.312 0
      vertex -174 -22.5 0
    endloop
  endfacet
  facet normal 0 0 -1
    outer loop
      vertex -173.456 -21.3442 0
      vertex -174.107 -17.533 0
      vertex -173.777 -17.7145 0
    endloop
  endfacet
  facet normal -0 0 -1
    outer loop
      vertex -173.895 -23.0522 0
      vertex -174.927 -28.2366 0
      vertex -173.953 -22.873 0
    endloop
  endfacet
  facet normal -0 0 -1
    outer loop
      vertex -173.953 -22.873 0
      vertex -174.927 -28.2366 0
      vertex -173.988 -22.688 0
    endloop
  endfacet
  facet normal 0 0 -1
    outer loop
      vertex -173.714 -21.6183 0
      vertex -174.412 -17.3115 0
      vertex -174.107 -17.533 0
    endloop
  endfacet
  facet normal 0 0 -1
    outer loop
      vertex -175.129 -28.5547 0
      vertex -173.988 -22.688 0
      vertex -174.927 -28.2366 0
    endloop
  endfacet
  facet normal 0 0 -1
    outer loop
      vertex -173.814 -21.7774 0
      vertex -174.687 -17.0536 0
      vertex -174.412 -17.3115 0
    endloop
  endfacet
  facet normal 0 0 -1
    outer loop
      vertex -179.5 -32 0
      vertex -173.988 -22.688 0
      vertex -175.129 -28.5547 0
    endloop
  endfacet
  facet normal 0 0 -1
    outer loop
      vertex -173.895 -21.9478 0
      vertex -174.927 -16.7634 0
      vertex -174.687 -17.0536 0
    endloop
  endfacet
  facet normal 0 0 -1
    outer loop
      vertex -179.5 -32 0
      vertex -175.129 -28.5547 0
      vertex -175.289 -28.8956 0
    endloop
  endfacet
  facet normal 0 0 -1
    outer loop
      vertex -173.988 -22.312 0
      vertex -175.129 -16.4453 0
      vertex -174.927 -16.7634 0
    endloop
  endfacet
  facet normal -0 0 -1
    outer loop
      vertex -173.988 -22.688 0
      vertex -179.5 -32 0
      vertex -174 -22.5 0
    endloop
  endfacet
  facet normal 0 0 -1
    outer loop
      vertex -179.5 -32 0
      vertex -175.129 -16.4453 0
      vertex -174 -22.5 0
    endloop
  endfacet
  facet normal 0 0 -1
    outer loop
      vertex -179.5 -32 0
      vertex -175.289 -28.8956 0
      vertex -175.406 -29.2539 0
    endloop
  endfacet
  facet normal -0 0 -1
    outer loop
      vertex -175.129 -16.4453 0
      vertex -179.5 -32 0
      vertex -175.289 -16.1044 0
    endloop
  endfacet
  facet normal 0 0 -1
    outer loop
      vertex -179.5 -32 0
      vertex -175.406 -29.2539 0
      vertex -175.476 -29.624 0
    endloop
  endfacet
  facet normal -0 0 -1
    outer loop
      vertex -175.289 -16.1044 0
      vertex -179.5 -32 0
      vertex -175.406 -15.7461 0
    endloop
  endfacet
  facet normal 0 0 -1
    outer loop
      vertex -179.5 -32 0
      vertex -175.476 -29.624 0
      vertex -175.5 -30 0
    endloop
  endfacet
  facet normal -0 0 -1
    outer loop
      vertex -175.406 -15.7461 0
      vertex -179.5 -32 0
      vertex -175.476 -15.376 0
    endloop
  endfacet
  facet normal 0 0 -1
    outer loop
      vertex -170.073 -1.76336 0
      vertex -171.105 -6.94781 0
      vertex -170.313 -2.05364 0
    endloop
  endfacet
  facet normal 0 0 -1
    outer loop
      vertex -171.186 -6.77737 0
      vertex -170.313 -2.05364 0
      vertex -171.105 -6.94781 0
    endloop
  endfacet
  facet normal 0 0 -1
    outer loop
      vertex -170.313 -2.05364 0
      vertex -171.186 -6.77737 0
      vertex -170.588 -2.31154 0
    endloop
  endfacet
  facet normal 0 0 -1
    outer loop
      vertex -171.286 -6.61832 0
      vertex -170.588 -2.31154 0
      vertex -171.186 -6.77737 0
    endloop
  endfacet
  facet normal 0 0 -1
    outer loop
      vertex -170.588 -2.31154 0
      vertex -171.286 -6.61832 0
      vertex -170.893 -2.53298 0
    endloop
  endfacet
  facet normal 0 0 -1
    outer loop
      vertex -171.407 -6.47318 0
      vertex -170.893 -2.53298 0
      vertex -171.286 -6.61832 0
    endloop
  endfacet
  facet normal 0 0 -1
    outer loop
      vertex -171.544 -6.34423 0
      vertex -170.893 -2.53298 0
      vertex -171.407 -6.47318 0
    endloop
  endfacet
  facet normal 0 0 -1
    outer loop
      vertex -170.893 -2.53298 0
      vertex -171.544 -6.34423 0
      vertex -171.223 -2.71448 0
    endloop
  endfacet
  facet normal 0 0 -1
    outer loop
      vertex -171.696 -6.23351 0
      vertex -171.223 -2.71448 0
      vertex -171.544 -6.34423 0
    endloop
  endfacet
  facet normal 0 0 -1
    outer loop
      vertex -171.223 -2.71448 0
      vertex -171.696 -6.23351 0
      vertex -171.573 -2.85317 0
    endloop
  endfacet
  facet normal 0 0 -1
    outer loop
      vertex -171.861 -6.14276 0
      vertex -171.573 -2.85317 0
      vertex -171.696 -6.23351 0
    endloop
  endfacet
  facet normal 0 0 -1
    outer loop
      vertex -171.861 -6.14276 0
      vertex -171.938 -2.94686 0
      vertex -171.573 -2.85317 0
    endloop
  endfacet
  facet normal 0 0 -1
    outer loop
      vertex -172.036 -6.07341 0
      vertex -171.938 -2.94686 0
      vertex -171.861 -6.14276 0
    endloop
  endfacet
  facet normal 0 0 -1
    outer loop
      vertex -172.219 -6.02657 0
      vertex -171.938 -2.94686 0
      vertex -172.036 -6.07341 0
    endloop
  endfacet
  facet normal 0 0 -1
    outer loop
      vertex -172.219 -6.02657 0
      vertex -172.312 -2.99408 0
      vertex -171.938 -2.94686 0
    endloop
  endfacet
  facet normal 0 0 -1
    outer loop
      vertex -172.406 -6.00296 0
      vertex -172.312 -2.99408 0
      vertex -172.219 -6.02657 0
    endloop
  endfacet
  facet normal 0 0 -1
    outer loop
      vertex -172.594 -6.00296 0
      vertex -172.312 -2.99408 0
      vertex -172.406 -6.00296 0
    endloop
  endfacet
  facet normal 0 0 -1
    outer loop
      vertex -172.594 -6.00296 0
      vertex -172.688 -2.99408 0
      vertex -172.312 -2.99408 0
    endloop
  endfacet
  facet normal 0 0 -1
    outer loop
      vertex -172.781 -6.02657 0
      vertex -172.688 -2.99408 0
      vertex -172.594 -6.00296 0
    endloop
  endfacet
  facet normal 0 0 -1
    outer loop
      vertex -173.062 -2.94686 0
      vertex -172.781 -6.02657 0
      vertex -172.964 -6.07341 0
    endloop
  endfacet
  facet normal 0 0 -1
    outer loop
      vertex -172.781 -6.02657 0
      vertex -173.062 -2.94686 0
      vertex -172.688 -2.99408 0
    endloop
  endfacet
  facet normal 0 0 -1
    outer loop
      vertex -173.139 -6.14276 0
      vertex -173.062 -2.94686 0
      vertex -172.964 -6.07341 0
    endloop
  endfacet
  facet normal 0 0 -1
    outer loop
      vertex -173.427 -2.85317 0
      vertex -173.139 -6.14276 0
      vertex -173.304 -6.23351 0
    endloop
  endfacet
  facet normal 0 0 -1
    outer loop
      vertex -173.139 -6.14276 0
      vertex -173.427 -2.85317 0
      vertex -173.062 -2.94686 0
    endloop
  endfacet
  facet normal 0 0 -1
    outer loop
      vertex -173.777 -2.71448 0
      vertex -173.304 -6.23351 0
      vertex -173.456 -6.34423 0
    endloop
  endfacet
  facet normal 0 0 -1
    outer loop
      vertex -174.107 -2.53298 0
      vertex -173.456 -6.34423 0
      vertex -173.593 -6.47318 0
    endloop
  endfacet
  facet normal 0 0 -1
    outer loop
      vertex -174.107 -2.53298 0
      vertex -173.593 -6.47318 0
      vertex -173.714 -6.61832 0
    endloop
  endfacet
  facet normal 0 0 -1
    outer loop
      vertex -173.304 -6.23351 0
      vertex -173.777 -2.71448 0
      vertex -173.427 -2.85317 0
    endloop
  endfacet
  facet normal 0 0 -1
    outer loop
      vertex -174.412 -2.31154 0
      vertex -173.714 -6.61832 0
      vertex -173.814 -6.77737 0
    endloop
  endfacet
  facet normal 0 0 -1
    outer loop
      vertex -174.687 -2.05364 0
      vertex -173.814 -6.77737 0
      vertex -173.895 -6.94781 0
    endloop
  endfacet
  facet normal 0 0 -1
    outer loop
      vertex -174.927 -1.76336 0
      vertex -173.895 -6.94781 0
      vertex -173.953 -7.12696 0
    endloop
  endfacet
  facet normal 0 0 -1
    outer loop
      vertex -174.927 -1.76336 0
      vertex -173.953 -7.12696 0
      vertex -173.988 -7.312 0
    endloop
  endfacet
  facet normal 0 0 -1
    outer loop
      vertex -175.129 -1.44526 0
      vertex -173.988 -7.312 0
      vertex -174 -7.5 0
    endloop
  endfacet
  facet normal 0 0 -1
    outer loop
      vertex -173.456 -6.34423 0
      vertex -174.107 -2.53298 0
      vertex -173.777 -2.71448 0
    endloop
  endfacet
  facet normal -0 0 -1
    outer loop
      vertex -173.895 -8.05219 0
      vertex -174.927 -13.2366 0
      vertex -173.953 -7.87303 0
    endloop
  endfacet
  facet normal -0 0 -1
    outer loop
      vertex -173.953 -7.87303 0
      vertex -174.927 -13.2366 0
      vertex -173.988 -7.688 0
    endloop
  endfacet
  facet normal 0 0 -1
    outer loop
      vertex -173.714 -6.61832 0
      vertex -174.412 -2.31154 0
      vertex -174.107 -2.53298 0
    endloop
  endfacet
  facet normal 0 0 -1
    outer loop
      vertex -175.129 -13.5547 0
      vertex -173.988 -7.688 0
      vertex -174.927 -13.2366 0
    endloop
  endfacet
  facet normal 0 0 -1
    outer loop
      vertex -173.814 -6.77737 0
      vertex -174.687 -2.05364 0
      vertex -174.412 -2.31154 0
    endloop
  endfacet
  facet normal -0 0 -1
    outer loop
      vertex -173.988 -7.688 0
      vertex -175.129 -13.5547 0
      vertex -174 -7.5 0
    endloop
  endfacet
  facet normal 0 0 -1
    outer loop
      vertex -173.895 -6.94781 0
      vertex -174.927 -1.76336 0
      vertex -174.687 -2.05364 0
    endloop
  endfacet
  facet normal 0 0 -1
    outer loop
      vertex -175.289 -13.8956 0
      vertex -174 -7.5 0
      vertex -175.129 -13.5547 0
    endloop
  endfacet
  facet normal 0 0 -1
    outer loop
      vertex -173.988 -7.312 0
      vertex -175.129 -1.44526 0
      vertex -174.927 -1.76336 0
    endloop
  endfacet
  facet normal 0 0 -1
    outer loop
      vertex -175.289 -1.10437 0
      vertex -174 -7.5 0
      vertex -175.289 -13.8956 0
    endloop
  endfacet
  facet normal 0 0 -1
    outer loop
      vertex -174 -7.5 0
      vertex -175.289 -1.10437 0
      vertex -175.129 -1.44526 0
    endloop
  endfacet
  facet normal 0 0 -1
    outer loop
      vertex -175.406 -14.2539 0
      vertex -175.289 -1.10437 0
      vertex -175.289 -13.8956 0
    endloop
  endfacet
  facet normal 0 0 -1
    outer loop
      vertex -175.406 -14.2539 0
      vertex -175.406 -0.746069 0
      vertex -175.289 -1.10437 0
    endloop
  endfacet
  facet normal 0 0 -1
    outer loop
      vertex -175.476 -14.624 0
      vertex -175.406 -0.746069 0
      vertex -175.406 -14.2539 0
    endloop
  endfacet
  facet normal 0 0 -1
    outer loop
      vertex -175.476 -14.624 0
      vertex -175.476 -0.375999 0
      vertex -175.406 -0.746069 0
    endloop
  endfacet
  facet normal 0 0 -1
    outer loop
      vertex -175.5 -15 0
      vertex -175.476 -0.375999 0
      vertex -175.476 -14.624 0
    endloop
  endfacet
  facet normal -0 0 -1
    outer loop
      vertex -175.476 -0.375999 0
      vertex -175.5 -15 0
      vertex -175.5 0 0
    endloop
  endfacet
  facet normal 0 0 -1
    outer loop
      vertex -170.073 13.2366 0
      vertex -171.105 8.05219 0
      vertex -170.313 12.9464 0
    endloop
  endfacet
  facet normal 0 0 -1
    outer loop
      vertex -171.186 8.22263 0
      vertex -170.313 12.9464 0
      vertex -171.105 8.05219 0
    endloop
  endfacet
  facet normal 0 0 -1
    outer loop
      vertex -170.313 12.9464 0
      vertex -171.186 8.22263 0
      vertex -170.588 12.6885 0
    endloop
  endfacet
  facet normal 0 0 -1
    outer loop
      vertex -171.286 8.38168 0
      vertex -170.588 12.6885 0
      vertex -171.186 8.22263 0
    endloop
  endfacet
  facet normal 0 0 -1
    outer loop
      vertex -170.588 12.6885 0
      vertex -171.286 8.38168 0
      vertex -170.893 12.467 0
    endloop
  endfacet
  facet normal 0 0 -1
    outer loop
      vertex -171.407 8.52682 0
      vertex -170.893 12.467 0
      vertex -171.286 8.38168 0
    endloop
  endfacet
  facet normal 0 0 -1
    outer loop
      vertex -171.544 8.65577 0
      vertex -170.893 12.467 0
      vertex -171.407 8.52682 0
    endloop
  endfacet
  facet normal 0 0 -1
    outer loop
      vertex -170.893 12.467 0
      vertex -171.544 8.65577 0
      vertex -171.223 12.2855 0
    endloop
  endfacet
  facet normal 0 0 -1
    outer loop
      vertex -171.696 8.76649 0
      vertex -171.223 12.2855 0
      vertex -171.544 8.65577 0
    endloop
  endfacet
  facet normal 0 0 -1
    outer loop
      vertex -171.223 12.2855 0
      vertex -171.696 8.76649 0
      vertex -171.573 12.1468 0
    endloop
  endfacet
  facet normal 0 0 -1
    outer loop
      vertex -171.861 8.85724 0
      vertex -171.573 12.1468 0
      vertex -171.696 8.76649 0
    endloop
  endfacet
  facet normal 0 0 -1
    outer loop
      vertex -171.861 8.85724 0
      vertex -171.938 12.0531 0
      vertex -171.573 12.1468 0
    endloop
  endfacet
  facet normal 0 0 -1
    outer loop
      vertex -172.036 8.92658 0
      vertex -171.938 12.0531 0
      vertex -171.861 8.85724 0
    endloop
  endfacet
  facet normal 0 0 -1
    outer loop
      vertex -172.219 8.97343 0
      vertex -171.938 12.0531 0
      vertex -172.036 8.92658 0
    endloop
  endfacet
  facet normal 0 0 -1
    outer loop
      vertex -172.219 8.97343 0
      vertex -172.312 12.0059 0
      vertex -171.938 12.0531 0
    endloop
  endfacet
  facet normal 0 0 -1
    outer loop
      vertex -172.406 8.99704 0
      vertex -172.312 12.0059 0
      vertex -172.219 8.97343 0
    endloop
  endfacet
  facet normal 0 0 -1
    outer loop
      vertex -172.594 8.99704 0
      vertex -172.312 12.0059 0
      vertex -172.406 8.99704 0
    endloop
  endfacet
  facet normal 0 0 -1
    outer loop
      vertex -172.594 8.99704 0
      vertex -172.688 12.0059 0
      vertex -172.312 12.0059 0
    endloop
  endfacet
  facet normal 0 0 -1
    outer loop
      vertex -172.781 8.97343 0
      vertex -172.688 12.0059 0
      vertex -172.594 8.99704 0
    endloop
  endfacet
  facet normal 0 0 -1
    outer loop
      vertex -173.062 12.0531 0
      vertex -172.781 8.97343 0
      vertex -172.964 8.92658 0
    endloop
  endfacet
  facet normal 0 0 -1
    outer loop
      vertex -172.781 8.97343 0
      vertex -173.062 12.0531 0
      vertex -172.688 12.0059 0
    endloop
  endfacet
  facet normal 0 0 -1
    outer loop
      vertex -173.139 8.85724 0
      vertex -173.062 12.0531 0
      vertex -172.964 8.92658 0
    endloop
  endfacet
  facet normal 0 0 -1
    outer loop
      vertex -173.427 12.1468 0
      vertex -173.139 8.85724 0
      vertex -173.304 8.76649 0
    endloop
  endfacet
  facet normal 0 0 -1
    outer loop
      vertex -173.139 8.85724 0
      vertex -173.427 12.1468 0
      vertex -173.062 12.0531 0
    endloop
  endfacet
  facet normal 0 0 -1
    outer loop
      vertex -173.777 12.2855 0
      vertex -173.304 8.76649 0
      vertex -173.456 8.65577 0
    endloop
  endfacet
  facet normal 0 0 -1
    outer loop
      vertex -174.107 12.467 0
      vertex -173.456 8.65577 0
      vertex -173.593 8.52682 0
    endloop
  endfacet
  facet normal 0 0 -1
    outer loop
      vertex -174.107 12.467 0
      vertex -173.593 8.52682 0
      vertex -173.714 8.38168 0
    endloop
  endfacet
  facet normal 0 0 -1
    outer loop
      vertex -173.304 8.76649 0
      vertex -173.777 12.2855 0
      vertex -173.427 12.1468 0
    endloop
  endfacet
  facet normal 0 0 -1
    outer loop
      vertex -174.412 12.6885 0
      vertex -173.714 8.38168 0
      vertex -173.814 8.22263 0
    endloop
  endfacet
  facet normal 0 0 -1
    outer loop
      vertex -174.687 12.9464 0
      vertex -173.814 8.22263 0
      vertex -173.895 8.05219 0
    endloop
  endfacet
  facet normal 0 0 -1
    outer loop
      vertex -174.927 13.2366 0
      vertex -173.895 8.05219 0
      vertex -173.953 7.87303 0
    endloop
  endfacet
  facet normal 0 0 -1
    outer loop
      vertex -174.927 13.2366 0
      vertex -173.953 7.87303 0
      vertex -173.988 7.688 0
    endloop
  endfacet
  facet normal 0 0 -1
    outer loop
      vertex -175.129 13.5547 0
      vertex -173.988 7.688 0
      vertex -174 7.5 0
    endloop
  endfacet
  facet normal 0 0 -1
    outer loop
      vertex -173.456 8.65577 0
      vertex -174.107 12.467 0
      vertex -173.777 12.2855 0
    endloop
  endfacet
  facet normal -0 0 -1
    outer loop
      vertex -173.895 6.94781 0
      vertex -174.927 1.76336 0
      vertex -173.953 7.12696 0
    endloop
  endfacet
  facet normal -0 0 -1
    outer loop
      vertex -173.953 7.12696 0
      vertex -174.927 1.76336 0
      vertex -173.988 7.312 0
    endloop
  endfacet
  facet normal 0 0 -1
    outer loop
      vertex -173.714 8.38168 0
      vertex -174.412 12.6885 0
      vertex -174.107 12.467 0
    endloop
  endfacet
  facet normal 0 0 -1
    outer loop
      vertex -175.129 1.44526 0
      vertex -173.988 7.312 0
      vertex -174.927 1.76336 0
    endloop
  endfacet
  facet normal 0 0 -1
    outer loop
      vertex -173.814 8.22263 0
      vertex -174.687 12.9464 0
      vertex -174.412 12.6885 0
    endloop
  endfacet
  facet normal -0 0 -1
    outer loop
      vertex -173.988 7.312 0
      vertex -175.129 1.44526 0
      vertex -174 7.5 0
    endloop
  endfacet
  facet normal 0 0 -1
    outer loop
      vertex -173.895 8.05219 0
      vertex -174.927 13.2366 0
      vertex -174.687 12.9464 0
    endloop
  endfacet
  facet normal 0 0 -1
    outer loop
      vertex -175.289 1.10437 0
      vertex -174 7.5 0
      vertex -175.129 1.44526 0
    endloop
  endfacet
  facet normal 0 0 -1
    outer loop
      vertex -173.988 7.688 0
      vertex -175.129 13.5547 0
      vertex -174.927 13.2366 0
    endloop
  endfacet
  facet normal 0 0 -1
    outer loop
      vertex -175.289 13.8956 0
      vertex -174 7.5 0
      vertex -175.289 1.10437 0
    endloop
  endfacet
  facet normal 0 0 -1
    outer loop
      vertex -174 7.5 0
      vertex -175.289 13.8956 0
      vertex -175.129 13.5547 0
    endloop
  endfacet
  facet normal 0 0 -1
    outer loop
      vertex -175.406 0.746069 0
      vertex -175.289 13.8956 0
      vertex -175.289 1.10437 0
    endloop
  endfacet
  facet normal 0 0 -1
    outer loop
      vertex -175.406 0.746069 0
      vertex -175.406 14.2539 0
      vertex -175.289 13.8956 0
    endloop
  endfacet
  facet normal 0 0 -1
    outer loop
      vertex -175.476 0.375999 0
      vertex -175.406 14.2539 0
      vertex -175.406 0.746069 0
    endloop
  endfacet
  facet normal 0 0 -1
    outer loop
      vertex -175.476 0.375999 0
      vertex -175.476 14.624 0
      vertex -175.406 14.2539 0
    endloop
  endfacet
  facet normal 0 0 -1
    outer loop
      vertex -175.5 0 0
      vertex -175.476 14.624 0
      vertex -175.476 0.375999 0
    endloop
  endfacet
  facet normal -0 0 -1
    outer loop
      vertex -175.476 14.624 0
      vertex -175.5 0 0
      vertex -175.5 15 0
    endloop
  endfacet
  facet normal 0 0 -1
    outer loop
      vertex -170.073 28.2366 0
      vertex -171.105 23.0522 0
      vertex -170.313 27.9464 0
    endloop
  endfacet
  facet normal 0 0 -1
    outer loop
      vertex -171.186 23.2226 0
      vertex -170.313 27.9464 0
      vertex -171.105 23.0522 0
    endloop
  endfacet
  facet normal 0 0 -1
    outer loop
      vertex -170.313 27.9464 0
      vertex -171.186 23.2226 0
      vertex -170.588 27.6885 0
    endloop
  endfacet
  facet normal 0 0 -1
    outer loop
      vertex -171.286 23.3817 0
      vertex -170.588 27.6885 0
      vertex -171.186 23.2226 0
    endloop
  endfacet
  facet normal 0 0 -1
    outer loop
      vertex -170.588 27.6885 0
      vertex -171.286 23.3817 0
      vertex -170.893 27.467 0
    endloop
  endfacet
  facet normal 0 0 -1
    outer loop
      vertex -171.407 23.5268 0
      vertex -170.893 27.467 0
      vertex -171.286 23.3817 0
    endloop
  endfacet
  facet normal 0 0 -1
    outer loop
      vertex -171.544 23.6558 0
      vertex -170.893 27.467 0
      vertex -171.407 23.5268 0
    endloop
  endfacet
  facet normal 0 0 -1
    outer loop
      vertex -170.893 27.467 0
      vertex -171.544 23.6558 0
      vertex -171.223 27.2855 0
    endloop
  endfacet
  facet normal 0 0 -1
    outer loop
      vertex -171.696 23.7665 0
      vertex -171.223 27.2855 0
      vertex -171.544 23.6558 0
    endloop
  endfacet
  facet normal 0 0 -1
    outer loop
      vertex -171.223 27.2855 0
      vertex -171.696 23.7665 0
      vertex -171.573 27.1468 0
    endloop
  endfacet
  facet normal 0 0 -1
    outer loop
      vertex -171.861 23.8572 0
      vertex -171.573 27.1468 0
      vertex -171.696 23.7665 0
    endloop
  endfacet
  facet normal 0 0 -1
    outer loop
      vertex -171.861 23.8572 0
      vertex -171.938 27.0531 0
      vertex -171.573 27.1468 0
    endloop
  endfacet
  facet normal 0 0 -1
    outer loop
      vertex -172.036 23.9266 0
      vertex -171.938 27.0531 0
      vertex -171.861 23.8572 0
    endloop
  endfacet
  facet normal 0 0 -1
    outer loop
      vertex -172.219 23.9734 0
      vertex -171.938 27.0531 0
      vertex -172.036 23.9266 0
    endloop
  endfacet
  facet normal 0 0 -1
    outer loop
      vertex -172.219 23.9734 0
      vertex -172.312 27.0059 0
      vertex -171.938 27.0531 0
    endloop
  endfacet
  facet normal 0 0 -1
    outer loop
      vertex -172.406 23.997 0
      vertex -172.312 27.0059 0
      vertex -172.219 23.9734 0
    endloop
  endfacet
  facet normal 0 0 -1
    outer loop
      vertex -172.594 23.997 0
      vertex -172.312 27.0059 0
      vertex -172.406 23.997 0
    endloop
  endfacet
  facet normal 0 0 -1
    outer loop
      vertex -172.594 23.997 0
      vertex -172.688 27.0059 0
      vertex -172.312 27.0059 0
    endloop
  endfacet
  facet normal 0 0 -1
    outer loop
      vertex -172.781 23.9734 0
      vertex -172.688 27.0059 0
      vertex -172.594 23.997 0
    endloop
  endfacet
  facet normal 0 0 -1
    outer loop
      vertex -173.062 27.0531 0
      vertex -172.781 23.9734 0
      vertex -172.964 23.9266 0
    endloop
  endfacet
  facet normal 0 0 -1
    outer loop
      vertex -172.781 23.9734 0
      vertex -173.062 27.0531 0
      vertex -172.688 27.0059 0
    endloop
  endfacet
  facet normal 0 0 -1
    outer loop
      vertex -173.139 23.8572 0
      vertex -173.062 27.0531 0
      vertex -172.964 23.9266 0
    endloop
  endfacet
  facet normal 0 0 -1
    outer loop
      vertex -173.427 27.1468 0
      vertex -173.139 23.8572 0
      vertex -173.304 23.7665 0
    endloop
  endfacet
  facet normal 0 0 -1
    outer loop
      vertex -173.139 23.8572 0
      vertex -173.427 27.1468 0
      vertex -173.062 27.0531 0
    endloop
  endfacet
  facet normal 0 0 -1
    outer loop
      vertex -173.777 27.2855 0
      vertex -173.304 23.7665 0
      vertex -173.456 23.6558 0
    endloop
  endfacet
  facet normal 0 0 -1
    outer loop
      vertex -174.107 27.467 0
      vertex -173.456 23.6558 0
      vertex -173.593 23.5268 0
    endloop
  endfacet
  facet normal 0 0 -1
    outer loop
      vertex -174.107 27.467 0
      vertex -173.593 23.5268 0
      vertex -173.714 23.3817 0
    endloop
  endfacet
  facet normal 0 0 -1
    outer loop
      vertex -173.304 23.7665 0
      vertex -173.777 27.2855 0
      vertex -173.427 27.1468 0
    endloop
  endfacet
  facet normal 0 0 -1
    outer loop
      vertex -174.412 27.6885 0
      vertex -173.714 23.3817 0
      vertex -173.814 23.2226 0
    endloop
  endfacet
  facet normal 0 0 -1
    outer loop
      vertex -174.687 27.9464 0
      vertex -173.814 23.2226 0
      vertex -173.895 23.0522 0
    endloop
  endfacet
  facet normal 0 0 -1
    outer loop
      vertex -174.927 28.2366 0
      vertex -173.895 23.0522 0
      vertex -173.953 22.873 0
    endloop
  endfacet
  facet normal 0 0 -1
    outer loop
      vertex -174.927 28.2366 0
      vertex -173.953 22.873 0
      vertex -173.988 22.688 0
    endloop
  endfacet
  facet normal 0 0 -1
    outer loop
      vertex -175.129 28.5547 0
      vertex -173.988 22.688 0
      vertex -174 22.5 0
    endloop
  endfacet
  facet normal 0 0 -1
    outer loop
      vertex -173.456 23.6558 0
      vertex -174.107 27.467 0
      vertex -173.777 27.2855 0
    endloop
  endfacet
  facet normal -0 0 -1
    outer loop
      vertex -173.895 21.9478 0
      vertex -174.927 16.7634 0
      vertex -173.953 22.127 0
    endloop
  endfacet
  facet normal -0 0 -1
    outer loop
      vertex -173.953 22.127 0
      vertex -174.927 16.7634 0
      vertex -173.988 22.312 0
    endloop
  endfacet
  facet normal 0 0 -1
    outer loop
      vertex -173.714 23.3817 0
      vertex -174.412 27.6885 0
      vertex -174.107 27.467 0
    endloop
  endfacet
  facet normal 0 0 -1
    outer loop
      vertex -175.129 16.4453 0
      vertex -173.988 22.312 0
      vertex -174.927 16.7634 0
    endloop
  endfacet
  facet normal 0 0 -1
    outer loop
      vertex -173.814 23.2226 0
      vertex -174.687 27.9464 0
      vertex -174.412 27.6885 0
    endloop
  endfacet
  facet normal -0 0 -1
    outer loop
      vertex -173.988 22.312 0
      vertex -175.129 16.4453 0
      vertex -174 22.5 0
    endloop
  endfacet
  facet normal 0 0 -1
    outer loop
      vertex -173.895 23.0522 0
      vertex -174.927 28.2366 0
      vertex -174.687 27.9464 0
    endloop
  endfacet
  facet normal 0 0 -1
    outer loop
      vertex -175.289 16.1044 0
      vertex -174 22.5 0
      vertex -175.129 16.4453 0
    endloop
  endfacet
  facet normal 0 0 -1
    outer loop
      vertex -173.988 22.688 0
      vertex -175.129 28.5547 0
      vertex -174.927 28.2366 0
    endloop
  endfacet
  facet normal 0 0 -1
    outer loop
      vertex -175.289 28.8956 0
      vertex -174 22.5 0
      vertex -175.289 16.1044 0
    endloop
  endfacet
  facet normal 0 0 -1
    outer loop
      vertex -174 22.5 0
      vertex -175.289 28.8956 0
      vertex -175.129 28.5547 0
    endloop
  endfacet
  facet normal 0 0 -1
    outer loop
      vertex -175.406 15.7461 0
      vertex -175.289 28.8956 0
      vertex -175.289 16.1044 0
    endloop
  endfacet
  facet normal 0 0 -1
    outer loop
      vertex -175.406 15.7461 0
      vertex -175.406 29.2539 0
      vertex -175.289 28.8956 0
    endloop
  endfacet
  facet normal 0 0 -1
    outer loop
      vertex -175.476 15.376 0
      vertex -175.406 29.2539 0
      vertex -175.406 15.7461 0
    endloop
  endfacet
  facet normal 0 0 -1
    outer loop
      vertex -175.476 15.376 0
      vertex -175.476 29.624 0
      vertex -175.406 29.2539 0
    endloop
  endfacet
  facet normal 0 0 -1
    outer loop
      vertex -175.5 15 0
      vertex -175.476 29.624 0
      vertex -175.476 15.376 0
    endloop
  endfacet
  facet normal -0 0 -1
    outer loop
      vertex -175.476 29.624 0
      vertex -175.5 15 0
      vertex -175.5 30 0
    endloop
  endfacet
  facet normal -0.481919 0.876216 0
    outer loop
      vertex -170.893 -32.533 0
      vertex -171.223 -32.7145 3
      vertex -170.893 -32.533 3
    endloop
  endfacet
  facet normal -0.481919 0.876216 0
    outer loop
      vertex -171.223 -32.7145 3
      vertex -170.893 -32.533 0
      vertex -171.223 -32.7145 0
    endloop
  endfacet
  facet normal -0.481919 -0.876216 0
    outer loop
      vertex -171.223 -27.2855 0
      vertex -170.893 -27.467 3
      vertex -171.223 -27.2855 3
    endloop
  endfacet
  facet normal -0.481919 -0.876216 -0
    outer loop
      vertex -170.893 -27.467 3
      vertex -171.223 -27.2855 0
      vertex -170.893 -27.467 0
    endloop
  endfacet
  facet normal 0.77061 -0.637307 0
    outer loop
      vertex -174.927 -28.2366 3
      vertex -174.687 -27.9464 0
      vertex -174.687 -27.9464 3
    endloop
  endfacet
  facet normal 0.77061 -0.637307 0
    outer loop
      vertex -174.687 -27.9464 0
      vertex -174.927 -28.2366 3
      vertex -174.927 -28.2366 0
    endloop
  endfacet
  facet normal 0.481919 -0.876216 0
    outer loop
      vertex -174.107 -27.467 0
      vertex -173.777 -27.2855 3
      vertex -174.107 -27.467 3
    endloop
  endfacet
  facet normal 0.481919 -0.876216 0
    outer loop
      vertex -173.777 -27.2855 3
      vertex -174.107 -27.467 0
      vertex -173.777 -27.2855 0
    endloop
  endfacet
  facet normal -0.587619 0.809137 0
    outer loop
      vertex -170.588 -32.3115 0
      vertex -170.893 -32.533 3
      vertex -170.588 -32.3115 3
    endloop
  endfacet
  facet normal -0.587619 0.809137 0
    outer loop
      vertex -170.893 -32.533 3
      vertex -170.588 -32.3115 0
      vertex -170.893 -32.533 0
    endloop
  endfacet
  facet normal -0.684065 0.729421 0
    outer loop
      vertex -170.313 -32.0536 0
      vertex -170.588 -32.3115 3
      vertex -170.313 -32.0536 3
    endloop
  endfacet
  facet normal -0.684065 0.729421 0
    outer loop
      vertex -170.588 -32.3115 3
      vertex -170.313 -32.0536 0
      vertex -170.588 -32.3115 0
    endloop
  endfacet
  facet normal -0.905252 0.424876 0
    outer loop
      vertex -169.871 -31.4453 0
      vertex -169.711 -31.1044 3
      vertex -169.711 -31.1044 0
    endloop
  endfacet
  facet normal -0.905252 0.424876 0
    outer loop
      vertex -169.711 -31.1044 3
      vertex -169.871 -31.4453 0
      vertex -169.871 -31.4453 3
    endloop
  endfacet
  facet normal 0.368412 0.929663 -0
    outer loop
      vertex -173.427 -32.8532 0
      vertex -173.777 -32.7145 3
      vertex -173.427 -32.8532 3
    endloop
  endfacet
  facet normal 0.368412 0.929663 0
    outer loop
      vertex -173.777 -32.7145 3
      vertex -173.427 -32.8532 0
      vertex -173.777 -32.7145 0
    endloop
  endfacet
  facet normal 0.684065 0.729421 -0
    outer loop
      vertex -174.412 -32.3115 0
      vertex -174.687 -32.0536 3
      vertex -174.412 -32.3115 3
    endloop
  endfacet
  facet normal 0.684065 0.729421 0
    outer loop
      vertex -174.687 -32.0536 3
      vertex -174.412 -32.3115 0
      vertex -174.687 -32.0536 0
    endloop
  endfacet
  facet normal 0.950602 0.310412 0
    outer loop
      vertex -175.289 -31.1044 3
      vertex -175.406 -30.7461 0
      vertex -175.406 -30.7461 3
    endloop
  endfacet
  facet normal 0.950602 0.310412 0
    outer loop
      vertex -175.406 -30.7461 0
      vertex -175.289 -31.1044 3
      vertex -175.289 -31.1044 0
    endloop
  endfacet
  facet normal -0.950602 0.310412 0
    outer loop
      vertex -169.711 -31.1044 0
      vertex -169.594 -30.7461 3
      vertex -169.594 -30.7461 0
    endloop
  endfacet
  facet normal -0.950602 0.310412 0
    outer loop
      vertex -169.594 -30.7461 3
      vertex -169.711 -31.1044 0
      vertex -169.711 -31.1044 3
    endloop
  endfacet
  facet normal 0.12521 0.99213 -0
    outer loop
      vertex -172.688 -32.9941 0
      vertex -173.062 -32.9469 3
      vertex -172.688 -32.9941 3
    endloop
  endfacet
  facet normal 0.12521 0.99213 0
    outer loop
      vertex -173.062 -32.9469 3
      vertex -172.688 -32.9941 0
      vertex -173.062 -32.9469 0
    endloop
  endfacet
  facet normal 0.587619 0.809137 -0
    outer loop
      vertex -174.107 -32.533 0
      vertex -174.412 -32.3115 3
      vertex -174.107 -32.533 3
    endloop
  endfacet
  facet normal 0.587619 0.809137 0
    outer loop
      vertex -174.412 -32.3115 3
      vertex -174.107 -32.533 0
      vertex -174.412 -32.3115 0
    endloop
  endfacet
  facet normal 0.24865 0.968593 -0
    outer loop
      vertex -173.062 -32.9469 0
      vertex -173.427 -32.8532 3
      vertex -173.062 -32.9469 3
    endloop
  endfacet
  facet normal 0.24865 0.968593 0
    outer loop
      vertex -173.427 -32.8532 3
      vertex -173.062 -32.9469 0
      vertex -173.427 -32.8532 0
    endloop
  endfacet
  facet normal 0.844175 0.536068 0
    outer loop
      vertex -174.927 -31.7634 3
      vertex -175.129 -31.4453 0
      vertex -175.129 -31.4453 3
    endloop
  endfacet
  facet normal 0.844175 0.536068 0
    outer loop
      vertex -175.129 -31.4453 0
      vertex -174.927 -31.7634 3
      vertex -174.927 -31.7634 0
    endloop
  endfacet
  facet normal 0.982579 0.185843 0
    outer loop
      vertex -175.406 -30.7461 3
      vertex -175.476 -30.376 0
      vertex -175.476 -30.376 3
    endloop
  endfacet
  facet normal 0.982579 0.185843 0
    outer loop
      vertex -175.476 -30.376 0
      vertex -175.406 -30.7461 3
      vertex -175.406 -30.7461 0
    endloop
  endfacet
  facet normal 0.997969 0.0637002 0
    outer loop
      vertex -175.476 -30.376 3
      vertex -175.5 -30 0
      vertex -175.5 -30 3
    endloop
  endfacet
  facet normal 0.997969 0.0637002 0
    outer loop
      vertex -175.5 -30 0
      vertex -175.476 -30.376 3
      vertex -175.476 -30.376 0
    endloop
  endfacet
  facet normal -0.24865 0.968593 0
    outer loop
      vertex -171.573 -32.8532 0
      vertex -171.938 -32.9469 3
      vertex -171.573 -32.8532 3
    endloop
  endfacet
  facet normal -0.24865 0.968593 0
    outer loop
      vertex -171.938 -32.9469 3
      vertex -171.573 -32.8532 0
      vertex -171.938 -32.9469 0
    endloop
  endfacet
  facet normal -0.12521 0.99213 0
    outer loop
      vertex -171.938 -32.9469 0
      vertex -172.312 -32.9941 3
      vertex -171.938 -32.9469 3
    endloop
  endfacet
  facet normal -0.12521 0.99213 0
    outer loop
      vertex -172.312 -32.9941 3
      vertex -171.938 -32.9469 0
      vertex -172.312 -32.9941 0
    endloop
  endfacet
  facet normal 0.481919 0.876216 -0
    outer loop
      vertex -173.777 -32.7145 0
      vertex -174.107 -32.533 3
      vertex -173.777 -32.7145 3
    endloop
  endfacet
  facet normal 0.481919 0.876216 0
    outer loop
      vertex -174.107 -32.533 3
      vertex -173.777 -32.7145 0
      vertex -174.107 -32.533 0
    endloop
  endfacet
  facet normal 0.77061 0.637307 0
    outer loop
      vertex -174.687 -32.0536 3
      vertex -174.927 -31.7634 0
      vertex -174.927 -31.7634 3
    endloop
  endfacet
  facet normal 0.77061 0.637307 0
    outer loop
      vertex -174.927 -31.7634 0
      vertex -174.687 -32.0536 3
      vertex -174.687 -32.0536 0
    endloop
  endfacet
  facet normal -0.997969 -0.0637002 0
    outer loop
      vertex -169.5 -15 0
      vertex -169.524 -14.624 3
      vertex -169.524 -14.624 0
    endloop
  endfacet
  facet normal -0.997969 -0.0637002 0
    outer loop
      vertex -169.524 -14.624 3
      vertex -169.5 -15 0
      vertex -169.5 -15 3
    endloop
  endfacet
  facet normal 0.997969 -0.0637002 0
    outer loop
      vertex -175.5 -15 3
      vertex -175.476 -14.624 0
      vertex -175.476 -14.624 3
    endloop
  endfacet
  facet normal 0.997969 -0.0637002 0
    outer loop
      vertex -175.476 -14.624 0
      vertex -175.5 -15 3
      vertex -175.5 -15 0
    endloop
  endfacet
  facet normal 0 -1 0
    outer loop
      vertex -172.688 -12.0059 0
      vertex -172.312 -12.0059 3
      vertex -172.688 -12.0059 3
    endloop
  endfacet
  facet normal 0 -1 -0
    outer loop
      vertex -172.312 -12.0059 3
      vertex -172.688 -12.0059 0
      vertex -172.312 -12.0059 0
    endloop
  endfacet
  facet normal -0.684065 -0.729421 0
    outer loop
      vertex -170.588 -12.6885 0
      vertex -170.313 -12.9464 3
      vertex -170.588 -12.6885 3
    endloop
  endfacet
  facet normal -0.684065 -0.729421 -0
    outer loop
      vertex -170.313 -12.9464 3
      vertex -170.588 -12.6885 0
      vertex -170.313 -12.9464 0
    endloop
  endfacet
  facet normal 0.684065 -0.729421 0
    outer loop
      vertex -174.687 -12.9464 0
      vertex -174.412 -12.6885 3
      vertex -174.687 -12.9464 3
    endloop
  endfacet
  facet normal 0.684065 -0.729421 0
    outer loop
      vertex -174.412 -12.6885 3
      vertex -174.687 -12.9464 0
      vertex -174.412 -12.6885 0
    endloop
  endfacet
  facet normal 0.368412 -0.929663 0
    outer loop
      vertex -173.777 -12.2855 0
      vertex -173.427 -12.1468 3
      vertex -173.777 -12.2855 3
    endloop
  endfacet
  facet normal 0.368412 -0.929663 0
    outer loop
      vertex -173.427 -12.1468 3
      vertex -173.777 -12.2855 0
      vertex -173.427 -12.1468 0
    endloop
  endfacet
  facet normal -0.905252 -0.424876 0
    outer loop
      vertex -169.711 -13.8956 0
      vertex -169.871 -13.5547 3
      vertex -169.871 -13.5547 0
    endloop
  endfacet
  facet normal -0.905252 -0.424876 0
    outer loop
      vertex -169.871 -13.5547 3
      vertex -169.711 -13.8956 0
      vertex -169.711 -13.8956 3
    endloop
  endfacet
  facet normal -0.982579 -0.185843 0
    outer loop
      vertex -169.524 -14.624 0
      vertex -169.594 -14.2539 3
      vertex -169.594 -14.2539 0
    endloop
  endfacet
  facet normal -0.982579 -0.185843 0
    outer loop
      vertex -169.594 -14.2539 3
      vertex -169.524 -14.624 0
      vertex -169.524 -14.624 3
    endloop
  endfacet
  facet normal -0.368412 -0.929663 0
    outer loop
      vertex -171.573 -12.1468 0
      vertex -171.223 -12.2855 3
      vertex -171.573 -12.1468 3
    endloop
  endfacet
  facet normal -0.368412 -0.929663 -0
    outer loop
      vertex -171.223 -12.2855 3
      vertex -171.573 -12.1468 0
      vertex -171.223 -12.2855 0
    endloop
  endfacet
  facet normal -0.587619 -0.809137 0
    outer loop
      vertex -170.893 -12.467 0
      vertex -170.588 -12.6885 3
      vertex -170.893 -12.467 3
    endloop
  endfacet
  facet normal -0.587619 -0.809137 -0
    outer loop
      vertex -170.588 -12.6885 3
      vertex -170.893 -12.467 0
      vertex -170.588 -12.6885 0
    endloop
  endfacet
  facet normal 0.905252 -0.424876 0
    outer loop
      vertex -175.289 -13.8956 3
      vertex -175.129 -13.5547 0
      vertex -175.129 -13.5547 3
    endloop
  endfacet
  facet normal 0.905252 -0.424876 0
    outer loop
      vertex -175.129 -13.5547 0
      vertex -175.289 -13.8956 3
      vertex -175.289 -13.8956 0
    endloop
  endfacet
  facet normal 0.844175 -0.536068 0
    outer loop
      vertex -175.129 -13.5547 3
      vertex -174.927 -13.2366 0
      vertex -174.927 -13.2366 3
    endloop
  endfacet
  facet normal 0.844175 -0.536068 0
    outer loop
      vertex -174.927 -13.2366 0
      vertex -175.129 -13.5547 3
      vertex -175.129 -13.5547 0
    endloop
  endfacet
  facet normal 0.950602 -0.310412 0
    outer loop
      vertex -175.406 -14.2539 3
      vertex -175.289 -13.8956 0
      vertex -175.289 -13.8956 3
    endloop
  endfacet
  facet normal 0.950602 -0.310412 0
    outer loop
      vertex -175.289 -13.8956 0
      vertex -175.406 -14.2539 3
      vertex -175.406 -14.2539 0
    endloop
  endfacet
  facet normal 0.587619 -0.809137 0
    outer loop
      vertex -174.412 -12.6885 0
      vertex -174.107 -12.467 3
      vertex -174.412 -12.6885 3
    endloop
  endfacet
  facet normal 0.587619 -0.809137 0
    outer loop
      vertex -174.107 -12.467 3
      vertex -174.412 -12.6885 0
      vertex -174.107 -12.467 0
    endloop
  endfacet
  facet normal 0.12521 -0.99213 0
    outer loop
      vertex -173.062 -12.0531 0
      vertex -172.688 -12.0059 3
      vertex -173.062 -12.0531 3
    endloop
  endfacet
  facet normal 0.12521 -0.99213 0
    outer loop
      vertex -172.688 -12.0059 3
      vertex -173.062 -12.0531 0
      vertex -172.688 -12.0059 0
    endloop
  endfacet
  facet normal -0.997969 0.0637002 0
    outer loop
      vertex -169.524 -15.376 0
      vertex -169.5 -15 3
      vertex -169.5 -15 0
    endloop
  endfacet
  facet normal -0.997969 0.0637002 0
    outer loop
      vertex -169.5 -15 3
      vertex -169.524 -15.376 0
      vertex -169.524 -15.376 3
    endloop
  endfacet
  facet normal 0.24865 0.968593 -0
    outer loop
      vertex -173.062 -17.9469 0
      vertex -173.427 -17.8532 3
      vertex -173.062 -17.9469 3
    endloop
  endfacet
  facet normal 0.24865 0.968593 0
    outer loop
      vertex -173.427 -17.8532 3
      vertex -173.062 -17.9469 0
      vertex -173.427 -17.8532 0
    endloop
  endfacet
  facet normal 0.905252 0.424876 0
    outer loop
      vertex -175.129 -16.4453 3
      vertex -175.289 -16.1044 0
      vertex -175.289 -16.1044 3
    endloop
  endfacet
  facet normal 0.905252 0.424876 0
    outer loop
      vertex -175.289 -16.1044 0
      vertex -175.129 -16.4453 3
      vertex -175.129 -16.4453 0
    endloop
  endfacet
  facet normal -0.12521 0.99213 0
    outer loop
      vertex -171.938 -17.9469 0
      vertex -172.312 -17.9941 3
      vertex -171.938 -17.9469 3
    endloop
  endfacet
  facet normal -0.12521 0.99213 0
    outer loop
      vertex -172.312 -17.9941 3
      vertex -171.938 -17.9469 0
      vertex -172.312 -17.9941 0
    endloop
  endfacet
  facet normal -0.950602 -0.310412 0
    outer loop
      vertex -169.594 -14.2539 0
      vertex -169.711 -13.8956 3
      vertex -169.711 -13.8956 0
    endloop
  endfacet
  facet normal -0.950602 -0.310412 0
    outer loop
      vertex -169.711 -13.8956 3
      vertex -169.594 -14.2539 0
      vertex -169.594 -14.2539 3
    endloop
  endfacet
  facet normal -0.77061 -0.637307 0
    outer loop
      vertex -170.073 -13.2366 0
      vertex -170.313 -12.9464 3
      vertex -170.313 -12.9464 0
    endloop
  endfacet
  facet normal -0.77061 -0.637307 0
    outer loop
      vertex -170.313 -12.9464 3
      vertex -170.073 -13.2366 0
      vertex -170.073 -13.2366 3
    endloop
  endfacet
  facet normal -0.844175 -0.536068 0
    outer loop
      vertex -169.871 -13.5547 0
      vertex -170.073 -13.2366 3
      vertex -170.073 -13.2366 0
    endloop
  endfacet
  facet normal -0.844175 -0.536068 0
    outer loop
      vertex -170.073 -13.2366 3
      vertex -169.871 -13.5547 0
      vertex -169.871 -13.5547 3
    endloop
  endfacet
  facet normal -0.24865 -0.968593 0
    outer loop
      vertex -171.938 -12.0531 0
      vertex -171.573 -12.1468 3
      vertex -171.938 -12.0531 3
    endloop
  endfacet
  facet normal -0.24865 -0.968593 -0
    outer loop
      vertex -171.573 -12.1468 3
      vertex -171.938 -12.0531 0
      vertex -171.573 -12.1468 0
    endloop
  endfacet
  facet normal -0.12521 -0.99213 0
    outer loop
      vertex -172.312 -12.0059 0
      vertex -171.938 -12.0531 3
      vertex -172.312 -12.0059 3
    endloop
  endfacet
  facet normal -0.12521 -0.99213 -0
    outer loop
      vertex -171.938 -12.0531 3
      vertex -172.312 -12.0059 0
      vertex -171.938 -12.0531 0
    endloop
  endfacet
  facet normal -0.481919 -0.876216 0
    outer loop
      vertex -171.223 -12.2855 0
      vertex -170.893 -12.467 3
      vertex -171.223 -12.2855 3
    endloop
  endfacet
  facet normal -0.481919 -0.876216 -0
    outer loop
      vertex -170.893 -12.467 3
      vertex -171.223 -12.2855 0
      vertex -170.893 -12.467 0
    endloop
  endfacet
  facet normal 0.77061 -0.637307 0
    outer loop
      vertex -174.927 -13.2366 3
      vertex -174.687 -12.9464 0
      vertex -174.687 -12.9464 3
    endloop
  endfacet
  facet normal 0.77061 -0.637307 0
    outer loop
      vertex -174.687 -12.9464 0
      vertex -174.927 -13.2366 3
      vertex -174.927 -13.2366 0
    endloop
  endfacet
  facet normal 0.982579 -0.185843 0
    outer loop
      vertex -175.476 -14.624 3
      vertex -175.406 -14.2539 0
      vertex -175.406 -14.2539 3
    endloop
  endfacet
  facet normal 0.982579 -0.185843 0
    outer loop
      vertex -175.406 -14.2539 0
      vertex -175.476 -14.624 3
      vertex -175.476 -14.624 0
    endloop
  endfacet
  facet normal 0.481919 -0.876216 0
    outer loop
      vertex -174.107 -12.467 0
      vertex -173.777 -12.2855 3
      vertex -174.107 -12.467 3
    endloop
  endfacet
  facet normal 0.481919 -0.876216 0
    outer loop
      vertex -173.777 -12.2855 3
      vertex -174.107 -12.467 0
      vertex -173.777 -12.2855 0
    endloop
  endfacet
  facet normal 0.24865 -0.968593 0
    outer loop
      vertex -173.427 -12.1468 0
      vertex -173.062 -12.0531 3
      vertex -173.427 -12.1468 3
    endloop
  endfacet
  facet normal 0.24865 -0.968593 0
    outer loop
      vertex -173.062 -12.0531 3
      vertex -173.427 -12.1468 0
      vertex -173.062 -12.0531 0
    endloop
  endfacet
  facet normal -0.587619 0.809137 0
    outer loop
      vertex -170.588 -17.3115 0
      vertex -170.893 -17.533 3
      vertex -170.588 -17.3115 3
    endloop
  endfacet
  facet normal -0.587619 0.809137 0
    outer loop
      vertex -170.893 -17.533 3
      vertex -170.588 -17.3115 0
      vertex -170.893 -17.533 0
    endloop
  endfacet
  facet normal -0.982579 0.185843 0
    outer loop
      vertex -169.594 -15.7461 0
      vertex -169.524 -15.376 3
      vertex -169.524 -15.376 0
    endloop
  endfacet
  facet normal -0.982579 0.185843 0
    outer loop
      vertex -169.524 -15.376 3
      vertex -169.594 -15.7461 0
      vertex -169.594 -15.7461 3
    endloop
  endfacet
  facet normal 0.950602 0.310412 0
    outer loop
      vertex -175.289 -16.1044 3
      vertex -175.406 -15.7461 0
      vertex -175.406 -15.7461 3
    endloop
  endfacet
  facet normal 0.950602 0.310412 0
    outer loop
      vertex -175.406 -15.7461 0
      vertex -175.289 -16.1044 3
      vertex -175.289 -16.1044 0
    endloop
  endfacet
  facet normal -0.481919 0.876216 0
    outer loop
      vertex -170.893 -17.533 0
      vertex -171.223 -17.7145 3
      vertex -170.893 -17.533 3
    endloop
  endfacet
  facet normal -0.481919 0.876216 0
    outer loop
      vertex -171.223 -17.7145 3
      vertex -170.893 -17.533 0
      vertex -171.223 -17.7145 0
    endloop
  endfacet
  facet normal -0.368412 0.929663 0
    outer loop
      vertex -171.223 -17.7145 0
      vertex -171.573 -17.8532 3
      vertex -171.223 -17.7145 3
    endloop
  endfacet
  facet normal -0.368412 0.929663 0
    outer loop
      vertex -171.573 -17.8532 3
      vertex -171.223 -17.7145 0
      vertex -171.573 -17.8532 0
    endloop
  endfacet
  facet normal -0.844175 0.536068 0
    outer loop
      vertex -170.073 -16.7634 0
      vertex -169.871 -16.4453 3
      vertex -169.871 -16.4453 0
    endloop
  endfacet
  facet normal -0.844175 0.536068 0
    outer loop
      vertex -169.871 -16.4453 3
      vertex -170.073 -16.7634 0
      vertex -170.073 -16.7634 3
    endloop
  endfacet
  facet normal -0.684065 0.729421 0
    outer loop
      vertex -170.313 -17.0536 0
      vertex -170.588 -17.3115 3
      vertex -170.313 -17.0536 3
    endloop
  endfacet
  facet normal -0.684065 0.729421 0
    outer loop
      vertex -170.588 -17.3115 3
      vertex -170.313 -17.0536 0
      vertex -170.588 -17.3115 0
    endloop
  endfacet
  facet normal -0.905252 0.424876 0
    outer loop
      vertex -169.871 -16.4453 0
      vertex -169.711 -16.1044 3
      vertex -169.711 -16.1044 0
    endloop
  endfacet
  facet normal -0.905252 0.424876 0
    outer loop
      vertex -169.711 -16.1044 3
      vertex -169.871 -16.4453 0
      vertex -169.871 -16.4453 3
    endloop
  endfacet
  facet normal 0 1 -0
    outer loop
      vertex -172.312 -17.9941 0
      vertex -172.688 -17.9941 3
      vertex -172.312 -17.9941 3
    endloop
  endfacet
  facet normal 0 1 0
    outer loop
      vertex -172.688 -17.9941 3
      vertex -172.312 -17.9941 0
      vertex -172.688 -17.9941 0
    endloop
  endfacet
  facet normal 0.684065 0.729421 -0
    outer loop
      vertex -174.412 -17.3115 0
      vertex -174.687 -17.0536 3
      vertex -174.412 -17.3115 3
    endloop
  endfacet
  facet normal 0.684065 0.729421 0
    outer loop
      vertex -174.687 -17.0536 3
      vertex -174.412 -17.3115 0
      vertex -174.687 -17.0536 0
    endloop
  endfacet
  facet normal 0.997969 0.0637002 0
    outer loop
      vertex -175.476 -15.376 3
      vertex -175.5 -15 0
      vertex -175.5 -15 3
    endloop
  endfacet
  facet normal 0.997969 0.0637002 0
    outer loop
      vertex -175.5 -15 0
      vertex -175.476 -15.376 3
      vertex -175.476 -15.376 0
    endloop
  endfacet
  facet normal 0.982579 0.185843 0
    outer loop
      vertex -175.406 -15.7461 3
      vertex -175.476 -15.376 0
      vertex -175.476 -15.376 3
    endloop
  endfacet
  facet normal 0.982579 0.185843 0
    outer loop
      vertex -175.476 -15.376 0
      vertex -175.406 -15.7461 3
      vertex -175.406 -15.7461 0
    endloop
  endfacet
  facet normal -0.950602 0.310412 0
    outer loop
      vertex -169.711 -16.1044 0
      vertex -169.594 -15.7461 3
      vertex -169.594 -15.7461 0
    endloop
  endfacet
  facet normal -0.950602 0.310412 0
    outer loop
      vertex -169.594 -15.7461 3
      vertex -169.711 -16.1044 0
      vertex -169.711 -16.1044 3
    endloop
  endfacet
  facet normal 0.12521 0.99213 -0
    outer loop
      vertex -172.688 -17.9941 0
      vertex -173.062 -17.9469 3
      vertex -172.688 -17.9941 3
    endloop
  endfacet
  facet normal 0.12521 0.99213 0
    outer loop
      vertex -173.062 -17.9469 3
      vertex -172.688 -17.9941 0
      vertex -173.062 -17.9469 0
    endloop
  endfacet
  facet normal 0.481919 0.876216 -0
    outer loop
      vertex -173.777 -17.7145 0
      vertex -174.107 -17.533 3
      vertex -173.777 -17.7145 3
    endloop
  endfacet
  facet normal 0.481919 0.876216 0
    outer loop
      vertex -174.107 -17.533 3
      vertex -173.777 -17.7145 0
      vertex -174.107 -17.533 0
    endloop
  endfacet
  facet normal 0.587619 0.809137 -0
    outer loop
      vertex -174.107 -17.533 0
      vertex -174.412 -17.3115 3
      vertex -174.107 -17.533 3
    endloop
  endfacet
  facet normal 0.587619 0.809137 0
    outer loop
      vertex -174.412 -17.3115 3
      vertex -174.107 -17.533 0
      vertex -174.412 -17.3115 0
    endloop
  endfacet
  facet normal 0.77061 0.637307 0
    outer loop
      vertex -174.687 -17.0536 3
      vertex -174.927 -16.7634 0
      vertex -174.927 -16.7634 3
    endloop
  endfacet
  facet normal 0.77061 0.637307 0
    outer loop
      vertex -174.927 -16.7634 0
      vertex -174.687 -17.0536 3
      vertex -174.687 -17.0536 0
    endloop
  endfacet
  facet normal 0.844175 0.536068 0
    outer loop
      vertex -174.927 -16.7634 3
      vertex -175.129 -16.4453 0
      vertex -175.129 -16.4453 3
    endloop
  endfacet
  facet normal 0.844175 0.536068 0
    outer loop
      vertex -175.129 -16.4453 0
      vertex -174.927 -16.7634 3
      vertex -174.927 -16.7634 0
    endloop
  endfacet
  facet normal -0.24865 0.968593 0
    outer loop
      vertex -171.573 -17.8532 0
      vertex -171.938 -17.9469 3
      vertex -171.573 -17.8532 3
    endloop
  endfacet
  facet normal -0.24865 0.968593 0
    outer loop
      vertex -171.938 -17.9469 3
      vertex -171.573 -17.8532 0
      vertex -171.938 -17.9469 0
    endloop
  endfacet
  facet normal -0.77061 0.637307 0
    outer loop
      vertex -170.313 -17.0536 0
      vertex -170.073 -16.7634 3
      vertex -170.073 -16.7634 0
    endloop
  endfacet
  facet normal -0.77061 0.637307 0
    outer loop
      vertex -170.073 -16.7634 3
      vertex -170.313 -17.0536 0
      vertex -170.313 -17.0536 3
    endloop
  endfacet
  facet normal 0.368412 0.929663 -0
    outer loop
      vertex -173.427 -17.8532 0
      vertex -173.777 -17.7145 3
      vertex -173.427 -17.8532 3
    endloop
  endfacet
  facet normal 0.368412 0.929663 0
    outer loop
      vertex -173.777 -17.7145 3
      vertex -173.427 -17.8532 0
      vertex -173.777 -17.7145 0
    endloop
  endfacet
  facet normal 0.950603 -0.310411 0
    outer loop
      vertex -175.406 0.746069 3
      vertex -175.289 1.10437 0
      vertex -175.289 1.10437 3
    endloop
  endfacet
  facet normal 0.950603 -0.310411 0
    outer loop
      vertex -175.289 1.10437 0
      vertex -175.406 0.746069 3
      vertex -175.406 0.746069 0
    endloop
  endfacet
  facet normal -0.844175 -0.536068 0
    outer loop
      vertex -169.871 1.44526 0
      vertex -170.073 1.76336 3
      vertex -170.073 1.76336 0
    endloop
  endfacet
  facet normal -0.844175 -0.536068 0
    outer loop
      vertex -170.073 1.76336 3
      vertex -169.871 1.44526 0
      vertex -169.871 1.44526 3
    endloop
  endfacet
  facet normal -0.368389 -0.929672 0
    outer loop
      vertex -171.573 2.85317 0
      vertex -171.223 2.71448 3
      vertex -171.573 2.85317 3
    endloop
  endfacet
  facet normal -0.368389 -0.929672 -0
    outer loop
      vertex -171.223 2.71448 3
      vertex -171.573 2.85317 0
      vertex -171.223 2.71448 0
    endloop
  endfacet
  facet normal 0.368389 -0.929672 0
    outer loop
      vertex -173.777 2.71448 0
      vertex -173.427 2.85317 3
      vertex -173.777 2.71448 3
    endloop
  endfacet
  facet normal 0.368389 -0.929672 0
    outer loop
      vertex -173.427 2.85317 3
      vertex -173.777 2.71448 0
      vertex -173.427 2.85317 0
    endloop
  endfacet
  facet normal 0.905247 -0.424886 0
    outer loop
      vertex -175.289 1.10437 3
      vertex -175.129 1.44526 0
      vertex -175.129 1.44526 3
    endloop
  endfacet
  facet normal 0.905247 -0.424886 0
    outer loop
      vertex -175.129 1.44526 0
      vertex -175.289 1.10437 3
      vertex -175.289 1.10437 0
    endloop
  endfacet
  facet normal -0.982577 0.185858 0
    outer loop
      vertex -169.594 -0.746069 0
      vertex -169.524 -0.375999 3
      vertex -169.524 -0.375999 0
    endloop
  endfacet
  facet normal -0.982577 0.185858 0
    outer loop
      vertex -169.524 -0.375999 3
      vertex -169.594 -0.746069 0
      vertex -169.594 -0.746069 3
    endloop
  endfacet
  facet normal -0.982577 -0.185858 0
    outer loop
      vertex -169.524 0.375999 0
      vertex -169.594 0.746069 3
      vertex -169.594 0.746069 0
    endloop
  endfacet
  facet normal -0.982577 -0.185858 0
    outer loop
      vertex -169.594 0.746069 3
      vertex -169.524 0.375999 0
      vertex -169.524 0.375999 3
    endloop
  endfacet
  facet normal -0.684065 -0.729421 0
    outer loop
      vertex -170.588 2.31154 0
      vertex -170.313 2.05364 3
      vertex -170.588 2.31154 3
    endloop
  endfacet
  facet normal -0.684065 -0.729421 -0
    outer loop
      vertex -170.313 2.05364 3
      vertex -170.588 2.31154 0
      vertex -170.313 2.05364 0
    endloop
  endfacet
  facet normal 0 -1 0
    outer loop
      vertex -172.688 2.99408 0
      vertex -172.312 2.99408 3
      vertex -172.688 2.99408 3
    endloop
  endfacet
  facet normal 0 -1 -0
    outer loop
      vertex -172.312 2.99408 3
      vertex -172.688 2.99408 0
      vertex -172.312 2.99408 0
    endloop
  endfacet
  facet normal -0.587515 -0.809213 0
    outer loop
      vertex -170.893 2.53298 0
      vertex -170.588 2.31154 3
      vertex -170.893 2.53298 3
    endloop
  endfacet
  facet normal -0.587515 -0.809213 -0
    outer loop
      vertex -170.588 2.31154 3
      vertex -170.893 2.53298 0
      vertex -170.588 2.31154 0
    endloop
  endfacet
  facet normal 0.982577 -0.185858 0
    outer loop
      vertex -175.476 0.375999 3
      vertex -175.406 0.746069 0
      vertex -175.406 0.746069 3
    endloop
  endfacet
  facet normal 0.982577 -0.185858 0
    outer loop
      vertex -175.406 0.746069 0
      vertex -175.476 0.375999 3
      vertex -175.476 0.375999 0
    endloop
  endfacet
  facet normal 0.770696 -0.637202 0
    outer loop
      vertex -174.927 1.76336 3
      vertex -174.687 2.05364 0
      vertex -174.687 2.05364 3
    endloop
  endfacet
  facet normal 0.770696 -0.637202 0
    outer loop
      vertex -174.687 2.05364 0
      vertex -174.927 1.76336 3
      vertex -174.927 1.76336 0
    endloop
  endfacet
  facet normal 0.248625 -0.9686 0
    outer loop
      vertex -173.427 2.85317 0
      vertex -173.062 2.94686 3
      vertex -173.427 2.85317 3
    endloop
  endfacet
  facet normal 0.248625 -0.9686 0
    outer loop
      vertex -173.062 2.94686 3
      vertex -173.427 2.85317 0
      vertex -173.062 2.94686 0
    endloop
  endfacet
  facet normal 0.684065 -0.729421 0
    outer loop
      vertex -174.687 2.05364 0
      vertex -174.412 2.31154 3
      vertex -174.687 2.05364 3
    endloop
  endfacet
  facet normal 0.684065 -0.729421 0
    outer loop
      vertex -174.412 2.31154 3
      vertex -174.687 2.05364 0
      vertex -174.412 2.31154 0
    endloop
  endfacet
  facet normal -0.997969 -0.0637003 0
    outer loop
      vertex -169.5 0 0
      vertex -169.524 0.375999 3
      vertex -169.524 0.375999 0
    endloop
  endfacet
  facet normal -0.997969 -0.0637003 0
    outer loop
      vertex -169.524 0.375999 3
      vertex -169.5 0 0
      vertex -169.5 0 3
    endloop
  endfacet
  facet normal -0.770696 -0.637202 0
    outer loop
      vertex -170.073 1.76336 0
      vertex -170.313 2.05364 3
      vertex -170.313 2.05364 0
    endloop
  endfacet
  facet normal -0.770696 -0.637202 0
    outer loop
      vertex -170.313 2.05364 3
      vertex -170.073 1.76336 0
      vertex -170.073 1.76336 3
    endloop
  endfacet
  facet normal -0.248625 -0.9686 0
    outer loop
      vertex -171.938 2.94686 0
      vertex -171.573 2.85317 3
      vertex -171.938 2.94686 3
    endloop
  endfacet
  facet normal -0.248625 -0.9686 -0
    outer loop
      vertex -171.573 2.85317 3
      vertex -171.938 2.94686 0
      vertex -171.573 2.85317 0
    endloop
  endfacet
  facet normal -0.125262 -0.992124 0
    outer loop
      vertex -172.312 2.99408 0
      vertex -171.938 2.94686 3
      vertex -172.312 2.99408 3
    endloop
  endfacet
  facet normal -0.125262 -0.992124 -0
    outer loop
      vertex -171.938 2.94686 3
      vertex -172.312 2.99408 0
      vertex -171.938 2.94686 0
    endloop
  endfacet
  facet normal -0.481919 -0.876216 0
    outer loop
      vertex -171.223 2.71448 0
      vertex -170.893 2.53298 3
      vertex -171.223 2.71448 3
    endloop
  endfacet
  facet normal -0.481919 -0.876216 -0
    outer loop
      vertex -170.893 2.53298 3
      vertex -171.223 2.71448 0
      vertex -170.893 2.53298 0
    endloop
  endfacet
  facet normal 0.997969 -0.0637003 0
    outer loop
      vertex -175.5 0 3
      vertex -175.476 0.375999 0
      vertex -175.476 0.375999 3
    endloop
  endfacet
  facet normal 0.997969 -0.0637003 0
    outer loop
      vertex -175.476 0.375999 0
      vertex -175.5 0 3
      vertex -175.5 0 0
    endloop
  endfacet
  facet normal 0.844175 -0.536068 0
    outer loop
      vertex -175.129 1.44526 3
      vertex -174.927 1.76336 0
      vertex -174.927 1.76336 3
    endloop
  endfacet
  facet normal 0.844175 -0.536068 0
    outer loop
      vertex -174.927 1.76336 0
      vertex -175.129 1.44526 3
      vertex -175.129 1.44526 0
    endloop
  endfacet
  facet normal 0.125262 -0.992124 0
    outer loop
      vertex -173.062 2.94686 0
      vertex -172.688 2.99408 3
      vertex -173.062 2.94686 3
    endloop
  endfacet
  facet normal 0.125262 -0.992124 0
    outer loop
      vertex -172.688 2.99408 3
      vertex -173.062 2.94686 0
      vertex -172.688 2.99408 0
    endloop
  endfacet
  facet normal 0.587515 -0.809213 0
    outer loop
      vertex -174.412 2.31154 0
      vertex -174.107 2.53298 3
      vertex -174.412 2.31154 3
    endloop
  endfacet
  facet normal 0.587515 -0.809213 0
    outer loop
      vertex -174.107 2.53298 3
      vertex -174.412 2.31154 0
      vertex -174.107 2.53298 0
    endloop
  endfacet
  facet normal 0.481919 -0.876216 0
    outer loop
      vertex -174.107 2.53298 0
      vertex -173.777 2.71448 3
      vertex -174.107 2.53298 3
    endloop
  endfacet
  facet normal 0.481919 -0.876216 0
    outer loop
      vertex -173.777 2.71448 3
      vertex -174.107 2.53298 0
      vertex -173.777 2.71448 0
    endloop
  endfacet
  facet normal 0 1 -0
    outer loop
      vertex -172.312 -2.99408 0
      vertex -172.688 -2.99408 3
      vertex -172.312 -2.99408 3
    endloop
  endfacet
  facet normal 0 1 0
    outer loop
      vertex -172.688 -2.99408 3
      vertex -172.312 -2.99408 0
      vertex -172.688 -2.99408 0
    endloop
  endfacet
  facet normal 0.844175 0.536068 0
    outer loop
      vertex -174.927 -1.76336 3
      vertex -175.129 -1.44526 0
      vertex -175.129 -1.44526 3
    endloop
  endfacet
  facet normal 0.844175 0.536068 0
    outer loop
      vertex -175.129 -1.44526 0
      vertex -174.927 -1.76336 3
      vertex -174.927 -1.76336 0
    endloop
  endfacet
  facet normal -0.125262 0.992124 0
    outer loop
      vertex -171.938 -2.94686 0
      vertex -172.312 -2.99408 3
      vertex -171.938 -2.94686 3
    endloop
  endfacet
  facet normal -0.125262 0.992124 0
    outer loop
      vertex -172.312 -2.99408 3
      vertex -171.938 -2.94686 0
      vertex -172.312 -2.99408 0
    endloop
  endfacet
  facet normal -0.368389 0.929672 0
    outer loop
      vertex -171.223 -2.71448 0
      vertex -171.573 -2.85317 3
      vertex -171.223 -2.71448 3
    endloop
  endfacet
  facet normal -0.368389 0.929672 0
    outer loop
      vertex -171.573 -2.85317 3
      vertex -171.223 -2.71448 0
      vertex -171.573 -2.85317 0
    endloop
  endfacet
  facet normal -0.905247 -0.424886 0
    outer loop
      vertex -169.711 1.10437 0
      vertex -169.871 1.44526 3
      vertex -169.871 1.44526 0
    endloop
  endfacet
  facet normal -0.905247 -0.424886 0
    outer loop
      vertex -169.871 1.44526 3
      vertex -169.711 1.10437 0
      vertex -169.711 1.10437 3
    endloop
  endfacet
  facet normal -0.950603 -0.310411 0
    outer loop
      vertex -169.594 0.746069 0
      vertex -169.711 1.10437 3
      vertex -169.711 1.10437 0
    endloop
  endfacet
  facet normal -0.950603 -0.310411 0
    outer loop
      vertex -169.711 1.10437 3
      vertex -169.594 0.746069 0
      vertex -169.594 0.746069 3
    endloop
  endfacet
  facet normal -0.997969 0.0637003 0
    outer loop
      vertex -169.524 -0.375999 0
      vertex -169.5 0 3
      vertex -169.5 0 0
    endloop
  endfacet
  facet normal -0.997969 0.0637003 0
    outer loop
      vertex -169.5 0 3
      vertex -169.524 -0.375999 0
      vertex -169.524 -0.375999 3
    endloop
  endfacet
  facet normal -0.905247 0.424886 0
    outer loop
      vertex -169.871 -1.44526 0
      vertex -169.711 -1.10437 3
      vertex -169.711 -1.10437 0
    endloop
  endfacet
  facet normal -0.905247 0.424886 0
    outer loop
      vertex -169.711 -1.10437 3
      vertex -169.871 -1.44526 0
      vertex -169.871 -1.44526 3
    endloop
  endfacet
  facet normal -0.950603 0.310411 0
    outer loop
      vertex -169.711 -1.10437 0
      vertex -169.594 -0.746069 3
      vertex -169.594 -0.746069 0
    endloop
  endfacet
  facet normal -0.950603 0.310411 0
    outer loop
      vertex -169.594 -0.746069 3
      vertex -169.711 -1.10437 0
      vertex -169.711 -1.10437 3
    endloop
  endfacet
  facet normal -0.684065 0.729421 0
    outer loop
      vertex -170.313 -2.05364 0
      vertex -170.588 -2.31154 3
      vertex -170.313 -2.05364 3
    endloop
  endfacet
  facet normal -0.684065 0.729421 0
    outer loop
      vertex -170.588 -2.31154 3
      vertex -170.313 -2.05364 0
      vertex -170.588 -2.31154 0
    endloop
  endfacet
  facet normal -0.770696 0.637202 0
    outer loop
      vertex -170.313 -2.05364 0
      vertex -170.073 -1.76336 3
      vertex -170.073 -1.76336 0
    endloop
  endfacet
  facet normal -0.770696 0.637202 0
    outer loop
      vertex -170.073 -1.76336 3
      vertex -170.313 -2.05364 0
      vertex -170.313 -2.05364 3
    endloop
  endfacet
  facet normal -0.844175 0.536068 0
    outer loop
      vertex -170.073 -1.76336 0
      vertex -169.871 -1.44526 3
      vertex -169.871 -1.44526 0
    endloop
  endfacet
  facet normal -0.844175 0.536068 0
    outer loop
      vertex -169.871 -1.44526 3
      vertex -170.073 -1.76336 0
      vertex -170.073 -1.76336 3
    endloop
  endfacet
  facet normal 0.248625 0.9686 -0
    outer loop
      vertex -173.062 -2.94686 0
      vertex -173.427 -2.85317 3
      vertex -173.062 -2.94686 3
    endloop
  endfacet
  facet normal 0.248625 0.9686 0
    outer loop
      vertex -173.427 -2.85317 3
      vertex -173.062 -2.94686 0
      vertex -173.427 -2.85317 0
    endloop
  endfacet
  facet normal 0.997969 0.0637003 0
    outer loop
      vertex -175.476 -0.375999 3
      vertex -175.5 0 0
      vertex -175.5 0 3
    endloop
  endfacet
  facet normal 0.997969 0.0637003 0
    outer loop
      vertex -175.5 0 0
      vertex -175.476 -0.375999 3
      vertex -175.476 -0.375999 0
    endloop
  endfacet
  facet normal 0.905247 0.424886 0
    outer loop
      vertex -175.129 -1.44526 3
      vertex -175.289 -1.10437 0
      vertex -175.289 -1.10437 3
    endloop
  endfacet
  facet normal 0.905247 0.424886 0
    outer loop
      vertex -175.289 -1.10437 0
      vertex -175.129 -1.44526 3
      vertex -175.129 -1.44526 0
    endloop
  endfacet
  facet normal 0.684065 0.729421 -0
    outer loop
      vertex -174.412 -2.31154 0
      vertex -174.687 -2.05364 3
      vertex -174.412 -2.31154 3
    endloop
  endfacet
  facet normal 0.684065 0.729421 0
    outer loop
      vertex -174.687 -2.05364 3
      vertex -174.412 -2.31154 0
      vertex -174.687 -2.05364 0
    endloop
  endfacet
  facet normal -0.248625 0.9686 0
    outer loop
      vertex -171.573 -2.85317 0
      vertex -171.938 -2.94686 3
      vertex -171.573 -2.85317 3
    endloop
  endfacet
  facet normal -0.248625 0.9686 0
    outer loop
      vertex -171.938 -2.94686 3
      vertex -171.573 -2.85317 0
      vertex -171.938 -2.94686 0
    endloop
  endfacet
  facet normal -0.587515 0.809213 0
    outer loop
      vertex -170.588 -2.31154 0
      vertex -170.893 -2.53298 3
      vertex -170.588 -2.31154 3
    endloop
  endfacet
  facet normal -0.587515 0.809213 0
    outer loop
      vertex -170.893 -2.53298 3
      vertex -170.588 -2.31154 0
      vertex -170.893 -2.53298 0
    endloop
  endfacet
  facet normal -0.481919 0.876216 0
    outer loop
      vertex -170.893 -2.53298 0
      vertex -171.223 -2.71448 3
      vertex -170.893 -2.53298 3
    endloop
  endfacet
  facet normal -0.481919 0.876216 0
    outer loop
      vertex -171.223 -2.71448 3
      vertex -170.893 -2.53298 0
      vertex -171.223 -2.71448 0
    endloop
  endfacet
  facet normal 0.587515 0.809213 -0
    outer loop
      vertex -174.107 -2.53298 0
      vertex -174.412 -2.31154 3
      vertex -174.107 -2.53298 3
    endloop
  endfacet
  facet normal 0.587515 0.809213 0
    outer loop
      vertex -174.412 -2.31154 3
      vertex -174.107 -2.53298 0
      vertex -174.412 -2.31154 0
    endloop
  endfacet
  facet normal 0.481919 0.876216 -0
    outer loop
      vertex -173.777 -2.71448 0
      vertex -174.107 -2.53298 3
      vertex -173.777 -2.71448 3
    endloop
  endfacet
  facet normal 0.481919 0.876216 0
    outer loop
      vertex -174.107 -2.53298 3
      vertex -173.777 -2.71448 0
      vertex -174.107 -2.53298 0
    endloop
  endfacet
  facet normal 0.125262 0.992124 -0
    outer loop
      vertex -172.688 -2.99408 0
      vertex -173.062 -2.94686 3
      vertex -172.688 -2.99408 3
    endloop
  endfacet
  facet normal 0.125262 0.992124 0
    outer loop
      vertex -173.062 -2.94686 3
      vertex -172.688 -2.99408 0
      vertex -173.062 -2.94686 0
    endloop
  endfacet
  facet normal 0.950603 0.310411 0
    outer loop
      vertex -175.289 -1.10437 3
      vertex -175.406 -0.746069 0
      vertex -175.406 -0.746069 3
    endloop
  endfacet
  facet normal 0.950603 0.310411 0
    outer loop
      vertex -175.406 -0.746069 0
      vertex -175.289 -1.10437 3
      vertex -175.289 -1.10437 0
    endloop
  endfacet
  facet normal 0.982577 0.185858 0
    outer loop
      vertex -175.406 -0.746069 3
      vertex -175.476 -0.375999 0
      vertex -175.476 -0.375999 3
    endloop
  endfacet
  facet normal 0.982577 0.185858 0
    outer loop
      vertex -175.476 -0.375999 0
      vertex -175.406 -0.746069 3
      vertex -175.406 -0.746069 0
    endloop
  endfacet
  facet normal 0.770696 0.637202 0
    outer loop
      vertex -174.687 -2.05364 3
      vertex -174.927 -1.76336 0
      vertex -174.927 -1.76336 3
    endloop
  endfacet
  facet normal 0.770696 0.637202 0
    outer loop
      vertex -174.927 -1.76336 0
      vertex -174.687 -2.05364 3
      vertex -174.687 -2.05364 0
    endloop
  endfacet
  facet normal 0.368389 0.929672 -0
    outer loop
      vertex -173.427 -2.85317 0
      vertex -173.777 -2.71448 3
      vertex -173.427 -2.85317 3
    endloop
  endfacet
  facet normal 0.368389 0.929672 0
    outer loop
      vertex -173.777 -2.71448 3
      vertex -173.427 -2.85317 0
      vertex -173.777 -2.71448 0
    endloop
  endfacet
  facet normal -0.997969 -0.0637002 0
    outer loop
      vertex -169.5 15 0
      vertex -169.524 15.376 3
      vertex -169.524 15.376 0
    endloop
  endfacet
  facet normal -0.997969 -0.0637002 0
    outer loop
      vertex -169.524 15.376 3
      vertex -169.5 15 0
      vertex -169.5 15 3
    endloop
  endfacet
  facet normal 0.997969 -0.0637002 0
    outer loop
      vertex -175.5 15 3
      vertex -175.476 15.376 0
      vertex -175.476 15.376 3
    endloop
  endfacet
  facet normal 0.997969 -0.0637002 0
    outer loop
      vertex -175.476 15.376 0
      vertex -175.5 15 3
      vertex -175.5 15 0
    endloop
  endfacet
  facet normal 0 -1 0
    outer loop
      vertex -172.688 17.9941 0
      vertex -172.312 17.9941 3
      vertex -172.688 17.9941 3
    endloop
  endfacet
  facet normal 0 -1 -0
    outer loop
      vertex -172.312 17.9941 3
      vertex -172.688 17.9941 0
      vertex -172.312 17.9941 0
    endloop
  endfacet
  facet normal -0.684065 -0.729421 0
    outer loop
      vertex -170.588 17.3115 0
      vertex -170.313 17.0536 3
      vertex -170.588 17.3115 3
    endloop
  endfacet
  facet normal -0.684065 -0.729421 -0
    outer loop
      vertex -170.313 17.0536 3
      vertex -170.588 17.3115 0
      vertex -170.313 17.0536 0
    endloop
  endfacet
  facet normal 0.684065 -0.729421 0
    outer loop
      vertex -174.687 17.0536 0
      vertex -174.412 17.3115 3
      vertex -174.687 17.0536 3
    endloop
  endfacet
  facet normal 0.684065 -0.729421 0
    outer loop
      vertex -174.412 17.3115 3
      vertex -174.687 17.0536 0
      vertex -174.412 17.3115 0
    endloop
  endfacet
  facet normal 0.368412 -0.929663 0
    outer loop
      vertex -173.777 17.7145 0
      vertex -173.427 17.8532 3
      vertex -173.777 17.7145 3
    endloop
  endfacet
  facet normal 0.368412 -0.929663 0
    outer loop
      vertex -173.427 17.8532 3
      vertex -173.777 17.7145 0
      vertex -173.427 17.8532 0
    endloop
  endfacet
  facet normal -0.905252 -0.424876 0
    outer loop
      vertex -169.711 16.1044 0
      vertex -169.871 16.4453 3
      vertex -169.871 16.4453 0
    endloop
  endfacet
  facet normal -0.905252 -0.424876 0
    outer loop
      vertex -169.871 16.4453 3
      vertex -169.711 16.1044 0
      vertex -169.711 16.1044 3
    endloop
  endfacet
  facet normal -0.982579 -0.185843 0
    outer loop
      vertex -169.524 15.376 0
      vertex -169.594 15.7461 3
      vertex -169.594 15.7461 0
    endloop
  endfacet
  facet normal -0.982579 -0.185843 0
    outer loop
      vertex -169.594 15.7461 3
      vertex -169.524 15.376 0
      vertex -169.524 15.376 3
    endloop
  endfacet
  facet normal -0.368412 -0.929663 0
    outer loop
      vertex -171.573 17.8532 0
      vertex -171.223 17.7145 3
      vertex -171.573 17.8532 3
    endloop
  endfacet
  facet normal -0.368412 -0.929663 -0
    outer loop
      vertex -171.223 17.7145 3
      vertex -171.573 17.8532 0
      vertex -171.223 17.7145 0
    endloop
  endfacet
  facet normal -0.587619 -0.809137 0
    outer loop
      vertex -170.893 17.533 0
      vertex -170.588 17.3115 3
      vertex -170.893 17.533 3
    endloop
  endfacet
  facet normal -0.587619 -0.809137 -0
    outer loop
      vertex -170.588 17.3115 3
      vertex -170.893 17.533 0
      vertex -170.588 17.3115 0
    endloop
  endfacet
  facet normal 0.905252 -0.424876 0
    outer loop
      vertex -175.289 16.1044 3
      vertex -175.129 16.4453 0
      vertex -175.129 16.4453 3
    endloop
  endfacet
  facet normal 0.905252 -0.424876 0
    outer loop
      vertex -175.129 16.4453 0
      vertex -175.289 16.1044 3
      vertex -175.289 16.1044 0
    endloop
  endfacet
  facet normal 0.844175 -0.536068 0
    outer loop
      vertex -175.129 16.4453 3
      vertex -174.927 16.7634 0
      vertex -174.927 16.7634 3
    endloop
  endfacet
  facet normal 0.844175 -0.536068 0
    outer loop
      vertex -174.927 16.7634 0
      vertex -175.129 16.4453 3
      vertex -175.129 16.4453 0
    endloop
  endfacet
  facet normal 0.950602 -0.310412 0
    outer loop
      vertex -175.406 15.7461 3
      vertex -175.289 16.1044 0
      vertex -175.289 16.1044 3
    endloop
  endfacet
  facet normal 0.950602 -0.310412 0
    outer loop
      vertex -175.289 16.1044 0
      vertex -175.406 15.7461 3
      vertex -175.406 15.7461 0
    endloop
  endfacet
  facet normal 0.587619 -0.809137 0
    outer loop
      vertex -174.412 17.3115 0
      vertex -174.107 17.533 3
      vertex -174.412 17.3115 3
    endloop
  endfacet
  facet normal 0.587619 -0.809137 0
    outer loop
      vertex -174.107 17.533 3
      vertex -174.412 17.3115 0
      vertex -174.107 17.533 0
    endloop
  endfacet
  facet normal 0.12521 -0.99213 0
    outer loop
      vertex -173.062 17.9469 0
      vertex -172.688 17.9941 3
      vertex -173.062 17.9469 3
    endloop
  endfacet
  facet normal 0.12521 -0.99213 0
    outer loop
      vertex -172.688 17.9941 3
      vertex -173.062 17.9469 0
      vertex -172.688 17.9941 0
    endloop
  endfacet
  facet normal -0.997969 0.0637002 0
    outer loop
      vertex -169.524 14.624 0
      vertex -169.5 15 3
      vertex -169.5 15 0
    endloop
  endfacet
  facet normal -0.997969 0.0637002 0
    outer loop
      vertex -169.5 15 3
      vertex -169.524 14.624 0
      vertex -169.524 14.624 3
    endloop
  endfacet
  facet normal 0.24865 0.968593 -0
    outer loop
      vertex -173.062 12.0531 0
      vertex -173.427 12.1468 3
      vertex -173.062 12.0531 3
    endloop
  endfacet
  facet normal 0.24865 0.968593 0
    outer loop
      vertex -173.427 12.1468 3
      vertex -173.062 12.0531 0
      vertex -173.427 12.1468 0
    endloop
  endfacet
  facet normal 0.905252 0.424876 0
    outer loop
      vertex -175.129 13.5547 3
      vertex -175.289 13.8956 0
      vertex -175.289 13.8956 3
    endloop
  endfacet
  facet normal 0.905252 0.424876 0
    outer loop
      vertex -175.289 13.8956 0
      vertex -175.129 13.5547 3
      vertex -175.129 13.5547 0
    endloop
  endfacet
  facet normal -0.12521 0.99213 0
    outer loop
      vertex -171.938 12.0531 0
      vertex -172.312 12.0059 3
      vertex -171.938 12.0531 3
    endloop
  endfacet
  facet normal -0.12521 0.99213 0
    outer loop
      vertex -172.312 12.0059 3
      vertex -171.938 12.0531 0
      vertex -172.312 12.0059 0
    endloop
  endfacet
  facet normal -0.950602 -0.310412 0
    outer loop
      vertex -169.594 15.7461 0
      vertex -169.711 16.1044 3
      vertex -169.711 16.1044 0
    endloop
  endfacet
  facet normal -0.950602 -0.310412 0
    outer loop
      vertex -169.711 16.1044 3
      vertex -169.594 15.7461 0
      vertex -169.594 15.7461 3
    endloop
  endfacet
  facet normal -0.77061 -0.637307 0
    outer loop
      vertex -170.073 16.7634 0
      vertex -170.313 17.0536 3
      vertex -170.313 17.0536 0
    endloop
  endfacet
  facet normal -0.77061 -0.637307 0
    outer loop
      vertex -170.313 17.0536 3
      vertex -170.073 16.7634 0
      vertex -170.073 16.7634 3
    endloop
  endfacet
  facet normal -0.844175 -0.536068 0
    outer loop
      vertex -169.871 16.4453 0
      vertex -170.073 16.7634 3
      vertex -170.073 16.7634 0
    endloop
  endfacet
  facet normal -0.844175 -0.536068 0
    outer loop
      vertex -170.073 16.7634 3
      vertex -169.871 16.4453 0
      vertex -169.871 16.4453 3
    endloop
  endfacet
  facet normal -0.24865 -0.968593 0
    outer loop
      vertex -171.938 17.9469 0
      vertex -171.573 17.8532 3
      vertex -171.938 17.9469 3
    endloop
  endfacet
  facet normal -0.24865 -0.968593 -0
    outer loop
      vertex -171.573 17.8532 3
      vertex -171.938 17.9469 0
      vertex -171.573 17.8532 0
    endloop
  endfacet
  facet normal -0.12521 -0.99213 0
    outer loop
      vertex -172.312 17.9941 0
      vertex -171.938 17.9469 3
      vertex -172.312 17.9941 3
    endloop
  endfacet
  facet normal -0.12521 -0.99213 -0
    outer loop
      vertex -171.938 17.9469 3
      vertex -172.312 17.9941 0
      vertex -171.938 17.9469 0
    endloop
  endfacet
  facet normal -0.481919 -0.876216 0
    outer loop
      vertex -171.223 17.7145 0
      vertex -170.893 17.533 3
      vertex -171.223 17.7145 3
    endloop
  endfacet
  facet normal -0.481919 -0.876216 -0
    outer loop
      vertex -170.893 17.533 3
      vertex -171.223 17.7145 0
      vertex -170.893 17.533 0
    endloop
  endfacet
  facet normal 0.481919 -0.876216 0
    outer loop
      vertex -174.107 17.533 0
      vertex -173.777 17.7145 3
      vertex -174.107 17.533 3
    endloop
  endfacet
  facet normal 0.481919 -0.876216 0
    outer loop
      vertex -173.777 17.7145 3
      vertex -174.107 17.533 0
      vertex -173.777 17.7145 0
    endloop
  endfacet
  facet normal 0.24865 -0.968593 0
    outer loop
      vertex -173.427 17.8532 0
      vertex -173.062 17.9469 3
      vertex -173.427 17.8532 3
    endloop
  endfacet
  facet normal 0.24865 -0.968593 0
    outer loop
      vertex -173.062 17.9469 3
      vertex -173.427 17.8532 0
      vertex -173.062 17.9469 0
    endloop
  endfacet
  facet normal -0.587619 0.809137 0
    outer loop
      vertex -170.588 12.6885 0
      vertex -170.893 12.467 3
      vertex -170.588 12.6885 3
    endloop
  endfacet
  facet normal -0.587619 0.809137 0
    outer loop
      vertex -170.893 12.467 3
      vertex -170.588 12.6885 0
      vertex -170.893 12.467 0
    endloop
  endfacet
  facet normal -0.982579 0.185843 0
    outer loop
      vertex -169.594 14.2539 0
      vertex -169.524 14.624 3
      vertex -169.524 14.624 0
    endloop
  endfacet
  facet normal -0.982579 0.185843 0
    outer loop
      vertex -169.524 14.624 3
      vertex -169.594 14.2539 0
      vertex -169.594 14.2539 3
    endloop
  endfacet
  facet normal 0.950602 0.310412 0
    outer loop
      vertex -175.289 13.8956 3
      vertex -175.406 14.2539 0
      vertex -175.406 14.2539 3
    endloop
  endfacet
  facet normal 0.950602 0.310412 0
    outer loop
      vertex -175.406 14.2539 0
      vertex -175.289 13.8956 3
      vertex -175.289 13.8956 0
    endloop
  endfacet
  facet normal -0.481919 0.876216 0
    outer loop
      vertex -170.893 12.467 0
      vertex -171.223 12.2855 3
      vertex -170.893 12.467 3
    endloop
  endfacet
  facet normal -0.481919 0.876216 0
    outer loop
      vertex -171.223 12.2855 3
      vertex -170.893 12.467 0
      vertex -171.223 12.2855 0
    endloop
  endfacet
  facet normal -0.368412 0.929663 0
    outer loop
      vertex -171.223 12.2855 0
      vertex -171.573 12.1468 3
      vertex -171.223 12.2855 3
    endloop
  endfacet
  facet normal -0.368412 0.929663 0
    outer loop
      vertex -171.573 12.1468 3
      vertex -171.223 12.2855 0
      vertex -171.573 12.1468 0
    endloop
  endfacet
  facet normal 0.77061 -0.637307 0
    outer loop
      vertex -174.927 16.7634 3
      vertex -174.687 17.0536 0
      vertex -174.687 17.0536 3
    endloop
  endfacet
  facet normal 0.77061 -0.637307 0
    outer loop
      vertex -174.687 17.0536 0
      vertex -174.927 16.7634 3
      vertex -174.927 16.7634 0
    endloop
  endfacet
  facet normal 0.982579 -0.185843 0
    outer loop
      vertex -175.476 15.376 3
      vertex -175.406 15.7461 0
      vertex -175.406 15.7461 3
    endloop
  endfacet
  facet normal 0.982579 -0.185843 0
    outer loop
      vertex -175.406 15.7461 0
      vertex -175.476 15.376 3
      vertex -175.476 15.376 0
    endloop
  endfacet
  facet normal -0.844175 0.536068 0
    outer loop
      vertex -170.073 13.2366 0
      vertex -169.871 13.5547 3
      vertex -169.871 13.5547 0
    endloop
  endfacet
  facet normal -0.844175 0.536068 0
    outer loop
      vertex -169.871 13.5547 3
      vertex -170.073 13.2366 0
      vertex -170.073 13.2366 3
    endloop
  endfacet
  facet normal -0.684065 0.729421 0
    outer loop
      vertex -170.313 12.9464 0
      vertex -170.588 12.6885 3
      vertex -170.313 12.9464 3
    endloop
  endfacet
  facet normal -0.684065 0.729421 0
    outer loop
      vertex -170.588 12.6885 3
      vertex -170.313 12.9464 0
      vertex -170.588 12.6885 0
    endloop
  endfacet
  facet normal -0.905252 0.424876 0
    outer loop
      vertex -169.871 13.5547 0
      vertex -169.711 13.8956 3
      vertex -169.711 13.8956 0
    endloop
  endfacet
  facet normal -0.905252 0.424876 0
    outer loop
      vertex -169.711 13.8956 3
      vertex -169.871 13.5547 0
      vertex -169.871 13.5547 3
    endloop
  endfacet
  facet normal 0 1 -0
    outer loop
      vertex -172.312 12.0059 0
      vertex -172.688 12.0059 3
      vertex -172.312 12.0059 3
    endloop
  endfacet
  facet normal 0 1 0
    outer loop
      vertex -172.688 12.0059 3
      vertex -172.312 12.0059 0
      vertex -172.688 12.0059 0
    endloop
  endfacet
  facet normal 0.368412 0.929663 -0
    outer loop
      vertex -173.427 12.1468 0
      vertex -173.777 12.2855 3
      vertex -173.427 12.1468 3
    endloop
  endfacet
  facet normal 0.368412 0.929663 0
    outer loop
      vertex -173.777 12.2855 3
      vertex -173.427 12.1468 0
      vertex -173.777 12.2855 0
    endloop
  endfacet
  facet normal 0.684065 0.729421 -0
    outer loop
      vertex -174.412 12.6885 0
      vertex -174.687 12.9464 3
      vertex -174.412 12.6885 3
    endloop
  endfacet
  facet normal 0.684065 0.729421 0
    outer loop
      vertex -174.687 12.9464 3
      vertex -174.412 12.6885 0
      vertex -174.687 12.9464 0
    endloop
  endfacet
  facet normal 0.997969 0.0637002 0
    outer loop
      vertex -175.476 14.624 3
      vertex -175.5 15 0
      vertex -175.5 15 3
    endloop
  endfacet
  facet normal 0.997969 0.0637002 0
    outer loop
      vertex -175.5 15 0
      vertex -175.476 14.624 3
      vertex -175.476 14.624 0
    endloop
  endfacet
  facet normal 0.982579 0.185843 0
    outer loop
      vertex -175.406 14.2539 3
      vertex -175.476 14.624 0
      vertex -175.476 14.624 3
    endloop
  endfacet
  facet normal 0.982579 0.185843 0
    outer loop
      vertex -175.476 14.624 0
      vertex -175.406 14.2539 3
      vertex -175.406 14.2539 0
    endloop
  endfacet
  facet normal -0.950602 0.310412 0
    outer loop
      vertex -169.711 13.8956 0
      vertex -169.594 14.2539 3
      vertex -169.594 14.2539 0
    endloop
  endfacet
  facet normal -0.950602 0.310412 0
    outer loop
      vertex -169.594 14.2539 3
      vertex -169.711 13.8956 0
      vertex -169.711 13.8956 3
    endloop
  endfacet
  facet normal 0.12521 0.99213 -0
    outer loop
      vertex -172.688 12.0059 0
      vertex -173.062 12.0531 3
      vertex -172.688 12.0059 3
    endloop
  endfacet
  facet normal 0.12521 0.99213 0
    outer loop
      vertex -173.062 12.0531 3
      vertex -172.688 12.0059 0
      vertex -173.062 12.0531 0
    endloop
  endfacet
  facet normal 0.587619 0.809137 -0
    outer loop
      vertex -174.107 12.467 0
      vertex -174.412 12.6885 3
      vertex -174.107 12.467 3
    endloop
  endfacet
  facet normal 0.587619 0.809137 0
    outer loop
      vertex -174.412 12.6885 3
      vertex -174.107 12.467 0
      vertex -174.412 12.6885 0
    endloop
  endfacet
  facet normal 0.844175 0.536068 0
    outer loop
      vertex -174.927 13.2366 3
      vertex -175.129 13.5547 0
      vertex -175.129 13.5547 3
    endloop
  endfacet
  facet normal 0.844175 0.536068 0
    outer loop
      vertex -175.129 13.5547 0
      vertex -174.927 13.2366 3
      vertex -174.927 13.2366 0
    endloop
  endfacet
  facet normal -0.24865 0.968593 0
    outer loop
      vertex -171.573 12.1468 0
      vertex -171.938 12.0531 3
      vertex -171.573 12.1468 3
    endloop
  endfacet
  facet normal -0.24865 0.968593 0
    outer loop
      vertex -171.938 12.0531 3
      vertex -171.573 12.1468 0
      vertex -171.938 12.0531 0
    endloop
  endfacet
  facet normal -0.77061 0.637307 0
    outer loop
      vertex -170.313 12.9464 0
      vertex -170.073 13.2366 3
      vertex -170.073 13.2366 0
    endloop
  endfacet
  facet normal -0.77061 0.637307 0
    outer loop
      vertex -170.073 13.2366 3
      vertex -170.313 12.9464 0
      vertex -170.313 12.9464 3
    endloop
  endfacet
  facet normal 0.481919 0.876216 -0
    outer loop
      vertex -173.777 12.2855 0
      vertex -174.107 12.467 3
      vertex -173.777 12.2855 3
    endloop
  endfacet
  facet normal 0.481919 0.876216 0
    outer loop
      vertex -174.107 12.467 3
      vertex -173.777 12.2855 0
      vertex -174.107 12.467 0
    endloop
  endfacet
  facet normal 0.77061 0.637307 0
    outer loop
      vertex -174.687 12.9464 3
      vertex -174.927 13.2366 0
      vertex -174.927 13.2366 3
    endloop
  endfacet
  facet normal 0.77061 0.637307 0
    outer loop
      vertex -174.927 13.2366 0
      vertex -174.687 12.9464 3
      vertex -174.687 12.9464 0
    endloop
  endfacet
  facet normal 0.950602 -0.310412 0
    outer loop
      vertex -175.406 30.7461 3
      vertex -175.289 31.1044 0
      vertex -175.289 31.1044 3
    endloop
  endfacet
  facet normal 0.950602 -0.310412 0
    outer loop
      vertex -175.289 31.1044 0
      vertex -175.406 30.7461 3
      vertex -175.406 30.7461 0
    endloop
  endfacet
  facet normal -0.844175 -0.536068 0
    outer loop
      vertex -169.871 31.4453 0
      vertex -170.073 31.7634 3
      vertex -170.073 31.7634 0
    endloop
  endfacet
  facet normal -0.844175 -0.536068 0
    outer loop
      vertex -170.073 31.7634 3
      vertex -169.871 31.4453 0
      vertex -169.871 31.4453 3
    endloop
  endfacet
  facet normal -0.368412 -0.929663 0
    outer loop
      vertex -171.573 32.8532 0
      vertex -171.223 32.7145 3
      vertex -171.573 32.8532 3
    endloop
  endfacet
  facet normal -0.368412 -0.929663 -0
    outer loop
      vertex -171.223 32.7145 3
      vertex -171.573 32.8532 0
      vertex -171.223 32.7145 0
    endloop
  endfacet
  facet normal 0.368412 -0.929663 0
    outer loop
      vertex -173.777 32.7145 0
      vertex -173.427 32.8532 3
      vertex -173.777 32.7145 3
    endloop
  endfacet
  facet normal 0.368412 -0.929663 0
    outer loop
      vertex -173.427 32.8532 3
      vertex -173.777 32.7145 0
      vertex -173.427 32.8532 0
    endloop
  endfacet
  facet normal 0.905252 -0.424876 0
    outer loop
      vertex -175.289 31.1044 3
      vertex -175.129 31.4453 0
      vertex -175.129 31.4453 3
    endloop
  endfacet
  facet normal 0.905252 -0.424876 0
    outer loop
      vertex -175.129 31.4453 0
      vertex -175.289 31.1044 3
      vertex -175.289 31.1044 0
    endloop
  endfacet
  facet normal -0.982579 0.185843 0
    outer loop
      vertex -169.594 29.2539 0
      vertex -169.524 29.624 3
      vertex -169.524 29.624 0
    endloop
  endfacet
  facet normal -0.982579 0.185843 0
    outer loop
      vertex -169.524 29.624 3
      vertex -169.594 29.2539 0
      vertex -169.594 29.2539 3
    endloop
  endfacet
  facet normal -0.684065 -0.729421 0
    outer loop
      vertex -170.588 32.3115 0
      vertex -170.313 32.0536 3
      vertex -170.588 32.3115 3
    endloop
  endfacet
  facet normal -0.684065 -0.729421 -0
    outer loop
      vertex -170.313 32.0536 3
      vertex -170.588 32.3115 0
      vertex -170.313 32.0536 0
    endloop
  endfacet
  facet normal 0 -1 0
    outer loop
      vertex -172.688 32.9941 0
      vertex -172.312 32.9941 3
      vertex -172.688 32.9941 3
    endloop
  endfacet
  facet normal 0 -1 -0
    outer loop
      vertex -172.312 32.9941 3
      vertex -172.688 32.9941 0
      vertex -172.312 32.9941 0
    endloop
  endfacet
  facet normal -0.587619 -0.809137 0
    outer loop
      vertex -170.893 32.533 0
      vertex -170.588 32.3115 3
      vertex -170.893 32.533 3
    endloop
  endfacet
  facet normal -0.587619 -0.809137 -0
    outer loop
      vertex -170.588 32.3115 3
      vertex -170.893 32.533 0
      vertex -170.588 32.3115 0
    endloop
  endfacet
  facet normal 0.982579 -0.185843 0
    outer loop
      vertex -175.476 30.376 3
      vertex -175.406 30.7461 0
      vertex -175.406 30.7461 3
    endloop
  endfacet
  facet normal 0.982579 -0.185843 0
    outer loop
      vertex -175.406 30.7461 0
      vertex -175.476 30.376 3
      vertex -175.476 30.376 0
    endloop
  endfacet
  facet normal 0.77061 -0.637307 0
    outer loop
      vertex -174.927 31.7634 3
      vertex -174.687 32.0536 0
      vertex -174.687 32.0536 3
    endloop
  endfacet
  facet normal 0.77061 -0.637307 0
    outer loop
      vertex -174.687 32.0536 0
      vertex -174.927 31.7634 3
      vertex -174.927 31.7634 0
    endloop
  endfacet
  facet normal 0.24865 -0.968593 0
    outer loop
      vertex -173.427 32.8532 0
      vertex -173.062 32.9469 3
      vertex -173.427 32.8532 3
    endloop
  endfacet
  facet normal 0.24865 -0.968593 0
    outer loop
      vertex -173.062 32.9469 3
      vertex -173.427 32.8532 0
      vertex -173.062 32.9469 0
    endloop
  endfacet
  facet normal 0.684065 -0.729421 0
    outer loop
      vertex -174.687 32.0536 0
      vertex -174.412 32.3115 3
      vertex -174.687 32.0536 3
    endloop
  endfacet
  facet normal 0.684065 -0.729421 0
    outer loop
      vertex -174.412 32.3115 3
      vertex -174.687 32.0536 0
      vertex -174.412 32.3115 0
    endloop
  endfacet
  facet normal -0.997969 -0.0637002 0
    outer loop
      vertex -169.5 30 0
      vertex -169.524 30.376 3
      vertex -169.524 30.376 0
    endloop
  endfacet
  facet normal -0.997969 -0.0637002 0
    outer loop
      vertex -169.524 30.376 3
      vertex -169.5 30 0
      vertex -169.5 30 3
    endloop
  endfacet
  facet normal -0.77061 -0.637307 0
    outer loop
      vertex -170.073 31.7634 0
      vertex -170.313 32.0536 3
      vertex -170.313 32.0536 0
    endloop
  endfacet
  facet normal -0.77061 -0.637307 0
    outer loop
      vertex -170.313 32.0536 3
      vertex -170.073 31.7634 0
      vertex -170.073 31.7634 3
    endloop
  endfacet
  facet normal -0.24865 -0.968593 0
    outer loop
      vertex -171.938 32.9469 0
      vertex -171.573 32.8532 3
      vertex -171.938 32.9469 3
    endloop
  endfacet
  facet normal -0.24865 -0.968593 -0
    outer loop
      vertex -171.573 32.8532 3
      vertex -171.938 32.9469 0
      vertex -171.573 32.8532 0
    endloop
  endfacet
  facet normal -0.12521 -0.99213 0
    outer loop
      vertex -172.312 32.9941 0
      vertex -171.938 32.9469 3
      vertex -172.312 32.9941 3
    endloop
  endfacet
  facet normal -0.12521 -0.99213 -0
    outer loop
      vertex -171.938 32.9469 3
      vertex -172.312 32.9941 0
      vertex -171.938 32.9469 0
    endloop
  endfacet
  facet normal -0.481919 -0.876216 0
    outer loop
      vertex -171.223 32.7145 0
      vertex -170.893 32.533 3
      vertex -171.223 32.7145 3
    endloop
  endfacet
  facet normal -0.481919 -0.876216 -0
    outer loop
      vertex -170.893 32.533 3
      vertex -171.223 32.7145 0
      vertex -170.893 32.533 0
    endloop
  endfacet
  facet normal 0.997969 -0.0637002 0
    outer loop
      vertex -175.5 30 3
      vertex -175.476 30.376 0
      vertex -175.476 30.376 3
    endloop
  endfacet
  facet normal 0.997969 -0.0637002 0
    outer loop
      vertex -175.476 30.376 0
      vertex -175.5 30 3
      vertex -175.5 30 0
    endloop
  endfacet
  facet normal 0.844175 -0.536068 0
    outer loop
      vertex -175.129 31.4453 3
      vertex -174.927 31.7634 0
      vertex -174.927 31.7634 3
    endloop
  endfacet
  facet normal 0.844175 -0.536068 0
    outer loop
      vertex -174.927 31.7634 0
      vertex -175.129 31.4453 3
      vertex -175.129 31.4453 0
    endloop
  endfacet
  facet normal 0.12521 -0.99213 0
    outer loop
      vertex -173.062 32.9469 0
      vertex -172.688 32.9941 3
      vertex -173.062 32.9469 3
    endloop
  endfacet
  facet normal 0.12521 -0.99213 0
    outer loop
      vertex -172.688 32.9941 3
      vertex -173.062 32.9469 0
      vertex -172.688 32.9941 0
    endloop
  endfacet
  facet normal 0.587619 -0.809137 0
    outer loop
      vertex -174.412 32.3115 0
      vertex -174.107 32.533 3
      vertex -174.412 32.3115 3
    endloop
  endfacet
  facet normal 0.587619 -0.809137 0
    outer loop
      vertex -174.107 32.533 3
      vertex -174.412 32.3115 0
      vertex -174.107 32.533 0
    endloop
  endfacet
  facet normal 0.481919 -0.876216 0
    outer loop
      vertex -174.107 32.533 0
      vertex -173.777 32.7145 3
      vertex -174.107 32.533 3
    endloop
  endfacet
  facet normal 0.481919 -0.876216 0
    outer loop
      vertex -173.777 32.7145 3
      vertex -174.107 32.533 0
      vertex -173.777 32.7145 0
    endloop
  endfacet
  facet normal 0 1 -0
    outer loop
      vertex -172.312 27.0059 0
      vertex -172.688 27.0059 3
      vertex -172.312 27.0059 3
    endloop
  endfacet
  facet normal 0 1 0
    outer loop
      vertex -172.688 27.0059 3
      vertex -172.312 27.0059 0
      vertex -172.688 27.0059 0
    endloop
  endfacet
  facet normal 0.844175 0.536068 0
    outer loop
      vertex -174.927 28.2366 3
      vertex -175.129 28.5547 0
      vertex -175.129 28.5547 3
    endloop
  endfacet
  facet normal 0.844175 0.536068 0
    outer loop
      vertex -175.129 28.5547 0
      vertex -174.927 28.2366 3
      vertex -174.927 28.2366 0
    endloop
  endfacet
  facet normal -0.481919 0.876216 0
    outer loop
      vertex -170.893 27.467 0
      vertex -171.223 27.2855 3
      vertex -170.893 27.467 3
    endloop
  endfacet
  facet normal -0.481919 0.876216 0
    outer loop
      vertex -171.223 27.2855 3
      vertex -170.893 27.467 0
      vertex -171.223 27.2855 0
    endloop
  endfacet
  facet normal -0.905252 -0.424876 0
    outer loop
      vertex -169.711 31.1044 0
      vertex -169.871 31.4453 3
      vertex -169.871 31.4453 0
    endloop
  endfacet
  facet normal -0.905252 -0.424876 0
    outer loop
      vertex -169.871 31.4453 3
      vertex -169.711 31.1044 0
      vertex -169.711 31.1044 3
    endloop
  endfacet
  facet normal -0.950602 -0.310412 0
    outer loop
      vertex -169.594 30.7461 0
      vertex -169.711 31.1044 3
      vertex -169.711 31.1044 0
    endloop
  endfacet
  facet normal -0.950602 -0.310412 0
    outer loop
      vertex -169.711 31.1044 3
      vertex -169.594 30.7461 0
      vertex -169.594 30.7461 3
    endloop
  endfacet
  facet normal -0.982579 -0.185843 0
    outer loop
      vertex -169.524 30.376 0
      vertex -169.594 30.7461 3
      vertex -169.594 30.7461 0
    endloop
  endfacet
  facet normal -0.982579 -0.185843 0
    outer loop
      vertex -169.594 30.7461 3
      vertex -169.524 30.376 0
      vertex -169.524 30.376 3
    endloop
  endfacet
  facet normal -0.997969 0.0637002 0
    outer loop
      vertex -169.524 29.624 0
      vertex -169.5 30 3
      vertex -169.5 30 0
    endloop
  endfacet
  facet normal -0.997969 0.0637002 0
    outer loop
      vertex -169.5 30 3
      vertex -169.524 29.624 0
      vertex -169.524 29.624 3
    endloop
  endfacet
  facet normal -0.905252 0.424876 0
    outer loop
      vertex -169.871 28.5547 0
      vertex -169.711 28.8956 3
      vertex -169.711 28.8956 0
    endloop
  endfacet
  facet normal -0.905252 0.424876 0
    outer loop
      vertex -169.711 28.8956 3
      vertex -169.871 28.5547 0
      vertex -169.871 28.5547 3
    endloop
  endfacet
  facet normal -0.950602 0.310412 0
    outer loop
      vertex -169.711 28.8956 0
      vertex -169.594 29.2539 3
      vertex -169.594 29.2539 0
    endloop
  endfacet
  facet normal -0.950602 0.310412 0
    outer loop
      vertex -169.594 29.2539 3
      vertex -169.711 28.8956 0
      vertex -169.711 28.8956 3
    endloop
  endfacet
  facet normal -0.77061 0.637307 0
    outer loop
      vertex -170.313 27.9464 0
      vertex -170.073 28.2366 3
      vertex -170.073 28.2366 0
    endloop
  endfacet
  facet normal -0.77061 0.637307 0
    outer loop
      vertex -170.073 28.2366 3
      vertex -170.313 27.9464 0
      vertex -170.313 27.9464 3
    endloop
  endfacet
  facet normal -0.844175 0.536068 0
    outer loop
      vertex -170.073 28.2366 0
      vertex -169.871 28.5547 3
      vertex -169.871 28.5547 0
    endloop
  endfacet
  facet normal -0.844175 0.536068 0
    outer loop
      vertex -169.871 28.5547 3
      vertex -170.073 28.2366 0
      vertex -170.073 28.2366 3
    endloop
  endfacet
  facet normal 0.12521 0.99213 -0
    outer loop
      vertex -172.688 27.0059 0
      vertex -173.062 27.0531 3
      vertex -172.688 27.0059 3
    endloop
  endfacet
  facet normal 0.12521 0.99213 0
    outer loop
      vertex -173.062 27.0531 3
      vertex -172.688 27.0059 0
      vertex -173.062 27.0531 0
    endloop
  endfacet
  facet normal 0.997969 0.0637002 0
    outer loop
      vertex -175.476 29.624 3
      vertex -175.5 30 0
      vertex -175.5 30 3
    endloop
  endfacet
  facet normal 0.997969 0.0637002 0
    outer loop
      vertex -175.5 30 0
      vertex -175.476 29.624 3
      vertex -175.476 29.624 0
    endloop
  endfacet
  facet normal 0.905252 0.424876 0
    outer loop
      vertex -175.129 28.5547 3
      vertex -175.289 28.8956 0
      vertex -175.289 28.8956 3
    endloop
  endfacet
  facet normal 0.905252 0.424876 0
    outer loop
      vertex -175.289 28.8956 0
      vertex -175.129 28.5547 3
      vertex -175.129 28.5547 0
    endloop
  endfacet
  facet normal 0.684065 0.729421 -0
    outer loop
      vertex -174.412 27.6885 0
      vertex -174.687 27.9464 3
      vertex -174.412 27.6885 3
    endloop
  endfacet
  facet normal 0.684065 0.729421 0
    outer loop
      vertex -174.687 27.9464 3
      vertex -174.412 27.6885 0
      vertex -174.687 27.9464 0
    endloop
  endfacet
  facet normal -0.368412 0.929663 0
    outer loop
      vertex -171.223 27.2855 0
      vertex -171.573 27.1468 3
      vertex -171.223 27.2855 3
    endloop
  endfacet
  facet normal -0.368412 0.929663 0
    outer loop
      vertex -171.573 27.1468 3
      vertex -171.223 27.2855 0
      vertex -171.573 27.1468 0
    endloop
  endfacet
  facet normal -0.684065 0.729421 0
    outer loop
      vertex -170.313 27.9464 0
      vertex -170.588 27.6885 3
      vertex -170.313 27.9464 3
    endloop
  endfacet
  facet normal -0.684065 0.729421 0
    outer loop
      vertex -170.588 27.6885 3
      vertex -170.313 27.9464 0
      vertex -170.588 27.6885 0
    endloop
  endfacet
  facet normal -0.587619 0.809137 0
    outer loop
      vertex -170.588 27.6885 0
      vertex -170.893 27.467 3
      vertex -170.588 27.6885 3
    endloop
  endfacet
  facet normal -0.587619 0.809137 0
    outer loop
      vertex -170.893 27.467 3
      vertex -170.588 27.6885 0
      vertex -170.893 27.467 0
    endloop
  endfacet
  facet normal 0.587619 0.809137 -0
    outer loop
      vertex -174.107 27.467 0
      vertex -174.412 27.6885 3
      vertex -174.107 27.467 3
    endloop
  endfacet
  facet normal 0.587619 0.809137 0
    outer loop
      vertex -174.412 27.6885 3
      vertex -174.107 27.467 0
      vertex -174.412 27.6885 0
    endloop
  endfacet
  facet normal 0.368412 0.929663 -0
    outer loop
      vertex -173.427 27.1468 0
      vertex -173.777 27.2855 3
      vertex -173.427 27.1468 3
    endloop
  endfacet
  facet normal 0.368412 0.929663 0
    outer loop
      vertex -173.777 27.2855 3
      vertex -173.427 27.1468 0
      vertex -173.777 27.2855 0
    endloop
  endfacet
  facet normal 0.24865 0.968593 -0
    outer loop
      vertex -173.062 27.0531 0
      vertex -173.427 27.1468 3
      vertex -173.062 27.0531 3
    endloop
  endfacet
  facet normal 0.24865 0.968593 0
    outer loop
      vertex -173.427 27.1468 3
      vertex -173.062 27.0531 0
      vertex -173.427 27.1468 0
    endloop
  endfacet
  facet normal -0.24865 0.968593 0
    outer loop
      vertex -171.573 27.1468 0
      vertex -171.938 27.0531 3
      vertex -171.573 27.1468 3
    endloop
  endfacet
  facet normal -0.24865 0.968593 0
    outer loop
      vertex -171.938 27.0531 3
      vertex -171.573 27.1468 0
      vertex -171.938 27.0531 0
    endloop
  endfacet
  facet normal -0.12521 0.99213 0
    outer loop
      vertex -171.938 27.0531 0
      vertex -172.312 27.0059 3
      vertex -171.938 27.0531 3
    endloop
  endfacet
  facet normal -0.12521 0.99213 0
    outer loop
      vertex -172.312 27.0059 3
      vertex -171.938 27.0531 0
      vertex -172.312 27.0059 0
    endloop
  endfacet
  facet normal 0.481919 0.876216 -0
    outer loop
      vertex -173.777 27.2855 0
      vertex -174.107 27.467 3
      vertex -173.777 27.2855 3
    endloop
  endfacet
  facet normal 0.481919 0.876216 0
    outer loop
      vertex -174.107 27.467 3
      vertex -173.777 27.2855 0
      vertex -174.107 27.467 0
    endloop
  endfacet
  facet normal 0.950602 0.310412 0
    outer loop
      vertex -175.289 28.8956 3
      vertex -175.406 29.2539 0
      vertex -175.406 29.2539 3
    endloop
  endfacet
  facet normal 0.950602 0.310412 0
    outer loop
      vertex -175.406 29.2539 0
      vertex -175.289 28.8956 3
      vertex -175.289 28.8956 0
    endloop
  endfacet
  facet normal 0.982579 0.185843 0
    outer loop
      vertex -175.406 29.2539 3
      vertex -175.476 29.624 0
      vertex -175.476 29.624 3
    endloop
  endfacet
  facet normal 0.982579 0.185843 0
    outer loop
      vertex -175.476 29.624 0
      vertex -175.406 29.2539 3
      vertex -175.406 29.2539 0
    endloop
  endfacet
  facet normal 0.77061 0.637307 0
    outer loop
      vertex -174.687 27.9464 3
      vertex -174.927 28.2366 0
      vertex -174.927 28.2366 3
    endloop
  endfacet
  facet normal 0.77061 0.637307 0
    outer loop
      vertex -174.927 28.2366 0
      vertex -174.687 27.9464 3
      vertex -174.687 27.9464 0
    endloop
  endfacet
  facet normal -0.997969 -0.0637002 0
    outer loop
      vertex -171 -22.5 0
      vertex -171.012 -22.312 3
      vertex -171.012 -22.312 0
    endloop
  endfacet
  facet normal -0.997969 -0.0637002 0
    outer loop
      vertex -171.012 -22.312 3
      vertex -171 -22.5 0
      vertex -171 -22.5 3
    endloop
  endfacet
  facet normal 0.997969 -0.0637002 0
    outer loop
      vertex -174 -22.5 3
      vertex -173.988 -22.312 0
      vertex -173.988 -22.312 3
    endloop
  endfacet
  facet normal 0.997969 -0.0637002 0
    outer loop
      vertex -173.988 -22.312 0
      vertex -174 -22.5 3
      vertex -174 -22.5 0
    endloop
  endfacet
  facet normal 0 -1 0
    outer loop
      vertex -172.594 -21.003 0
      vertex -172.406 -21.003 3
      vertex -172.594 -21.003 3
    endloop
  endfacet
  facet normal 0 -1 -0
    outer loop
      vertex -172.406 -21.003 3
      vertex -172.594 -21.003 0
      vertex -172.406 -21.003 0
    endloop
  endfacet
  facet normal 0 1 -0
    outer loop
      vertex -172.406 -23.997 0
      vertex -172.594 -23.997 3
      vertex -172.406 -23.997 3
    endloop
  endfacet
  facet normal 0 1 0
    outer loop
      vertex -172.594 -23.997 3
      vertex -172.406 -23.997 0
      vertex -172.594 -23.997 0
    endloop
  endfacet
  facet normal -0.68553 -0.728044 0
    outer loop
      vertex -171.544 -21.3442 0
      vertex -171.407 -21.4732 3
      vertex -171.544 -21.3442 3
    endloop
  endfacet
  facet normal -0.68553 -0.728044 -0
    outer loop
      vertex -171.407 -21.4732 3
      vertex -171.544 -21.3442 0
      vertex -171.407 -21.4732 0
    endloop
  endfacet
  facet normal 0.68553 -0.728044 0
    outer loop
      vertex -173.593 -21.4732 0
      vertex -173.456 -21.3442 3
      vertex -173.593 -21.4732 3
    endloop
  endfacet
  facet normal 0.68553 -0.728044 0
    outer loop
      vertex -173.456 -21.3442 3
      vertex -173.593 -21.4732 0
      vertex -173.456 -21.3442 0
    endloop
  endfacet
  facet normal 0.368642 -0.929572 0
    outer loop
      vertex -173.139 -21.1428 0
      vertex -172.964 -21.0734 3
      vertex -173.139 -21.1428 3
    endloop
  endfacet
  facet normal 0.368642 -0.929572 0
    outer loop
      vertex -172.964 -21.0734 3
      vertex -173.139 -21.1428 0
      vertex -172.964 -21.0734 0
    endloop
  endfacet
  facet normal -0.84665 0.53215 0
    outer loop
      vertex -171.286 -23.3817 0
      vertex -171.186 -23.2226 3
      vertex -171.186 -23.2226 0
    endloop
  endfacet
  facet normal -0.84665 0.53215 0
    outer loop
      vertex -171.186 -23.2226 3
      vertex -171.286 -23.3817 0
      vertex -171.286 -23.3817 3
    endloop
  endfacet
  facet normal -0.903154 -0.429316 0
    outer loop
      vertex -171.105 -21.9478 0
      vertex -171.186 -21.7774 3
      vertex -171.186 -21.7774 0
    endloop
  endfacet
  facet normal -0.903154 -0.429316 0
    outer loop
      vertex -171.186 -21.7774 3
      vertex -171.105 -21.9478 0
      vertex -171.105 -21.9478 3
    endloop
  endfacet
  facet normal -0.98257 -0.185892 0
    outer loop
      vertex -171.012 -22.312 0
      vertex -171.047 -22.127 3
      vertex -171.047 -22.127 0
    endloop
  endfacet
  facet normal -0.98257 -0.185892 0
    outer loop
      vertex -171.047 -22.127 3
      vertex -171.012 -22.312 0
      vertex -171.012 -22.312 3
    endloop
  endfacet
  facet normal -0.368642 -0.929572 0
    outer loop
      vertex -172.036 -21.0734 0
      vertex -171.861 -21.1428 3
      vertex -172.036 -21.0734 3
    endloop
  endfacet
  facet normal -0.368642 -0.929572 -0
    outer loop
      vertex -171.861 -21.1428 3
      vertex -172.036 -21.0734 0
      vertex -171.861 -21.1428 0
    endloop
  endfacet
  facet normal -0.247764 -0.96882 0
    outer loop
      vertex -172.219 -21.0266 0
      vertex -172.036 -21.0734 3
      vertex -172.219 -21.0266 3
    endloop
  endfacet
  facet normal -0.247764 -0.96882 -0
    outer loop
      vertex -172.036 -21.0734 3
      vertex -172.219 -21.0266 0
      vertex -172.036 -21.0734 0
    endloop
  endfacet
  facet normal -0.481715 -0.876328 0
    outer loop
      vertex -171.861 -21.1428 0
      vertex -171.696 -21.2335 3
      vertex -171.861 -21.1428 3
    endloop
  endfacet
  facet normal -0.481715 -0.876328 -0
    outer loop
      vertex -171.696 -21.2335 3
      vertex -171.861 -21.1428 0
      vertex -171.696 -21.2335 0
    endloop
  endfacet
  facet normal 0.903154 -0.429316 0
    outer loop
      vertex -173.895 -21.9478 3
      vertex -173.814 -21.7774 0
      vertex -173.814 -21.7774 3
    endloop
  endfacet
  facet normal 0.903154 -0.429316 0
    outer loop
      vertex -173.814 -21.7774 0
      vertex -173.895 -21.9478 3
      vertex -173.895 -21.9478 0
    endloop
  endfacet
  facet normal 0.951408 -0.307933 0
    outer loop
      vertex -173.953 -22.127 3
      vertex -173.895 -21.9478 0
      vertex -173.895 -21.9478 3
    endloop
  endfacet
  facet normal 0.951408 -0.307933 0
    outer loop
      vertex -173.895 -21.9478 0
      vertex -173.953 -22.127 3
      vertex -173.953 -22.127 0
    endloop
  endfacet
  facet normal 0.12521 -0.99213 0
    outer loop
      vertex -172.781 -21.0266 0
      vertex -172.594 -21.003 3
      vertex -172.781 -21.0266 3
    endloop
  endfacet
  facet normal 0.12521 -0.99213 0
    outer loop
      vertex -172.594 -21.003 3
      vertex -172.781 -21.0266 0
      vertex -172.594 -21.003 0
    endloop
  endfacet
  facet normal -0.98257 0.185892 0
    outer loop
      vertex -171.047 -22.873 0
      vertex -171.012 -22.688 3
      vertex -171.012 -22.688 0
    endloop
  endfacet
  facet normal -0.98257 0.185892 0
    outer loop
      vertex -171.012 -22.688 3
      vertex -171.047 -22.873 0
      vertex -171.047 -22.873 3
    endloop
  endfacet
  facet normal -0.12521 0.99213 0
    outer loop
      vertex -172.219 -23.9734 0
      vertex -172.406 -23.997 3
      vertex -172.219 -23.9734 3
    endloop
  endfacet
  facet normal -0.12521 0.99213 0
    outer loop
      vertex -172.406 -23.997 3
      vertex -172.219 -23.9734 0
      vertex -172.406 -23.997 0
    endloop
  endfacet
  facet normal -0.951408 -0.307933 0
    outer loop
      vertex -171.047 -22.127 0
      vertex -171.105 -21.9478 3
      vertex -171.105 -21.9478 0
    endloop
  endfacet
  facet normal -0.951408 -0.307933 0
    outer loop
      vertex -171.105 -21.9478 3
      vertex -171.047 -22.127 0
      vertex -171.047 -22.127 3
    endloop
  endfacet
  facet normal -0.768004 -0.640445 0
    outer loop
      vertex -171.286 -21.6183 0
      vertex -171.407 -21.4732 3
      vertex -171.407 -21.4732 0
    endloop
  endfacet
  facet normal -0.768004 -0.640445 0
    outer loop
      vertex -171.407 -21.4732 3
      vertex -171.286 -21.6183 0
      vertex -171.286 -21.6183 3
    endloop
  endfacet
  facet normal -0.84665 -0.53215 0
    outer loop
      vertex -171.186 -21.7774 0
      vertex -171.286 -21.6183 3
      vertex -171.286 -21.6183 0
    endloop
  endfacet
  facet normal -0.84665 -0.53215 0
    outer loop
      vertex -171.286 -21.6183 3
      vertex -171.186 -21.7774 0
      vertex -171.186 -21.7774 3
    endloop
  endfacet
  facet normal -0.12521 -0.99213 0
    outer loop
      vertex -172.406 -21.003 0
      vertex -172.219 -21.0266 3
      vertex -172.406 -21.003 3
    endloop
  endfacet
  facet normal -0.12521 -0.99213 -0
    outer loop
      vertex -172.219 -21.0266 3
      vertex -172.406 -21.003 0
      vertex -172.219 -21.0266 0
    endloop
  endfacet
  facet normal -0.588709 -0.808345 0
    outer loop
      vertex -171.696 -21.2335 0
      vertex -171.544 -21.3442 3
      vertex -171.696 -21.2335 3
    endloop
  endfacet
  facet normal -0.588709 -0.808345 -0
    outer loop
      vertex -171.544 -21.3442 3
      vertex -171.696 -21.2335 0
      vertex -171.544 -21.3442 0
    endloop
  endfacet
  facet normal 0.84665 -0.53215 0
    outer loop
      vertex -173.814 -21.7774 3
      vertex -173.714 -21.6183 0
      vertex -173.714 -21.6183 3
    endloop
  endfacet
  facet normal 0.84665 -0.53215 0
    outer loop
      vertex -173.714 -21.6183 0
      vertex -173.814 -21.7774 3
      vertex -173.814 -21.7774 0
    endloop
  endfacet
  facet normal 0.768004 -0.640445 0
    outer loop
      vertex -173.714 -21.6183 3
      vertex -173.593 -21.4732 0
      vertex -173.593 -21.4732 3
    endloop
  endfacet
  facet normal 0.768004 -0.640445 0
    outer loop
      vertex -173.593 -21.4732 0
      vertex -173.714 -21.6183 3
      vertex -173.714 -21.6183 0
    endloop
  endfacet
  facet normal 0.98257 -0.185892 0
    outer loop
      vertex -173.988 -22.312 3
      vertex -173.953 -22.127 0
      vertex -173.953 -22.127 3
    endloop
  endfacet
  facet normal 0.98257 -0.185892 0
    outer loop
      vertex -173.953 -22.127 0
      vertex -173.988 -22.312 3
      vertex -173.988 -22.312 0
    endloop
  endfacet
  facet normal 0.481715 -0.876328 0
    outer loop
      vertex -173.304 -21.2335 0
      vertex -173.139 -21.1428 3
      vertex -173.304 -21.2335 3
    endloop
  endfacet
  facet normal 0.481715 -0.876328 0
    outer loop
      vertex -173.139 -21.1428 3
      vertex -173.304 -21.2335 0
      vertex -173.139 -21.1428 0
    endloop
  endfacet
  facet normal 0.588709 -0.808345 0
    outer loop
      vertex -173.456 -21.3442 0
      vertex -173.304 -21.2335 3
      vertex -173.456 -21.3442 3
    endloop
  endfacet
  facet normal 0.588709 -0.808345 0
    outer loop
      vertex -173.304 -21.2335 3
      vertex -173.456 -21.3442 0
      vertex -173.304 -21.2335 0
    endloop
  endfacet
  facet normal 0.247764 -0.96882 0
    outer loop
      vertex -172.964 -21.0734 0
      vertex -172.781 -21.0266 3
      vertex -172.964 -21.0734 3
    endloop
  endfacet
  facet normal 0.247764 -0.96882 0
    outer loop
      vertex -172.781 -21.0266 3
      vertex -172.964 -21.0734 0
      vertex -172.781 -21.0266 0
    endloop
  endfacet
  facet normal -0.997969 0.0637002 0
    outer loop
      vertex -171.012 -22.688 0
      vertex -171 -22.5 3
      vertex -171 -22.5 0
    endloop
  endfacet
  facet normal -0.997969 0.0637002 0
    outer loop
      vertex -171 -22.5 3
      vertex -171.012 -22.688 0
      vertex -171.012 -22.688 3
    endloop
  endfacet
  facet normal -0.768004 0.640445 0
    outer loop
      vertex -171.407 -23.5268 0
      vertex -171.286 -23.3817 3
      vertex -171.286 -23.3817 0
    endloop
  endfacet
  facet normal -0.768004 0.640445 0
    outer loop
      vertex -171.286 -23.3817 3
      vertex -171.407 -23.5268 0
      vertex -171.407 -23.5268 3
    endloop
  endfacet
  facet normal -0.588709 0.808345 0
    outer loop
      vertex -171.544 -23.6558 0
      vertex -171.696 -23.7665 3
      vertex -171.544 -23.6558 3
    endloop
  endfacet
  facet normal -0.588709 0.808345 0
    outer loop
      vertex -171.696 -23.7665 3
      vertex -171.544 -23.6558 0
      vertex -171.696 -23.7665 0
    endloop
  endfacet
  facet normal -0.68553 0.728044 0
    outer loop
      vertex -171.407 -23.5268 0
      vertex -171.544 -23.6558 3
      vertex -171.407 -23.5268 3
    endloop
  endfacet
  facet normal -0.68553 0.728044 0
    outer loop
      vertex -171.544 -23.6558 3
      vertex -171.407 -23.5268 0
      vertex -171.544 -23.6558 0
    endloop
  endfacet
  facet normal -0.903154 0.429316 0
    outer loop
      vertex -171.186 -23.2226 0
      vertex -171.105 -23.0522 3
      vertex -171.105 -23.0522 0
    endloop
  endfacet
  facet normal -0.903154 0.429316 0
    outer loop
      vertex -171.105 -23.0522 3
      vertex -171.186 -23.2226 0
      vertex -171.186 -23.2226 3
    endloop
  endfacet
  facet normal 0.68553 0.728044 -0
    outer loop
      vertex -173.456 -23.6558 0
      vertex -173.593 -23.5268 3
      vertex -173.456 -23.6558 3
    endloop
  endfacet
  facet normal 0.68553 0.728044 0
    outer loop
      vertex -173.593 -23.5268 3
      vertex -173.456 -23.6558 0
      vertex -173.593 -23.5268 0
    endloop
  endfacet
  facet normal 0.84665 0.53215 0
    outer loop
      vertex -173.714 -23.3817 3
      vertex -173.814 -23.2226 0
      vertex -173.814 -23.2226 3
    endloop
  endfacet
  facet normal 0.84665 0.53215 0
    outer loop
      vertex -173.814 -23.2226 0
      vertex -173.714 -23.3817 3
      vertex -173.714 -23.3817 0
    endloop
  endfacet
  facet normal 0.951408 0.307933 0
    outer loop
      vertex -173.895 -23.0522 3
      vertex -173.953 -22.873 0
      vertex -173.953 -22.873 3
    endloop
  endfacet
  facet normal 0.951408 0.307933 0
    outer loop
      vertex -173.953 -22.873 0
      vertex -173.895 -23.0522 3
      vertex -173.895 -23.0522 0
    endloop
  endfacet
  facet normal 0.997969 0.0637002 0
    outer loop
      vertex -173.988 -22.688 3
      vertex -174 -22.5 0
      vertex -174 -22.5 3
    endloop
  endfacet
  facet normal 0.997969 0.0637002 0
    outer loop
      vertex -174 -22.5 0
      vertex -173.988 -22.688 3
      vertex -173.988 -22.688 0
    endloop
  endfacet
  facet normal -0.481715 0.876328 0
    outer loop
      vertex -171.696 -23.7665 0
      vertex -171.861 -23.8572 3
      vertex -171.696 -23.7665 3
    endloop
  endfacet
  facet normal -0.481715 0.876328 0
    outer loop
      vertex -171.861 -23.8572 3
      vertex -171.696 -23.7665 0
      vertex -171.861 -23.8572 0
    endloop
  endfacet
  facet normal -0.368642 0.929572 0
    outer loop
      vertex -171.861 -23.8572 0
      vertex -172.036 -23.9266 3
      vertex -171.861 -23.8572 3
    endloop
  endfacet
  facet normal -0.368642 0.929572 0
    outer loop
      vertex -172.036 -23.9266 3
      vertex -171.861 -23.8572 0
      vertex -172.036 -23.9266 0
    endloop
  endfacet
  facet normal -0.247764 0.96882 0
    outer loop
      vertex -172.036 -23.9266 0
      vertex -172.219 -23.9734 3
      vertex -172.036 -23.9266 3
    endloop
  endfacet
  facet normal -0.247764 0.96882 0
    outer loop
      vertex -172.219 -23.9734 3
      vertex -172.036 -23.9266 0
      vertex -172.219 -23.9734 0
    endloop
  endfacet
  facet normal -0.951408 0.307933 0
    outer loop
      vertex -171.105 -23.0522 0
      vertex -171.047 -22.873 3
      vertex -171.047 -22.873 0
    endloop
  endfacet
  facet normal -0.951408 0.307933 0
    outer loop
      vertex -171.047 -22.873 3
      vertex -171.105 -23.0522 0
      vertex -171.105 -23.0522 3
    endloop
  endfacet
  facet normal 0.368642 0.929572 -0
    outer loop
      vertex -172.964 -23.9266 0
      vertex -173.139 -23.8572 3
      vertex -172.964 -23.9266 3
    endloop
  endfacet
  facet normal 0.368642 0.929572 0
    outer loop
      vertex -173.139 -23.8572 3
      vertex -172.964 -23.9266 0
      vertex -173.139 -23.8572 0
    endloop
  endfacet
  facet normal 0.247764 0.96882 -0
    outer loop
      vertex -172.781 -23.9734 0
      vertex -172.964 -23.9266 3
      vertex -172.781 -23.9734 3
    endloop
  endfacet
  facet normal 0.247764 0.96882 0
    outer loop
      vertex -172.964 -23.9266 3
      vertex -172.781 -23.9734 0
      vertex -172.964 -23.9266 0
    endloop
  endfacet
  facet normal 0.768004 0.640445 0
    outer loop
      vertex -173.593 -23.5268 3
      vertex -173.714 -23.3817 0
      vertex -173.714 -23.3817 3
    endloop
  endfacet
  facet normal 0.768004 0.640445 0
    outer loop
      vertex -173.714 -23.3817 0
      vertex -173.593 -23.5268 3
      vertex -173.593 -23.5268 0
    endloop
  endfacet
  facet normal 0.903154 0.429316 0
    outer loop
      vertex -173.814 -23.2226 3
      vertex -173.895 -23.0522 0
      vertex -173.895 -23.0522 3
    endloop
  endfacet
  facet normal 0.903154 0.429316 0
    outer loop
      vertex -173.895 -23.0522 0
      vertex -173.814 -23.2226 3
      vertex -173.814 -23.2226 0
    endloop
  endfacet
  facet normal 0.98257 0.185892 0
    outer loop
      vertex -173.953 -22.873 3
      vertex -173.988 -22.688 0
      vertex -173.988 -22.688 3
    endloop
  endfacet
  facet normal 0.98257 0.185892 0
    outer loop
      vertex -173.988 -22.688 0
      vertex -173.953 -22.873 3
      vertex -173.953 -22.873 0
    endloop
  endfacet
  facet normal 0.12521 0.99213 -0
    outer loop
      vertex -172.594 -23.997 0
      vertex -172.781 -23.9734 3
      vertex -172.594 -23.997 3
    endloop
  endfacet
  facet normal 0.12521 0.99213 0
    outer loop
      vertex -172.781 -23.9734 3
      vertex -172.594 -23.997 0
      vertex -172.781 -23.9734 0
    endloop
  endfacet
  facet normal 0.481715 0.876328 -0
    outer loop
      vertex -173.139 -23.8572 0
      vertex -173.304 -23.7665 3
      vertex -173.139 -23.8572 3
    endloop
  endfacet
  facet normal 0.481715 0.876328 0
    outer loop
      vertex -173.304 -23.7665 3
      vertex -173.139 -23.8572 0
      vertex -173.304 -23.7665 0
    endloop
  endfacet
  facet normal 0.588709 0.808345 -0
    outer loop
      vertex -173.304 -23.7665 0
      vertex -173.456 -23.6558 3
      vertex -173.304 -23.7665 3
    endloop
  endfacet
  facet normal 0.588709 0.808345 0
    outer loop
      vertex -173.456 -23.6558 3
      vertex -173.304 -23.7665 0
      vertex -173.456 -23.6558 0
    endloop
  endfacet
  facet normal -0.997969 -0.0637002 0
    outer loop
      vertex -171 -7.5 0
      vertex -171.012 -7.312 3
      vertex -171.012 -7.312 0
    endloop
  endfacet
  facet normal -0.997969 -0.0637002 0
    outer loop
      vertex -171.012 -7.312 3
      vertex -171 -7.5 0
      vertex -171 -7.5 3
    endloop
  endfacet
  facet normal 0.997969 -0.0637002 0
    outer loop
      vertex -174 -7.5 3
      vertex -173.988 -7.312 0
      vertex -173.988 -7.312 3
    endloop
  endfacet
  facet normal 0.997969 -0.0637002 0
    outer loop
      vertex -173.988 -7.312 0
      vertex -174 -7.5 3
      vertex -174 -7.5 0
    endloop
  endfacet
  facet normal 0 -1 0
    outer loop
      vertex -172.594 -6.00296 0
      vertex -172.406 -6.00296 3
      vertex -172.594 -6.00296 3
    endloop
  endfacet
  facet normal 0 -1 -0
    outer loop
      vertex -172.406 -6.00296 3
      vertex -172.594 -6.00296 0
      vertex -172.406 -6.00296 0
    endloop
  endfacet
  facet normal 0 1 -0
    outer loop
      vertex -172.406 -8.99704 0
      vertex -172.594 -8.99704 3
      vertex -172.406 -8.99704 3
    endloop
  endfacet
  facet normal 0 1 0
    outer loop
      vertex -172.594 -8.99704 3
      vertex -172.406 -8.99704 0
      vertex -172.594 -8.99704 0
    endloop
  endfacet
  facet normal -0.68539 -0.728177 0
    outer loop
      vertex -171.544 -6.34423 0
      vertex -171.407 -6.47318 3
      vertex -171.544 -6.34423 3
    endloop
  endfacet
  facet normal -0.68539 -0.728177 -0
    outer loop
      vertex -171.407 -6.47318 3
      vertex -171.544 -6.34423 0
      vertex -171.407 -6.47318 0
    endloop
  endfacet
  facet normal 0.68539 -0.728177 0
    outer loop
      vertex -173.593 -6.47318 0
      vertex -173.456 -6.34423 3
      vertex -173.593 -6.47318 3
    endloop
  endfacet
  facet normal 0.68539 -0.728177 0
    outer loop
      vertex -173.456 -6.34423 3
      vertex -173.593 -6.47318 0
      vertex -173.456 -6.34423 0
    endloop
  endfacet
  facet normal 0.368412 -0.929663 0
    outer loop
      vertex -173.139 -6.14276 0
      vertex -172.964 -6.07341 3
      vertex -173.139 -6.14276 3
    endloop
  endfacet
  facet normal 0.368412 -0.929663 0
    outer loop
      vertex -172.964 -6.07341 3
      vertex -173.139 -6.14276 0
      vertex -172.964 -6.07341 0
    endloop
  endfacet
  facet normal -0.846575 0.53227 0
    outer loop
      vertex -171.286 -8.38168 0
      vertex -171.186 -8.22263 3
      vertex -171.186 -8.22263 0
    endloop
  endfacet
  facet normal -0.846575 0.53227 0
    outer loop
      vertex -171.186 -8.22263 3
      vertex -171.286 -8.38168 0
      vertex -171.286 -8.38168 3
    endloop
  endfacet
  facet normal -0.903193 -0.429234 0
    outer loop
      vertex -171.105 -6.94781 0
      vertex -171.186 -6.77737 3
      vertex -171.186 -6.77737 0
    endloop
  endfacet
  facet normal -0.903193 -0.429234 0
    outer loop
      vertex -171.186 -6.77737 3
      vertex -171.105 -6.94781 0
      vertex -171.105 -6.94781 3
    endloop
  endfacet
  facet normal -0.982578 -0.185853 0
    outer loop
      vertex -171.012 -7.312 0
      vertex -171.047 -7.12696 3
      vertex -171.047 -7.12696 0
    endloop
  endfacet
  facet normal -0.982578 -0.185853 0
    outer loop
      vertex -171.047 -7.12696 3
      vertex -171.012 -7.312 0
      vertex -171.012 -7.312 3
    endloop
  endfacet
  facet normal -0.368412 -0.929663 0
    outer loop
      vertex -172.036 -6.07341 0
      vertex -171.861 -6.14276 3
      vertex -172.036 -6.07341 3
    endloop
  endfacet
  facet normal -0.368412 -0.929663 -0
    outer loop
      vertex -171.861 -6.14276 3
      vertex -172.036 -6.07341 0
      vertex -171.861 -6.14276 0
    endloop
  endfacet
  facet normal -0.247963 -0.96877 0
    outer loop
      vertex -172.219 -6.02657 0
      vertex -172.036 -6.07341 3
      vertex -172.219 -6.02657 3
    endloop
  endfacet
  facet normal -0.247963 -0.96877 -0
    outer loop
      vertex -172.036 -6.07341 3
      vertex -172.219 -6.02657 0
      vertex -172.036 -6.07341 0
    endloop
  endfacet
  facet normal -0.481919 -0.876216 0
    outer loop
      vertex -171.861 -6.14276 0
      vertex -171.696 -6.23351 3
      vertex -171.861 -6.14276 3
    endloop
  endfacet
  facet normal -0.481919 -0.876216 -0
    outer loop
      vertex -171.696 -6.23351 3
      vertex -171.861 -6.14276 0
      vertex -171.696 -6.23351 0
    endloop
  endfacet
  facet normal 0.903193 -0.429234 0
    outer loop
      vertex -173.895 -6.94781 3
      vertex -173.814 -6.77737 0
      vertex -173.814 -6.77737 3
    endloop
  endfacet
  facet normal 0.903193 -0.429234 0
    outer loop
      vertex -173.814 -6.77737 0
      vertex -173.895 -6.94781 3
      vertex -173.895 -6.94781 0
    endloop
  endfacet
  facet normal 0.951383 -0.308011 0
    outer loop
      vertex -173.953 -7.12696 3
      vertex -173.895 -6.94781 0
      vertex -173.895 -6.94781 3
    endloop
  endfacet
  facet normal 0.951383 -0.308011 0
    outer loop
      vertex -173.895 -6.94781 0
      vertex -173.953 -7.12696 3
      vertex -173.953 -7.12696 0
    endloop
  endfacet
  facet normal 0.125262 -0.992124 0
    outer loop
      vertex -172.781 -6.02657 0
      vertex -172.594 -6.00296 3
      vertex -172.781 -6.02657 3
    endloop
  endfacet
  facet normal 0.125262 -0.992124 0
    outer loop
      vertex -172.594 -6.00296 3
      vertex -172.781 -6.02657 0
      vertex -172.594 -6.00296 0
    endloop
  endfacet
  facet normal -0.982576 0.185863 0
    outer loop
      vertex -171.047 -7.87303 0
      vertex -171.012 -7.688 3
      vertex -171.012 -7.688 0
    endloop
  endfacet
  facet normal -0.982576 0.185863 0
    outer loop
      vertex -171.012 -7.688 3
      vertex -171.047 -7.87303 0
      vertex -171.047 -7.87303 3
    endloop
  endfacet
  facet normal -0.125262 0.992124 0
    outer loop
      vertex -172.219 -8.97343 0
      vertex -172.406 -8.99704 3
      vertex -172.219 -8.97343 3
    endloop
  endfacet
  facet normal -0.125262 0.992124 0
    outer loop
      vertex -172.406 -8.99704 3
      vertex -172.219 -8.97343 0
      vertex -172.406 -8.99704 0
    endloop
  endfacet
  facet normal -0.951383 -0.308011 0
    outer loop
      vertex -171.047 -7.12696 0
      vertex -171.105 -6.94781 3
      vertex -171.105 -6.94781 0
    endloop
  endfacet
  facet normal -0.951383 -0.308011 0
    outer loop
      vertex -171.105 -6.94781 3
      vertex -171.047 -7.12696 0
      vertex -171.047 -7.12696 3
    endloop
  endfacet
  facet normal -0.768091 -0.640341 0
    outer loop
      vertex -171.286 -6.61832 0
      vertex -171.407 -6.47318 3
      vertex -171.407 -6.47318 0
    endloop
  endfacet
  facet normal -0.768091 -0.640341 0
    outer loop
      vertex -171.407 -6.47318 3
      vertex -171.286 -6.61832 0
      vertex -171.286 -6.61832 3
    endloop
  endfacet
  facet normal -0.846575 -0.53227 0
    outer loop
      vertex -171.186 -6.77737 0
      vertex -171.286 -6.61832 3
      vertex -171.286 -6.61832 0
    endloop
  endfacet
  facet normal -0.846575 -0.53227 0
    outer loop
      vertex -171.286 -6.61832 3
      vertex -171.186 -6.77737 0
      vertex -171.186 -6.77737 3
    endloop
  endfacet
  facet normal -0.125262 -0.992124 0
    outer loop
      vertex -172.406 -6.00296 0
      vertex -172.219 -6.02657 3
      vertex -172.406 -6.00296 3
    endloop
  endfacet
  facet normal -0.125262 -0.992124 -0
    outer loop
      vertex -172.219 -6.02657 3
      vertex -172.406 -6.00296 0
      vertex -172.219 -6.02657 0
    endloop
  endfacet
  facet normal -0.588779 -0.808294 0
    outer loop
      vertex -171.696 -6.23351 0
      vertex -171.544 -6.34423 3
      vertex -171.696 -6.23351 3
    endloop
  endfacet
  facet normal -0.588779 -0.808294 -0
    outer loop
      vertex -171.544 -6.34423 3
      vertex -171.696 -6.23351 0
      vertex -171.544 -6.34423 0
    endloop
  endfacet
  facet normal 0.846575 -0.53227 0
    outer loop
      vertex -173.814 -6.77737 3
      vertex -173.714 -6.61832 0
      vertex -173.714 -6.61832 3
    endloop
  endfacet
  facet normal 0.846575 -0.53227 0
    outer loop
      vertex -173.714 -6.61832 0
      vertex -173.814 -6.77737 3
      vertex -173.814 -6.77737 0
    endloop
  endfacet
  facet normal 0.768091 -0.640341 0
    outer loop
      vertex -173.714 -6.61832 3
      vertex -173.593 -6.47318 0
      vertex -173.593 -6.47318 3
    endloop
  endfacet
  facet normal 0.768091 -0.640341 0
    outer loop
      vertex -173.593 -6.47318 0
      vertex -173.714 -6.61832 3
      vertex -173.714 -6.61832 0
    endloop
  endfacet
  facet normal 0.982578 -0.185853 0
    outer loop
      vertex -173.988 -7.312 3
      vertex -173.953 -7.12696 0
      vertex -173.953 -7.12696 3
    endloop
  endfacet
  facet normal 0.982578 -0.185853 0
    outer loop
      vertex -173.953 -7.12696 0
      vertex -173.988 -7.312 3
      vertex -173.988 -7.312 0
    endloop
  endfacet
  facet normal 0.481919 -0.876216 0
    outer loop
      vertex -173.304 -6.23351 0
      vertex -173.139 -6.14276 3
      vertex -173.304 -6.23351 3
    endloop
  endfacet
  facet normal 0.481919 -0.876216 0
    outer loop
      vertex -173.139 -6.14276 3
      vertex -173.304 -6.23351 0
      vertex -173.139 -6.14276 0
    endloop
  endfacet
  facet normal 0.588779 -0.808294 0
    outer loop
      vertex -173.456 -6.34423 0
      vertex -173.304 -6.23351 3
      vertex -173.456 -6.34423 3
    endloop
  endfacet
  facet normal 0.588779 -0.808294 0
    outer loop
      vertex -173.304 -6.23351 3
      vertex -173.456 -6.34423 0
      vertex -173.304 -6.23351 0
    endloop
  endfacet
  facet normal 0.247963 -0.96877 0
    outer loop
      vertex -172.964 -6.07341 0
      vertex -172.781 -6.02657 3
      vertex -172.964 -6.07341 3
    endloop
  endfacet
  facet normal 0.247963 -0.96877 0
    outer loop
      vertex -172.781 -6.02657 3
      vertex -172.964 -6.07341 0
      vertex -172.781 -6.02657 0
    endloop
  endfacet
  facet normal -0.997969 0.0637002 0
    outer loop
      vertex -171.012 -7.688 0
      vertex -171 -7.5 3
      vertex -171 -7.5 0
    endloop
  endfacet
  facet normal -0.997969 0.0637002 0
    outer loop
      vertex -171 -7.5 3
      vertex -171.012 -7.688 0
      vertex -171.012 -7.688 3
    endloop
  endfacet
  facet normal -0.768091 0.640341 0
    outer loop
      vertex -171.407 -8.52682 0
      vertex -171.286 -8.38168 3
      vertex -171.286 -8.38168 0
    endloop
  endfacet
  facet normal -0.768091 0.640341 0
    outer loop
      vertex -171.286 -8.38168 3
      vertex -171.407 -8.52682 0
      vertex -171.407 -8.52682 3
    endloop
  endfacet
  facet normal -0.588779 0.808294 0
    outer loop
      vertex -171.544 -8.65577 0
      vertex -171.696 -8.76649 3
      vertex -171.544 -8.65577 3
    endloop
  endfacet
  facet normal -0.588779 0.808294 0
    outer loop
      vertex -171.696 -8.76649 3
      vertex -171.544 -8.65577 0
      vertex -171.696 -8.76649 0
    endloop
  endfacet
  facet normal -0.68539 0.728177 0
    outer loop
      vertex -171.407 -8.52682 0
      vertex -171.544 -8.65577 3
      vertex -171.407 -8.52682 3
    endloop
  endfacet
  facet normal -0.68539 0.728177 0
    outer loop
      vertex -171.544 -8.65577 3
      vertex -171.407 -8.52682 0
      vertex -171.544 -8.65577 0
    endloop
  endfacet
  facet normal -0.903193 0.429234 0
    outer loop
      vertex -171.186 -8.22263 0
      vertex -171.105 -8.05219 3
      vertex -171.105 -8.05219 0
    endloop
  endfacet
  facet normal -0.903193 0.429234 0
    outer loop
      vertex -171.105 -8.05219 3
      vertex -171.186 -8.22263 0
      vertex -171.186 -8.22263 3
    endloop
  endfacet
  facet normal 0.68539 0.728177 -0
    outer loop
      vertex -173.456 -8.65577 0
      vertex -173.593 -8.52682 3
      vertex -173.456 -8.65577 3
    endloop
  endfacet
  facet normal 0.68539 0.728177 0
    outer loop
      vertex -173.593 -8.52682 3
      vertex -173.456 -8.65577 0
      vertex -173.593 -8.52682 0
    endloop
  endfacet
  facet normal 0.846575 0.53227 0
    outer loop
      vertex -173.714 -8.38168 3
      vertex -173.814 -8.22263 0
      vertex -173.814 -8.22263 3
    endloop
  endfacet
  facet normal 0.846575 0.53227 0
    outer loop
      vertex -173.814 -8.22263 0
      vertex -173.714 -8.38168 3
      vertex -173.714 -8.38168 0
    endloop
  endfacet
  facet normal 0.951388 0.307996 0
    outer loop
      vertex -173.895 -8.05219 3
      vertex -173.953 -7.87303 0
      vertex -173.953 -7.87303 3
    endloop
  endfacet
  facet normal 0.951388 0.307996 0
    outer loop
      vertex -173.953 -7.87303 0
      vertex -173.895 -8.05219 3
      vertex -173.895 -8.05219 0
    endloop
  endfacet
  facet normal 0.997969 0.0637002 0
    outer loop
      vertex -173.988 -7.688 3
      vertex -174 -7.5 0
      vertex -174 -7.5 3
    endloop
  endfacet
  facet normal 0.997969 0.0637002 0
    outer loop
      vertex -174 -7.5 0
      vertex -173.988 -7.688 3
      vertex -173.988 -7.688 0
    endloop
  endfacet
  facet normal -0.368366 0.929681 0
    outer loop
      vertex -171.861 -8.85724 0
      vertex -172.036 -8.92658 3
      vertex -171.861 -8.85724 3
    endloop
  endfacet
  facet normal -0.368366 0.929681 0
    outer loop
      vertex -172.036 -8.92658 3
      vertex -171.861 -8.85724 0
      vertex -172.036 -8.92658 0
    endloop
  endfacet
  facet normal -0.248012 0.968757 0
    outer loop
      vertex -172.036 -8.92658 0
      vertex -172.219 -8.97343 3
      vertex -172.036 -8.92658 3
    endloop
  endfacet
  facet normal -0.248012 0.968757 0
    outer loop
      vertex -172.219 -8.97343 3
      vertex -172.036 -8.92658 0
      vertex -172.219 -8.97343 0
    endloop
  endfacet
  facet normal -0.951388 0.307996 0
    outer loop
      vertex -171.105 -8.05219 0
      vertex -171.047 -7.87303 3
      vertex -171.047 -7.87303 0
    endloop
  endfacet
  facet normal -0.951388 0.307996 0
    outer loop
      vertex -171.047 -7.87303 3
      vertex -171.105 -8.05219 0
      vertex -171.105 -8.05219 3
    endloop
  endfacet
  facet normal 0.125262 0.992124 -0
    outer loop
      vertex -172.594 -8.99704 0
      vertex -172.781 -8.97343 3
      vertex -172.594 -8.99704 3
    endloop
  endfacet
  facet normal 0.125262 0.992124 0
    outer loop
      vertex -172.781 -8.97343 3
      vertex -172.594 -8.99704 0
      vertex -172.781 -8.97343 0
    endloop
  endfacet
  facet normal 0.368366 0.929681 -0
    outer loop
      vertex -172.964 -8.92658 0
      vertex -173.139 -8.85724 3
      vertex -172.964 -8.92658 3
    endloop
  endfacet
  facet normal 0.368366 0.929681 0
    outer loop
      vertex -173.139 -8.85724 3
      vertex -172.964 -8.92658 0
      vertex -173.139 -8.85724 0
    endloop
  endfacet
  facet normal 0.248012 0.968757 -0
    outer loop
      vertex -172.781 -8.97343 0
      vertex -172.964 -8.92658 3
      vertex -172.781 -8.97343 3
    endloop
  endfacet
  facet normal 0.248012 0.968757 0
    outer loop
      vertex -172.964 -8.92658 3
      vertex -172.781 -8.97343 0
      vertex -172.964 -8.92658 0
    endloop
  endfacet
  facet normal 0.903193 0.429234 0
    outer loop
      vertex -173.814 -8.22263 3
      vertex -173.895 -8.05219 0
      vertex -173.895 -8.05219 3
    endloop
  endfacet
  facet normal 0.903193 0.429234 0
    outer loop
      vertex -173.895 -8.05219 0
      vertex -173.814 -8.22263 3
      vertex -173.814 -8.22263 0
    endloop
  endfacet
  facet normal 0.982576 0.185863 0
    outer loop
      vertex -173.953 -7.87303 3
      vertex -173.988 -7.688 0
      vertex -173.988 -7.688 3
    endloop
  endfacet
  facet normal 0.982576 0.185863 0
    outer loop
      vertex -173.988 -7.688 0
      vertex -173.953 -7.87303 3
      vertex -173.953 -7.87303 0
    endloop
  endfacet
  facet normal -0.481919 0.876216 0
    outer loop
      vertex -171.696 -8.76649 0
      vertex -171.861 -8.85724 3
      vertex -171.696 -8.76649 3
    endloop
  endfacet
  facet normal -0.481919 0.876216 0
    outer loop
      vertex -171.861 -8.85724 3
      vertex -171.696 -8.76649 0
      vertex -171.861 -8.85724 0
    endloop
  endfacet
  facet normal 0.768091 0.640341 0
    outer loop
      vertex -173.593 -8.52682 3
      vertex -173.714 -8.38168 0
      vertex -173.714 -8.38168 3
    endloop
  endfacet
  facet normal 0.768091 0.640341 0
    outer loop
      vertex -173.714 -8.38168 0
      vertex -173.593 -8.52682 3
      vertex -173.593 -8.52682 0
    endloop
  endfacet
  facet normal 0.481919 0.876216 -0
    outer loop
      vertex -173.139 -8.85724 0
      vertex -173.304 -8.76649 3
      vertex -173.139 -8.85724 3
    endloop
  endfacet
  facet normal 0.481919 0.876216 0
    outer loop
      vertex -173.304 -8.76649 3
      vertex -173.139 -8.85724 0
      vertex -173.304 -8.76649 0
    endloop
  endfacet
  facet normal 0.588779 0.808294 -0
    outer loop
      vertex -173.304 -8.76649 0
      vertex -173.456 -8.65577 3
      vertex -173.304 -8.76649 3
    endloop
  endfacet
  facet normal 0.588779 0.808294 0
    outer loop
      vertex -173.456 -8.65577 3
      vertex -173.304 -8.76649 0
      vertex -173.456 -8.65577 0
    endloop
  endfacet
  facet normal -0.846575 -0.53227 0
    outer loop
      vertex -171.186 8.22263 0
      vertex -171.286 8.38168 3
      vertex -171.286 8.38168 0
    endloop
  endfacet
  facet normal -0.846575 -0.53227 0
    outer loop
      vertex -171.286 8.38168 3
      vertex -171.186 8.22263 0
      vertex -171.186 8.22263 3
    endloop
  endfacet
  facet normal -0.368366 -0.929681 0
    outer loop
      vertex -172.036 8.92658 0
      vertex -171.861 8.85724 3
      vertex -172.036 8.92658 3
    endloop
  endfacet
  facet normal -0.368366 -0.929681 -0
    outer loop
      vertex -171.861 8.85724 3
      vertex -172.036 8.92658 0
      vertex -171.861 8.85724 0
    endloop
  endfacet
  facet normal 0.368366 -0.929681 0
    outer loop
      vertex -173.139 8.85724 0
      vertex -172.964 8.92658 3
      vertex -173.139 8.85724 3
    endloop
  endfacet
  facet normal 0.368366 -0.929681 0
    outer loop
      vertex -172.964 8.92658 3
      vertex -173.139 8.85724 0
      vertex -172.964 8.92658 0
    endloop
  endfacet
  facet normal 0.903193 -0.429234 0
    outer loop
      vertex -173.895 8.05219 3
      vertex -173.814 8.22263 0
      vertex -173.814 8.22263 3
    endloop
  endfacet
  facet normal 0.903193 -0.429234 0
    outer loop
      vertex -173.814 8.22263 0
      vertex -173.895 8.05219 3
      vertex -173.895 8.05219 0
    endloop
  endfacet
  facet normal -0.982576 -0.185863 0
    outer loop
      vertex -171.012 7.688 0
      vertex -171.047 7.87303 3
      vertex -171.047 7.87303 0
    endloop
  endfacet
  facet normal -0.982576 -0.185863 0
    outer loop
      vertex -171.047 7.87303 3
      vertex -171.012 7.688 0
      vertex -171.012 7.688 3
    endloop
  endfacet
  facet normal -0.68539 -0.728177 0
    outer loop
      vertex -171.544 8.65577 0
      vertex -171.407 8.52682 3
      vertex -171.544 8.65577 3
    endloop
  endfacet
  facet normal -0.68539 -0.728177 -0
    outer loop
      vertex -171.407 8.52682 3
      vertex -171.544 8.65577 0
      vertex -171.407 8.52682 0
    endloop
  endfacet
  facet normal -0.481919 -0.876216 0
    outer loop
      vertex -171.861 8.85724 0
      vertex -171.696 8.76649 3
      vertex -171.861 8.85724 3
    endloop
  endfacet
  facet normal -0.481919 -0.876216 -0
    outer loop
      vertex -171.696 8.76649 3
      vertex -171.861 8.85724 0
      vertex -171.696 8.76649 0
    endloop
  endfacet
  facet normal 0.768091 -0.640341 0
    outer loop
      vertex -173.714 8.38168 3
      vertex -173.593 8.52682 0
      vertex -173.593 8.52682 3
    endloop
  endfacet
  facet normal 0.768091 -0.640341 0
    outer loop
      vertex -173.593 8.52682 0
      vertex -173.714 8.38168 3
      vertex -173.714 8.38168 0
    endloop
  endfacet
  facet normal 0.125262 -0.992124 0
    outer loop
      vertex -172.781 8.97343 0
      vertex -172.594 8.99704 3
      vertex -172.781 8.97343 3
    endloop
  endfacet
  facet normal 0.125262 -0.992124 0
    outer loop
      vertex -172.594 8.99704 3
      vertex -172.781 8.97343 0
      vertex -172.594 8.99704 0
    endloop
  endfacet
  facet normal 0.68539 -0.728177 0
    outer loop
      vertex -173.593 8.52682 0
      vertex -173.456 8.65577 3
      vertex -173.593 8.52682 3
    endloop
  endfacet
  facet normal 0.68539 -0.728177 0
    outer loop
      vertex -173.456 8.65577 3
      vertex -173.593 8.52682 0
      vertex -173.456 8.65577 0
    endloop
  endfacet
  facet normal -0.588779 0.808294 0
    outer loop
      vertex -171.544 6.34423 0
      vertex -171.696 6.23351 3
      vertex -171.544 6.34423 3
    endloop
  endfacet
  facet normal -0.588779 0.808294 0
    outer loop
      vertex -171.696 6.23351 3
      vertex -171.544 6.34423 0
      vertex -171.696 6.23351 0
    endloop
  endfacet
  facet normal -0.768091 -0.640341 0
    outer loop
      vertex -171.286 8.38168 0
      vertex -171.407 8.52682 3
      vertex -171.407 8.52682 0
    endloop
  endfacet
  facet normal -0.768091 -0.640341 0
    outer loop
      vertex -171.407 8.52682 3
      vertex -171.286 8.38168 0
      vertex -171.286 8.38168 3
    endloop
  endfacet
  facet normal 0 -1 0
    outer loop
      vertex -172.594 8.99704 0
      vertex -172.406 8.99704 3
      vertex -172.594 8.99704 3
    endloop
  endfacet
  facet normal 0 -1 -0
    outer loop
      vertex -172.406 8.99704 3
      vertex -172.594 8.99704 0
      vertex -172.406 8.99704 0
    endloop
  endfacet
  facet normal -0.248012 -0.968757 0
    outer loop
      vertex -172.219 8.97343 0
      vertex -172.036 8.92658 3
      vertex -172.219 8.97343 3
    endloop
  endfacet
  facet normal -0.248012 -0.968757 -0
    outer loop
      vertex -172.036 8.92658 3
      vertex -172.219 8.97343 0
      vertex -172.036 8.92658 0
    endloop
  endfacet
  facet normal -0.588779 -0.808294 0
    outer loop
      vertex -171.696 8.76649 0
      vertex -171.544 8.65577 3
      vertex -171.696 8.76649 3
    endloop
  endfacet
  facet normal -0.588779 -0.808294 -0
    outer loop
      vertex -171.544 8.65577 3
      vertex -171.696 8.76649 0
      vertex -171.544 8.65577 0
    endloop
  endfacet
  facet normal 0.997969 -0.0637002 0
    outer loop
      vertex -174 7.5 3
      vertex -173.988 7.688 0
      vertex -173.988 7.688 3
    endloop
  endfacet
  facet normal 0.997969 -0.0637002 0
    outer loop
      vertex -173.988 7.688 0
      vertex -174 7.5 3
      vertex -174 7.5 0
    endloop
  endfacet
  facet normal 0.951388 -0.307996 0
    outer loop
      vertex -173.953 7.87303 3
      vertex -173.895 8.05219 0
      vertex -173.895 8.05219 3
    endloop
  endfacet
  facet normal 0.951388 -0.307996 0
    outer loop
      vertex -173.895 8.05219 0
      vertex -173.953 7.87303 3
      vertex -173.953 7.87303 0
    endloop
  endfacet
  facet normal 0.846575 -0.53227 0
    outer loop
      vertex -173.814 8.22263 3
      vertex -173.714 8.38168 0
      vertex -173.714 8.38168 3
    endloop
  endfacet
  facet normal 0.846575 -0.53227 0
    outer loop
      vertex -173.714 8.38168 0
      vertex -173.814 8.22263 3
      vertex -173.814 8.22263 0
    endloop
  endfacet
  facet normal 0.248012 -0.968757 0
    outer loop
      vertex -172.964 8.92658 0
      vertex -172.781 8.97343 3
      vertex -172.964 8.92658 3
    endloop
  endfacet
  facet normal 0.248012 -0.968757 0
    outer loop
      vertex -172.781 8.97343 3
      vertex -172.964 8.92658 0
      vertex -172.781 8.97343 0
    endloop
  endfacet
  facet normal 0.588779 -0.808294 0
    outer loop
      vertex -173.456 8.65577 0
      vertex -173.304 8.76649 3
      vertex -173.456 8.65577 3
    endloop
  endfacet
  facet normal 0.588779 -0.808294 0
    outer loop
      vertex -173.304 8.76649 3
      vertex -173.456 8.65577 0
      vertex -173.304 8.76649 0
    endloop
  endfacet
  facet normal 0.481919 -0.876216 0
    outer loop
      vertex -173.304 8.76649 0
      vertex -173.139 8.85724 3
      vertex -173.304 8.76649 3
    endloop
  endfacet
  facet normal 0.481919 -0.876216 0
    outer loop
      vertex -173.139 8.85724 3
      vertex -173.304 8.76649 0
      vertex -173.139 8.85724 0
    endloop
  endfacet
  facet normal -0.997969 -0.0637002 0
    outer loop
      vertex -171 7.5 0
      vertex -171.012 7.688 3
      vertex -171.012 7.688 0
    endloop
  endfacet
  facet normal -0.997969 -0.0637002 0
    outer loop
      vertex -171.012 7.688 3
      vertex -171 7.5 0
      vertex -171 7.5 3
    endloop
  endfacet
  facet normal -0.997969 0.0637002 0
    outer loop
      vertex -171.012 7.312 0
      vertex -171 7.5 3
      vertex -171 7.5 0
    endloop
  endfacet
  facet normal -0.997969 0.0637002 0
    outer loop
      vertex -171 7.5 3
      vertex -171.012 7.312 0
      vertex -171.012 7.312 3
    endloop
  endfacet
  facet normal -0.982578 0.185853 0
    outer loop
      vertex -171.047 7.12696 0
      vertex -171.012 7.312 3
      vertex -171.012 7.312 0
    endloop
  endfacet
  facet normal -0.982578 0.185853 0
    outer loop
      vertex -171.012 7.312 3
      vertex -171.047 7.12696 0
      vertex -171.047 7.12696 3
    endloop
  endfacet
  facet normal 0.846575 0.53227 0
    outer loop
      vertex -173.714 6.61832 3
      vertex -173.814 6.77737 0
      vertex -173.814 6.77737 3
    endloop
  endfacet
  facet normal 0.846575 0.53227 0
    outer loop
      vertex -173.814 6.77737 0
      vertex -173.714 6.61832 3
      vertex -173.714 6.61832 0
    endloop
  endfacet
  facet normal -0.125262 0.992124 0
    outer loop
      vertex -172.219 6.02657 0
      vertex -172.406 6.00296 3
      vertex -172.219 6.02657 3
    endloop
  endfacet
  facet normal -0.125262 0.992124 0
    outer loop
      vertex -172.406 6.00296 3
      vertex -172.219 6.02657 0
      vertex -172.406 6.00296 0
    endloop
  endfacet
  facet normal -0.903193 -0.429234 0
    outer loop
      vertex -171.105 8.05219 0
      vertex -171.186 8.22263 3
      vertex -171.186 8.22263 0
    endloop
  endfacet
  facet normal -0.903193 -0.429234 0
    outer loop
      vertex -171.186 8.22263 3
      vertex -171.105 8.05219 0
      vertex -171.105 8.05219 3
    endloop
  endfacet
  facet normal -0.951388 -0.307996 0
    outer loop
      vertex -171.047 7.87303 0
      vertex -171.105 8.05219 3
      vertex -171.105 8.05219 0
    endloop
  endfacet
  facet normal -0.951388 -0.307996 0
    outer loop
      vertex -171.105 8.05219 3
      vertex -171.047 7.87303 0
      vertex -171.047 7.87303 3
    endloop
  endfacet
  facet normal -0.125262 -0.992124 0
    outer loop
      vertex -172.406 8.99704 0
      vertex -172.219 8.97343 3
      vertex -172.406 8.99704 3
    endloop
  endfacet
  facet normal -0.125262 -0.992124 -0
    outer loop
      vertex -172.219 8.97343 3
      vertex -172.406 8.99704 0
      vertex -172.219 8.97343 0
    endloop
  endfacet
  facet normal 0.982576 -0.185863 0
    outer loop
      vertex -173.988 7.688 3
      vertex -173.953 7.87303 0
      vertex -173.953 7.87303 3
    endloop
  endfacet
  facet normal 0.982576 -0.185863 0
    outer loop
      vertex -173.953 7.87303 0
      vertex -173.988 7.688 3
      vertex -173.988 7.688 0
    endloop
  endfacet
  facet normal -0.846575 0.53227 0
    outer loop
      vertex -171.286 6.61832 0
      vertex -171.186 6.77737 3
      vertex -171.186 6.77737 0
    endloop
  endfacet
  facet normal -0.846575 0.53227 0
    outer loop
      vertex -171.186 6.77737 3
      vertex -171.286 6.61832 0
      vertex -171.286 6.61832 3
    endloop
  endfacet
  facet normal -0.903193 0.429234 0
    outer loop
      vertex -171.186 6.77737 0
      vertex -171.105 6.94781 3
      vertex -171.105 6.94781 0
    endloop
  endfacet
  facet normal -0.903193 0.429234 0
    outer loop
      vertex -171.105 6.94781 3
      vertex -171.186 6.77737 0
      vertex -171.186 6.77737 3
    endloop
  endfacet
  facet normal 0.125262 0.992124 -0
    outer loop
      vertex -172.594 6.00296 0
      vertex -172.781 6.02657 3
      vertex -172.594 6.00296 3
    endloop
  endfacet
  facet normal 0.125262 0.992124 0
    outer loop
      vertex -172.781 6.02657 3
      vertex -172.594 6.00296 0
      vertex -172.781 6.02657 0
    endloop
  endfacet
  facet normal 0.997969 0.0637002 0
    outer loop
      vertex -173.988 7.312 3
      vertex -174 7.5 0
      vertex -174 7.5 3
    endloop
  endfacet
  facet normal 0.997969 0.0637002 0
    outer loop
      vertex -174 7.5 0
      vertex -173.988 7.312 3
      vertex -173.988 7.312 0
    endloop
  endfacet
  facet normal 0.982578 0.185853 0
    outer loop
      vertex -173.953 7.12696 3
      vertex -173.988 7.312 0
      vertex -173.988 7.312 3
    endloop
  endfacet
  facet normal 0.982578 0.185853 0
    outer loop
      vertex -173.988 7.312 0
      vertex -173.953 7.12696 3
      vertex -173.953 7.12696 0
    endloop
  endfacet
  facet normal 0.903193 0.429234 0
    outer loop
      vertex -173.814 6.77737 3
      vertex -173.895 6.94781 0
      vertex -173.895 6.94781 3
    endloop
  endfacet
  facet normal 0.903193 0.429234 0
    outer loop
      vertex -173.895 6.94781 0
      vertex -173.814 6.77737 3
      vertex -173.814 6.77737 0
    endloop
  endfacet
  facet normal 0.68539 0.728177 -0
    outer loop
      vertex -173.456 6.34423 0
      vertex -173.593 6.47318 3
      vertex -173.456 6.34423 3
    endloop
  endfacet
  facet normal 0.68539 0.728177 0
    outer loop
      vertex -173.593 6.47318 3
      vertex -173.456 6.34423 0
      vertex -173.593 6.47318 0
    endloop
  endfacet
  facet normal -0.368412 0.929663 0
    outer loop
      vertex -171.861 6.14276 0
      vertex -172.036 6.07341 3
      vertex -171.861 6.14276 3
    endloop
  endfacet
  facet normal -0.368412 0.929663 0
    outer loop
      vertex -172.036 6.07341 3
      vertex -171.861 6.14276 0
      vertex -172.036 6.07341 0
    endloop
  endfacet
  facet normal -0.247963 0.96877 0
    outer loop
      vertex -172.036 6.07341 0
      vertex -172.219 6.02657 3
      vertex -172.036 6.07341 3
    endloop
  endfacet
  facet normal -0.247963 0.96877 0
    outer loop
      vertex -172.219 6.02657 3
      vertex -172.036 6.07341 0
      vertex -172.219 6.02657 0
    endloop
  endfacet
  facet normal -0.68539 0.728177 0
    outer loop
      vertex -171.407 6.47318 0
      vertex -171.544 6.34423 3
      vertex -171.407 6.47318 3
    endloop
  endfacet
  facet normal -0.68539 0.728177 0
    outer loop
      vertex -171.544 6.34423 3
      vertex -171.407 6.47318 0
      vertex -171.544 6.34423 0
    endloop
  endfacet
  facet normal -0.951383 0.308011 0
    outer loop
      vertex -171.105 6.94781 0
      vertex -171.047 7.12696 3
      vertex -171.047 7.12696 0
    endloop
  endfacet
  facet normal -0.951383 0.308011 0
    outer loop
      vertex -171.047 7.12696 3
      vertex -171.105 6.94781 0
      vertex -171.105 6.94781 3
    endloop
  endfacet
  facet normal 0.368412 0.929663 -0
    outer loop
      vertex -172.964 6.07341 0
      vertex -173.139 6.14276 3
      vertex -172.964 6.07341 3
    endloop
  endfacet
  facet normal 0.368412 0.929663 0
    outer loop
      vertex -173.139 6.14276 3
      vertex -172.964 6.07341 0
      vertex -173.139 6.14276 0
    endloop
  endfacet
  facet normal 0 1 -0
    outer loop
      vertex -172.406 6.00296 0
      vertex -172.594 6.00296 3
      vertex -172.406 6.00296 3
    endloop
  endfacet
  facet normal 0 1 0
    outer loop
      vertex -172.594 6.00296 3
      vertex -172.406 6.00296 0
      vertex -172.594 6.00296 0
    endloop
  endfacet
  facet normal 0.247963 0.96877 -0
    outer loop
      vertex -172.781 6.02657 0
      vertex -172.964 6.07341 3
      vertex -172.781 6.02657 3
    endloop
  endfacet
  facet normal 0.247963 0.96877 0
    outer loop
      vertex -172.964 6.07341 3
      vertex -172.781 6.02657 0
      vertex -172.964 6.07341 0
    endloop
  endfacet
  facet normal -0.481919 0.876216 0
    outer loop
      vertex -171.696 6.23351 0
      vertex -171.861 6.14276 3
      vertex -171.696 6.23351 3
    endloop
  endfacet
  facet normal -0.481919 0.876216 0
    outer loop
      vertex -171.861 6.14276 3
      vertex -171.696 6.23351 0
      vertex -171.861 6.14276 0
    endloop
  endfacet
  facet normal -0.768091 0.640341 0
    outer loop
      vertex -171.407 6.47318 0
      vertex -171.286 6.61832 3
      vertex -171.286 6.61832 0
    endloop
  endfacet
  facet normal -0.768091 0.640341 0
    outer loop
      vertex -171.286 6.61832 3
      vertex -171.407 6.47318 0
      vertex -171.407 6.47318 3
    endloop
  endfacet
  facet normal 0.588779 0.808294 -0
    outer loop
      vertex -173.304 6.23351 0
      vertex -173.456 6.34423 3
      vertex -173.304 6.23351 3
    endloop
  endfacet
  facet normal 0.588779 0.808294 0
    outer loop
      vertex -173.456 6.34423 3
      vertex -173.304 6.23351 0
      vertex -173.456 6.34423 0
    endloop
  endfacet
  facet normal 0.951383 0.308011 0
    outer loop
      vertex -173.895 6.94781 3
      vertex -173.953 7.12696 0
      vertex -173.953 7.12696 3
    endloop
  endfacet
  facet normal 0.951383 0.308011 0
    outer loop
      vertex -173.953 7.12696 0
      vertex -173.895 6.94781 3
      vertex -173.895 6.94781 0
    endloop
  endfacet
  facet normal 0.768091 0.640341 0
    outer loop
      vertex -173.593 6.47318 3
      vertex -173.714 6.61832 0
      vertex -173.714 6.61832 3
    endloop
  endfacet
  facet normal 0.768091 0.640341 0
    outer loop
      vertex -173.714 6.61832 0
      vertex -173.593 6.47318 3
      vertex -173.593 6.47318 0
    endloop
  endfacet
  facet normal 0.481919 0.876216 -0
    outer loop
      vertex -173.139 6.14276 0
      vertex -173.304 6.23351 3
      vertex -173.139 6.14276 3
    endloop
  endfacet
  facet normal 0.481919 0.876216 0
    outer loop
      vertex -173.304 6.23351 3
      vertex -173.139 6.14276 0
      vertex -173.304 6.23351 0
    endloop
  endfacet
  facet normal -0.997969 -0.0637002 0
    outer loop
      vertex -171 22.5 0
      vertex -171.012 22.688 3
      vertex -171.012 22.688 0
    endloop
  endfacet
  facet normal -0.997969 -0.0637002 0
    outer loop
      vertex -171.012 22.688 3
      vertex -171 22.5 0
      vertex -171 22.5 3
    endloop
  endfacet
  facet normal 0.997969 -0.0637002 0
    outer loop
      vertex -174 22.5 3
      vertex -173.988 22.688 0
      vertex -173.988 22.688 3
    endloop
  endfacet
  facet normal 0.997969 -0.0637002 0
    outer loop
      vertex -173.988 22.688 0
      vertex -174 22.5 3
      vertex -174 22.5 0
    endloop
  endfacet
  facet normal 0 -1 0
    outer loop
      vertex -172.594 23.997 0
      vertex -172.406 23.997 3
      vertex -172.594 23.997 3
    endloop
  endfacet
  facet normal 0 -1 -0
    outer loop
      vertex -172.406 23.997 3
      vertex -172.594 23.997 0
      vertex -172.406 23.997 0
    endloop
  endfacet
  facet normal -0.68553 -0.728044 0
    outer loop
      vertex -171.544 23.6558 0
      vertex -171.407 23.5268 3
      vertex -171.544 23.6558 3
    endloop
  endfacet
  facet normal -0.68553 -0.728044 -0
    outer loop
      vertex -171.407 23.5268 3
      vertex -171.544 23.6558 0
      vertex -171.407 23.5268 0
    endloop
  endfacet
  facet normal 0.68553 -0.728044 0
    outer loop
      vertex -173.593 23.5268 0
      vertex -173.456 23.6558 3
      vertex -173.593 23.5268 3
    endloop
  endfacet
  facet normal 0.68553 -0.728044 0
    outer loop
      vertex -173.456 23.6558 3
      vertex -173.593 23.5268 0
      vertex -173.456 23.6558 0
    endloop
  endfacet
  facet normal 0.368642 -0.929572 0
    outer loop
      vertex -173.139 23.8572 0
      vertex -172.964 23.9266 3
      vertex -173.139 23.8572 3
    endloop
  endfacet
  facet normal 0.368642 -0.929572 0
    outer loop
      vertex -172.964 23.9266 3
      vertex -173.139 23.8572 0
      vertex -172.964 23.9266 0
    endloop
  endfacet
  facet normal -0.903154 -0.429316 0
    outer loop
      vertex -171.105 23.0522 0
      vertex -171.186 23.2226 3
      vertex -171.186 23.2226 0
    endloop
  endfacet
  facet normal -0.903154 -0.429316 0
    outer loop
      vertex -171.186 23.2226 3
      vertex -171.105 23.0522 0
      vertex -171.105 23.0522 3
    endloop
  endfacet
  facet normal -0.98257 -0.185892 0
    outer loop
      vertex -171.012 22.688 0
      vertex -171.047 22.873 3
      vertex -171.047 22.873 0
    endloop
  endfacet
  facet normal -0.98257 -0.185892 0
    outer loop
      vertex -171.047 22.873 3
      vertex -171.012 22.688 0
      vertex -171.012 22.688 3
    endloop
  endfacet
  facet normal -0.368642 -0.929572 0
    outer loop
      vertex -172.036 23.9266 0
      vertex -171.861 23.8572 3
      vertex -172.036 23.9266 3
    endloop
  endfacet
  facet normal -0.368642 -0.929572 -0
    outer loop
      vertex -171.861 23.8572 3
      vertex -172.036 23.9266 0
      vertex -171.861 23.8572 0
    endloop
  endfacet
  facet normal -0.247764 -0.96882 0
    outer loop
      vertex -172.219 23.9734 0
      vertex -172.036 23.9266 3
      vertex -172.219 23.9734 3
    endloop
  endfacet
  facet normal -0.247764 -0.96882 -0
    outer loop
      vertex -172.036 23.9266 3
      vertex -172.219 23.9734 0
      vertex -172.036 23.9266 0
    endloop
  endfacet
  facet normal -0.588709 -0.808345 0
    outer loop
      vertex -171.696 23.7665 0
      vertex -171.544 23.6558 3
      vertex -171.696 23.7665 3
    endloop
  endfacet
  facet normal -0.588709 -0.808345 -0
    outer loop
      vertex -171.544 23.6558 3
      vertex -171.696 23.7665 0
      vertex -171.544 23.6558 0
    endloop
  endfacet
  facet normal 0.903154 -0.429316 0
    outer loop
      vertex -173.895 23.0522 3
      vertex -173.814 23.2226 0
      vertex -173.814 23.2226 3
    endloop
  endfacet
  facet normal 0.903154 -0.429316 0
    outer loop
      vertex -173.814 23.2226 0
      vertex -173.895 23.0522 3
      vertex -173.895 23.0522 0
    endloop
  endfacet
  facet normal 0.84665 -0.53215 0
    outer loop
      vertex -173.814 23.2226 3
      vertex -173.714 23.3817 0
      vertex -173.714 23.3817 3
    endloop
  endfacet
  facet normal 0.84665 -0.53215 0
    outer loop
      vertex -173.714 23.3817 0
      vertex -173.814 23.2226 3
      vertex -173.814 23.2226 0
    endloop
  endfacet
  facet normal 0.951408 -0.307933 0
    outer loop
      vertex -173.953 22.873 3
      vertex -173.895 23.0522 0
      vertex -173.895 23.0522 3
    endloop
  endfacet
  facet normal 0.951408 -0.307933 0
    outer loop
      vertex -173.895 23.0522 0
      vertex -173.953 22.873 3
      vertex -173.953 22.873 0
    endloop
  endfacet
  facet normal 0.588709 -0.808345 0
    outer loop
      vertex -173.456 23.6558 0
      vertex -173.304 23.7665 3
      vertex -173.456 23.6558 3
    endloop
  endfacet
  facet normal 0.588709 -0.808345 0
    outer loop
      vertex -173.304 23.7665 3
      vertex -173.456 23.6558 0
      vertex -173.304 23.7665 0
    endloop
  endfacet
  facet normal 0.12521 -0.99213 0
    outer loop
      vertex -172.781 23.9734 0
      vertex -172.594 23.997 3
      vertex -172.781 23.9734 3
    endloop
  endfacet
  facet normal 0.12521 -0.99213 0
    outer loop
      vertex -172.594 23.997 3
      vertex -172.781 23.9734 0
      vertex -172.594 23.997 0
    endloop
  endfacet
  facet normal 0.247764 0.96882 -0
    outer loop
      vertex -172.781 21.0266 0
      vertex -172.964 21.0734 3
      vertex -172.781 21.0266 3
    endloop
  endfacet
  facet normal 0.247764 0.96882 0
    outer loop
      vertex -172.964 21.0734 3
      vertex -172.781 21.0266 0
      vertex -172.964 21.0734 0
    endloop
  endfacet
  facet normal 0.903154 0.429316 0
    outer loop
      vertex -173.814 21.7774 3
      vertex -173.895 21.9478 0
      vertex -173.895 21.9478 3
    endloop
  endfacet
  facet normal 0.903154 0.429316 0
    outer loop
      vertex -173.895 21.9478 0
      vertex -173.814 21.7774 3
      vertex -173.814 21.7774 0
    endloop
  endfacet
  facet normal -0.12521 0.99213 0
    outer loop
      vertex -172.219 21.0266 0
      vertex -172.406 21.003 3
      vertex -172.219 21.0266 3
    endloop
  endfacet
  facet normal -0.12521 0.99213 0
    outer loop
      vertex -172.406 21.003 3
      vertex -172.219 21.0266 0
      vertex -172.406 21.003 0
    endloop
  endfacet
  facet normal -0.951408 -0.307933 0
    outer loop
      vertex -171.047 22.873 0
      vertex -171.105 23.0522 3
      vertex -171.105 23.0522 0
    endloop
  endfacet
  facet normal -0.951408 -0.307933 0
    outer loop
      vertex -171.105 23.0522 3
      vertex -171.047 22.873 0
      vertex -171.047 22.873 3
    endloop
  endfacet
  facet normal -0.768004 -0.640445 0
    outer loop
      vertex -171.286 23.3817 0
      vertex -171.407 23.5268 3
      vertex -171.407 23.5268 0
    endloop
  endfacet
  facet normal -0.768004 -0.640445 0
    outer loop
      vertex -171.407 23.5268 3
      vertex -171.286 23.3817 0
      vertex -171.286 23.3817 3
    endloop
  endfacet
  facet normal -0.84665 -0.53215 0
    outer loop
      vertex -171.186 23.2226 0
      vertex -171.286 23.3817 3
      vertex -171.286 23.3817 0
    endloop
  endfacet
  facet normal -0.84665 -0.53215 0
    outer loop
      vertex -171.286 23.3817 3
      vertex -171.186 23.2226 0
      vertex -171.186 23.2226 3
    endloop
  endfacet
  facet normal -0.12521 -0.99213 0
    outer loop
      vertex -172.406 23.997 0
      vertex -172.219 23.9734 3
      vertex -172.406 23.997 3
    endloop
  endfacet
  facet normal -0.12521 -0.99213 -0
    outer loop
      vertex -172.219 23.9734 3
      vertex -172.406 23.997 0
      vertex -172.219 23.9734 0
    endloop
  endfacet
  facet normal -0.481715 -0.876328 0
    outer loop
      vertex -171.861 23.8572 0
      vertex -171.696 23.7665 3
      vertex -171.861 23.8572 3
    endloop
  endfacet
  facet normal -0.481715 -0.876328 -0
    outer loop
      vertex -171.696 23.7665 3
      vertex -171.861 23.8572 0
      vertex -171.696 23.7665 0
    endloop
  endfacet
  facet normal 0.768004 -0.640445 0
    outer loop
      vertex -173.714 23.3817 3
      vertex -173.593 23.5268 0
      vertex -173.593 23.5268 3
    endloop
  endfacet
  facet normal 0.768004 -0.640445 0
    outer loop
      vertex -173.593 23.5268 0
      vertex -173.714 23.3817 3
      vertex -173.714 23.3817 0
    endloop
  endfacet
  facet normal 0.98257 -0.185892 0
    outer loop
      vertex -173.988 22.688 3
      vertex -173.953 22.873 0
      vertex -173.953 22.873 3
    endloop
  endfacet
  facet normal 0.98257 -0.185892 0
    outer loop
      vertex -173.953 22.873 0
      vertex -173.988 22.688 3
      vertex -173.988 22.688 0
    endloop
  endfacet
  facet normal 0.481715 -0.876328 0
    outer loop
      vertex -173.304 23.7665 0
      vertex -173.139 23.8572 3
      vertex -173.304 23.7665 3
    endloop
  endfacet
  facet normal 0.481715 -0.876328 0
    outer loop
      vertex -173.139 23.8572 3
      vertex -173.304 23.7665 0
      vertex -173.139 23.8572 0
    endloop
  endfacet
  facet normal 0.247764 -0.96882 0
    outer loop
      vertex -172.964 23.9266 0
      vertex -172.781 23.9734 3
      vertex -172.964 23.9266 3
    endloop
  endfacet
  facet normal 0.247764 -0.96882 0
    outer loop
      vertex -172.781 23.9734 3
      vertex -172.964 23.9266 0
      vertex -172.781 23.9734 0
    endloop
  endfacet
  facet normal -0.997969 0.0637002 0
    outer loop
      vertex -171.012 22.312 0
      vertex -171 22.5 3
      vertex -171 22.5 0
    endloop
  endfacet
  facet normal -0.997969 0.0637002 0
    outer loop
      vertex -171 22.5 3
      vertex -171.012 22.312 0
      vertex -171.012 22.312 3
    endloop
  endfacet
  facet normal -0.588709 0.808345 0
    outer loop
      vertex -171.544 21.3442 0
      vertex -171.696 21.2335 3
      vertex -171.544 21.3442 3
    endloop
  endfacet
  facet normal -0.588709 0.808345 0
    outer loop
      vertex -171.696 21.2335 3
      vertex -171.544 21.3442 0
      vertex -171.696 21.2335 0
    endloop
  endfacet
  facet normal 0.12521 0.99213 -0
    outer loop
      vertex -172.594 21.003 0
      vertex -172.781 21.0266 3
      vertex -172.594 21.003 3
    endloop
  endfacet
  facet normal 0.12521 0.99213 0
    outer loop
      vertex -172.781 21.0266 3
      vertex -172.594 21.003 0
      vertex -172.781 21.0266 0
    endloop
  endfacet
  facet normal 0.951408 0.307933 0
    outer loop
      vertex -173.895 21.9478 3
      vertex -173.953 22.127 0
      vertex -173.953 22.127 3
    endloop
  endfacet
  facet normal 0.951408 0.307933 0
    outer loop
      vertex -173.953 22.127 0
      vertex -173.895 21.9478 3
      vertex -173.895 21.9478 0
    endloop
  endfacet
  facet normal -0.368642 0.929572 0
    outer loop
      vertex -171.861 21.1428 0
      vertex -172.036 21.0734 3
      vertex -171.861 21.1428 3
    endloop
  endfacet
  facet normal -0.368642 0.929572 0
    outer loop
      vertex -172.036 21.0734 3
      vertex -171.861 21.1428 0
      vertex -172.036 21.0734 0
    endloop
  endfacet
  facet normal -0.247764 0.96882 0
    outer loop
      vertex -172.036 21.0734 0
      vertex -172.219 21.0266 3
      vertex -172.036 21.0734 3
    endloop
  endfacet
  facet normal -0.247764 0.96882 0
    outer loop
      vertex -172.219 21.0266 3
      vertex -172.036 21.0734 0
      vertex -172.219 21.0266 0
    endloop
  endfacet
  facet normal -0.98257 0.185892 0
    outer loop
      vertex -171.047 22.127 0
      vertex -171.012 22.312 3
      vertex -171.012 22.312 0
    endloop
  endfacet
  facet normal -0.98257 0.185892 0
    outer loop
      vertex -171.012 22.312 3
      vertex -171.047 22.127 0
      vertex -171.047 22.127 3
    endloop
  endfacet
  facet normal -0.84665 0.53215 0
    outer loop
      vertex -171.286 21.6183 0
      vertex -171.186 21.7774 3
      vertex -171.186 21.7774 0
    endloop
  endfacet
  facet normal -0.84665 0.53215 0
    outer loop
      vertex -171.186 21.7774 3
      vertex -171.286 21.6183 0
      vertex -171.286 21.6183 3
    endloop
  endfacet
  facet normal -0.68553 0.728044 0
    outer loop
      vertex -171.407 21.4732 0
      vertex -171.544 21.3442 3
      vertex -171.407 21.4732 3
    endloop
  endfacet
  facet normal -0.68553 0.728044 0
    outer loop
      vertex -171.544 21.3442 3
      vertex -171.407 21.4732 0
      vertex -171.544 21.3442 0
    endloop
  endfacet
  facet normal -0.903154 0.429316 0
    outer loop
      vertex -171.186 21.7774 0
      vertex -171.105 21.9478 3
      vertex -171.105 21.9478 0
    endloop
  endfacet
  facet normal -0.903154 0.429316 0
    outer loop
      vertex -171.105 21.9478 3
      vertex -171.186 21.7774 0
      vertex -171.186 21.7774 3
    endloop
  endfacet
  facet normal 0.368642 0.929572 -0
    outer loop
      vertex -172.964 21.0734 0
      vertex -173.139 21.1428 3
      vertex -172.964 21.0734 3
    endloop
  endfacet
  facet normal 0.368642 0.929572 0
    outer loop
      vertex -173.139 21.1428 3
      vertex -172.964 21.0734 0
      vertex -173.139 21.1428 0
    endloop
  endfacet
  facet normal 0.68553 0.728044 -0
    outer loop
      vertex -173.456 21.3442 0
      vertex -173.593 21.4732 3
      vertex -173.456 21.3442 3
    endloop
  endfacet
  facet normal 0.68553 0.728044 0
    outer loop
      vertex -173.593 21.4732 3
      vertex -173.456 21.3442 0
      vertex -173.593 21.4732 0
    endloop
  endfacet
  facet normal 0.997969 0.0637002 0
    outer loop
      vertex -173.988 22.312 3
      vertex -174 22.5 0
      vertex -174 22.5 3
    endloop
  endfacet
  facet normal 0.997969 0.0637002 0
    outer loop
      vertex -174 22.5 0
      vertex -173.988 22.312 3
      vertex -173.988 22.312 0
    endloop
  endfacet
  facet normal 0.98257 0.185892 0
    outer loop
      vertex -173.953 22.127 3
      vertex -173.988 22.312 0
      vertex -173.988 22.312 3
    endloop
  endfacet
  facet normal 0.98257 0.185892 0
    outer loop
      vertex -173.988 22.312 0
      vertex -173.953 22.127 3
      vertex -173.953 22.127 0
    endloop
  endfacet
  facet normal -0.481715 0.876328 0
    outer loop
      vertex -171.696 21.2335 0
      vertex -171.861 21.1428 3
      vertex -171.696 21.2335 3
    endloop
  endfacet
  facet normal -0.481715 0.876328 0
    outer loop
      vertex -171.861 21.1428 3
      vertex -171.696 21.2335 0
      vertex -171.861 21.1428 0
    endloop
  endfacet
  facet normal -0.951408 0.307933 0
    outer loop
      vertex -171.105 21.9478 0
      vertex -171.047 22.127 3
      vertex -171.047 22.127 0
    endloop
  endfacet
  facet normal -0.951408 0.307933 0
    outer loop
      vertex -171.047 22.127 3
      vertex -171.105 21.9478 0
      vertex -171.105 21.9478 3
    endloop
  endfacet
  facet normal 0 1 -0
    outer loop
      vertex -172.406 21.003 0
      vertex -172.594 21.003 3
      vertex -172.406 21.003 3
    endloop
  endfacet
  facet normal 0 1 0
    outer loop
      vertex -172.594 21.003 3
      vertex -172.406 21.003 0
      vertex -172.594 21.003 0
    endloop
  endfacet
  facet normal 0.588709 0.808345 -0
    outer loop
      vertex -173.304 21.2335 0
      vertex -173.456 21.3442 3
      vertex -173.304 21.2335 3
    endloop
  endfacet
  facet normal 0.588709 0.808345 0
    outer loop
      vertex -173.456 21.3442 3
      vertex -173.304 21.2335 0
      vertex -173.456 21.3442 0
    endloop
  endfacet
  facet normal 0.84665 0.53215 0
    outer loop
      vertex -173.714 21.6183 3
      vertex -173.814 21.7774 0
      vertex -173.814 21.7774 3
    endloop
  endfacet
  facet normal 0.84665 0.53215 0
    outer loop
      vertex -173.814 21.7774 0
      vertex -173.714 21.6183 3
      vertex -173.714 21.6183 0
    endloop
  endfacet
  facet normal -0.768004 0.640445 0
    outer loop
      vertex -171.407 21.4732 0
      vertex -171.286 21.6183 3
      vertex -171.286 21.6183 0
    endloop
  endfacet
  facet normal -0.768004 0.640445 0
    outer loop
      vertex -171.286 21.6183 3
      vertex -171.407 21.4732 0
      vertex -171.407 21.4732 3
    endloop
  endfacet
  facet normal 0.481715 0.876328 -0
    outer loop
      vertex -173.139 21.1428 0
      vertex -173.304 21.2335 3
      vertex -173.139 21.1428 3
    endloop
  endfacet
  facet normal 0.481715 0.876328 0
    outer loop
      vertex -173.304 21.2335 3
      vertex -173.139 21.1428 0
      vertex -173.304 21.2335 0
    endloop
  endfacet
  facet normal 0.768004 0.640445 0
    outer loop
      vertex -173.593 21.4732 3
      vertex -173.714 21.6183 0
      vertex -173.714 21.6183 3
    endloop
  endfacet
  facet normal 0.768004 0.640445 0
    outer loop
      vertex -173.714 21.6183 0
      vertex -173.593 21.4732 3
      vertex -173.593 21.4732 0
    endloop
  endfacet
  facet normal 1 -0 0
    outer loop
      vertex 179.5 -32 3
      vertex 179.5 32 0
      vertex 179.5 32 3
    endloop
  endfacet
  facet normal 1 0 0
    outer loop
      vertex 179.5 32 0
      vertex 179.5 -32 3
      vertex 179.5 -32 0
    endloop
  endfacet
  facet normal 0 1 -0
    outer loop
      vertex 174.814 36.9901 0
      vertex -174.814 36.9901 3
      vertex 174.814 36.9901 3
    endloop
  endfacet
  facet normal 0 1 0
    outer loop
      vertex -174.814 36.9901 3
      vertex 174.814 36.9901 0
      vertex -174.814 36.9901 0
    endloop
  endfacet
  facet normal 0.684386 0.72912 -0
    outer loop
      vertex 178.145 35.4227 0
      vertex 177.687 35.8526 3
      vertex 178.145 35.4227 3
    endloop
  endfacet
  facet normal 0.684386 0.72912 0
    outer loop
      vertex 177.687 35.8526 3
      vertex 178.145 35.4227 0
      vertex 177.687 35.8526 0
    endloop
  endfacet
  facet normal 0 -1 0
    outer loop
      vertex -174.814 -36.9901 0
      vertex 174.814 -36.9901 3
      vertex -174.814 -36.9901 3
    endloop
  endfacet
  facet normal 0 -1 -0
    outer loop
      vertex 174.814 -36.9901 3
      vertex -174.814 -36.9901 0
      vertex 174.814 -36.9901 0
    endloop
  endfacet
  facet normal -1 0 0
    outer loop
      vertex -179.5 -32 0
      vertex -179.5 32 3
      vertex -179.5 32 0
    endloop
  endfacet
  facet normal -1 -0 0
    outer loop
      vertex -179.5 32 3
      vertex -179.5 -32 0
      vertex -179.5 -32 3
    endloop
  endfacet
  facet normal 0.125328 0.992115 -0
    outer loop
      vertex 175.437 36.9114 0
      vertex 174.814 36.9901 3
      vertex 175.437 36.9114 3
    endloop
  endfacet
  facet normal 0.125328 0.992115 0
    outer loop
      vertex 174.814 36.9901 3
      vertex 175.437 36.9114 0
      vertex 174.814 36.9901 0
    endloop
  endfacet
  facet normal 0.998069 0.0621106 0
    outer loop
      vertex 179.5 32 3
      vertex 179.461 32.6267 0
      vertex 179.461 32.6267 3
    endloop
  endfacet
  facet normal 0.998069 0.0621106 0
    outer loop
      vertex 179.461 32.6267 0
      vertex 179.5 32 3
      vertex 179.5 32 0
    endloop
  endfacet
  facet normal -0.248678 0.968586 0
    outer loop
      vertex -175.437 36.9114 0
      vertex -176.045 36.7553 3
      vertex -175.437 36.9114 3
    endloop
  endfacet
  facet normal -0.248678 0.968586 0
    outer loop
      vertex -176.045 36.7553 3
      vertex -175.437 36.9114 0
      vertex -176.045 36.7553 0
    endloop
  endfacet
  facet normal -0.770696 0.637202 0
    outer loop
      vertex -178.545 34.9389 0
      vertex -178.145 35.4227 3
      vertex -178.145 35.4227 0
    endloop
  endfacet
  facet normal -0.770696 0.637202 0
    outer loop
      vertex -178.145 35.4227 3
      vertex -178.545 34.9389 0
      vertex -178.545 34.9389 3
    endloop
  endfacet
  facet normal -0.684386 -0.72912 0
    outer loop
      vertex -178.145 -35.4227 0
      vertex -177.687 -35.8526 3
      vertex -178.145 -35.4227 3
    endloop
  endfacet
  facet normal -0.684386 -0.72912 -0
    outer loop
      vertex -177.687 -35.8526 3
      vertex -178.145 -35.4227 0
      vertex -177.687 -35.8526 0
    endloop
  endfacet
  facet normal -0.368094 0.929788 0
    outer loop
      vertex -176.045 36.7553 0
      vertex -176.629 36.5241 3
      vertex -176.045 36.7553 3
    endloop
  endfacet
  facet normal -0.368094 0.929788 0
    outer loop
      vertex -176.629 36.5241 3
      vertex -176.045 36.7553 0
      vertex -176.629 36.5241 0
    endloop
  endfacet
  facet normal -0.982188 0.187902 0
    outer loop
      vertex -179.461 32.6267 0
      vertex -179.343 33.2435 3
      vertex -179.343 33.2435 0
    endloop
  endfacet
  facet normal -0.982188 0.187902 0
    outer loop
      vertex -179.343 33.2435 3
      vertex -179.461 32.6267 0
      vertex -179.461 32.6267 3
    endloop
  endfacet
  facet normal 0.951061 0.309003 0
    outer loop
      vertex 179.343 33.2435 3
      vertex 179.149 33.8406 0
      vertex 179.149 33.8406 3
    endloop
  endfacet
  facet normal 0.951061 0.309003 0
    outer loop
      vertex 179.149 33.8406 0
      vertex 179.343 33.2435 3
      vertex 179.343 33.2435 0
    endloop
  endfacet
  facet normal -0.684386 0.72912 0
    outer loop
      vertex -177.687 35.8526 0
      vertex -178.145 35.4227 3
      vertex -177.687 35.8526 3
    endloop
  endfacet
  facet normal -0.684386 0.72912 0
    outer loop
      vertex -178.145 35.4227 3
      vertex -177.687 35.8526 0
      vertex -178.145 35.4227 0
    endloop
  endfacet
  facet normal -0.998069 0.0621106 0
    outer loop
      vertex -179.5 32 0
      vertex -179.461 32.6267 3
      vertex -179.461 32.6267 0
    endloop
  endfacet
  facet normal -0.998069 0.0621106 0
    outer loop
      vertex -179.461 32.6267 3
      vertex -179.5 32 0
      vertex -179.5 32 3
    endloop
  endfacet
  facet normal -0.951061 0.309003 0
    outer loop
      vertex -179.343 33.2435 0
      vertex -179.149 33.8406 3
      vertex -179.149 33.8406 0
    endloop
  endfacet
  facet normal -0.951061 0.309003 0
    outer loop
      vertex -179.149 33.8406 3
      vertex -179.343 33.2435 0
      vertex -179.343 33.2435 3
    endloop
  endfacet
  facet normal 0.368094 0.929788 -0
    outer loop
      vertex 176.629 36.5241 0
      vertex 176.045 36.7553 3
      vertex 176.629 36.5241 3
    endloop
  endfacet
  facet normal 0.368094 0.929788 0
    outer loop
      vertex 176.045 36.7553 3
      vertex 176.629 36.5241 0
      vertex 176.045 36.7553 0
    endloop
  endfacet
  facet normal 0.770696 0.637202 0
    outer loop
      vertex 178.545 34.9389 3
      vertex 178.145 35.4227 0
      vertex 178.145 35.4227 3
    endloop
  endfacet
  facet normal 0.770696 0.637202 0
    outer loop
      vertex 178.145 35.4227 0
      vertex 178.545 34.9389 3
      vertex 178.545 34.9389 0
    endloop
  endfacet
  facet normal 0.982188 0.187902 0
    outer loop
      vertex 179.461 32.6267 3
      vertex 179.343 33.2435 0
      vertex 179.343 33.2435 3
    endloop
  endfacet
  facet normal 0.982188 0.187902 0
    outer loop
      vertex 179.343 33.2435 0
      vertex 179.461 32.6267 3
      vertex 179.461 32.6267 0
    endloop
  endfacet
  facet normal 0.951061 -0.309003 0
    outer loop
      vertex 179.149 -33.8406 3
      vertex 179.343 -33.2435 0
      vertex 179.343 -33.2435 3
    endloop
  endfacet
  facet normal 0.951061 -0.309003 0
    outer loop
      vertex 179.343 -33.2435 0
      vertex 179.149 -33.8406 3
      vertex 179.149 -33.8406 0
    endloop
  endfacet
  facet normal 0.684386 -0.72912 0
    outer loop
      vertex 177.687 -35.8526 0
      vertex 178.145 -35.4227 3
      vertex 177.687 -35.8526 3
    endloop
  endfacet
  facet normal 0.684386 -0.72912 0
    outer loop
      vertex 178.145 -35.4227 3
      vertex 177.687 -35.8526 0
      vertex 178.145 -35.4227 0
    endloop
  endfacet
  facet normal -0.905057 -0.425291 0
    outer loop
      vertex -178.882 -34.4088 0
      vertex -179.149 -33.8406 3
      vertex -179.149 -33.8406 0
    endloop
  endfacet
  facet normal -0.905057 -0.425291 0
    outer loop
      vertex -179.149 -33.8406 3
      vertex -178.882 -34.4088 0
      vertex -178.882 -34.4088 3
    endloop
  endfacet
  facet normal -0.587698 -0.80908 0
    outer loop
      vertex -177.687 -35.8526 0
      vertex -177.179 -36.2216 3
      vertex -177.687 -35.8526 3
    endloop
  endfacet
  facet normal -0.587698 -0.80908 -0
    outer loop
      vertex -177.179 -36.2216 3
      vertex -177.687 -35.8526 0
      vertex -177.179 -36.2216 0
    endloop
  endfacet
  facet normal -0.368094 -0.929788 0
    outer loop
      vertex -176.629 -36.5241 0
      vertex -176.045 -36.7553 3
      vertex -176.629 -36.5241 3
    endloop
  endfacet
  facet normal -0.368094 -0.929788 -0
    outer loop
      vertex -176.045 -36.7553 3
      vertex -176.629 -36.5241 0
      vertex -176.045 -36.7553 0
    endloop
  endfacet
  facet normal -0.481919 0.876216 0
    outer loop
      vertex -176.629 36.5241 0
      vertex -177.179 36.2216 3
      vertex -176.629 36.5241 3
    endloop
  endfacet
  facet normal -0.481919 0.876216 0
    outer loop
      vertex -177.179 36.2216 3
      vertex -176.629 36.5241 0
      vertex -177.179 36.2216 0
    endloop
  endfacet
  facet normal 0.248678 0.968586 -0
    outer loop
      vertex 176.045 36.7553 0
      vertex 175.437 36.9114 3
      vertex 176.045 36.7553 3
    endloop
  endfacet
  facet normal 0.248678 0.968586 0
    outer loop
      vertex 175.437 36.9114 3
      vertex 176.045 36.7553 0
      vertex 175.437 36.9114 0
    endloop
  endfacet
  facet normal 0.481919 0.876216 -0
    outer loop
      vertex 177.179 36.2216 0
      vertex 176.629 36.5241 3
      vertex 177.179 36.2216 3
    endloop
  endfacet
  facet normal 0.481919 0.876216 0
    outer loop
      vertex 176.629 36.5241 3
      vertex 177.179 36.2216 0
      vertex 176.629 36.5241 0
    endloop
  endfacet
  facet normal 0.905057 0.425291 0
    outer loop
      vertex 179.149 33.8406 3
      vertex 178.882 34.4088 0
      vertex 178.882 34.4088 3
    endloop
  endfacet
  facet normal 0.905057 0.425291 0
    outer loop
      vertex 178.882 34.4088 0
      vertex 179.149 33.8406 3
      vertex 179.149 33.8406 0
    endloop
  endfacet
  facet normal 0.843904 0.536494 0
    outer loop
      vertex 178.882 34.4088 3
      vertex 178.545 34.9389 0
      vertex 178.545 34.9389 3
    endloop
  endfacet
  facet normal 0.843904 0.536494 0
    outer loop
      vertex 178.545 34.9389 0
      vertex 178.882 34.4088 3
      vertex 178.882 34.4088 0
    endloop
  endfacet
  facet normal 0.770696 -0.637202 0
    outer loop
      vertex 178.145 -35.4227 3
      vertex 178.545 -34.9389 0
      vertex 178.545 -34.9389 3
    endloop
  endfacet
  facet normal 0.770696 -0.637202 0
    outer loop
      vertex 178.545 -34.9389 0
      vertex 178.145 -35.4227 3
      vertex 178.145 -35.4227 0
    endloop
  endfacet
  facet normal 0.481919 -0.876216 0
    outer loop
      vertex 176.629 -36.5241 0
      vertex 177.179 -36.2216 3
      vertex 176.629 -36.5241 3
    endloop
  endfacet
  facet normal 0.481919 -0.876216 0
    outer loop
      vertex 177.179 -36.2216 3
      vertex 176.629 -36.5241 0
      vertex 177.179 -36.2216 0
    endloop
  endfacet
  facet normal -0.998069 -0.0621106 0
    outer loop
      vertex -179.461 -32.6267 0
      vertex -179.5 -32 3
      vertex -179.5 -32 0
    endloop
  endfacet
  facet normal -0.998069 -0.0621106 0
    outer loop
      vertex -179.5 -32 3
      vertex -179.461 -32.6267 0
      vertex -179.461 -32.6267 3
    endloop
  endfacet
  facet normal -0.951061 -0.309003 0
    outer loop
      vertex -179.149 -33.8406 0
      vertex -179.343 -33.2435 3
      vertex -179.343 -33.2435 0
    endloop
  endfacet
  facet normal -0.951061 -0.309003 0
    outer loop
      vertex -179.343 -33.2435 3
      vertex -179.149 -33.8406 0
      vertex -179.149 -33.8406 3
    endloop
  endfacet
  facet normal -0.770696 -0.637202 0
    outer loop
      vertex -178.145 -35.4227 0
      vertex -178.545 -34.9389 3
      vertex -178.545 -34.9389 0
    endloop
  endfacet
  facet normal -0.770696 -0.637202 0
    outer loop
      vertex -178.545 -34.9389 3
      vertex -178.145 -35.4227 0
      vertex -178.145 -35.4227 3
    endloop
  endfacet
  facet normal -0.481919 -0.876216 0
    outer loop
      vertex -177.179 -36.2216 0
      vertex -176.629 -36.5241 3
      vertex -177.179 -36.2216 3
    endloop
  endfacet
  facet normal -0.481919 -0.876216 -0
    outer loop
      vertex -176.629 -36.5241 3
      vertex -177.179 -36.2216 0
      vertex -176.629 -36.5241 0
    endloop
  endfacet
  facet normal -0.248678 -0.968586 0
    outer loop
      vertex -176.045 -36.7553 0
      vertex -175.437 -36.9114 3
      vertex -176.045 -36.7553 3
    endloop
  endfacet
  facet normal -0.248678 -0.968586 -0
    outer loop
      vertex -175.437 -36.9114 3
      vertex -176.045 -36.7553 0
      vertex -175.437 -36.9114 0
    endloop
  endfacet
  facet normal -0.125328 -0.992115 0
    outer loop
      vertex -175.437 -36.9114 0
      vertex -174.814 -36.9901 3
      vertex -175.437 -36.9114 3
    endloop
  endfacet
  facet normal -0.125328 -0.992115 -0
    outer loop
      vertex -174.814 -36.9901 3
      vertex -175.437 -36.9114 0
      vertex -174.814 -36.9901 0
    endloop
  endfacet
  facet normal -0.843904 0.536494 0
    outer loop
      vertex -178.882 34.4088 0
      vertex -178.545 34.9389 3
      vertex -178.545 34.9389 0
    endloop
  endfacet
  facet normal -0.843904 0.536494 0
    outer loop
      vertex -178.545 34.9389 3
      vertex -178.882 34.4088 0
      vertex -178.882 34.4088 3
    endloop
  endfacet
  facet normal 0.587698 0.80908 -0
    outer loop
      vertex 177.687 35.8526 0
      vertex 177.179 36.2216 3
      vertex 177.687 35.8526 3
    endloop
  endfacet
  facet normal 0.587698 0.80908 0
    outer loop
      vertex 177.179 36.2216 3
      vertex 177.687 35.8526 0
      vertex 177.179 36.2216 0
    endloop
  endfacet
  facet normal 0.982188 -0.187902 0
    outer loop
      vertex 179.343 -33.2435 3
      vertex 179.461 -32.6267 0
      vertex 179.461 -32.6267 3
    endloop
  endfacet
  facet normal 0.982188 -0.187902 0
    outer loop
      vertex 179.461 -32.6267 0
      vertex 179.343 -33.2435 3
      vertex 179.343 -33.2435 0
    endloop
  endfacet
  facet normal 0.998069 -0.0621106 0
    outer loop
      vertex 179.461 -32.6267 3
      vertex 179.5 -32 0
      vertex 179.5 -32 3
    endloop
  endfacet
  facet normal 0.998069 -0.0621106 0
    outer loop
      vertex 179.5 -32 0
      vertex 179.461 -32.6267 3
      vertex 179.461 -32.6267 0
    endloop
  endfacet
  facet normal 0.843904 -0.536494 0
    outer loop
      vertex 178.545 -34.9389 3
      vertex 178.882 -34.4088 0
      vertex 178.882 -34.4088 3
    endloop
  endfacet
  facet normal 0.843904 -0.536494 0
    outer loop
      vertex 178.882 -34.4088 0
      vertex 178.545 -34.9389 3
      vertex 178.545 -34.9389 0
    endloop
  endfacet
  facet normal 0.905057 -0.425291 0
    outer loop
      vertex 178.882 -34.4088 3
      vertex 179.149 -33.8406 0
      vertex 179.149 -33.8406 3
    endloop
  endfacet
  facet normal 0.905057 -0.425291 0
    outer loop
      vertex 179.149 -33.8406 0
      vertex 178.882 -34.4088 3
      vertex 178.882 -34.4088 0
    endloop
  endfacet
  facet normal 0.125328 -0.992115 0
    outer loop
      vertex 174.814 -36.9901 0
      vertex 175.437 -36.9114 3
      vertex 174.814 -36.9901 3
    endloop
  endfacet
  facet normal 0.125328 -0.992115 0
    outer loop
      vertex 175.437 -36.9114 3
      vertex 174.814 -36.9901 0
      vertex 175.437 -36.9114 0
    endloop
  endfacet
  facet normal 0.368094 -0.929788 0
    outer loop
      vertex 176.045 -36.7553 0
      vertex 176.629 -36.5241 3
      vertex 176.045 -36.7553 3
    endloop
  endfacet
  facet normal 0.368094 -0.929788 0
    outer loop
      vertex 176.629 -36.5241 3
      vertex 176.045 -36.7553 0
      vertex 176.629 -36.5241 0
    endloop
  endfacet
  facet normal -0.982188 -0.187902 0
    outer loop
      vertex -179.343 -33.2435 0
      vertex -179.461 -32.6267 3
      vertex -179.461 -32.6267 0
    endloop
  endfacet
  facet normal -0.982188 -0.187902 0
    outer loop
      vertex -179.461 -32.6267 3
      vertex -179.343 -33.2435 0
      vertex -179.343 -33.2435 3
    endloop
  endfacet
  facet normal -0.843904 -0.536494 0
    outer loop
      vertex -178.545 -34.9389 0
      vertex -178.882 -34.4088 3
      vertex -178.882 -34.4088 0
    endloop
  endfacet
  facet normal -0.843904 -0.536494 0
    outer loop
      vertex -178.882 -34.4088 3
      vertex -178.545 -34.9389 0
      vertex -178.545 -34.9389 3
    endloop
  endfacet
  facet normal -0.125328 0.992115 0
    outer loop
      vertex -174.814 36.9901 0
      vertex -175.437 36.9114 3
      vertex -174.814 36.9901 3
    endloop
  endfacet
  facet normal -0.125328 0.992115 0
    outer loop
      vertex -175.437 36.9114 3
      vertex -174.814 36.9901 0
      vertex -175.437 36.9114 0
    endloop
  endfacet
  facet normal -0.587698 0.80908 0
    outer loop
      vertex -177.179 36.2216 0
      vertex -177.687 35.8526 3
      vertex -177.179 36.2216 3
    endloop
  endfacet
  facet normal -0.587698 0.80908 0
    outer loop
      vertex -177.687 35.8526 3
      vertex -177.179 36.2216 0
      vertex -177.687 35.8526 0
    endloop
  endfacet
  facet normal -0.905057 0.425291 0
    outer loop
      vertex -179.149 33.8406 0
      vertex -178.882 34.4088 3
      vertex -178.882 34.4088 0
    endloop
  endfacet
  facet normal -0.905057 0.425291 0
    outer loop
      vertex -178.882 34.4088 3
      vertex -179.149 33.8406 0
      vertex -179.149 33.8406 3
    endloop
  endfacet
  facet normal 0.587698 -0.80908 0
    outer loop
      vertex 177.179 -36.2216 0
      vertex 177.687 -35.8526 3
      vertex 177.179 -36.2216 3
    endloop
  endfacet
  facet normal 0.587698 -0.80908 0
    outer loop
      vertex 177.687 -35.8526 3
      vertex 177.179 -36.2216 0
      vertex 177.687 -35.8526 0
    endloop
  endfacet
  facet normal 0.248678 -0.968586 0
    outer loop
      vertex 175.437 -36.9114 0
      vertex 176.045 -36.7553 3
      vertex 175.437 -36.9114 3
    endloop
  endfacet
  facet normal 0.248678 -0.968586 0
    outer loop
      vertex 176.045 -36.7553 3
      vertex 175.437 -36.9114 0
      vertex 176.045 -36.7553 0
    endloop
  endfacet
endsolid OpenSCAD_Model
