  0
SECTION
  2
BLOCKS
  0
ENDSEC
  0
SECTION
  2
ENTITIES
  0
LINE
  8
0
 10
115.437
 20
-111.911
 11
116.045
 21
-111.755
  0
LINE
  8
0
 10
116.045
 20
-111.755
 11
116.629
 21
-111.524
  0
LINE
  8
0
 10
116.629
 20
-111.524
 11
117.179
 21
-111.222
  0
LINE
  8
0
 10
117.179
 20
-111.222
 11
117.687
 21
-110.853
  0
LINE
  8
0
 10
117.687
 20
-110.853
 11
118.145
 21
-110.423
  0
LINE
  8
0
 10
118.145
 20
-110.423
 11
118.545
 21
-109.939
  0
LINE
  8
0
 10
118.545
 20
-109.939
 11
118.882
 21
-109.409
  0
LINE
  8
0
 10
118.882
 20
-109.409
 11
119.149
 21
-108.841
  0
LINE
  8
0
 10
119.149
 20
-108.841
 11
119.343
 21
-108.243
  0
LINE
  8
0
 10
119.343
 20
-108.243
 11
119.461
 21
-107.627
  0
LINE
  8
0
 10
119.461
 20
-107.627
 11
119.5
 21
-107
  0
LINE
  8
0
 10
119.5
 20
-107
 11
119.5
 21
107
  0
LINE
  8
0
 10
119.5
 20
107
 11
119.461
 21
107.627
  0
LINE
  8
0
 10
119.461
 20
107.627
 11
119.343
 21
108.243
  0
LINE
  8
0
 10
119.343
 20
108.243
 11
119.149
 21
108.841
  0
LINE
  8
0
 10
119.149
 20
108.841
 11
118.882
 21
109.409
  0
LINE
  8
0
 10
118.882
 20
109.409
 11
118.545
 21
109.939
  0
LINE
  8
0
 10
118.545
 20
109.939
 11
118.145
 21
110.423
  0
LINE
  8
0
 10
118.145
 20
110.423
 11
117.687
 21
110.853
  0
LINE
  8
0
 10
117.687
 20
110.853
 11
117.179
 21
111.222
  0
LINE
  8
0
 10
117.179
 20
111.222
 11
116.629
 21
111.524
  0
LINE
  8
0
 10
116.629
 20
111.524
 11
116.045
 21
111.755
  0
LINE
  8
0
 10
116.045
 20
111.755
 11
115.437
 21
111.911
  0
LINE
  8
0
 10
115.437
 20
111.911
 11
114.814
 21
111.99
  0
LINE
  8
0
 10
114.814
 20
111.99
 11
-114.814
 21
111.99
  0
LINE
  8
0
 10
-114.814
 20
111.99
 11
-115.437
 21
111.911
  0
LINE
  8
0
 10
-115.437
 20
111.911
 11
-116.045
 21
111.755
  0
LINE
  8
0
 10
-116.045
 20
111.755
 11
-116.629
 21
111.524
  0
LINE
  8
0
 10
-116.629
 20
111.524
 11
-117.179
 21
111.222
  0
LINE
  8
0
 10
-117.179
 20
111.222
 11
-117.687
 21
110.853
  0
LINE
  8
0
 10
-117.687
 20
110.853
 11
-118.145
 21
110.423
  0
LINE
  8
0
 10
-118.145
 20
110.423
 11
-118.545
 21
109.939
  0
LINE
  8
0
 10
-118.545
 20
109.939
 11
-118.882
 21
109.409
  0
LINE
  8
0
 10
-118.882
 20
109.409
 11
-119.149
 21
108.841
  0
LINE
  8
0
 10
-119.149
 20
108.841
 11
-119.343
 21
108.243
  0
LINE
  8
0
 10
-119.343
 20
108.243
 11
-119.461
 21
107.627
  0
LINE
  8
0
 10
-119.461
 20
107.627
 11
-119.5
 21
107
  0
LINE
  8
0
 10
-119.5
 20
107
 11
-119.5
 21
-107
  0
LINE
  8
0
 10
-119.5
 20
-107
 11
-119.461
 21
-107.627
  0
LINE
  8
0
 10
-119.461
 20
-107.627
 11
-119.343
 21
-108.243
  0
LINE
  8
0
 10
-119.343
 20
-108.243
 11
-119.149
 21
-108.841
  0
LINE
  8
0
 10
-119.149
 20
-108.841
 11
-118.882
 21
-109.409
  0
LINE
  8
0
 10
-118.882
 20
-109.409
 11
-118.545
 21
-109.939
  0
LINE
  8
0
 10
-118.545
 20
-109.939
 11
-118.145
 21
-110.423
  0
LINE
  8
0
 10
-118.145
 20
-110.423
 11
-117.687
 21
-110.853
  0
LINE
  8
0
 10
-117.687
 20
-110.853
 11
-117.179
 21
-111.222
  0
LINE
  8
0
 10
-117.179
 20
-111.222
 11
-116.629
 21
-111.524
  0
LINE
  8
0
 10
-116.629
 20
-111.524
 11
-116.045
 21
-111.755
  0
LINE
  8
0
 10
-116.045
 20
-111.755
 11
-115.437
 21
-111.911
  0
LINE
  8
0
 10
-115.437
 20
-111.911
 11
-114.814
 21
-111.99
  0
LINE
  8
0
 10
-114.814
 20
-111.99
 11
114.814
 21
-111.99
  0
LINE
  8
0
 10
114.814
 20
-111.99
 11
115.437
 21
-111.911
  0
LINE
  8
0
 10
52.3116
 20
102.006
 11
51.9379
 21
102.053
  0
LINE
  8
0
 10
51.9379
 20
102.053
 11
51.5729
 21
102.147
  0
LINE
  8
0
 10
51.5729
 20
102.147
 11
51.2227
 21
102.286
  0
LINE
  8
0
 10
51.2227
 20
102.286
 11
50.8925
 21
102.467
  0
LINE
  8
0
 10
50.8925
 20
102.467
 11
50.5877
 21
102.688
  0
LINE
  8
0
 10
50.5877
 20
102.688
 11
50.3131
 21
102.946
  0
LINE
  8
0
 10
50.3131
 20
102.946
 11
50.0729
 21
103.237
  0
LINE
  8
0
 10
50.0729
 20
103.237
 11
49.8711
 21
103.555
  0
LINE
  8
0
 10
49.8711
 20
103.555
 11
49.7107
 21
103.896
  0
LINE
  8
0
 10
49.7107
 20
103.896
 11
49.5942
 21
104.254
  0
LINE
  8
0
 10
49.5942
 20
104.254
 11
49.5237
 21
104.624
  0
LINE
  8
0
 10
49.5237
 20
104.624
 11
49.5
 21
105
  0
LINE
  8
0
 10
49.5
 20
105
 11
49.5237
 21
105.376
  0
LINE
  8
0
 10
49.5237
 20
105.376
 11
49.5942
 21
105.746
  0
LINE
  8
0
 10
49.5942
 20
105.746
 11
49.7107
 21
106.104
  0
LINE
  8
0
 10
49.7107
 20
106.104
 11
49.8711
 21
106.445
  0
LINE
  8
0
 10
49.8711
 20
106.445
 11
50.0729
 21
106.763
  0
LINE
  8
0
 10
50.0729
 20
106.763
 11
50.3131
 21
107.054
  0
LINE
  8
0
 10
50.3131
 20
107.054
 11
50.5877
 21
107.312
  0
LINE
  8
0
 10
50.5877
 20
107.312
 11
50.8925
 21
107.533
  0
LINE
  8
0
 10
50.8925
 20
107.533
 11
51.2227
 21
107.714
  0
LINE
  8
0
 10
51.2227
 20
107.714
 11
51.5729
 21
107.853
  0
LINE
  8
0
 10
51.5729
 20
107.853
 11
51.9379
 21
107.947
  0
LINE
  8
0
 10
51.9379
 20
107.947
 11
52.3116
 21
107.994
  0
LINE
  8
0
 10
52.3116
 20
107.994
 11
52.6884
 21
107.994
  0
LINE
  8
0
 10
52.6884
 20
107.994
 11
53.0621
 21
107.947
  0
LINE
  8
0
 10
53.0621
 20
107.947
 11
53.427
 21
107.853
  0
LINE
  8
0
 10
53.427
 20
107.853
 11
53.7773
 21
107.714
  0
LINE
  8
0
 10
53.7773
 20
107.714
 11
54.1075
 21
107.533
  0
LINE
  8
0
 10
54.1075
 20
107.533
 11
54.4123
 21
107.312
  0
LINE
  8
0
 10
54.4123
 20
107.312
 11
54.6869
 21
107.054
  0
LINE
  8
0
 10
54.6869
 20
107.054
 11
54.927
 21
106.763
  0
LINE
  8
0
 10
54.927
 20
106.763
 11
55.1289
 21
106.445
  0
LINE
  8
0
 10
55.1289
 20
106.445
 11
55.2893
 21
106.104
  0
LINE
  8
0
 10
55.2893
 20
106.104
 11
55.4057
 21
105.746
  0
LINE
  8
0
 10
55.4057
 20
105.746
 11
55.4763
 21
105.376
  0
LINE
  8
0
 10
55.4763
 20
105.376
 11
55.5
 21
105
  0
LINE
  8
0
 10
55.5
 20
105
 11
55.4763
 21
104.624
  0
LINE
  8
0
 10
55.4763
 20
104.624
 11
55.4057
 21
104.254
  0
LINE
  8
0
 10
55.4057
 20
104.254
 11
55.2893
 21
103.896
  0
LINE
  8
0
 10
55.2893
 20
103.896
 11
55.1289
 21
103.555
  0
LINE
  8
0
 10
55.1289
 20
103.555
 11
54.927
 21
103.237
  0
LINE
  8
0
 10
54.927
 20
103.237
 11
54.6869
 21
102.946
  0
LINE
  8
0
 10
54.6869
 20
102.946
 11
54.4123
 21
102.688
  0
LINE
  8
0
 10
54.4123
 20
102.688
 11
54.1075
 21
102.467
  0
LINE
  8
0
 10
54.1075
 20
102.467
 11
53.7773
 21
102.286
  0
LINE
  8
0
 10
53.7773
 20
102.286
 11
53.427
 21
102.147
  0
LINE
  8
0
 10
53.427
 20
102.147
 11
53.0621
 21
102.053
  0
LINE
  8
0
 10
53.0621
 20
102.053
 11
52.6884
 21
102.006
  0
LINE
  8
0
 10
52.6884
 20
102.006
 11
52.3116
 21
102.006
  0
LINE
  8
0
 10
82.3116
 20
102.006
 11
81.9379
 21
102.053
  0
LINE
  8
0
 10
81.9379
 20
102.053
 11
81.573
 21
102.147
  0
LINE
  8
0
 10
81.573
 20
102.147
 11
81.2227
 21
102.286
  0
LINE
  8
0
 10
81.2227
 20
102.286
 11
80.8925
 21
102.467
  0
LINE
  8
0
 10
80.8925
 20
102.467
 11
80.5877
 21
102.688
  0
LINE
  8
0
 10
80.5877
 20
102.688
 11
80.3131
 21
102.946
  0
LINE
  8
0
 10
80.3131
 20
102.946
 11
80.073
 21
103.237
  0
LINE
  8
0
 10
80.073
 20
103.237
 11
79.8711
 21
103.555
  0
LINE
  8
0
 10
79.8711
 20
103.555
 11
79.7107
 21
103.896
  0
LINE
  8
0
 10
79.7107
 20
103.896
 11
79.5943
 21
104.254
  0
LINE
  8
0
 10
79.5943
 20
104.254
 11
79.5237
 21
104.624
  0
LINE
  8
0
 10
79.5237
 20
104.624
 11
79.5
 21
105
  0
LINE
  8
0
 10
79.5
 20
105
 11
79.5237
 21
105.376
  0
LINE
  8
0
 10
79.5237
 20
105.376
 11
79.5943
 21
105.746
  0
LINE
  8
0
 10
79.5943
 20
105.746
 11
79.7107
 21
106.104
  0
LINE
  8
0
 10
79.7107
 20
106.104
 11
79.8711
 21
106.445
  0
LINE
  8
0
 10
79.8711
 20
106.445
 11
80.073
 21
106.763
  0
LINE
  8
0
 10
80.073
 20
106.763
 11
80.3131
 21
107.054
  0
LINE
  8
0
 10
80.3131
 20
107.054
 11
80.5877
 21
107.312
  0
LINE
  8
0
 10
80.5877
 20
107.312
 11
80.8925
 21
107.533
  0
LINE
  8
0
 10
80.8925
 20
107.533
 11
81.2227
 21
107.714
  0
LINE
  8
0
 10
81.2227
 20
107.714
 11
81.573
 21
107.853
  0
LINE
  8
0
 10
81.573
 20
107.853
 11
81.9379
 21
107.947
  0
LINE
  8
0
 10
81.9379
 20
107.947
 11
82.3116
 21
107.994
  0
LINE
  8
0
 10
82.3116
 20
107.994
 11
82.6884
 21
107.994
  0
LINE
  8
0
 10
82.6884
 20
107.994
 11
83.0621
 21
107.947
  0
LINE
  8
0
 10
83.0621
 20
107.947
 11
83.427
 21
107.853
  0
LINE
  8
0
 10
83.427
 20
107.853
 11
83.7773
 21
107.714
  0
LINE
  8
0
 10
83.7773
 20
107.714
 11
84.1075
 21
107.533
  0
LINE
  8
0
 10
84.1075
 20
107.533
 11
84.4123
 21
107.312
  0
LINE
  8
0
 10
84.4123
 20
107.312
 11
84.6869
 21
107.054
  0
LINE
  8
0
 10
84.6869
 20
107.054
 11
84.927
 21
106.763
  0
LINE
  8
0
 10
84.927
 20
106.763
 11
85.1289
 21
106.445
  0
LINE
  8
0
 10
85.1289
 20
106.445
 11
85.2893
 21
106.104
  0
LINE
  8
0
 10
85.2893
 20
106.104
 11
85.4057
 21
105.746
  0
LINE
  8
0
 10
85.4057
 20
105.746
 11
85.4763
 21
105.376
  0
LINE
  8
0
 10
85.4763
 20
105.376
 11
85.5
 21
105
  0
LINE
  8
0
 10
85.5
 20
105
 11
85.4763
 21
104.624
  0
LINE
  8
0
 10
85.4763
 20
104.624
 11
85.4057
 21
104.254
  0
LINE
  8
0
 10
85.4057
 20
104.254
 11
85.2893
 21
103.896
  0
LINE
  8
0
 10
85.2893
 20
103.896
 11
85.1289
 21
103.555
  0
LINE
  8
0
 10
85.1289
 20
103.555
 11
84.927
 21
103.237
  0
LINE
  8
0
 10
84.927
 20
103.237
 11
84.6869
 21
102.946
  0
LINE
  8
0
 10
84.6869
 20
102.946
 11
84.4123
 21
102.688
  0
LINE
  8
0
 10
84.4123
 20
102.688
 11
84.1075
 21
102.467
  0
LINE
  8
0
 10
84.1075
 20
102.467
 11
83.7773
 21
102.286
  0
LINE
  8
0
 10
83.7773
 20
102.286
 11
83.427
 21
102.147
  0
LINE
  8
0
 10
83.427
 20
102.147
 11
83.0621
 21
102.053
  0
LINE
  8
0
 10
83.0621
 20
102.053
 11
82.6884
 21
102.006
  0
LINE
  8
0
 10
82.6884
 20
102.006
 11
82.3116
 21
102.006
  0
LINE
  8
0
 10
97.3116
 20
102.006
 11
96.9379
 21
102.053
  0
LINE
  8
0
 10
96.9379
 20
102.053
 11
96.573
 21
102.147
  0
LINE
  8
0
 10
96.573
 20
102.147
 11
96.2227
 21
102.286
  0
LINE
  8
0
 10
96.2227
 20
102.286
 11
95.8925
 21
102.467
  0
LINE
  8
0
 10
95.8925
 20
102.467
 11
95.5877
 21
102.688
  0
LINE
  8
0
 10
95.5877
 20
102.688
 11
95.3131
 21
102.946
  0
LINE
  8
0
 10
95.3131
 20
102.946
 11
95.073
 21
103.237
  0
LINE
  8
0
 10
95.073
 20
103.237
 11
94.8711
 21
103.555
  0
LINE
  8
0
 10
94.8711
 20
103.555
 11
94.7107
 21
103.896
  0
LINE
  8
0
 10
94.7107
 20
103.896
 11
94.5943
 21
104.254
  0
LINE
  8
0
 10
94.5943
 20
104.254
 11
94.5237
 21
104.624
  0
LINE
  8
0
 10
94.5237
 20
104.624
 11
94.5
 21
105
  0
LINE
  8
0
 10
94.5
 20
105
 11
94.5237
 21
105.376
  0
LINE
  8
0
 10
94.5237
 20
105.376
 11
94.5943
 21
105.746
  0
LINE
  8
0
 10
94.5943
 20
105.746
 11
94.7107
 21
106.104
  0
LINE
  8
0
 10
94.7107
 20
106.104
 11
94.8711
 21
106.445
  0
LINE
  8
0
 10
94.8711
 20
106.445
 11
95.073
 21
106.763
  0
LINE
  8
0
 10
95.073
 20
106.763
 11
95.3131
 21
107.054
  0
LINE
  8
0
 10
95.3131
 20
107.054
 11
95.5877
 21
107.312
  0
LINE
  8
0
 10
95.5877
 20
107.312
 11
95.8925
 21
107.533
  0
LINE
  8
0
 10
95.8925
 20
107.533
 11
96.2227
 21
107.714
  0
LINE
  8
0
 10
96.2227
 20
107.714
 11
96.573
 21
107.853
  0
LINE
  8
0
 10
96.573
 20
107.853
 11
96.9379
 21
107.947
  0
LINE
  8
0
 10
96.9379
 20
107.947
 11
97.3116
 21
107.994
  0
LINE
  8
0
 10
97.3116
 20
107.994
 11
97.6884
 21
107.994
  0
LINE
  8
0
 10
97.6884
 20
107.994
 11
98.0621
 21
107.947
  0
LINE
  8
0
 10
98.0621
 20
107.947
 11
98.427
 21
107.853
  0
LINE
  8
0
 10
98.427
 20
107.853
 11
98.7773
 21
107.714
  0
LINE
  8
0
 10
98.7773
 20
107.714
 11
99.1075
 21
107.533
  0
LINE
  8
0
 10
99.1075
 20
107.533
 11
99.4123
 21
107.312
  0
LINE
  8
0
 10
99.4123
 20
107.312
 11
99.6869
 21
107.054
  0
LINE
  8
0
 10
99.6869
 20
107.054
 11
99.927
 21
106.763
  0
LINE
  8
0
 10
99.927
 20
106.763
 11
100.129
 21
106.445
  0
LINE
  8
0
 10
100.129
 20
106.445
 11
100.289
 21
106.104
  0
LINE
  8
0
 10
100.289
 20
106.104
 11
100.406
 21
105.746
  0
LINE
  8
0
 10
100.406
 20
105.746
 11
100.476
 21
105.376
  0
LINE
  8
0
 10
100.476
 20
105.376
 11
100.5
 21
105
  0
LINE
  8
0
 10
100.5
 20
105
 11
100.476
 21
104.624
  0
LINE
  8
0
 10
100.476
 20
104.624
 11
100.406
 21
104.254
  0
LINE
  8
0
 10
100.406
 20
104.254
 11
100.289
 21
103.896
  0
LINE
  8
0
 10
100.289
 20
103.896
 11
100.129
 21
103.555
  0
LINE
  8
0
 10
100.129
 20
103.555
 11
99.927
 21
103.237
  0
LINE
  8
0
 10
99.927
 20
103.237
 11
99.6869
 21
102.946
  0
LINE
  8
0
 10
99.6869
 20
102.946
 11
99.4123
 21
102.688
  0
LINE
  8
0
 10
99.4123
 20
102.688
 11
99.1075
 21
102.467
  0
LINE
  8
0
 10
99.1075
 20
102.467
 11
98.7773
 21
102.286
  0
LINE
  8
0
 10
98.7773
 20
102.286
 11
98.427
 21
102.147
  0
LINE
  8
0
 10
98.427
 20
102.147
 11
98.0621
 21
102.053
  0
LINE
  8
0
 10
98.0621
 20
102.053
 11
97.6884
 21
102.006
  0
LINE
  8
0
 10
97.6884
 20
102.006
 11
97.3116
 21
102.006
  0
LINE
  8
0
 10
67.3116
 20
102.006
 11
66.9379
 21
102.053
  0
LINE
  8
0
 10
66.9379
 20
102.053
 11
66.573
 21
102.147
  0
LINE
  8
0
 10
66.573
 20
102.147
 11
66.2227
 21
102.286
  0
LINE
  8
0
 10
66.2227
 20
102.286
 11
65.8925
 21
102.467
  0
LINE
  8
0
 10
65.8925
 20
102.467
 11
65.5877
 21
102.688
  0
LINE
  8
0
 10
65.5877
 20
102.688
 11
65.3131
 21
102.946
  0
LINE
  8
0
 10
65.3131
 20
102.946
 11
65.073
 21
103.237
  0
LINE
  8
0
 10
65.073
 20
103.237
 11
64.8711
 21
103.555
  0
LINE
  8
0
 10
64.8711
 20
103.555
 11
64.7107
 21
103.896
  0
LINE
  8
0
 10
64.7107
 20
103.896
 11
64.5943
 21
104.254
  0
LINE
  8
0
 10
64.5943
 20
104.254
 11
64.5237
 21
104.624
  0
LINE
  8
0
 10
64.5237
 20
104.624
 11
64.5
 21
105
  0
LINE
  8
0
 10
64.5
 20
105
 11
64.5237
 21
105.376
  0
LINE
  8
0
 10
64.5237
 20
105.376
 11
64.5943
 21
105.746
  0
LINE
  8
0
 10
64.5943
 20
105.746
 11
64.7107
 21
106.104
  0
LINE
  8
0
 10
64.7107
 20
106.104
 11
64.8711
 21
106.445
  0
LINE
  8
0
 10
64.8711
 20
106.445
 11
65.073
 21
106.763
  0
LINE
  8
0
 10
65.073
 20
106.763
 11
65.3131
 21
107.054
  0
LINE
  8
0
 10
65.3131
 20
107.054
 11
65.5877
 21
107.312
  0
LINE
  8
0
 10
65.5877
 20
107.312
 11
65.8925
 21
107.533
  0
LINE
  8
0
 10
65.8925
 20
107.533
 11
66.2227
 21
107.714
  0
LINE
  8
0
 10
66.2227
 20
107.714
 11
66.573
 21
107.853
  0
LINE
  8
0
 10
66.573
 20
107.853
 11
66.9379
 21
107.947
  0
LINE
  8
0
 10
66.9379
 20
107.947
 11
67.3116
 21
107.994
  0
LINE
  8
0
 10
67.3116
 20
107.994
 11
67.6884
 21
107.994
  0
LINE
  8
0
 10
67.6884
 20
107.994
 11
68.0621
 21
107.947
  0
LINE
  8
0
 10
68.0621
 20
107.947
 11
68.427
 21
107.853
  0
LINE
  8
0
 10
68.427
 20
107.853
 11
68.7773
 21
107.714
  0
LINE
  8
0
 10
68.7773
 20
107.714
 11
69.1075
 21
107.533
  0
LINE
  8
0
 10
69.1075
 20
107.533
 11
69.4123
 21
107.312
  0
LINE
  8
0
 10
69.4123
 20
107.312
 11
69.6869
 21
107.054
  0
LINE
  8
0
 10
69.6869
 20
107.054
 11
69.927
 21
106.763
  0
LINE
  8
0
 10
69.927
 20
106.763
 11
70.1289
 21
106.445
  0
LINE
  8
0
 10
70.1289
 20
106.445
 11
70.2893
 21
106.104
  0
LINE
  8
0
 10
70.2893
 20
106.104
 11
70.4057
 21
105.746
  0
LINE
  8
0
 10
70.4057
 20
105.746
 11
70.4763
 21
105.376
  0
LINE
  8
0
 10
70.4763
 20
105.376
 11
70.5
 21
105
  0
LINE
  8
0
 10
70.5
 20
105
 11
70.4763
 21
104.624
  0
LINE
  8
0
 10
70.4763
 20
104.624
 11
70.4057
 21
104.254
  0
LINE
  8
0
 10
70.4057
 20
104.254
 11
70.2893
 21
103.896
  0
LINE
  8
0
 10
70.2893
 20
103.896
 11
70.1289
 21
103.555
  0
LINE
  8
0
 10
70.1289
 20
103.555
 11
69.927
 21
103.237
  0
LINE
  8
0
 10
69.927
 20
103.237
 11
69.6869
 21
102.946
  0
LINE
  8
0
 10
69.6869
 20
102.946
 11
69.4123
 21
102.688
  0
LINE
  8
0
 10
69.4123
 20
102.688
 11
69.1075
 21
102.467
  0
LINE
  8
0
 10
69.1075
 20
102.467
 11
68.7773
 21
102.286
  0
LINE
  8
0
 10
68.7773
 20
102.286
 11
68.427
 21
102.147
  0
LINE
  8
0
 10
68.427
 20
102.147
 11
68.0621
 21
102.053
  0
LINE
  8
0
 10
68.0621
 20
102.053
 11
67.6884
 21
102.006
  0
LINE
  8
0
 10
67.6884
 20
102.006
 11
67.3116
 21
102.006
  0
LINE
  8
0
 10
37.3116
 20
102.006
 11
36.9379
 21
102.053
  0
LINE
  8
0
 10
36.9379
 20
102.053
 11
36.5729
 21
102.147
  0
LINE
  8
0
 10
36.5729
 20
102.147
 11
36.2227
 21
102.286
  0
LINE
  8
0
 10
36.2227
 20
102.286
 11
35.8925
 21
102.467
  0
LINE
  8
0
 10
35.8925
 20
102.467
 11
35.5877
 21
102.688
  0
LINE
  8
0
 10
35.5877
 20
102.688
 11
35.3131
 21
102.946
  0
LINE
  8
0
 10
35.3131
 20
102.946
 11
35.0729
 21
103.237
  0
LINE
  8
0
 10
35.0729
 20
103.237
 11
34.8711
 21
103.555
  0
LINE
  8
0
 10
34.8711
 20
103.555
 11
34.7107
 21
103.896
  0
LINE
  8
0
 10
34.7107
 20
103.896
 11
34.5942
 21
104.254
  0
LINE
  8
0
 10
34.5942
 20
104.254
 11
34.5237
 21
104.624
  0
LINE
  8
0
 10
34.5237
 20
104.624
 11
34.5
 21
105
  0
LINE
  8
0
 10
34.5
 20
105
 11
34.5237
 21
105.376
  0
LINE
  8
0
 10
34.5237
 20
105.376
 11
34.5942
 21
105.746
  0
LINE
  8
0
 10
34.5942
 20
105.746
 11
34.7107
 21
106.104
  0
LINE
  8
0
 10
34.7107
 20
106.104
 11
34.8711
 21
106.445
  0
LINE
  8
0
 10
34.8711
 20
106.445
 11
35.0729
 21
106.763
  0
LINE
  8
0
 10
35.0729
 20
106.763
 11
35.3131
 21
107.054
  0
LINE
  8
0
 10
35.3131
 20
107.054
 11
35.5877
 21
107.312
  0
LINE
  8
0
 10
35.5877
 20
107.312
 11
35.8925
 21
107.533
  0
LINE
  8
0
 10
35.8925
 20
107.533
 11
36.2227
 21
107.714
  0
LINE
  8
0
 10
36.2227
 20
107.714
 11
36.5729
 21
107.853
  0
LINE
  8
0
 10
36.5729
 20
107.853
 11
36.9379
 21
107.947
  0
LINE
  8
0
 10
36.9379
 20
107.947
 11
37.3116
 21
107.994
  0
LINE
  8
0
 10
37.3116
 20
107.994
 11
37.6884
 21
107.994
  0
LINE
  8
0
 10
37.6884
 20
107.994
 11
38.0621
 21
107.947
  0
LINE
  8
0
 10
38.0621
 20
107.947
 11
38.427
 21
107.853
  0
LINE
  8
0
 10
38.427
 20
107.853
 11
38.7773
 21
107.714
  0
LINE
  8
0
 10
38.7773
 20
107.714
 11
39.1075
 21
107.533
  0
LINE
  8
0
 10
39.1075
 20
107.533
 11
39.4123
 21
107.312
  0
LINE
  8
0
 10
39.4123
 20
107.312
 11
39.6869
 21
107.054
  0
LINE
  8
0
 10
39.6869
 20
107.054
 11
39.927
 21
106.763
  0
LINE
  8
0
 10
39.927
 20
106.763
 11
40.1289
 21
106.445
  0
LINE
  8
0
 10
40.1289
 20
106.445
 11
40.2893
 21
106.104
  0
LINE
  8
0
 10
40.2893
 20
106.104
 11
40.4057
 21
105.746
  0
LINE
  8
0
 10
40.4057
 20
105.746
 11
40.4763
 21
105.376
  0
LINE
  8
0
 10
40.4763
 20
105.376
 11
40.5
 21
105
  0
LINE
  8
0
 10
40.5
 20
105
 11
40.4763
 21
104.624
  0
LINE
  8
0
 10
40.4763
 20
104.624
 11
40.4057
 21
104.254
  0
LINE
  8
0
 10
40.4057
 20
104.254
 11
40.2893
 21
103.896
  0
LINE
  8
0
 10
40.2893
 20
103.896
 11
40.1289
 21
103.555
  0
LINE
  8
0
 10
40.1289
 20
103.555
 11
39.927
 21
103.237
  0
LINE
  8
0
 10
39.927
 20
103.237
 11
39.6869
 21
102.946
  0
LINE
  8
0
 10
39.6869
 20
102.946
 11
39.4123
 21
102.688
  0
LINE
  8
0
 10
39.4123
 20
102.688
 11
39.1075
 21
102.467
  0
LINE
  8
0
 10
39.1075
 20
102.467
 11
38.7773
 21
102.286
  0
LINE
  8
0
 10
38.7773
 20
102.286
 11
38.427
 21
102.147
  0
LINE
  8
0
 10
38.427
 20
102.147
 11
38.0621
 21
102.053
  0
LINE
  8
0
 10
38.0621
 20
102.053
 11
37.6884
 21
102.006
  0
LINE
  8
0
 10
37.6884
 20
102.006
 11
37.3116
 21
102.006
  0
LINE
  8
0
 10
-100.406
 20
105.746
 11
-100.289
 21
106.104
  0
LINE
  8
0
 10
-100.289
 20
106.104
 11
-100.129
 21
106.445
  0
LINE
  8
0
 10
-100.129
 20
106.445
 11
-99.927
 21
106.763
  0
LINE
  8
0
 10
-99.927
 20
106.763
 11
-99.6869
 21
107.054
  0
LINE
  8
0
 10
-99.6869
 20
107.054
 11
-99.4123
 21
107.312
  0
LINE
  8
0
 10
-99.4123
 20
107.312
 11
-99.1075
 21
107.533
  0
LINE
  8
0
 10
-99.1075
 20
107.533
 11
-98.7773
 21
107.714
  0
LINE
  8
0
 10
-98.7773
 20
107.714
 11
-98.427
 21
107.853
  0
LINE
  8
0
 10
-98.427
 20
107.853
 11
-98.0621
 21
107.947
  0
LINE
  8
0
 10
-98.0621
 20
107.947
 11
-97.6884
 21
107.994
  0
LINE
  8
0
 10
-97.6884
 20
107.994
 11
-97.3116
 21
107.994
  0
LINE
  8
0
 10
-97.3116
 20
107.994
 11
-96.9379
 21
107.947
  0
LINE
  8
0
 10
-96.9379
 20
107.947
 11
-96.573
 21
107.853
  0
LINE
  8
0
 10
-96.573
 20
107.853
 11
-96.2227
 21
107.714
  0
LINE
  8
0
 10
-96.2227
 20
107.714
 11
-95.8925
 21
107.533
  0
LINE
  8
0
 10
-95.8925
 20
107.533
 11
-95.5877
 21
107.312
  0
LINE
  8
0
 10
-95.5877
 20
107.312
 11
-95.3131
 21
107.054
  0
LINE
  8
0
 10
-95.3131
 20
107.054
 11
-95.073
 21
106.763
  0
LINE
  8
0
 10
-95.073
 20
106.763
 11
-94.8711
 21
106.445
  0
LINE
  8
0
 10
-94.8711
 20
106.445
 11
-94.7107
 21
106.104
  0
LINE
  8
0
 10
-94.7107
 20
106.104
 11
-94.5943
 21
105.746
  0
LINE
  8
0
 10
-94.5943
 20
105.746
 11
-94.5237
 21
105.376
  0
LINE
  8
0
 10
-94.5237
 20
105.376
 11
-94.5
 21
105
  0
LINE
  8
0
 10
-94.5
 20
105
 11
-94.5237
 21
104.624
  0
LINE
  8
0
 10
-94.5237
 20
104.624
 11
-94.5943
 21
104.254
  0
LINE
  8
0
 10
-94.5943
 20
104.254
 11
-94.7107
 21
103.896
  0
LINE
  8
0
 10
-94.7107
 20
103.896
 11
-94.8711
 21
103.555
  0
LINE
  8
0
 10
-94.8711
 20
103.555
 11
-95.073
 21
103.237
  0
LINE
  8
0
 10
-95.073
 20
103.237
 11
-95.3131
 21
102.946
  0
LINE
  8
0
 10
-95.3131
 20
102.946
 11
-95.5877
 21
102.688
  0
LINE
  8
0
 10
-95.5877
 20
102.688
 11
-95.8925
 21
102.467
  0
LINE
  8
0
 10
-95.8925
 20
102.467
 11
-96.2227
 21
102.286
  0
LINE
  8
0
 10
-96.2227
 20
102.286
 11
-96.573
 21
102.147
  0
LINE
  8
0
 10
-96.573
 20
102.147
 11
-96.9379
 21
102.053
  0
LINE
  8
0
 10
-96.9379
 20
102.053
 11
-97.3116
 21
102.006
  0
LINE
  8
0
 10
-97.3116
 20
102.006
 11
-97.6884
 21
102.006
  0
LINE
  8
0
 10
-97.6884
 20
102.006
 11
-98.0621
 21
102.053
  0
LINE
  8
0
 10
-98.0621
 20
102.053
 11
-98.427
 21
102.147
  0
LINE
  8
0
 10
-98.427
 20
102.147
 11
-98.7773
 21
102.286
  0
LINE
  8
0
 10
-98.7773
 20
102.286
 11
-99.1075
 21
102.467
  0
LINE
  8
0
 10
-99.1075
 20
102.467
 11
-99.4123
 21
102.688
  0
LINE
  8
0
 10
-99.4123
 20
102.688
 11
-99.6869
 21
102.946
  0
LINE
  8
0
 10
-99.6869
 20
102.946
 11
-99.927
 21
103.237
  0
LINE
  8
0
 10
-99.927
 20
103.237
 11
-100.129
 21
103.555
  0
LINE
  8
0
 10
-100.129
 20
103.555
 11
-100.289
 21
103.896
  0
LINE
  8
0
 10
-100.289
 20
103.896
 11
-100.406
 21
104.254
  0
LINE
  8
0
 10
-100.406
 20
104.254
 11
-100.476
 21
104.624
  0
LINE
  8
0
 10
-100.476
 20
104.624
 11
-100.5
 21
105
  0
LINE
  8
0
 10
-100.5
 20
105
 11
-100.476
 21
105.376
  0
LINE
  8
0
 10
-100.476
 20
105.376
 11
-100.406
 21
105.746
  0
LINE
  8
0
 10
-82.6884
 20
102.006
 11
-83.0621
 21
102.053
  0
LINE
  8
0
 10
-83.0621
 20
102.053
 11
-83.427
 21
102.147
  0
LINE
  8
0
 10
-83.427
 20
102.147
 11
-83.7773
 21
102.286
  0
LINE
  8
0
 10
-83.7773
 20
102.286
 11
-84.1075
 21
102.467
  0
LINE
  8
0
 10
-84.1075
 20
102.467
 11
-84.4123
 21
102.688
  0
LINE
  8
0
 10
-84.4123
 20
102.688
 11
-84.6869
 21
102.946
  0
LINE
  8
0
 10
-84.6869
 20
102.946
 11
-84.927
 21
103.237
  0
LINE
  8
0
 10
-84.927
 20
103.237
 11
-85.1289
 21
103.555
  0
LINE
  8
0
 10
-85.1289
 20
103.555
 11
-85.2893
 21
103.896
  0
LINE
  8
0
 10
-85.2893
 20
103.896
 11
-85.4057
 21
104.254
  0
LINE
  8
0
 10
-85.4057
 20
104.254
 11
-85.4763
 21
104.624
  0
LINE
  8
0
 10
-85.4763
 20
104.624
 11
-85.5
 21
105
  0
LINE
  8
0
 10
-85.5
 20
105
 11
-85.4763
 21
105.376
  0
LINE
  8
0
 10
-85.4763
 20
105.376
 11
-85.4057
 21
105.746
  0
LINE
  8
0
 10
-85.4057
 20
105.746
 11
-85.2893
 21
106.104
  0
LINE
  8
0
 10
-85.2893
 20
106.104
 11
-85.1289
 21
106.445
  0
LINE
  8
0
 10
-85.1289
 20
106.445
 11
-84.927
 21
106.763
  0
LINE
  8
0
 10
-84.927
 20
106.763
 11
-84.6869
 21
107.054
  0
LINE
  8
0
 10
-84.6869
 20
107.054
 11
-84.4123
 21
107.312
  0
LINE
  8
0
 10
-84.4123
 20
107.312
 11
-84.1075
 21
107.533
  0
LINE
  8
0
 10
-84.1075
 20
107.533
 11
-83.7773
 21
107.714
  0
LINE
  8
0
 10
-83.7773
 20
107.714
 11
-83.427
 21
107.853
  0
LINE
  8
0
 10
-83.427
 20
107.853
 11
-83.0621
 21
107.947
  0
LINE
  8
0
 10
-83.0621
 20
107.947
 11
-82.6884
 21
107.994
  0
LINE
  8
0
 10
-82.6884
 20
107.994
 11
-82.3116
 21
107.994
  0
LINE
  8
0
 10
-82.3116
 20
107.994
 11
-81.9379
 21
107.947
  0
LINE
  8
0
 10
-81.9379
 20
107.947
 11
-81.573
 21
107.853
  0
LINE
  8
0
 10
-81.573
 20
107.853
 11
-81.2227
 21
107.714
  0
LINE
  8
0
 10
-81.2227
 20
107.714
 11
-80.8925
 21
107.533
  0
LINE
  8
0
 10
-80.8925
 20
107.533
 11
-80.5877
 21
107.312
  0
LINE
  8
0
 10
-80.5877
 20
107.312
 11
-80.3131
 21
107.054
  0
LINE
  8
0
 10
-80.3131
 20
107.054
 11
-80.073
 21
106.763
  0
LINE
  8
0
 10
-80.073
 20
106.763
 11
-79.8711
 21
106.445
  0
LINE
  8
0
 10
-79.8711
 20
106.445
 11
-79.7107
 21
106.104
  0
LINE
  8
0
 10
-79.7107
 20
106.104
 11
-79.5943
 21
105.746
  0
LINE
  8
0
 10
-79.5943
 20
105.746
 11
-79.5237
 21
105.376
  0
LINE
  8
0
 10
-79.5237
 20
105.376
 11
-79.5
 21
105
  0
LINE
  8
0
 10
-79.5
 20
105
 11
-79.5237
 21
104.624
  0
LINE
  8
0
 10
-79.5237
 20
104.624
 11
-79.5943
 21
104.254
  0
LINE
  8
0
 10
-79.5943
 20
104.254
 11
-79.7107
 21
103.896
  0
LINE
  8
0
 10
-79.7107
 20
103.896
 11
-79.8711
 21
103.555
  0
LINE
  8
0
 10
-79.8711
 20
103.555
 11
-80.073
 21
103.237
  0
LINE
  8
0
 10
-80.073
 20
103.237
 11
-80.3131
 21
102.946
  0
LINE
  8
0
 10
-80.3131
 20
102.946
 11
-80.5877
 21
102.688
  0
LINE
  8
0
 10
-80.5877
 20
102.688
 11
-80.8925
 21
102.467
  0
LINE
  8
0
 10
-80.8925
 20
102.467
 11
-81.2227
 21
102.286
  0
LINE
  8
0
 10
-81.2227
 20
102.286
 11
-81.573
 21
102.147
  0
LINE
  8
0
 10
-81.573
 20
102.147
 11
-81.9379
 21
102.053
  0
LINE
  8
0
 10
-81.9379
 20
102.053
 11
-82.3116
 21
102.006
  0
LINE
  8
0
 10
-82.3116
 20
102.006
 11
-82.6884
 21
102.006
  0
LINE
  8
0
 10
-55.4057
 20
105.746
 11
-55.2893
 21
106.104
  0
LINE
  8
0
 10
-55.2893
 20
106.104
 11
-55.1289
 21
106.445
  0
LINE
  8
0
 10
-55.1289
 20
106.445
 11
-54.927
 21
106.763
  0
LINE
  8
0
 10
-54.927
 20
106.763
 11
-54.6869
 21
107.054
  0
LINE
  8
0
 10
-54.6869
 20
107.054
 11
-54.4123
 21
107.312
  0
LINE
  8
0
 10
-54.4123
 20
107.312
 11
-54.1075
 21
107.533
  0
LINE
  8
0
 10
-54.1075
 20
107.533
 11
-53.7773
 21
107.714
  0
LINE
  8
0
 10
-53.7773
 20
107.714
 11
-53.427
 21
107.853
  0
LINE
  8
0
 10
-53.427
 20
107.853
 11
-53.0621
 21
107.947
  0
LINE
  8
0
 10
-53.0621
 20
107.947
 11
-52.6884
 21
107.994
  0
LINE
  8
0
 10
-52.6884
 20
107.994
 11
-52.3116
 21
107.994
  0
LINE
  8
0
 10
-52.3116
 20
107.994
 11
-51.9379
 21
107.947
  0
LINE
  8
0
 10
-51.9379
 20
107.947
 11
-51.5729
 21
107.853
  0
LINE
  8
0
 10
-51.5729
 20
107.853
 11
-51.2227
 21
107.714
  0
LINE
  8
0
 10
-51.2227
 20
107.714
 11
-50.8925
 21
107.533
  0
LINE
  8
0
 10
-50.8925
 20
107.533
 11
-50.5877
 21
107.312
  0
LINE
  8
0
 10
-50.5877
 20
107.312
 11
-50.3131
 21
107.054
  0
LINE
  8
0
 10
-50.3131
 20
107.054
 11
-50.0729
 21
106.763
  0
LINE
  8
0
 10
-50.0729
 20
106.763
 11
-49.8711
 21
106.445
  0
LINE
  8
0
 10
-49.8711
 20
106.445
 11
-49.7107
 21
106.104
  0
LINE
  8
0
 10
-49.7107
 20
106.104
 11
-49.5942
 21
105.746
  0
LINE
  8
0
 10
-49.5942
 20
105.746
 11
-49.5237
 21
105.376
  0
LINE
  8
0
 10
-49.5237
 20
105.376
 11
-49.5
 21
105
  0
LINE
  8
0
 10
-49.5
 20
105
 11
-49.5237
 21
104.624
  0
LINE
  8
0
 10
-49.5237
 20
104.624
 11
-49.5942
 21
104.254
  0
LINE
  8
0
 10
-49.5942
 20
104.254
 11
-49.7107
 21
103.896
  0
LINE
  8
0
 10
-49.7107
 20
103.896
 11
-49.8711
 21
103.555
  0
LINE
  8
0
 10
-49.8711
 20
103.555
 11
-50.0729
 21
103.237
  0
LINE
  8
0
 10
-50.0729
 20
103.237
 11
-50.3131
 21
102.946
  0
LINE
  8
0
 10
-50.3131
 20
102.946
 11
-50.5877
 21
102.688
  0
LINE
  8
0
 10
-50.5877
 20
102.688
 11
-50.8925
 21
102.467
  0
LINE
  8
0
 10
-50.8925
 20
102.467
 11
-51.2227
 21
102.286
  0
LINE
  8
0
 10
-51.2227
 20
102.286
 11
-51.5729
 21
102.147
  0
LINE
  8
0
 10
-51.5729
 20
102.147
 11
-51.9379
 21
102.053
  0
LINE
  8
0
 10
-51.9379
 20
102.053
 11
-52.3116
 21
102.006
  0
LINE
  8
0
 10
-52.3116
 20
102.006
 11
-52.6884
 21
102.006
  0
LINE
  8
0
 10
-52.6884
 20
102.006
 11
-53.0621
 21
102.053
  0
LINE
  8
0
 10
-53.0621
 20
102.053
 11
-53.427
 21
102.147
  0
LINE
  8
0
 10
-53.427
 20
102.147
 11
-53.7773
 21
102.286
  0
LINE
  8
0
 10
-53.7773
 20
102.286
 11
-54.1075
 21
102.467
  0
LINE
  8
0
 10
-54.1075
 20
102.467
 11
-54.4123
 21
102.688
  0
LINE
  8
0
 10
-54.4123
 20
102.688
 11
-54.6869
 21
102.946
  0
LINE
  8
0
 10
-54.6869
 20
102.946
 11
-54.927
 21
103.237
  0
LINE
  8
0
 10
-54.927
 20
103.237
 11
-55.1289
 21
103.555
  0
LINE
  8
0
 10
-55.1289
 20
103.555
 11
-55.2893
 21
103.896
  0
LINE
  8
0
 10
-55.2893
 20
103.896
 11
-55.4057
 21
104.254
  0
LINE
  8
0
 10
-55.4057
 20
104.254
 11
-55.4763
 21
104.624
  0
LINE
  8
0
 10
-55.4763
 20
104.624
 11
-55.5
 21
105
  0
LINE
  8
0
 10
-55.5
 20
105
 11
-55.4763
 21
105.376
  0
LINE
  8
0
 10
-55.4763
 20
105.376
 11
-55.4057
 21
105.746
  0
LINE
  8
0
 10
-70.4057
 20
105.746
 11
-70.2893
 21
106.104
  0
LINE
  8
0
 10
-70.2893
 20
106.104
 11
-70.1289
 21
106.445
  0
LINE
  8
0
 10
-70.1289
 20
106.445
 11
-69.927
 21
106.763
  0
LINE
  8
0
 10
-69.927
 20
106.763
 11
-69.6869
 21
107.054
  0
LINE
  8
0
 10
-69.6869
 20
107.054
 11
-69.4123
 21
107.312
  0
LINE
  8
0
 10
-69.4123
 20
107.312
 11
-69.1075
 21
107.533
  0
LINE
  8
0
 10
-69.1075
 20
107.533
 11
-68.7773
 21
107.714
  0
LINE
  8
0
 10
-68.7773
 20
107.714
 11
-68.427
 21
107.853
  0
LINE
  8
0
 10
-68.427
 20
107.853
 11
-68.0621
 21
107.947
  0
LINE
  8
0
 10
-68.0621
 20
107.947
 11
-67.6884
 21
107.994
  0
LINE
  8
0
 10
-67.6884
 20
107.994
 11
-67.3116
 21
107.994
  0
LINE
  8
0
 10
-67.3116
 20
107.994
 11
-66.9379
 21
107.947
  0
LINE
  8
0
 10
-66.9379
 20
107.947
 11
-66.573
 21
107.853
  0
LINE
  8
0
 10
-66.573
 20
107.853
 11
-66.2227
 21
107.714
  0
LINE
  8
0
 10
-66.2227
 20
107.714
 11
-65.8925
 21
107.533
  0
LINE
  8
0
 10
-65.8925
 20
107.533
 11
-65.5877
 21
107.312
  0
LINE
  8
0
 10
-65.5877
 20
107.312
 11
-65.3131
 21
107.054
  0
LINE
  8
0
 10
-65.3131
 20
107.054
 11
-65.073
 21
106.763
  0
LINE
  8
0
 10
-65.073
 20
106.763
 11
-64.8711
 21
106.445
  0
LINE
  8
0
 10
-64.8711
 20
106.445
 11
-64.7107
 21
106.104
  0
LINE
  8
0
 10
-64.7107
 20
106.104
 11
-64.5943
 21
105.746
  0
LINE
  8
0
 10
-64.5943
 20
105.746
 11
-64.5237
 21
105.376
  0
LINE
  8
0
 10
-64.5237
 20
105.376
 11
-64.5
 21
105
  0
LINE
  8
0
 10
-64.5
 20
105
 11
-64.5237
 21
104.624
  0
LINE
  8
0
 10
-64.5237
 20
104.624
 11
-64.5943
 21
104.254
  0
LINE
  8
0
 10
-64.5943
 20
104.254
 11
-64.7107
 21
103.896
  0
LINE
  8
0
 10
-64.7107
 20
103.896
 11
-64.8711
 21
103.555
  0
LINE
  8
0
 10
-64.8711
 20
103.555
 11
-65.073
 21
103.237
  0
LINE
  8
0
 10
-65.073
 20
103.237
 11
-65.3131
 21
102.946
  0
LINE
  8
0
 10
-65.3131
 20
102.946
 11
-65.5877
 21
102.688
  0
LINE
  8
0
 10
-65.5877
 20
102.688
 11
-65.8925
 21
102.467
  0
LINE
  8
0
 10
-65.8925
 20
102.467
 11
-66.2227
 21
102.286
  0
LINE
  8
0
 10
-66.2227
 20
102.286
 11
-66.573
 21
102.147
  0
LINE
  8
0
 10
-66.573
 20
102.147
 11
-66.9379
 21
102.053
  0
LINE
  8
0
 10
-66.9379
 20
102.053
 11
-67.3116
 21
102.006
  0
LINE
  8
0
 10
-67.3116
 20
102.006
 11
-67.6884
 21
102.006
  0
LINE
  8
0
 10
-67.6884
 20
102.006
 11
-68.0621
 21
102.053
  0
LINE
  8
0
 10
-68.0621
 20
102.053
 11
-68.427
 21
102.147
  0
LINE
  8
0
 10
-68.427
 20
102.147
 11
-68.7773
 21
102.286
  0
LINE
  8
0
 10
-68.7773
 20
102.286
 11
-69.1075
 21
102.467
  0
LINE
  8
0
 10
-69.1075
 20
102.467
 11
-69.4123
 21
102.688
  0
LINE
  8
0
 10
-69.4123
 20
102.688
 11
-69.6869
 21
102.946
  0
LINE
  8
0
 10
-69.6869
 20
102.946
 11
-69.927
 21
103.237
  0
LINE
  8
0
 10
-69.927
 20
103.237
 11
-70.1289
 21
103.555
  0
LINE
  8
0
 10
-70.1289
 20
103.555
 11
-70.2893
 21
103.896
  0
LINE
  8
0
 10
-70.2893
 20
103.896
 11
-70.4057
 21
104.254
  0
LINE
  8
0
 10
-70.4057
 20
104.254
 11
-70.4763
 21
104.624
  0
LINE
  8
0
 10
-70.4763
 20
104.624
 11
-70.5
 21
105
  0
LINE
  8
0
 10
-70.5
 20
105
 11
-70.4763
 21
105.376
  0
LINE
  8
0
 10
-70.4763
 20
105.376
 11
-70.4057
 21
105.746
  0
LINE
  8
0
 10
-40.4057
 20
105.746
 11
-40.2893
 21
106.104
  0
LINE
  8
0
 10
-40.2893
 20
106.104
 11
-40.1289
 21
106.445
  0
LINE
  8
0
 10
-40.1289
 20
106.445
 11
-39.927
 21
106.763
  0
LINE
  8
0
 10
-39.927
 20
106.763
 11
-39.6869
 21
107.054
  0
LINE
  8
0
 10
-39.6869
 20
107.054
 11
-39.4123
 21
107.312
  0
LINE
  8
0
 10
-39.4123
 20
107.312
 11
-39.1075
 21
107.533
  0
LINE
  8
0
 10
-39.1075
 20
107.533
 11
-38.7773
 21
107.714
  0
LINE
  8
0
 10
-38.7773
 20
107.714
 11
-38.427
 21
107.853
  0
LINE
  8
0
 10
-38.427
 20
107.853
 11
-38.0621
 21
107.947
  0
LINE
  8
0
 10
-38.0621
 20
107.947
 11
-37.6884
 21
107.994
  0
LINE
  8
0
 10
-37.6884
 20
107.994
 11
-37.3116
 21
107.994
  0
LINE
  8
0
 10
-37.3116
 20
107.994
 11
-36.9379
 21
107.947
  0
LINE
  8
0
 10
-36.9379
 20
107.947
 11
-36.5729
 21
107.853
  0
LINE
  8
0
 10
-36.5729
 20
107.853
 11
-36.2227
 21
107.714
  0
LINE
  8
0
 10
-36.2227
 20
107.714
 11
-35.8925
 21
107.533
  0
LINE
  8
0
 10
-35.8925
 20
107.533
 11
-35.5877
 21
107.312
  0
LINE
  8
0
 10
-35.5877
 20
107.312
 11
-35.3131
 21
107.054
  0
LINE
  8
0
 10
-35.3131
 20
107.054
 11
-35.0729
 21
106.763
  0
LINE
  8
0
 10
-35.0729
 20
106.763
 11
-34.8711
 21
106.445
  0
LINE
  8
0
 10
-34.8711
 20
106.445
 11
-34.7107
 21
106.104
  0
LINE
  8
0
 10
-34.7107
 20
106.104
 11
-34.5942
 21
105.746
  0
LINE
  8
0
 10
-34.5942
 20
105.746
 11
-34.5237
 21
105.376
  0
LINE
  8
0
 10
-34.5237
 20
105.376
 11
-34.5
 21
105
  0
LINE
  8
0
 10
-34.5
 20
105
 11
-34.5237
 21
104.624
  0
LINE
  8
0
 10
-34.5237
 20
104.624
 11
-34.5942
 21
104.254
  0
LINE
  8
0
 10
-34.5942
 20
104.254
 11
-34.7107
 21
103.896
  0
LINE
  8
0
 10
-34.7107
 20
103.896
 11
-34.8711
 21
103.555
  0
LINE
  8
0
 10
-34.8711
 20
103.555
 11
-35.0729
 21
103.237
  0
LINE
  8
0
 10
-35.0729
 20
103.237
 11
-35.3131
 21
102.946
  0
LINE
  8
0
 10
-35.3131
 20
102.946
 11
-35.5877
 21
102.688
  0
LINE
  8
0
 10
-35.5877
 20
102.688
 11
-35.8925
 21
102.467
  0
LINE
  8
0
 10
-35.8925
 20
102.467
 11
-36.2227
 21
102.286
  0
LINE
  8
0
 10
-36.2227
 20
102.286
 11
-36.5729
 21
102.147
  0
LINE
  8
0
 10
-36.5729
 20
102.147
 11
-36.9379
 21
102.053
  0
LINE
  8
0
 10
-36.9379
 20
102.053
 11
-37.3116
 21
102.006
  0
LINE
  8
0
 10
-37.3116
 20
102.006
 11
-37.6884
 21
102.006
  0
LINE
  8
0
 10
-37.6884
 20
102.006
 11
-38.0621
 21
102.053
  0
LINE
  8
0
 10
-38.0621
 20
102.053
 11
-38.427
 21
102.147
  0
LINE
  8
0
 10
-38.427
 20
102.147
 11
-38.7773
 21
102.286
  0
LINE
  8
0
 10
-38.7773
 20
102.286
 11
-39.1075
 21
102.467
  0
LINE
  8
0
 10
-39.1075
 20
102.467
 11
-39.4123
 21
102.688
  0
LINE
  8
0
 10
-39.4123
 20
102.688
 11
-39.6869
 21
102.946
  0
LINE
  8
0
 10
-39.6869
 20
102.946
 11
-39.927
 21
103.237
  0
LINE
  8
0
 10
-39.927
 20
103.237
 11
-40.1289
 21
103.555
  0
LINE
  8
0
 10
-40.1289
 20
103.555
 11
-40.2893
 21
103.896
  0
LINE
  8
0
 10
-40.2893
 20
103.896
 11
-40.4057
 21
104.254
  0
LINE
  8
0
 10
-40.4057
 20
104.254
 11
-40.4763
 21
104.624
  0
LINE
  8
0
 10
-40.4763
 20
104.624
 11
-40.5
 21
105
  0
LINE
  8
0
 10
-40.5
 20
105
 11
-40.4763
 21
105.376
  0
LINE
  8
0
 10
-40.4763
 20
105.376
 11
-40.4057
 21
105.746
  0
LINE
  8
0
 10
112.312
 20
102.006
 11
111.938
 21
102.053
  0
LINE
  8
0
 10
111.938
 20
102.053
 11
111.573
 21
102.147
  0
LINE
  8
0
 10
111.573
 20
102.147
 11
111.223
 21
102.286
  0
LINE
  8
0
 10
111.223
 20
102.286
 11
110.893
 21
102.467
  0
LINE
  8
0
 10
110.893
 20
102.467
 11
110.588
 21
102.688
  0
LINE
  8
0
 10
110.588
 20
102.688
 11
110.313
 21
102.946
  0
LINE
  8
0
 10
110.313
 20
102.946
 11
110.073
 21
103.237
  0
LINE
  8
0
 10
110.073
 20
103.237
 11
109.871
 21
103.555
  0
LINE
  8
0
 10
109.871
 20
103.555
 11
109.711
 21
103.896
  0
LINE
  8
0
 10
109.711
 20
103.896
 11
109.594
 21
104.254
  0
LINE
  8
0
 10
109.594
 20
104.254
 11
109.524
 21
104.624
  0
LINE
  8
0
 10
109.524
 20
104.624
 11
109.5
 21
105
  0
LINE
  8
0
 10
109.5
 20
105
 11
109.524
 21
105.376
  0
LINE
  8
0
 10
109.524
 20
105.376
 11
109.594
 21
105.746
  0
LINE
  8
0
 10
109.594
 20
105.746
 11
109.711
 21
106.104
  0
LINE
  8
0
 10
109.711
 20
106.104
 11
109.871
 21
106.445
  0
LINE
  8
0
 10
109.871
 20
106.445
 11
110.073
 21
106.763
  0
LINE
  8
0
 10
110.073
 20
106.763
 11
110.313
 21
107.054
  0
LINE
  8
0
 10
110.313
 20
107.054
 11
110.588
 21
107.312
  0
LINE
  8
0
 10
110.588
 20
107.312
 11
110.893
 21
107.533
  0
LINE
  8
0
 10
110.893
 20
107.533
 11
111.223
 21
107.714
  0
LINE
  8
0
 10
111.223
 20
107.714
 11
111.573
 21
107.853
  0
LINE
  8
0
 10
111.573
 20
107.853
 11
111.938
 21
107.947
  0
LINE
  8
0
 10
111.938
 20
107.947
 11
112.312
 21
107.994
  0
LINE
  8
0
 10
112.312
 20
107.994
 11
112.688
 21
107.994
  0
LINE
  8
0
 10
112.688
 20
107.994
 11
113.062
 21
107.947
  0
LINE
  8
0
 10
113.062
 20
107.947
 11
113.427
 21
107.853
  0
LINE
  8
0
 10
113.427
 20
107.853
 11
113.777
 21
107.714
  0
LINE
  8
0
 10
113.777
 20
107.714
 11
114.107
 21
107.533
  0
LINE
  8
0
 10
114.107
 20
107.533
 11
114.412
 21
107.312
  0
LINE
  8
0
 10
114.412
 20
107.312
 11
114.687
 21
107.054
  0
LINE
  8
0
 10
114.687
 20
107.054
 11
114.927
 21
106.763
  0
LINE
  8
0
 10
114.927
 20
106.763
 11
115.129
 21
106.445
  0
LINE
  8
0
 10
115.129
 20
106.445
 11
115.289
 21
106.104
  0
LINE
  8
0
 10
115.289
 20
106.104
 11
115.406
 21
105.746
  0
LINE
  8
0
 10
115.406
 20
105.746
 11
115.476
 21
105.376
  0
LINE
  8
0
 10
115.476
 20
105.376
 11
115.5
 21
105
  0
LINE
  8
0
 10
115.5
 20
105
 11
115.476
 21
104.624
  0
LINE
  8
0
 10
115.476
 20
104.624
 11
115.406
 21
104.254
  0
LINE
  8
0
 10
115.406
 20
104.254
 11
115.289
 21
103.896
  0
LINE
  8
0
 10
115.289
 20
103.896
 11
115.129
 21
103.555
  0
LINE
  8
0
 10
115.129
 20
103.555
 11
114.927
 21
103.237
  0
LINE
  8
0
 10
114.927
 20
103.237
 11
114.687
 21
102.946
  0
LINE
  8
0
 10
114.687
 20
102.946
 11
114.412
 21
102.688
  0
LINE
  8
0
 10
114.412
 20
102.688
 11
114.107
 21
102.467
  0
LINE
  8
0
 10
114.107
 20
102.467
 11
113.777
 21
102.286
  0
LINE
  8
0
 10
113.777
 20
102.286
 11
113.427
 21
102.147
  0
LINE
  8
0
 10
113.427
 20
102.147
 11
113.062
 21
102.053
  0
LINE
  8
0
 10
113.062
 20
102.053
 11
112.688
 21
102.006
  0
LINE
  8
0
 10
112.688
 20
102.006
 11
112.312
 21
102.006
  0
LINE
  8
0
 10
22.3116
 20
102.006
 11
21.9379
 21
102.053
  0
LINE
  8
0
 10
21.9379
 20
102.053
 11
21.5729
 21
102.147
  0
LINE
  8
0
 10
21.5729
 20
102.147
 11
21.2227
 21
102.286
  0
LINE
  8
0
 10
21.2227
 20
102.286
 11
20.8925
 21
102.467
  0
LINE
  8
0
 10
20.8925
 20
102.467
 11
20.5877
 21
102.688
  0
LINE
  8
0
 10
20.5877
 20
102.688
 11
20.3131
 21
102.946
  0
LINE
  8
0
 10
20.3131
 20
102.946
 11
20.0729
 21
103.237
  0
LINE
  8
0
 10
20.0729
 20
103.237
 11
19.8711
 21
103.555
  0
LINE
  8
0
 10
19.8711
 20
103.555
 11
19.7107
 21
103.896
  0
LINE
  8
0
 10
19.7107
 20
103.896
 11
19.5942
 21
104.254
  0
LINE
  8
0
 10
19.5942
 20
104.254
 11
19.5237
 21
104.624
  0
LINE
  8
0
 10
19.5237
 20
104.624
 11
19.5
 21
105
  0
LINE
  8
0
 10
19.5
 20
105
 11
19.5237
 21
105.376
  0
LINE
  8
0
 10
19.5237
 20
105.376
 11
19.5942
 21
105.746
  0
LINE
  8
0
 10
19.5942
 20
105.746
 11
19.7107
 21
106.104
  0
LINE
  8
0
 10
19.7107
 20
106.104
 11
19.8711
 21
106.445
  0
LINE
  8
0
 10
19.8711
 20
106.445
 11
20.0729
 21
106.763
  0
LINE
  8
0
 10
20.0729
 20
106.763
 11
20.3131
 21
107.054
  0
LINE
  8
0
 10
20.3131
 20
107.054
 11
20.5877
 21
107.312
  0
LINE
  8
0
 10
20.5877
 20
107.312
 11
20.8925
 21
107.533
  0
LINE
  8
0
 10
20.8925
 20
107.533
 11
21.2227
 21
107.714
  0
LINE
  8
0
 10
21.2227
 20
107.714
 11
21.5729
 21
107.853
  0
LINE
  8
0
 10
21.5729
 20
107.853
 11
21.9379
 21
107.947
  0
LINE
  8
0
 10
21.9379
 20
107.947
 11
22.3116
 21
107.994
  0
LINE
  8
0
 10
22.3116
 20
107.994
 11
22.6884
 21
107.994
  0
LINE
  8
0
 10
22.6884
 20
107.994
 11
23.0621
 21
107.947
  0
LINE
  8
0
 10
23.0621
 20
107.947
 11
23.427
 21
107.853
  0
LINE
  8
0
 10
23.427
 20
107.853
 11
23.7773
 21
107.714
  0
LINE
  8
0
 10
23.7773
 20
107.714
 11
24.1075
 21
107.533
  0
LINE
  8
0
 10
24.1075
 20
107.533
 11
24.4123
 21
107.312
  0
LINE
  8
0
 10
24.4123
 20
107.312
 11
24.6869
 21
107.054
  0
LINE
  8
0
 10
24.6869
 20
107.054
 11
24.927
 21
106.763
  0
LINE
  8
0
 10
24.927
 20
106.763
 11
25.1289
 21
106.445
  0
LINE
  8
0
 10
25.1289
 20
106.445
 11
25.2893
 21
106.104
  0
LINE
  8
0
 10
25.2893
 20
106.104
 11
25.4057
 21
105.746
  0
LINE
  8
0
 10
25.4057
 20
105.746
 11
25.4763
 21
105.376
  0
LINE
  8
0
 10
25.4763
 20
105.376
 11
25.5
 21
105
  0
LINE
  8
0
 10
25.5
 20
105
 11
25.4763
 21
104.624
  0
LINE
  8
0
 10
25.4763
 20
104.624
 11
25.4057
 21
104.254
  0
LINE
  8
0
 10
25.4057
 20
104.254
 11
25.2893
 21
103.896
  0
LINE
  8
0
 10
25.2893
 20
103.896
 11
25.1289
 21
103.555
  0
LINE
  8
0
 10
25.1289
 20
103.555
 11
24.927
 21
103.237
  0
LINE
  8
0
 10
24.927
 20
103.237
 11
24.6869
 21
102.946
  0
LINE
  8
0
 10
24.6869
 20
102.946
 11
24.4123
 21
102.688
  0
LINE
  8
0
 10
24.4123
 20
102.688
 11
24.1075
 21
102.467
  0
LINE
  8
0
 10
24.1075
 20
102.467
 11
23.7773
 21
102.286
  0
LINE
  8
0
 10
23.7773
 20
102.286
 11
23.427
 21
102.147
  0
LINE
  8
0
 10
23.427
 20
102.147
 11
23.0621
 21
102.053
  0
LINE
  8
0
 10
23.0621
 20
102.053
 11
22.6884
 21
102.006
  0
LINE
  8
0
 10
22.6884
 20
102.006
 11
22.3116
 21
102.006
  0
LINE
  8
0
 10
-22.6884
 20
102.006
 11
-23.0621
 21
102.053
  0
LINE
  8
0
 10
-23.0621
 20
102.053
 11
-23.427
 21
102.147
  0
LINE
  8
0
 10
-23.427
 20
102.147
 11
-23.7773
 21
102.286
  0
LINE
  8
0
 10
-23.7773
 20
102.286
 11
-24.1075
 21
102.467
  0
LINE
  8
0
 10
-24.1075
 20
102.467
 11
-24.4123
 21
102.688
  0
LINE
  8
0
 10
-24.4123
 20
102.688
 11
-24.6869
 21
102.946
  0
LINE
  8
0
 10
-24.6869
 20
102.946
 11
-24.927
 21
103.237
  0
LINE
  8
0
 10
-24.927
 20
103.237
 11
-25.1289
 21
103.555
  0
LINE
  8
0
 10
-25.1289
 20
103.555
 11
-25.2893
 21
103.896
  0
LINE
  8
0
 10
-25.2893
 20
103.896
 11
-25.4057
 21
104.254
  0
LINE
  8
0
 10
-25.4057
 20
104.254
 11
-25.4763
 21
104.624
  0
LINE
  8
0
 10
-25.4763
 20
104.624
 11
-25.5
 21
105
  0
LINE
  8
0
 10
-25.5
 20
105
 11
-25.4763
 21
105.376
  0
LINE
  8
0
 10
-25.4763
 20
105.376
 11
-25.4057
 21
105.746
  0
LINE
  8
0
 10
-25.4057
 20
105.746
 11
-25.2893
 21
106.104
  0
LINE
  8
0
 10
-25.2893
 20
106.104
 11
-25.1289
 21
106.445
  0
LINE
  8
0
 10
-25.1289
 20
106.445
 11
-24.927
 21
106.763
  0
LINE
  8
0
 10
-24.927
 20
106.763
 11
-24.6869
 21
107.054
  0
LINE
  8
0
 10
-24.6869
 20
107.054
 11
-24.4123
 21
107.312
  0
LINE
  8
0
 10
-24.4123
 20
107.312
 11
-24.1075
 21
107.533
  0
LINE
  8
0
 10
-24.1075
 20
107.533
 11
-23.7773
 21
107.714
  0
LINE
  8
0
 10
-23.7773
 20
107.714
 11
-23.427
 21
107.853
  0
LINE
  8
0
 10
-23.427
 20
107.853
 11
-23.0621
 21
107.947
  0
LINE
  8
0
 10
-23.0621
 20
107.947
 11
-22.6884
 21
107.994
  0
LINE
  8
0
 10
-22.6884
 20
107.994
 11
-22.3116
 21
107.994
  0
LINE
  8
0
 10
-22.3116
 20
107.994
 11
-21.9379
 21
107.947
  0
LINE
  8
0
 10
-21.9379
 20
107.947
 11
-21.5729
 21
107.853
  0
LINE
  8
0
 10
-21.5729
 20
107.853
 11
-21.2227
 21
107.714
  0
LINE
  8
0
 10
-21.2227
 20
107.714
 11
-20.8925
 21
107.533
  0
LINE
  8
0
 10
-20.8925
 20
107.533
 11
-20.5877
 21
107.312
  0
LINE
  8
0
 10
-20.5877
 20
107.312
 11
-20.3131
 21
107.054
  0
LINE
  8
0
 10
-20.3131
 20
107.054
 11
-20.0729
 21
106.763
  0
LINE
  8
0
 10
-20.0729
 20
106.763
 11
-19.8711
 21
106.445
  0
LINE
  8
0
 10
-19.8711
 20
106.445
 11
-19.7107
 21
106.104
  0
LINE
  8
0
 10
-19.7107
 20
106.104
 11
-19.5942
 21
105.746
  0
LINE
  8
0
 10
-19.5942
 20
105.746
 11
-19.5237
 21
105.376
  0
LINE
  8
0
 10
-19.5237
 20
105.376
 11
-19.5
 21
105
  0
LINE
  8
0
 10
-19.5
 20
105
 11
-19.5237
 21
104.624
  0
LINE
  8
0
 10
-19.5237
 20
104.624
 11
-19.5942
 21
104.254
  0
LINE
  8
0
 10
-19.5942
 20
104.254
 11
-19.7107
 21
103.896
  0
LINE
  8
0
 10
-19.7107
 20
103.896
 11
-19.8711
 21
103.555
  0
LINE
  8
0
 10
-19.8711
 20
103.555
 11
-20.0729
 21
103.237
  0
LINE
  8
0
 10
-20.0729
 20
103.237
 11
-20.3131
 21
102.946
  0
LINE
  8
0
 10
-20.3131
 20
102.946
 11
-20.5877
 21
102.688
  0
LINE
  8
0
 10
-20.5877
 20
102.688
 11
-20.8925
 21
102.467
  0
LINE
  8
0
 10
-20.8925
 20
102.467
 11
-21.2227
 21
102.286
  0
LINE
  8
0
 10
-21.2227
 20
102.286
 11
-21.5729
 21
102.147
  0
LINE
  8
0
 10
-21.5729
 20
102.147
 11
-21.9379
 21
102.053
  0
LINE
  8
0
 10
-21.9379
 20
102.053
 11
-22.3116
 21
102.006
  0
LINE
  8
0
 10
-22.3116
 20
102.006
 11
-22.6884
 21
102.006
  0
LINE
  8
0
 10
-112.688
 20
102.006
 11
-113.062
 21
102.053
  0
LINE
  8
0
 10
-113.062
 20
102.053
 11
-113.427
 21
102.147
  0
LINE
  8
0
 10
-113.427
 20
102.147
 11
-113.777
 21
102.286
  0
LINE
  8
0
 10
-113.777
 20
102.286
 11
-114.107
 21
102.467
  0
LINE
  8
0
 10
-114.107
 20
102.467
 11
-114.412
 21
102.688
  0
LINE
  8
0
 10
-114.412
 20
102.688
 11
-114.687
 21
102.946
  0
LINE
  8
0
 10
-114.687
 20
102.946
 11
-114.927
 21
103.237
  0
LINE
  8
0
 10
-114.927
 20
103.237
 11
-115.129
 21
103.555
  0
LINE
  8
0
 10
-115.129
 20
103.555
 11
-115.289
 21
103.896
  0
LINE
  8
0
 10
-115.289
 20
103.896
 11
-115.406
 21
104.254
  0
LINE
  8
0
 10
-115.406
 20
104.254
 11
-115.476
 21
104.624
  0
LINE
  8
0
 10
-115.476
 20
104.624
 11
-115.5
 21
105
  0
LINE
  8
0
 10
-115.5
 20
105
 11
-115.476
 21
105.376
  0
LINE
  8
0
 10
-115.476
 20
105.376
 11
-115.406
 21
105.746
  0
LINE
  8
0
 10
-115.406
 20
105.746
 11
-115.289
 21
106.104
  0
LINE
  8
0
 10
-115.289
 20
106.104
 11
-115.129
 21
106.445
  0
LINE
  8
0
 10
-115.129
 20
106.445
 11
-114.927
 21
106.763
  0
LINE
  8
0
 10
-114.927
 20
106.763
 11
-114.687
 21
107.054
  0
LINE
  8
0
 10
-114.687
 20
107.054
 11
-114.412
 21
107.312
  0
LINE
  8
0
 10
-114.412
 20
107.312
 11
-114.107
 21
107.533
  0
LINE
  8
0
 10
-114.107
 20
107.533
 11
-113.777
 21
107.714
  0
LINE
  8
0
 10
-113.777
 20
107.714
 11
-113.427
 21
107.853
  0
LINE
  8
0
 10
-113.427
 20
107.853
 11
-113.062
 21
107.947
  0
LINE
  8
0
 10
-113.062
 20
107.947
 11
-112.688
 21
107.994
  0
LINE
  8
0
 10
-112.688
 20
107.994
 11
-112.312
 21
107.994
  0
LINE
  8
0
 10
-112.312
 20
107.994
 11
-111.938
 21
107.947
  0
LINE
  8
0
 10
-111.938
 20
107.947
 11
-111.573
 21
107.853
  0
LINE
  8
0
 10
-111.573
 20
107.853
 11
-111.223
 21
107.714
  0
LINE
  8
0
 10
-111.223
 20
107.714
 11
-110.893
 21
107.533
  0
LINE
  8
0
 10
-110.893
 20
107.533
 11
-110.588
 21
107.312
  0
LINE
  8
0
 10
-110.588
 20
107.312
 11
-110.313
 21
107.054
  0
LINE
  8
0
 10
-110.313
 20
107.054
 11
-110.073
 21
106.763
  0
LINE
  8
0
 10
-110.073
 20
106.763
 11
-109.871
 21
106.445
  0
LINE
  8
0
 10
-109.871
 20
106.445
 11
-109.711
 21
106.104
  0
LINE
  8
0
 10
-109.711
 20
106.104
 11
-109.594
 21
105.746
  0
LINE
  8
0
 10
-109.594
 20
105.746
 11
-109.524
 21
105.376
  0
LINE
  8
0
 10
-109.524
 20
105.376
 11
-109.5
 21
105
  0
LINE
  8
0
 10
-109.5
 20
105
 11
-109.524
 21
104.624
  0
LINE
  8
0
 10
-109.524
 20
104.624
 11
-109.594
 21
104.254
  0
LINE
  8
0
 10
-109.594
 20
104.254
 11
-109.711
 21
103.896
  0
LINE
  8
0
 10
-109.711
 20
103.896
 11
-109.871
 21
103.555
  0
LINE
  8
0
 10
-109.871
 20
103.555
 11
-110.073
 21
103.237
  0
LINE
  8
0
 10
-110.073
 20
103.237
 11
-110.313
 21
102.946
  0
LINE
  8
0
 10
-110.313
 20
102.946
 11
-110.588
 21
102.688
  0
LINE
  8
0
 10
-110.588
 20
102.688
 11
-110.893
 21
102.467
  0
LINE
  8
0
 10
-110.893
 20
102.467
 11
-111.223
 21
102.286
  0
LINE
  8
0
 10
-111.223
 20
102.286
 11
-111.573
 21
102.147
  0
LINE
  8
0
 10
-111.573
 20
102.147
 11
-111.938
 21
102.053
  0
LINE
  8
0
 10
-111.938
 20
102.053
 11
-112.312
 21
102.006
  0
LINE
  8
0
 10
-112.312
 20
102.006
 11
-112.688
 21
102.006
  0
LINE
  8
0
 10
-7.68837
 20
102.006
 11
-8.06213
 21
102.053
  0
LINE
  8
0
 10
-8.06213
 20
102.053
 11
-8.42705
 21
102.147
  0
LINE
  8
0
 10
-8.42705
 20
102.147
 11
-8.77733
 21
102.286
  0
LINE
  8
0
 10
-8.77733
 20
102.286
 11
-9.10747
 21
102.467
  0
LINE
  8
0
 10
-9.10747
 20
102.467
 11
-9.41226
 21
102.688
  0
LINE
  8
0
 10
-9.41226
 20
102.688
 11
-9.6869
 21
102.946
  0
LINE
  8
0
 10
-9.6869
 20
102.946
 11
-9.92705
 21
103.237
  0
LINE
  8
0
 10
-9.92705
 20
103.237
 11
-10.1289
 21
103.555
  0
LINE
  8
0
 10
-10.1289
 20
103.555
 11
-10.2893
 21
103.896
  0
LINE
  8
0
 10
-10.2893
 20
103.896
 11
-10.4057
 21
104.254
  0
LINE
  8
0
 10
-10.4057
 20
104.254
 11
-10.4763
 21
104.624
  0
LINE
  8
0
 10
-10.4763
 20
104.624
 11
-10.5
 21
105
  0
LINE
  8
0
 10
-10.5
 20
105
 11
-10.4763
 21
105.376
  0
LINE
  8
0
 10
-10.4763
 20
105.376
 11
-10.4057
 21
105.746
  0
LINE
  8
0
 10
-10.4057
 20
105.746
 11
-10.2893
 21
106.104
  0
LINE
  8
0
 10
-10.2893
 20
106.104
 11
-10.1289
 21
106.445
  0
LINE
  8
0
 10
-10.1289
 20
106.445
 11
-9.92705
 21
106.763
  0
LINE
  8
0
 10
-9.92705
 20
106.763
 11
-9.6869
 21
107.054
  0
LINE
  8
0
 10
-9.6869
 20
107.054
 11
-9.41226
 21
107.312
  0
LINE
  8
0
 10
-9.41226
 20
107.312
 11
-9.10747
 21
107.533
  0
LINE
  8
0
 10
-9.10747
 20
107.533
 11
-8.77733
 21
107.714
  0
LINE
  8
0
 10
-8.77733
 20
107.714
 11
-8.42705
 21
107.853
  0
LINE
  8
0
 10
-8.42705
 20
107.853
 11
-8.06213
 21
107.947
  0
LINE
  8
0
 10
-8.06213
 20
107.947
 11
-7.68837
 21
107.994
  0
LINE
  8
0
 10
-7.68837
 20
107.994
 11
-7.31161
 21
107.994
  0
LINE
  8
0
 10
-7.31161
 20
107.994
 11
-6.93785
 21
107.947
  0
LINE
  8
0
 10
-6.93785
 20
107.947
 11
-6.57294
 21
107.853
  0
LINE
  8
0
 10
-6.57294
 20
107.853
 11
-6.22266
 21
107.714
  0
LINE
  8
0
 10
-6.22266
 20
107.714
 11
-5.89252
 21
107.533
  0
LINE
  8
0
 10
-5.89252
 20
107.533
 11
-5.58772
 21
107.312
  0
LINE
  8
0
 10
-5.58772
 20
107.312
 11
-5.31308
 21
107.054
  0
LINE
  8
0
 10
-5.31308
 20
107.054
 11
-5.07294
 21
106.763
  0
LINE
  8
0
 10
-5.07294
 20
106.763
 11
-4.87108
 21
106.445
  0
LINE
  8
0
 10
-4.87108
 20
106.445
 11
-4.71066
 21
106.104
  0
LINE
  8
0
 10
-4.71066
 20
106.104
 11
-4.59424
 21
105.746
  0
LINE
  8
0
 10
-4.59424
 20
105.746
 11
-4.52365
 21
105.376
  0
LINE
  8
0
 10
-4.52365
 20
105.376
 11
-4.5
 21
105
  0
LINE
  8
0
 10
-4.5
 20
105
 11
-4.52365
 21
104.624
  0
LINE
  8
0
 10
-4.52365
 20
104.624
 11
-4.59424
 21
104.254
  0
LINE
  8
0
 10
-4.59424
 20
104.254
 11
-4.71066
 21
103.896
  0
LINE
  8
0
 10
-4.71066
 20
103.896
 11
-4.87108
 21
103.555
  0
LINE
  8
0
 10
-4.87108
 20
103.555
 11
-5.07294
 21
103.237
  0
LINE
  8
0
 10
-5.07294
 20
103.237
 11
-5.31308
 21
102.946
  0
LINE
  8
0
 10
-5.31308
 20
102.946
 11
-5.58772
 21
102.688
  0
LINE
  8
0
 10
-5.58772
 20
102.688
 11
-5.89252
 21
102.467
  0
LINE
  8
0
 10
-5.89252
 20
102.467
 11
-6.22266
 21
102.286
  0
LINE
  8
0
 10
-6.22266
 20
102.286
 11
-6.57294
 21
102.147
  0
LINE
  8
0
 10
-6.57294
 20
102.147
 11
-6.93785
 21
102.053
  0
LINE
  8
0
 10
-6.93785
 20
102.053
 11
-7.31161
 21
102.006
  0
LINE
  8
0
 10
-7.31161
 20
102.006
 11
-7.68837
 21
102.006
  0
LINE
  8
0
 10
7.31161
 20
102.006
 11
6.93785
 21
102.053
  0
LINE
  8
0
 10
6.93785
 20
102.053
 11
6.57294
 21
102.147
  0
LINE
  8
0
 10
6.57294
 20
102.147
 11
6.22266
 21
102.286
  0
LINE
  8
0
 10
6.22266
 20
102.286
 11
5.89252
 21
102.467
  0
LINE
  8
0
 10
5.89252
 20
102.467
 11
5.58772
 21
102.688
  0
LINE
  8
0
 10
5.58772
 20
102.688
 11
5.31308
 21
102.946
  0
LINE
  8
0
 10
5.31308
 20
102.946
 11
5.07294
 21
103.237
  0
LINE
  8
0
 10
5.07294
 20
103.237
 11
4.87108
 21
103.555
  0
LINE
  8
0
 10
4.87108
 20
103.555
 11
4.71066
 21
103.896
  0
LINE
  8
0
 10
4.71066
 20
103.896
 11
4.59424
 21
104.254
  0
LINE
  8
0
 10
4.59424
 20
104.254
 11
4.52365
 21
104.624
  0
LINE
  8
0
 10
4.52365
 20
104.624
 11
4.5
 21
105
  0
LINE
  8
0
 10
4.5
 20
105
 11
4.52365
 21
105.376
  0
LINE
  8
0
 10
4.52365
 20
105.376
 11
4.59424
 21
105.746
  0
LINE
  8
0
 10
4.59424
 20
105.746
 11
4.71066
 21
106.104
  0
LINE
  8
0
 10
4.71066
 20
106.104
 11
4.87108
 21
106.445
  0
LINE
  8
0
 10
4.87108
 20
106.445
 11
5.07294
 21
106.763
  0
LINE
  8
0
 10
5.07294
 20
106.763
 11
5.31308
 21
107.054
  0
LINE
  8
0
 10
5.31308
 20
107.054
 11
5.58772
 21
107.312
  0
LINE
  8
0
 10
5.58772
 20
107.312
 11
5.89252
 21
107.533
  0
LINE
  8
0
 10
5.89252
 20
107.533
 11
6.22266
 21
107.714
  0
LINE
  8
0
 10
6.22266
 20
107.714
 11
6.57294
 21
107.853
  0
LINE
  8
0
 10
6.57294
 20
107.853
 11
6.93785
 21
107.947
  0
LINE
  8
0
 10
6.93785
 20
107.947
 11
7.31161
 21
107.994
  0
LINE
  8
0
 10
7.31161
 20
107.994
 11
7.68837
 21
107.994
  0
LINE
  8
0
 10
7.68837
 20
107.994
 11
8.06213
 21
107.947
  0
LINE
  8
0
 10
8.06213
 20
107.947
 11
8.42705
 21
107.853
  0
LINE
  8
0
 10
8.42705
 20
107.853
 11
8.77733
 21
107.714
  0
LINE
  8
0
 10
8.77733
 20
107.714
 11
9.10747
 21
107.533
  0
LINE
  8
0
 10
9.10747
 20
107.533
 11
9.41226
 21
107.312
  0
LINE
  8
0
 10
9.41226
 20
107.312
 11
9.6869
 21
107.054
  0
LINE
  8
0
 10
9.6869
 20
107.054
 11
9.92705
 21
106.763
  0
LINE
  8
0
 10
9.92705
 20
106.763
 11
10.1289
 21
106.445
  0
LINE
  8
0
 10
10.1289
 20
106.445
 11
10.2893
 21
106.104
  0
LINE
  8
0
 10
10.2893
 20
106.104
 11
10.4057
 21
105.746
  0
LINE
  8
0
 10
10.4057
 20
105.746
 11
10.4763
 21
105.376
  0
LINE
  8
0
 10
10.4763
 20
105.376
 11
10.5
 21
105
  0
LINE
  8
0
 10
10.5
 20
105
 11
10.4763
 21
104.624
  0
LINE
  8
0
 10
10.4763
 20
104.624
 11
10.4057
 21
104.254
  0
LINE
  8
0
 10
10.4057
 20
104.254
 11
10.2893
 21
103.896
  0
LINE
  8
0
 10
10.2893
 20
103.896
 11
10.1289
 21
103.555
  0
LINE
  8
0
 10
10.1289
 20
103.555
 11
9.92705
 21
103.237
  0
LINE
  8
0
 10
9.92705
 20
103.237
 11
9.6869
 21
102.946
  0
LINE
  8
0
 10
9.6869
 20
102.946
 11
9.41226
 21
102.688
  0
LINE
  8
0
 10
9.41226
 20
102.688
 11
9.10747
 21
102.467
  0
LINE
  8
0
 10
9.10747
 20
102.467
 11
8.77733
 21
102.286
  0
LINE
  8
0
 10
8.77733
 20
102.286
 11
8.42705
 21
102.147
  0
LINE
  8
0
 10
8.42705
 20
102.147
 11
8.06213
 21
102.053
  0
LINE
  8
0
 10
8.06213
 20
102.053
 11
7.68837
 21
102.006
  0
LINE
  8
0
 10
7.68837
 20
102.006
 11
7.31161
 21
102.006
  0
LINE
  8
0
 10
29.9058
 20
103.503
 11
29.7189
 21
103.527
  0
LINE
  8
0
 10
29.7189
 20
103.527
 11
29.5365
 21
103.573
  0
LINE
  8
0
 10
29.5365
 20
103.573
 11
29.3613
 21
103.643
  0
LINE
  8
0
 10
29.3613
 20
103.643
 11
29.1963
 21
103.734
  0
LINE
  8
0
 10
29.1963
 20
103.734
 11
29.0439
 21
103.844
  0
LINE
  8
0
 10
29.0439
 20
103.844
 11
28.9065
 21
103.973
  0
LINE
  8
0
 10
28.9065
 20
103.973
 11
28.7865
 21
104.118
  0
LINE
  8
0
 10
28.7865
 20
104.118
 11
28.6855
 21
104.277
  0
LINE
  8
0
 10
28.6855
 20
104.277
 11
28.6053
 21
104.448
  0
LINE
  8
0
 10
28.6053
 20
104.448
 11
28.5471
 21
104.627
  0
LINE
  8
0
 10
28.5471
 20
104.627
 11
28.5118
 21
104.812
  0
LINE
  8
0
 10
28.5118
 20
104.812
 11
28.5
 21
105
  0
LINE
  8
0
 10
28.5
 20
105
 11
28.5118
 21
105.188
  0
LINE
  8
0
 10
28.5118
 20
105.188
 11
28.5471
 21
105.373
  0
LINE
  8
0
 10
28.5471
 20
105.373
 11
28.6053
 21
105.552
  0
LINE
  8
0
 10
28.6053
 20
105.552
 11
28.6855
 21
105.723
  0
LINE
  8
0
 10
28.6855
 20
105.723
 11
28.7865
 21
105.882
  0
LINE
  8
0
 10
28.7865
 20
105.882
 11
28.9065
 21
106.027
  0
LINE
  8
0
 10
28.9065
 20
106.027
 11
29.0439
 21
106.156
  0
LINE
  8
0
 10
29.0439
 20
106.156
 11
29.1963
 21
106.266
  0
LINE
  8
0
 10
29.1963
 20
106.266
 11
29.3613
 21
106.357
  0
LINE
  8
0
 10
29.3613
 20
106.357
 11
29.5365
 21
106.427
  0
LINE
  8
0
 10
29.5365
 20
106.427
 11
29.7189
 21
106.473
  0
LINE
  8
0
 10
29.7189
 20
106.473
 11
29.9058
 21
106.497
  0
LINE
  8
0
 10
29.9058
 20
106.497
 11
30.0942
 21
106.497
  0
LINE
  8
0
 10
30.0942
 20
106.497
 11
30.2811
 21
106.473
  0
LINE
  8
0
 10
30.2811
 20
106.473
 11
30.4635
 21
106.427
  0
LINE
  8
0
 10
30.4635
 20
106.427
 11
30.6387
 21
106.357
  0
LINE
  8
0
 10
30.6387
 20
106.357
 11
30.8037
 21
106.266
  0
LINE
  8
0
 10
30.8037
 20
106.266
 11
30.9561
 21
106.156
  0
LINE
  8
0
 10
30.9561
 20
106.156
 11
31.0934
 21
106.027
  0
LINE
  8
0
 10
31.0934
 20
106.027
 11
31.2135
 21
105.882
  0
LINE
  8
0
 10
31.2135
 20
105.882
 11
31.3145
 21
105.723
  0
LINE
  8
0
 10
31.3145
 20
105.723
 11
31.3947
 21
105.552
  0
LINE
  8
0
 10
31.3947
 20
105.552
 11
31.4529
 21
105.373
  0
LINE
  8
0
 10
31.4529
 20
105.373
 11
31.4882
 21
105.188
  0
LINE
  8
0
 10
31.4882
 20
105.188
 11
31.5
 21
105
  0
LINE
  8
0
 10
31.5
 20
105
 11
31.4882
 21
104.812
  0
LINE
  8
0
 10
31.4882
 20
104.812
 11
31.4529
 21
104.627
  0
LINE
  8
0
 10
31.4529
 20
104.627
 11
31.3947
 21
104.448
  0
LINE
  8
0
 10
31.3947
 20
104.448
 11
31.3145
 21
104.277
  0
LINE
  8
0
 10
31.3145
 20
104.277
 11
31.2135
 21
104.118
  0
LINE
  8
0
 10
31.2135
 20
104.118
 11
31.0934
 21
103.973
  0
LINE
  8
0
 10
31.0934
 20
103.973
 11
30.9561
 21
103.844
  0
LINE
  8
0
 10
30.9561
 20
103.844
 11
30.8037
 21
103.734
  0
LINE
  8
0
 10
30.8037
 20
103.734
 11
30.6387
 21
103.643
  0
LINE
  8
0
 10
30.6387
 20
103.643
 11
30.4635
 21
103.573
  0
LINE
  8
0
 10
30.4635
 20
103.573
 11
30.2811
 21
103.527
  0
LINE
  8
0
 10
30.2811
 20
103.527
 11
30.0942
 21
103.503
  0
LINE
  8
0
 10
30.0942
 20
103.503
 11
29.9058
 21
103.503
  0
LINE
  8
0
 10
89.9058
 20
103.503
 11
89.7189
 21
103.527
  0
LINE
  8
0
 10
89.7189
 20
103.527
 11
89.5365
 21
103.573
  0
LINE
  8
0
 10
89.5365
 20
103.573
 11
89.3613
 21
103.643
  0
LINE
  8
0
 10
89.3613
 20
103.643
 11
89.1963
 21
103.734
  0
LINE
  8
0
 10
89.1963
 20
103.734
 11
89.0439
 21
103.844
  0
LINE
  8
0
 10
89.0439
 20
103.844
 11
88.9065
 21
103.973
  0
LINE
  8
0
 10
88.9065
 20
103.973
 11
88.7865
 21
104.118
  0
LINE
  8
0
 10
88.7865
 20
104.118
 11
88.6855
 21
104.277
  0
LINE
  8
0
 10
88.6855
 20
104.277
 11
88.6053
 21
104.448
  0
LINE
  8
0
 10
88.6053
 20
104.448
 11
88.5471
 21
104.627
  0
LINE
  8
0
 10
88.5471
 20
104.627
 11
88.5118
 21
104.812
  0
LINE
  8
0
 10
88.5118
 20
104.812
 11
88.5
 21
105
  0
LINE
  8
0
 10
88.5
 20
105
 11
88.5118
 21
105.188
  0
LINE
  8
0
 10
88.5118
 20
105.188
 11
88.5471
 21
105.373
  0
LINE
  8
0
 10
88.5471
 20
105.373
 11
88.6053
 21
105.552
  0
LINE
  8
0
 10
88.6053
 20
105.552
 11
88.6855
 21
105.723
  0
LINE
  8
0
 10
88.6855
 20
105.723
 11
88.7865
 21
105.882
  0
LINE
  8
0
 10
88.7865
 20
105.882
 11
88.9065
 21
106.027
  0
LINE
  8
0
 10
88.9065
 20
106.027
 11
89.0439
 21
106.156
  0
LINE
  8
0
 10
89.0439
 20
106.156
 11
89.1963
 21
106.266
  0
LINE
  8
0
 10
89.1963
 20
106.266
 11
89.3613
 21
106.357
  0
LINE
  8
0
 10
89.3613
 20
106.357
 11
89.5365
 21
106.427
  0
LINE
  8
0
 10
89.5365
 20
106.427
 11
89.7189
 21
106.473
  0
LINE
  8
0
 10
89.7189
 20
106.473
 11
89.9058
 21
106.497
  0
LINE
  8
0
 10
89.9058
 20
106.497
 11
90.0942
 21
106.497
  0
LINE
  8
0
 10
90.0942
 20
106.497
 11
90.2811
 21
106.473
  0
LINE
  8
0
 10
90.2811
 20
106.473
 11
90.4635
 21
106.427
  0
LINE
  8
0
 10
90.4635
 20
106.427
 11
90.6387
 21
106.357
  0
LINE
  8
0
 10
90.6387
 20
106.357
 11
90.8037
 21
106.266
  0
LINE
  8
0
 10
90.8037
 20
106.266
 11
90.9561
 21
106.156
  0
LINE
  8
0
 10
90.9561
 20
106.156
 11
91.0934
 21
106.027
  0
LINE
  8
0
 10
91.0934
 20
106.027
 11
91.2135
 21
105.882
  0
LINE
  8
0
 10
91.2135
 20
105.882
 11
91.3145
 21
105.723
  0
LINE
  8
0
 10
91.3145
 20
105.723
 11
91.3947
 21
105.552
  0
LINE
  8
0
 10
91.3947
 20
105.552
 11
91.4529
 21
105.373
  0
LINE
  8
0
 10
91.4529
 20
105.373
 11
91.4882
 21
105.188
  0
LINE
  8
0
 10
91.4882
 20
105.188
 11
91.5
 21
105
  0
LINE
  8
0
 10
91.5
 20
105
 11
91.4882
 21
104.812
  0
LINE
  8
0
 10
91.4882
 20
104.812
 11
91.4529
 21
104.627
  0
LINE
  8
0
 10
91.4529
 20
104.627
 11
91.3947
 21
104.448
  0
LINE
  8
0
 10
91.3947
 20
104.448
 11
91.3145
 21
104.277
  0
LINE
  8
0
 10
91.3145
 20
104.277
 11
91.2135
 21
104.118
  0
LINE
  8
0
 10
91.2135
 20
104.118
 11
91.0934
 21
103.973
  0
LINE
  8
0
 10
91.0934
 20
103.973
 11
90.9561
 21
103.844
  0
LINE
  8
0
 10
90.9561
 20
103.844
 11
90.8037
 21
103.734
  0
LINE
  8
0
 10
90.8037
 20
103.734
 11
90.6387
 21
103.643
  0
LINE
  8
0
 10
90.6387
 20
103.643
 11
90.4635
 21
103.573
  0
LINE
  8
0
 10
90.4635
 20
103.573
 11
90.2811
 21
103.527
  0
LINE
  8
0
 10
90.2811
 20
103.527
 11
90.0942
 21
103.503
  0
LINE
  8
0
 10
90.0942
 20
103.503
 11
89.9058
 21
103.503
  0
LINE
  8
0
 10
104.906
 20
103.503
 11
104.719
 21
103.527
  0
LINE
  8
0
 10
104.719
 20
103.527
 11
104.536
 21
103.573
  0
LINE
  8
0
 10
104.536
 20
103.573
 11
104.361
 21
103.643
  0
LINE
  8
0
 10
104.361
 20
103.643
 11
104.196
 21
103.734
  0
LINE
  8
0
 10
104.196
 20
103.734
 11
104.044
 21
103.844
  0
LINE
  8
0
 10
104.044
 20
103.844
 11
103.907
 21
103.973
  0
LINE
  8
0
 10
103.907
 20
103.973
 11
103.786
 21
104.118
  0
LINE
  8
0
 10
103.786
 20
104.118
 11
103.686
 21
104.277
  0
LINE
  8
0
 10
103.686
 20
104.277
 11
103.605
 21
104.448
  0
LINE
  8
0
 10
103.605
 20
104.448
 11
103.547
 21
104.627
  0
LINE
  8
0
 10
103.547
 20
104.627
 11
103.512
 21
104.812
  0
LINE
  8
0
 10
103.512
 20
104.812
 11
103.5
 21
105
  0
LINE
  8
0
 10
103.5
 20
105
 11
103.512
 21
105.188
  0
LINE
  8
0
 10
103.512
 20
105.188
 11
103.547
 21
105.373
  0
LINE
  8
0
 10
103.547
 20
105.373
 11
103.605
 21
105.552
  0
LINE
  8
0
 10
103.605
 20
105.552
 11
103.686
 21
105.723
  0
LINE
  8
0
 10
103.686
 20
105.723
 11
103.786
 21
105.882
  0
LINE
  8
0
 10
103.786
 20
105.882
 11
103.907
 21
106.027
  0
LINE
  8
0
 10
103.907
 20
106.027
 11
104.044
 21
106.156
  0
LINE
  8
0
 10
104.044
 20
106.156
 11
104.196
 21
106.266
  0
LINE
  8
0
 10
104.196
 20
106.266
 11
104.361
 21
106.357
  0
LINE
  8
0
 10
104.361
 20
106.357
 11
104.536
 21
106.427
  0
LINE
  8
0
 10
104.536
 20
106.427
 11
104.719
 21
106.473
  0
LINE
  8
0
 10
104.719
 20
106.473
 11
104.906
 21
106.497
  0
LINE
  8
0
 10
104.906
 20
106.497
 11
105.094
 21
106.497
  0
LINE
  8
0
 10
105.094
 20
106.497
 11
105.281
 21
106.473
  0
LINE
  8
0
 10
105.281
 20
106.473
 11
105.464
 21
106.427
  0
LINE
  8
0
 10
105.464
 20
106.427
 11
105.639
 21
106.357
  0
LINE
  8
0
 10
105.639
 20
106.357
 11
105.804
 21
106.266
  0
LINE
  8
0
 10
105.804
 20
106.266
 11
105.956
 21
106.156
  0
LINE
  8
0
 10
105.956
 20
106.156
 11
106.093
 21
106.027
  0
LINE
  8
0
 10
106.093
 20
106.027
 11
106.214
 21
105.882
  0
LINE
  8
0
 10
106.214
 20
105.882
 11
106.314
 21
105.723
  0
LINE
  8
0
 10
106.314
 20
105.723
 11
106.395
 21
105.552
  0
LINE
  8
0
 10
106.395
 20
105.552
 11
106.453
 21
105.373
  0
LINE
  8
0
 10
106.453
 20
105.373
 11
106.488
 21
105.188
  0
LINE
  8
0
 10
106.488
 20
105.188
 11
106.5
 21
105
  0
LINE
  8
0
 10
106.5
 20
105
 11
106.488
 21
104.812
  0
LINE
  8
0
 10
106.488
 20
104.812
 11
106.453
 21
104.627
  0
LINE
  8
0
 10
106.453
 20
104.627
 11
106.395
 21
104.448
  0
LINE
  8
0
 10
106.395
 20
104.448
 11
106.314
 21
104.277
  0
LINE
  8
0
 10
106.314
 20
104.277
 11
106.214
 21
104.118
  0
LINE
  8
0
 10
106.214
 20
104.118
 11
106.093
 21
103.973
  0
LINE
  8
0
 10
106.093
 20
103.973
 11
105.956
 21
103.844
  0
LINE
  8
0
 10
105.956
 20
103.844
 11
105.804
 21
103.734
  0
LINE
  8
0
 10
105.804
 20
103.734
 11
105.639
 21
103.643
  0
LINE
  8
0
 10
105.639
 20
103.643
 11
105.464
 21
103.573
  0
LINE
  8
0
 10
105.464
 20
103.573
 11
105.281
 21
103.527
  0
LINE
  8
0
 10
105.281
 20
103.527
 11
105.094
 21
103.503
  0
LINE
  8
0
 10
105.094
 20
103.503
 11
104.906
 21
103.503
  0
LINE
  8
0
 10
74.9058
 20
103.503
 11
74.7189
 21
103.527
  0
LINE
  8
0
 10
74.7189
 20
103.527
 11
74.5365
 21
103.573
  0
LINE
  8
0
 10
74.5365
 20
103.573
 11
74.3613
 21
103.643
  0
LINE
  8
0
 10
74.3613
 20
103.643
 11
74.1963
 21
103.734
  0
LINE
  8
0
 10
74.1963
 20
103.734
 11
74.0439
 21
103.844
  0
LINE
  8
0
 10
74.0439
 20
103.844
 11
73.9065
 21
103.973
  0
LINE
  8
0
 10
73.9065
 20
103.973
 11
73.7865
 21
104.118
  0
LINE
  8
0
 10
73.7865
 20
104.118
 11
73.6855
 21
104.277
  0
LINE
  8
0
 10
73.6855
 20
104.277
 11
73.6053
 21
104.448
  0
LINE
  8
0
 10
73.6053
 20
104.448
 11
73.5471
 21
104.627
  0
LINE
  8
0
 10
73.5471
 20
104.627
 11
73.5118
 21
104.812
  0
LINE
  8
0
 10
73.5118
 20
104.812
 11
73.5
 21
105
  0
LINE
  8
0
 10
73.5
 20
105
 11
73.5118
 21
105.188
  0
LINE
  8
0
 10
73.5118
 20
105.188
 11
73.5471
 21
105.373
  0
LINE
  8
0
 10
73.5471
 20
105.373
 11
73.6053
 21
105.552
  0
LINE
  8
0
 10
73.6053
 20
105.552
 11
73.6855
 21
105.723
  0
LINE
  8
0
 10
73.6855
 20
105.723
 11
73.7865
 21
105.882
  0
LINE
  8
0
 10
73.7865
 20
105.882
 11
73.9065
 21
106.027
  0
LINE
  8
0
 10
73.9065
 20
106.027
 11
74.0439
 21
106.156
  0
LINE
  8
0
 10
74.0439
 20
106.156
 11
74.1963
 21
106.266
  0
LINE
  8
0
 10
74.1963
 20
106.266
 11
74.3613
 21
106.357
  0
LINE
  8
0
 10
74.3613
 20
106.357
 11
74.5365
 21
106.427
  0
LINE
  8
0
 10
74.5365
 20
106.427
 11
74.7189
 21
106.473
  0
LINE
  8
0
 10
74.7189
 20
106.473
 11
74.9058
 21
106.497
  0
LINE
  8
0
 10
74.9058
 20
106.497
 11
75.0942
 21
106.497
  0
LINE
  8
0
 10
75.0942
 20
106.497
 11
75.2811
 21
106.473
  0
LINE
  8
0
 10
75.2811
 20
106.473
 11
75.4635
 21
106.427
  0
LINE
  8
0
 10
75.4635
 20
106.427
 11
75.6387
 21
106.357
  0
LINE
  8
0
 10
75.6387
 20
106.357
 11
75.8037
 21
106.266
  0
LINE
  8
0
 10
75.8037
 20
106.266
 11
75.9561
 21
106.156
  0
LINE
  8
0
 10
75.9561
 20
106.156
 11
76.0934
 21
106.027
  0
LINE
  8
0
 10
76.0934
 20
106.027
 11
76.2135
 21
105.882
  0
LINE
  8
0
 10
76.2135
 20
105.882
 11
76.3145
 21
105.723
  0
LINE
  8
0
 10
76.3145
 20
105.723
 11
76.3947
 21
105.552
  0
LINE
  8
0
 10
76.3947
 20
105.552
 11
76.4529
 21
105.373
  0
LINE
  8
0
 10
76.4529
 20
105.373
 11
76.4882
 21
105.188
  0
LINE
  8
0
 10
76.4882
 20
105.188
 11
76.5
 21
105
  0
LINE
  8
0
 10
76.5
 20
105
 11
76.4882
 21
104.812
  0
LINE
  8
0
 10
76.4882
 20
104.812
 11
76.4529
 21
104.627
  0
LINE
  8
0
 10
76.4529
 20
104.627
 11
76.3947
 21
104.448
  0
LINE
  8
0
 10
76.3947
 20
104.448
 11
76.3145
 21
104.277
  0
LINE
  8
0
 10
76.3145
 20
104.277
 11
76.2135
 21
104.118
  0
LINE
  8
0
 10
76.2135
 20
104.118
 11
76.0934
 21
103.973
  0
LINE
  8
0
 10
76.0934
 20
103.973
 11
75.9561
 21
103.844
  0
LINE
  8
0
 10
75.9561
 20
103.844
 11
75.8037
 21
103.734
  0
LINE
  8
0
 10
75.8037
 20
103.734
 11
75.6387
 21
103.643
  0
LINE
  8
0
 10
75.6387
 20
103.643
 11
75.4635
 21
103.573
  0
LINE
  8
0
 10
75.4635
 20
103.573
 11
75.2811
 21
103.527
  0
LINE
  8
0
 10
75.2811
 20
103.527
 11
75.0942
 21
103.503
  0
LINE
  8
0
 10
75.0942
 20
103.503
 11
74.9058
 21
103.503
  0
LINE
  8
0
 10
44.9058
 20
103.503
 11
44.7189
 21
103.527
  0
LINE
  8
0
 10
44.7189
 20
103.527
 11
44.5365
 21
103.573
  0
LINE
  8
0
 10
44.5365
 20
103.573
 11
44.3613
 21
103.643
  0
LINE
  8
0
 10
44.3613
 20
103.643
 11
44.1963
 21
103.734
  0
LINE
  8
0
 10
44.1963
 20
103.734
 11
44.0439
 21
103.844
  0
LINE
  8
0
 10
44.0439
 20
103.844
 11
43.9065
 21
103.973
  0
LINE
  8
0
 10
43.9065
 20
103.973
 11
43.7865
 21
104.118
  0
LINE
  8
0
 10
43.7865
 20
104.118
 11
43.6855
 21
104.277
  0
LINE
  8
0
 10
43.6855
 20
104.277
 11
43.6053
 21
104.448
  0
LINE
  8
0
 10
43.6053
 20
104.448
 11
43.5471
 21
104.627
  0
LINE
  8
0
 10
43.5471
 20
104.627
 11
43.5118
 21
104.812
  0
LINE
  8
0
 10
43.5118
 20
104.812
 11
43.5
 21
105
  0
LINE
  8
0
 10
43.5
 20
105
 11
43.5118
 21
105.188
  0
LINE
  8
0
 10
43.5118
 20
105.188
 11
43.5471
 21
105.373
  0
LINE
  8
0
 10
43.5471
 20
105.373
 11
43.6053
 21
105.552
  0
LINE
  8
0
 10
43.6053
 20
105.552
 11
43.6855
 21
105.723
  0
LINE
  8
0
 10
43.6855
 20
105.723
 11
43.7865
 21
105.882
  0
LINE
  8
0
 10
43.7865
 20
105.882
 11
43.9065
 21
106.027
  0
LINE
  8
0
 10
43.9065
 20
106.027
 11
44.0439
 21
106.156
  0
LINE
  8
0
 10
44.0439
 20
106.156
 11
44.1963
 21
106.266
  0
LINE
  8
0
 10
44.1963
 20
106.266
 11
44.3613
 21
106.357
  0
LINE
  8
0
 10
44.3613
 20
106.357
 11
44.5365
 21
106.427
  0
LINE
  8
0
 10
44.5365
 20
106.427
 11
44.7189
 21
106.473
  0
LINE
  8
0
 10
44.7189
 20
106.473
 11
44.9058
 21
106.497
  0
LINE
  8
0
 10
44.9058
 20
106.497
 11
45.0942
 21
106.497
  0
LINE
  8
0
 10
45.0942
 20
106.497
 11
45.2811
 21
106.473
  0
LINE
  8
0
 10
45.2811
 20
106.473
 11
45.4635
 21
106.427
  0
LINE
  8
0
 10
45.4635
 20
106.427
 11
45.6387
 21
106.357
  0
LINE
  8
0
 10
45.6387
 20
106.357
 11
45.8037
 21
106.266
  0
LINE
  8
0
 10
45.8037
 20
106.266
 11
45.9561
 21
106.156
  0
LINE
  8
0
 10
45.9561
 20
106.156
 11
46.0934
 21
106.027
  0
LINE
  8
0
 10
46.0934
 20
106.027
 11
46.2135
 21
105.882
  0
LINE
  8
0
 10
46.2135
 20
105.882
 11
46.3145
 21
105.723
  0
LINE
  8
0
 10
46.3145
 20
105.723
 11
46.3947
 21
105.552
  0
LINE
  8
0
 10
46.3947
 20
105.552
 11
46.4529
 21
105.373
  0
LINE
  8
0
 10
46.4529
 20
105.373
 11
46.4882
 21
105.188
  0
LINE
  8
0
 10
46.4882
 20
105.188
 11
46.5
 21
105
  0
LINE
  8
0
 10
46.5
 20
105
 11
46.4882
 21
104.812
  0
LINE
  8
0
 10
46.4882
 20
104.812
 11
46.4529
 21
104.627
  0
LINE
  8
0
 10
46.4529
 20
104.627
 11
46.3947
 21
104.448
  0
LINE
  8
0
 10
46.3947
 20
104.448
 11
46.3145
 21
104.277
  0
LINE
  8
0
 10
46.3145
 20
104.277
 11
46.2135
 21
104.118
  0
LINE
  8
0
 10
46.2135
 20
104.118
 11
46.0934
 21
103.973
  0
LINE
  8
0
 10
46.0934
 20
103.973
 11
45.9561
 21
103.844
  0
LINE
  8
0
 10
45.9561
 20
103.844
 11
45.8037
 21
103.734
  0
LINE
  8
0
 10
45.8037
 20
103.734
 11
45.6387
 21
103.643
  0
LINE
  8
0
 10
45.6387
 20
103.643
 11
45.4635
 21
103.573
  0
LINE
  8
0
 10
45.4635
 20
103.573
 11
45.2811
 21
103.527
  0
LINE
  8
0
 10
45.2811
 20
103.527
 11
45.0942
 21
103.503
  0
LINE
  8
0
 10
45.0942
 20
103.503
 11
44.9058
 21
103.503
  0
LINE
  8
0
 10
-90.0942
 20
103.503
 11
-90.2811
 21
103.527
  0
LINE
  8
0
 10
-90.2811
 20
103.527
 11
-90.4635
 21
103.573
  0
LINE
  8
0
 10
-90.4635
 20
103.573
 11
-90.6387
 21
103.643
  0
LINE
  8
0
 10
-90.6387
 20
103.643
 11
-90.8037
 21
103.734
  0
LINE
  8
0
 10
-90.8037
 20
103.734
 11
-90.9561
 21
103.844
  0
LINE
  8
0
 10
-90.9561
 20
103.844
 11
-91.0934
 21
103.973
  0
LINE
  8
0
 10
-91.0934
 20
103.973
 11
-91.2135
 21
104.118
  0
LINE
  8
0
 10
-91.2135
 20
104.118
 11
-91.3145
 21
104.277
  0
LINE
  8
0
 10
-91.3145
 20
104.277
 11
-91.3947
 21
104.448
  0
LINE
  8
0
 10
-91.3947
 20
104.448
 11
-91.4529
 21
104.627
  0
LINE
  8
0
 10
-91.4529
 20
104.627
 11
-91.4882
 21
104.812
  0
LINE
  8
0
 10
-91.4882
 20
104.812
 11
-91.5
 21
105
  0
LINE
  8
0
 10
-91.5
 20
105
 11
-91.4882
 21
105.188
  0
LINE
  8
0
 10
-91.4882
 20
105.188
 11
-91.4529
 21
105.373
  0
LINE
  8
0
 10
-91.4529
 20
105.373
 11
-91.3947
 21
105.552
  0
LINE
  8
0
 10
-91.3947
 20
105.552
 11
-91.3145
 21
105.723
  0
LINE
  8
0
 10
-91.3145
 20
105.723
 11
-91.2135
 21
105.882
  0
LINE
  8
0
 10
-91.2135
 20
105.882
 11
-91.0934
 21
106.027
  0
LINE
  8
0
 10
-91.0934
 20
106.027
 11
-90.9561
 21
106.156
  0
LINE
  8
0
 10
-90.9561
 20
106.156
 11
-90.8037
 21
106.266
  0
LINE
  8
0
 10
-90.8037
 20
106.266
 11
-90.6387
 21
106.357
  0
LINE
  8
0
 10
-90.6387
 20
106.357
 11
-90.4635
 21
106.427
  0
LINE
  8
0
 10
-90.4635
 20
106.427
 11
-90.2811
 21
106.473
  0
LINE
  8
0
 10
-90.2811
 20
106.473
 11
-90.0942
 21
106.497
  0
LINE
  8
0
 10
-90.0942
 20
106.497
 11
-89.9058
 21
106.497
  0
LINE
  8
0
 10
-89.9058
 20
106.497
 11
-89.7189
 21
106.473
  0
LINE
  8
0
 10
-89.7189
 20
106.473
 11
-89.5365
 21
106.427
  0
LINE
  8
0
 10
-89.5365
 20
106.427
 11
-89.3613
 21
106.357
  0
LINE
  8
0
 10
-89.3613
 20
106.357
 11
-89.1963
 21
106.266
  0
LINE
  8
0
 10
-89.1963
 20
106.266
 11
-89.0439
 21
106.156
  0
LINE
  8
0
 10
-89.0439
 20
106.156
 11
-88.9065
 21
106.027
  0
LINE
  8
0
 10
-88.9065
 20
106.027
 11
-88.7865
 21
105.882
  0
LINE
  8
0
 10
-88.7865
 20
105.882
 11
-88.6855
 21
105.723
  0
LINE
  8
0
 10
-88.6855
 20
105.723
 11
-88.6053
 21
105.552
  0
LINE
  8
0
 10
-88.6053
 20
105.552
 11
-88.5471
 21
105.373
  0
LINE
  8
0
 10
-88.5471
 20
105.373
 11
-88.5118
 21
105.188
  0
LINE
  8
0
 10
-88.5118
 20
105.188
 11
-88.5
 21
105
  0
LINE
  8
0
 10
-88.5
 20
105
 11
-88.5118
 21
104.812
  0
LINE
  8
0
 10
-88.5118
 20
104.812
 11
-88.5471
 21
104.627
  0
LINE
  8
0
 10
-88.5471
 20
104.627
 11
-88.6053
 21
104.448
  0
LINE
  8
0
 10
-88.6053
 20
104.448
 11
-88.6855
 21
104.277
  0
LINE
  8
0
 10
-88.6855
 20
104.277
 11
-88.7865
 21
104.118
  0
LINE
  8
0
 10
-88.7865
 20
104.118
 11
-88.9065
 21
103.973
  0
LINE
  8
0
 10
-88.9065
 20
103.973
 11
-89.0439
 21
103.844
  0
LINE
  8
0
 10
-89.0439
 20
103.844
 11
-89.1963
 21
103.734
  0
LINE
  8
0
 10
-89.1963
 20
103.734
 11
-89.3613
 21
103.643
  0
LINE
  8
0
 10
-89.3613
 20
103.643
 11
-89.5365
 21
103.573
  0
LINE
  8
0
 10
-89.5365
 20
103.573
 11
-89.7189
 21
103.527
  0
LINE
  8
0
 10
-89.7189
 20
103.527
 11
-89.9058
 21
103.503
  0
LINE
  8
0
 10
-89.9058
 20
103.503
 11
-90.0942
 21
103.503
  0
LINE
  8
0
 10
-15.0942
 20
103.503
 11
-15.2811
 21
103.527
  0
LINE
  8
0
 10
-15.2811
 20
103.527
 11
-15.4635
 21
103.573
  0
LINE
  8
0
 10
-15.4635
 20
103.573
 11
-15.6387
 21
103.643
  0
LINE
  8
0
 10
-15.6387
 20
103.643
 11
-15.8037
 21
103.734
  0
LINE
  8
0
 10
-15.8037
 20
103.734
 11
-15.9561
 21
103.844
  0
LINE
  8
0
 10
-15.9561
 20
103.844
 11
-16.0934
 21
103.973
  0
LINE
  8
0
 10
-16.0934
 20
103.973
 11
-16.2135
 21
104.118
  0
LINE
  8
0
 10
-16.2135
 20
104.118
 11
-16.3145
 21
104.277
  0
LINE
  8
0
 10
-16.3145
 20
104.277
 11
-16.3947
 21
104.448
  0
LINE
  8
0
 10
-16.3947
 20
104.448
 11
-16.4529
 21
104.627
  0
LINE
  8
0
 10
-16.4529
 20
104.627
 11
-16.4882
 21
104.812
  0
LINE
  8
0
 10
-16.4882
 20
104.812
 11
-16.5
 21
105
  0
LINE
  8
0
 10
-16.5
 20
105
 11
-16.4882
 21
105.188
  0
LINE
  8
0
 10
-16.4882
 20
105.188
 11
-16.4529
 21
105.373
  0
LINE
  8
0
 10
-16.4529
 20
105.373
 11
-16.3947
 21
105.552
  0
LINE
  8
0
 10
-16.3947
 20
105.552
 11
-16.3145
 21
105.723
  0
LINE
  8
0
 10
-16.3145
 20
105.723
 11
-16.2135
 21
105.882
  0
LINE
  8
0
 10
-16.2135
 20
105.882
 11
-16.0934
 21
106.027
  0
LINE
  8
0
 10
-16.0934
 20
106.027
 11
-15.9561
 21
106.156
  0
LINE
  8
0
 10
-15.9561
 20
106.156
 11
-15.8037
 21
106.266
  0
LINE
  8
0
 10
-15.8037
 20
106.266
 11
-15.6387
 21
106.357
  0
LINE
  8
0
 10
-15.6387
 20
106.357
 11
-15.4635
 21
106.427
  0
LINE
  8
0
 10
-15.4635
 20
106.427
 11
-15.2811
 21
106.473
  0
LINE
  8
0
 10
-15.2811
 20
106.473
 11
-15.0942
 21
106.497
  0
LINE
  8
0
 10
-15.0942
 20
106.497
 11
-14.9058
 21
106.497
  0
LINE
  8
0
 10
-14.9058
 20
106.497
 11
-14.7189
 21
106.473
  0
LINE
  8
0
 10
-14.7189
 20
106.473
 11
-14.5365
 21
106.427
  0
LINE
  8
0
 10
-14.5365
 20
106.427
 11
-14.3613
 21
106.357
  0
LINE
  8
0
 10
-14.3613
 20
106.357
 11
-14.1963
 21
106.266
  0
LINE
  8
0
 10
-14.1963
 20
106.266
 11
-14.0439
 21
106.156
  0
LINE
  8
0
 10
-14.0439
 20
106.156
 11
-13.9065
 21
106.027
  0
LINE
  8
0
 10
-13.9065
 20
106.027
 11
-13.7865
 21
105.882
  0
LINE
  8
0
 10
-13.7865
 20
105.882
 11
-13.6855
 21
105.723
  0
LINE
  8
0
 10
-13.6855
 20
105.723
 11
-13.6053
 21
105.552
  0
LINE
  8
0
 10
-13.6053
 20
105.552
 11
-13.5471
 21
105.373
  0
LINE
  8
0
 10
-13.5471
 20
105.373
 11
-13.5118
 21
105.188
  0
LINE
  8
0
 10
-13.5118
 20
105.188
 11
-13.5
 21
105
  0
LINE
  8
0
 10
-13.5
 20
105
 11
-13.5118
 21
104.812
  0
LINE
  8
0
 10
-13.5118
 20
104.812
 11
-13.5471
 21
104.627
  0
LINE
  8
0
 10
-13.5471
 20
104.627
 11
-13.6053
 21
104.448
  0
LINE
  8
0
 10
-13.6053
 20
104.448
 11
-13.6855
 21
104.277
  0
LINE
  8
0
 10
-13.6855
 20
104.277
 11
-13.7865
 21
104.118
  0
LINE
  8
0
 10
-13.7865
 20
104.118
 11
-13.9065
 21
103.973
  0
LINE
  8
0
 10
-13.9065
 20
103.973
 11
-14.0439
 21
103.844
  0
LINE
  8
0
 10
-14.0439
 20
103.844
 11
-14.1963
 21
103.734
  0
LINE
  8
0
 10
-14.1963
 20
103.734
 11
-14.3613
 21
103.643
  0
LINE
  8
0
 10
-14.3613
 20
103.643
 11
-14.5365
 21
103.573
  0
LINE
  8
0
 10
-14.5365
 20
103.573
 11
-14.7189
 21
103.527
  0
LINE
  8
0
 10
-14.7189
 20
103.527
 11
-14.9058
 21
103.503
  0
LINE
  8
0
 10
-14.9058
 20
103.503
 11
-15.0942
 21
103.503
  0
LINE
  8
0
 10
-0.0941772
 20
103.503
 11
-0.281067
 21
103.527
  0
LINE
  8
0
 10
-0.281067
 20
103.527
 11
-0.463516
 21
103.573
  0
LINE
  8
0
 10
-0.463516
 20
103.573
 11
-0.638657
 21
103.643
  0
LINE
  8
0
 10
-0.638657
 20
103.643
 11
-0.803726
 21
103.734
  0
LINE
  8
0
 10
-0.803726
 20
103.734
 11
-0.956131
 21
103.844
  0
LINE
  8
0
 10
-0.956131
 20
103.844
 11
-1.09344
 21
103.973
  0
LINE
  8
0
 10
-1.09344
 20
103.973
 11
-1.21352
 21
104.118
  0
LINE
  8
0
 10
-1.21352
 20
104.118
 11
-1.31445
 21
104.277
  0
LINE
  8
0
 10
-1.31445
 20
104.277
 11
-1.39465
 21
104.448
  0
LINE
  8
0
 10
-1.39465
 20
104.448
 11
-1.45287
 21
104.627
  0
LINE
  8
0
 10
-1.45287
 20
104.627
 11
-1.48816
 21
104.812
  0
LINE
  8
0
 10
-1.48816
 20
104.812
 11
-1.5
 21
105
  0
LINE
  8
0
 10
-1.5
 20
105
 11
-1.48816
 21
105.188
  0
LINE
  8
0
 10
-1.48816
 20
105.188
 11
-1.45287
 21
105.373
  0
LINE
  8
0
 10
-1.45287
 20
105.373
 11
-1.39465
 21
105.552
  0
LINE
  8
0
 10
-1.39465
 20
105.552
 11
-1.31445
 21
105.723
  0
LINE
  8
0
 10
-1.31445
 20
105.723
 11
-1.21352
 21
105.882
  0
LINE
  8
0
 10
-1.21352
 20
105.882
 11
-1.09344
 21
106.027
  0
LINE
  8
0
 10
-1.09344
 20
106.027
 11
-0.956131
 21
106.156
  0
LINE
  8
0
 10
-0.956131
 20
106.156
 11
-0.803726
 21
106.266
  0
LINE
  8
0
 10
-0.803726
 20
106.266
 11
-0.638657
 21
106.357
  0
LINE
  8
0
 10
-0.638657
 20
106.357
 11
-0.463516
 21
106.427
  0
LINE
  8
0
 10
-0.463516
 20
106.427
 11
-0.281067
 21
106.473
  0
LINE
  8
0
 10
-0.281067
 20
106.473
 11
-0.0941772
 21
106.497
  0
LINE
  8
0
 10
-0.0941772
 20
106.497
 11
0.0941772
 21
106.497
  0
LINE
  8
0
 10
0.0941772
 20
106.497
 11
0.281067
 21
106.473
  0
LINE
  8
0
 10
0.281067
 20
106.473
 11
0.463516
 21
106.427
  0
LINE
  8
0
 10
0.463516
 20
106.427
 11
0.638657
 21
106.357
  0
LINE
  8
0
 10
0.638657
 20
106.357
 11
0.803726
 21
106.266
  0
LINE
  8
0
 10
0.803726
 20
106.266
 11
0.956131
 21
106.156
  0
LINE
  8
0
 10
0.956131
 20
106.156
 11
1.09344
 21
106.027
  0
LINE
  8
0
 10
1.09344
 20
106.027
 11
1.21352
 21
105.882
  0
LINE
  8
0
 10
1.21352
 20
105.882
 11
1.31445
 21
105.723
  0
LINE
  8
0
 10
1.31445
 20
105.723
 11
1.39465
 21
105.552
  0
LINE
  8
0
 10
1.39465
 20
105.552
 11
1.45287
 21
105.373
  0
LINE
  8
0
 10
1.45287
 20
105.373
 11
1.48816
 21
105.188
  0
LINE
  8
0
 10
1.48816
 20
105.188
 11
1.5
 21
105
  0
LINE
  8
0
 10
1.5
 20
105
 11
1.48816
 21
104.812
  0
LINE
  8
0
 10
1.48816
 20
104.812
 11
1.45287
 21
104.627
  0
LINE
  8
0
 10
1.45287
 20
104.627
 11
1.39465
 21
104.448
  0
LINE
  8
0
 10
1.39465
 20
104.448
 11
1.31445
 21
104.277
  0
LINE
  8
0
 10
1.31445
 20
104.277
 11
1.21352
 21
104.118
  0
LINE
  8
0
 10
1.21352
 20
104.118
 11
1.09344
 21
103.973
  0
LINE
  8
0
 10
1.09344
 20
103.973
 11
0.956131
 21
103.844
  0
LINE
  8
0
 10
0.956131
 20
103.844
 11
0.803726
 21
103.734
  0
LINE
  8
0
 10
0.803726
 20
103.734
 11
0.638657
 21
103.643
  0
LINE
  8
0
 10
0.638657
 20
103.643
 11
0.463516
 21
103.573
  0
LINE
  8
0
 10
0.463516
 20
103.573
 11
0.281067
 21
103.527
  0
LINE
  8
0
 10
0.281067
 20
103.527
 11
0.0941772
 21
103.503
  0
LINE
  8
0
 10
0.0941772
 20
103.503
 11
-0.0941772
 21
103.503
  0
LINE
  8
0
 10
14.9058
 20
103.503
 11
14.7189
 21
103.527
  0
LINE
  8
0
 10
14.7189
 20
103.527
 11
14.5365
 21
103.573
  0
LINE
  8
0
 10
14.5365
 20
103.573
 11
14.3613
 21
103.643
  0
LINE
  8
0
 10
14.3613
 20
103.643
 11
14.1963
 21
103.734
  0
LINE
  8
0
 10
14.1963
 20
103.734
 11
14.0439
 21
103.844
  0
LINE
  8
0
 10
14.0439
 20
103.844
 11
13.9065
 21
103.973
  0
LINE
  8
0
 10
13.9065
 20
103.973
 11
13.7865
 21
104.118
  0
LINE
  8
0
 10
13.7865
 20
104.118
 11
13.6855
 21
104.277
  0
LINE
  8
0
 10
13.6855
 20
104.277
 11
13.6053
 21
104.448
  0
LINE
  8
0
 10
13.6053
 20
104.448
 11
13.5471
 21
104.627
  0
LINE
  8
0
 10
13.5471
 20
104.627
 11
13.5118
 21
104.812
  0
LINE
  8
0
 10
13.5118
 20
104.812
 11
13.5
 21
105
  0
LINE
  8
0
 10
13.5
 20
105
 11
13.5118
 21
105.188
  0
LINE
  8
0
 10
13.5118
 20
105.188
 11
13.5471
 21
105.373
  0
LINE
  8
0
 10
13.5471
 20
105.373
 11
13.6053
 21
105.552
  0
LINE
  8
0
 10
13.6053
 20
105.552
 11
13.6855
 21
105.723
  0
LINE
  8
0
 10
13.6855
 20
105.723
 11
13.7865
 21
105.882
  0
LINE
  8
0
 10
13.7865
 20
105.882
 11
13.9065
 21
106.027
  0
LINE
  8
0
 10
13.9065
 20
106.027
 11
14.0439
 21
106.156
  0
LINE
  8
0
 10
14.0439
 20
106.156
 11
14.1963
 21
106.266
  0
LINE
  8
0
 10
14.1963
 20
106.266
 11
14.3613
 21
106.357
  0
LINE
  8
0
 10
14.3613
 20
106.357
 11
14.5365
 21
106.427
  0
LINE
  8
0
 10
14.5365
 20
106.427
 11
14.7189
 21
106.473
  0
LINE
  8
0
 10
14.7189
 20
106.473
 11
14.9058
 21
106.497
  0
LINE
  8
0
 10
14.9058
 20
106.497
 11
15.0942
 21
106.497
  0
LINE
  8
0
 10
15.0942
 20
106.497
 11
15.2811
 21
106.473
  0
LINE
  8
0
 10
15.2811
 20
106.473
 11
15.4635
 21
106.427
  0
LINE
  8
0
 10
15.4635
 20
106.427
 11
15.6387
 21
106.357
  0
LINE
  8
0
 10
15.6387
 20
106.357
 11
15.8037
 21
106.266
  0
LINE
  8
0
 10
15.8037
 20
106.266
 11
15.9561
 21
106.156
  0
LINE
  8
0
 10
15.9561
 20
106.156
 11
16.0934
 21
106.027
  0
LINE
  8
0
 10
16.0934
 20
106.027
 11
16.2135
 21
105.882
  0
LINE
  8
0
 10
16.2135
 20
105.882
 11
16.3145
 21
105.723
  0
LINE
  8
0
 10
16.3145
 20
105.723
 11
16.3947
 21
105.552
  0
LINE
  8
0
 10
16.3947
 20
105.552
 11
16.4529
 21
105.373
  0
LINE
  8
0
 10
16.4529
 20
105.373
 11
16.4882
 21
105.188
  0
LINE
  8
0
 10
16.4882
 20
105.188
 11
16.5
 21
105
  0
LINE
  8
0
 10
16.5
 20
105
 11
16.4882
 21
104.812
  0
LINE
  8
0
 10
16.4882
 20
104.812
 11
16.4529
 21
104.627
  0
LINE
  8
0
 10
16.4529
 20
104.627
 11
16.3947
 21
104.448
  0
LINE
  8
0
 10
16.3947
 20
104.448
 11
16.3145
 21
104.277
  0
LINE
  8
0
 10
16.3145
 20
104.277
 11
16.2135
 21
104.118
  0
LINE
  8
0
 10
16.2135
 20
104.118
 11
16.0934
 21
103.973
  0
LINE
  8
0
 10
16.0934
 20
103.973
 11
15.9561
 21
103.844
  0
LINE
  8
0
 10
15.9561
 20
103.844
 11
15.8037
 21
103.734
  0
LINE
  8
0
 10
15.8037
 20
103.734
 11
15.6387
 21
103.643
  0
LINE
  8
0
 10
15.6387
 20
103.643
 11
15.4635
 21
103.573
  0
LINE
  8
0
 10
15.4635
 20
103.573
 11
15.2811
 21
103.527
  0
LINE
  8
0
 10
15.2811
 20
103.527
 11
15.0942
 21
103.503
  0
LINE
  8
0
 10
15.0942
 20
103.503
 11
14.9058
 21
103.503
  0
LINE
  8
0
 10
-30.0942
 20
103.503
 11
-30.2811
 21
103.527
  0
LINE
  8
0
 10
-30.2811
 20
103.527
 11
-30.4635
 21
103.573
  0
LINE
  8
0
 10
-30.4635
 20
103.573
 11
-30.6387
 21
103.643
  0
LINE
  8
0
 10
-30.6387
 20
103.643
 11
-30.8037
 21
103.734
  0
LINE
  8
0
 10
-30.8037
 20
103.734
 11
-30.9561
 21
103.844
  0
LINE
  8
0
 10
-30.9561
 20
103.844
 11
-31.0934
 21
103.973
  0
LINE
  8
0
 10
-31.0934
 20
103.973
 11
-31.2135
 21
104.118
  0
LINE
  8
0
 10
-31.2135
 20
104.118
 11
-31.3145
 21
104.277
  0
LINE
  8
0
 10
-31.3145
 20
104.277
 11
-31.3947
 21
104.448
  0
LINE
  8
0
 10
-31.3947
 20
104.448
 11
-31.4529
 21
104.627
  0
LINE
  8
0
 10
-31.4529
 20
104.627
 11
-31.4882
 21
104.812
  0
LINE
  8
0
 10
-31.4882
 20
104.812
 11
-31.5
 21
105
  0
LINE
  8
0
 10
-31.5
 20
105
 11
-31.4882
 21
105.188
  0
LINE
  8
0
 10
-31.4882
 20
105.188
 11
-31.4529
 21
105.373
  0
LINE
  8
0
 10
-31.4529
 20
105.373
 11
-31.3947
 21
105.552
  0
LINE
  8
0
 10
-31.3947
 20
105.552
 11
-31.3145
 21
105.723
  0
LINE
  8
0
 10
-31.3145
 20
105.723
 11
-31.2135
 21
105.882
  0
LINE
  8
0
 10
-31.2135
 20
105.882
 11
-31.0934
 21
106.027
  0
LINE
  8
0
 10
-31.0934
 20
106.027
 11
-30.9561
 21
106.156
  0
LINE
  8
0
 10
-30.9561
 20
106.156
 11
-30.8037
 21
106.266
  0
LINE
  8
0
 10
-30.8037
 20
106.266
 11
-30.6387
 21
106.357
  0
LINE
  8
0
 10
-30.6387
 20
106.357
 11
-30.4635
 21
106.427
  0
LINE
  8
0
 10
-30.4635
 20
106.427
 11
-30.2811
 21
106.473
  0
LINE
  8
0
 10
-30.2811
 20
106.473
 11
-30.0942
 21
106.497
  0
LINE
  8
0
 10
-30.0942
 20
106.497
 11
-29.9058
 21
106.497
  0
LINE
  8
0
 10
-29.9058
 20
106.497
 11
-29.7189
 21
106.473
  0
LINE
  8
0
 10
-29.7189
 20
106.473
 11
-29.5365
 21
106.427
  0
LINE
  8
0
 10
-29.5365
 20
106.427
 11
-29.3613
 21
106.357
  0
LINE
  8
0
 10
-29.3613
 20
106.357
 11
-29.1963
 21
106.266
  0
LINE
  8
0
 10
-29.1963
 20
106.266
 11
-29.0439
 21
106.156
  0
LINE
  8
0
 10
-29.0439
 20
106.156
 11
-28.9065
 21
106.027
  0
LINE
  8
0
 10
-28.9065
 20
106.027
 11
-28.7865
 21
105.882
  0
LINE
  8
0
 10
-28.7865
 20
105.882
 11
-28.6855
 21
105.723
  0
LINE
  8
0
 10
-28.6855
 20
105.723
 11
-28.6053
 21
105.552
  0
LINE
  8
0
 10
-28.6053
 20
105.552
 11
-28.5471
 21
105.373
  0
LINE
  8
0
 10
-28.5471
 20
105.373
 11
-28.5118
 21
105.188
  0
LINE
  8
0
 10
-28.5118
 20
105.188
 11
-28.5
 21
105
  0
LINE
  8
0
 10
-28.5
 20
105
 11
-28.5118
 21
104.812
  0
LINE
  8
0
 10
-28.5118
 20
104.812
 11
-28.5471
 21
104.627
  0
LINE
  8
0
 10
-28.5471
 20
104.627
 11
-28.6053
 21
104.448
  0
LINE
  8
0
 10
-28.6053
 20
104.448
 11
-28.6855
 21
104.277
  0
LINE
  8
0
 10
-28.6855
 20
104.277
 11
-28.7865
 21
104.118
  0
LINE
  8
0
 10
-28.7865
 20
104.118
 11
-28.9065
 21
103.973
  0
LINE
  8
0
 10
-28.9065
 20
103.973
 11
-29.0439
 21
103.844
  0
LINE
  8
0
 10
-29.0439
 20
103.844
 11
-29.1963
 21
103.734
  0
LINE
  8
0
 10
-29.1963
 20
103.734
 11
-29.3613
 21
103.643
  0
LINE
  8
0
 10
-29.3613
 20
103.643
 11
-29.5365
 21
103.573
  0
LINE
  8
0
 10
-29.5365
 20
103.573
 11
-29.7189
 21
103.527
  0
LINE
  8
0
 10
-29.7189
 20
103.527
 11
-29.9058
 21
103.503
  0
LINE
  8
0
 10
-29.9058
 20
103.503
 11
-30.0942
 21
103.503
  0
LINE
  8
0
 10
59.9058
 20
103.503
 11
59.7189
 21
103.527
  0
LINE
  8
0
 10
59.7189
 20
103.527
 11
59.5365
 21
103.573
  0
LINE
  8
0
 10
59.5365
 20
103.573
 11
59.3613
 21
103.643
  0
LINE
  8
0
 10
59.3613
 20
103.643
 11
59.1963
 21
103.734
  0
LINE
  8
0
 10
59.1963
 20
103.734
 11
59.0439
 21
103.844
  0
LINE
  8
0
 10
59.0439
 20
103.844
 11
58.9065
 21
103.973
  0
LINE
  8
0
 10
58.9065
 20
103.973
 11
58.7865
 21
104.118
  0
LINE
  8
0
 10
58.7865
 20
104.118
 11
58.6855
 21
104.277
  0
LINE
  8
0
 10
58.6855
 20
104.277
 11
58.6053
 21
104.448
  0
LINE
  8
0
 10
58.6053
 20
104.448
 11
58.5471
 21
104.627
  0
LINE
  8
0
 10
58.5471
 20
104.627
 11
58.5118
 21
104.812
  0
LINE
  8
0
 10
58.5118
 20
104.812
 11
58.5
 21
105
  0
LINE
  8
0
 10
58.5
 20
105
 11
58.5118
 21
105.188
  0
LINE
  8
0
 10
58.5118
 20
105.188
 11
58.5471
 21
105.373
  0
LINE
  8
0
 10
58.5471
 20
105.373
 11
58.6053
 21
105.552
  0
LINE
  8
0
 10
58.6053
 20
105.552
 11
58.6855
 21
105.723
  0
LINE
  8
0
 10
58.6855
 20
105.723
 11
58.7865
 21
105.882
  0
LINE
  8
0
 10
58.7865
 20
105.882
 11
58.9065
 21
106.027
  0
LINE
  8
0
 10
58.9065
 20
106.027
 11
59.0439
 21
106.156
  0
LINE
  8
0
 10
59.0439
 20
106.156
 11
59.1963
 21
106.266
  0
LINE
  8
0
 10
59.1963
 20
106.266
 11
59.3613
 21
106.357
  0
LINE
  8
0
 10
59.3613
 20
106.357
 11
59.5365
 21
106.427
  0
LINE
  8
0
 10
59.5365
 20
106.427
 11
59.7189
 21
106.473
  0
LINE
  8
0
 10
59.7189
 20
106.473
 11
59.9058
 21
106.497
  0
LINE
  8
0
 10
59.9058
 20
106.497
 11
60.0942
 21
106.497
  0
LINE
  8
0
 10
60.0942
 20
106.497
 11
60.2811
 21
106.473
  0
LINE
  8
0
 10
60.2811
 20
106.473
 11
60.4635
 21
106.427
  0
LINE
  8
0
 10
60.4635
 20
106.427
 11
60.6387
 21
106.357
  0
LINE
  8
0
 10
60.6387
 20
106.357
 11
60.8037
 21
106.266
  0
LINE
  8
0
 10
60.8037
 20
106.266
 11
60.9561
 21
106.156
  0
LINE
  8
0
 10
60.9561
 20
106.156
 11
61.0934
 21
106.027
  0
LINE
  8
0
 10
61.0934
 20
106.027
 11
61.2135
 21
105.882
  0
LINE
  8
0
 10
61.2135
 20
105.882
 11
61.3145
 21
105.723
  0
LINE
  8
0
 10
61.3145
 20
105.723
 11
61.3947
 21
105.552
  0
LINE
  8
0
 10
61.3947
 20
105.552
 11
61.4529
 21
105.373
  0
LINE
  8
0
 10
61.4529
 20
105.373
 11
61.4882
 21
105.188
  0
LINE
  8
0
 10
61.4882
 20
105.188
 11
61.5
 21
105
  0
LINE
  8
0
 10
61.5
 20
105
 11
61.4882
 21
104.812
  0
LINE
  8
0
 10
61.4882
 20
104.812
 11
61.4529
 21
104.627
  0
LINE
  8
0
 10
61.4529
 20
104.627
 11
61.3947
 21
104.448
  0
LINE
  8
0
 10
61.3947
 20
104.448
 11
61.3145
 21
104.277
  0
LINE
  8
0
 10
61.3145
 20
104.277
 11
61.2135
 21
104.118
  0
LINE
  8
0
 10
61.2135
 20
104.118
 11
61.0934
 21
103.973
  0
LINE
  8
0
 10
61.0934
 20
103.973
 11
60.9561
 21
103.844
  0
LINE
  8
0
 10
60.9561
 20
103.844
 11
60.8037
 21
103.734
  0
LINE
  8
0
 10
60.8037
 20
103.734
 11
60.6387
 21
103.643
  0
LINE
  8
0
 10
60.6387
 20
103.643
 11
60.4635
 21
103.573
  0
LINE
  8
0
 10
60.4635
 20
103.573
 11
60.2811
 21
103.527
  0
LINE
  8
0
 10
60.2811
 20
103.527
 11
60.0942
 21
103.503
  0
LINE
  8
0
 10
60.0942
 20
103.503
 11
59.9058
 21
103.503
  0
LINE
  8
0
 10
112.406
 20
96.003
 11
112.219
 21
96.0266
  0
LINE
  8
0
 10
112.219
 20
96.0266
 11
112.036
 21
96.0734
  0
LINE
  8
0
 10
112.036
 20
96.0734
 11
111.861
 21
96.1428
  0
LINE
  8
0
 10
111.861
 20
96.1428
 11
111.696
 21
96.2335
  0
LINE
  8
0
 10
111.696
 20
96.2335
 11
111.544
 21
96.3442
  0
LINE
  8
0
 10
111.544
 20
96.3442
 11
111.407
 21
96.4732
  0
LINE
  8
0
 10
111.407
 20
96.4732
 11
111.286
 21
96.6183
  0
LINE
  8
0
 10
111.286
 20
96.6183
 11
111.186
 21
96.7774
  0
LINE
  8
0
 10
111.186
 20
96.7774
 11
111.105
 21
96.9478
  0
LINE
  8
0
 10
111.105
 20
96.9478
 11
111.047
 21
97.127
  0
LINE
  8
0
 10
111.047
 20
97.127
 11
111.012
 21
97.312
  0
LINE
  8
0
 10
111.012
 20
97.312
 11
111
 21
97.5
  0
LINE
  8
0
 10
111
 20
97.5
 11
111.012
 21
97.688
  0
LINE
  8
0
 10
111.012
 20
97.688
 11
111.047
 21
97.873
  0
LINE
  8
0
 10
111.047
 20
97.873
 11
111.105
 21
98.0522
  0
LINE
  8
0
 10
111.105
 20
98.0522
 11
111.186
 21
98.2226
  0
LINE
  8
0
 10
111.186
 20
98.2226
 11
111.286
 21
98.3817
  0
LINE
  8
0
 10
111.286
 20
98.3817
 11
111.407
 21
98.5268
  0
LINE
  8
0
 10
111.407
 20
98.5268
 11
111.544
 21
98.6558
  0
LINE
  8
0
 10
111.544
 20
98.6558
 11
111.696
 21
98.7665
  0
LINE
  8
0
 10
111.696
 20
98.7665
 11
111.861
 21
98.8572
  0
LINE
  8
0
 10
111.861
 20
98.8572
 11
112.036
 21
98.9266
  0
LINE
  8
0
 10
112.036
 20
98.9266
 11
112.219
 21
98.9734
  0
LINE
  8
0
 10
112.219
 20
98.9734
 11
112.406
 21
98.997
  0
LINE
  8
0
 10
112.406
 20
98.997
 11
112.594
 21
98.997
  0
LINE
  8
0
 10
112.594
 20
98.997
 11
112.781
 21
98.9734
  0
LINE
  8
0
 10
112.781
 20
98.9734
 11
112.964
 21
98.9266
  0
LINE
  8
0
 10
112.964
 20
98.9266
 11
113.139
 21
98.8572
  0
LINE
  8
0
 10
113.139
 20
98.8572
 11
113.304
 21
98.7665
  0
LINE
  8
0
 10
113.304
 20
98.7665
 11
113.456
 21
98.6558
  0
LINE
  8
0
 10
113.456
 20
98.6558
 11
113.593
 21
98.5268
  0
LINE
  8
0
 10
113.593
 20
98.5268
 11
113.714
 21
98.3817
  0
LINE
  8
0
 10
113.714
 20
98.3817
 11
113.814
 21
98.2226
  0
LINE
  8
0
 10
113.814
 20
98.2226
 11
113.895
 21
98.0522
  0
LINE
  8
0
 10
113.895
 20
98.0522
 11
113.953
 21
97.873
  0
LINE
  8
0
 10
113.953
 20
97.873
 11
113.988
 21
97.688
  0
LINE
  8
0
 10
113.988
 20
97.688
 11
114
 21
97.5
  0
LINE
  8
0
 10
114
 20
97.5
 11
113.988
 21
97.312
  0
LINE
  8
0
 10
113.988
 20
97.312
 11
113.953
 21
97.127
  0
LINE
  8
0
 10
113.953
 20
97.127
 11
113.895
 21
96.9478
  0
LINE
  8
0
 10
113.895
 20
96.9478
 11
113.814
 21
96.7774
  0
LINE
  8
0
 10
113.814
 20
96.7774
 11
113.714
 21
96.6183
  0
LINE
  8
0
 10
113.714
 20
96.6183
 11
113.593
 21
96.4732
  0
LINE
  8
0
 10
113.593
 20
96.4732
 11
113.456
 21
96.3442
  0
LINE
  8
0
 10
113.456
 20
96.3442
 11
113.304
 21
96.2335
  0
LINE
  8
0
 10
113.304
 20
96.2335
 11
113.139
 21
96.1428
  0
LINE
  8
0
 10
113.139
 20
96.1428
 11
112.964
 21
96.0734
  0
LINE
  8
0
 10
112.964
 20
96.0734
 11
112.781
 21
96.0266
  0
LINE
  8
0
 10
112.781
 20
96.0266
 11
112.594
 21
96.003
  0
LINE
  8
0
 10
112.594
 20
96.003
 11
112.406
 21
96.003
  0
LINE
  8
0
 10
-112.594
 20
96.003
 11
-112.781
 21
96.0266
  0
LINE
  8
0
 10
-112.781
 20
96.0266
 11
-112.964
 21
96.0734
  0
LINE
  8
0
 10
-112.964
 20
96.0734
 11
-113.139
 21
96.1428
  0
LINE
  8
0
 10
-113.139
 20
96.1428
 11
-113.304
 21
96.2335
  0
LINE
  8
0
 10
-113.304
 20
96.2335
 11
-113.456
 21
96.3442
  0
LINE
  8
0
 10
-113.456
 20
96.3442
 11
-113.593
 21
96.4732
  0
LINE
  8
0
 10
-113.593
 20
96.4732
 11
-113.714
 21
96.6183
  0
LINE
  8
0
 10
-113.714
 20
96.6183
 11
-113.814
 21
96.7774
  0
LINE
  8
0
 10
-113.814
 20
96.7774
 11
-113.895
 21
96.9478
  0
LINE
  8
0
 10
-113.895
 20
96.9478
 11
-113.953
 21
97.127
  0
LINE
  8
0
 10
-113.953
 20
97.127
 11
-113.988
 21
97.312
  0
LINE
  8
0
 10
-113.988
 20
97.312
 11
-114
 21
97.5
  0
LINE
  8
0
 10
-114
 20
97.5
 11
-113.988
 21
97.688
  0
LINE
  8
0
 10
-113.988
 20
97.688
 11
-113.953
 21
97.873
  0
LINE
  8
0
 10
-113.953
 20
97.873
 11
-113.895
 21
98.0522
  0
LINE
  8
0
 10
-113.895
 20
98.0522
 11
-113.814
 21
98.2226
  0
LINE
  8
0
 10
-113.814
 20
98.2226
 11
-113.714
 21
98.3817
  0
LINE
  8
0
 10
-113.714
 20
98.3817
 11
-113.593
 21
98.5268
  0
LINE
  8
0
 10
-113.593
 20
98.5268
 11
-113.456
 21
98.6558
  0
LINE
  8
0
 10
-113.456
 20
98.6558
 11
-113.304
 21
98.7665
  0
LINE
  8
0
 10
-113.304
 20
98.7665
 11
-113.139
 21
98.8572
  0
LINE
  8
0
 10
-113.139
 20
98.8572
 11
-112.964
 21
98.9266
  0
LINE
  8
0
 10
-112.964
 20
98.9266
 11
-112.781
 21
98.9734
  0
LINE
  8
0
 10
-112.781
 20
98.9734
 11
-112.594
 21
98.997
  0
LINE
  8
0
 10
-112.594
 20
98.997
 11
-112.406
 21
98.997
  0
LINE
  8
0
 10
-112.406
 20
98.997
 11
-112.219
 21
98.9734
  0
LINE
  8
0
 10
-112.219
 20
98.9734
 11
-112.036
 21
98.9266
  0
LINE
  8
0
 10
-112.036
 20
98.9266
 11
-111.861
 21
98.8572
  0
LINE
  8
0
 10
-111.861
 20
98.8572
 11
-111.696
 21
98.7665
  0
LINE
  8
0
 10
-111.696
 20
98.7665
 11
-111.544
 21
98.6558
  0
LINE
  8
0
 10
-111.544
 20
98.6558
 11
-111.407
 21
98.5268
  0
LINE
  8
0
 10
-111.407
 20
98.5268
 11
-111.286
 21
98.3817
  0
LINE
  8
0
 10
-111.286
 20
98.3817
 11
-111.186
 21
98.2226
  0
LINE
  8
0
 10
-111.186
 20
98.2226
 11
-111.105
 21
98.0522
  0
LINE
  8
0
 10
-111.105
 20
98.0522
 11
-111.047
 21
97.873
  0
LINE
  8
0
 10
-111.047
 20
97.873
 11
-111.012
 21
97.688
  0
LINE
  8
0
 10
-111.012
 20
97.688
 11
-111
 21
97.5
  0
LINE
  8
0
 10
-111
 20
97.5
 11
-111.012
 21
97.312
  0
LINE
  8
0
 10
-111.012
 20
97.312
 11
-111.047
 21
97.127
  0
LINE
  8
0
 10
-111.047
 20
97.127
 11
-111.105
 21
96.9478
  0
LINE
  8
0
 10
-111.105
 20
96.9478
 11
-111.186
 21
96.7774
  0
LINE
  8
0
 10
-111.186
 20
96.7774
 11
-111.286
 21
96.6183
  0
LINE
  8
0
 10
-111.286
 20
96.6183
 11
-111.407
 21
96.4732
  0
LINE
  8
0
 10
-111.407
 20
96.4732
 11
-111.544
 21
96.3442
  0
LINE
  8
0
 10
-111.544
 20
96.3442
 11
-111.696
 21
96.2335
  0
LINE
  8
0
 10
-111.696
 20
96.2335
 11
-111.861
 21
96.1428
  0
LINE
  8
0
 10
-111.861
 20
96.1428
 11
-112.036
 21
96.0734
  0
LINE
  8
0
 10
-112.036
 20
96.0734
 11
-112.219
 21
96.0266
  0
LINE
  8
0
 10
-112.219
 20
96.0266
 11
-112.406
 21
96.003
  0
LINE
  8
0
 10
-112.406
 20
96.003
 11
-112.594
 21
96.003
  0
LINE
  8
0
 10
-112.688
 20
87.0059
 11
-113.062
 21
87.0531
  0
LINE
  8
0
 10
-113.062
 20
87.0531
 11
-113.427
 21
87.1468
  0
LINE
  8
0
 10
-113.427
 20
87.1468
 11
-113.777
 21
87.2855
  0
LINE
  8
0
 10
-113.777
 20
87.2855
 11
-114.107
 21
87.467
  0
LINE
  8
0
 10
-114.107
 20
87.467
 11
-114.412
 21
87.6885
  0
LINE
  8
0
 10
-114.412
 20
87.6885
 11
-114.687
 21
87.9464
  0
LINE
  8
0
 10
-114.687
 20
87.9464
 11
-114.927
 21
88.2366
  0
LINE
  8
0
 10
-114.927
 20
88.2366
 11
-115.129
 21
88.5547
  0
LINE
  8
0
 10
-115.129
 20
88.5547
 11
-115.289
 21
88.8956
  0
LINE
  8
0
 10
-115.289
 20
88.8956
 11
-115.406
 21
89.2539
  0
LINE
  8
0
 10
-115.406
 20
89.2539
 11
-115.476
 21
89.624
  0
LINE
  8
0
 10
-115.476
 20
89.624
 11
-115.5
 21
90
  0
LINE
  8
0
 10
-115.5
 20
90
 11
-115.476
 21
90.376
  0
LINE
  8
0
 10
-115.476
 20
90.376
 11
-115.406
 21
90.7461
  0
LINE
  8
0
 10
-115.406
 20
90.7461
 11
-115.289
 21
91.1044
  0
LINE
  8
0
 10
-115.289
 20
91.1044
 11
-115.129
 21
91.4453
  0
LINE
  8
0
 10
-115.129
 20
91.4453
 11
-114.927
 21
91.7634
  0
LINE
  8
0
 10
-114.927
 20
91.7634
 11
-114.687
 21
92.0536
  0
LINE
  8
0
 10
-114.687
 20
92.0536
 11
-114.412
 21
92.3115
  0
LINE
  8
0
 10
-114.412
 20
92.3115
 11
-114.107
 21
92.533
  0
LINE
  8
0
 10
-114.107
 20
92.533
 11
-113.777
 21
92.7145
  0
LINE
  8
0
 10
-113.777
 20
92.7145
 11
-113.427
 21
92.8532
  0
LINE
  8
0
 10
-113.427
 20
92.8532
 11
-113.062
 21
92.9469
  0
LINE
  8
0
 10
-113.062
 20
92.9469
 11
-112.688
 21
92.9941
  0
LINE
  8
0
 10
-112.688
 20
92.9941
 11
-112.312
 21
92.9941
  0
LINE
  8
0
 10
-112.312
 20
92.9941
 11
-111.938
 21
92.9469
  0
LINE
  8
0
 10
-111.938
 20
92.9469
 11
-111.573
 21
92.8532
  0
LINE
  8
0
 10
-111.573
 20
92.8532
 11
-111.223
 21
92.7145
  0
LINE
  8
0
 10
-111.223
 20
92.7145
 11
-110.893
 21
92.533
  0
LINE
  8
0
 10
-110.893
 20
92.533
 11
-110.588
 21
92.3115
  0
LINE
  8
0
 10
-110.588
 20
92.3115
 11
-110.313
 21
92.0536
  0
LINE
  8
0
 10
-110.313
 20
92.0536
 11
-110.073
 21
91.7634
  0
LINE
  8
0
 10
-110.073
 20
91.7634
 11
-109.871
 21
91.4453
  0
LINE
  8
0
 10
-109.871
 20
91.4453
 11
-109.711
 21
91.1044
  0
LINE
  8
0
 10
-109.711
 20
91.1044
 11
-109.594
 21
90.7461
  0
LINE
  8
0
 10
-109.594
 20
90.7461
 11
-109.524
 21
90.376
  0
LINE
  8
0
 10
-109.524
 20
90.376
 11
-109.5
 21
90
  0
LINE
  8
0
 10
-109.5
 20
90
 11
-109.524
 21
89.624
  0
LINE
  8
0
 10
-109.524
 20
89.624
 11
-109.594
 21
89.2539
  0
LINE
  8
0
 10
-109.594
 20
89.2539
 11
-109.711
 21
88.8956
  0
LINE
  8
0
 10
-109.711
 20
88.8956
 11
-109.871
 21
88.5547
  0
LINE
  8
0
 10
-109.871
 20
88.5547
 11
-110.073
 21
88.2366
  0
LINE
  8
0
 10
-110.073
 20
88.2366
 11
-110.313
 21
87.9464
  0
LINE
  8
0
 10
-110.313
 20
87.9464
 11
-110.588
 21
87.6885
  0
LINE
  8
0
 10
-110.588
 20
87.6885
 11
-110.893
 21
87.467
  0
LINE
  8
0
 10
-110.893
 20
87.467
 11
-111.223
 21
87.2855
  0
LINE
  8
0
 10
-111.223
 20
87.2855
 11
-111.573
 21
87.1468
  0
LINE
  8
0
 10
-111.573
 20
87.1468
 11
-111.938
 21
87.0531
  0
LINE
  8
0
 10
-111.938
 20
87.0531
 11
-112.312
 21
87.0059
  0
LINE
  8
0
 10
-112.312
 20
87.0059
 11
-112.688
 21
87.0059
  0
LINE
  8
0
 10
112.312
 20
87.0059
 11
111.938
 21
87.0531
  0
LINE
  8
0
 10
111.938
 20
87.0531
 11
111.573
 21
87.1468
  0
LINE
  8
0
 10
111.573
 20
87.1468
 11
111.223
 21
87.2855
  0
LINE
  8
0
 10
111.223
 20
87.2855
 11
110.893
 21
87.467
  0
LINE
  8
0
 10
110.893
 20
87.467
 11
110.588
 21
87.6885
  0
LINE
  8
0
 10
110.588
 20
87.6885
 11
110.313
 21
87.9464
  0
LINE
  8
0
 10
110.313
 20
87.9464
 11
110.073
 21
88.2366
  0
LINE
  8
0
 10
110.073
 20
88.2366
 11
109.871
 21
88.5547
  0
LINE
  8
0
 10
109.871
 20
88.5547
 11
109.711
 21
88.8956
  0
LINE
  8
0
 10
109.711
 20
88.8956
 11
109.594
 21
89.2539
  0
LINE
  8
0
 10
109.594
 20
89.2539
 11
109.524
 21
89.624
  0
LINE
  8
0
 10
109.524
 20
89.624
 11
109.5
 21
90
  0
LINE
  8
0
 10
109.5
 20
90
 11
109.524
 21
90.376
  0
LINE
  8
0
 10
109.524
 20
90.376
 11
109.594
 21
90.7461
  0
LINE
  8
0
 10
109.594
 20
90.7461
 11
109.711
 21
91.1044
  0
LINE
  8
0
 10
109.711
 20
91.1044
 11
109.871
 21
91.4453
  0
LINE
  8
0
 10
109.871
 20
91.4453
 11
110.073
 21
91.7634
  0
LINE
  8
0
 10
110.073
 20
91.7634
 11
110.313
 21
92.0536
  0
LINE
  8
0
 10
110.313
 20
92.0536
 11
110.588
 21
92.3115
  0
LINE
  8
0
 10
110.588
 20
92.3115
 11
110.893
 21
92.533
  0
LINE
  8
0
 10
110.893
 20
92.533
 11
111.223
 21
92.7145
  0
LINE
  8
0
 10
111.223
 20
92.7145
 11
111.573
 21
92.8532
  0
LINE
  8
0
 10
111.573
 20
92.8532
 11
111.938
 21
92.9469
  0
LINE
  8
0
 10
111.938
 20
92.9469
 11
112.312
 21
92.9941
  0
LINE
  8
0
 10
112.312
 20
92.9941
 11
112.688
 21
92.9941
  0
LINE
  8
0
 10
112.688
 20
92.9941
 11
113.062
 21
92.9469
  0
LINE
  8
0
 10
113.062
 20
92.9469
 11
113.427
 21
92.8532
  0
LINE
  8
0
 10
113.427
 20
92.8532
 11
113.777
 21
92.7145
  0
LINE
  8
0
 10
113.777
 20
92.7145
 11
114.107
 21
92.533
  0
LINE
  8
0
 10
114.107
 20
92.533
 11
114.412
 21
92.3115
  0
LINE
  8
0
 10
114.412
 20
92.3115
 11
114.687
 21
92.0536
  0
LINE
  8
0
 10
114.687
 20
92.0536
 11
114.927
 21
91.7634
  0
LINE
  8
0
 10
114.927
 20
91.7634
 11
115.129
 21
91.4453
  0
LINE
  8
0
 10
115.129
 20
91.4453
 11
115.289
 21
91.1044
  0
LINE
  8
0
 10
115.289
 20
91.1044
 11
115.406
 21
90.7461
  0
LINE
  8
0
 10
115.406
 20
90.7461
 11
115.476
 21
90.376
  0
LINE
  8
0
 10
115.476
 20
90.376
 11
115.5
 21
90
  0
LINE
  8
0
 10
115.5
 20
90
 11
115.476
 21
89.624
  0
LINE
  8
0
 10
115.476
 20
89.624
 11
115.406
 21
89.2539
  0
LINE
  8
0
 10
115.406
 20
89.2539
 11
115.289
 21
88.8956
  0
LINE
  8
0
 10
115.289
 20
88.8956
 11
115.129
 21
88.5547
  0
LINE
  8
0
 10
115.129
 20
88.5547
 11
114.927
 21
88.2366
  0
LINE
  8
0
 10
114.927
 20
88.2366
 11
114.687
 21
87.9464
  0
LINE
  8
0
 10
114.687
 20
87.9464
 11
114.412
 21
87.6885
  0
LINE
  8
0
 10
114.412
 20
87.6885
 11
114.107
 21
87.467
  0
LINE
  8
0
 10
114.107
 20
87.467
 11
113.777
 21
87.2855
  0
LINE
  8
0
 10
113.777
 20
87.2855
 11
113.427
 21
87.1468
  0
LINE
  8
0
 10
113.427
 20
87.1468
 11
113.062
 21
87.0531
  0
LINE
  8
0
 10
113.062
 20
87.0531
 11
112.688
 21
87.0059
  0
LINE
  8
0
 10
112.688
 20
87.0059
 11
112.312
 21
87.0059
  0
LINE
  8
0
 10
112.406
 20
81.003
 11
112.219
 21
81.0266
  0
LINE
  8
0
 10
112.219
 20
81.0266
 11
112.036
 21
81.0734
  0
LINE
  8
0
 10
112.036
 20
81.0734
 11
111.861
 21
81.1428
  0
LINE
  8
0
 10
111.861
 20
81.1428
 11
111.696
 21
81.2335
  0
LINE
  8
0
 10
111.696
 20
81.2335
 11
111.544
 21
81.3442
  0
LINE
  8
0
 10
111.544
 20
81.3442
 11
111.407
 21
81.4732
  0
LINE
  8
0
 10
111.407
 20
81.4732
 11
111.286
 21
81.6183
  0
LINE
  8
0
 10
111.286
 20
81.6183
 11
111.186
 21
81.7774
  0
LINE
  8
0
 10
111.186
 20
81.7774
 11
111.105
 21
81.9478
  0
LINE
  8
0
 10
111.105
 20
81.9478
 11
111.047
 21
82.127
  0
LINE
  8
0
 10
111.047
 20
82.127
 11
111.012
 21
82.312
  0
LINE
  8
0
 10
111.012
 20
82.312
 11
111
 21
82.5
  0
LINE
  8
0
 10
111
 20
82.5
 11
111.012
 21
82.688
  0
LINE
  8
0
 10
111.012
 20
82.688
 11
111.047
 21
82.873
  0
LINE
  8
0
 10
111.047
 20
82.873
 11
111.105
 21
83.0522
  0
LINE
  8
0
 10
111.105
 20
83.0522
 11
111.186
 21
83.2226
  0
LINE
  8
0
 10
111.186
 20
83.2226
 11
111.286
 21
83.3817
  0
LINE
  8
0
 10
111.286
 20
83.3817
 11
111.407
 21
83.5268
  0
LINE
  8
0
 10
111.407
 20
83.5268
 11
111.544
 21
83.6558
  0
LINE
  8
0
 10
111.544
 20
83.6558
 11
111.696
 21
83.7665
  0
LINE
  8
0
 10
111.696
 20
83.7665
 11
111.861
 21
83.8572
  0
LINE
  8
0
 10
111.861
 20
83.8572
 11
112.036
 21
83.9266
  0
LINE
  8
0
 10
112.036
 20
83.9266
 11
112.219
 21
83.9734
  0
LINE
  8
0
 10
112.219
 20
83.9734
 11
112.406
 21
83.997
  0
LINE
  8
0
 10
112.406
 20
83.997
 11
112.594
 21
83.997
  0
LINE
  8
0
 10
112.594
 20
83.997
 11
112.781
 21
83.9734
  0
LINE
  8
0
 10
112.781
 20
83.9734
 11
112.964
 21
83.9266
  0
LINE
  8
0
 10
112.964
 20
83.9266
 11
113.139
 21
83.8572
  0
LINE
  8
0
 10
113.139
 20
83.8572
 11
113.304
 21
83.7665
  0
LINE
  8
0
 10
113.304
 20
83.7665
 11
113.456
 21
83.6558
  0
LINE
  8
0
 10
113.456
 20
83.6558
 11
113.593
 21
83.5268
  0
LINE
  8
0
 10
113.593
 20
83.5268
 11
113.714
 21
83.3817
  0
LINE
  8
0
 10
113.714
 20
83.3817
 11
113.814
 21
83.2226
  0
LINE
  8
0
 10
113.814
 20
83.2226
 11
113.895
 21
83.0522
  0
LINE
  8
0
 10
113.895
 20
83.0522
 11
113.953
 21
82.873
  0
LINE
  8
0
 10
113.953
 20
82.873
 11
113.988
 21
82.688
  0
LINE
  8
0
 10
113.988
 20
82.688
 11
114
 21
82.5
  0
LINE
  8
0
 10
114
 20
82.5
 11
113.988
 21
82.312
  0
LINE
  8
0
 10
113.988
 20
82.312
 11
113.953
 21
82.127
  0
LINE
  8
0
 10
113.953
 20
82.127
 11
113.895
 21
81.9478
  0
LINE
  8
0
 10
113.895
 20
81.9478
 11
113.814
 21
81.7774
  0
LINE
  8
0
 10
113.814
 20
81.7774
 11
113.714
 21
81.6183
  0
LINE
  8
0
 10
113.714
 20
81.6183
 11
113.593
 21
81.4732
  0
LINE
  8
0
 10
113.593
 20
81.4732
 11
113.456
 21
81.3442
  0
LINE
  8
0
 10
113.456
 20
81.3442
 11
113.304
 21
81.2335
  0
LINE
  8
0
 10
113.304
 20
81.2335
 11
113.139
 21
81.1428
  0
LINE
  8
0
 10
113.139
 20
81.1428
 11
112.964
 21
81.0734
  0
LINE
  8
0
 10
112.964
 20
81.0734
 11
112.781
 21
81.0266
  0
LINE
  8
0
 10
112.781
 20
81.0266
 11
112.594
 21
81.003
  0
LINE
  8
0
 10
112.594
 20
81.003
 11
112.406
 21
81.003
  0
LINE
  8
0
 10
-112.594
 20
81.003
 11
-112.781
 21
81.0266
  0
LINE
  8
0
 10
-112.781
 20
81.0266
 11
-112.964
 21
81.0734
  0
LINE
  8
0
 10
-112.964
 20
81.0734
 11
-113.139
 21
81.1428
  0
LINE
  8
0
 10
-113.139
 20
81.1428
 11
-113.304
 21
81.2335
  0
LINE
  8
0
 10
-113.304
 20
81.2335
 11
-113.456
 21
81.3442
  0
LINE
  8
0
 10
-113.456
 20
81.3442
 11
-113.593
 21
81.4732
  0
LINE
  8
0
 10
-113.593
 20
81.4732
 11
-113.714
 21
81.6183
  0
LINE
  8
0
 10
-113.714
 20
81.6183
 11
-113.814
 21
81.7774
  0
LINE
  8
0
 10
-113.814
 20
81.7774
 11
-113.895
 21
81.9478
  0
LINE
  8
0
 10
-113.895
 20
81.9478
 11
-113.953
 21
82.127
  0
LINE
  8
0
 10
-113.953
 20
82.127
 11
-113.988
 21
82.312
  0
LINE
  8
0
 10
-113.988
 20
82.312
 11
-114
 21
82.5
  0
LINE
  8
0
 10
-114
 20
82.5
 11
-113.988
 21
82.688
  0
LINE
  8
0
 10
-113.988
 20
82.688
 11
-113.953
 21
82.873
  0
LINE
  8
0
 10
-113.953
 20
82.873
 11
-113.895
 21
83.0522
  0
LINE
  8
0
 10
-113.895
 20
83.0522
 11
-113.814
 21
83.2226
  0
LINE
  8
0
 10
-113.814
 20
83.2226
 11
-113.714
 21
83.3817
  0
LINE
  8
0
 10
-113.714
 20
83.3817
 11
-113.593
 21
83.5268
  0
LINE
  8
0
 10
-113.593
 20
83.5268
 11
-113.456
 21
83.6558
  0
LINE
  8
0
 10
-113.456
 20
83.6558
 11
-113.304
 21
83.7665
  0
LINE
  8
0
 10
-113.304
 20
83.7665
 11
-113.139
 21
83.8572
  0
LINE
  8
0
 10
-113.139
 20
83.8572
 11
-112.964
 21
83.9266
  0
LINE
  8
0
 10
-112.964
 20
83.9266
 11
-112.781
 21
83.9734
  0
LINE
  8
0
 10
-112.781
 20
83.9734
 11
-112.594
 21
83.997
  0
LINE
  8
0
 10
-112.594
 20
83.997
 11
-112.406
 21
83.997
  0
LINE
  8
0
 10
-112.406
 20
83.997
 11
-112.219
 21
83.9734
  0
LINE
  8
0
 10
-112.219
 20
83.9734
 11
-112.036
 21
83.9266
  0
LINE
  8
0
 10
-112.036
 20
83.9266
 11
-111.861
 21
83.8572
  0
LINE
  8
0
 10
-111.861
 20
83.8572
 11
-111.696
 21
83.7665
  0
LINE
  8
0
 10
-111.696
 20
83.7665
 11
-111.544
 21
83.6558
  0
LINE
  8
0
 10
-111.544
 20
83.6558
 11
-111.407
 21
83.5268
  0
LINE
  8
0
 10
-111.407
 20
83.5268
 11
-111.286
 21
83.3817
  0
LINE
  8
0
 10
-111.286
 20
83.3817
 11
-111.186
 21
83.2226
  0
LINE
  8
0
 10
-111.186
 20
83.2226
 11
-111.105
 21
83.0522
  0
LINE
  8
0
 10
-111.105
 20
83.0522
 11
-111.047
 21
82.873
  0
LINE
  8
0
 10
-111.047
 20
82.873
 11
-111.012
 21
82.688
  0
LINE
  8
0
 10
-111.012
 20
82.688
 11
-111
 21
82.5
  0
LINE
  8
0
 10
-111
 20
82.5
 11
-111.012
 21
82.312
  0
LINE
  8
0
 10
-111.012
 20
82.312
 11
-111.047
 21
82.127
  0
LINE
  8
0
 10
-111.047
 20
82.127
 11
-111.105
 21
81.9478
  0
LINE
  8
0
 10
-111.105
 20
81.9478
 11
-111.186
 21
81.7774
  0
LINE
  8
0
 10
-111.186
 20
81.7774
 11
-111.286
 21
81.6183
  0
LINE
  8
0
 10
-111.286
 20
81.6183
 11
-111.407
 21
81.4732
  0
LINE
  8
0
 10
-111.407
 20
81.4732
 11
-111.544
 21
81.3442
  0
LINE
  8
0
 10
-111.544
 20
81.3442
 11
-111.696
 21
81.2335
  0
LINE
  8
0
 10
-111.696
 20
81.2335
 11
-111.861
 21
81.1428
  0
LINE
  8
0
 10
-111.861
 20
81.1428
 11
-112.036
 21
81.0734
  0
LINE
  8
0
 10
-112.036
 20
81.0734
 11
-112.219
 21
81.0266
  0
LINE
  8
0
 10
-112.219
 20
81.0266
 11
-112.406
 21
81.003
  0
LINE
  8
0
 10
-112.406
 20
81.003
 11
-112.594
 21
81.003
  0
LINE
  8
0
 10
112.312
 20
72.0059
 11
111.938
 21
72.0531
  0
LINE
  8
0
 10
111.938
 20
72.0531
 11
111.573
 21
72.1468
  0
LINE
  8
0
 10
111.573
 20
72.1468
 11
111.223
 21
72.2855
  0
LINE
  8
0
 10
111.223
 20
72.2855
 11
110.893
 21
72.467
  0
LINE
  8
0
 10
110.893
 20
72.467
 11
110.588
 21
72.6885
  0
LINE
  8
0
 10
110.588
 20
72.6885
 11
110.313
 21
72.9464
  0
LINE
  8
0
 10
110.313
 20
72.9464
 11
110.073
 21
73.2366
  0
LINE
  8
0
 10
110.073
 20
73.2366
 11
109.871
 21
73.5547
  0
LINE
  8
0
 10
109.871
 20
73.5547
 11
109.711
 21
73.8956
  0
LINE
  8
0
 10
109.711
 20
73.8956
 11
109.594
 21
74.2539
  0
LINE
  8
0
 10
109.594
 20
74.2539
 11
109.524
 21
74.624
  0
LINE
  8
0
 10
109.524
 20
74.624
 11
109.5
 21
75
  0
LINE
  8
0
 10
109.5
 20
75
 11
109.524
 21
75.376
  0
LINE
  8
0
 10
109.524
 20
75.376
 11
109.594
 21
75.7461
  0
LINE
  8
0
 10
109.594
 20
75.7461
 11
109.711
 21
76.1044
  0
LINE
  8
0
 10
109.711
 20
76.1044
 11
109.871
 21
76.4453
  0
LINE
  8
0
 10
109.871
 20
76.4453
 11
110.073
 21
76.7634
  0
LINE
  8
0
 10
110.073
 20
76.7634
 11
110.313
 21
77.0536
  0
LINE
  8
0
 10
110.313
 20
77.0536
 11
110.588
 21
77.3115
  0
LINE
  8
0
 10
110.588
 20
77.3115
 11
110.893
 21
77.533
  0
LINE
  8
0
 10
110.893
 20
77.533
 11
111.223
 21
77.7145
  0
LINE
  8
0
 10
111.223
 20
77.7145
 11
111.573
 21
77.8532
  0
LINE
  8
0
 10
111.573
 20
77.8532
 11
111.938
 21
77.9469
  0
LINE
  8
0
 10
111.938
 20
77.9469
 11
112.312
 21
77.9941
  0
LINE
  8
0
 10
112.312
 20
77.9941
 11
112.688
 21
77.9941
  0
LINE
  8
0
 10
112.688
 20
77.9941
 11
113.062
 21
77.9469
  0
LINE
  8
0
 10
113.062
 20
77.9469
 11
113.427
 21
77.8532
  0
LINE
  8
0
 10
113.427
 20
77.8532
 11
113.777
 21
77.7145
  0
LINE
  8
0
 10
113.777
 20
77.7145
 11
114.107
 21
77.533
  0
LINE
  8
0
 10
114.107
 20
77.533
 11
114.412
 21
77.3115
  0
LINE
  8
0
 10
114.412
 20
77.3115
 11
114.687
 21
77.0536
  0
LINE
  8
0
 10
114.687
 20
77.0536
 11
114.927
 21
76.7634
  0
LINE
  8
0
 10
114.927
 20
76.7634
 11
115.129
 21
76.4453
  0
LINE
  8
0
 10
115.129
 20
76.4453
 11
115.289
 21
76.1044
  0
LINE
  8
0
 10
115.289
 20
76.1044
 11
115.406
 21
75.7461
  0
LINE
  8
0
 10
115.406
 20
75.7461
 11
115.476
 21
75.376
  0
LINE
  8
0
 10
115.476
 20
75.376
 11
115.5
 21
75
  0
LINE
  8
0
 10
115.5
 20
75
 11
115.476
 21
74.624
  0
LINE
  8
0
 10
115.476
 20
74.624
 11
115.406
 21
74.2539
  0
LINE
  8
0
 10
115.406
 20
74.2539
 11
115.289
 21
73.8956
  0
LINE
  8
0
 10
115.289
 20
73.8956
 11
115.129
 21
73.5547
  0
LINE
  8
0
 10
115.129
 20
73.5547
 11
114.927
 21
73.2366
  0
LINE
  8
0
 10
114.927
 20
73.2366
 11
114.687
 21
72.9464
  0
LINE
  8
0
 10
114.687
 20
72.9464
 11
114.412
 21
72.6885
  0
LINE
  8
0
 10
114.412
 20
72.6885
 11
114.107
 21
72.467
  0
LINE
  8
0
 10
114.107
 20
72.467
 11
113.777
 21
72.2855
  0
LINE
  8
0
 10
113.777
 20
72.2855
 11
113.427
 21
72.1468
  0
LINE
  8
0
 10
113.427
 20
72.1468
 11
113.062
 21
72.0531
  0
LINE
  8
0
 10
113.062
 20
72.0531
 11
112.688
 21
72.0059
  0
LINE
  8
0
 10
112.688
 20
72.0059
 11
112.312
 21
72.0059
  0
LINE
  8
0
 10
-112.688
 20
72.0059
 11
-113.062
 21
72.0531
  0
LINE
  8
0
 10
-113.062
 20
72.0531
 11
-113.427
 21
72.1468
  0
LINE
  8
0
 10
-113.427
 20
72.1468
 11
-113.777
 21
72.2855
  0
LINE
  8
0
 10
-113.777
 20
72.2855
 11
-114.107
 21
72.467
  0
LINE
  8
0
 10
-114.107
 20
72.467
 11
-114.412
 21
72.6885
  0
LINE
  8
0
 10
-114.412
 20
72.6885
 11
-114.687
 21
72.9464
  0
LINE
  8
0
 10
-114.687
 20
72.9464
 11
-114.927
 21
73.2366
  0
LINE
  8
0
 10
-114.927
 20
73.2366
 11
-115.129
 21
73.5547
  0
LINE
  8
0
 10
-115.129
 20
73.5547
 11
-115.289
 21
73.8956
  0
LINE
  8
0
 10
-115.289
 20
73.8956
 11
-115.406
 21
74.2539
  0
LINE
  8
0
 10
-115.406
 20
74.2539
 11
-115.476
 21
74.624
  0
LINE
  8
0
 10
-115.476
 20
74.624
 11
-115.5
 21
75
  0
LINE
  8
0
 10
-115.5
 20
75
 11
-115.476
 21
75.376
  0
LINE
  8
0
 10
-115.476
 20
75.376
 11
-115.406
 21
75.7461
  0
LINE
  8
0
 10
-115.406
 20
75.7461
 11
-115.289
 21
76.1044
  0
LINE
  8
0
 10
-115.289
 20
76.1044
 11
-115.129
 21
76.4453
  0
LINE
  8
0
 10
-115.129
 20
76.4453
 11
-114.927
 21
76.7634
  0
LINE
  8
0
 10
-114.927
 20
76.7634
 11
-114.687
 21
77.0536
  0
LINE
  8
0
 10
-114.687
 20
77.0536
 11
-114.412
 21
77.3115
  0
LINE
  8
0
 10
-114.412
 20
77.3115
 11
-114.107
 21
77.533
  0
LINE
  8
0
 10
-114.107
 20
77.533
 11
-113.777
 21
77.7145
  0
LINE
  8
0
 10
-113.777
 20
77.7145
 11
-113.427
 21
77.8532
  0
LINE
  8
0
 10
-113.427
 20
77.8532
 11
-113.062
 21
77.9469
  0
LINE
  8
0
 10
-113.062
 20
77.9469
 11
-112.688
 21
77.9941
  0
LINE
  8
0
 10
-112.688
 20
77.9941
 11
-112.312
 21
77.9941
  0
LINE
  8
0
 10
-112.312
 20
77.9941
 11
-111.938
 21
77.9469
  0
LINE
  8
0
 10
-111.938
 20
77.9469
 11
-111.573
 21
77.8532
  0
LINE
  8
0
 10
-111.573
 20
77.8532
 11
-111.223
 21
77.7145
  0
LINE
  8
0
 10
-111.223
 20
77.7145
 11
-110.893
 21
77.533
  0
LINE
  8
0
 10
-110.893
 20
77.533
 11
-110.588
 21
77.3115
  0
LINE
  8
0
 10
-110.588
 20
77.3115
 11
-110.313
 21
77.0536
  0
LINE
  8
0
 10
-110.313
 20
77.0536
 11
-110.073
 21
76.7634
  0
LINE
  8
0
 10
-110.073
 20
76.7634
 11
-109.871
 21
76.4453
  0
LINE
  8
0
 10
-109.871
 20
76.4453
 11
-109.711
 21
76.1044
  0
LINE
  8
0
 10
-109.711
 20
76.1044
 11
-109.594
 21
75.7461
  0
LINE
  8
0
 10
-109.594
 20
75.7461
 11
-109.524
 21
75.376
  0
LINE
  8
0
 10
-109.524
 20
75.376
 11
-109.5
 21
75
  0
LINE
  8
0
 10
-109.5
 20
75
 11
-109.524
 21
74.624
  0
LINE
  8
0
 10
-109.524
 20
74.624
 11
-109.594
 21
74.2539
  0
LINE
  8
0
 10
-109.594
 20
74.2539
 11
-109.711
 21
73.8956
  0
LINE
  8
0
 10
-109.711
 20
73.8956
 11
-109.871
 21
73.5547
  0
LINE
  8
0
 10
-109.871
 20
73.5547
 11
-110.073
 21
73.2366
  0
LINE
  8
0
 10
-110.073
 20
73.2366
 11
-110.313
 21
72.9464
  0
LINE
  8
0
 10
-110.313
 20
72.9464
 11
-110.588
 21
72.6885
  0
LINE
  8
0
 10
-110.588
 20
72.6885
 11
-110.893
 21
72.467
  0
LINE
  8
0
 10
-110.893
 20
72.467
 11
-111.223
 21
72.2855
  0
LINE
  8
0
 10
-111.223
 20
72.2855
 11
-111.573
 21
72.1468
  0
LINE
  8
0
 10
-111.573
 20
72.1468
 11
-111.938
 21
72.0531
  0
LINE
  8
0
 10
-111.938
 20
72.0531
 11
-112.312
 21
72.0059
  0
LINE
  8
0
 10
-112.312
 20
72.0059
 11
-112.688
 21
72.0059
  0
LINE
  8
0
 10
-112.594
 20
66.003
 11
-112.781
 21
66.0266
  0
LINE
  8
0
 10
-112.781
 20
66.0266
 11
-112.964
 21
66.0734
  0
LINE
  8
0
 10
-112.964
 20
66.0734
 11
-113.139
 21
66.1428
  0
LINE
  8
0
 10
-113.139
 20
66.1428
 11
-113.304
 21
66.2335
  0
LINE
  8
0
 10
-113.304
 20
66.2335
 11
-113.456
 21
66.3442
  0
LINE
  8
0
 10
-113.456
 20
66.3442
 11
-113.593
 21
66.4732
  0
LINE
  8
0
 10
-113.593
 20
66.4732
 11
-113.714
 21
66.6183
  0
LINE
  8
0
 10
-113.714
 20
66.6183
 11
-113.814
 21
66.7774
  0
LINE
  8
0
 10
-113.814
 20
66.7774
 11
-113.895
 21
66.9478
  0
LINE
  8
0
 10
-113.895
 20
66.9478
 11
-113.953
 21
67.127
  0
LINE
  8
0
 10
-113.953
 20
67.127
 11
-113.988
 21
67.312
  0
LINE
  8
0
 10
-113.988
 20
67.312
 11
-114
 21
67.5
  0
LINE
  8
0
 10
-114
 20
67.5
 11
-113.988
 21
67.688
  0
LINE
  8
0
 10
-113.988
 20
67.688
 11
-113.953
 21
67.873
  0
LINE
  8
0
 10
-113.953
 20
67.873
 11
-113.895
 21
68.0522
  0
LINE
  8
0
 10
-113.895
 20
68.0522
 11
-113.814
 21
68.2226
  0
LINE
  8
0
 10
-113.814
 20
68.2226
 11
-113.714
 21
68.3817
  0
LINE
  8
0
 10
-113.714
 20
68.3817
 11
-113.593
 21
68.5268
  0
LINE
  8
0
 10
-113.593
 20
68.5268
 11
-113.456
 21
68.6558
  0
LINE
  8
0
 10
-113.456
 20
68.6558
 11
-113.304
 21
68.7665
  0
LINE
  8
0
 10
-113.304
 20
68.7665
 11
-113.139
 21
68.8572
  0
LINE
  8
0
 10
-113.139
 20
68.8572
 11
-112.964
 21
68.9266
  0
LINE
  8
0
 10
-112.964
 20
68.9266
 11
-112.781
 21
68.9734
  0
LINE
  8
0
 10
-112.781
 20
68.9734
 11
-112.594
 21
68.997
  0
LINE
  8
0
 10
-112.594
 20
68.997
 11
-112.406
 21
68.997
  0
LINE
  8
0
 10
-112.406
 20
68.997
 11
-112.219
 21
68.9734
  0
LINE
  8
0
 10
-112.219
 20
68.9734
 11
-112.036
 21
68.9266
  0
LINE
  8
0
 10
-112.036
 20
68.9266
 11
-111.861
 21
68.8572
  0
LINE
  8
0
 10
-111.861
 20
68.8572
 11
-111.696
 21
68.7665
  0
LINE
  8
0
 10
-111.696
 20
68.7665
 11
-111.544
 21
68.6558
  0
LINE
  8
0
 10
-111.544
 20
68.6558
 11
-111.407
 21
68.5268
  0
LINE
  8
0
 10
-111.407
 20
68.5268
 11
-111.286
 21
68.3817
  0
LINE
  8
0
 10
-111.286
 20
68.3817
 11
-111.186
 21
68.2226
  0
LINE
  8
0
 10
-111.186
 20
68.2226
 11
-111.105
 21
68.0522
  0
LINE
  8
0
 10
-111.105
 20
68.0522
 11
-111.047
 21
67.873
  0
LINE
  8
0
 10
-111.047
 20
67.873
 11
-111.012
 21
67.688
  0
LINE
  8
0
 10
-111.012
 20
67.688
 11
-111
 21
67.5
  0
LINE
  8
0
 10
-111
 20
67.5
 11
-111.012
 21
67.312
  0
LINE
  8
0
 10
-111.012
 20
67.312
 11
-111.047
 21
67.127
  0
LINE
  8
0
 10
-111.047
 20
67.127
 11
-111.105
 21
66.9478
  0
LINE
  8
0
 10
-111.105
 20
66.9478
 11
-111.186
 21
66.7774
  0
LINE
  8
0
 10
-111.186
 20
66.7774
 11
-111.286
 21
66.6183
  0
LINE
  8
0
 10
-111.286
 20
66.6183
 11
-111.407
 21
66.4732
  0
LINE
  8
0
 10
-111.407
 20
66.4732
 11
-111.544
 21
66.3442
  0
LINE
  8
0
 10
-111.544
 20
66.3442
 11
-111.696
 21
66.2335
  0
LINE
  8
0
 10
-111.696
 20
66.2335
 11
-111.861
 21
66.1428
  0
LINE
  8
0
 10
-111.861
 20
66.1428
 11
-112.036
 21
66.0734
  0
LINE
  8
0
 10
-112.036
 20
66.0734
 11
-112.219
 21
66.0266
  0
LINE
  8
0
 10
-112.219
 20
66.0266
 11
-112.406
 21
66.003
  0
LINE
  8
0
 10
-112.406
 20
66.003
 11
-112.594
 21
66.003
  0
LINE
  8
0
 10
112.406
 20
66.003
 11
112.219
 21
66.0266
  0
LINE
  8
0
 10
112.219
 20
66.0266
 11
112.036
 21
66.0734
  0
LINE
  8
0
 10
112.036
 20
66.0734
 11
111.861
 21
66.1428
  0
LINE
  8
0
 10
111.861
 20
66.1428
 11
111.696
 21
66.2335
  0
LINE
  8
0
 10
111.696
 20
66.2335
 11
111.544
 21
66.3442
  0
LINE
  8
0
 10
111.544
 20
66.3442
 11
111.407
 21
66.4732
  0
LINE
  8
0
 10
111.407
 20
66.4732
 11
111.286
 21
66.6183
  0
LINE
  8
0
 10
111.286
 20
66.6183
 11
111.186
 21
66.7774
  0
LINE
  8
0
 10
111.186
 20
66.7774
 11
111.105
 21
66.9478
  0
LINE
  8
0
 10
111.105
 20
66.9478
 11
111.047
 21
67.127
  0
LINE
  8
0
 10
111.047
 20
67.127
 11
111.012
 21
67.312
  0
LINE
  8
0
 10
111.012
 20
67.312
 11
111
 21
67.5
  0
LINE
  8
0
 10
111
 20
67.5
 11
111.012
 21
67.688
  0
LINE
  8
0
 10
111.012
 20
67.688
 11
111.047
 21
67.873
  0
LINE
  8
0
 10
111.047
 20
67.873
 11
111.105
 21
68.0522
  0
LINE
  8
0
 10
111.105
 20
68.0522
 11
111.186
 21
68.2226
  0
LINE
  8
0
 10
111.186
 20
68.2226
 11
111.286
 21
68.3817
  0
LINE
  8
0
 10
111.286
 20
68.3817
 11
111.407
 21
68.5268
  0
LINE
  8
0
 10
111.407
 20
68.5268
 11
111.544
 21
68.6558
  0
LINE
  8
0
 10
111.544
 20
68.6558
 11
111.696
 21
68.7665
  0
LINE
  8
0
 10
111.696
 20
68.7665
 11
111.861
 21
68.8572
  0
LINE
  8
0
 10
111.861
 20
68.8572
 11
112.036
 21
68.9266
  0
LINE
  8
0
 10
112.036
 20
68.9266
 11
112.219
 21
68.9734
  0
LINE
  8
0
 10
112.219
 20
68.9734
 11
112.406
 21
68.997
  0
LINE
  8
0
 10
112.406
 20
68.997
 11
112.594
 21
68.997
  0
LINE
  8
0
 10
112.594
 20
68.997
 11
112.781
 21
68.9734
  0
LINE
  8
0
 10
112.781
 20
68.9734
 11
112.964
 21
68.9266
  0
LINE
  8
0
 10
112.964
 20
68.9266
 11
113.139
 21
68.8572
  0
LINE
  8
0
 10
113.139
 20
68.8572
 11
113.304
 21
68.7665
  0
LINE
  8
0
 10
113.304
 20
68.7665
 11
113.456
 21
68.6558
  0
LINE
  8
0
 10
113.456
 20
68.6558
 11
113.593
 21
68.5268
  0
LINE
  8
0
 10
113.593
 20
68.5268
 11
113.714
 21
68.3817
  0
LINE
  8
0
 10
113.714
 20
68.3817
 11
113.814
 21
68.2226
  0
LINE
  8
0
 10
113.814
 20
68.2226
 11
113.895
 21
68.0522
  0
LINE
  8
0
 10
113.895
 20
68.0522
 11
113.953
 21
67.873
  0
LINE
  8
0
 10
113.953
 20
67.873
 11
113.988
 21
67.688
  0
LINE
  8
0
 10
113.988
 20
67.688
 11
114
 21
67.5
  0
LINE
  8
0
 10
114
 20
67.5
 11
113.988
 21
67.312
  0
LINE
  8
0
 10
113.988
 20
67.312
 11
113.953
 21
67.127
  0
LINE
  8
0
 10
113.953
 20
67.127
 11
113.895
 21
66.9478
  0
LINE
  8
0
 10
113.895
 20
66.9478
 11
113.814
 21
66.7774
  0
LINE
  8
0
 10
113.814
 20
66.7774
 11
113.714
 21
66.6183
  0
LINE
  8
0
 10
113.714
 20
66.6183
 11
113.593
 21
66.4732
  0
LINE
  8
0
 10
113.593
 20
66.4732
 11
113.456
 21
66.3442
  0
LINE
  8
0
 10
113.456
 20
66.3442
 11
113.304
 21
66.2335
  0
LINE
  8
0
 10
113.304
 20
66.2335
 11
113.139
 21
66.1428
  0
LINE
  8
0
 10
113.139
 20
66.1428
 11
112.964
 21
66.0734
  0
LINE
  8
0
 10
112.964
 20
66.0734
 11
112.781
 21
66.0266
  0
LINE
  8
0
 10
112.781
 20
66.0266
 11
112.594
 21
66.003
  0
LINE
  8
0
 10
112.594
 20
66.003
 11
112.406
 21
66.003
  0
LINE
  8
0
 10
-112.688
 20
57.0059
 11
-113.062
 21
57.0531
  0
LINE
  8
0
 10
-113.062
 20
57.0531
 11
-113.427
 21
57.1468
  0
LINE
  8
0
 10
-113.427
 20
57.1468
 11
-113.777
 21
57.2855
  0
LINE
  8
0
 10
-113.777
 20
57.2855
 11
-114.107
 21
57.467
  0
LINE
  8
0
 10
-114.107
 20
57.467
 11
-114.412
 21
57.6885
  0
LINE
  8
0
 10
-114.412
 20
57.6885
 11
-114.687
 21
57.9464
  0
LINE
  8
0
 10
-114.687
 20
57.9464
 11
-114.927
 21
58.2366
  0
LINE
  8
0
 10
-114.927
 20
58.2366
 11
-115.129
 21
58.5547
  0
LINE
  8
0
 10
-115.129
 20
58.5547
 11
-115.289
 21
58.8956
  0
LINE
  8
0
 10
-115.289
 20
58.8956
 11
-115.406
 21
59.2539
  0
LINE
  8
0
 10
-115.406
 20
59.2539
 11
-115.476
 21
59.624
  0
LINE
  8
0
 10
-115.476
 20
59.624
 11
-115.5
 21
60
  0
LINE
  8
0
 10
-115.5
 20
60
 11
-115.476
 21
60.376
  0
LINE
  8
0
 10
-115.476
 20
60.376
 11
-115.406
 21
60.7461
  0
LINE
  8
0
 10
-115.406
 20
60.7461
 11
-115.289
 21
61.1044
  0
LINE
  8
0
 10
-115.289
 20
61.1044
 11
-115.129
 21
61.4453
  0
LINE
  8
0
 10
-115.129
 20
61.4453
 11
-114.927
 21
61.7634
  0
LINE
  8
0
 10
-114.927
 20
61.7634
 11
-114.687
 21
62.0536
  0
LINE
  8
0
 10
-114.687
 20
62.0536
 11
-114.412
 21
62.3115
  0
LINE
  8
0
 10
-114.412
 20
62.3115
 11
-114.107
 21
62.533
  0
LINE
  8
0
 10
-114.107
 20
62.533
 11
-113.777
 21
62.7145
  0
LINE
  8
0
 10
-113.777
 20
62.7145
 11
-113.427
 21
62.8532
  0
LINE
  8
0
 10
-113.427
 20
62.8532
 11
-113.062
 21
62.9469
  0
LINE
  8
0
 10
-113.062
 20
62.9469
 11
-112.688
 21
62.9941
  0
LINE
  8
0
 10
-112.688
 20
62.9941
 11
-112.312
 21
62.9941
  0
LINE
  8
0
 10
-112.312
 20
62.9941
 11
-111.938
 21
62.9469
  0
LINE
  8
0
 10
-111.938
 20
62.9469
 11
-111.573
 21
62.8532
  0
LINE
  8
0
 10
-111.573
 20
62.8532
 11
-111.223
 21
62.7145
  0
LINE
  8
0
 10
-111.223
 20
62.7145
 11
-110.893
 21
62.533
  0
LINE
  8
0
 10
-110.893
 20
62.533
 11
-110.588
 21
62.3115
  0
LINE
  8
0
 10
-110.588
 20
62.3115
 11
-110.313
 21
62.0536
  0
LINE
  8
0
 10
-110.313
 20
62.0536
 11
-110.073
 21
61.7634
  0
LINE
  8
0
 10
-110.073
 20
61.7634
 11
-109.871
 21
61.4453
  0
LINE
  8
0
 10
-109.871
 20
61.4453
 11
-109.711
 21
61.1044
  0
LINE
  8
0
 10
-109.711
 20
61.1044
 11
-109.594
 21
60.7461
  0
LINE
  8
0
 10
-109.594
 20
60.7461
 11
-109.524
 21
60.376
  0
LINE
  8
0
 10
-109.524
 20
60.376
 11
-109.5
 21
60
  0
LINE
  8
0
 10
-109.5
 20
60
 11
-109.524
 21
59.624
  0
LINE
  8
0
 10
-109.524
 20
59.624
 11
-109.594
 21
59.2539
  0
LINE
  8
0
 10
-109.594
 20
59.2539
 11
-109.711
 21
58.8956
  0
LINE
  8
0
 10
-109.711
 20
58.8956
 11
-109.871
 21
58.5547
  0
LINE
  8
0
 10
-109.871
 20
58.5547
 11
-110.073
 21
58.2366
  0
LINE
  8
0
 10
-110.073
 20
58.2366
 11
-110.313
 21
57.9464
  0
LINE
  8
0
 10
-110.313
 20
57.9464
 11
-110.588
 21
57.6885
  0
LINE
  8
0
 10
-110.588
 20
57.6885
 11
-110.893
 21
57.467
  0
LINE
  8
0
 10
-110.893
 20
57.467
 11
-111.223
 21
57.2855
  0
LINE
  8
0
 10
-111.223
 20
57.2855
 11
-111.573
 21
57.1468
  0
LINE
  8
0
 10
-111.573
 20
57.1468
 11
-111.938
 21
57.0531
  0
LINE
  8
0
 10
-111.938
 20
57.0531
 11
-112.312
 21
57.0059
  0
LINE
  8
0
 10
-112.312
 20
57.0059
 11
-112.688
 21
57.0059
  0
LINE
  8
0
 10
112.312
 20
57.0059
 11
111.938
 21
57.0531
  0
LINE
  8
0
 10
111.938
 20
57.0531
 11
111.573
 21
57.1468
  0
LINE
  8
0
 10
111.573
 20
57.1468
 11
111.223
 21
57.2855
  0
LINE
  8
0
 10
111.223
 20
57.2855
 11
110.893
 21
57.467
  0
LINE
  8
0
 10
110.893
 20
57.467
 11
110.588
 21
57.6885
  0
LINE
  8
0
 10
110.588
 20
57.6885
 11
110.313
 21
57.9464
  0
LINE
  8
0
 10
110.313
 20
57.9464
 11
110.073
 21
58.2366
  0
LINE
  8
0
 10
110.073
 20
58.2366
 11
109.871
 21
58.5547
  0
LINE
  8
0
 10
109.871
 20
58.5547
 11
109.711
 21
58.8956
  0
LINE
  8
0
 10
109.711
 20
58.8956
 11
109.594
 21
59.2539
  0
LINE
  8
0
 10
109.594
 20
59.2539
 11
109.524
 21
59.624
  0
LINE
  8
0
 10
109.524
 20
59.624
 11
109.5
 21
60
  0
LINE
  8
0
 10
109.5
 20
60
 11
109.524
 21
60.376
  0
LINE
  8
0
 10
109.524
 20
60.376
 11
109.594
 21
60.7461
  0
LINE
  8
0
 10
109.594
 20
60.7461
 11
109.711
 21
61.1044
  0
LINE
  8
0
 10
109.711
 20
61.1044
 11
109.871
 21
61.4453
  0
LINE
  8
0
 10
109.871
 20
61.4453
 11
110.073
 21
61.7634
  0
LINE
  8
0
 10
110.073
 20
61.7634
 11
110.313
 21
62.0536
  0
LINE
  8
0
 10
110.313
 20
62.0536
 11
110.588
 21
62.3115
  0
LINE
  8
0
 10
110.588
 20
62.3115
 11
110.893
 21
62.533
  0
LINE
  8
0
 10
110.893
 20
62.533
 11
111.223
 21
62.7145
  0
LINE
  8
0
 10
111.223
 20
62.7145
 11
111.573
 21
62.8532
  0
LINE
  8
0
 10
111.573
 20
62.8532
 11
111.938
 21
62.9469
  0
LINE
  8
0
 10
111.938
 20
62.9469
 11
112.312
 21
62.9941
  0
LINE
  8
0
 10
112.312
 20
62.9941
 11
112.688
 21
62.9941
  0
LINE
  8
0
 10
112.688
 20
62.9941
 11
113.062
 21
62.9469
  0
LINE
  8
0
 10
113.062
 20
62.9469
 11
113.427
 21
62.8532
  0
LINE
  8
0
 10
113.427
 20
62.8532
 11
113.777
 21
62.7145
  0
LINE
  8
0
 10
113.777
 20
62.7145
 11
114.107
 21
62.533
  0
LINE
  8
0
 10
114.107
 20
62.533
 11
114.412
 21
62.3115
  0
LINE
  8
0
 10
114.412
 20
62.3115
 11
114.687
 21
62.0536
  0
LINE
  8
0
 10
114.687
 20
62.0536
 11
114.927
 21
61.7634
  0
LINE
  8
0
 10
114.927
 20
61.7634
 11
115.129
 21
61.4453
  0
LINE
  8
0
 10
115.129
 20
61.4453
 11
115.289
 21
61.1044
  0
LINE
  8
0
 10
115.289
 20
61.1044
 11
115.406
 21
60.7461
  0
LINE
  8
0
 10
115.406
 20
60.7461
 11
115.476
 21
60.376
  0
LINE
  8
0
 10
115.476
 20
60.376
 11
115.5
 21
60
  0
LINE
  8
0
 10
115.5
 20
60
 11
115.476
 21
59.624
  0
LINE
  8
0
 10
115.476
 20
59.624
 11
115.406
 21
59.2539
  0
LINE
  8
0
 10
115.406
 20
59.2539
 11
115.289
 21
58.8956
  0
LINE
  8
0
 10
115.289
 20
58.8956
 11
115.129
 21
58.5547
  0
LINE
  8
0
 10
115.129
 20
58.5547
 11
114.927
 21
58.2366
  0
LINE
  8
0
 10
114.927
 20
58.2366
 11
114.687
 21
57.9464
  0
LINE
  8
0
 10
114.687
 20
57.9464
 11
114.412
 21
57.6885
  0
LINE
  8
0
 10
114.412
 20
57.6885
 11
114.107
 21
57.467
  0
LINE
  8
0
 10
114.107
 20
57.467
 11
113.777
 21
57.2855
  0
LINE
  8
0
 10
113.777
 20
57.2855
 11
113.427
 21
57.1468
  0
LINE
  8
0
 10
113.427
 20
57.1468
 11
113.062
 21
57.0531
  0
LINE
  8
0
 10
113.062
 20
57.0531
 11
112.688
 21
57.0059
  0
LINE
  8
0
 10
112.688
 20
57.0059
 11
112.312
 21
57.0059
  0
LINE
  8
0
 10
-112.594
 20
51.003
 11
-112.781
 21
51.0266
  0
LINE
  8
0
 10
-112.781
 20
51.0266
 11
-112.964
 21
51.0734
  0
LINE
  8
0
 10
-112.964
 20
51.0734
 11
-113.139
 21
51.1428
  0
LINE
  8
0
 10
-113.139
 20
51.1428
 11
-113.304
 21
51.2335
  0
LINE
  8
0
 10
-113.304
 20
51.2335
 11
-113.456
 21
51.3442
  0
LINE
  8
0
 10
-113.456
 20
51.3442
 11
-113.593
 21
51.4732
  0
LINE
  8
0
 10
-113.593
 20
51.4732
 11
-113.714
 21
51.6183
  0
LINE
  8
0
 10
-113.714
 20
51.6183
 11
-113.814
 21
51.7774
  0
LINE
  8
0
 10
-113.814
 20
51.7774
 11
-113.895
 21
51.9478
  0
LINE
  8
0
 10
-113.895
 20
51.9478
 11
-113.953
 21
52.127
  0
LINE
  8
0
 10
-113.953
 20
52.127
 11
-113.988
 21
52.312
  0
LINE
  8
0
 10
-113.988
 20
52.312
 11
-114
 21
52.5
  0
LINE
  8
0
 10
-114
 20
52.5
 11
-113.988
 21
52.688
  0
LINE
  8
0
 10
-113.988
 20
52.688
 11
-113.953
 21
52.873
  0
LINE
  8
0
 10
-113.953
 20
52.873
 11
-113.895
 21
53.0522
  0
LINE
  8
0
 10
-113.895
 20
53.0522
 11
-113.814
 21
53.2226
  0
LINE
  8
0
 10
-113.814
 20
53.2226
 11
-113.714
 21
53.3817
  0
LINE
  8
0
 10
-113.714
 20
53.3817
 11
-113.593
 21
53.5268
  0
LINE
  8
0
 10
-113.593
 20
53.5268
 11
-113.456
 21
53.6558
  0
LINE
  8
0
 10
-113.456
 20
53.6558
 11
-113.304
 21
53.7665
  0
LINE
  8
0
 10
-113.304
 20
53.7665
 11
-113.139
 21
53.8572
  0
LINE
  8
0
 10
-113.139
 20
53.8572
 11
-112.964
 21
53.9266
  0
LINE
  8
0
 10
-112.964
 20
53.9266
 11
-112.781
 21
53.9734
  0
LINE
  8
0
 10
-112.781
 20
53.9734
 11
-112.594
 21
53.997
  0
LINE
  8
0
 10
-112.594
 20
53.997
 11
-112.406
 21
53.997
  0
LINE
  8
0
 10
-112.406
 20
53.997
 11
-112.219
 21
53.9734
  0
LINE
  8
0
 10
-112.219
 20
53.9734
 11
-112.036
 21
53.9266
  0
LINE
  8
0
 10
-112.036
 20
53.9266
 11
-111.861
 21
53.8572
  0
LINE
  8
0
 10
-111.861
 20
53.8572
 11
-111.696
 21
53.7665
  0
LINE
  8
0
 10
-111.696
 20
53.7665
 11
-111.544
 21
53.6558
  0
LINE
  8
0
 10
-111.544
 20
53.6558
 11
-111.407
 21
53.5268
  0
LINE
  8
0
 10
-111.407
 20
53.5268
 11
-111.286
 21
53.3817
  0
LINE
  8
0
 10
-111.286
 20
53.3817
 11
-111.186
 21
53.2226
  0
LINE
  8
0
 10
-111.186
 20
53.2226
 11
-111.105
 21
53.0522
  0
LINE
  8
0
 10
-111.105
 20
53.0522
 11
-111.047
 21
52.873
  0
LINE
  8
0
 10
-111.047
 20
52.873
 11
-111.012
 21
52.688
  0
LINE
  8
0
 10
-111.012
 20
52.688
 11
-111
 21
52.5
  0
LINE
  8
0
 10
-111
 20
52.5
 11
-111.012
 21
52.312
  0
LINE
  8
0
 10
-111.012
 20
52.312
 11
-111.047
 21
52.127
  0
LINE
  8
0
 10
-111.047
 20
52.127
 11
-111.105
 21
51.9478
  0
LINE
  8
0
 10
-111.105
 20
51.9478
 11
-111.186
 21
51.7774
  0
LINE
  8
0
 10
-111.186
 20
51.7774
 11
-111.286
 21
51.6183
  0
LINE
  8
0
 10
-111.286
 20
51.6183
 11
-111.407
 21
51.4732
  0
LINE
  8
0
 10
-111.407
 20
51.4732
 11
-111.544
 21
51.3442
  0
LINE
  8
0
 10
-111.544
 20
51.3442
 11
-111.696
 21
51.2335
  0
LINE
  8
0
 10
-111.696
 20
51.2335
 11
-111.861
 21
51.1428
  0
LINE
  8
0
 10
-111.861
 20
51.1428
 11
-112.036
 21
51.0734
  0
LINE
  8
0
 10
-112.036
 20
51.0734
 11
-112.219
 21
51.0266
  0
LINE
  8
0
 10
-112.219
 20
51.0266
 11
-112.406
 21
51.003
  0
LINE
  8
0
 10
-112.406
 20
51.003
 11
-112.594
 21
51.003
  0
LINE
  8
0
 10
112.406
 20
51.003
 11
112.219
 21
51.0266
  0
LINE
  8
0
 10
112.219
 20
51.0266
 11
112.036
 21
51.0734
  0
LINE
  8
0
 10
112.036
 20
51.0734
 11
111.861
 21
51.1428
  0
LINE
  8
0
 10
111.861
 20
51.1428
 11
111.696
 21
51.2335
  0
LINE
  8
0
 10
111.696
 20
51.2335
 11
111.544
 21
51.3442
  0
LINE
  8
0
 10
111.544
 20
51.3442
 11
111.407
 21
51.4732
  0
LINE
  8
0
 10
111.407
 20
51.4732
 11
111.286
 21
51.6183
  0
LINE
  8
0
 10
111.286
 20
51.6183
 11
111.186
 21
51.7774
  0
LINE
  8
0
 10
111.186
 20
51.7774
 11
111.105
 21
51.9478
  0
LINE
  8
0
 10
111.105
 20
51.9478
 11
111.047
 21
52.127
  0
LINE
  8
0
 10
111.047
 20
52.127
 11
111.012
 21
52.312
  0
LINE
  8
0
 10
111.012
 20
52.312
 11
111
 21
52.5
  0
LINE
  8
0
 10
111
 20
52.5
 11
111.012
 21
52.688
  0
LINE
  8
0
 10
111.012
 20
52.688
 11
111.047
 21
52.873
  0
LINE
  8
0
 10
111.047
 20
52.873
 11
111.105
 21
53.0522
  0
LINE
  8
0
 10
111.105
 20
53.0522
 11
111.186
 21
53.2226
  0
LINE
  8
0
 10
111.186
 20
53.2226
 11
111.286
 21
53.3817
  0
LINE
  8
0
 10
111.286
 20
53.3817
 11
111.407
 21
53.5268
  0
LINE
  8
0
 10
111.407
 20
53.5268
 11
111.544
 21
53.6558
  0
LINE
  8
0
 10
111.544
 20
53.6558
 11
111.696
 21
53.7665
  0
LINE
  8
0
 10
111.696
 20
53.7665
 11
111.861
 21
53.8572
  0
LINE
  8
0
 10
111.861
 20
53.8572
 11
112.036
 21
53.9266
  0
LINE
  8
0
 10
112.036
 20
53.9266
 11
112.219
 21
53.9734
  0
LINE
  8
0
 10
112.219
 20
53.9734
 11
112.406
 21
53.997
  0
LINE
  8
0
 10
112.406
 20
53.997
 11
112.594
 21
53.997
  0
LINE
  8
0
 10
112.594
 20
53.997
 11
112.781
 21
53.9734
  0
LINE
  8
0
 10
112.781
 20
53.9734
 11
112.964
 21
53.9266
  0
LINE
  8
0
 10
112.964
 20
53.9266
 11
113.139
 21
53.8572
  0
LINE
  8
0
 10
113.139
 20
53.8572
 11
113.304
 21
53.7665
  0
LINE
  8
0
 10
113.304
 20
53.7665
 11
113.456
 21
53.6558
  0
LINE
  8
0
 10
113.456
 20
53.6558
 11
113.593
 21
53.5268
  0
LINE
  8
0
 10
113.593
 20
53.5268
 11
113.714
 21
53.3817
  0
LINE
  8
0
 10
113.714
 20
53.3817
 11
113.814
 21
53.2226
  0
LINE
  8
0
 10
113.814
 20
53.2226
 11
113.895
 21
53.0522
  0
LINE
  8
0
 10
113.895
 20
53.0522
 11
113.953
 21
52.873
  0
LINE
  8
0
 10
113.953
 20
52.873
 11
113.988
 21
52.688
  0
LINE
  8
0
 10
113.988
 20
52.688
 11
114
 21
52.5
  0
LINE
  8
0
 10
114
 20
52.5
 11
113.988
 21
52.312
  0
LINE
  8
0
 10
113.988
 20
52.312
 11
113.953
 21
52.127
  0
LINE
  8
0
 10
113.953
 20
52.127
 11
113.895
 21
51.9478
  0
LINE
  8
0
 10
113.895
 20
51.9478
 11
113.814
 21
51.7774
  0
LINE
  8
0
 10
113.814
 20
51.7774
 11
113.714
 21
51.6183
  0
LINE
  8
0
 10
113.714
 20
51.6183
 11
113.593
 21
51.4732
  0
LINE
  8
0
 10
113.593
 20
51.4732
 11
113.456
 21
51.3442
  0
LINE
  8
0
 10
113.456
 20
51.3442
 11
113.304
 21
51.2335
  0
LINE
  8
0
 10
113.304
 20
51.2335
 11
113.139
 21
51.1428
  0
LINE
  8
0
 10
113.139
 20
51.1428
 11
112.964
 21
51.0734
  0
LINE
  8
0
 10
112.964
 20
51.0734
 11
112.781
 21
51.0266
  0
LINE
  8
0
 10
112.781
 20
51.0266
 11
112.594
 21
51.003
  0
LINE
  8
0
 10
112.594
 20
51.003
 11
112.406
 21
51.003
  0
LINE
  8
0
 10
-112.688
 20
42.0059
 11
-113.062
 21
42.0531
  0
LINE
  8
0
 10
-113.062
 20
42.0531
 11
-113.427
 21
42.1468
  0
LINE
  8
0
 10
-113.427
 20
42.1468
 11
-113.777
 21
42.2855
  0
LINE
  8
0
 10
-113.777
 20
42.2855
 11
-114.107
 21
42.467
  0
LINE
  8
0
 10
-114.107
 20
42.467
 11
-114.412
 21
42.6885
  0
LINE
  8
0
 10
-114.412
 20
42.6885
 11
-114.687
 21
42.9464
  0
LINE
  8
0
 10
-114.687
 20
42.9464
 11
-114.927
 21
43.2366
  0
LINE
  8
0
 10
-114.927
 20
43.2366
 11
-115.129
 21
43.5547
  0
LINE
  8
0
 10
-115.129
 20
43.5547
 11
-115.289
 21
43.8956
  0
LINE
  8
0
 10
-115.289
 20
43.8956
 11
-115.406
 21
44.2539
  0
LINE
  8
0
 10
-115.406
 20
44.2539
 11
-115.476
 21
44.624
  0
LINE
  8
0
 10
-115.476
 20
44.624
 11
-115.5
 21
45
  0
LINE
  8
0
 10
-115.5
 20
45
 11
-115.476
 21
45.376
  0
LINE
  8
0
 10
-115.476
 20
45.376
 11
-115.406
 21
45.7461
  0
LINE
  8
0
 10
-115.406
 20
45.7461
 11
-115.289
 21
46.1044
  0
LINE
  8
0
 10
-115.289
 20
46.1044
 11
-115.129
 21
46.4453
  0
LINE
  8
0
 10
-115.129
 20
46.4453
 11
-114.927
 21
46.7634
  0
LINE
  8
0
 10
-114.927
 20
46.7634
 11
-114.687
 21
47.0536
  0
LINE
  8
0
 10
-114.687
 20
47.0536
 11
-114.412
 21
47.3115
  0
LINE
  8
0
 10
-114.412
 20
47.3115
 11
-114.107
 21
47.533
  0
LINE
  8
0
 10
-114.107
 20
47.533
 11
-113.777
 21
47.7145
  0
LINE
  8
0
 10
-113.777
 20
47.7145
 11
-113.427
 21
47.8532
  0
LINE
  8
0
 10
-113.427
 20
47.8532
 11
-113.062
 21
47.9469
  0
LINE
  8
0
 10
-113.062
 20
47.9469
 11
-112.688
 21
47.9941
  0
LINE
  8
0
 10
-112.688
 20
47.9941
 11
-112.312
 21
47.9941
  0
LINE
  8
0
 10
-112.312
 20
47.9941
 11
-111.938
 21
47.9469
  0
LINE
  8
0
 10
-111.938
 20
47.9469
 11
-111.573
 21
47.8532
  0
LINE
  8
0
 10
-111.573
 20
47.8532
 11
-111.223
 21
47.7145
  0
LINE
  8
0
 10
-111.223
 20
47.7145
 11
-110.893
 21
47.533
  0
LINE
  8
0
 10
-110.893
 20
47.533
 11
-110.588
 21
47.3115
  0
LINE
  8
0
 10
-110.588
 20
47.3115
 11
-110.313
 21
47.0536
  0
LINE
  8
0
 10
-110.313
 20
47.0536
 11
-110.073
 21
46.7634
  0
LINE
  8
0
 10
-110.073
 20
46.7634
 11
-109.871
 21
46.4453
  0
LINE
  8
0
 10
-109.871
 20
46.4453
 11
-109.711
 21
46.1044
  0
LINE
  8
0
 10
-109.711
 20
46.1044
 11
-109.594
 21
45.7461
  0
LINE
  8
0
 10
-109.594
 20
45.7461
 11
-109.524
 21
45.376
  0
LINE
  8
0
 10
-109.524
 20
45.376
 11
-109.5
 21
45
  0
LINE
  8
0
 10
-109.5
 20
45
 11
-109.524
 21
44.624
  0
LINE
  8
0
 10
-109.524
 20
44.624
 11
-109.594
 21
44.2539
  0
LINE
  8
0
 10
-109.594
 20
44.2539
 11
-109.711
 21
43.8956
  0
LINE
  8
0
 10
-109.711
 20
43.8956
 11
-109.871
 21
43.5547
  0
LINE
  8
0
 10
-109.871
 20
43.5547
 11
-110.073
 21
43.2366
  0
LINE
  8
0
 10
-110.073
 20
43.2366
 11
-110.313
 21
42.9464
  0
LINE
  8
0
 10
-110.313
 20
42.9464
 11
-110.588
 21
42.6885
  0
LINE
  8
0
 10
-110.588
 20
42.6885
 11
-110.893
 21
42.467
  0
LINE
  8
0
 10
-110.893
 20
42.467
 11
-111.223
 21
42.2855
  0
LINE
  8
0
 10
-111.223
 20
42.2855
 11
-111.573
 21
42.1468
  0
LINE
  8
0
 10
-111.573
 20
42.1468
 11
-111.938
 21
42.0531
  0
LINE
  8
0
 10
-111.938
 20
42.0531
 11
-112.312
 21
42.0059
  0
LINE
  8
0
 10
-112.312
 20
42.0059
 11
-112.688
 21
42.0059
  0
LINE
  8
0
 10
112.312
 20
42.0059
 11
111.938
 21
42.0531
  0
LINE
  8
0
 10
111.938
 20
42.0531
 11
111.573
 21
42.1468
  0
LINE
  8
0
 10
111.573
 20
42.1468
 11
111.223
 21
42.2855
  0
LINE
  8
0
 10
111.223
 20
42.2855
 11
110.893
 21
42.467
  0
LINE
  8
0
 10
110.893
 20
42.467
 11
110.588
 21
42.6885
  0
LINE
  8
0
 10
110.588
 20
42.6885
 11
110.313
 21
42.9464
  0
LINE
  8
0
 10
110.313
 20
42.9464
 11
110.073
 21
43.2366
  0
LINE
  8
0
 10
110.073
 20
43.2366
 11
109.871
 21
43.5547
  0
LINE
  8
0
 10
109.871
 20
43.5547
 11
109.711
 21
43.8956
  0
LINE
  8
0
 10
109.711
 20
43.8956
 11
109.594
 21
44.2539
  0
LINE
  8
0
 10
109.594
 20
44.2539
 11
109.524
 21
44.624
  0
LINE
  8
0
 10
109.524
 20
44.624
 11
109.5
 21
45
  0
LINE
  8
0
 10
109.5
 20
45
 11
109.524
 21
45.376
  0
LINE
  8
0
 10
109.524
 20
45.376
 11
109.594
 21
45.7461
  0
LINE
  8
0
 10
109.594
 20
45.7461
 11
109.711
 21
46.1044
  0
LINE
  8
0
 10
109.711
 20
46.1044
 11
109.871
 21
46.4453
  0
LINE
  8
0
 10
109.871
 20
46.4453
 11
110.073
 21
46.7634
  0
LINE
  8
0
 10
110.073
 20
46.7634
 11
110.313
 21
47.0536
  0
LINE
  8
0
 10
110.313
 20
47.0536
 11
110.588
 21
47.3115
  0
LINE
  8
0
 10
110.588
 20
47.3115
 11
110.893
 21
47.533
  0
LINE
  8
0
 10
110.893
 20
47.533
 11
111.223
 21
47.7145
  0
LINE
  8
0
 10
111.223
 20
47.7145
 11
111.573
 21
47.8532
  0
LINE
  8
0
 10
111.573
 20
47.8532
 11
111.938
 21
47.9469
  0
LINE
  8
0
 10
111.938
 20
47.9469
 11
112.312
 21
47.9941
  0
LINE
  8
0
 10
112.312
 20
47.9941
 11
112.688
 21
47.9941
  0
LINE
  8
0
 10
112.688
 20
47.9941
 11
113.062
 21
47.9469
  0
LINE
  8
0
 10
113.062
 20
47.9469
 11
113.427
 21
47.8532
  0
LINE
  8
0
 10
113.427
 20
47.8532
 11
113.777
 21
47.7145
  0
LINE
  8
0
 10
113.777
 20
47.7145
 11
114.107
 21
47.533
  0
LINE
  8
0
 10
114.107
 20
47.533
 11
114.412
 21
47.3115
  0
LINE
  8
0
 10
114.412
 20
47.3115
 11
114.687
 21
47.0536
  0
LINE
  8
0
 10
114.687
 20
47.0536
 11
114.927
 21
46.7634
  0
LINE
  8
0
 10
114.927
 20
46.7634
 11
115.129
 21
46.4453
  0
LINE
  8
0
 10
115.129
 20
46.4453
 11
115.289
 21
46.1044
  0
LINE
  8
0
 10
115.289
 20
46.1044
 11
115.406
 21
45.7461
  0
LINE
  8
0
 10
115.406
 20
45.7461
 11
115.476
 21
45.376
  0
LINE
  8
0
 10
115.476
 20
45.376
 11
115.5
 21
45
  0
LINE
  8
0
 10
115.5
 20
45
 11
115.476
 21
44.624
  0
LINE
  8
0
 10
115.476
 20
44.624
 11
115.406
 21
44.2539
  0
LINE
  8
0
 10
115.406
 20
44.2539
 11
115.289
 21
43.8956
  0
LINE
  8
0
 10
115.289
 20
43.8956
 11
115.129
 21
43.5547
  0
LINE
  8
0
 10
115.129
 20
43.5547
 11
114.927
 21
43.2366
  0
LINE
  8
0
 10
114.927
 20
43.2366
 11
114.687
 21
42.9464
  0
LINE
  8
0
 10
114.687
 20
42.9464
 11
114.412
 21
42.6885
  0
LINE
  8
0
 10
114.412
 20
42.6885
 11
114.107
 21
42.467
  0
LINE
  8
0
 10
114.107
 20
42.467
 11
113.777
 21
42.2855
  0
LINE
  8
0
 10
113.777
 20
42.2855
 11
113.427
 21
42.1468
  0
LINE
  8
0
 10
113.427
 20
42.1468
 11
113.062
 21
42.0531
  0
LINE
  8
0
 10
113.062
 20
42.0531
 11
112.688
 21
42.0059
  0
LINE
  8
0
 10
112.688
 20
42.0059
 11
112.312
 21
42.0059
  0
LINE
  8
0
 10
-112.594
 20
36.003
 11
-112.781
 21
36.0266
  0
LINE
  8
0
 10
-112.781
 20
36.0266
 11
-112.964
 21
36.0734
  0
LINE
  8
0
 10
-112.964
 20
36.0734
 11
-113.139
 21
36.1428
  0
LINE
  8
0
 10
-113.139
 20
36.1428
 11
-113.304
 21
36.2335
  0
LINE
  8
0
 10
-113.304
 20
36.2335
 11
-113.456
 21
36.3442
  0
LINE
  8
0
 10
-113.456
 20
36.3442
 11
-113.593
 21
36.4732
  0
LINE
  8
0
 10
-113.593
 20
36.4732
 11
-113.714
 21
36.6183
  0
LINE
  8
0
 10
-113.714
 20
36.6183
 11
-113.814
 21
36.7774
  0
LINE
  8
0
 10
-113.814
 20
36.7774
 11
-113.895
 21
36.9478
  0
LINE
  8
0
 10
-113.895
 20
36.9478
 11
-113.953
 21
37.127
  0
LINE
  8
0
 10
-113.953
 20
37.127
 11
-113.988
 21
37.312
  0
LINE
  8
0
 10
-113.988
 20
37.312
 11
-114
 21
37.5
  0
LINE
  8
0
 10
-114
 20
37.5
 11
-113.988
 21
37.688
  0
LINE
  8
0
 10
-113.988
 20
37.688
 11
-113.953
 21
37.873
  0
LINE
  8
0
 10
-113.953
 20
37.873
 11
-113.895
 21
38.0522
  0
LINE
  8
0
 10
-113.895
 20
38.0522
 11
-113.814
 21
38.2226
  0
LINE
  8
0
 10
-113.814
 20
38.2226
 11
-113.714
 21
38.3817
  0
LINE
  8
0
 10
-113.714
 20
38.3817
 11
-113.593
 21
38.5268
  0
LINE
  8
0
 10
-113.593
 20
38.5268
 11
-113.456
 21
38.6558
  0
LINE
  8
0
 10
-113.456
 20
38.6558
 11
-113.304
 21
38.7665
  0
LINE
  8
0
 10
-113.304
 20
38.7665
 11
-113.139
 21
38.8572
  0
LINE
  8
0
 10
-113.139
 20
38.8572
 11
-112.964
 21
38.9266
  0
LINE
  8
0
 10
-112.964
 20
38.9266
 11
-112.781
 21
38.9734
  0
LINE
  8
0
 10
-112.781
 20
38.9734
 11
-112.594
 21
38.997
  0
LINE
  8
0
 10
-112.594
 20
38.997
 11
-112.406
 21
38.997
  0
LINE
  8
0
 10
-112.406
 20
38.997
 11
-112.219
 21
38.9734
  0
LINE
  8
0
 10
-112.219
 20
38.9734
 11
-112.036
 21
38.9266
  0
LINE
  8
0
 10
-112.036
 20
38.9266
 11
-111.861
 21
38.8572
  0
LINE
  8
0
 10
-111.861
 20
38.8572
 11
-111.696
 21
38.7665
  0
LINE
  8
0
 10
-111.696
 20
38.7665
 11
-111.544
 21
38.6558
  0
LINE
  8
0
 10
-111.544
 20
38.6558
 11
-111.407
 21
38.5268
  0
LINE
  8
0
 10
-111.407
 20
38.5268
 11
-111.286
 21
38.3817
  0
LINE
  8
0
 10
-111.286
 20
38.3817
 11
-111.186
 21
38.2226
  0
LINE
  8
0
 10
-111.186
 20
38.2226
 11
-111.105
 21
38.0522
  0
LINE
  8
0
 10
-111.105
 20
38.0522
 11
-111.047
 21
37.873
  0
LINE
  8
0
 10
-111.047
 20
37.873
 11
-111.012
 21
37.688
  0
LINE
  8
0
 10
-111.012
 20
37.688
 11
-111
 21
37.5
  0
LINE
  8
0
 10
-111
 20
37.5
 11
-111.012
 21
37.312
  0
LINE
  8
0
 10
-111.012
 20
37.312
 11
-111.047
 21
37.127
  0
LINE
  8
0
 10
-111.047
 20
37.127
 11
-111.105
 21
36.9478
  0
LINE
  8
0
 10
-111.105
 20
36.9478
 11
-111.186
 21
36.7774
  0
LINE
  8
0
 10
-111.186
 20
36.7774
 11
-111.286
 21
36.6183
  0
LINE
  8
0
 10
-111.286
 20
36.6183
 11
-111.407
 21
36.4732
  0
LINE
  8
0
 10
-111.407
 20
36.4732
 11
-111.544
 21
36.3442
  0
LINE
  8
0
 10
-111.544
 20
36.3442
 11
-111.696
 21
36.2335
  0
LINE
  8
0
 10
-111.696
 20
36.2335
 11
-111.861
 21
36.1428
  0
LINE
  8
0
 10
-111.861
 20
36.1428
 11
-112.036
 21
36.0734
  0
LINE
  8
0
 10
-112.036
 20
36.0734
 11
-112.219
 21
36.0266
  0
LINE
  8
0
 10
-112.219
 20
36.0266
 11
-112.406
 21
36.003
  0
LINE
  8
0
 10
-112.406
 20
36.003
 11
-112.594
 21
36.003
  0
LINE
  8
0
 10
112.406
 20
36.003
 11
112.219
 21
36.0266
  0
LINE
  8
0
 10
112.219
 20
36.0266
 11
112.036
 21
36.0734
  0
LINE
  8
0
 10
112.036
 20
36.0734
 11
111.861
 21
36.1428
  0
LINE
  8
0
 10
111.861
 20
36.1428
 11
111.696
 21
36.2335
  0
LINE
  8
0
 10
111.696
 20
36.2335
 11
111.544
 21
36.3442
  0
LINE
  8
0
 10
111.544
 20
36.3442
 11
111.407
 21
36.4732
  0
LINE
  8
0
 10
111.407
 20
36.4732
 11
111.286
 21
36.6183
  0
LINE
  8
0
 10
111.286
 20
36.6183
 11
111.186
 21
36.7774
  0
LINE
  8
0
 10
111.186
 20
36.7774
 11
111.105
 21
36.9478
  0
LINE
  8
0
 10
111.105
 20
36.9478
 11
111.047
 21
37.127
  0
LINE
  8
0
 10
111.047
 20
37.127
 11
111.012
 21
37.312
  0
LINE
  8
0
 10
111.012
 20
37.312
 11
111
 21
37.5
  0
LINE
  8
0
 10
111
 20
37.5
 11
111.012
 21
37.688
  0
LINE
  8
0
 10
111.012
 20
37.688
 11
111.047
 21
37.873
  0
LINE
  8
0
 10
111.047
 20
37.873
 11
111.105
 21
38.0522
  0
LINE
  8
0
 10
111.105
 20
38.0522
 11
111.186
 21
38.2226
  0
LINE
  8
0
 10
111.186
 20
38.2226
 11
111.286
 21
38.3817
  0
LINE
  8
0
 10
111.286
 20
38.3817
 11
111.407
 21
38.5268
  0
LINE
  8
0
 10
111.407
 20
38.5268
 11
111.544
 21
38.6558
  0
LINE
  8
0
 10
111.544
 20
38.6558
 11
111.696
 21
38.7665
  0
LINE
  8
0
 10
111.696
 20
38.7665
 11
111.861
 21
38.8572
  0
LINE
  8
0
 10
111.861
 20
38.8572
 11
112.036
 21
38.9266
  0
LINE
  8
0
 10
112.036
 20
38.9266
 11
112.219
 21
38.9734
  0
LINE
  8
0
 10
112.219
 20
38.9734
 11
112.406
 21
38.997
  0
LINE
  8
0
 10
112.406
 20
38.997
 11
112.594
 21
38.997
  0
LINE
  8
0
 10
112.594
 20
38.997
 11
112.781
 21
38.9734
  0
LINE
  8
0
 10
112.781
 20
38.9734
 11
112.964
 21
38.9266
  0
LINE
  8
0
 10
112.964
 20
38.9266
 11
113.139
 21
38.8572
  0
LINE
  8
0
 10
113.139
 20
38.8572
 11
113.304
 21
38.7665
  0
LINE
  8
0
 10
113.304
 20
38.7665
 11
113.456
 21
38.6558
  0
LINE
  8
0
 10
113.456
 20
38.6558
 11
113.593
 21
38.5268
  0
LINE
  8
0
 10
113.593
 20
38.5268
 11
113.714
 21
38.3817
  0
LINE
  8
0
 10
113.714
 20
38.3817
 11
113.814
 21
38.2226
  0
LINE
  8
0
 10
113.814
 20
38.2226
 11
113.895
 21
38.0522
  0
LINE
  8
0
 10
113.895
 20
38.0522
 11
113.953
 21
37.873
  0
LINE
  8
0
 10
113.953
 20
37.873
 11
113.988
 21
37.688
  0
LINE
  8
0
 10
113.988
 20
37.688
 11
114
 21
37.5
  0
LINE
  8
0
 10
114
 20
37.5
 11
113.988
 21
37.312
  0
LINE
  8
0
 10
113.988
 20
37.312
 11
113.953
 21
37.127
  0
LINE
  8
0
 10
113.953
 20
37.127
 11
113.895
 21
36.9478
  0
LINE
  8
0
 10
113.895
 20
36.9478
 11
113.814
 21
36.7774
  0
LINE
  8
0
 10
113.814
 20
36.7774
 11
113.714
 21
36.6183
  0
LINE
  8
0
 10
113.714
 20
36.6183
 11
113.593
 21
36.4732
  0
LINE
  8
0
 10
113.593
 20
36.4732
 11
113.456
 21
36.3442
  0
LINE
  8
0
 10
113.456
 20
36.3442
 11
113.304
 21
36.2335
  0
LINE
  8
0
 10
113.304
 20
36.2335
 11
113.139
 21
36.1428
  0
LINE
  8
0
 10
113.139
 20
36.1428
 11
112.964
 21
36.0734
  0
LINE
  8
0
 10
112.964
 20
36.0734
 11
112.781
 21
36.0266
  0
LINE
  8
0
 10
112.781
 20
36.0266
 11
112.594
 21
36.003
  0
LINE
  8
0
 10
112.594
 20
36.003
 11
112.406
 21
36.003
  0
LINE
  8
0
 10
-112.688
 20
27.0059
 11
-113.062
 21
27.0531
  0
LINE
  8
0
 10
-113.062
 20
27.0531
 11
-113.427
 21
27.1468
  0
LINE
  8
0
 10
-113.427
 20
27.1468
 11
-113.777
 21
27.2855
  0
LINE
  8
0
 10
-113.777
 20
27.2855
 11
-114.107
 21
27.467
  0
LINE
  8
0
 10
-114.107
 20
27.467
 11
-114.412
 21
27.6884
  0
LINE
  8
0
 10
-114.412
 20
27.6884
 11
-114.687
 21
27.9464
  0
LINE
  8
0
 10
-114.687
 20
27.9464
 11
-114.927
 21
28.2366
  0
LINE
  8
0
 10
-114.927
 20
28.2366
 11
-115.129
 21
28.5547
  0
LINE
  8
0
 10
-115.129
 20
28.5547
 11
-115.289
 21
28.8956
  0
LINE
  8
0
 10
-115.289
 20
28.8956
 11
-115.406
 21
29.2539
  0
LINE
  8
0
 10
-115.406
 20
29.2539
 11
-115.476
 21
29.624
  0
LINE
  8
0
 10
-115.476
 20
29.624
 11
-115.5
 21
30
  0
LINE
  8
0
 10
-115.5
 20
30
 11
-115.476
 21
30.376
  0
LINE
  8
0
 10
-115.476
 20
30.376
 11
-115.406
 21
30.7461
  0
LINE
  8
0
 10
-115.406
 20
30.7461
 11
-115.289
 21
31.1044
  0
LINE
  8
0
 10
-115.289
 20
31.1044
 11
-115.129
 21
31.4453
  0
LINE
  8
0
 10
-115.129
 20
31.4453
 11
-114.927
 21
31.7634
  0
LINE
  8
0
 10
-114.927
 20
31.7634
 11
-114.687
 21
32.0536
  0
LINE
  8
0
 10
-114.687
 20
32.0536
 11
-114.412
 21
32.3115
  0
LINE
  8
0
 10
-114.412
 20
32.3115
 11
-114.107
 21
32.533
  0
LINE
  8
0
 10
-114.107
 20
32.533
 11
-113.777
 21
32.7145
  0
LINE
  8
0
 10
-113.777
 20
32.7145
 11
-113.427
 21
32.8532
  0
LINE
  8
0
 10
-113.427
 20
32.8532
 11
-113.062
 21
32.9469
  0
LINE
  8
0
 10
-113.062
 20
32.9469
 11
-112.688
 21
32.9941
  0
LINE
  8
0
 10
-112.688
 20
32.9941
 11
-112.312
 21
32.9941
  0
LINE
  8
0
 10
-112.312
 20
32.9941
 11
-111.938
 21
32.9469
  0
LINE
  8
0
 10
-111.938
 20
32.9469
 11
-111.573
 21
32.8532
  0
LINE
  8
0
 10
-111.573
 20
32.8532
 11
-111.223
 21
32.7145
  0
LINE
  8
0
 10
-111.223
 20
32.7145
 11
-110.893
 21
32.533
  0
LINE
  8
0
 10
-110.893
 20
32.533
 11
-110.588
 21
32.3115
  0
LINE
  8
0
 10
-110.588
 20
32.3115
 11
-110.313
 21
32.0536
  0
LINE
  8
0
 10
-110.313
 20
32.0536
 11
-110.073
 21
31.7634
  0
LINE
  8
0
 10
-110.073
 20
31.7634
 11
-109.871
 21
31.4453
  0
LINE
  8
0
 10
-109.871
 20
31.4453
 11
-109.711
 21
31.1044
  0
LINE
  8
0
 10
-109.711
 20
31.1044
 11
-109.594
 21
30.7461
  0
LINE
  8
0
 10
-109.594
 20
30.7461
 11
-109.524
 21
30.376
  0
LINE
  8
0
 10
-109.524
 20
30.376
 11
-109.5
 21
30
  0
LINE
  8
0
 10
-109.5
 20
30
 11
-109.524
 21
29.624
  0
LINE
  8
0
 10
-109.524
 20
29.624
 11
-109.594
 21
29.2539
  0
LINE
  8
0
 10
-109.594
 20
29.2539
 11
-109.711
 21
28.8956
  0
LINE
  8
0
 10
-109.711
 20
28.8956
 11
-109.871
 21
28.5547
  0
LINE
  8
0
 10
-109.871
 20
28.5547
 11
-110.073
 21
28.2366
  0
LINE
  8
0
 10
-110.073
 20
28.2366
 11
-110.313
 21
27.9464
  0
LINE
  8
0
 10
-110.313
 20
27.9464
 11
-110.588
 21
27.6884
  0
LINE
  8
0
 10
-110.588
 20
27.6884
 11
-110.893
 21
27.467
  0
LINE
  8
0
 10
-110.893
 20
27.467
 11
-111.223
 21
27.2855
  0
LINE
  8
0
 10
-111.223
 20
27.2855
 11
-111.573
 21
27.1468
  0
LINE
  8
0
 10
-111.573
 20
27.1468
 11
-111.938
 21
27.0531
  0
LINE
  8
0
 10
-111.938
 20
27.0531
 11
-112.312
 21
27.0059
  0
LINE
  8
0
 10
-112.312
 20
27.0059
 11
-112.688
 21
27.0059
  0
LINE
  8
0
 10
112.312
 20
27.0059
 11
111.938
 21
27.0531
  0
LINE
  8
0
 10
111.938
 20
27.0531
 11
111.573
 21
27.1468
  0
LINE
  8
0
 10
111.573
 20
27.1468
 11
111.223
 21
27.2855
  0
LINE
  8
0
 10
111.223
 20
27.2855
 11
110.893
 21
27.467
  0
LINE
  8
0
 10
110.893
 20
27.467
 11
110.588
 21
27.6884
  0
LINE
  8
0
 10
110.588
 20
27.6884
 11
110.313
 21
27.9464
  0
LINE
  8
0
 10
110.313
 20
27.9464
 11
110.073
 21
28.2366
  0
LINE
  8
0
 10
110.073
 20
28.2366
 11
109.871
 21
28.5547
  0
LINE
  8
0
 10
109.871
 20
28.5547
 11
109.711
 21
28.8956
  0
LINE
  8
0
 10
109.711
 20
28.8956
 11
109.594
 21
29.2539
  0
LINE
  8
0
 10
109.594
 20
29.2539
 11
109.524
 21
29.624
  0
LINE
  8
0
 10
109.524
 20
29.624
 11
109.5
 21
30
  0
LINE
  8
0
 10
109.5
 20
30
 11
109.524
 21
30.376
  0
LINE
  8
0
 10
109.524
 20
30.376
 11
109.594
 21
30.7461
  0
LINE
  8
0
 10
109.594
 20
30.7461
 11
109.711
 21
31.1044
  0
LINE
  8
0
 10
109.711
 20
31.1044
 11
109.871
 21
31.4453
  0
LINE
  8
0
 10
109.871
 20
31.4453
 11
110.073
 21
31.7634
  0
LINE
  8
0
 10
110.073
 20
31.7634
 11
110.313
 21
32.0536
  0
LINE
  8
0
 10
110.313
 20
32.0536
 11
110.588
 21
32.3115
  0
LINE
  8
0
 10
110.588
 20
32.3115
 11
110.893
 21
32.533
  0
LINE
  8
0
 10
110.893
 20
32.533
 11
111.223
 21
32.7145
  0
LINE
  8
0
 10
111.223
 20
32.7145
 11
111.573
 21
32.8532
  0
LINE
  8
0
 10
111.573
 20
32.8532
 11
111.938
 21
32.9469
  0
LINE
  8
0
 10
111.938
 20
32.9469
 11
112.312
 21
32.9941
  0
LINE
  8
0
 10
112.312
 20
32.9941
 11
112.688
 21
32.9941
  0
LINE
  8
0
 10
112.688
 20
32.9941
 11
113.062
 21
32.9469
  0
LINE
  8
0
 10
113.062
 20
32.9469
 11
113.427
 21
32.8532
  0
LINE
  8
0
 10
113.427
 20
32.8532
 11
113.777
 21
32.7145
  0
LINE
  8
0
 10
113.777
 20
32.7145
 11
114.107
 21
32.533
  0
LINE
  8
0
 10
114.107
 20
32.533
 11
114.412
 21
32.3115
  0
LINE
  8
0
 10
114.412
 20
32.3115
 11
114.687
 21
32.0536
  0
LINE
  8
0
 10
114.687
 20
32.0536
 11
114.927
 21
31.7634
  0
LINE
  8
0
 10
114.927
 20
31.7634
 11
115.129
 21
31.4453
  0
LINE
  8
0
 10
115.129
 20
31.4453
 11
115.289
 21
31.1044
  0
LINE
  8
0
 10
115.289
 20
31.1044
 11
115.406
 21
30.7461
  0
LINE
  8
0
 10
115.406
 20
30.7461
 11
115.476
 21
30.376
  0
LINE
  8
0
 10
115.476
 20
30.376
 11
115.5
 21
30
  0
LINE
  8
0
 10
115.5
 20
30
 11
115.476
 21
29.624
  0
LINE
  8
0
 10
115.476
 20
29.624
 11
115.406
 21
29.2539
  0
LINE
  8
0
 10
115.406
 20
29.2539
 11
115.289
 21
28.8956
  0
LINE
  8
0
 10
115.289
 20
28.8956
 11
115.129
 21
28.5547
  0
LINE
  8
0
 10
115.129
 20
28.5547
 11
114.927
 21
28.2366
  0
LINE
  8
0
 10
114.927
 20
28.2366
 11
114.687
 21
27.9464
  0
LINE
  8
0
 10
114.687
 20
27.9464
 11
114.412
 21
27.6884
  0
LINE
  8
0
 10
114.412
 20
27.6884
 11
114.107
 21
27.467
  0
LINE
  8
0
 10
114.107
 20
27.467
 11
113.777
 21
27.2855
  0
LINE
  8
0
 10
113.777
 20
27.2855
 11
113.427
 21
27.1468
  0
LINE
  8
0
 10
113.427
 20
27.1468
 11
113.062
 21
27.0531
  0
LINE
  8
0
 10
113.062
 20
27.0531
 11
112.688
 21
27.0059
  0
LINE
  8
0
 10
112.688
 20
27.0059
 11
112.312
 21
27.0059
  0
LINE
  8
0
 10
112.406
 20
21.003
 11
112.219
 21
21.0266
  0
LINE
  8
0
 10
112.219
 20
21.0266
 11
112.036
 21
21.0734
  0
LINE
  8
0
 10
112.036
 20
21.0734
 11
111.861
 21
21.1427
  0
LINE
  8
0
 10
111.861
 20
21.1427
 11
111.696
 21
21.2335
  0
LINE
  8
0
 10
111.696
 20
21.2335
 11
111.544
 21
21.3442
  0
LINE
  8
0
 10
111.544
 20
21.3442
 11
111.407
 21
21.4732
  0
LINE
  8
0
 10
111.407
 20
21.4732
 11
111.286
 21
21.6183
  0
LINE
  8
0
 10
111.286
 20
21.6183
 11
111.186
 21
21.7774
  0
LINE
  8
0
 10
111.186
 20
21.7774
 11
111.105
 21
21.9478
  0
LINE
  8
0
 10
111.105
 20
21.9478
 11
111.047
 21
22.127
  0
LINE
  8
0
 10
111.047
 20
22.127
 11
111.012
 21
22.312
  0
LINE
  8
0
 10
111.012
 20
22.312
 11
111
 21
22.5
  0
LINE
  8
0
 10
111
 20
22.5
 11
111.012
 21
22.688
  0
LINE
  8
0
 10
111.012
 20
22.688
 11
111.047
 21
22.873
  0
LINE
  8
0
 10
111.047
 20
22.873
 11
111.105
 21
23.0522
  0
LINE
  8
0
 10
111.105
 20
23.0522
 11
111.186
 21
23.2226
  0
LINE
  8
0
 10
111.186
 20
23.2226
 11
111.286
 21
23.3817
  0
LINE
  8
0
 10
111.286
 20
23.3817
 11
111.407
 21
23.5268
  0
LINE
  8
0
 10
111.407
 20
23.5268
 11
111.544
 21
23.6558
  0
LINE
  8
0
 10
111.544
 20
23.6558
 11
111.696
 21
23.7665
  0
LINE
  8
0
 10
111.696
 20
23.7665
 11
111.861
 21
23.8572
  0
LINE
  8
0
 10
111.861
 20
23.8572
 11
112.036
 21
23.9266
  0
LINE
  8
0
 10
112.036
 20
23.9266
 11
112.219
 21
23.9734
  0
LINE
  8
0
 10
112.219
 20
23.9734
 11
112.406
 21
23.997
  0
LINE
  8
0
 10
112.406
 20
23.997
 11
112.594
 21
23.997
  0
LINE
  8
0
 10
112.594
 20
23.997
 11
112.781
 21
23.9734
  0
LINE
  8
0
 10
112.781
 20
23.9734
 11
112.964
 21
23.9266
  0
LINE
  8
0
 10
112.964
 20
23.9266
 11
113.139
 21
23.8572
  0
LINE
  8
0
 10
113.139
 20
23.8572
 11
113.304
 21
23.7665
  0
LINE
  8
0
 10
113.304
 20
23.7665
 11
113.456
 21
23.6558
  0
LINE
  8
0
 10
113.456
 20
23.6558
 11
113.593
 21
23.5268
  0
LINE
  8
0
 10
113.593
 20
23.5268
 11
113.714
 21
23.3817
  0
LINE
  8
0
 10
113.714
 20
23.3817
 11
113.814
 21
23.2226
  0
LINE
  8
0
 10
113.814
 20
23.2226
 11
113.895
 21
23.0522
  0
LINE
  8
0
 10
113.895
 20
23.0522
 11
113.953
 21
22.873
  0
LINE
  8
0
 10
113.953
 20
22.873
 11
113.988
 21
22.688
  0
LINE
  8
0
 10
113.988
 20
22.688
 11
114
 21
22.5
  0
LINE
  8
0
 10
114
 20
22.5
 11
113.988
 21
22.312
  0
LINE
  8
0
 10
113.988
 20
22.312
 11
113.953
 21
22.127
  0
LINE
  8
0
 10
113.953
 20
22.127
 11
113.895
 21
21.9478
  0
LINE
  8
0
 10
113.895
 20
21.9478
 11
113.814
 21
21.7774
  0
LINE
  8
0
 10
113.814
 20
21.7774
 11
113.714
 21
21.6183
  0
LINE
  8
0
 10
113.714
 20
21.6183
 11
113.593
 21
21.4732
  0
LINE
  8
0
 10
113.593
 20
21.4732
 11
113.456
 21
21.3442
  0
LINE
  8
0
 10
113.456
 20
21.3442
 11
113.304
 21
21.2335
  0
LINE
  8
0
 10
113.304
 20
21.2335
 11
113.139
 21
21.1427
  0
LINE
  8
0
 10
113.139
 20
21.1427
 11
112.964
 21
21.0734
  0
LINE
  8
0
 10
112.964
 20
21.0734
 11
112.781
 21
21.0266
  0
LINE
  8
0
 10
112.781
 20
21.0266
 11
112.594
 21
21.003
  0
LINE
  8
0
 10
112.594
 20
21.003
 11
112.406
 21
21.003
  0
LINE
  8
0
 10
-112.594
 20
21.003
 11
-112.781
 21
21.0266
  0
LINE
  8
0
 10
-112.781
 20
21.0266
 11
-112.964
 21
21.0734
  0
LINE
  8
0
 10
-112.964
 20
21.0734
 11
-113.139
 21
21.1427
  0
LINE
  8
0
 10
-113.139
 20
21.1427
 11
-113.304
 21
21.2335
  0
LINE
  8
0
 10
-113.304
 20
21.2335
 11
-113.456
 21
21.3442
  0
LINE
  8
0
 10
-113.456
 20
21.3442
 11
-113.593
 21
21.4732
  0
LINE
  8
0
 10
-113.593
 20
21.4732
 11
-113.714
 21
21.6183
  0
LINE
  8
0
 10
-113.714
 20
21.6183
 11
-113.814
 21
21.7774
  0
LINE
  8
0
 10
-113.814
 20
21.7774
 11
-113.895
 21
21.9478
  0
LINE
  8
0
 10
-113.895
 20
21.9478
 11
-113.953
 21
22.127
  0
LINE
  8
0
 10
-113.953
 20
22.127
 11
-113.988
 21
22.312
  0
LINE
  8
0
 10
-113.988
 20
22.312
 11
-114
 21
22.5
  0
LINE
  8
0
 10
-114
 20
22.5
 11
-113.988
 21
22.688
  0
LINE
  8
0
 10
-113.988
 20
22.688
 11
-113.953
 21
22.873
  0
LINE
  8
0
 10
-113.953
 20
22.873
 11
-113.895
 21
23.0522
  0
LINE
  8
0
 10
-113.895
 20
23.0522
 11
-113.814
 21
23.2226
  0
LINE
  8
0
 10
-113.814
 20
23.2226
 11
-113.714
 21
23.3817
  0
LINE
  8
0
 10
-113.714
 20
23.3817
 11
-113.593
 21
23.5268
  0
LINE
  8
0
 10
-113.593
 20
23.5268
 11
-113.456
 21
23.6558
  0
LINE
  8
0
 10
-113.456
 20
23.6558
 11
-113.304
 21
23.7665
  0
LINE
  8
0
 10
-113.304
 20
23.7665
 11
-113.139
 21
23.8572
  0
LINE
  8
0
 10
-113.139
 20
23.8572
 11
-112.964
 21
23.9266
  0
LINE
  8
0
 10
-112.964
 20
23.9266
 11
-112.781
 21
23.9734
  0
LINE
  8
0
 10
-112.781
 20
23.9734
 11
-112.594
 21
23.997
  0
LINE
  8
0
 10
-112.594
 20
23.997
 11
-112.406
 21
23.997
  0
LINE
  8
0
 10
-112.406
 20
23.997
 11
-112.219
 21
23.9734
  0
LINE
  8
0
 10
-112.219
 20
23.9734
 11
-112.036
 21
23.9266
  0
LINE
  8
0
 10
-112.036
 20
23.9266
 11
-111.861
 21
23.8572
  0
LINE
  8
0
 10
-111.861
 20
23.8572
 11
-111.696
 21
23.7665
  0
LINE
  8
0
 10
-111.696
 20
23.7665
 11
-111.544
 21
23.6558
  0
LINE
  8
0
 10
-111.544
 20
23.6558
 11
-111.407
 21
23.5268
  0
LINE
  8
0
 10
-111.407
 20
23.5268
 11
-111.286
 21
23.3817
  0
LINE
  8
0
 10
-111.286
 20
23.3817
 11
-111.186
 21
23.2226
  0
LINE
  8
0
 10
-111.186
 20
23.2226
 11
-111.105
 21
23.0522
  0
LINE
  8
0
 10
-111.105
 20
23.0522
 11
-111.047
 21
22.873
  0
LINE
  8
0
 10
-111.047
 20
22.873
 11
-111.012
 21
22.688
  0
LINE
  8
0
 10
-111.012
 20
22.688
 11
-111
 21
22.5
  0
LINE
  8
0
 10
-111
 20
22.5
 11
-111.012
 21
22.312
  0
LINE
  8
0
 10
-111.012
 20
22.312
 11
-111.047
 21
22.127
  0
LINE
  8
0
 10
-111.047
 20
22.127
 11
-111.105
 21
21.9478
  0
LINE
  8
0
 10
-111.105
 20
21.9478
 11
-111.186
 21
21.7774
  0
LINE
  8
0
 10
-111.186
 20
21.7774
 11
-111.286
 21
21.6183
  0
LINE
  8
0
 10
-111.286
 20
21.6183
 11
-111.407
 21
21.4732
  0
LINE
  8
0
 10
-111.407
 20
21.4732
 11
-111.544
 21
21.3442
  0
LINE
  8
0
 10
-111.544
 20
21.3442
 11
-111.696
 21
21.2335
  0
LINE
  8
0
 10
-111.696
 20
21.2335
 11
-111.861
 21
21.1427
  0
LINE
  8
0
 10
-111.861
 20
21.1427
 11
-112.036
 21
21.0734
  0
LINE
  8
0
 10
-112.036
 20
21.0734
 11
-112.219
 21
21.0266
  0
LINE
  8
0
 10
-112.219
 20
21.0266
 11
-112.406
 21
21.003
  0
LINE
  8
0
 10
-112.406
 20
21.003
 11
-112.594
 21
21.003
  0
LINE
  8
0
 10
-112.688
 20
12.0059
 11
-113.062
 21
12.0531
  0
LINE
  8
0
 10
-113.062
 20
12.0531
 11
-113.427
 21
12.1468
  0
LINE
  8
0
 10
-113.427
 20
12.1468
 11
-113.777
 21
12.2855
  0
LINE
  8
0
 10
-113.777
 20
12.2855
 11
-114.107
 21
12.467
  0
LINE
  8
0
 10
-114.107
 20
12.467
 11
-114.412
 21
12.6884
  0
LINE
  8
0
 10
-114.412
 20
12.6884
 11
-114.687
 21
12.9464
  0
LINE
  8
0
 10
-114.687
 20
12.9464
 11
-114.927
 21
13.2366
  0
LINE
  8
0
 10
-114.927
 20
13.2366
 11
-115.129
 21
13.5547
  0
LINE
  8
0
 10
-115.129
 20
13.5547
 11
-115.289
 21
13.8956
  0
LINE
  8
0
 10
-115.289
 20
13.8956
 11
-115.406
 21
14.2539
  0
LINE
  8
0
 10
-115.406
 20
14.2539
 11
-115.476
 21
14.624
  0
LINE
  8
0
 10
-115.476
 20
14.624
 11
-115.5
 21
15
  0
LINE
  8
0
 10
-115.5
 20
15
 11
-115.476
 21
15.376
  0
LINE
  8
0
 10
-115.476
 20
15.376
 11
-115.406
 21
15.7461
  0
LINE
  8
0
 10
-115.406
 20
15.7461
 11
-115.289
 21
16.1044
  0
LINE
  8
0
 10
-115.289
 20
16.1044
 11
-115.129
 21
16.4453
  0
LINE
  8
0
 10
-115.129
 20
16.4453
 11
-114.927
 21
16.7634
  0
LINE
  8
0
 10
-114.927
 20
16.7634
 11
-114.687
 21
17.0536
  0
LINE
  8
0
 10
-114.687
 20
17.0536
 11
-114.412
 21
17.3115
  0
LINE
  8
0
 10
-114.412
 20
17.3115
 11
-114.107
 21
17.533
  0
LINE
  8
0
 10
-114.107
 20
17.533
 11
-113.777
 21
17.7145
  0
LINE
  8
0
 10
-113.777
 20
17.7145
 11
-113.427
 21
17.8532
  0
LINE
  8
0
 10
-113.427
 20
17.8532
 11
-113.062
 21
17.9469
  0
LINE
  8
0
 10
-113.062
 20
17.9469
 11
-112.688
 21
17.9941
  0
LINE
  8
0
 10
-112.688
 20
17.9941
 11
-112.312
 21
17.9941
  0
LINE
  8
0
 10
-112.312
 20
17.9941
 11
-111.938
 21
17.9469
  0
LINE
  8
0
 10
-111.938
 20
17.9469
 11
-111.573
 21
17.8532
  0
LINE
  8
0
 10
-111.573
 20
17.8532
 11
-111.223
 21
17.7145
  0
LINE
  8
0
 10
-111.223
 20
17.7145
 11
-110.893
 21
17.533
  0
LINE
  8
0
 10
-110.893
 20
17.533
 11
-110.588
 21
17.3115
  0
LINE
  8
0
 10
-110.588
 20
17.3115
 11
-110.313
 21
17.0536
  0
LINE
  8
0
 10
-110.313
 20
17.0536
 11
-110.073
 21
16.7634
  0
LINE
  8
0
 10
-110.073
 20
16.7634
 11
-109.871
 21
16.4453
  0
LINE
  8
0
 10
-109.871
 20
16.4453
 11
-109.711
 21
16.1044
  0
LINE
  8
0
 10
-109.711
 20
16.1044
 11
-109.594
 21
15.7461
  0
LINE
  8
0
 10
-109.594
 20
15.7461
 11
-109.524
 21
15.376
  0
LINE
  8
0
 10
-109.524
 20
15.376
 11
-109.5
 21
15
  0
LINE
  8
0
 10
-109.5
 20
15
 11
-109.524
 21
14.624
  0
LINE
  8
0
 10
-109.524
 20
14.624
 11
-109.594
 21
14.2539
  0
LINE
  8
0
 10
-109.594
 20
14.2539
 11
-109.711
 21
13.8956
  0
LINE
  8
0
 10
-109.711
 20
13.8956
 11
-109.871
 21
13.5547
  0
LINE
  8
0
 10
-109.871
 20
13.5547
 11
-110.073
 21
13.2366
  0
LINE
  8
0
 10
-110.073
 20
13.2366
 11
-110.313
 21
12.9464
  0
LINE
  8
0
 10
-110.313
 20
12.9464
 11
-110.588
 21
12.6884
  0
LINE
  8
0
 10
-110.588
 20
12.6884
 11
-110.893
 21
12.467
  0
LINE
  8
0
 10
-110.893
 20
12.467
 11
-111.223
 21
12.2855
  0
LINE
  8
0
 10
-111.223
 20
12.2855
 11
-111.573
 21
12.1468
  0
LINE
  8
0
 10
-111.573
 20
12.1468
 11
-111.938
 21
12.0531
  0
LINE
  8
0
 10
-111.938
 20
12.0531
 11
-112.312
 21
12.0059
  0
LINE
  8
0
 10
-112.312
 20
12.0059
 11
-112.688
 21
12.0059
  0
LINE
  8
0
 10
112.312
 20
12.0059
 11
111.938
 21
12.0531
  0
LINE
  8
0
 10
111.938
 20
12.0531
 11
111.573
 21
12.1468
  0
LINE
  8
0
 10
111.573
 20
12.1468
 11
111.223
 21
12.2855
  0
LINE
  8
0
 10
111.223
 20
12.2855
 11
110.893
 21
12.467
  0
LINE
  8
0
 10
110.893
 20
12.467
 11
110.588
 21
12.6884
  0
LINE
  8
0
 10
110.588
 20
12.6884
 11
110.313
 21
12.9464
  0
LINE
  8
0
 10
110.313
 20
12.9464
 11
110.073
 21
13.2366
  0
LINE
  8
0
 10
110.073
 20
13.2366
 11
109.871
 21
13.5547
  0
LINE
  8
0
 10
109.871
 20
13.5547
 11
109.711
 21
13.8956
  0
LINE
  8
0
 10
109.711
 20
13.8956
 11
109.594
 21
14.2539
  0
LINE
  8
0
 10
109.594
 20
14.2539
 11
109.524
 21
14.624
  0
LINE
  8
0
 10
109.524
 20
14.624
 11
109.5
 21
15
  0
LINE
  8
0
 10
109.5
 20
15
 11
109.524
 21
15.376
  0
LINE
  8
0
 10
109.524
 20
15.376
 11
109.594
 21
15.7461
  0
LINE
  8
0
 10
109.594
 20
15.7461
 11
109.711
 21
16.1044
  0
LINE
  8
0
 10
109.711
 20
16.1044
 11
109.871
 21
16.4453
  0
LINE
  8
0
 10
109.871
 20
16.4453
 11
110.073
 21
16.7634
  0
LINE
  8
0
 10
110.073
 20
16.7634
 11
110.313
 21
17.0536
  0
LINE
  8
0
 10
110.313
 20
17.0536
 11
110.588
 21
17.3115
  0
LINE
  8
0
 10
110.588
 20
17.3115
 11
110.893
 21
17.533
  0
LINE
  8
0
 10
110.893
 20
17.533
 11
111.223
 21
17.7145
  0
LINE
  8
0
 10
111.223
 20
17.7145
 11
111.573
 21
17.8532
  0
LINE
  8
0
 10
111.573
 20
17.8532
 11
111.938
 21
17.9469
  0
LINE
  8
0
 10
111.938
 20
17.9469
 11
112.312
 21
17.9941
  0
LINE
  8
0
 10
112.312
 20
17.9941
 11
112.688
 21
17.9941
  0
LINE
  8
0
 10
112.688
 20
17.9941
 11
113.062
 21
17.9469
  0
LINE
  8
0
 10
113.062
 20
17.9469
 11
113.427
 21
17.8532
  0
LINE
  8
0
 10
113.427
 20
17.8532
 11
113.777
 21
17.7145
  0
LINE
  8
0
 10
113.777
 20
17.7145
 11
114.107
 21
17.533
  0
LINE
  8
0
 10
114.107
 20
17.533
 11
114.412
 21
17.3115
  0
LINE
  8
0
 10
114.412
 20
17.3115
 11
114.687
 21
17.0536
  0
LINE
  8
0
 10
114.687
 20
17.0536
 11
114.927
 21
16.7634
  0
LINE
  8
0
 10
114.927
 20
16.7634
 11
115.129
 21
16.4453
  0
LINE
  8
0
 10
115.129
 20
16.4453
 11
115.289
 21
16.1044
  0
LINE
  8
0
 10
115.289
 20
16.1044
 11
115.406
 21
15.7461
  0
LINE
  8
0
 10
115.406
 20
15.7461
 11
115.476
 21
15.376
  0
LINE
  8
0
 10
115.476
 20
15.376
 11
115.5
 21
15
  0
LINE
  8
0
 10
115.5
 20
15
 11
115.476
 21
14.624
  0
LINE
  8
0
 10
115.476
 20
14.624
 11
115.406
 21
14.2539
  0
LINE
  8
0
 10
115.406
 20
14.2539
 11
115.289
 21
13.8956
  0
LINE
  8
0
 10
115.289
 20
13.8956
 11
115.129
 21
13.5547
  0
LINE
  8
0
 10
115.129
 20
13.5547
 11
114.927
 21
13.2366
  0
LINE
  8
0
 10
114.927
 20
13.2366
 11
114.687
 21
12.9464
  0
LINE
  8
0
 10
114.687
 20
12.9464
 11
114.412
 21
12.6884
  0
LINE
  8
0
 10
114.412
 20
12.6884
 11
114.107
 21
12.467
  0
LINE
  8
0
 10
114.107
 20
12.467
 11
113.777
 21
12.2855
  0
LINE
  8
0
 10
113.777
 20
12.2855
 11
113.427
 21
12.1468
  0
LINE
  8
0
 10
113.427
 20
12.1468
 11
113.062
 21
12.0531
  0
LINE
  8
0
 10
113.062
 20
12.0531
 11
112.688
 21
12.0059
  0
LINE
  8
0
 10
112.688
 20
12.0059
 11
112.312
 21
12.0059
  0
LINE
  8
0
 10
112.406
 20
6.00294
 11
112.219
 21
6.02657
  0
LINE
  8
0
 10
112.219
 20
6.02657
 11
112.036
 21
6.07341
  0
LINE
  8
0
 10
112.036
 20
6.07341
 11
111.861
 21
6.14275
  0
LINE
  8
0
 10
111.861
 20
6.14275
 11
111.696
 21
6.23351
  0
LINE
  8
0
 10
111.696
 20
6.23351
 11
111.544
 21
6.34422
  0
LINE
  8
0
 10
111.544
 20
6.34422
 11
111.407
 21
6.47318
  0
LINE
  8
0
 10
111.407
 20
6.47318
 11
111.286
 21
6.61832
  0
LINE
  8
0
 10
111.286
 20
6.61832
 11
111.186
 21
6.77736
  0
LINE
  8
0
 10
111.186
 20
6.77736
 11
111.105
 21
6.9478
  0
LINE
  8
0
 10
111.105
 20
6.9478
 11
111.047
 21
7.12695
  0
LINE
  8
0
 10
111.047
 20
7.12695
 11
111.012
 21
7.312
  0
LINE
  8
0
 10
111.012
 20
7.312
 11
111
 21
7.5
  0
LINE
  8
0
 10
111
 20
7.5
 11
111.012
 21
7.68799
  0
LINE
  8
0
 10
111.012
 20
7.68799
 11
111.047
 21
7.87303
  0
LINE
  8
0
 10
111.047
 20
7.87303
 11
111.105
 21
8.05219
  0
LINE
  8
0
 10
111.105
 20
8.05219
 11
111.186
 21
8.22263
  0
LINE
  8
0
 10
111.186
 20
8.22263
 11
111.286
 21
8.38167
  0
LINE
  8
0
 10
111.286
 20
8.38167
 11
111.407
 21
8.52681
  0
LINE
  8
0
 10
111.407
 20
8.52681
 11
111.544
 21
8.65576
  0
LINE
  8
0
 10
111.544
 20
8.65576
 11
111.696
 21
8.76648
  0
LINE
  8
0
 10
111.696
 20
8.76648
 11
111.861
 21
8.85724
  0
LINE
  8
0
 10
111.861
 20
8.85724
 11
112.036
 21
8.92657
  0
LINE
  8
0
 10
112.036
 20
8.92657
 11
112.219
 21
8.97342
  0
LINE
  8
0
 10
112.219
 20
8.97342
 11
112.406
 21
8.99704
  0
LINE
  8
0
 10
112.406
 20
8.99704
 11
112.594
 21
8.99704
  0
LINE
  8
0
 10
112.594
 20
8.99704
 11
112.781
 21
8.97342
  0
LINE
  8
0
 10
112.781
 20
8.97342
 11
112.964
 21
8.92657
  0
LINE
  8
0
 10
112.964
 20
8.92657
 11
113.139
 21
8.85724
  0
LINE
  8
0
 10
113.139
 20
8.85724
 11
113.304
 21
8.76648
  0
LINE
  8
0
 10
113.304
 20
8.76648
 11
113.456
 21
8.65576
  0
LINE
  8
0
 10
113.456
 20
8.65576
 11
113.593
 21
8.52681
  0
LINE
  8
0
 10
113.593
 20
8.52681
 11
113.714
 21
8.38167
  0
LINE
  8
0
 10
113.714
 20
8.38167
 11
113.814
 21
8.22263
  0
LINE
  8
0
 10
113.814
 20
8.22263
 11
113.895
 21
8.05219
  0
LINE
  8
0
 10
113.895
 20
8.05219
 11
113.953
 21
7.87303
  0
LINE
  8
0
 10
113.953
 20
7.87303
 11
113.988
 21
7.68799
  0
LINE
  8
0
 10
113.988
 20
7.68799
 11
114
 21
7.5
  0
LINE
  8
0
 10
114
 20
7.5
 11
113.988
 21
7.312
  0
LINE
  8
0
 10
113.988
 20
7.312
 11
113.953
 21
7.12695
  0
LINE
  8
0
 10
113.953
 20
7.12695
 11
113.895
 21
6.9478
  0
LINE
  8
0
 10
113.895
 20
6.9478
 11
113.814
 21
6.77736
  0
LINE
  8
0
 10
113.814
 20
6.77736
 11
113.714
 21
6.61832
  0
LINE
  8
0
 10
113.714
 20
6.61832
 11
113.593
 21
6.47318
  0
LINE
  8
0
 10
113.593
 20
6.47318
 11
113.456
 21
6.34422
  0
LINE
  8
0
 10
113.456
 20
6.34422
 11
113.304
 21
6.23351
  0
LINE
  8
0
 10
113.304
 20
6.23351
 11
113.139
 21
6.14275
  0
LINE
  8
0
 10
113.139
 20
6.14275
 11
112.964
 21
6.07341
  0
LINE
  8
0
 10
112.964
 20
6.07341
 11
112.781
 21
6.02657
  0
LINE
  8
0
 10
112.781
 20
6.02657
 11
112.594
 21
6.00294
  0
LINE
  8
0
 10
112.594
 20
6.00294
 11
112.406
 21
6.00294
  0
LINE
  8
0
 10
-112.594
 20
6.00294
 11
-112.781
 21
6.02657
  0
LINE
  8
0
 10
-112.781
 20
6.02657
 11
-112.964
 21
6.07341
  0
LINE
  8
0
 10
-112.964
 20
6.07341
 11
-113.139
 21
6.14275
  0
LINE
  8
0
 10
-113.139
 20
6.14275
 11
-113.304
 21
6.23351
  0
LINE
  8
0
 10
-113.304
 20
6.23351
 11
-113.456
 21
6.34422
  0
LINE
  8
0
 10
-113.456
 20
6.34422
 11
-113.593
 21
6.47318
  0
LINE
  8
0
 10
-113.593
 20
6.47318
 11
-113.714
 21
6.61832
  0
LINE
  8
0
 10
-113.714
 20
6.61832
 11
-113.814
 21
6.77736
  0
LINE
  8
0
 10
-113.814
 20
6.77736
 11
-113.895
 21
6.9478
  0
LINE
  8
0
 10
-113.895
 20
6.9478
 11
-113.953
 21
7.12695
  0
LINE
  8
0
 10
-113.953
 20
7.12695
 11
-113.988
 21
7.312
  0
LINE
  8
0
 10
-113.988
 20
7.312
 11
-114
 21
7.5
  0
LINE
  8
0
 10
-114
 20
7.5
 11
-113.988
 21
7.68799
  0
LINE
  8
0
 10
-113.988
 20
7.68799
 11
-113.953
 21
7.87303
  0
LINE
  8
0
 10
-113.953
 20
7.87303
 11
-113.895
 21
8.05219
  0
LINE
  8
0
 10
-113.895
 20
8.05219
 11
-113.814
 21
8.22263
  0
LINE
  8
0
 10
-113.814
 20
8.22263
 11
-113.714
 21
8.38167
  0
LINE
  8
0
 10
-113.714
 20
8.38167
 11
-113.593
 21
8.52681
  0
LINE
  8
0
 10
-113.593
 20
8.52681
 11
-113.456
 21
8.65576
  0
LINE
  8
0
 10
-113.456
 20
8.65576
 11
-113.304
 21
8.76648
  0
LINE
  8
0
 10
-113.304
 20
8.76648
 11
-113.139
 21
8.85724
  0
LINE
  8
0
 10
-113.139
 20
8.85724
 11
-112.964
 21
8.92657
  0
LINE
  8
0
 10
-112.964
 20
8.92657
 11
-112.781
 21
8.97342
  0
LINE
  8
0
 10
-112.781
 20
8.97342
 11
-112.594
 21
8.99704
  0
LINE
  8
0
 10
-112.594
 20
8.99704
 11
-112.406
 21
8.99704
  0
LINE
  8
0
 10
-112.406
 20
8.99704
 11
-112.219
 21
8.97342
  0
LINE
  8
0
 10
-112.219
 20
8.97342
 11
-112.036
 21
8.92657
  0
LINE
  8
0
 10
-112.036
 20
8.92657
 11
-111.861
 21
8.85724
  0
LINE
  8
0
 10
-111.861
 20
8.85724
 11
-111.696
 21
8.76648
  0
LINE
  8
0
 10
-111.696
 20
8.76648
 11
-111.544
 21
8.65576
  0
LINE
  8
0
 10
-111.544
 20
8.65576
 11
-111.407
 21
8.52681
  0
LINE
  8
0
 10
-111.407
 20
8.52681
 11
-111.286
 21
8.38167
  0
LINE
  8
0
 10
-111.286
 20
8.38167
 11
-111.186
 21
8.22263
  0
LINE
  8
0
 10
-111.186
 20
8.22263
 11
-111.105
 21
8.05219
  0
LINE
  8
0
 10
-111.105
 20
8.05219
 11
-111.047
 21
7.87303
  0
LINE
  8
0
 10
-111.047
 20
7.87303
 11
-111.012
 21
7.68799
  0
LINE
  8
0
 10
-111.012
 20
7.68799
 11
-111
 21
7.5
  0
LINE
  8
0
 10
-111
 20
7.5
 11
-111.012
 21
7.312
  0
LINE
  8
0
 10
-111.012
 20
7.312
 11
-111.047
 21
7.12695
  0
LINE
  8
0
 10
-111.047
 20
7.12695
 11
-111.105
 21
6.9478
  0
LINE
  8
0
 10
-111.105
 20
6.9478
 11
-111.186
 21
6.77736
  0
LINE
  8
0
 10
-111.186
 20
6.77736
 11
-111.286
 21
6.61832
  0
LINE
  8
0
 10
-111.286
 20
6.61832
 11
-111.407
 21
6.47318
  0
LINE
  8
0
 10
-111.407
 20
6.47318
 11
-111.544
 21
6.34422
  0
LINE
  8
0
 10
-111.544
 20
6.34422
 11
-111.696
 21
6.23351
  0
LINE
  8
0
 10
-111.696
 20
6.23351
 11
-111.861
 21
6.14275
  0
LINE
  8
0
 10
-111.861
 20
6.14275
 11
-112.036
 21
6.07341
  0
LINE
  8
0
 10
-112.036
 20
6.07341
 11
-112.219
 21
6.02657
  0
LINE
  8
0
 10
-112.219
 20
6.02657
 11
-112.406
 21
6.00294
  0
LINE
  8
0
 10
-112.406
 20
6.00294
 11
-112.594
 21
6.00294
  0
LINE
  8
0
 10
112.312
 20
-2.99408
 11
111.938
 21
-2.94685
  0
LINE
  8
0
 10
111.938
 20
-2.94685
 11
111.573
 21
-2.85316
  0
LINE
  8
0
 10
111.573
 20
-2.85316
 11
111.223
 21
-2.71448
  0
LINE
  8
0
 10
111.223
 20
-2.71448
 11
110.893
 21
-2.53297
  0
LINE
  8
0
 10
110.893
 20
-2.53297
 11
110.588
 21
-2.31154
  0
LINE
  8
0
 10
110.588
 20
-2.31154
 11
110.313
 21
-2.05363
  0
LINE
  8
0
 10
110.313
 20
-2.05363
 11
110.073
 21
-1.76335
  0
LINE
  8
0
 10
110.073
 20
-1.76335
 11
109.871
 21
-1.44525
  0
LINE
  8
0
 10
109.871
 20
-1.44525
 11
109.711
 21
-1.10437
  0
LINE
  8
0
 10
109.711
 20
-1.10437
 11
109.594
 21
-0.746063
  0
LINE
  8
0
 10
109.594
 20
-0.746063
 11
109.524
 21
-0.375992
  0
LINE
  8
0
 10
109.524
 20
-0.375992
 11
109.5
 21
0
  0
LINE
  8
0
 10
109.5
 20
0
 11
109.524
 21
0.375992
  0
LINE
  8
0
 10
109.524
 20
0.375992
 11
109.594
 21
0.746063
  0
LINE
  8
0
 10
109.594
 20
0.746063
 11
109.711
 21
1.10437
  0
LINE
  8
0
 10
109.711
 20
1.10437
 11
109.871
 21
1.44525
  0
LINE
  8
0
 10
109.871
 20
1.44525
 11
110.073
 21
1.76335
  0
LINE
  8
0
 10
110.073
 20
1.76335
 11
110.313
 21
2.05363
  0
LINE
  8
0
 10
110.313
 20
2.05363
 11
110.588
 21
2.31154
  0
LINE
  8
0
 10
110.588
 20
2.31154
 11
110.893
 21
2.53297
  0
LINE
  8
0
 10
110.893
 20
2.53297
 11
111.223
 21
2.71448
  0
LINE
  8
0
 10
111.223
 20
2.71448
 11
111.573
 21
2.85316
  0
LINE
  8
0
 10
111.573
 20
2.85316
 11
111.938
 21
2.94685
  0
LINE
  8
0
 10
111.938
 20
2.94685
 11
112.312
 21
2.99408
  0
LINE
  8
0
 10
112.312
 20
2.99408
 11
112.688
 21
2.99408
  0
LINE
  8
0
 10
112.688
 20
2.99408
 11
113.062
 21
2.94685
  0
LINE
  8
0
 10
113.062
 20
2.94685
 11
113.427
 21
2.85316
  0
LINE
  8
0
 10
113.427
 20
2.85316
 11
113.777
 21
2.71448
  0
LINE
  8
0
 10
113.777
 20
2.71448
 11
114.107
 21
2.53297
  0
LINE
  8
0
 10
114.107
 20
2.53297
 11
114.412
 21
2.31154
  0
LINE
  8
0
 10
114.412
 20
2.31154
 11
114.687
 21
2.05363
  0
LINE
  8
0
 10
114.687
 20
2.05363
 11
114.927
 21
1.76335
  0
LINE
  8
0
 10
114.927
 20
1.76335
 11
115.129
 21
1.44525
  0
LINE
  8
0
 10
115.129
 20
1.44525
 11
115.289
 21
1.10437
  0
LINE
  8
0
 10
115.289
 20
1.10437
 11
115.406
 21
0.746063
  0
LINE
  8
0
 10
115.406
 20
0.746063
 11
115.476
 21
0.375992
  0
LINE
  8
0
 10
115.476
 20
0.375992
 11
115.5
 21
0
  0
LINE
  8
0
 10
115.5
 20
0
 11
115.476
 21
-0.375992
  0
LINE
  8
0
 10
115.476
 20
-0.375992
 11
115.406
 21
-0.746063
  0
LINE
  8
0
 10
115.406
 20
-0.746063
 11
115.289
 21
-1.10437
  0
LINE
  8
0
 10
115.289
 20
-1.10437
 11
115.129
 21
-1.44525
  0
LINE
  8
0
 10
115.129
 20
-1.44525
 11
114.927
 21
-1.76335
  0
LINE
  8
0
 10
114.927
 20
-1.76335
 11
114.687
 21
-2.05363
  0
LINE
  8
0
 10
114.687
 20
-2.05363
 11
114.412
 21
-2.31154
  0
LINE
  8
0
 10
114.412
 20
-2.31154
 11
114.107
 21
-2.53297
  0
LINE
  8
0
 10
114.107
 20
-2.53297
 11
113.777
 21
-2.71448
  0
LINE
  8
0
 10
113.777
 20
-2.71448
 11
113.427
 21
-2.85316
  0
LINE
  8
0
 10
113.427
 20
-2.85316
 11
113.062
 21
-2.94685
  0
LINE
  8
0
 10
113.062
 20
-2.94685
 11
112.688
 21
-2.99408
  0
LINE
  8
0
 10
112.688
 20
-2.99408
 11
112.312
 21
-2.99408
  0
LINE
  8
0
 10
-112.688
 20
-2.99408
 11
-113.062
 21
-2.94685
  0
LINE
  8
0
 10
-113.062
 20
-2.94685
 11
-113.427
 21
-2.85316
  0
LINE
  8
0
 10
-113.427
 20
-2.85316
 11
-113.777
 21
-2.71448
  0
LINE
  8
0
 10
-113.777
 20
-2.71448
 11
-114.107
 21
-2.53297
  0
LINE
  8
0
 10
-114.107
 20
-2.53297
 11
-114.412
 21
-2.31154
  0
LINE
  8
0
 10
-114.412
 20
-2.31154
 11
-114.687
 21
-2.05363
  0
LINE
  8
0
 10
-114.687
 20
-2.05363
 11
-114.927
 21
-1.76335
  0
LINE
  8
0
 10
-114.927
 20
-1.76335
 11
-115.129
 21
-1.44525
  0
LINE
  8
0
 10
-115.129
 20
-1.44525
 11
-115.289
 21
-1.10437
  0
LINE
  8
0
 10
-115.289
 20
-1.10437
 11
-115.406
 21
-0.746063
  0
LINE
  8
0
 10
-115.406
 20
-0.746063
 11
-115.476
 21
-0.375992
  0
LINE
  8
0
 10
-115.476
 20
-0.375992
 11
-115.5
 21
0
  0
LINE
  8
0
 10
-115.5
 20
0
 11
-115.476
 21
0.375992
  0
LINE
  8
0
 10
-115.476
 20
0.375992
 11
-115.406
 21
0.746063
  0
LINE
  8
0
 10
-115.406
 20
0.746063
 11
-115.289
 21
1.10437
  0
LINE
  8
0
 10
-115.289
 20
1.10437
 11
-115.129
 21
1.44525
  0
LINE
  8
0
 10
-115.129
 20
1.44525
 11
-114.927
 21
1.76335
  0
LINE
  8
0
 10
-114.927
 20
1.76335
 11
-114.687
 21
2.05363
  0
LINE
  8
0
 10
-114.687
 20
2.05363
 11
-114.412
 21
2.31154
  0
LINE
  8
0
 10
-114.412
 20
2.31154
 11
-114.107
 21
2.53297
  0
LINE
  8
0
 10
-114.107
 20
2.53297
 11
-113.777
 21
2.71448
  0
LINE
  8
0
 10
-113.777
 20
2.71448
 11
-113.427
 21
2.85316
  0
LINE
  8
0
 10
-113.427
 20
2.85316
 11
-113.062
 21
2.94685
  0
LINE
  8
0
 10
-113.062
 20
2.94685
 11
-112.688
 21
2.99408
  0
LINE
  8
0
 10
-112.688
 20
2.99408
 11
-112.312
 21
2.99408
  0
LINE
  8
0
 10
-112.312
 20
2.99408
 11
-111.938
 21
2.94685
  0
LINE
  8
0
 10
-111.938
 20
2.94685
 11
-111.573
 21
2.85316
  0
LINE
  8
0
 10
-111.573
 20
2.85316
 11
-111.223
 21
2.71448
  0
LINE
  8
0
 10
-111.223
 20
2.71448
 11
-110.893
 21
2.53297
  0
LINE
  8
0
 10
-110.893
 20
2.53297
 11
-110.588
 21
2.31154
  0
LINE
  8
0
 10
-110.588
 20
2.31154
 11
-110.313
 21
2.05363
  0
LINE
  8
0
 10
-110.313
 20
2.05363
 11
-110.073
 21
1.76335
  0
LINE
  8
0
 10
-110.073
 20
1.76335
 11
-109.871
 21
1.44525
  0
LINE
  8
0
 10
-109.871
 20
1.44525
 11
-109.711
 21
1.10437
  0
LINE
  8
0
 10
-109.711
 20
1.10437
 11
-109.594
 21
0.746063
  0
LINE
  8
0
 10
-109.594
 20
0.746063
 11
-109.524
 21
0.375992
  0
LINE
  8
0
 10
-109.524
 20
0.375992
 11
-109.5
 21
0
  0
LINE
  8
0
 10
-109.5
 20
0
 11
-109.524
 21
-0.375992
  0
LINE
  8
0
 10
-109.524
 20
-0.375992
 11
-109.594
 21
-0.746063
  0
LINE
  8
0
 10
-109.594
 20
-0.746063
 11
-109.711
 21
-1.10437
  0
LINE
  8
0
 10
-109.711
 20
-1.10437
 11
-109.871
 21
-1.44525
  0
LINE
  8
0
 10
-109.871
 20
-1.44525
 11
-110.073
 21
-1.76335
  0
LINE
  8
0
 10
-110.073
 20
-1.76335
 11
-110.313
 21
-2.05363
  0
LINE
  8
0
 10
-110.313
 20
-2.05363
 11
-110.588
 21
-2.31154
  0
LINE
  8
0
 10
-110.588
 20
-2.31154
 11
-110.893
 21
-2.53297
  0
LINE
  8
0
 10
-110.893
 20
-2.53297
 11
-111.223
 21
-2.71448
  0
LINE
  8
0
 10
-111.223
 20
-2.71448
 11
-111.573
 21
-2.85316
  0
LINE
  8
0
 10
-111.573
 20
-2.85316
 11
-111.938
 21
-2.94685
  0
LINE
  8
0
 10
-111.938
 20
-2.94685
 11
-112.312
 21
-2.99408
  0
LINE
  8
0
 10
-112.312
 20
-2.99408
 11
-112.688
 21
-2.99408
  0
LINE
  8
0
 10
112.406
 20
-8.99704
 11
112.219
 21
-8.97342
  0
LINE
  8
0
 10
112.219
 20
-8.97342
 11
112.036
 21
-8.92657
  0
LINE
  8
0
 10
112.036
 20
-8.92657
 11
111.861
 21
-8.85724
  0
LINE
  8
0
 10
111.861
 20
-8.85724
 11
111.696
 21
-8.76648
  0
LINE
  8
0
 10
111.696
 20
-8.76648
 11
111.544
 21
-8.65576
  0
LINE
  8
0
 10
111.544
 20
-8.65576
 11
111.407
 21
-8.52681
  0
LINE
  8
0
 10
111.407
 20
-8.52681
 11
111.286
 21
-8.38167
  0
LINE
  8
0
 10
111.286
 20
-8.38167
 11
111.186
 21
-8.22263
  0
LINE
  8
0
 10
111.186
 20
-8.22263
 11
111.105
 21
-8.05219
  0
LINE
  8
0
 10
111.105
 20
-8.05219
 11
111.047
 21
-7.87303
  0
LINE
  8
0
 10
111.047
 20
-7.87303
 11
111.012
 21
-7.68799
  0
LINE
  8
0
 10
111.012
 20
-7.68799
 11
111
 21
-7.5
  0
LINE
  8
0
 10
111
 20
-7.5
 11
111.012
 21
-7.312
  0
LINE
  8
0
 10
111.012
 20
-7.312
 11
111.047
 21
-7.12695
  0
LINE
  8
0
 10
111.047
 20
-7.12695
 11
111.105
 21
-6.9478
  0
LINE
  8
0
 10
111.105
 20
-6.9478
 11
111.186
 21
-6.77736
  0
LINE
  8
0
 10
111.186
 20
-6.77736
 11
111.286
 21
-6.61832
  0
LINE
  8
0
 10
111.286
 20
-6.61832
 11
111.407
 21
-6.47318
  0
LINE
  8
0
 10
111.407
 20
-6.47318
 11
111.544
 21
-6.34422
  0
LINE
  8
0
 10
111.544
 20
-6.34422
 11
111.696
 21
-6.23351
  0
LINE
  8
0
 10
111.696
 20
-6.23351
 11
111.861
 21
-6.14275
  0
LINE
  8
0
 10
111.861
 20
-6.14275
 11
112.036
 21
-6.07341
  0
LINE
  8
0
 10
112.036
 20
-6.07341
 11
112.219
 21
-6.02657
  0
LINE
  8
0
 10
112.219
 20
-6.02657
 11
112.406
 21
-6.00294
  0
LINE
  8
0
 10
112.406
 20
-6.00294
 11
112.594
 21
-6.00294
  0
LINE
  8
0
 10
112.594
 20
-6.00294
 11
112.781
 21
-6.02657
  0
LINE
  8
0
 10
112.781
 20
-6.02657
 11
112.964
 21
-6.07341
  0
LINE
  8
0
 10
112.964
 20
-6.07341
 11
113.139
 21
-6.14275
  0
LINE
  8
0
 10
113.139
 20
-6.14275
 11
113.304
 21
-6.23351
  0
LINE
  8
0
 10
113.304
 20
-6.23351
 11
113.456
 21
-6.34422
  0
LINE
  8
0
 10
113.456
 20
-6.34422
 11
113.593
 21
-6.47318
  0
LINE
  8
0
 10
113.593
 20
-6.47318
 11
113.714
 21
-6.61832
  0
LINE
  8
0
 10
113.714
 20
-6.61832
 11
113.814
 21
-6.77736
  0
LINE
  8
0
 10
113.814
 20
-6.77736
 11
113.895
 21
-6.9478
  0
LINE
  8
0
 10
113.895
 20
-6.9478
 11
113.953
 21
-7.12695
  0
LINE
  8
0
 10
113.953
 20
-7.12695
 11
113.988
 21
-7.312
  0
LINE
  8
0
 10
113.988
 20
-7.312
 11
114
 21
-7.5
  0
LINE
  8
0
 10
114
 20
-7.5
 11
113.988
 21
-7.68799
  0
LINE
  8
0
 10
113.988
 20
-7.68799
 11
113.953
 21
-7.87303
  0
LINE
  8
0
 10
113.953
 20
-7.87303
 11
113.895
 21
-8.05219
  0
LINE
  8
0
 10
113.895
 20
-8.05219
 11
113.814
 21
-8.22263
  0
LINE
  8
0
 10
113.814
 20
-8.22263
 11
113.714
 21
-8.38167
  0
LINE
  8
0
 10
113.714
 20
-8.38167
 11
113.593
 21
-8.52681
  0
LINE
  8
0
 10
113.593
 20
-8.52681
 11
113.456
 21
-8.65576
  0
LINE
  8
0
 10
113.456
 20
-8.65576
 11
113.304
 21
-8.76648
  0
LINE
  8
0
 10
113.304
 20
-8.76648
 11
113.139
 21
-8.85724
  0
LINE
  8
0
 10
113.139
 20
-8.85724
 11
112.964
 21
-8.92657
  0
LINE
  8
0
 10
112.964
 20
-8.92657
 11
112.781
 21
-8.97342
  0
LINE
  8
0
 10
112.781
 20
-8.97342
 11
112.594
 21
-8.99704
  0
LINE
  8
0
 10
112.594
 20
-8.99704
 11
112.406
 21
-8.99704
  0
LINE
  8
0
 10
-112.594
 20
-8.99704
 11
-112.781
 21
-8.97342
  0
LINE
  8
0
 10
-112.781
 20
-8.97342
 11
-112.964
 21
-8.92657
  0
LINE
  8
0
 10
-112.964
 20
-8.92657
 11
-113.139
 21
-8.85724
  0
LINE
  8
0
 10
-113.139
 20
-8.85724
 11
-113.304
 21
-8.76648
  0
LINE
  8
0
 10
-113.304
 20
-8.76648
 11
-113.456
 21
-8.65576
  0
LINE
  8
0
 10
-113.456
 20
-8.65576
 11
-113.593
 21
-8.52681
  0
LINE
  8
0
 10
-113.593
 20
-8.52681
 11
-113.714
 21
-8.38167
  0
LINE
  8
0
 10
-113.714
 20
-8.38167
 11
-113.814
 21
-8.22263
  0
LINE
  8
0
 10
-113.814
 20
-8.22263
 11
-113.895
 21
-8.05219
  0
LINE
  8
0
 10
-113.895
 20
-8.05219
 11
-113.953
 21
-7.87303
  0
LINE
  8
0
 10
-113.953
 20
-7.87303
 11
-113.988
 21
-7.68799
  0
LINE
  8
0
 10
-113.988
 20
-7.68799
 11
-114
 21
-7.5
  0
LINE
  8
0
 10
-114
 20
-7.5
 11
-113.988
 21
-7.312
  0
LINE
  8
0
 10
-113.988
 20
-7.312
 11
-113.953
 21
-7.12695
  0
LINE
  8
0
 10
-113.953
 20
-7.12695
 11
-113.895
 21
-6.9478
  0
LINE
  8
0
 10
-113.895
 20
-6.9478
 11
-113.814
 21
-6.77736
  0
LINE
  8
0
 10
-113.814
 20
-6.77736
 11
-113.714
 21
-6.61832
  0
LINE
  8
0
 10
-113.714
 20
-6.61832
 11
-113.593
 21
-6.47318
  0
LINE
  8
0
 10
-113.593
 20
-6.47318
 11
-113.456
 21
-6.34422
  0
LINE
  8
0
 10
-113.456
 20
-6.34422
 11
-113.304
 21
-6.23351
  0
LINE
  8
0
 10
-113.304
 20
-6.23351
 11
-113.139
 21
-6.14275
  0
LINE
  8
0
 10
-113.139
 20
-6.14275
 11
-112.964
 21
-6.07341
  0
LINE
  8
0
 10
-112.964
 20
-6.07341
 11
-112.781
 21
-6.02657
  0
LINE
  8
0
 10
-112.781
 20
-6.02657
 11
-112.594
 21
-6.00294
  0
LINE
  8
0
 10
-112.594
 20
-6.00294
 11
-112.406
 21
-6.00294
  0
LINE
  8
0
 10
-112.406
 20
-6.00294
 11
-112.219
 21
-6.02657
  0
LINE
  8
0
 10
-112.219
 20
-6.02657
 11
-112.036
 21
-6.07341
  0
LINE
  8
0
 10
-112.036
 20
-6.07341
 11
-111.861
 21
-6.14275
  0
LINE
  8
0
 10
-111.861
 20
-6.14275
 11
-111.696
 21
-6.23351
  0
LINE
  8
0
 10
-111.696
 20
-6.23351
 11
-111.544
 21
-6.34422
  0
LINE
  8
0
 10
-111.544
 20
-6.34422
 11
-111.407
 21
-6.47318
  0
LINE
  8
0
 10
-111.407
 20
-6.47318
 11
-111.286
 21
-6.61832
  0
LINE
  8
0
 10
-111.286
 20
-6.61832
 11
-111.186
 21
-6.77736
  0
LINE
  8
0
 10
-111.186
 20
-6.77736
 11
-111.105
 21
-6.9478
  0
LINE
  8
0
 10
-111.105
 20
-6.9478
 11
-111.047
 21
-7.12695
  0
LINE
  8
0
 10
-111.047
 20
-7.12695
 11
-111.012
 21
-7.312
  0
LINE
  8
0
 10
-111.012
 20
-7.312
 11
-111
 21
-7.5
  0
LINE
  8
0
 10
-111
 20
-7.5
 11
-111.012
 21
-7.68799
  0
LINE
  8
0
 10
-111.012
 20
-7.68799
 11
-111.047
 21
-7.87303
  0
LINE
  8
0
 10
-111.047
 20
-7.87303
 11
-111.105
 21
-8.05219
  0
LINE
  8
0
 10
-111.105
 20
-8.05219
 11
-111.186
 21
-8.22263
  0
LINE
  8
0
 10
-111.186
 20
-8.22263
 11
-111.286
 21
-8.38167
  0
LINE
  8
0
 10
-111.286
 20
-8.38167
 11
-111.407
 21
-8.52681
  0
LINE
  8
0
 10
-111.407
 20
-8.52681
 11
-111.544
 21
-8.65576
  0
LINE
  8
0
 10
-111.544
 20
-8.65576
 11
-111.696
 21
-8.76648
  0
LINE
  8
0
 10
-111.696
 20
-8.76648
 11
-111.861
 21
-8.85724
  0
LINE
  8
0
 10
-111.861
 20
-8.85724
 11
-112.036
 21
-8.92657
  0
LINE
  8
0
 10
-112.036
 20
-8.92657
 11
-112.219
 21
-8.97342
  0
LINE
  8
0
 10
-112.219
 20
-8.97342
 11
-112.406
 21
-8.99704
  0
LINE
  8
0
 10
-112.406
 20
-8.99704
 11
-112.594
 21
-8.99704
  0
LINE
  8
0
 10
-112.688
 20
-17.9941
 11
-113.062
 21
-17.9469
  0
LINE
  8
0
 10
-113.062
 20
-17.9469
 11
-113.427
 21
-17.8532
  0
LINE
  8
0
 10
-113.427
 20
-17.8532
 11
-113.777
 21
-17.7145
  0
LINE
  8
0
 10
-113.777
 20
-17.7145
 11
-114.107
 21
-17.533
  0
LINE
  8
0
 10
-114.107
 20
-17.533
 11
-114.412
 21
-17.3115
  0
LINE
  8
0
 10
-114.412
 20
-17.3115
 11
-114.687
 21
-17.0536
  0
LINE
  8
0
 10
-114.687
 20
-17.0536
 11
-114.927
 21
-16.7634
  0
LINE
  8
0
 10
-114.927
 20
-16.7634
 11
-115.129
 21
-16.4453
  0
LINE
  8
0
 10
-115.129
 20
-16.4453
 11
-115.289
 21
-16.1044
  0
LINE
  8
0
 10
-115.289
 20
-16.1044
 11
-115.406
 21
-15.7461
  0
LINE
  8
0
 10
-115.406
 20
-15.7461
 11
-115.476
 21
-15.376
  0
LINE
  8
0
 10
-115.476
 20
-15.376
 11
-115.5
 21
-15
  0
LINE
  8
0
 10
-115.5
 20
-15
 11
-115.476
 21
-14.624
  0
LINE
  8
0
 10
-115.476
 20
-14.624
 11
-115.406
 21
-14.2539
  0
LINE
  8
0
 10
-115.406
 20
-14.2539
 11
-115.289
 21
-13.8956
  0
LINE
  8
0
 10
-115.289
 20
-13.8956
 11
-115.129
 21
-13.5547
  0
LINE
  8
0
 10
-115.129
 20
-13.5547
 11
-114.927
 21
-13.2366
  0
LINE
  8
0
 10
-114.927
 20
-13.2366
 11
-114.687
 21
-12.9464
  0
LINE
  8
0
 10
-114.687
 20
-12.9464
 11
-114.412
 21
-12.6884
  0
LINE
  8
0
 10
-114.412
 20
-12.6884
 11
-114.107
 21
-12.467
  0
LINE
  8
0
 10
-114.107
 20
-12.467
 11
-113.777
 21
-12.2855
  0
LINE
  8
0
 10
-113.777
 20
-12.2855
 11
-113.427
 21
-12.1468
  0
LINE
  8
0
 10
-113.427
 20
-12.1468
 11
-113.062
 21
-12.0531
  0
LINE
  8
0
 10
-113.062
 20
-12.0531
 11
-112.688
 21
-12.0059
  0
LINE
  8
0
 10
-112.688
 20
-12.0059
 11
-112.312
 21
-12.0059
  0
LINE
  8
0
 10
-112.312
 20
-12.0059
 11
-111.938
 21
-12.0531
  0
LINE
  8
0
 10
-111.938
 20
-12.0531
 11
-111.573
 21
-12.1468
  0
LINE
  8
0
 10
-111.573
 20
-12.1468
 11
-111.223
 21
-12.2855
  0
LINE
  8
0
 10
-111.223
 20
-12.2855
 11
-110.893
 21
-12.467
  0
LINE
  8
0
 10
-110.893
 20
-12.467
 11
-110.588
 21
-12.6884
  0
LINE
  8
0
 10
-110.588
 20
-12.6884
 11
-110.313
 21
-12.9464
  0
LINE
  8
0
 10
-110.313
 20
-12.9464
 11
-110.073
 21
-13.2366
  0
LINE
  8
0
 10
-110.073
 20
-13.2366
 11
-109.871
 21
-13.5547
  0
LINE
  8
0
 10
-109.871
 20
-13.5547
 11
-109.711
 21
-13.8956
  0
LINE
  8
0
 10
-109.711
 20
-13.8956
 11
-109.594
 21
-14.2539
  0
LINE
  8
0
 10
-109.594
 20
-14.2539
 11
-109.524
 21
-14.624
  0
LINE
  8
0
 10
-109.524
 20
-14.624
 11
-109.5
 21
-15
  0
LINE
  8
0
 10
-109.5
 20
-15
 11
-109.524
 21
-15.376
  0
LINE
  8
0
 10
-109.524
 20
-15.376
 11
-109.594
 21
-15.7461
  0
LINE
  8
0
 10
-109.594
 20
-15.7461
 11
-109.711
 21
-16.1044
  0
LINE
  8
0
 10
-109.711
 20
-16.1044
 11
-109.871
 21
-16.4453
  0
LINE
  8
0
 10
-109.871
 20
-16.4453
 11
-110.073
 21
-16.7634
  0
LINE
  8
0
 10
-110.073
 20
-16.7634
 11
-110.313
 21
-17.0536
  0
LINE
  8
0
 10
-110.313
 20
-17.0536
 11
-110.588
 21
-17.3115
  0
LINE
  8
0
 10
-110.588
 20
-17.3115
 11
-110.893
 21
-17.533
  0
LINE
  8
0
 10
-110.893
 20
-17.533
 11
-111.223
 21
-17.7145
  0
LINE
  8
0
 10
-111.223
 20
-17.7145
 11
-111.573
 21
-17.8532
  0
LINE
  8
0
 10
-111.573
 20
-17.8532
 11
-111.938
 21
-17.9469
  0
LINE
  8
0
 10
-111.938
 20
-17.9469
 11
-112.312
 21
-17.9941
  0
LINE
  8
0
 10
-112.312
 20
-17.9941
 11
-112.688
 21
-17.9941
  0
LINE
  8
0
 10
112.312
 20
-17.9941
 11
111.938
 21
-17.9469
  0
LINE
  8
0
 10
111.938
 20
-17.9469
 11
111.573
 21
-17.8532
  0
LINE
  8
0
 10
111.573
 20
-17.8532
 11
111.223
 21
-17.7145
  0
LINE
  8
0
 10
111.223
 20
-17.7145
 11
110.893
 21
-17.533
  0
LINE
  8
0
 10
110.893
 20
-17.533
 11
110.588
 21
-17.3115
  0
LINE
  8
0
 10
110.588
 20
-17.3115
 11
110.313
 21
-17.0536
  0
LINE
  8
0
 10
110.313
 20
-17.0536
 11
110.073
 21
-16.7634
  0
LINE
  8
0
 10
110.073
 20
-16.7634
 11
109.871
 21
-16.4453
  0
LINE
  8
0
 10
109.871
 20
-16.4453
 11
109.711
 21
-16.1044
  0
LINE
  8
0
 10
109.711
 20
-16.1044
 11
109.594
 21
-15.7461
  0
LINE
  8
0
 10
109.594
 20
-15.7461
 11
109.524
 21
-15.376
  0
LINE
  8
0
 10
109.524
 20
-15.376
 11
109.5
 21
-15
  0
LINE
  8
0
 10
109.5
 20
-15
 11
109.524
 21
-14.624
  0
LINE
  8
0
 10
109.524
 20
-14.624
 11
109.594
 21
-14.2539
  0
LINE
  8
0
 10
109.594
 20
-14.2539
 11
109.711
 21
-13.8956
  0
LINE
  8
0
 10
109.711
 20
-13.8956
 11
109.871
 21
-13.5547
  0
LINE
  8
0
 10
109.871
 20
-13.5547
 11
110.073
 21
-13.2366
  0
LINE
  8
0
 10
110.073
 20
-13.2366
 11
110.313
 21
-12.9464
  0
LINE
  8
0
 10
110.313
 20
-12.9464
 11
110.588
 21
-12.6884
  0
LINE
  8
0
 10
110.588
 20
-12.6884
 11
110.893
 21
-12.467
  0
LINE
  8
0
 10
110.893
 20
-12.467
 11
111.223
 21
-12.2855
  0
LINE
  8
0
 10
111.223
 20
-12.2855
 11
111.573
 21
-12.1468
  0
LINE
  8
0
 10
111.573
 20
-12.1468
 11
111.938
 21
-12.0531
  0
LINE
  8
0
 10
111.938
 20
-12.0531
 11
112.312
 21
-12.0059
  0
LINE
  8
0
 10
112.312
 20
-12.0059
 11
112.688
 21
-12.0059
  0
LINE
  8
0
 10
112.688
 20
-12.0059
 11
113.062
 21
-12.0531
  0
LINE
  8
0
 10
113.062
 20
-12.0531
 11
113.427
 21
-12.1468
  0
LINE
  8
0
 10
113.427
 20
-12.1468
 11
113.777
 21
-12.2855
  0
LINE
  8
0
 10
113.777
 20
-12.2855
 11
114.107
 21
-12.467
  0
LINE
  8
0
 10
114.107
 20
-12.467
 11
114.412
 21
-12.6884
  0
LINE
  8
0
 10
114.412
 20
-12.6884
 11
114.687
 21
-12.9464
  0
LINE
  8
0
 10
114.687
 20
-12.9464
 11
114.927
 21
-13.2366
  0
LINE
  8
0
 10
114.927
 20
-13.2366
 11
115.129
 21
-13.5547
  0
LINE
  8
0
 10
115.129
 20
-13.5547
 11
115.289
 21
-13.8956
  0
LINE
  8
0
 10
115.289
 20
-13.8956
 11
115.406
 21
-14.2539
  0
LINE
  8
0
 10
115.406
 20
-14.2539
 11
115.476
 21
-14.624
  0
LINE
  8
0
 10
115.476
 20
-14.624
 11
115.5
 21
-15
  0
LINE
  8
0
 10
115.5
 20
-15
 11
115.476
 21
-15.376
  0
LINE
  8
0
 10
115.476
 20
-15.376
 11
115.406
 21
-15.7461
  0
LINE
  8
0
 10
115.406
 20
-15.7461
 11
115.289
 21
-16.1044
  0
LINE
  8
0
 10
115.289
 20
-16.1044
 11
115.129
 21
-16.4453
  0
LINE
  8
0
 10
115.129
 20
-16.4453
 11
114.927
 21
-16.7634
  0
LINE
  8
0
 10
114.927
 20
-16.7634
 11
114.687
 21
-17.0536
  0
LINE
  8
0
 10
114.687
 20
-17.0536
 11
114.412
 21
-17.3115
  0
LINE
  8
0
 10
114.412
 20
-17.3115
 11
114.107
 21
-17.533
  0
LINE
  8
0
 10
114.107
 20
-17.533
 11
113.777
 21
-17.7145
  0
LINE
  8
0
 10
113.777
 20
-17.7145
 11
113.427
 21
-17.8532
  0
LINE
  8
0
 10
113.427
 20
-17.8532
 11
113.062
 21
-17.9469
  0
LINE
  8
0
 10
113.062
 20
-17.9469
 11
112.688
 21
-17.9941
  0
LINE
  8
0
 10
112.688
 20
-17.9941
 11
112.312
 21
-17.9941
  0
LINE
  8
0
 10
-112.594
 20
-23.997
 11
-112.781
 21
-23.9734
  0
LINE
  8
0
 10
-112.781
 20
-23.9734
 11
-112.964
 21
-23.9266
  0
LINE
  8
0
 10
-112.964
 20
-23.9266
 11
-113.139
 21
-23.8572
  0
LINE
  8
0
 10
-113.139
 20
-23.8572
 11
-113.304
 21
-23.7665
  0
LINE
  8
0
 10
-113.304
 20
-23.7665
 11
-113.456
 21
-23.6558
  0
LINE
  8
0
 10
-113.456
 20
-23.6558
 11
-113.593
 21
-23.5268
  0
LINE
  8
0
 10
-113.593
 20
-23.5268
 11
-113.714
 21
-23.3817
  0
LINE
  8
0
 10
-113.714
 20
-23.3817
 11
-113.814
 21
-23.2226
  0
LINE
  8
0
 10
-113.814
 20
-23.2226
 11
-113.895
 21
-23.0522
  0
LINE
  8
0
 10
-113.895
 20
-23.0522
 11
-113.953
 21
-22.873
  0
LINE
  8
0
 10
-113.953
 20
-22.873
 11
-113.988
 21
-22.688
  0
LINE
  8
0
 10
-113.988
 20
-22.688
 11
-114
 21
-22.5
  0
LINE
  8
0
 10
-114
 20
-22.5
 11
-113.988
 21
-22.312
  0
LINE
  8
0
 10
-113.988
 20
-22.312
 11
-113.953
 21
-22.127
  0
LINE
  8
0
 10
-113.953
 20
-22.127
 11
-113.895
 21
-21.9478
  0
LINE
  8
0
 10
-113.895
 20
-21.9478
 11
-113.814
 21
-21.7774
  0
LINE
  8
0
 10
-113.814
 20
-21.7774
 11
-113.714
 21
-21.6183
  0
LINE
  8
0
 10
-113.714
 20
-21.6183
 11
-113.593
 21
-21.4732
  0
LINE
  8
0
 10
-113.593
 20
-21.4732
 11
-113.456
 21
-21.3442
  0
LINE
  8
0
 10
-113.456
 20
-21.3442
 11
-113.304
 21
-21.2335
  0
LINE
  8
0
 10
-113.304
 20
-21.2335
 11
-113.139
 21
-21.1427
  0
LINE
  8
0
 10
-113.139
 20
-21.1427
 11
-112.964
 21
-21.0734
  0
LINE
  8
0
 10
-112.964
 20
-21.0734
 11
-112.781
 21
-21.0266
  0
LINE
  8
0
 10
-112.781
 20
-21.0266
 11
-112.594
 21
-21.003
  0
LINE
  8
0
 10
-112.594
 20
-21.003
 11
-112.406
 21
-21.003
  0
LINE
  8
0
 10
-112.406
 20
-21.003
 11
-112.219
 21
-21.0266
  0
LINE
  8
0
 10
-112.219
 20
-21.0266
 11
-112.036
 21
-21.0734
  0
LINE
  8
0
 10
-112.036
 20
-21.0734
 11
-111.861
 21
-21.1427
  0
LINE
  8
0
 10
-111.861
 20
-21.1427
 11
-111.696
 21
-21.2335
  0
LINE
  8
0
 10
-111.696
 20
-21.2335
 11
-111.544
 21
-21.3442
  0
LINE
  8
0
 10
-111.544
 20
-21.3442
 11
-111.407
 21
-21.4732
  0
LINE
  8
0
 10
-111.407
 20
-21.4732
 11
-111.286
 21
-21.6183
  0
LINE
  8
0
 10
-111.286
 20
-21.6183
 11
-111.186
 21
-21.7774
  0
LINE
  8
0
 10
-111.186
 20
-21.7774
 11
-111.105
 21
-21.9478
  0
LINE
  8
0
 10
-111.105
 20
-21.9478
 11
-111.047
 21
-22.127
  0
LINE
  8
0
 10
-111.047
 20
-22.127
 11
-111.012
 21
-22.312
  0
LINE
  8
0
 10
-111.012
 20
-22.312
 11
-111
 21
-22.5
  0
LINE
  8
0
 10
-111
 20
-22.5
 11
-111.012
 21
-22.688
  0
LINE
  8
0
 10
-111.012
 20
-22.688
 11
-111.047
 21
-22.873
  0
LINE
  8
0
 10
-111.047
 20
-22.873
 11
-111.105
 21
-23.0522
  0
LINE
  8
0
 10
-111.105
 20
-23.0522
 11
-111.186
 21
-23.2226
  0
LINE
  8
0
 10
-111.186
 20
-23.2226
 11
-111.286
 21
-23.3817
  0
LINE
  8
0
 10
-111.286
 20
-23.3817
 11
-111.407
 21
-23.5268
  0
LINE
  8
0
 10
-111.407
 20
-23.5268
 11
-111.544
 21
-23.6558
  0
LINE
  8
0
 10
-111.544
 20
-23.6558
 11
-111.696
 21
-23.7665
  0
LINE
  8
0
 10
-111.696
 20
-23.7665
 11
-111.861
 21
-23.8572
  0
LINE
  8
0
 10
-111.861
 20
-23.8572
 11
-112.036
 21
-23.9266
  0
LINE
  8
0
 10
-112.036
 20
-23.9266
 11
-112.219
 21
-23.9734
  0
LINE
  8
0
 10
-112.219
 20
-23.9734
 11
-112.406
 21
-23.997
  0
LINE
  8
0
 10
-112.406
 20
-23.997
 11
-112.594
 21
-23.997
  0
LINE
  8
0
 10
112.406
 20
-23.997
 11
112.219
 21
-23.9734
  0
LINE
  8
0
 10
112.219
 20
-23.9734
 11
112.036
 21
-23.9266
  0
LINE
  8
0
 10
112.036
 20
-23.9266
 11
111.861
 21
-23.8572
  0
LINE
  8
0
 10
111.861
 20
-23.8572
 11
111.696
 21
-23.7665
  0
LINE
  8
0
 10
111.696
 20
-23.7665
 11
111.544
 21
-23.6558
  0
LINE
  8
0
 10
111.544
 20
-23.6558
 11
111.407
 21
-23.5268
  0
LINE
  8
0
 10
111.407
 20
-23.5268
 11
111.286
 21
-23.3817
  0
LINE
  8
0
 10
111.286
 20
-23.3817
 11
111.186
 21
-23.2226
  0
LINE
  8
0
 10
111.186
 20
-23.2226
 11
111.105
 21
-23.0522
  0
LINE
  8
0
 10
111.105
 20
-23.0522
 11
111.047
 21
-22.873
  0
LINE
  8
0
 10
111.047
 20
-22.873
 11
111.012
 21
-22.688
  0
LINE
  8
0
 10
111.012
 20
-22.688
 11
111
 21
-22.5
  0
LINE
  8
0
 10
111
 20
-22.5
 11
111.012
 21
-22.312
  0
LINE
  8
0
 10
111.012
 20
-22.312
 11
111.047
 21
-22.127
  0
LINE
  8
0
 10
111.047
 20
-22.127
 11
111.105
 21
-21.9478
  0
LINE
  8
0
 10
111.105
 20
-21.9478
 11
111.186
 21
-21.7774
  0
LINE
  8
0
 10
111.186
 20
-21.7774
 11
111.286
 21
-21.6183
  0
LINE
  8
0
 10
111.286
 20
-21.6183
 11
111.407
 21
-21.4732
  0
LINE
  8
0
 10
111.407
 20
-21.4732
 11
111.544
 21
-21.3442
  0
LINE
  8
0
 10
111.544
 20
-21.3442
 11
111.696
 21
-21.2335
  0
LINE
  8
0
 10
111.696
 20
-21.2335
 11
111.861
 21
-21.1427
  0
LINE
  8
0
 10
111.861
 20
-21.1427
 11
112.036
 21
-21.0734
  0
LINE
  8
0
 10
112.036
 20
-21.0734
 11
112.219
 21
-21.0266
  0
LINE
  8
0
 10
112.219
 20
-21.0266
 11
112.406
 21
-21.003
  0
LINE
  8
0
 10
112.406
 20
-21.003
 11
112.594
 21
-21.003
  0
LINE
  8
0
 10
112.594
 20
-21.003
 11
112.781
 21
-21.0266
  0
LINE
  8
0
 10
112.781
 20
-21.0266
 11
112.964
 21
-21.0734
  0
LINE
  8
0
 10
112.964
 20
-21.0734
 11
113.139
 21
-21.1427
  0
LINE
  8
0
 10
113.139
 20
-21.1427
 11
113.304
 21
-21.2335
  0
LINE
  8
0
 10
113.304
 20
-21.2335
 11
113.456
 21
-21.3442
  0
LINE
  8
0
 10
113.456
 20
-21.3442
 11
113.593
 21
-21.4732
  0
LINE
  8
0
 10
113.593
 20
-21.4732
 11
113.714
 21
-21.6183
  0
LINE
  8
0
 10
113.714
 20
-21.6183
 11
113.814
 21
-21.7774
  0
LINE
  8
0
 10
113.814
 20
-21.7774
 11
113.895
 21
-21.9478
  0
LINE
  8
0
 10
113.895
 20
-21.9478
 11
113.953
 21
-22.127
  0
LINE
  8
0
 10
113.953
 20
-22.127
 11
113.988
 21
-22.312
  0
LINE
  8
0
 10
113.988
 20
-22.312
 11
114
 21
-22.5
  0
LINE
  8
0
 10
114
 20
-22.5
 11
113.988
 21
-22.688
  0
LINE
  8
0
 10
113.988
 20
-22.688
 11
113.953
 21
-22.873
  0
LINE
  8
0
 10
113.953
 20
-22.873
 11
113.895
 21
-23.0522
  0
LINE
  8
0
 10
113.895
 20
-23.0522
 11
113.814
 21
-23.2226
  0
LINE
  8
0
 10
113.814
 20
-23.2226
 11
113.714
 21
-23.3817
  0
LINE
  8
0
 10
113.714
 20
-23.3817
 11
113.593
 21
-23.5268
  0
LINE
  8
0
 10
113.593
 20
-23.5268
 11
113.456
 21
-23.6558
  0
LINE
  8
0
 10
113.456
 20
-23.6558
 11
113.304
 21
-23.7665
  0
LINE
  8
0
 10
113.304
 20
-23.7665
 11
113.139
 21
-23.8572
  0
LINE
  8
0
 10
113.139
 20
-23.8572
 11
112.964
 21
-23.9266
  0
LINE
  8
0
 10
112.964
 20
-23.9266
 11
112.781
 21
-23.9734
  0
LINE
  8
0
 10
112.781
 20
-23.9734
 11
112.594
 21
-23.997
  0
LINE
  8
0
 10
112.594
 20
-23.997
 11
112.406
 21
-23.997
  0
LINE
  8
0
 10
112.312
 20
-32.9941
 11
111.938
 21
-32.9469
  0
LINE
  8
0
 10
111.938
 20
-32.9469
 11
111.573
 21
-32.8532
  0
LINE
  8
0
 10
111.573
 20
-32.8532
 11
111.223
 21
-32.7145
  0
LINE
  8
0
 10
111.223
 20
-32.7145
 11
110.893
 21
-32.533
  0
LINE
  8
0
 10
110.893
 20
-32.533
 11
110.588
 21
-32.3115
  0
LINE
  8
0
 10
110.588
 20
-32.3115
 11
110.313
 21
-32.0536
  0
LINE
  8
0
 10
110.313
 20
-32.0536
 11
110.073
 21
-31.7634
  0
LINE
  8
0
 10
110.073
 20
-31.7634
 11
109.871
 21
-31.4453
  0
LINE
  8
0
 10
109.871
 20
-31.4453
 11
109.711
 21
-31.1044
  0
LINE
  8
0
 10
109.711
 20
-31.1044
 11
109.594
 21
-30.7461
  0
LINE
  8
0
 10
109.594
 20
-30.7461
 11
109.524
 21
-30.376
  0
LINE
  8
0
 10
109.524
 20
-30.376
 11
109.5
 21
-30
  0
LINE
  8
0
 10
109.5
 20
-30
 11
109.524
 21
-29.624
  0
LINE
  8
0
 10
109.524
 20
-29.624
 11
109.594
 21
-29.2539
  0
LINE
  8
0
 10
109.594
 20
-29.2539
 11
109.711
 21
-28.8956
  0
LINE
  8
0
 10
109.711
 20
-28.8956
 11
109.871
 21
-28.5547
  0
LINE
  8
0
 10
109.871
 20
-28.5547
 11
110.073
 21
-28.2366
  0
LINE
  8
0
 10
110.073
 20
-28.2366
 11
110.313
 21
-27.9464
  0
LINE
  8
0
 10
110.313
 20
-27.9464
 11
110.588
 21
-27.6884
  0
LINE
  8
0
 10
110.588
 20
-27.6884
 11
110.893
 21
-27.467
  0
LINE
  8
0
 10
110.893
 20
-27.467
 11
111.223
 21
-27.2855
  0
LINE
  8
0
 10
111.223
 20
-27.2855
 11
111.573
 21
-27.1468
  0
LINE
  8
0
 10
111.573
 20
-27.1468
 11
111.938
 21
-27.0531
  0
LINE
  8
0
 10
111.938
 20
-27.0531
 11
112.312
 21
-27.0059
  0
LINE
  8
0
 10
112.312
 20
-27.0059
 11
112.688
 21
-27.0059
  0
LINE
  8
0
 10
112.688
 20
-27.0059
 11
113.062
 21
-27.0531
  0
LINE
  8
0
 10
113.062
 20
-27.0531
 11
113.427
 21
-27.1468
  0
LINE
  8
0
 10
113.427
 20
-27.1468
 11
113.777
 21
-27.2855
  0
LINE
  8
0
 10
113.777
 20
-27.2855
 11
114.107
 21
-27.467
  0
LINE
  8
0
 10
114.107
 20
-27.467
 11
114.412
 21
-27.6884
  0
LINE
  8
0
 10
114.412
 20
-27.6884
 11
114.687
 21
-27.9464
  0
LINE
  8
0
 10
114.687
 20
-27.9464
 11
114.927
 21
-28.2366
  0
LINE
  8
0
 10
114.927
 20
-28.2366
 11
115.129
 21
-28.5547
  0
LINE
  8
0
 10
115.129
 20
-28.5547
 11
115.289
 21
-28.8956
  0
LINE
  8
0
 10
115.289
 20
-28.8956
 11
115.406
 21
-29.2539
  0
LINE
  8
0
 10
115.406
 20
-29.2539
 11
115.476
 21
-29.624
  0
LINE
  8
0
 10
115.476
 20
-29.624
 11
115.5
 21
-30
  0
LINE
  8
0
 10
115.5
 20
-30
 11
115.476
 21
-30.376
  0
LINE
  8
0
 10
115.476
 20
-30.376
 11
115.406
 21
-30.7461
  0
LINE
  8
0
 10
115.406
 20
-30.7461
 11
115.289
 21
-31.1044
  0
LINE
  8
0
 10
115.289
 20
-31.1044
 11
115.129
 21
-31.4453
  0
LINE
  8
0
 10
115.129
 20
-31.4453
 11
114.927
 21
-31.7634
  0
LINE
  8
0
 10
114.927
 20
-31.7634
 11
114.687
 21
-32.0536
  0
LINE
  8
0
 10
114.687
 20
-32.0536
 11
114.412
 21
-32.3115
  0
LINE
  8
0
 10
114.412
 20
-32.3115
 11
114.107
 21
-32.533
  0
LINE
  8
0
 10
114.107
 20
-32.533
 11
113.777
 21
-32.7145
  0
LINE
  8
0
 10
113.777
 20
-32.7145
 11
113.427
 21
-32.8532
  0
LINE
  8
0
 10
113.427
 20
-32.8532
 11
113.062
 21
-32.9469
  0
LINE
  8
0
 10
113.062
 20
-32.9469
 11
112.688
 21
-32.9941
  0
LINE
  8
0
 10
112.688
 20
-32.9941
 11
112.312
 21
-32.9941
  0
LINE
  8
0
 10
-112.688
 20
-32.9941
 11
-113.062
 21
-32.9469
  0
LINE
  8
0
 10
-113.062
 20
-32.9469
 11
-113.427
 21
-32.8532
  0
LINE
  8
0
 10
-113.427
 20
-32.8532
 11
-113.777
 21
-32.7145
  0
LINE
  8
0
 10
-113.777
 20
-32.7145
 11
-114.107
 21
-32.533
  0
LINE
  8
0
 10
-114.107
 20
-32.533
 11
-114.412
 21
-32.3115
  0
LINE
  8
0
 10
-114.412
 20
-32.3115
 11
-114.687
 21
-32.0536
  0
LINE
  8
0
 10
-114.687
 20
-32.0536
 11
-114.927
 21
-31.7634
  0
LINE
  8
0
 10
-114.927
 20
-31.7634
 11
-115.129
 21
-31.4453
  0
LINE
  8
0
 10
-115.129
 20
-31.4453
 11
-115.289
 21
-31.1044
  0
LINE
  8
0
 10
-115.289
 20
-31.1044
 11
-115.406
 21
-30.7461
  0
LINE
  8
0
 10
-115.406
 20
-30.7461
 11
-115.476
 21
-30.376
  0
LINE
  8
0
 10
-115.476
 20
-30.376
 11
-115.5
 21
-30
  0
LINE
  8
0
 10
-115.5
 20
-30
 11
-115.476
 21
-29.624
  0
LINE
  8
0
 10
-115.476
 20
-29.624
 11
-115.406
 21
-29.2539
  0
LINE
  8
0
 10
-115.406
 20
-29.2539
 11
-115.289
 21
-28.8956
  0
LINE
  8
0
 10
-115.289
 20
-28.8956
 11
-115.129
 21
-28.5547
  0
LINE
  8
0
 10
-115.129
 20
-28.5547
 11
-114.927
 21
-28.2366
  0
LINE
  8
0
 10
-114.927
 20
-28.2366
 11
-114.687
 21
-27.9464
  0
LINE
  8
0
 10
-114.687
 20
-27.9464
 11
-114.412
 21
-27.6884
  0
LINE
  8
0
 10
-114.412
 20
-27.6884
 11
-114.107
 21
-27.467
  0
LINE
  8
0
 10
-114.107
 20
-27.467
 11
-113.777
 21
-27.2855
  0
LINE
  8
0
 10
-113.777
 20
-27.2855
 11
-113.427
 21
-27.1468
  0
LINE
  8
0
 10
-113.427
 20
-27.1468
 11
-113.062
 21
-27.0531
  0
LINE
  8
0
 10
-113.062
 20
-27.0531
 11
-112.688
 21
-27.0059
  0
LINE
  8
0
 10
-112.688
 20
-27.0059
 11
-112.312
 21
-27.0059
  0
LINE
  8
0
 10
-112.312
 20
-27.0059
 11
-111.938
 21
-27.0531
  0
LINE
  8
0
 10
-111.938
 20
-27.0531
 11
-111.573
 21
-27.1468
  0
LINE
  8
0
 10
-111.573
 20
-27.1468
 11
-111.223
 21
-27.2855
  0
LINE
  8
0
 10
-111.223
 20
-27.2855
 11
-110.893
 21
-27.467
  0
LINE
  8
0
 10
-110.893
 20
-27.467
 11
-110.588
 21
-27.6884
  0
LINE
  8
0
 10
-110.588
 20
-27.6884
 11
-110.313
 21
-27.9464
  0
LINE
  8
0
 10
-110.313
 20
-27.9464
 11
-110.073
 21
-28.2366
  0
LINE
  8
0
 10
-110.073
 20
-28.2366
 11
-109.871
 21
-28.5547
  0
LINE
  8
0
 10
-109.871
 20
-28.5547
 11
-109.711
 21
-28.8956
  0
LINE
  8
0
 10
-109.711
 20
-28.8956
 11
-109.594
 21
-29.2539
  0
LINE
  8
0
 10
-109.594
 20
-29.2539
 11
-109.524
 21
-29.624
  0
LINE
  8
0
 10
-109.524
 20
-29.624
 11
-109.5
 21
-30
  0
LINE
  8
0
 10
-109.5
 20
-30
 11
-109.524
 21
-30.376
  0
LINE
  8
0
 10
-109.524
 20
-30.376
 11
-109.594
 21
-30.7461
  0
LINE
  8
0
 10
-109.594
 20
-30.7461
 11
-109.711
 21
-31.1044
  0
LINE
  8
0
 10
-109.711
 20
-31.1044
 11
-109.871
 21
-31.4453
  0
LINE
  8
0
 10
-109.871
 20
-31.4453
 11
-110.073
 21
-31.7634
  0
LINE
  8
0
 10
-110.073
 20
-31.7634
 11
-110.313
 21
-32.0536
  0
LINE
  8
0
 10
-110.313
 20
-32.0536
 11
-110.588
 21
-32.3115
  0
LINE
  8
0
 10
-110.588
 20
-32.3115
 11
-110.893
 21
-32.533
  0
LINE
  8
0
 10
-110.893
 20
-32.533
 11
-111.223
 21
-32.7145
  0
LINE
  8
0
 10
-111.223
 20
-32.7145
 11
-111.573
 21
-32.8532
  0
LINE
  8
0
 10
-111.573
 20
-32.8532
 11
-111.938
 21
-32.9469
  0
LINE
  8
0
 10
-111.938
 20
-32.9469
 11
-112.312
 21
-32.9941
  0
LINE
  8
0
 10
-112.312
 20
-32.9941
 11
-112.688
 21
-32.9941
  0
LINE
  8
0
 10
112.406
 20
-38.997
 11
112.219
 21
-38.9734
  0
LINE
  8
0
 10
112.219
 20
-38.9734
 11
112.036
 21
-38.9266
  0
LINE
  8
0
 10
112.036
 20
-38.9266
 11
111.861
 21
-38.8572
  0
LINE
  8
0
 10
111.861
 20
-38.8572
 11
111.696
 21
-38.7665
  0
LINE
  8
0
 10
111.696
 20
-38.7665
 11
111.544
 21
-38.6558
  0
LINE
  8
0
 10
111.544
 20
-38.6558
 11
111.407
 21
-38.5268
  0
LINE
  8
0
 10
111.407
 20
-38.5268
 11
111.286
 21
-38.3817
  0
LINE
  8
0
 10
111.286
 20
-38.3817
 11
111.186
 21
-38.2226
  0
LINE
  8
0
 10
111.186
 20
-38.2226
 11
111.105
 21
-38.0522
  0
LINE
  8
0
 10
111.105
 20
-38.0522
 11
111.047
 21
-37.873
  0
LINE
  8
0
 10
111.047
 20
-37.873
 11
111.012
 21
-37.688
  0
LINE
  8
0
 10
111.012
 20
-37.688
 11
111
 21
-37.5
  0
LINE
  8
0
 10
111
 20
-37.5
 11
111.012
 21
-37.312
  0
LINE
  8
0
 10
111.012
 20
-37.312
 11
111.047
 21
-37.127
  0
LINE
  8
0
 10
111.047
 20
-37.127
 11
111.105
 21
-36.9478
  0
LINE
  8
0
 10
111.105
 20
-36.9478
 11
111.186
 21
-36.7774
  0
LINE
  8
0
 10
111.186
 20
-36.7774
 11
111.286
 21
-36.6183
  0
LINE
  8
0
 10
111.286
 20
-36.6183
 11
111.407
 21
-36.4732
  0
LINE
  8
0
 10
111.407
 20
-36.4732
 11
111.544
 21
-36.3442
  0
LINE
  8
0
 10
111.544
 20
-36.3442
 11
111.696
 21
-36.2335
  0
LINE
  8
0
 10
111.696
 20
-36.2335
 11
111.861
 21
-36.1428
  0
LINE
  8
0
 10
111.861
 20
-36.1428
 11
112.036
 21
-36.0734
  0
LINE
  8
0
 10
112.036
 20
-36.0734
 11
112.219
 21
-36.0266
  0
LINE
  8
0
 10
112.219
 20
-36.0266
 11
112.406
 21
-36.003
  0
LINE
  8
0
 10
112.406
 20
-36.003
 11
112.594
 21
-36.003
  0
LINE
  8
0
 10
112.594
 20
-36.003
 11
112.781
 21
-36.0266
  0
LINE
  8
0
 10
112.781
 20
-36.0266
 11
112.964
 21
-36.0734
  0
LINE
  8
0
 10
112.964
 20
-36.0734
 11
113.139
 21
-36.1428
  0
LINE
  8
0
 10
113.139
 20
-36.1428
 11
113.304
 21
-36.2335
  0
LINE
  8
0
 10
113.304
 20
-36.2335
 11
113.456
 21
-36.3442
  0
LINE
  8
0
 10
113.456
 20
-36.3442
 11
113.593
 21
-36.4732
  0
LINE
  8
0
 10
113.593
 20
-36.4732
 11
113.714
 21
-36.6183
  0
LINE
  8
0
 10
113.714
 20
-36.6183
 11
113.814
 21
-36.7774
  0
LINE
  8
0
 10
113.814
 20
-36.7774
 11
113.895
 21
-36.9478
  0
LINE
  8
0
 10
113.895
 20
-36.9478
 11
113.953
 21
-37.127
  0
LINE
  8
0
 10
113.953
 20
-37.127
 11
113.988
 21
-37.312
  0
LINE
  8
0
 10
113.988
 20
-37.312
 11
114
 21
-37.5
  0
LINE
  8
0
 10
114
 20
-37.5
 11
113.988
 21
-37.688
  0
LINE
  8
0
 10
113.988
 20
-37.688
 11
113.953
 21
-37.873
  0
LINE
  8
0
 10
113.953
 20
-37.873
 11
113.895
 21
-38.0522
  0
LINE
  8
0
 10
113.895
 20
-38.0522
 11
113.814
 21
-38.2226
  0
LINE
  8
0
 10
113.814
 20
-38.2226
 11
113.714
 21
-38.3817
  0
LINE
  8
0
 10
113.714
 20
-38.3817
 11
113.593
 21
-38.5268
  0
LINE
  8
0
 10
113.593
 20
-38.5268
 11
113.456
 21
-38.6558
  0
LINE
  8
0
 10
113.456
 20
-38.6558
 11
113.304
 21
-38.7665
  0
LINE
  8
0
 10
113.304
 20
-38.7665
 11
113.139
 21
-38.8572
  0
LINE
  8
0
 10
113.139
 20
-38.8572
 11
112.964
 21
-38.9266
  0
LINE
  8
0
 10
112.964
 20
-38.9266
 11
112.781
 21
-38.9734
  0
LINE
  8
0
 10
112.781
 20
-38.9734
 11
112.594
 21
-38.997
  0
LINE
  8
0
 10
112.594
 20
-38.997
 11
112.406
 21
-38.997
  0
LINE
  8
0
 10
-112.594
 20
-38.997
 11
-112.781
 21
-38.9734
  0
LINE
  8
0
 10
-112.781
 20
-38.9734
 11
-112.964
 21
-38.9266
  0
LINE
  8
0
 10
-112.964
 20
-38.9266
 11
-113.139
 21
-38.8572
  0
LINE
  8
0
 10
-113.139
 20
-38.8572
 11
-113.304
 21
-38.7665
  0
LINE
  8
0
 10
-113.304
 20
-38.7665
 11
-113.456
 21
-38.6558
  0
LINE
  8
0
 10
-113.456
 20
-38.6558
 11
-113.593
 21
-38.5268
  0
LINE
  8
0
 10
-113.593
 20
-38.5268
 11
-113.714
 21
-38.3817
  0
LINE
  8
0
 10
-113.714
 20
-38.3817
 11
-113.814
 21
-38.2226
  0
LINE
  8
0
 10
-113.814
 20
-38.2226
 11
-113.895
 21
-38.0522
  0
LINE
  8
0
 10
-113.895
 20
-38.0522
 11
-113.953
 21
-37.873
  0
LINE
  8
0
 10
-113.953
 20
-37.873
 11
-113.988
 21
-37.688
  0
LINE
  8
0
 10
-113.988
 20
-37.688
 11
-114
 21
-37.5
  0
LINE
  8
0
 10
-114
 20
-37.5
 11
-113.988
 21
-37.312
  0
LINE
  8
0
 10
-113.988
 20
-37.312
 11
-113.953
 21
-37.127
  0
LINE
  8
0
 10
-113.953
 20
-37.127
 11
-113.895
 21
-36.9478
  0
LINE
  8
0
 10
-113.895
 20
-36.9478
 11
-113.814
 21
-36.7774
  0
LINE
  8
0
 10
-113.814
 20
-36.7774
 11
-113.714
 21
-36.6183
  0
LINE
  8
0
 10
-113.714
 20
-36.6183
 11
-113.593
 21
-36.4732
  0
LINE
  8
0
 10
-113.593
 20
-36.4732
 11
-113.456
 21
-36.3442
  0
LINE
  8
0
 10
-113.456
 20
-36.3442
 11
-113.304
 21
-36.2335
  0
LINE
  8
0
 10
-113.304
 20
-36.2335
 11
-113.139
 21
-36.1428
  0
LINE
  8
0
 10
-113.139
 20
-36.1428
 11
-112.964
 21
-36.0734
  0
LINE
  8
0
 10
-112.964
 20
-36.0734
 11
-112.781
 21
-36.0266
  0
LINE
  8
0
 10
-112.781
 20
-36.0266
 11
-112.594
 21
-36.003
  0
LINE
  8
0
 10
-112.594
 20
-36.003
 11
-112.406
 21
-36.003
  0
LINE
  8
0
 10
-112.406
 20
-36.003
 11
-112.219
 21
-36.0266
  0
LINE
  8
0
 10
-112.219
 20
-36.0266
 11
-112.036
 21
-36.0734
  0
LINE
  8
0
 10
-112.036
 20
-36.0734
 11
-111.861
 21
-36.1428
  0
LINE
  8
0
 10
-111.861
 20
-36.1428
 11
-111.696
 21
-36.2335
  0
LINE
  8
0
 10
-111.696
 20
-36.2335
 11
-111.544
 21
-36.3442
  0
LINE
  8
0
 10
-111.544
 20
-36.3442
 11
-111.407
 21
-36.4732
  0
LINE
  8
0
 10
-111.407
 20
-36.4732
 11
-111.286
 21
-36.6183
  0
LINE
  8
0
 10
-111.286
 20
-36.6183
 11
-111.186
 21
-36.7774
  0
LINE
  8
0
 10
-111.186
 20
-36.7774
 11
-111.105
 21
-36.9478
  0
LINE
  8
0
 10
-111.105
 20
-36.9478
 11
-111.047
 21
-37.127
  0
LINE
  8
0
 10
-111.047
 20
-37.127
 11
-111.012
 21
-37.312
  0
LINE
  8
0
 10
-111.012
 20
-37.312
 11
-111
 21
-37.5
  0
LINE
  8
0
 10
-111
 20
-37.5
 11
-111.012
 21
-37.688
  0
LINE
  8
0
 10
-111.012
 20
-37.688
 11
-111.047
 21
-37.873
  0
LINE
  8
0
 10
-111.047
 20
-37.873
 11
-111.105
 21
-38.0522
  0
LINE
  8
0
 10
-111.105
 20
-38.0522
 11
-111.186
 21
-38.2226
  0
LINE
  8
0
 10
-111.186
 20
-38.2226
 11
-111.286
 21
-38.3817
  0
LINE
  8
0
 10
-111.286
 20
-38.3817
 11
-111.407
 21
-38.5268
  0
LINE
  8
0
 10
-111.407
 20
-38.5268
 11
-111.544
 21
-38.6558
  0
LINE
  8
0
 10
-111.544
 20
-38.6558
 11
-111.696
 21
-38.7665
  0
LINE
  8
0
 10
-111.696
 20
-38.7665
 11
-111.861
 21
-38.8572
  0
LINE
  8
0
 10
-111.861
 20
-38.8572
 11
-112.036
 21
-38.9266
  0
LINE
  8
0
 10
-112.036
 20
-38.9266
 11
-112.219
 21
-38.9734
  0
LINE
  8
0
 10
-112.219
 20
-38.9734
 11
-112.406
 21
-38.997
  0
LINE
  8
0
 10
-112.406
 20
-38.997
 11
-112.594
 21
-38.997
  0
LINE
  8
0
 10
112.312
 20
-47.9941
 11
111.938
 21
-47.9469
  0
LINE
  8
0
 10
111.938
 20
-47.9469
 11
111.573
 21
-47.8532
  0
LINE
  8
0
 10
111.573
 20
-47.8532
 11
111.223
 21
-47.7145
  0
LINE
  8
0
 10
111.223
 20
-47.7145
 11
110.893
 21
-47.533
  0
LINE
  8
0
 10
110.893
 20
-47.533
 11
110.588
 21
-47.3115
  0
LINE
  8
0
 10
110.588
 20
-47.3115
 11
110.313
 21
-47.0536
  0
LINE
  8
0
 10
110.313
 20
-47.0536
 11
110.073
 21
-46.7634
  0
LINE
  8
0
 10
110.073
 20
-46.7634
 11
109.871
 21
-46.4453
  0
LINE
  8
0
 10
109.871
 20
-46.4453
 11
109.711
 21
-46.1044
  0
LINE
  8
0
 10
109.711
 20
-46.1044
 11
109.594
 21
-45.7461
  0
LINE
  8
0
 10
109.594
 20
-45.7461
 11
109.524
 21
-45.376
  0
LINE
  8
0
 10
109.524
 20
-45.376
 11
109.5
 21
-45
  0
LINE
  8
0
 10
109.5
 20
-45
 11
109.524
 21
-44.624
  0
LINE
  8
0
 10
109.524
 20
-44.624
 11
109.594
 21
-44.2539
  0
LINE
  8
0
 10
109.594
 20
-44.2539
 11
109.711
 21
-43.8956
  0
LINE
  8
0
 10
109.711
 20
-43.8956
 11
109.871
 21
-43.5547
  0
LINE
  8
0
 10
109.871
 20
-43.5547
 11
110.073
 21
-43.2366
  0
LINE
  8
0
 10
110.073
 20
-43.2366
 11
110.313
 21
-42.9464
  0
LINE
  8
0
 10
110.313
 20
-42.9464
 11
110.588
 21
-42.6885
  0
LINE
  8
0
 10
110.588
 20
-42.6885
 11
110.893
 21
-42.467
  0
LINE
  8
0
 10
110.893
 20
-42.467
 11
111.223
 21
-42.2855
  0
LINE
  8
0
 10
111.223
 20
-42.2855
 11
111.573
 21
-42.1468
  0
LINE
  8
0
 10
111.573
 20
-42.1468
 11
111.938
 21
-42.0531
  0
LINE
  8
0
 10
111.938
 20
-42.0531
 11
112.312
 21
-42.0059
  0
LINE
  8
0
 10
112.312
 20
-42.0059
 11
112.688
 21
-42.0059
  0
LINE
  8
0
 10
112.688
 20
-42.0059
 11
113.062
 21
-42.0531
  0
LINE
  8
0
 10
113.062
 20
-42.0531
 11
113.427
 21
-42.1468
  0
LINE
  8
0
 10
113.427
 20
-42.1468
 11
113.777
 21
-42.2855
  0
LINE
  8
0
 10
113.777
 20
-42.2855
 11
114.107
 21
-42.467
  0
LINE
  8
0
 10
114.107
 20
-42.467
 11
114.412
 21
-42.6885
  0
LINE
  8
0
 10
114.412
 20
-42.6885
 11
114.687
 21
-42.9464
  0
LINE
  8
0
 10
114.687
 20
-42.9464
 11
114.927
 21
-43.2366
  0
LINE
  8
0
 10
114.927
 20
-43.2366
 11
115.129
 21
-43.5547
  0
LINE
  8
0
 10
115.129
 20
-43.5547
 11
115.289
 21
-43.8956
  0
LINE
  8
0
 10
115.289
 20
-43.8956
 11
115.406
 21
-44.2539
  0
LINE
  8
0
 10
115.406
 20
-44.2539
 11
115.476
 21
-44.624
  0
LINE
  8
0
 10
115.476
 20
-44.624
 11
115.5
 21
-45
  0
LINE
  8
0
 10
115.5
 20
-45
 11
115.476
 21
-45.376
  0
LINE
  8
0
 10
115.476
 20
-45.376
 11
115.406
 21
-45.7461
  0
LINE
  8
0
 10
115.406
 20
-45.7461
 11
115.289
 21
-46.1044
  0
LINE
  8
0
 10
115.289
 20
-46.1044
 11
115.129
 21
-46.4453
  0
LINE
  8
0
 10
115.129
 20
-46.4453
 11
114.927
 21
-46.7634
  0
LINE
  8
0
 10
114.927
 20
-46.7634
 11
114.687
 21
-47.0536
  0
LINE
  8
0
 10
114.687
 20
-47.0536
 11
114.412
 21
-47.3115
  0
LINE
  8
0
 10
114.412
 20
-47.3115
 11
114.107
 21
-47.533
  0
LINE
  8
0
 10
114.107
 20
-47.533
 11
113.777
 21
-47.7145
  0
LINE
  8
0
 10
113.777
 20
-47.7145
 11
113.427
 21
-47.8532
  0
LINE
  8
0
 10
113.427
 20
-47.8532
 11
113.062
 21
-47.9469
  0
LINE
  8
0
 10
113.062
 20
-47.9469
 11
112.688
 21
-47.9941
  0
LINE
  8
0
 10
112.688
 20
-47.9941
 11
112.312
 21
-47.9941
  0
LINE
  8
0
 10
-112.688
 20
-47.9941
 11
-113.062
 21
-47.9469
  0
LINE
  8
0
 10
-113.062
 20
-47.9469
 11
-113.427
 21
-47.8532
  0
LINE
  8
0
 10
-113.427
 20
-47.8532
 11
-113.777
 21
-47.7145
  0
LINE
  8
0
 10
-113.777
 20
-47.7145
 11
-114.107
 21
-47.533
  0
LINE
  8
0
 10
-114.107
 20
-47.533
 11
-114.412
 21
-47.3115
  0
LINE
  8
0
 10
-114.412
 20
-47.3115
 11
-114.687
 21
-47.0536
  0
LINE
  8
0
 10
-114.687
 20
-47.0536
 11
-114.927
 21
-46.7634
  0
LINE
  8
0
 10
-114.927
 20
-46.7634
 11
-115.129
 21
-46.4453
  0
LINE
  8
0
 10
-115.129
 20
-46.4453
 11
-115.289
 21
-46.1044
  0
LINE
  8
0
 10
-115.289
 20
-46.1044
 11
-115.406
 21
-45.7461
  0
LINE
  8
0
 10
-115.406
 20
-45.7461
 11
-115.476
 21
-45.376
  0
LINE
  8
0
 10
-115.476
 20
-45.376
 11
-115.5
 21
-45
  0
LINE
  8
0
 10
-115.5
 20
-45
 11
-115.476
 21
-44.624
  0
LINE
  8
0
 10
-115.476
 20
-44.624
 11
-115.406
 21
-44.2539
  0
LINE
  8
0
 10
-115.406
 20
-44.2539
 11
-115.289
 21
-43.8956
  0
LINE
  8
0
 10
-115.289
 20
-43.8956
 11
-115.129
 21
-43.5547
  0
LINE
  8
0
 10
-115.129
 20
-43.5547
 11
-114.927
 21
-43.2366
  0
LINE
  8
0
 10
-114.927
 20
-43.2366
 11
-114.687
 21
-42.9464
  0
LINE
  8
0
 10
-114.687
 20
-42.9464
 11
-114.412
 21
-42.6885
  0
LINE
  8
0
 10
-114.412
 20
-42.6885
 11
-114.107
 21
-42.467
  0
LINE
  8
0
 10
-114.107
 20
-42.467
 11
-113.777
 21
-42.2855
  0
LINE
  8
0
 10
-113.777
 20
-42.2855
 11
-113.427
 21
-42.1468
  0
LINE
  8
0
 10
-113.427
 20
-42.1468
 11
-113.062
 21
-42.0531
  0
LINE
  8
0
 10
-113.062
 20
-42.0531
 11
-112.688
 21
-42.0059
  0
LINE
  8
0
 10
-112.688
 20
-42.0059
 11
-112.312
 21
-42.0059
  0
LINE
  8
0
 10
-112.312
 20
-42.0059
 11
-111.938
 21
-42.0531
  0
LINE
  8
0
 10
-111.938
 20
-42.0531
 11
-111.573
 21
-42.1468
  0
LINE
  8
0
 10
-111.573
 20
-42.1468
 11
-111.223
 21
-42.2855
  0
LINE
  8
0
 10
-111.223
 20
-42.2855
 11
-110.893
 21
-42.467
  0
LINE
  8
0
 10
-110.893
 20
-42.467
 11
-110.588
 21
-42.6885
  0
LINE
  8
0
 10
-110.588
 20
-42.6885
 11
-110.313
 21
-42.9464
  0
LINE
  8
0
 10
-110.313
 20
-42.9464
 11
-110.073
 21
-43.2366
  0
LINE
  8
0
 10
-110.073
 20
-43.2366
 11
-109.871
 21
-43.5547
  0
LINE
  8
0
 10
-109.871
 20
-43.5547
 11
-109.711
 21
-43.8956
  0
LINE
  8
0
 10
-109.711
 20
-43.8956
 11
-109.594
 21
-44.2539
  0
LINE
  8
0
 10
-109.594
 20
-44.2539
 11
-109.524
 21
-44.624
  0
LINE
  8
0
 10
-109.524
 20
-44.624
 11
-109.5
 21
-45
  0
LINE
  8
0
 10
-109.5
 20
-45
 11
-109.524
 21
-45.376
  0
LINE
  8
0
 10
-109.524
 20
-45.376
 11
-109.594
 21
-45.7461
  0
LINE
  8
0
 10
-109.594
 20
-45.7461
 11
-109.711
 21
-46.1044
  0
LINE
  8
0
 10
-109.711
 20
-46.1044
 11
-109.871
 21
-46.4453
  0
LINE
  8
0
 10
-109.871
 20
-46.4453
 11
-110.073
 21
-46.7634
  0
LINE
  8
0
 10
-110.073
 20
-46.7634
 11
-110.313
 21
-47.0536
  0
LINE
  8
0
 10
-110.313
 20
-47.0536
 11
-110.588
 21
-47.3115
  0
LINE
  8
0
 10
-110.588
 20
-47.3115
 11
-110.893
 21
-47.533
  0
LINE
  8
0
 10
-110.893
 20
-47.533
 11
-111.223
 21
-47.7145
  0
LINE
  8
0
 10
-111.223
 20
-47.7145
 11
-111.573
 21
-47.8532
  0
LINE
  8
0
 10
-111.573
 20
-47.8532
 11
-111.938
 21
-47.9469
  0
LINE
  8
0
 10
-111.938
 20
-47.9469
 11
-112.312
 21
-47.9941
  0
LINE
  8
0
 10
-112.312
 20
-47.9941
 11
-112.688
 21
-47.9941
  0
LINE
  8
0
 10
112.406
 20
-53.997
 11
112.219
 21
-53.9734
  0
LINE
  8
0
 10
112.219
 20
-53.9734
 11
112.036
 21
-53.9266
  0
LINE
  8
0
 10
112.036
 20
-53.9266
 11
111.861
 21
-53.8572
  0
LINE
  8
0
 10
111.861
 20
-53.8572
 11
111.696
 21
-53.7665
  0
LINE
  8
0
 10
111.696
 20
-53.7665
 11
111.544
 21
-53.6558
  0
LINE
  8
0
 10
111.544
 20
-53.6558
 11
111.407
 21
-53.5268
  0
LINE
  8
0
 10
111.407
 20
-53.5268
 11
111.286
 21
-53.3817
  0
LINE
  8
0
 10
111.286
 20
-53.3817
 11
111.186
 21
-53.2226
  0
LINE
  8
0
 10
111.186
 20
-53.2226
 11
111.105
 21
-53.0522
  0
LINE
  8
0
 10
111.105
 20
-53.0522
 11
111.047
 21
-52.873
  0
LINE
  8
0
 10
111.047
 20
-52.873
 11
111.012
 21
-52.688
  0
LINE
  8
0
 10
111.012
 20
-52.688
 11
111
 21
-52.5
  0
LINE
  8
0
 10
111
 20
-52.5
 11
111.012
 21
-52.312
  0
LINE
  8
0
 10
111.012
 20
-52.312
 11
111.047
 21
-52.127
  0
LINE
  8
0
 10
111.047
 20
-52.127
 11
111.105
 21
-51.9478
  0
LINE
  8
0
 10
111.105
 20
-51.9478
 11
111.186
 21
-51.7774
  0
LINE
  8
0
 10
111.186
 20
-51.7774
 11
111.286
 21
-51.6183
  0
LINE
  8
0
 10
111.286
 20
-51.6183
 11
111.407
 21
-51.4732
  0
LINE
  8
0
 10
111.407
 20
-51.4732
 11
111.544
 21
-51.3442
  0
LINE
  8
0
 10
111.544
 20
-51.3442
 11
111.696
 21
-51.2335
  0
LINE
  8
0
 10
111.696
 20
-51.2335
 11
111.861
 21
-51.1428
  0
LINE
  8
0
 10
111.861
 20
-51.1428
 11
112.036
 21
-51.0734
  0
LINE
  8
0
 10
112.036
 20
-51.0734
 11
112.219
 21
-51.0266
  0
LINE
  8
0
 10
112.219
 20
-51.0266
 11
112.406
 21
-51.003
  0
LINE
  8
0
 10
112.406
 20
-51.003
 11
112.594
 21
-51.003
  0
LINE
  8
0
 10
112.594
 20
-51.003
 11
112.781
 21
-51.0266
  0
LINE
  8
0
 10
112.781
 20
-51.0266
 11
112.964
 21
-51.0734
  0
LINE
  8
0
 10
112.964
 20
-51.0734
 11
113.139
 21
-51.1428
  0
LINE
  8
0
 10
113.139
 20
-51.1428
 11
113.304
 21
-51.2335
  0
LINE
  8
0
 10
113.304
 20
-51.2335
 11
113.456
 21
-51.3442
  0
LINE
  8
0
 10
113.456
 20
-51.3442
 11
113.593
 21
-51.4732
  0
LINE
  8
0
 10
113.593
 20
-51.4732
 11
113.714
 21
-51.6183
  0
LINE
  8
0
 10
113.714
 20
-51.6183
 11
113.814
 21
-51.7774
  0
LINE
  8
0
 10
113.814
 20
-51.7774
 11
113.895
 21
-51.9478
  0
LINE
  8
0
 10
113.895
 20
-51.9478
 11
113.953
 21
-52.127
  0
LINE
  8
0
 10
113.953
 20
-52.127
 11
113.988
 21
-52.312
  0
LINE
  8
0
 10
113.988
 20
-52.312
 11
114
 21
-52.5
  0
LINE
  8
0
 10
114
 20
-52.5
 11
113.988
 21
-52.688
  0
LINE
  8
0
 10
113.988
 20
-52.688
 11
113.953
 21
-52.873
  0
LINE
  8
0
 10
113.953
 20
-52.873
 11
113.895
 21
-53.0522
  0
LINE
  8
0
 10
113.895
 20
-53.0522
 11
113.814
 21
-53.2226
  0
LINE
  8
0
 10
113.814
 20
-53.2226
 11
113.714
 21
-53.3817
  0
LINE
  8
0
 10
113.714
 20
-53.3817
 11
113.593
 21
-53.5268
  0
LINE
  8
0
 10
113.593
 20
-53.5268
 11
113.456
 21
-53.6558
  0
LINE
  8
0
 10
113.456
 20
-53.6558
 11
113.304
 21
-53.7665
  0
LINE
  8
0
 10
113.304
 20
-53.7665
 11
113.139
 21
-53.8572
  0
LINE
  8
0
 10
113.139
 20
-53.8572
 11
112.964
 21
-53.9266
  0
LINE
  8
0
 10
112.964
 20
-53.9266
 11
112.781
 21
-53.9734
  0
LINE
  8
0
 10
112.781
 20
-53.9734
 11
112.594
 21
-53.997
  0
LINE
  8
0
 10
112.594
 20
-53.997
 11
112.406
 21
-53.997
  0
LINE
  8
0
 10
-112.594
 20
-53.997
 11
-112.781
 21
-53.9734
  0
LINE
  8
0
 10
-112.781
 20
-53.9734
 11
-112.964
 21
-53.9266
  0
LINE
  8
0
 10
-112.964
 20
-53.9266
 11
-113.139
 21
-53.8572
  0
LINE
  8
0
 10
-113.139
 20
-53.8572
 11
-113.304
 21
-53.7665
  0
LINE
  8
0
 10
-113.304
 20
-53.7665
 11
-113.456
 21
-53.6558
  0
LINE
  8
0
 10
-113.456
 20
-53.6558
 11
-113.593
 21
-53.5268
  0
LINE
  8
0
 10
-113.593
 20
-53.5268
 11
-113.714
 21
-53.3817
  0
LINE
  8
0
 10
-113.714
 20
-53.3817
 11
-113.814
 21
-53.2226
  0
LINE
  8
0
 10
-113.814
 20
-53.2226
 11
-113.895
 21
-53.0522
  0
LINE
  8
0
 10
-113.895
 20
-53.0522
 11
-113.953
 21
-52.873
  0
LINE
  8
0
 10
-113.953
 20
-52.873
 11
-113.988
 21
-52.688
  0
LINE
  8
0
 10
-113.988
 20
-52.688
 11
-114
 21
-52.5
  0
LINE
  8
0
 10
-114
 20
-52.5
 11
-113.988
 21
-52.312
  0
LINE
  8
0
 10
-113.988
 20
-52.312
 11
-113.953
 21
-52.127
  0
LINE
  8
0
 10
-113.953
 20
-52.127
 11
-113.895
 21
-51.9478
  0
LINE
  8
0
 10
-113.895
 20
-51.9478
 11
-113.814
 21
-51.7774
  0
LINE
  8
0
 10
-113.814
 20
-51.7774
 11
-113.714
 21
-51.6183
  0
LINE
  8
0
 10
-113.714
 20
-51.6183
 11
-113.593
 21
-51.4732
  0
LINE
  8
0
 10
-113.593
 20
-51.4732
 11
-113.456
 21
-51.3442
  0
LINE
  8
0
 10
-113.456
 20
-51.3442
 11
-113.304
 21
-51.2335
  0
LINE
  8
0
 10
-113.304
 20
-51.2335
 11
-113.139
 21
-51.1428
  0
LINE
  8
0
 10
-113.139
 20
-51.1428
 11
-112.964
 21
-51.0734
  0
LINE
  8
0
 10
-112.964
 20
-51.0734
 11
-112.781
 21
-51.0266
  0
LINE
  8
0
 10
-112.781
 20
-51.0266
 11
-112.594
 21
-51.003
  0
LINE
  8
0
 10
-112.594
 20
-51.003
 11
-112.406
 21
-51.003
  0
LINE
  8
0
 10
-112.406
 20
-51.003
 11
-112.219
 21
-51.0266
  0
LINE
  8
0
 10
-112.219
 20
-51.0266
 11
-112.036
 21
-51.0734
  0
LINE
  8
0
 10
-112.036
 20
-51.0734
 11
-111.861
 21
-51.1428
  0
LINE
  8
0
 10
-111.861
 20
-51.1428
 11
-111.696
 21
-51.2335
  0
LINE
  8
0
 10
-111.696
 20
-51.2335
 11
-111.544
 21
-51.3442
  0
LINE
  8
0
 10
-111.544
 20
-51.3442
 11
-111.407
 21
-51.4732
  0
LINE
  8
0
 10
-111.407
 20
-51.4732
 11
-111.286
 21
-51.6183
  0
LINE
  8
0
 10
-111.286
 20
-51.6183
 11
-111.186
 21
-51.7774
  0
LINE
  8
0
 10
-111.186
 20
-51.7774
 11
-111.105
 21
-51.9478
  0
LINE
  8
0
 10
-111.105
 20
-51.9478
 11
-111.047
 21
-52.127
  0
LINE
  8
0
 10
-111.047
 20
-52.127
 11
-111.012
 21
-52.312
  0
LINE
  8
0
 10
-111.012
 20
-52.312
 11
-111
 21
-52.5
  0
LINE
  8
0
 10
-111
 20
-52.5
 11
-111.012
 21
-52.688
  0
LINE
  8
0
 10
-111.012
 20
-52.688
 11
-111.047
 21
-52.873
  0
LINE
  8
0
 10
-111.047
 20
-52.873
 11
-111.105
 21
-53.0522
  0
LINE
  8
0
 10
-111.105
 20
-53.0522
 11
-111.186
 21
-53.2226
  0
LINE
  8
0
 10
-111.186
 20
-53.2226
 11
-111.286
 21
-53.3817
  0
LINE
  8
0
 10
-111.286
 20
-53.3817
 11
-111.407
 21
-53.5268
  0
LINE
  8
0
 10
-111.407
 20
-53.5268
 11
-111.544
 21
-53.6558
  0
LINE
  8
0
 10
-111.544
 20
-53.6558
 11
-111.696
 21
-53.7665
  0
LINE
  8
0
 10
-111.696
 20
-53.7665
 11
-111.861
 21
-53.8572
  0
LINE
  8
0
 10
-111.861
 20
-53.8572
 11
-112.036
 21
-53.9266
  0
LINE
  8
0
 10
-112.036
 20
-53.9266
 11
-112.219
 21
-53.9734
  0
LINE
  8
0
 10
-112.219
 20
-53.9734
 11
-112.406
 21
-53.997
  0
LINE
  8
0
 10
-112.406
 20
-53.997
 11
-112.594
 21
-53.997
  0
LINE
  8
0
 10
112.312
 20
-62.9941
 11
111.938
 21
-62.9469
  0
LINE
  8
0
 10
111.938
 20
-62.9469
 11
111.573
 21
-62.8532
  0
LINE
  8
0
 10
111.573
 20
-62.8532
 11
111.223
 21
-62.7145
  0
LINE
  8
0
 10
111.223
 20
-62.7145
 11
110.893
 21
-62.533
  0
LINE
  8
0
 10
110.893
 20
-62.533
 11
110.588
 21
-62.3115
  0
LINE
  8
0
 10
110.588
 20
-62.3115
 11
110.313
 21
-62.0536
  0
LINE
  8
0
 10
110.313
 20
-62.0536
 11
110.073
 21
-61.7634
  0
LINE
  8
0
 10
110.073
 20
-61.7634
 11
109.871
 21
-61.4453
  0
LINE
  8
0
 10
109.871
 20
-61.4453
 11
109.711
 21
-61.1044
  0
LINE
  8
0
 10
109.711
 20
-61.1044
 11
109.594
 21
-60.7461
  0
LINE
  8
0
 10
109.594
 20
-60.7461
 11
109.524
 21
-60.376
  0
LINE
  8
0
 10
109.524
 20
-60.376
 11
109.5
 21
-60
  0
LINE
  8
0
 10
109.5
 20
-60
 11
109.524
 21
-59.624
  0
LINE
  8
0
 10
109.524
 20
-59.624
 11
109.594
 21
-59.2539
  0
LINE
  8
0
 10
109.594
 20
-59.2539
 11
109.711
 21
-58.8956
  0
LINE
  8
0
 10
109.711
 20
-58.8956
 11
109.871
 21
-58.5547
  0
LINE
  8
0
 10
109.871
 20
-58.5547
 11
110.073
 21
-58.2366
  0
LINE
  8
0
 10
110.073
 20
-58.2366
 11
110.313
 21
-57.9464
  0
LINE
  8
0
 10
110.313
 20
-57.9464
 11
110.588
 21
-57.6885
  0
LINE
  8
0
 10
110.588
 20
-57.6885
 11
110.893
 21
-57.467
  0
LINE
  8
0
 10
110.893
 20
-57.467
 11
111.223
 21
-57.2855
  0
LINE
  8
0
 10
111.223
 20
-57.2855
 11
111.573
 21
-57.1468
  0
LINE
  8
0
 10
111.573
 20
-57.1468
 11
111.938
 21
-57.0531
  0
LINE
  8
0
 10
111.938
 20
-57.0531
 11
112.312
 21
-57.0059
  0
LINE
  8
0
 10
112.312
 20
-57.0059
 11
112.688
 21
-57.0059
  0
LINE
  8
0
 10
112.688
 20
-57.0059
 11
113.062
 21
-57.0531
  0
LINE
  8
0
 10
113.062
 20
-57.0531
 11
113.427
 21
-57.1468
  0
LINE
  8
0
 10
113.427
 20
-57.1468
 11
113.777
 21
-57.2855
  0
LINE
  8
0
 10
113.777
 20
-57.2855
 11
114.107
 21
-57.467
  0
LINE
  8
0
 10
114.107
 20
-57.467
 11
114.412
 21
-57.6885
  0
LINE
  8
0
 10
114.412
 20
-57.6885
 11
114.687
 21
-57.9464
  0
LINE
  8
0
 10
114.687
 20
-57.9464
 11
114.927
 21
-58.2366
  0
LINE
  8
0
 10
114.927
 20
-58.2366
 11
115.129
 21
-58.5547
  0
LINE
  8
0
 10
115.129
 20
-58.5547
 11
115.289
 21
-58.8956
  0
LINE
  8
0
 10
115.289
 20
-58.8956
 11
115.406
 21
-59.2539
  0
LINE
  8
0
 10
115.406
 20
-59.2539
 11
115.476
 21
-59.624
  0
LINE
  8
0
 10
115.476
 20
-59.624
 11
115.5
 21
-60
  0
LINE
  8
0
 10
115.5
 20
-60
 11
115.476
 21
-60.376
  0
LINE
  8
0
 10
115.476
 20
-60.376
 11
115.406
 21
-60.7461
  0
LINE
  8
0
 10
115.406
 20
-60.7461
 11
115.289
 21
-61.1044
  0
LINE
  8
0
 10
115.289
 20
-61.1044
 11
115.129
 21
-61.4453
  0
LINE
  8
0
 10
115.129
 20
-61.4453
 11
114.927
 21
-61.7634
  0
LINE
  8
0
 10
114.927
 20
-61.7634
 11
114.687
 21
-62.0536
  0
LINE
  8
0
 10
114.687
 20
-62.0536
 11
114.412
 21
-62.3115
  0
LINE
  8
0
 10
114.412
 20
-62.3115
 11
114.107
 21
-62.533
  0
LINE
  8
0
 10
114.107
 20
-62.533
 11
113.777
 21
-62.7145
  0
LINE
  8
0
 10
113.777
 20
-62.7145
 11
113.427
 21
-62.8532
  0
LINE
  8
0
 10
113.427
 20
-62.8532
 11
113.062
 21
-62.9469
  0
LINE
  8
0
 10
113.062
 20
-62.9469
 11
112.688
 21
-62.9941
  0
LINE
  8
0
 10
112.688
 20
-62.9941
 11
112.312
 21
-62.9941
  0
LINE
  8
0
 10
-112.688
 20
-62.9941
 11
-113.062
 21
-62.9469
  0
LINE
  8
0
 10
-113.062
 20
-62.9469
 11
-113.427
 21
-62.8532
  0
LINE
  8
0
 10
-113.427
 20
-62.8532
 11
-113.777
 21
-62.7145
  0
LINE
  8
0
 10
-113.777
 20
-62.7145
 11
-114.107
 21
-62.533
  0
LINE
  8
0
 10
-114.107
 20
-62.533
 11
-114.412
 21
-62.3115
  0
LINE
  8
0
 10
-114.412
 20
-62.3115
 11
-114.687
 21
-62.0536
  0
LINE
  8
0
 10
-114.687
 20
-62.0536
 11
-114.927
 21
-61.7634
  0
LINE
  8
0
 10
-114.927
 20
-61.7634
 11
-115.129
 21
-61.4453
  0
LINE
  8
0
 10
-115.129
 20
-61.4453
 11
-115.289
 21
-61.1044
  0
LINE
  8
0
 10
-115.289
 20
-61.1044
 11
-115.406
 21
-60.7461
  0
LINE
  8
0
 10
-115.406
 20
-60.7461
 11
-115.476
 21
-60.376
  0
LINE
  8
0
 10
-115.476
 20
-60.376
 11
-115.5
 21
-60
  0
LINE
  8
0
 10
-115.5
 20
-60
 11
-115.476
 21
-59.624
  0
LINE
  8
0
 10
-115.476
 20
-59.624
 11
-115.406
 21
-59.2539
  0
LINE
  8
0
 10
-115.406
 20
-59.2539
 11
-115.289
 21
-58.8956
  0
LINE
  8
0
 10
-115.289
 20
-58.8956
 11
-115.129
 21
-58.5547
  0
LINE
  8
0
 10
-115.129
 20
-58.5547
 11
-114.927
 21
-58.2366
  0
LINE
  8
0
 10
-114.927
 20
-58.2366
 11
-114.687
 21
-57.9464
  0
LINE
  8
0
 10
-114.687
 20
-57.9464
 11
-114.412
 21
-57.6885
  0
LINE
  8
0
 10
-114.412
 20
-57.6885
 11
-114.107
 21
-57.467
  0
LINE
  8
0
 10
-114.107
 20
-57.467
 11
-113.777
 21
-57.2855
  0
LINE
  8
0
 10
-113.777
 20
-57.2855
 11
-113.427
 21
-57.1468
  0
LINE
  8
0
 10
-113.427
 20
-57.1468
 11
-113.062
 21
-57.0531
  0
LINE
  8
0
 10
-113.062
 20
-57.0531
 11
-112.688
 21
-57.0059
  0
LINE
  8
0
 10
-112.688
 20
-57.0059
 11
-112.312
 21
-57.0059
  0
LINE
  8
0
 10
-112.312
 20
-57.0059
 11
-111.938
 21
-57.0531
  0
LINE
  8
0
 10
-111.938
 20
-57.0531
 11
-111.573
 21
-57.1468
  0
LINE
  8
0
 10
-111.573
 20
-57.1468
 11
-111.223
 21
-57.2855
  0
LINE
  8
0
 10
-111.223
 20
-57.2855
 11
-110.893
 21
-57.467
  0
LINE
  8
0
 10
-110.893
 20
-57.467
 11
-110.588
 21
-57.6885
  0
LINE
  8
0
 10
-110.588
 20
-57.6885
 11
-110.313
 21
-57.9464
  0
LINE
  8
0
 10
-110.313
 20
-57.9464
 11
-110.073
 21
-58.2366
  0
LINE
  8
0
 10
-110.073
 20
-58.2366
 11
-109.871
 21
-58.5547
  0
LINE
  8
0
 10
-109.871
 20
-58.5547
 11
-109.711
 21
-58.8956
  0
LINE
  8
0
 10
-109.711
 20
-58.8956
 11
-109.594
 21
-59.2539
  0
LINE
  8
0
 10
-109.594
 20
-59.2539
 11
-109.524
 21
-59.624
  0
LINE
  8
0
 10
-109.524
 20
-59.624
 11
-109.5
 21
-60
  0
LINE
  8
0
 10
-109.5
 20
-60
 11
-109.524
 21
-60.376
  0
LINE
  8
0
 10
-109.524
 20
-60.376
 11
-109.594
 21
-60.7461
  0
LINE
  8
0
 10
-109.594
 20
-60.7461
 11
-109.711
 21
-61.1044
  0
LINE
  8
0
 10
-109.711
 20
-61.1044
 11
-109.871
 21
-61.4453
  0
LINE
  8
0
 10
-109.871
 20
-61.4453
 11
-110.073
 21
-61.7634
  0
LINE
  8
0
 10
-110.073
 20
-61.7634
 11
-110.313
 21
-62.0536
  0
LINE
  8
0
 10
-110.313
 20
-62.0536
 11
-110.588
 21
-62.3115
  0
LINE
  8
0
 10
-110.588
 20
-62.3115
 11
-110.893
 21
-62.533
  0
LINE
  8
0
 10
-110.893
 20
-62.533
 11
-111.223
 21
-62.7145
  0
LINE
  8
0
 10
-111.223
 20
-62.7145
 11
-111.573
 21
-62.8532
  0
LINE
  8
0
 10
-111.573
 20
-62.8532
 11
-111.938
 21
-62.9469
  0
LINE
  8
0
 10
-111.938
 20
-62.9469
 11
-112.312
 21
-62.9941
  0
LINE
  8
0
 10
-112.312
 20
-62.9941
 11
-112.688
 21
-62.9941
  0
LINE
  8
0
 10
-112.594
 20
-68.997
 11
-112.781
 21
-68.9734
  0
LINE
  8
0
 10
-112.781
 20
-68.9734
 11
-112.964
 21
-68.9266
  0
LINE
  8
0
 10
-112.964
 20
-68.9266
 11
-113.139
 21
-68.8572
  0
LINE
  8
0
 10
-113.139
 20
-68.8572
 11
-113.304
 21
-68.7665
  0
LINE
  8
0
 10
-113.304
 20
-68.7665
 11
-113.456
 21
-68.6558
  0
LINE
  8
0
 10
-113.456
 20
-68.6558
 11
-113.593
 21
-68.5268
  0
LINE
  8
0
 10
-113.593
 20
-68.5268
 11
-113.714
 21
-68.3817
  0
LINE
  8
0
 10
-113.714
 20
-68.3817
 11
-113.814
 21
-68.2226
  0
LINE
  8
0
 10
-113.814
 20
-68.2226
 11
-113.895
 21
-68.0522
  0
LINE
  8
0
 10
-113.895
 20
-68.0522
 11
-113.953
 21
-67.873
  0
LINE
  8
0
 10
-113.953
 20
-67.873
 11
-113.988
 21
-67.688
  0
LINE
  8
0
 10
-113.988
 20
-67.688
 11
-114
 21
-67.5
  0
LINE
  8
0
 10
-114
 20
-67.5
 11
-113.988
 21
-67.312
  0
LINE
  8
0
 10
-113.988
 20
-67.312
 11
-113.953
 21
-67.127
  0
LINE
  8
0
 10
-113.953
 20
-67.127
 11
-113.895
 21
-66.9478
  0
LINE
  8
0
 10
-113.895
 20
-66.9478
 11
-113.814
 21
-66.7774
  0
LINE
  8
0
 10
-113.814
 20
-66.7774
 11
-113.714
 21
-66.6183
  0
LINE
  8
0
 10
-113.714
 20
-66.6183
 11
-113.593
 21
-66.4732
  0
LINE
  8
0
 10
-113.593
 20
-66.4732
 11
-113.456
 21
-66.3442
  0
LINE
  8
0
 10
-113.456
 20
-66.3442
 11
-113.304
 21
-66.2335
  0
LINE
  8
0
 10
-113.304
 20
-66.2335
 11
-113.139
 21
-66.1428
  0
LINE
  8
0
 10
-113.139
 20
-66.1428
 11
-112.964
 21
-66.0734
  0
LINE
  8
0
 10
-112.964
 20
-66.0734
 11
-112.781
 21
-66.0266
  0
LINE
  8
0
 10
-112.781
 20
-66.0266
 11
-112.594
 21
-66.003
  0
LINE
  8
0
 10
-112.594
 20
-66.003
 11
-112.406
 21
-66.003
  0
LINE
  8
0
 10
-112.406
 20
-66.003
 11
-112.219
 21
-66.0266
  0
LINE
  8
0
 10
-112.219
 20
-66.0266
 11
-112.036
 21
-66.0734
  0
LINE
  8
0
 10
-112.036
 20
-66.0734
 11
-111.861
 21
-66.1428
  0
LINE
  8
0
 10
-111.861
 20
-66.1428
 11
-111.696
 21
-66.2335
  0
LINE
  8
0
 10
-111.696
 20
-66.2335
 11
-111.544
 21
-66.3442
  0
LINE
  8
0
 10
-111.544
 20
-66.3442
 11
-111.407
 21
-66.4732
  0
LINE
  8
0
 10
-111.407
 20
-66.4732
 11
-111.286
 21
-66.6183
  0
LINE
  8
0
 10
-111.286
 20
-66.6183
 11
-111.186
 21
-66.7774
  0
LINE
  8
0
 10
-111.186
 20
-66.7774
 11
-111.105
 21
-66.9478
  0
LINE
  8
0
 10
-111.105
 20
-66.9478
 11
-111.047
 21
-67.127
  0
LINE
  8
0
 10
-111.047
 20
-67.127
 11
-111.012
 21
-67.312
  0
LINE
  8
0
 10
-111.012
 20
-67.312
 11
-111
 21
-67.5
  0
LINE
  8
0
 10
-111
 20
-67.5
 11
-111.012
 21
-67.688
  0
LINE
  8
0
 10
-111.012
 20
-67.688
 11
-111.047
 21
-67.873
  0
LINE
  8
0
 10
-111.047
 20
-67.873
 11
-111.105
 21
-68.0522
  0
LINE
  8
0
 10
-111.105
 20
-68.0522
 11
-111.186
 21
-68.2226
  0
LINE
  8
0
 10
-111.186
 20
-68.2226
 11
-111.286
 21
-68.3817
  0
LINE
  8
0
 10
-111.286
 20
-68.3817
 11
-111.407
 21
-68.5268
  0
LINE
  8
0
 10
-111.407
 20
-68.5268
 11
-111.544
 21
-68.6558
  0
LINE
  8
0
 10
-111.544
 20
-68.6558
 11
-111.696
 21
-68.7665
  0
LINE
  8
0
 10
-111.696
 20
-68.7665
 11
-111.861
 21
-68.8572
  0
LINE
  8
0
 10
-111.861
 20
-68.8572
 11
-112.036
 21
-68.9266
  0
LINE
  8
0
 10
-112.036
 20
-68.9266
 11
-112.219
 21
-68.9734
  0
LINE
  8
0
 10
-112.219
 20
-68.9734
 11
-112.406
 21
-68.997
  0
LINE
  8
0
 10
-112.406
 20
-68.997
 11
-112.594
 21
-68.997
  0
LINE
  8
0
 10
112.406
 20
-68.997
 11
112.219
 21
-68.9734
  0
LINE
  8
0
 10
112.219
 20
-68.9734
 11
112.036
 21
-68.9266
  0
LINE
  8
0
 10
112.036
 20
-68.9266
 11
111.861
 21
-68.8572
  0
LINE
  8
0
 10
111.861
 20
-68.8572
 11
111.696
 21
-68.7665
  0
LINE
  8
0
 10
111.696
 20
-68.7665
 11
111.544
 21
-68.6558
  0
LINE
  8
0
 10
111.544
 20
-68.6558
 11
111.407
 21
-68.5268
  0
LINE
  8
0
 10
111.407
 20
-68.5268
 11
111.286
 21
-68.3817
  0
LINE
  8
0
 10
111.286
 20
-68.3817
 11
111.186
 21
-68.2226
  0
LINE
  8
0
 10
111.186
 20
-68.2226
 11
111.105
 21
-68.0522
  0
LINE
  8
0
 10
111.105
 20
-68.0522
 11
111.047
 21
-67.873
  0
LINE
  8
0
 10
111.047
 20
-67.873
 11
111.012
 21
-67.688
  0
LINE
  8
0
 10
111.012
 20
-67.688
 11
111
 21
-67.5
  0
LINE
  8
0
 10
111
 20
-67.5
 11
111.012
 21
-67.312
  0
LINE
  8
0
 10
111.012
 20
-67.312
 11
111.047
 21
-67.127
  0
LINE
  8
0
 10
111.047
 20
-67.127
 11
111.105
 21
-66.9478
  0
LINE
  8
0
 10
111.105
 20
-66.9478
 11
111.186
 21
-66.7774
  0
LINE
  8
0
 10
111.186
 20
-66.7774
 11
111.286
 21
-66.6183
  0
LINE
  8
0
 10
111.286
 20
-66.6183
 11
111.407
 21
-66.4732
  0
LINE
  8
0
 10
111.407
 20
-66.4732
 11
111.544
 21
-66.3442
  0
LINE
  8
0
 10
111.544
 20
-66.3442
 11
111.696
 21
-66.2335
  0
LINE
  8
0
 10
111.696
 20
-66.2335
 11
111.861
 21
-66.1428
  0
LINE
  8
0
 10
111.861
 20
-66.1428
 11
112.036
 21
-66.0734
  0
LINE
  8
0
 10
112.036
 20
-66.0734
 11
112.219
 21
-66.0266
  0
LINE
  8
0
 10
112.219
 20
-66.0266
 11
112.406
 21
-66.003
  0
LINE
  8
0
 10
112.406
 20
-66.003
 11
112.594
 21
-66.003
  0
LINE
  8
0
 10
112.594
 20
-66.003
 11
112.781
 21
-66.0266
  0
LINE
  8
0
 10
112.781
 20
-66.0266
 11
112.964
 21
-66.0734
  0
LINE
  8
0
 10
112.964
 20
-66.0734
 11
113.139
 21
-66.1428
  0
LINE
  8
0
 10
113.139
 20
-66.1428
 11
113.304
 21
-66.2335
  0
LINE
  8
0
 10
113.304
 20
-66.2335
 11
113.456
 21
-66.3442
  0
LINE
  8
0
 10
113.456
 20
-66.3442
 11
113.593
 21
-66.4732
  0
LINE
  8
0
 10
113.593
 20
-66.4732
 11
113.714
 21
-66.6183
  0
LINE
  8
0
 10
113.714
 20
-66.6183
 11
113.814
 21
-66.7774
  0
LINE
  8
0
 10
113.814
 20
-66.7774
 11
113.895
 21
-66.9478
  0
LINE
  8
0
 10
113.895
 20
-66.9478
 11
113.953
 21
-67.127
  0
LINE
  8
0
 10
113.953
 20
-67.127
 11
113.988
 21
-67.312
  0
LINE
  8
0
 10
113.988
 20
-67.312
 11
114
 21
-67.5
  0
LINE
  8
0
 10
114
 20
-67.5
 11
113.988
 21
-67.688
  0
LINE
  8
0
 10
113.988
 20
-67.688
 11
113.953
 21
-67.873
  0
LINE
  8
0
 10
113.953
 20
-67.873
 11
113.895
 21
-68.0522
  0
LINE
  8
0
 10
113.895
 20
-68.0522
 11
113.814
 21
-68.2226
  0
LINE
  8
0
 10
113.814
 20
-68.2226
 11
113.714
 21
-68.3817
  0
LINE
  8
0
 10
113.714
 20
-68.3817
 11
113.593
 21
-68.5268
  0
LINE
  8
0
 10
113.593
 20
-68.5268
 11
113.456
 21
-68.6558
  0
LINE
  8
0
 10
113.456
 20
-68.6558
 11
113.304
 21
-68.7665
  0
LINE
  8
0
 10
113.304
 20
-68.7665
 11
113.139
 21
-68.8572
  0
LINE
  8
0
 10
113.139
 20
-68.8572
 11
112.964
 21
-68.9266
  0
LINE
  8
0
 10
112.964
 20
-68.9266
 11
112.781
 21
-68.9734
  0
LINE
  8
0
 10
112.781
 20
-68.9734
 11
112.594
 21
-68.997
  0
LINE
  8
0
 10
112.594
 20
-68.997
 11
112.406
 21
-68.997
  0
LINE
  8
0
 10
-112.688
 20
-77.9941
 11
-113.062
 21
-77.9469
  0
LINE
  8
0
 10
-113.062
 20
-77.9469
 11
-113.427
 21
-77.8532
  0
LINE
  8
0
 10
-113.427
 20
-77.8532
 11
-113.777
 21
-77.7145
  0
LINE
  8
0
 10
-113.777
 20
-77.7145
 11
-114.107
 21
-77.533
  0
LINE
  8
0
 10
-114.107
 20
-77.533
 11
-114.412
 21
-77.3115
  0
LINE
  8
0
 10
-114.412
 20
-77.3115
 11
-114.687
 21
-77.0536
  0
LINE
  8
0
 10
-114.687
 20
-77.0536
 11
-114.927
 21
-76.7634
  0
LINE
  8
0
 10
-114.927
 20
-76.7634
 11
-115.129
 21
-76.4453
  0
LINE
  8
0
 10
-115.129
 20
-76.4453
 11
-115.289
 21
-76.1044
  0
LINE
  8
0
 10
-115.289
 20
-76.1044
 11
-115.406
 21
-75.7461
  0
LINE
  8
0
 10
-115.406
 20
-75.7461
 11
-115.476
 21
-75.376
  0
LINE
  8
0
 10
-115.476
 20
-75.376
 11
-115.5
 21
-75
  0
LINE
  8
0
 10
-115.5
 20
-75
 11
-115.476
 21
-74.624
  0
LINE
  8
0
 10
-115.476
 20
-74.624
 11
-115.406
 21
-74.2539
  0
LINE
  8
0
 10
-115.406
 20
-74.2539
 11
-115.289
 21
-73.8956
  0
LINE
  8
0
 10
-115.289
 20
-73.8956
 11
-115.129
 21
-73.5547
  0
LINE
  8
0
 10
-115.129
 20
-73.5547
 11
-114.927
 21
-73.2366
  0
LINE
  8
0
 10
-114.927
 20
-73.2366
 11
-114.687
 21
-72.9464
  0
LINE
  8
0
 10
-114.687
 20
-72.9464
 11
-114.412
 21
-72.6885
  0
LINE
  8
0
 10
-114.412
 20
-72.6885
 11
-114.107
 21
-72.467
  0
LINE
  8
0
 10
-114.107
 20
-72.467
 11
-113.777
 21
-72.2855
  0
LINE
  8
0
 10
-113.777
 20
-72.2855
 11
-113.427
 21
-72.1468
  0
LINE
  8
0
 10
-113.427
 20
-72.1468
 11
-113.062
 21
-72.0531
  0
LINE
  8
0
 10
-113.062
 20
-72.0531
 11
-112.688
 21
-72.0059
  0
LINE
  8
0
 10
-112.688
 20
-72.0059
 11
-112.312
 21
-72.0059
  0
LINE
  8
0
 10
-112.312
 20
-72.0059
 11
-111.938
 21
-72.0531
  0
LINE
  8
0
 10
-111.938
 20
-72.0531
 11
-111.573
 21
-72.1468
  0
LINE
  8
0
 10
-111.573
 20
-72.1468
 11
-111.223
 21
-72.2855
  0
LINE
  8
0
 10
-111.223
 20
-72.2855
 11
-110.893
 21
-72.467
  0
LINE
  8
0
 10
-110.893
 20
-72.467
 11
-110.588
 21
-72.6885
  0
LINE
  8
0
 10
-110.588
 20
-72.6885
 11
-110.313
 21
-72.9464
  0
LINE
  8
0
 10
-110.313
 20
-72.9464
 11
-110.073
 21
-73.2366
  0
LINE
  8
0
 10
-110.073
 20
-73.2366
 11
-109.871
 21
-73.5547
  0
LINE
  8
0
 10
-109.871
 20
-73.5547
 11
-109.711
 21
-73.8956
  0
LINE
  8
0
 10
-109.711
 20
-73.8956
 11
-109.594
 21
-74.2539
  0
LINE
  8
0
 10
-109.594
 20
-74.2539
 11
-109.524
 21
-74.624
  0
LINE
  8
0
 10
-109.524
 20
-74.624
 11
-109.5
 21
-75
  0
LINE
  8
0
 10
-109.5
 20
-75
 11
-109.524
 21
-75.376
  0
LINE
  8
0
 10
-109.524
 20
-75.376
 11
-109.594
 21
-75.7461
  0
LINE
  8
0
 10
-109.594
 20
-75.7461
 11
-109.711
 21
-76.1044
  0
LINE
  8
0
 10
-109.711
 20
-76.1044
 11
-109.871
 21
-76.4453
  0
LINE
  8
0
 10
-109.871
 20
-76.4453
 11
-110.073
 21
-76.7634
  0
LINE
  8
0
 10
-110.073
 20
-76.7634
 11
-110.313
 21
-77.0536
  0
LINE
  8
0
 10
-110.313
 20
-77.0536
 11
-110.588
 21
-77.3115
  0
LINE
  8
0
 10
-110.588
 20
-77.3115
 11
-110.893
 21
-77.533
  0
LINE
  8
0
 10
-110.893
 20
-77.533
 11
-111.223
 21
-77.7145
  0
LINE
  8
0
 10
-111.223
 20
-77.7145
 11
-111.573
 21
-77.8532
  0
LINE
  8
0
 10
-111.573
 20
-77.8532
 11
-111.938
 21
-77.9469
  0
LINE
  8
0
 10
-111.938
 20
-77.9469
 11
-112.312
 21
-77.9941
  0
LINE
  8
0
 10
-112.312
 20
-77.9941
 11
-112.688
 21
-77.9941
  0
LINE
  8
0
 10
112.312
 20
-77.9941
 11
111.938
 21
-77.9469
  0
LINE
  8
0
 10
111.938
 20
-77.9469
 11
111.573
 21
-77.8532
  0
LINE
  8
0
 10
111.573
 20
-77.8532
 11
111.223
 21
-77.7145
  0
LINE
  8
0
 10
111.223
 20
-77.7145
 11
110.893
 21
-77.533
  0
LINE
  8
0
 10
110.893
 20
-77.533
 11
110.588
 21
-77.3115
  0
LINE
  8
0
 10
110.588
 20
-77.3115
 11
110.313
 21
-77.0536
  0
LINE
  8
0
 10
110.313
 20
-77.0536
 11
110.073
 21
-76.7634
  0
LINE
  8
0
 10
110.073
 20
-76.7634
 11
109.871
 21
-76.4453
  0
LINE
  8
0
 10
109.871
 20
-76.4453
 11
109.711
 21
-76.1044
  0
LINE
  8
0
 10
109.711
 20
-76.1044
 11
109.594
 21
-75.7461
  0
LINE
  8
0
 10
109.594
 20
-75.7461
 11
109.524
 21
-75.376
  0
LINE
  8
0
 10
109.524
 20
-75.376
 11
109.5
 21
-75
  0
LINE
  8
0
 10
109.5
 20
-75
 11
109.524
 21
-74.624
  0
LINE
  8
0
 10
109.524
 20
-74.624
 11
109.594
 21
-74.2539
  0
LINE
  8
0
 10
109.594
 20
-74.2539
 11
109.711
 21
-73.8956
  0
LINE
  8
0
 10
109.711
 20
-73.8956
 11
109.871
 21
-73.5547
  0
LINE
  8
0
 10
109.871
 20
-73.5547
 11
110.073
 21
-73.2366
  0
LINE
  8
0
 10
110.073
 20
-73.2366
 11
110.313
 21
-72.9464
  0
LINE
  8
0
 10
110.313
 20
-72.9464
 11
110.588
 21
-72.6885
  0
LINE
  8
0
 10
110.588
 20
-72.6885
 11
110.893
 21
-72.467
  0
LINE
  8
0
 10
110.893
 20
-72.467
 11
111.223
 21
-72.2855
  0
LINE
  8
0
 10
111.223
 20
-72.2855
 11
111.573
 21
-72.1468
  0
LINE
  8
0
 10
111.573
 20
-72.1468
 11
111.938
 21
-72.0531
  0
LINE
  8
0
 10
111.938
 20
-72.0531
 11
112.312
 21
-72.0059
  0
LINE
  8
0
 10
112.312
 20
-72.0059
 11
112.688
 21
-72.0059
  0
LINE
  8
0
 10
112.688
 20
-72.0059
 11
113.062
 21
-72.0531
  0
LINE
  8
0
 10
113.062
 20
-72.0531
 11
113.427
 21
-72.1468
  0
LINE
  8
0
 10
113.427
 20
-72.1468
 11
113.777
 21
-72.2855
  0
LINE
  8
0
 10
113.777
 20
-72.2855
 11
114.107
 21
-72.467
  0
LINE
  8
0
 10
114.107
 20
-72.467
 11
114.412
 21
-72.6885
  0
LINE
  8
0
 10
114.412
 20
-72.6885
 11
114.687
 21
-72.9464
  0
LINE
  8
0
 10
114.687
 20
-72.9464
 11
114.927
 21
-73.2366
  0
LINE
  8
0
 10
114.927
 20
-73.2366
 11
115.129
 21
-73.5547
  0
LINE
  8
0
 10
115.129
 20
-73.5547
 11
115.289
 21
-73.8956
  0
LINE
  8
0
 10
115.289
 20
-73.8956
 11
115.406
 21
-74.2539
  0
LINE
  8
0
 10
115.406
 20
-74.2539
 11
115.476
 21
-74.624
  0
LINE
  8
0
 10
115.476
 20
-74.624
 11
115.5
 21
-75
  0
LINE
  8
0
 10
115.5
 20
-75
 11
115.476
 21
-75.376
  0
LINE
  8
0
 10
115.476
 20
-75.376
 11
115.406
 21
-75.7461
  0
LINE
  8
0
 10
115.406
 20
-75.7461
 11
115.289
 21
-76.1044
  0
LINE
  8
0
 10
115.289
 20
-76.1044
 11
115.129
 21
-76.4453
  0
LINE
  8
0
 10
115.129
 20
-76.4453
 11
114.927
 21
-76.7634
  0
LINE
  8
0
 10
114.927
 20
-76.7634
 11
114.687
 21
-77.0536
  0
LINE
  8
0
 10
114.687
 20
-77.0536
 11
114.412
 21
-77.3115
  0
LINE
  8
0
 10
114.412
 20
-77.3115
 11
114.107
 21
-77.533
  0
LINE
  8
0
 10
114.107
 20
-77.533
 11
113.777
 21
-77.7145
  0
LINE
  8
0
 10
113.777
 20
-77.7145
 11
113.427
 21
-77.8532
  0
LINE
  8
0
 10
113.427
 20
-77.8532
 11
113.062
 21
-77.9469
  0
LINE
  8
0
 10
113.062
 20
-77.9469
 11
112.688
 21
-77.9941
  0
LINE
  8
0
 10
112.688
 20
-77.9941
 11
112.312
 21
-77.9941
  0
LINE
  8
0
 10
-112.594
 20
-83.997
 11
-112.781
 21
-83.9734
  0
LINE
  8
0
 10
-112.781
 20
-83.9734
 11
-112.964
 21
-83.9266
  0
LINE
  8
0
 10
-112.964
 20
-83.9266
 11
-113.139
 21
-83.8572
  0
LINE
  8
0
 10
-113.139
 20
-83.8572
 11
-113.304
 21
-83.7665
  0
LINE
  8
0
 10
-113.304
 20
-83.7665
 11
-113.456
 21
-83.6558
  0
LINE
  8
0
 10
-113.456
 20
-83.6558
 11
-113.593
 21
-83.5268
  0
LINE
  8
0
 10
-113.593
 20
-83.5268
 11
-113.714
 21
-83.3817
  0
LINE
  8
0
 10
-113.714
 20
-83.3817
 11
-113.814
 21
-83.2226
  0
LINE
  8
0
 10
-113.814
 20
-83.2226
 11
-113.895
 21
-83.0522
  0
LINE
  8
0
 10
-113.895
 20
-83.0522
 11
-113.953
 21
-82.873
  0
LINE
  8
0
 10
-113.953
 20
-82.873
 11
-113.988
 21
-82.688
  0
LINE
  8
0
 10
-113.988
 20
-82.688
 11
-114
 21
-82.5
  0
LINE
  8
0
 10
-114
 20
-82.5
 11
-113.988
 21
-82.312
  0
LINE
  8
0
 10
-113.988
 20
-82.312
 11
-113.953
 21
-82.127
  0
LINE
  8
0
 10
-113.953
 20
-82.127
 11
-113.895
 21
-81.9478
  0
LINE
  8
0
 10
-113.895
 20
-81.9478
 11
-113.814
 21
-81.7774
  0
LINE
  8
0
 10
-113.814
 20
-81.7774
 11
-113.714
 21
-81.6183
  0
LINE
  8
0
 10
-113.714
 20
-81.6183
 11
-113.593
 21
-81.4732
  0
LINE
  8
0
 10
-113.593
 20
-81.4732
 11
-113.456
 21
-81.3442
  0
LINE
  8
0
 10
-113.456
 20
-81.3442
 11
-113.304
 21
-81.2335
  0
LINE
  8
0
 10
-113.304
 20
-81.2335
 11
-113.139
 21
-81.1428
  0
LINE
  8
0
 10
-113.139
 20
-81.1428
 11
-112.964
 21
-81.0734
  0
LINE
  8
0
 10
-112.964
 20
-81.0734
 11
-112.781
 21
-81.0266
  0
LINE
  8
0
 10
-112.781
 20
-81.0266
 11
-112.594
 21
-81.003
  0
LINE
  8
0
 10
-112.594
 20
-81.003
 11
-112.406
 21
-81.003
  0
LINE
  8
0
 10
-112.406
 20
-81.003
 11
-112.219
 21
-81.0266
  0
LINE
  8
0
 10
-112.219
 20
-81.0266
 11
-112.036
 21
-81.0734
  0
LINE
  8
0
 10
-112.036
 20
-81.0734
 11
-111.861
 21
-81.1428
  0
LINE
  8
0
 10
-111.861
 20
-81.1428
 11
-111.696
 21
-81.2335
  0
LINE
  8
0
 10
-111.696
 20
-81.2335
 11
-111.544
 21
-81.3442
  0
LINE
  8
0
 10
-111.544
 20
-81.3442
 11
-111.407
 21
-81.4732
  0
LINE
  8
0
 10
-111.407
 20
-81.4732
 11
-111.286
 21
-81.6183
  0
LINE
  8
0
 10
-111.286
 20
-81.6183
 11
-111.186
 21
-81.7774
  0
LINE
  8
0
 10
-111.186
 20
-81.7774
 11
-111.105
 21
-81.9478
  0
LINE
  8
0
 10
-111.105
 20
-81.9478
 11
-111.047
 21
-82.127
  0
LINE
  8
0
 10
-111.047
 20
-82.127
 11
-111.012
 21
-82.312
  0
LINE
  8
0
 10
-111.012
 20
-82.312
 11
-111
 21
-82.5
  0
LINE
  8
0
 10
-111
 20
-82.5
 11
-111.012
 21
-82.688
  0
LINE
  8
0
 10
-111.012
 20
-82.688
 11
-111.047
 21
-82.873
  0
LINE
  8
0
 10
-111.047
 20
-82.873
 11
-111.105
 21
-83.0522
  0
LINE
  8
0
 10
-111.105
 20
-83.0522
 11
-111.186
 21
-83.2226
  0
LINE
  8
0
 10
-111.186
 20
-83.2226
 11
-111.286
 21
-83.3817
  0
LINE
  8
0
 10
-111.286
 20
-83.3817
 11
-111.407
 21
-83.5268
  0
LINE
  8
0
 10
-111.407
 20
-83.5268
 11
-111.544
 21
-83.6558
  0
LINE
  8
0
 10
-111.544
 20
-83.6558
 11
-111.696
 21
-83.7665
  0
LINE
  8
0
 10
-111.696
 20
-83.7665
 11
-111.861
 21
-83.8572
  0
LINE
  8
0
 10
-111.861
 20
-83.8572
 11
-112.036
 21
-83.9266
  0
LINE
  8
0
 10
-112.036
 20
-83.9266
 11
-112.219
 21
-83.9734
  0
LINE
  8
0
 10
-112.219
 20
-83.9734
 11
-112.406
 21
-83.997
  0
LINE
  8
0
 10
-112.406
 20
-83.997
 11
-112.594
 21
-83.997
  0
LINE
  8
0
 10
112.406
 20
-83.997
 11
112.219
 21
-83.9734
  0
LINE
  8
0
 10
112.219
 20
-83.9734
 11
112.036
 21
-83.9266
  0
LINE
  8
0
 10
112.036
 20
-83.9266
 11
111.861
 21
-83.8572
  0
LINE
  8
0
 10
111.861
 20
-83.8572
 11
111.696
 21
-83.7665
  0
LINE
  8
0
 10
111.696
 20
-83.7665
 11
111.544
 21
-83.6558
  0
LINE
  8
0
 10
111.544
 20
-83.6558
 11
111.407
 21
-83.5268
  0
LINE
  8
0
 10
111.407
 20
-83.5268
 11
111.286
 21
-83.3817
  0
LINE
  8
0
 10
111.286
 20
-83.3817
 11
111.186
 21
-83.2226
  0
LINE
  8
0
 10
111.186
 20
-83.2226
 11
111.105
 21
-83.0522
  0
LINE
  8
0
 10
111.105
 20
-83.0522
 11
111.047
 21
-82.873
  0
LINE
  8
0
 10
111.047
 20
-82.873
 11
111.012
 21
-82.688
  0
LINE
  8
0
 10
111.012
 20
-82.688
 11
111
 21
-82.5
  0
LINE
  8
0
 10
111
 20
-82.5
 11
111.012
 21
-82.312
  0
LINE
  8
0
 10
111.012
 20
-82.312
 11
111.047
 21
-82.127
  0
LINE
  8
0
 10
111.047
 20
-82.127
 11
111.105
 21
-81.9478
  0
LINE
  8
0
 10
111.105
 20
-81.9478
 11
111.186
 21
-81.7774
  0
LINE
  8
0
 10
111.186
 20
-81.7774
 11
111.286
 21
-81.6183
  0
LINE
  8
0
 10
111.286
 20
-81.6183
 11
111.407
 21
-81.4732
  0
LINE
  8
0
 10
111.407
 20
-81.4732
 11
111.544
 21
-81.3442
  0
LINE
  8
0
 10
111.544
 20
-81.3442
 11
111.696
 21
-81.2335
  0
LINE
  8
0
 10
111.696
 20
-81.2335
 11
111.861
 21
-81.1428
  0
LINE
  8
0
 10
111.861
 20
-81.1428
 11
112.036
 21
-81.0734
  0
LINE
  8
0
 10
112.036
 20
-81.0734
 11
112.219
 21
-81.0266
  0
LINE
  8
0
 10
112.219
 20
-81.0266
 11
112.406
 21
-81.003
  0
LINE
  8
0
 10
112.406
 20
-81.003
 11
112.594
 21
-81.003
  0
LINE
  8
0
 10
112.594
 20
-81.003
 11
112.781
 21
-81.0266
  0
LINE
  8
0
 10
112.781
 20
-81.0266
 11
112.964
 21
-81.0734
  0
LINE
  8
0
 10
112.964
 20
-81.0734
 11
113.139
 21
-81.1428
  0
LINE
  8
0
 10
113.139
 20
-81.1428
 11
113.304
 21
-81.2335
  0
LINE
  8
0
 10
113.304
 20
-81.2335
 11
113.456
 21
-81.3442
  0
LINE
  8
0
 10
113.456
 20
-81.3442
 11
113.593
 21
-81.4732
  0
LINE
  8
0
 10
113.593
 20
-81.4732
 11
113.714
 21
-81.6183
  0
LINE
  8
0
 10
113.714
 20
-81.6183
 11
113.814
 21
-81.7774
  0
LINE
  8
0
 10
113.814
 20
-81.7774
 11
113.895
 21
-81.9478
  0
LINE
  8
0
 10
113.895
 20
-81.9478
 11
113.953
 21
-82.127
  0
LINE
  8
0
 10
113.953
 20
-82.127
 11
113.988
 21
-82.312
  0
LINE
  8
0
 10
113.988
 20
-82.312
 11
114
 21
-82.5
  0
LINE
  8
0
 10
114
 20
-82.5
 11
113.988
 21
-82.688
  0
LINE
  8
0
 10
113.988
 20
-82.688
 11
113.953
 21
-82.873
  0
LINE
  8
0
 10
113.953
 20
-82.873
 11
113.895
 21
-83.0522
  0
LINE
  8
0
 10
113.895
 20
-83.0522
 11
113.814
 21
-83.2226
  0
LINE
  8
0
 10
113.814
 20
-83.2226
 11
113.714
 21
-83.3817
  0
LINE
  8
0
 10
113.714
 20
-83.3817
 11
113.593
 21
-83.5268
  0
LINE
  8
0
 10
113.593
 20
-83.5268
 11
113.456
 21
-83.6558
  0
LINE
  8
0
 10
113.456
 20
-83.6558
 11
113.304
 21
-83.7665
  0
LINE
  8
0
 10
113.304
 20
-83.7665
 11
113.139
 21
-83.8572
  0
LINE
  8
0
 10
113.139
 20
-83.8572
 11
112.964
 21
-83.9266
  0
LINE
  8
0
 10
112.964
 20
-83.9266
 11
112.781
 21
-83.9734
  0
LINE
  8
0
 10
112.781
 20
-83.9734
 11
112.594
 21
-83.997
  0
LINE
  8
0
 10
112.594
 20
-83.997
 11
112.406
 21
-83.997
  0
LINE
  8
0
 10
-112.688
 20
-92.9941
 11
-113.062
 21
-92.9469
  0
LINE
  8
0
 10
-113.062
 20
-92.9469
 11
-113.427
 21
-92.8532
  0
LINE
  8
0
 10
-113.427
 20
-92.8532
 11
-113.777
 21
-92.7145
  0
LINE
  8
0
 10
-113.777
 20
-92.7145
 11
-114.107
 21
-92.533
  0
LINE
  8
0
 10
-114.107
 20
-92.533
 11
-114.412
 21
-92.3115
  0
LINE
  8
0
 10
-114.412
 20
-92.3115
 11
-114.687
 21
-92.0536
  0
LINE
  8
0
 10
-114.687
 20
-92.0536
 11
-114.927
 21
-91.7634
  0
LINE
  8
0
 10
-114.927
 20
-91.7634
 11
-115.129
 21
-91.4453
  0
LINE
  8
0
 10
-115.129
 20
-91.4453
 11
-115.289
 21
-91.1044
  0
LINE
  8
0
 10
-115.289
 20
-91.1044
 11
-115.406
 21
-90.7461
  0
LINE
  8
0
 10
-115.406
 20
-90.7461
 11
-115.476
 21
-90.376
  0
LINE
  8
0
 10
-115.476
 20
-90.376
 11
-115.5
 21
-90
  0
LINE
  8
0
 10
-115.5
 20
-90
 11
-115.476
 21
-89.624
  0
LINE
  8
0
 10
-115.476
 20
-89.624
 11
-115.406
 21
-89.2539
  0
LINE
  8
0
 10
-115.406
 20
-89.2539
 11
-115.289
 21
-88.8956
  0
LINE
  8
0
 10
-115.289
 20
-88.8956
 11
-115.129
 21
-88.5547
  0
LINE
  8
0
 10
-115.129
 20
-88.5547
 11
-114.927
 21
-88.2366
  0
LINE
  8
0
 10
-114.927
 20
-88.2366
 11
-114.687
 21
-87.9464
  0
LINE
  8
0
 10
-114.687
 20
-87.9464
 11
-114.412
 21
-87.6885
  0
LINE
  8
0
 10
-114.412
 20
-87.6885
 11
-114.107
 21
-87.467
  0
LINE
  8
0
 10
-114.107
 20
-87.467
 11
-113.777
 21
-87.2855
  0
LINE
  8
0
 10
-113.777
 20
-87.2855
 11
-113.427
 21
-87.1468
  0
LINE
  8
0
 10
-113.427
 20
-87.1468
 11
-113.062
 21
-87.0531
  0
LINE
  8
0
 10
-113.062
 20
-87.0531
 11
-112.688
 21
-87.0059
  0
LINE
  8
0
 10
-112.688
 20
-87.0059
 11
-112.312
 21
-87.0059
  0
LINE
  8
0
 10
-112.312
 20
-87.0059
 11
-111.938
 21
-87.0531
  0
LINE
  8
0
 10
-111.938
 20
-87.0531
 11
-111.573
 21
-87.1468
  0
LINE
  8
0
 10
-111.573
 20
-87.1468
 11
-111.223
 21
-87.2855
  0
LINE
  8
0
 10
-111.223
 20
-87.2855
 11
-110.893
 21
-87.467
  0
LINE
  8
0
 10
-110.893
 20
-87.467
 11
-110.588
 21
-87.6885
  0
LINE
  8
0
 10
-110.588
 20
-87.6885
 11
-110.313
 21
-87.9464
  0
LINE
  8
0
 10
-110.313
 20
-87.9464
 11
-110.073
 21
-88.2366
  0
LINE
  8
0
 10
-110.073
 20
-88.2366
 11
-109.871
 21
-88.5547
  0
LINE
  8
0
 10
-109.871
 20
-88.5547
 11
-109.711
 21
-88.8956
  0
LINE
  8
0
 10
-109.711
 20
-88.8956
 11
-109.594
 21
-89.2539
  0
LINE
  8
0
 10
-109.594
 20
-89.2539
 11
-109.524
 21
-89.624
  0
LINE
  8
0
 10
-109.524
 20
-89.624
 11
-109.5
 21
-90
  0
LINE
  8
0
 10
-109.5
 20
-90
 11
-109.524
 21
-90.376
  0
LINE
  8
0
 10
-109.524
 20
-90.376
 11
-109.594
 21
-90.7461
  0
LINE
  8
0
 10
-109.594
 20
-90.7461
 11
-109.711
 21
-91.1044
  0
LINE
  8
0
 10
-109.711
 20
-91.1044
 11
-109.871
 21
-91.4453
  0
LINE
  8
0
 10
-109.871
 20
-91.4453
 11
-110.073
 21
-91.7634
  0
LINE
  8
0
 10
-110.073
 20
-91.7634
 11
-110.313
 21
-92.0536
  0
LINE
  8
0
 10
-110.313
 20
-92.0536
 11
-110.588
 21
-92.3115
  0
LINE
  8
0
 10
-110.588
 20
-92.3115
 11
-110.893
 21
-92.533
  0
LINE
  8
0
 10
-110.893
 20
-92.533
 11
-111.223
 21
-92.7145
  0
LINE
  8
0
 10
-111.223
 20
-92.7145
 11
-111.573
 21
-92.8532
  0
LINE
  8
0
 10
-111.573
 20
-92.8532
 11
-111.938
 21
-92.9469
  0
LINE
  8
0
 10
-111.938
 20
-92.9469
 11
-112.312
 21
-92.9941
  0
LINE
  8
0
 10
-112.312
 20
-92.9941
 11
-112.688
 21
-92.9941
  0
LINE
  8
0
 10
112.312
 20
-92.9941
 11
111.938
 21
-92.9469
  0
LINE
  8
0
 10
111.938
 20
-92.9469
 11
111.573
 21
-92.8532
  0
LINE
  8
0
 10
111.573
 20
-92.8532
 11
111.223
 21
-92.7145
  0
LINE
  8
0
 10
111.223
 20
-92.7145
 11
110.893
 21
-92.533
  0
LINE
  8
0
 10
110.893
 20
-92.533
 11
110.588
 21
-92.3115
  0
LINE
  8
0
 10
110.588
 20
-92.3115
 11
110.313
 21
-92.0536
  0
LINE
  8
0
 10
110.313
 20
-92.0536
 11
110.073
 21
-91.7634
  0
LINE
  8
0
 10
110.073
 20
-91.7634
 11
109.871
 21
-91.4453
  0
LINE
  8
0
 10
109.871
 20
-91.4453
 11
109.711
 21
-91.1044
  0
LINE
  8
0
 10
109.711
 20
-91.1044
 11
109.594
 21
-90.7461
  0
LINE
  8
0
 10
109.594
 20
-90.7461
 11
109.524
 21
-90.376
  0
LINE
  8
0
 10
109.524
 20
-90.376
 11
109.5
 21
-90
  0
LINE
  8
0
 10
109.5
 20
-90
 11
109.524
 21
-89.624
  0
LINE
  8
0
 10
109.524
 20
-89.624
 11
109.594
 21
-89.2539
  0
LINE
  8
0
 10
109.594
 20
-89.2539
 11
109.711
 21
-88.8956
  0
LINE
  8
0
 10
109.711
 20
-88.8956
 11
109.871
 21
-88.5547
  0
LINE
  8
0
 10
109.871
 20
-88.5547
 11
110.073
 21
-88.2366
  0
LINE
  8
0
 10
110.073
 20
-88.2366
 11
110.313
 21
-87.9464
  0
LINE
  8
0
 10
110.313
 20
-87.9464
 11
110.588
 21
-87.6885
  0
LINE
  8
0
 10
110.588
 20
-87.6885
 11
110.893
 21
-87.467
  0
LINE
  8
0
 10
110.893
 20
-87.467
 11
111.223
 21
-87.2855
  0
LINE
  8
0
 10
111.223
 20
-87.2855
 11
111.573
 21
-87.1468
  0
LINE
  8
0
 10
111.573
 20
-87.1468
 11
111.938
 21
-87.0531
  0
LINE
  8
0
 10
111.938
 20
-87.0531
 11
112.312
 21
-87.0059
  0
LINE
  8
0
 10
112.312
 20
-87.0059
 11
112.688
 21
-87.0059
  0
LINE
  8
0
 10
112.688
 20
-87.0059
 11
113.062
 21
-87.0531
  0
LINE
  8
0
 10
113.062
 20
-87.0531
 11
113.427
 21
-87.1468
  0
LINE
  8
0
 10
113.427
 20
-87.1468
 11
113.777
 21
-87.2855
  0
LINE
  8
0
 10
113.777
 20
-87.2855
 11
114.107
 21
-87.467
  0
LINE
  8
0
 10
114.107
 20
-87.467
 11
114.412
 21
-87.6885
  0
LINE
  8
0
 10
114.412
 20
-87.6885
 11
114.687
 21
-87.9464
  0
LINE
  8
0
 10
114.687
 20
-87.9464
 11
114.927
 21
-88.2366
  0
LINE
  8
0
 10
114.927
 20
-88.2366
 11
115.129
 21
-88.5547
  0
LINE
  8
0
 10
115.129
 20
-88.5547
 11
115.289
 21
-88.8956
  0
LINE
  8
0
 10
115.289
 20
-88.8956
 11
115.406
 21
-89.2539
  0
LINE
  8
0
 10
115.406
 20
-89.2539
 11
115.476
 21
-89.624
  0
LINE
  8
0
 10
115.476
 20
-89.624
 11
115.5
 21
-90
  0
LINE
  8
0
 10
115.5
 20
-90
 11
115.476
 21
-90.376
  0
LINE
  8
0
 10
115.476
 20
-90.376
 11
115.406
 21
-90.7461
  0
LINE
  8
0
 10
115.406
 20
-90.7461
 11
115.289
 21
-91.1044
  0
LINE
  8
0
 10
115.289
 20
-91.1044
 11
115.129
 21
-91.4453
  0
LINE
  8
0
 10
115.129
 20
-91.4453
 11
114.927
 21
-91.7634
  0
LINE
  8
0
 10
114.927
 20
-91.7634
 11
114.687
 21
-92.0536
  0
LINE
  8
0
 10
114.687
 20
-92.0536
 11
114.412
 21
-92.3115
  0
LINE
  8
0
 10
114.412
 20
-92.3115
 11
114.107
 21
-92.533
  0
LINE
  8
0
 10
114.107
 20
-92.533
 11
113.777
 21
-92.7145
  0
LINE
  8
0
 10
113.777
 20
-92.7145
 11
113.427
 21
-92.8532
  0
LINE
  8
0
 10
113.427
 20
-92.8532
 11
113.062
 21
-92.9469
  0
LINE
  8
0
 10
113.062
 20
-92.9469
 11
112.688
 21
-92.9941
  0
LINE
  8
0
 10
112.688
 20
-92.9941
 11
112.312
 21
-92.9941
  0
LINE
  8
0
 10
-112.594
 20
-98.997
 11
-112.781
 21
-98.9734
  0
LINE
  8
0
 10
-112.781
 20
-98.9734
 11
-112.964
 21
-98.9266
  0
LINE
  8
0
 10
-112.964
 20
-98.9266
 11
-113.139
 21
-98.8572
  0
LINE
  8
0
 10
-113.139
 20
-98.8572
 11
-113.304
 21
-98.7665
  0
LINE
  8
0
 10
-113.304
 20
-98.7665
 11
-113.456
 21
-98.6558
  0
LINE
  8
0
 10
-113.456
 20
-98.6558
 11
-113.593
 21
-98.5268
  0
LINE
  8
0
 10
-113.593
 20
-98.5268
 11
-113.714
 21
-98.3817
  0
LINE
  8
0
 10
-113.714
 20
-98.3817
 11
-113.814
 21
-98.2226
  0
LINE
  8
0
 10
-113.814
 20
-98.2226
 11
-113.895
 21
-98.0522
  0
LINE
  8
0
 10
-113.895
 20
-98.0522
 11
-113.953
 21
-97.873
  0
LINE
  8
0
 10
-113.953
 20
-97.873
 11
-113.988
 21
-97.688
  0
LINE
  8
0
 10
-113.988
 20
-97.688
 11
-114
 21
-97.5
  0
LINE
  8
0
 10
-114
 20
-97.5
 11
-113.988
 21
-97.312
  0
LINE
  8
0
 10
-113.988
 20
-97.312
 11
-113.953
 21
-97.127
  0
LINE
  8
0
 10
-113.953
 20
-97.127
 11
-113.895
 21
-96.9478
  0
LINE
  8
0
 10
-113.895
 20
-96.9478
 11
-113.814
 21
-96.7774
  0
LINE
  8
0
 10
-113.814
 20
-96.7774
 11
-113.714
 21
-96.6183
  0
LINE
  8
0
 10
-113.714
 20
-96.6183
 11
-113.593
 21
-96.4732
  0
LINE
  8
0
 10
-113.593
 20
-96.4732
 11
-113.456
 21
-96.3442
  0
LINE
  8
0
 10
-113.456
 20
-96.3442
 11
-113.304
 21
-96.2335
  0
LINE
  8
0
 10
-113.304
 20
-96.2335
 11
-113.139
 21
-96.1428
  0
LINE
  8
0
 10
-113.139
 20
-96.1428
 11
-112.964
 21
-96.0734
  0
LINE
  8
0
 10
-112.964
 20
-96.0734
 11
-112.781
 21
-96.0266
  0
LINE
  8
0
 10
-112.781
 20
-96.0266
 11
-112.594
 21
-96.003
  0
LINE
  8
0
 10
-112.594
 20
-96.003
 11
-112.406
 21
-96.003
  0
LINE
  8
0
 10
-112.406
 20
-96.003
 11
-112.219
 21
-96.0266
  0
LINE
  8
0
 10
-112.219
 20
-96.0266
 11
-112.036
 21
-96.0734
  0
LINE
  8
0
 10
-112.036
 20
-96.0734
 11
-111.861
 21
-96.1428
  0
LINE
  8
0
 10
-111.861
 20
-96.1428
 11
-111.696
 21
-96.2335
  0
LINE
  8
0
 10
-111.696
 20
-96.2335
 11
-111.544
 21
-96.3442
  0
LINE
  8
0
 10
-111.544
 20
-96.3442
 11
-111.407
 21
-96.4732
  0
LINE
  8
0
 10
-111.407
 20
-96.4732
 11
-111.286
 21
-96.6183
  0
LINE
  8
0
 10
-111.286
 20
-96.6183
 11
-111.186
 21
-96.7774
  0
LINE
  8
0
 10
-111.186
 20
-96.7774
 11
-111.105
 21
-96.9478
  0
LINE
  8
0
 10
-111.105
 20
-96.9478
 11
-111.047
 21
-97.127
  0
LINE
  8
0
 10
-111.047
 20
-97.127
 11
-111.012
 21
-97.312
  0
LINE
  8
0
 10
-111.012
 20
-97.312
 11
-111
 21
-97.5
  0
LINE
  8
0
 10
-111
 20
-97.5
 11
-111.012
 21
-97.688
  0
LINE
  8
0
 10
-111.012
 20
-97.688
 11
-111.047
 21
-97.873
  0
LINE
  8
0
 10
-111.047
 20
-97.873
 11
-111.105
 21
-98.0522
  0
LINE
  8
0
 10
-111.105
 20
-98.0522
 11
-111.186
 21
-98.2226
  0
LINE
  8
0
 10
-111.186
 20
-98.2226
 11
-111.286
 21
-98.3817
  0
LINE
  8
0
 10
-111.286
 20
-98.3817
 11
-111.407
 21
-98.5268
  0
LINE
  8
0
 10
-111.407
 20
-98.5268
 11
-111.544
 21
-98.6558
  0
LINE
  8
0
 10
-111.544
 20
-98.6558
 11
-111.696
 21
-98.7665
  0
LINE
  8
0
 10
-111.696
 20
-98.7665
 11
-111.861
 21
-98.8572
  0
LINE
  8
0
 10
-111.861
 20
-98.8572
 11
-112.036
 21
-98.9266
  0
LINE
  8
0
 10
-112.036
 20
-98.9266
 11
-112.219
 21
-98.9734
  0
LINE
  8
0
 10
-112.219
 20
-98.9734
 11
-112.406
 21
-98.997
  0
LINE
  8
0
 10
-112.406
 20
-98.997
 11
-112.594
 21
-98.997
  0
LINE
  8
0
 10
112.406
 20
-98.997
 11
112.219
 21
-98.9734
  0
LINE
  8
0
 10
112.219
 20
-98.9734
 11
112.036
 21
-98.9266
  0
LINE
  8
0
 10
112.036
 20
-98.9266
 11
111.861
 21
-98.8572
  0
LINE
  8
0
 10
111.861
 20
-98.8572
 11
111.696
 21
-98.7665
  0
LINE
  8
0
 10
111.696
 20
-98.7665
 11
111.544
 21
-98.6558
  0
LINE
  8
0
 10
111.544
 20
-98.6558
 11
111.407
 21
-98.5268
  0
LINE
  8
0
 10
111.407
 20
-98.5268
 11
111.286
 21
-98.3817
  0
LINE
  8
0
 10
111.286
 20
-98.3817
 11
111.186
 21
-98.2226
  0
LINE
  8
0
 10
111.186
 20
-98.2226
 11
111.105
 21
-98.0522
  0
LINE
  8
0
 10
111.105
 20
-98.0522
 11
111.047
 21
-97.873
  0
LINE
  8
0
 10
111.047
 20
-97.873
 11
111.012
 21
-97.688
  0
LINE
  8
0
 10
111.012
 20
-97.688
 11
111
 21
-97.5
  0
LINE
  8
0
 10
111
 20
-97.5
 11
111.012
 21
-97.312
  0
LINE
  8
0
 10
111.012
 20
-97.312
 11
111.047
 21
-97.127
  0
LINE
  8
0
 10
111.047
 20
-97.127
 11
111.105
 21
-96.9478
  0
LINE
  8
0
 10
111.105
 20
-96.9478
 11
111.186
 21
-96.7774
  0
LINE
  8
0
 10
111.186
 20
-96.7774
 11
111.286
 21
-96.6183
  0
LINE
  8
0
 10
111.286
 20
-96.6183
 11
111.407
 21
-96.4732
  0
LINE
  8
0
 10
111.407
 20
-96.4732
 11
111.544
 21
-96.3442
  0
LINE
  8
0
 10
111.544
 20
-96.3442
 11
111.696
 21
-96.2335
  0
LINE
  8
0
 10
111.696
 20
-96.2335
 11
111.861
 21
-96.1428
  0
LINE
  8
0
 10
111.861
 20
-96.1428
 11
112.036
 21
-96.0734
  0
LINE
  8
0
 10
112.036
 20
-96.0734
 11
112.219
 21
-96.0266
  0
LINE
  8
0
 10
112.219
 20
-96.0266
 11
112.406
 21
-96.003
  0
LINE
  8
0
 10
112.406
 20
-96.003
 11
112.594
 21
-96.003
  0
LINE
  8
0
 10
112.594
 20
-96.003
 11
112.781
 21
-96.0266
  0
LINE
  8
0
 10
112.781
 20
-96.0266
 11
112.964
 21
-96.0734
  0
LINE
  8
0
 10
112.964
 20
-96.0734
 11
113.139
 21
-96.1428
  0
LINE
  8
0
 10
113.139
 20
-96.1428
 11
113.304
 21
-96.2335
  0
LINE
  8
0
 10
113.304
 20
-96.2335
 11
113.456
 21
-96.3442
  0
LINE
  8
0
 10
113.456
 20
-96.3442
 11
113.593
 21
-96.4732
  0
LINE
  8
0
 10
113.593
 20
-96.4732
 11
113.714
 21
-96.6183
  0
LINE
  8
0
 10
113.714
 20
-96.6183
 11
113.814
 21
-96.7774
  0
LINE
  8
0
 10
113.814
 20
-96.7774
 11
113.895
 21
-96.9478
  0
LINE
  8
0
 10
113.895
 20
-96.9478
 11
113.953
 21
-97.127
  0
LINE
  8
0
 10
113.953
 20
-97.127
 11
113.988
 21
-97.312
  0
LINE
  8
0
 10
113.988
 20
-97.312
 11
114
 21
-97.5
  0
LINE
  8
0
 10
114
 20
-97.5
 11
113.988
 21
-97.688
  0
LINE
  8
0
 10
113.988
 20
-97.688
 11
113.953
 21
-97.873
  0
LINE
  8
0
 10
113.953
 20
-97.873
 11
113.895
 21
-98.0522
  0
LINE
  8
0
 10
113.895
 20
-98.0522
 11
113.814
 21
-98.2226
  0
LINE
  8
0
 10
113.814
 20
-98.2226
 11
113.714
 21
-98.3817
  0
LINE
  8
0
 10
113.714
 20
-98.3817
 11
113.593
 21
-98.5268
  0
LINE
  8
0
 10
113.593
 20
-98.5268
 11
113.456
 21
-98.6558
  0
LINE
  8
0
 10
113.456
 20
-98.6558
 11
113.304
 21
-98.7665
  0
LINE
  8
0
 10
113.304
 20
-98.7665
 11
113.139
 21
-98.8572
  0
LINE
  8
0
 10
113.139
 20
-98.8572
 11
112.964
 21
-98.9266
  0
LINE
  8
0
 10
112.964
 20
-98.9266
 11
112.781
 21
-98.9734
  0
LINE
  8
0
 10
112.781
 20
-98.9734
 11
112.594
 21
-98.997
  0
LINE
  8
0
 10
112.594
 20
-98.997
 11
112.406
 21
-98.997
  0
LINE
  8
0
 10
52.3116
 20
-107.994
 11
51.9379
 21
-107.947
  0
LINE
  8
0
 10
51.9379
 20
-107.947
 11
51.5729
 21
-107.853
  0
LINE
  8
0
 10
51.5729
 20
-107.853
 11
51.2227
 21
-107.714
  0
LINE
  8
0
 10
51.2227
 20
-107.714
 11
50.8925
 21
-107.533
  0
LINE
  8
0
 10
50.8925
 20
-107.533
 11
50.5877
 21
-107.312
  0
LINE
  8
0
 10
50.5877
 20
-107.312
 11
50.3131
 21
-107.054
  0
LINE
  8
0
 10
50.3131
 20
-107.054
 11
50.0729
 21
-106.763
  0
LINE
  8
0
 10
50.0729
 20
-106.763
 11
49.8711
 21
-106.445
  0
LINE
  8
0
 10
49.8711
 20
-106.445
 11
49.7107
 21
-106.104
  0
LINE
  8
0
 10
49.7107
 20
-106.104
 11
49.5942
 21
-105.746
  0
LINE
  8
0
 10
49.5942
 20
-105.746
 11
49.5237
 21
-105.376
  0
LINE
  8
0
 10
49.5237
 20
-105.376
 11
49.5
 21
-105
  0
LINE
  8
0
 10
49.5
 20
-105
 11
49.5237
 21
-104.624
  0
LINE
  8
0
 10
49.5237
 20
-104.624
 11
49.5942
 21
-104.254
  0
LINE
  8
0
 10
49.5942
 20
-104.254
 11
49.7107
 21
-103.896
  0
LINE
  8
0
 10
49.7107
 20
-103.896
 11
49.8711
 21
-103.555
  0
LINE
  8
0
 10
49.8711
 20
-103.555
 11
50.0729
 21
-103.237
  0
LINE
  8
0
 10
50.0729
 20
-103.237
 11
50.3131
 21
-102.946
  0
LINE
  8
0
 10
50.3131
 20
-102.946
 11
50.5877
 21
-102.688
  0
LINE
  8
0
 10
50.5877
 20
-102.688
 11
50.8925
 21
-102.467
  0
LINE
  8
0
 10
50.8925
 20
-102.467
 11
51.2227
 21
-102.286
  0
LINE
  8
0
 10
51.2227
 20
-102.286
 11
51.5729
 21
-102.147
  0
LINE
  8
0
 10
51.5729
 20
-102.147
 11
51.9379
 21
-102.053
  0
LINE
  8
0
 10
51.9379
 20
-102.053
 11
52.3116
 21
-102.006
  0
LINE
  8
0
 10
52.3116
 20
-102.006
 11
52.6884
 21
-102.006
  0
LINE
  8
0
 10
52.6884
 20
-102.006
 11
53.0621
 21
-102.053
  0
LINE
  8
0
 10
53.0621
 20
-102.053
 11
53.427
 21
-102.147
  0
LINE
  8
0
 10
53.427
 20
-102.147
 11
53.7773
 21
-102.286
  0
LINE
  8
0
 10
53.7773
 20
-102.286
 11
54.1075
 21
-102.467
  0
LINE
  8
0
 10
54.1075
 20
-102.467
 11
54.4123
 21
-102.688
  0
LINE
  8
0
 10
54.4123
 20
-102.688
 11
54.6869
 21
-102.946
  0
LINE
  8
0
 10
54.6869
 20
-102.946
 11
54.927
 21
-103.237
  0
LINE
  8
0
 10
54.927
 20
-103.237
 11
55.1289
 21
-103.555
  0
LINE
  8
0
 10
55.1289
 20
-103.555
 11
55.2893
 21
-103.896
  0
LINE
  8
0
 10
55.2893
 20
-103.896
 11
55.4057
 21
-104.254
  0
LINE
  8
0
 10
55.4057
 20
-104.254
 11
55.4763
 21
-104.624
  0
LINE
  8
0
 10
55.4763
 20
-104.624
 11
55.5
 21
-105
  0
LINE
  8
0
 10
55.5
 20
-105
 11
55.4763
 21
-105.376
  0
LINE
  8
0
 10
55.4763
 20
-105.376
 11
55.4057
 21
-105.746
  0
LINE
  8
0
 10
55.4057
 20
-105.746
 11
55.2893
 21
-106.104
  0
LINE
  8
0
 10
55.2893
 20
-106.104
 11
55.1289
 21
-106.445
  0
LINE
  8
0
 10
55.1289
 20
-106.445
 11
54.927
 21
-106.763
  0
LINE
  8
0
 10
54.927
 20
-106.763
 11
54.6869
 21
-107.054
  0
LINE
  8
0
 10
54.6869
 20
-107.054
 11
54.4123
 21
-107.312
  0
LINE
  8
0
 10
54.4123
 20
-107.312
 11
54.1075
 21
-107.533
  0
LINE
  8
0
 10
54.1075
 20
-107.533
 11
53.7773
 21
-107.714
  0
LINE
  8
0
 10
53.7773
 20
-107.714
 11
53.427
 21
-107.853
  0
LINE
  8
0
 10
53.427
 20
-107.853
 11
53.0621
 21
-107.947
  0
LINE
  8
0
 10
53.0621
 20
-107.947
 11
52.6884
 21
-107.994
  0
LINE
  8
0
 10
52.6884
 20
-107.994
 11
52.3116
 21
-107.994
  0
LINE
  8
0
 10
-112.688
 20
-107.994
 11
-113.062
 21
-107.947
  0
LINE
  8
0
 10
-113.062
 20
-107.947
 11
-113.427
 21
-107.853
  0
LINE
  8
0
 10
-113.427
 20
-107.853
 11
-113.777
 21
-107.714
  0
LINE
  8
0
 10
-113.777
 20
-107.714
 11
-114.107
 21
-107.533
  0
LINE
  8
0
 10
-114.107
 20
-107.533
 11
-114.412
 21
-107.312
  0
LINE
  8
0
 10
-114.412
 20
-107.312
 11
-114.687
 21
-107.054
  0
LINE
  8
0
 10
-114.687
 20
-107.054
 11
-114.927
 21
-106.763
  0
LINE
  8
0
 10
-114.927
 20
-106.763
 11
-115.129
 21
-106.445
  0
LINE
  8
0
 10
-115.129
 20
-106.445
 11
-115.289
 21
-106.104
  0
LINE
  8
0
 10
-115.289
 20
-106.104
 11
-115.406
 21
-105.746
  0
LINE
  8
0
 10
-115.406
 20
-105.746
 11
-115.476
 21
-105.376
  0
LINE
  8
0
 10
-115.476
 20
-105.376
 11
-115.5
 21
-105
  0
LINE
  8
0
 10
-115.5
 20
-105
 11
-115.476
 21
-104.624
  0
LINE
  8
0
 10
-115.476
 20
-104.624
 11
-115.406
 21
-104.254
  0
LINE
  8
0
 10
-115.406
 20
-104.254
 11
-115.289
 21
-103.896
  0
LINE
  8
0
 10
-115.289
 20
-103.896
 11
-115.129
 21
-103.555
  0
LINE
  8
0
 10
-115.129
 20
-103.555
 11
-114.927
 21
-103.237
  0
LINE
  8
0
 10
-114.927
 20
-103.237
 11
-114.687
 21
-102.946
  0
LINE
  8
0
 10
-114.687
 20
-102.946
 11
-114.412
 21
-102.688
  0
LINE
  8
0
 10
-114.412
 20
-102.688
 11
-114.107
 21
-102.467
  0
LINE
  8
0
 10
-114.107
 20
-102.467
 11
-113.777
 21
-102.286
  0
LINE
  8
0
 10
-113.777
 20
-102.286
 11
-113.427
 21
-102.147
  0
LINE
  8
0
 10
-113.427
 20
-102.147
 11
-113.062
 21
-102.053
  0
LINE
  8
0
 10
-113.062
 20
-102.053
 11
-112.688
 21
-102.006
  0
LINE
  8
0
 10
-112.688
 20
-102.006
 11
-112.312
 21
-102.006
  0
LINE
  8
0
 10
-112.312
 20
-102.006
 11
-111.938
 21
-102.053
  0
LINE
  8
0
 10
-111.938
 20
-102.053
 11
-111.573
 21
-102.147
  0
LINE
  8
0
 10
-111.573
 20
-102.147
 11
-111.223
 21
-102.286
  0
LINE
  8
0
 10
-111.223
 20
-102.286
 11
-110.893
 21
-102.467
  0
LINE
  8
0
 10
-110.893
 20
-102.467
 11
-110.588
 21
-102.688
  0
LINE
  8
0
 10
-110.588
 20
-102.688
 11
-110.313
 21
-102.946
  0
LINE
  8
0
 10
-110.313
 20
-102.946
 11
-110.073
 21
-103.237
  0
LINE
  8
0
 10
-110.073
 20
-103.237
 11
-109.871
 21
-103.555
  0
LINE
  8
0
 10
-109.871
 20
-103.555
 11
-109.711
 21
-103.896
  0
LINE
  8
0
 10
-109.711
 20
-103.896
 11
-109.594
 21
-104.254
  0
LINE
  8
0
 10
-109.594
 20
-104.254
 11
-109.524
 21
-104.624
  0
LINE
  8
0
 10
-109.524
 20
-104.624
 11
-109.5
 21
-105
  0
LINE
  8
0
 10
-109.5
 20
-105
 11
-109.524
 21
-105.376
  0
LINE
  8
0
 10
-109.524
 20
-105.376
 11
-109.594
 21
-105.746
  0
LINE
  8
0
 10
-109.594
 20
-105.746
 11
-109.711
 21
-106.104
  0
LINE
  8
0
 10
-109.711
 20
-106.104
 11
-109.871
 21
-106.445
  0
LINE
  8
0
 10
-109.871
 20
-106.445
 11
-110.073
 21
-106.763
  0
LINE
  8
0
 10
-110.073
 20
-106.763
 11
-110.313
 21
-107.054
  0
LINE
  8
0
 10
-110.313
 20
-107.054
 11
-110.588
 21
-107.312
  0
LINE
  8
0
 10
-110.588
 20
-107.312
 11
-110.893
 21
-107.533
  0
LINE
  8
0
 10
-110.893
 20
-107.533
 11
-111.223
 21
-107.714
  0
LINE
  8
0
 10
-111.223
 20
-107.714
 11
-111.573
 21
-107.853
  0
LINE
  8
0
 10
-111.573
 20
-107.853
 11
-111.938
 21
-107.947
  0
LINE
  8
0
 10
-111.938
 20
-107.947
 11
-112.312
 21
-107.994
  0
LINE
  8
0
 10
-112.312
 20
-107.994
 11
-112.688
 21
-107.994
  0
LINE
  8
0
 10
97.3116
 20
-107.994
 11
96.9379
 21
-107.947
  0
LINE
  8
0
 10
96.9379
 20
-107.947
 11
96.573
 21
-107.853
  0
LINE
  8
0
 10
96.573
 20
-107.853
 11
96.2227
 21
-107.714
  0
LINE
  8
0
 10
96.2227
 20
-107.714
 11
95.8925
 21
-107.533
  0
LINE
  8
0
 10
95.8925
 20
-107.533
 11
95.5877
 21
-107.312
  0
LINE
  8
0
 10
95.5877
 20
-107.312
 11
95.3131
 21
-107.054
  0
LINE
  8
0
 10
95.3131
 20
-107.054
 11
95.073
 21
-106.763
  0
LINE
  8
0
 10
95.073
 20
-106.763
 11
94.8711
 21
-106.445
  0
LINE
  8
0
 10
94.8711
 20
-106.445
 11
94.7107
 21
-106.104
  0
LINE
  8
0
 10
94.7107
 20
-106.104
 11
94.5943
 21
-105.746
  0
LINE
  8
0
 10
94.5943
 20
-105.746
 11
94.5237
 21
-105.376
  0
LINE
  8
0
 10
94.5237
 20
-105.376
 11
94.5
 21
-105
  0
LINE
  8
0
 10
94.5
 20
-105
 11
94.5237
 21
-104.624
  0
LINE
  8
0
 10
94.5237
 20
-104.624
 11
94.5943
 21
-104.254
  0
LINE
  8
0
 10
94.5943
 20
-104.254
 11
94.7107
 21
-103.896
  0
LINE
  8
0
 10
94.7107
 20
-103.896
 11
94.8711
 21
-103.555
  0
LINE
  8
0
 10
94.8711
 20
-103.555
 11
95.073
 21
-103.237
  0
LINE
  8
0
 10
95.073
 20
-103.237
 11
95.3131
 21
-102.946
  0
LINE
  8
0
 10
95.3131
 20
-102.946
 11
95.5877
 21
-102.688
  0
LINE
  8
0
 10
95.5877
 20
-102.688
 11
95.8925
 21
-102.467
  0
LINE
  8
0
 10
95.8925
 20
-102.467
 11
96.2227
 21
-102.286
  0
LINE
  8
0
 10
96.2227
 20
-102.286
 11
96.573
 21
-102.147
  0
LINE
  8
0
 10
96.573
 20
-102.147
 11
96.9379
 21
-102.053
  0
LINE
  8
0
 10
96.9379
 20
-102.053
 11
97.3116
 21
-102.006
  0
LINE
  8
0
 10
97.3116
 20
-102.006
 11
97.6884
 21
-102.006
  0
LINE
  8
0
 10
97.6884
 20
-102.006
 11
98.0621
 21
-102.053
  0
LINE
  8
0
 10
98.0621
 20
-102.053
 11
98.427
 21
-102.147
  0
LINE
  8
0
 10
98.427
 20
-102.147
 11
98.7773
 21
-102.286
  0
LINE
  8
0
 10
98.7773
 20
-102.286
 11
99.1075
 21
-102.467
  0
LINE
  8
0
 10
99.1075
 20
-102.467
 11
99.4123
 21
-102.688
  0
LINE
  8
0
 10
99.4123
 20
-102.688
 11
99.6869
 21
-102.946
  0
LINE
  8
0
 10
99.6869
 20
-102.946
 11
99.927
 21
-103.237
  0
LINE
  8
0
 10
99.927
 20
-103.237
 11
100.129
 21
-103.555
  0
LINE
  8
0
 10
100.129
 20
-103.555
 11
100.289
 21
-103.896
  0
LINE
  8
0
 10
100.289
 20
-103.896
 11
100.406
 21
-104.254
  0
LINE
  8
0
 10
100.406
 20
-104.254
 11
100.476
 21
-104.624
  0
LINE
  8
0
 10
100.476
 20
-104.624
 11
100.5
 21
-105
  0
LINE
  8
0
 10
100.5
 20
-105
 11
100.476
 21
-105.376
  0
LINE
  8
0
 10
100.476
 20
-105.376
 11
100.406
 21
-105.746
  0
LINE
  8
0
 10
100.406
 20
-105.746
 11
100.289
 21
-106.104
  0
LINE
  8
0
 10
100.289
 20
-106.104
 11
100.129
 21
-106.445
  0
LINE
  8
0
 10
100.129
 20
-106.445
 11
99.927
 21
-106.763
  0
LINE
  8
0
 10
99.927
 20
-106.763
 11
99.6869
 21
-107.054
  0
LINE
  8
0
 10
99.6869
 20
-107.054
 11
99.4123
 21
-107.312
  0
LINE
  8
0
 10
99.4123
 20
-107.312
 11
99.1075
 21
-107.533
  0
LINE
  8
0
 10
99.1075
 20
-107.533
 11
98.7773
 21
-107.714
  0
LINE
  8
0
 10
98.7773
 20
-107.714
 11
98.427
 21
-107.853
  0
LINE
  8
0
 10
98.427
 20
-107.853
 11
98.0621
 21
-107.947
  0
LINE
  8
0
 10
98.0621
 20
-107.947
 11
97.6884
 21
-107.994
  0
LINE
  8
0
 10
97.6884
 20
-107.994
 11
97.3116
 21
-107.994
  0
LINE
  8
0
 10
82.3116
 20
-107.994
 11
81.9379
 21
-107.947
  0
LINE
  8
0
 10
81.9379
 20
-107.947
 11
81.573
 21
-107.853
  0
LINE
  8
0
 10
81.573
 20
-107.853
 11
81.2227
 21
-107.714
  0
LINE
  8
0
 10
81.2227
 20
-107.714
 11
80.8925
 21
-107.533
  0
LINE
  8
0
 10
80.8925
 20
-107.533
 11
80.5877
 21
-107.312
  0
LINE
  8
0
 10
80.5877
 20
-107.312
 11
80.3131
 21
-107.054
  0
LINE
  8
0
 10
80.3131
 20
-107.054
 11
80.073
 21
-106.763
  0
LINE
  8
0
 10
80.073
 20
-106.763
 11
79.8711
 21
-106.445
  0
LINE
  8
0
 10
79.8711
 20
-106.445
 11
79.7107
 21
-106.104
  0
LINE
  8
0
 10
79.7107
 20
-106.104
 11
79.5943
 21
-105.746
  0
LINE
  8
0
 10
79.5943
 20
-105.746
 11
79.5237
 21
-105.376
  0
LINE
  8
0
 10
79.5237
 20
-105.376
 11
79.5
 21
-105
  0
LINE
  8
0
 10
79.5
 20
-105
 11
79.5237
 21
-104.624
  0
LINE
  8
0
 10
79.5237
 20
-104.624
 11
79.5943
 21
-104.254
  0
LINE
  8
0
 10
79.5943
 20
-104.254
 11
79.7107
 21
-103.896
  0
LINE
  8
0
 10
79.7107
 20
-103.896
 11
79.8711
 21
-103.555
  0
LINE
  8
0
 10
79.8711
 20
-103.555
 11
80.073
 21
-103.237
  0
LINE
  8
0
 10
80.073
 20
-103.237
 11
80.3131
 21
-102.946
  0
LINE
  8
0
 10
80.3131
 20
-102.946
 11
80.5877
 21
-102.688
  0
LINE
  8
0
 10
80.5877
 20
-102.688
 11
80.8925
 21
-102.467
  0
LINE
  8
0
 10
80.8925
 20
-102.467
 11
81.2227
 21
-102.286
  0
LINE
  8
0
 10
81.2227
 20
-102.286
 11
81.573
 21
-102.147
  0
LINE
  8
0
 10
81.573
 20
-102.147
 11
81.9379
 21
-102.053
  0
LINE
  8
0
 10
81.9379
 20
-102.053
 11
82.3116
 21
-102.006
  0
LINE
  8
0
 10
82.3116
 20
-102.006
 11
82.6884
 21
-102.006
  0
LINE
  8
0
 10
82.6884
 20
-102.006
 11
83.0621
 21
-102.053
  0
LINE
  8
0
 10
83.0621
 20
-102.053
 11
83.427
 21
-102.147
  0
LINE
  8
0
 10
83.427
 20
-102.147
 11
83.7773
 21
-102.286
  0
LINE
  8
0
 10
83.7773
 20
-102.286
 11
84.1075
 21
-102.467
  0
LINE
  8
0
 10
84.1075
 20
-102.467
 11
84.4123
 21
-102.688
  0
LINE
  8
0
 10
84.4123
 20
-102.688
 11
84.6869
 21
-102.946
  0
LINE
  8
0
 10
84.6869
 20
-102.946
 11
84.927
 21
-103.237
  0
LINE
  8
0
 10
84.927
 20
-103.237
 11
85.1289
 21
-103.555
  0
LINE
  8
0
 10
85.1289
 20
-103.555
 11
85.2893
 21
-103.896
  0
LINE
  8
0
 10
85.2893
 20
-103.896
 11
85.4057
 21
-104.254
  0
LINE
  8
0
 10
85.4057
 20
-104.254
 11
85.4763
 21
-104.624
  0
LINE
  8
0
 10
85.4763
 20
-104.624
 11
85.5
 21
-105
  0
LINE
  8
0
 10
85.5
 20
-105
 11
85.4763
 21
-105.376
  0
LINE
  8
0
 10
85.4763
 20
-105.376
 11
85.4057
 21
-105.746
  0
LINE
  8
0
 10
85.4057
 20
-105.746
 11
85.2893
 21
-106.104
  0
LINE
  8
0
 10
85.2893
 20
-106.104
 11
85.1289
 21
-106.445
  0
LINE
  8
0
 10
85.1289
 20
-106.445
 11
84.927
 21
-106.763
  0
LINE
  8
0
 10
84.927
 20
-106.763
 11
84.6869
 21
-107.054
  0
LINE
  8
0
 10
84.6869
 20
-107.054
 11
84.4123
 21
-107.312
  0
LINE
  8
0
 10
84.4123
 20
-107.312
 11
84.1075
 21
-107.533
  0
LINE
  8
0
 10
84.1075
 20
-107.533
 11
83.7773
 21
-107.714
  0
LINE
  8
0
 10
83.7773
 20
-107.714
 11
83.427
 21
-107.853
  0
LINE
  8
0
 10
83.427
 20
-107.853
 11
83.0621
 21
-107.947
  0
LINE
  8
0
 10
83.0621
 20
-107.947
 11
82.6884
 21
-107.994
  0
LINE
  8
0
 10
82.6884
 20
-107.994
 11
82.3116
 21
-107.994
  0
LINE
  8
0
 10
112.312
 20
-107.994
 11
111.938
 21
-107.947
  0
LINE
  8
0
 10
111.938
 20
-107.947
 11
111.573
 21
-107.853
  0
LINE
  8
0
 10
111.573
 20
-107.853
 11
111.223
 21
-107.714
  0
LINE
  8
0
 10
111.223
 20
-107.714
 11
110.893
 21
-107.533
  0
LINE
  8
0
 10
110.893
 20
-107.533
 11
110.588
 21
-107.312
  0
LINE
  8
0
 10
110.588
 20
-107.312
 11
110.313
 21
-107.054
  0
LINE
  8
0
 10
110.313
 20
-107.054
 11
110.073
 21
-106.763
  0
LINE
  8
0
 10
110.073
 20
-106.763
 11
109.871
 21
-106.445
  0
LINE
  8
0
 10
109.871
 20
-106.445
 11
109.711
 21
-106.104
  0
LINE
  8
0
 10
109.711
 20
-106.104
 11
109.594
 21
-105.746
  0
LINE
  8
0
 10
109.594
 20
-105.746
 11
109.524
 21
-105.376
  0
LINE
  8
0
 10
109.524
 20
-105.376
 11
109.5
 21
-105
  0
LINE
  8
0
 10
109.5
 20
-105
 11
109.524
 21
-104.624
  0
LINE
  8
0
 10
109.524
 20
-104.624
 11
109.594
 21
-104.254
  0
LINE
  8
0
 10
109.594
 20
-104.254
 11
109.711
 21
-103.896
  0
LINE
  8
0
 10
109.711
 20
-103.896
 11
109.871
 21
-103.555
  0
LINE
  8
0
 10
109.871
 20
-103.555
 11
110.073
 21
-103.237
  0
LINE
  8
0
 10
110.073
 20
-103.237
 11
110.313
 21
-102.946
  0
LINE
  8
0
 10
110.313
 20
-102.946
 11
110.588
 21
-102.688
  0
LINE
  8
0
 10
110.588
 20
-102.688
 11
110.893
 21
-102.467
  0
LINE
  8
0
 10
110.893
 20
-102.467
 11
111.223
 21
-102.286
  0
LINE
  8
0
 10
111.223
 20
-102.286
 11
111.573
 21
-102.147
  0
LINE
  8
0
 10
111.573
 20
-102.147
 11
111.938
 21
-102.053
  0
LINE
  8
0
 10
111.938
 20
-102.053
 11
112.312
 21
-102.006
  0
LINE
  8
0
 10
112.312
 20
-102.006
 11
112.688
 21
-102.006
  0
LINE
  8
0
 10
112.688
 20
-102.006
 11
113.062
 21
-102.053
  0
LINE
  8
0
 10
113.062
 20
-102.053
 11
113.427
 21
-102.147
  0
LINE
  8
0
 10
113.427
 20
-102.147
 11
113.777
 21
-102.286
  0
LINE
  8
0
 10
113.777
 20
-102.286
 11
114.107
 21
-102.467
  0
LINE
  8
0
 10
114.107
 20
-102.467
 11
114.412
 21
-102.688
  0
LINE
  8
0
 10
114.412
 20
-102.688
 11
114.687
 21
-102.946
  0
LINE
  8
0
 10
114.687
 20
-102.946
 11
114.927
 21
-103.237
  0
LINE
  8
0
 10
114.927
 20
-103.237
 11
115.129
 21
-103.555
  0
LINE
  8
0
 10
115.129
 20
-103.555
 11
115.289
 21
-103.896
  0
LINE
  8
0
 10
115.289
 20
-103.896
 11
115.406
 21
-104.254
  0
LINE
  8
0
 10
115.406
 20
-104.254
 11
115.476
 21
-104.624
  0
LINE
  8
0
 10
115.476
 20
-104.624
 11
115.5
 21
-105
  0
LINE
  8
0
 10
115.5
 20
-105
 11
115.476
 21
-105.376
  0
LINE
  8
0
 10
115.476
 20
-105.376
 11
115.406
 21
-105.746
  0
LINE
  8
0
 10
115.406
 20
-105.746
 11
115.289
 21
-106.104
  0
LINE
  8
0
 10
115.289
 20
-106.104
 11
115.129
 21
-106.445
  0
LINE
  8
0
 10
115.129
 20
-106.445
 11
114.927
 21
-106.763
  0
LINE
  8
0
 10
114.927
 20
-106.763
 11
114.687
 21
-107.054
  0
LINE
  8
0
 10
114.687
 20
-107.054
 11
114.412
 21
-107.312
  0
LINE
  8
0
 10
114.412
 20
-107.312
 11
114.107
 21
-107.533
  0
LINE
  8
0
 10
114.107
 20
-107.533
 11
113.777
 21
-107.714
  0
LINE
  8
0
 10
113.777
 20
-107.714
 11
113.427
 21
-107.853
  0
LINE
  8
0
 10
113.427
 20
-107.853
 11
113.062
 21
-107.947
  0
LINE
  8
0
 10
113.062
 20
-107.947
 11
112.688
 21
-107.994
  0
LINE
  8
0
 10
112.688
 20
-107.994
 11
112.312
 21
-107.994
  0
LINE
  8
0
 10
-22.6884
 20
-107.994
 11
-23.0621
 21
-107.947
  0
LINE
  8
0
 10
-23.0621
 20
-107.947
 11
-23.427
 21
-107.853
  0
LINE
  8
0
 10
-23.427
 20
-107.853
 11
-23.7773
 21
-107.714
  0
LINE
  8
0
 10
-23.7773
 20
-107.714
 11
-24.1075
 21
-107.533
  0
LINE
  8
0
 10
-24.1075
 20
-107.533
 11
-24.4123
 21
-107.312
  0
LINE
  8
0
 10
-24.4123
 20
-107.312
 11
-24.6869
 21
-107.054
  0
LINE
  8
0
 10
-24.6869
 20
-107.054
 11
-24.927
 21
-106.763
  0
LINE
  8
0
 10
-24.927
 20
-106.763
 11
-25.1289
 21
-106.445
  0
LINE
  8
0
 10
-25.1289
 20
-106.445
 11
-25.2893
 21
-106.104
  0
LINE
  8
0
 10
-25.2893
 20
-106.104
 11
-25.4057
 21
-105.746
  0
LINE
  8
0
 10
-25.4057
 20
-105.746
 11
-25.4763
 21
-105.376
  0
LINE
  8
0
 10
-25.4763
 20
-105.376
 11
-25.5
 21
-105
  0
LINE
  8
0
 10
-25.5
 20
-105
 11
-25.4763
 21
-104.624
  0
LINE
  8
0
 10
-25.4763
 20
-104.624
 11
-25.4057
 21
-104.254
  0
LINE
  8
0
 10
-25.4057
 20
-104.254
 11
-25.2893
 21
-103.896
  0
LINE
  8
0
 10
-25.2893
 20
-103.896
 11
-25.1289
 21
-103.555
  0
LINE
  8
0
 10
-25.1289
 20
-103.555
 11
-24.927
 21
-103.237
  0
LINE
  8
0
 10
-24.927
 20
-103.237
 11
-24.6869
 21
-102.946
  0
LINE
  8
0
 10
-24.6869
 20
-102.946
 11
-24.4123
 21
-102.688
  0
LINE
  8
0
 10
-24.4123
 20
-102.688
 11
-24.1075
 21
-102.467
  0
LINE
  8
0
 10
-24.1075
 20
-102.467
 11
-23.7773
 21
-102.286
  0
LINE
  8
0
 10
-23.7773
 20
-102.286
 11
-23.427
 21
-102.147
  0
LINE
  8
0
 10
-23.427
 20
-102.147
 11
-23.0621
 21
-102.053
  0
LINE
  8
0
 10
-23.0621
 20
-102.053
 11
-22.6884
 21
-102.006
  0
LINE
  8
0
 10
-22.6884
 20
-102.006
 11
-22.3116
 21
-102.006
  0
LINE
  8
0
 10
-22.3116
 20
-102.006
 11
-21.9379
 21
-102.053
  0
LINE
  8
0
 10
-21.9379
 20
-102.053
 11
-21.5729
 21
-102.147
  0
LINE
  8
0
 10
-21.5729
 20
-102.147
 11
-21.2227
 21
-102.286
  0
LINE
  8
0
 10
-21.2227
 20
-102.286
 11
-20.8925
 21
-102.467
  0
LINE
  8
0
 10
-20.8925
 20
-102.467
 11
-20.5877
 21
-102.688
  0
LINE
  8
0
 10
-20.5877
 20
-102.688
 11
-20.3131
 21
-102.946
  0
LINE
  8
0
 10
-20.3131
 20
-102.946
 11
-20.0729
 21
-103.237
  0
LINE
  8
0
 10
-20.0729
 20
-103.237
 11
-19.8711
 21
-103.555
  0
LINE
  8
0
 10
-19.8711
 20
-103.555
 11
-19.7107
 21
-103.896
  0
LINE
  8
0
 10
-19.7107
 20
-103.896
 11
-19.5942
 21
-104.254
  0
LINE
  8
0
 10
-19.5942
 20
-104.254
 11
-19.5237
 21
-104.624
  0
LINE
  8
0
 10
-19.5237
 20
-104.624
 11
-19.5
 21
-105
  0
LINE
  8
0
 10
-19.5
 20
-105
 11
-19.5237
 21
-105.376
  0
LINE
  8
0
 10
-19.5237
 20
-105.376
 11
-19.5942
 21
-105.746
  0
LINE
  8
0
 10
-19.5942
 20
-105.746
 11
-19.7107
 21
-106.104
  0
LINE
  8
0
 10
-19.7107
 20
-106.104
 11
-19.8711
 21
-106.445
  0
LINE
  8
0
 10
-19.8711
 20
-106.445
 11
-20.0729
 21
-106.763
  0
LINE
  8
0
 10
-20.0729
 20
-106.763
 11
-20.3131
 21
-107.054
  0
LINE
  8
0
 10
-20.3131
 20
-107.054
 11
-20.5877
 21
-107.312
  0
LINE
  8
0
 10
-20.5877
 20
-107.312
 11
-20.8925
 21
-107.533
  0
LINE
  8
0
 10
-20.8925
 20
-107.533
 11
-21.2227
 21
-107.714
  0
LINE
  8
0
 10
-21.2227
 20
-107.714
 11
-21.5729
 21
-107.853
  0
LINE
  8
0
 10
-21.5729
 20
-107.853
 11
-21.9379
 21
-107.947
  0
LINE
  8
0
 10
-21.9379
 20
-107.947
 11
-22.3116
 21
-107.994
  0
LINE
  8
0
 10
-22.3116
 20
-107.994
 11
-22.6884
 21
-107.994
  0
LINE
  8
0
 10
-52.6884
 20
-107.994
 11
-53.0621
 21
-107.947
  0
LINE
  8
0
 10
-53.0621
 20
-107.947
 11
-53.427
 21
-107.853
  0
LINE
  8
0
 10
-53.427
 20
-107.853
 11
-53.7773
 21
-107.714
  0
LINE
  8
0
 10
-53.7773
 20
-107.714
 11
-54.1075
 21
-107.533
  0
LINE
  8
0
 10
-54.1075
 20
-107.533
 11
-54.4123
 21
-107.312
  0
LINE
  8
0
 10
-54.4123
 20
-107.312
 11
-54.6869
 21
-107.054
  0
LINE
  8
0
 10
-54.6869
 20
-107.054
 11
-54.927
 21
-106.763
  0
LINE
  8
0
 10
-54.927
 20
-106.763
 11
-55.1289
 21
-106.445
  0
LINE
  8
0
 10
-55.1289
 20
-106.445
 11
-55.2893
 21
-106.104
  0
LINE
  8
0
 10
-55.2893
 20
-106.104
 11
-55.4057
 21
-105.746
  0
LINE
  8
0
 10
-55.4057
 20
-105.746
 11
-55.4763
 21
-105.376
  0
LINE
  8
0
 10
-55.4763
 20
-105.376
 11
-55.5
 21
-105
  0
LINE
  8
0
 10
-55.5
 20
-105
 11
-55.4763
 21
-104.624
  0
LINE
  8
0
 10
-55.4763
 20
-104.624
 11
-55.4057
 21
-104.254
  0
LINE
  8
0
 10
-55.4057
 20
-104.254
 11
-55.2893
 21
-103.896
  0
LINE
  8
0
 10
-55.2893
 20
-103.896
 11
-55.1289
 21
-103.555
  0
LINE
  8
0
 10
-55.1289
 20
-103.555
 11
-54.927
 21
-103.237
  0
LINE
  8
0
 10
-54.927
 20
-103.237
 11
-54.6869
 21
-102.946
  0
LINE
  8
0
 10
-54.6869
 20
-102.946
 11
-54.4123
 21
-102.688
  0
LINE
  8
0
 10
-54.4123
 20
-102.688
 11
-54.1075
 21
-102.467
  0
LINE
  8
0
 10
-54.1075
 20
-102.467
 11
-53.7773
 21
-102.286
  0
LINE
  8
0
 10
-53.7773
 20
-102.286
 11
-53.427
 21
-102.147
  0
LINE
  8
0
 10
-53.427
 20
-102.147
 11
-53.0621
 21
-102.053
  0
LINE
  8
0
 10
-53.0621
 20
-102.053
 11
-52.6884
 21
-102.006
  0
LINE
  8
0
 10
-52.6884
 20
-102.006
 11
-52.3116
 21
-102.006
  0
LINE
  8
0
 10
-52.3116
 20
-102.006
 11
-51.9379
 21
-102.053
  0
LINE
  8
0
 10
-51.9379
 20
-102.053
 11
-51.5729
 21
-102.147
  0
LINE
  8
0
 10
-51.5729
 20
-102.147
 11
-51.2227
 21
-102.286
  0
LINE
  8
0
 10
-51.2227
 20
-102.286
 11
-50.8925
 21
-102.467
  0
LINE
  8
0
 10
-50.8925
 20
-102.467
 11
-50.5877
 21
-102.688
  0
LINE
  8
0
 10
-50.5877
 20
-102.688
 11
-50.3131
 21
-102.946
  0
LINE
  8
0
 10
-50.3131
 20
-102.946
 11
-50.0729
 21
-103.237
  0
LINE
  8
0
 10
-50.0729
 20
-103.237
 11
-49.8711
 21
-103.555
  0
LINE
  8
0
 10
-49.8711
 20
-103.555
 11
-49.7107
 21
-103.896
  0
LINE
  8
0
 10
-49.7107
 20
-103.896
 11
-49.5942
 21
-104.254
  0
LINE
  8
0
 10
-49.5942
 20
-104.254
 11
-49.5237
 21
-104.624
  0
LINE
  8
0
 10
-49.5237
 20
-104.624
 11
-49.5
 21
-105
  0
LINE
  8
0
 10
-49.5
 20
-105
 11
-49.5237
 21
-105.376
  0
LINE
  8
0
 10
-49.5237
 20
-105.376
 11
-49.5942
 21
-105.746
  0
LINE
  8
0
 10
-49.5942
 20
-105.746
 11
-49.7107
 21
-106.104
  0
LINE
  8
0
 10
-49.7107
 20
-106.104
 11
-49.8711
 21
-106.445
  0
LINE
  8
0
 10
-49.8711
 20
-106.445
 11
-50.0729
 21
-106.763
  0
LINE
  8
0
 10
-50.0729
 20
-106.763
 11
-50.3131
 21
-107.054
  0
LINE
  8
0
 10
-50.3131
 20
-107.054
 11
-50.5877
 21
-107.312
  0
LINE
  8
0
 10
-50.5877
 20
-107.312
 11
-50.8925
 21
-107.533
  0
LINE
  8
0
 10
-50.8925
 20
-107.533
 11
-51.2227
 21
-107.714
  0
LINE
  8
0
 10
-51.2227
 20
-107.714
 11
-51.5729
 21
-107.853
  0
LINE
  8
0
 10
-51.5729
 20
-107.853
 11
-51.9379
 21
-107.947
  0
LINE
  8
0
 10
-51.9379
 20
-107.947
 11
-52.3116
 21
-107.994
  0
LINE
  8
0
 10
-52.3116
 20
-107.994
 11
-52.6884
 21
-107.994
  0
LINE
  8
0
 10
-37.6884
 20
-107.994
 11
-38.0621
 21
-107.947
  0
LINE
  8
0
 10
-38.0621
 20
-107.947
 11
-38.427
 21
-107.853
  0
LINE
  8
0
 10
-38.427
 20
-107.853
 11
-38.7773
 21
-107.714
  0
LINE
  8
0
 10
-38.7773
 20
-107.714
 11
-39.1075
 21
-107.533
  0
LINE
  8
0
 10
-39.1075
 20
-107.533
 11
-39.4123
 21
-107.312
  0
LINE
  8
0
 10
-39.4123
 20
-107.312
 11
-39.6869
 21
-107.054
  0
LINE
  8
0
 10
-39.6869
 20
-107.054
 11
-39.927
 21
-106.763
  0
LINE
  8
0
 10
-39.927
 20
-106.763
 11
-40.1289
 21
-106.445
  0
LINE
  8
0
 10
-40.1289
 20
-106.445
 11
-40.2893
 21
-106.104
  0
LINE
  8
0
 10
-40.2893
 20
-106.104
 11
-40.4057
 21
-105.746
  0
LINE
  8
0
 10
-40.4057
 20
-105.746
 11
-40.4763
 21
-105.376
  0
LINE
  8
0
 10
-40.4763
 20
-105.376
 11
-40.5
 21
-105
  0
LINE
  8
0
 10
-40.5
 20
-105
 11
-40.4763
 21
-104.624
  0
LINE
  8
0
 10
-40.4763
 20
-104.624
 11
-40.4057
 21
-104.254
  0
LINE
  8
0
 10
-40.4057
 20
-104.254
 11
-40.2893
 21
-103.896
  0
LINE
  8
0
 10
-40.2893
 20
-103.896
 11
-40.1289
 21
-103.555
  0
LINE
  8
0
 10
-40.1289
 20
-103.555
 11
-39.927
 21
-103.237
  0
LINE
  8
0
 10
-39.927
 20
-103.237
 11
-39.6869
 21
-102.946
  0
LINE
  8
0
 10
-39.6869
 20
-102.946
 11
-39.4123
 21
-102.688
  0
LINE
  8
0
 10
-39.4123
 20
-102.688
 11
-39.1075
 21
-102.467
  0
LINE
  8
0
 10
-39.1075
 20
-102.467
 11
-38.7773
 21
-102.286
  0
LINE
  8
0
 10
-38.7773
 20
-102.286
 11
-38.427
 21
-102.147
  0
LINE
  8
0
 10
-38.427
 20
-102.147
 11
-38.0621
 21
-102.053
  0
LINE
  8
0
 10
-38.0621
 20
-102.053
 11
-37.6884
 21
-102.006
  0
LINE
  8
0
 10
-37.6884
 20
-102.006
 11
-37.3116
 21
-102.006
  0
LINE
  8
0
 10
-37.3116
 20
-102.006
 11
-36.9379
 21
-102.053
  0
LINE
  8
0
 10
-36.9379
 20
-102.053
 11
-36.5729
 21
-102.147
  0
LINE
  8
0
 10
-36.5729
 20
-102.147
 11
-36.2227
 21
-102.286
  0
LINE
  8
0
 10
-36.2227
 20
-102.286
 11
-35.8925
 21
-102.467
  0
LINE
  8
0
 10
-35.8925
 20
-102.467
 11
-35.5877
 21
-102.688
  0
LINE
  8
0
 10
-35.5877
 20
-102.688
 11
-35.3131
 21
-102.946
  0
LINE
  8
0
 10
-35.3131
 20
-102.946
 11
-35.0729
 21
-103.237
  0
LINE
  8
0
 10
-35.0729
 20
-103.237
 11
-34.8711
 21
-103.555
  0
LINE
  8
0
 10
-34.8711
 20
-103.555
 11
-34.7107
 21
-103.896
  0
LINE
  8
0
 10
-34.7107
 20
-103.896
 11
-34.5942
 21
-104.254
  0
LINE
  8
0
 10
-34.5942
 20
-104.254
 11
-34.5237
 21
-104.624
  0
LINE
  8
0
 10
-34.5237
 20
-104.624
 11
-34.5
 21
-105
  0
LINE
  8
0
 10
-34.5
 20
-105
 11
-34.5237
 21
-105.376
  0
LINE
  8
0
 10
-34.5237
 20
-105.376
 11
-34.5942
 21
-105.746
  0
LINE
  8
0
 10
-34.5942
 20
-105.746
 11
-34.7107
 21
-106.104
  0
LINE
  8
0
 10
-34.7107
 20
-106.104
 11
-34.8711
 21
-106.445
  0
LINE
  8
0
 10
-34.8711
 20
-106.445
 11
-35.0729
 21
-106.763
  0
LINE
  8
0
 10
-35.0729
 20
-106.763
 11
-35.3131
 21
-107.054
  0
LINE
  8
0
 10
-35.3131
 20
-107.054
 11
-35.5877
 21
-107.312
  0
LINE
  8
0
 10
-35.5877
 20
-107.312
 11
-35.8925
 21
-107.533
  0
LINE
  8
0
 10
-35.8925
 20
-107.533
 11
-36.2227
 21
-107.714
  0
LINE
  8
0
 10
-36.2227
 20
-107.714
 11
-36.5729
 21
-107.853
  0
LINE
  8
0
 10
-36.5729
 20
-107.853
 11
-36.9379
 21
-107.947
  0
LINE
  8
0
 10
-36.9379
 20
-107.947
 11
-37.3116
 21
-107.994
  0
LINE
  8
0
 10
-37.3116
 20
-107.994
 11
-37.6884
 21
-107.994
  0
LINE
  8
0
 10
-82.6884
 20
-107.994
 11
-83.0621
 21
-107.947
  0
LINE
  8
0
 10
-83.0621
 20
-107.947
 11
-83.427
 21
-107.853
  0
LINE
  8
0
 10
-83.427
 20
-107.853
 11
-83.7773
 21
-107.714
  0
LINE
  8
0
 10
-83.7773
 20
-107.714
 11
-84.1075
 21
-107.533
  0
LINE
  8
0
 10
-84.1075
 20
-107.533
 11
-84.4123
 21
-107.312
  0
LINE
  8
0
 10
-84.4123
 20
-107.312
 11
-84.6869
 21
-107.054
  0
LINE
  8
0
 10
-84.6869
 20
-107.054
 11
-84.927
 21
-106.763
  0
LINE
  8
0
 10
-84.927
 20
-106.763
 11
-85.1289
 21
-106.445
  0
LINE
  8
0
 10
-85.1289
 20
-106.445
 11
-85.2893
 21
-106.104
  0
LINE
  8
0
 10
-85.2893
 20
-106.104
 11
-85.4057
 21
-105.746
  0
LINE
  8
0
 10
-85.4057
 20
-105.746
 11
-85.4763
 21
-105.376
  0
LINE
  8
0
 10
-85.4763
 20
-105.376
 11
-85.5
 21
-105
  0
LINE
  8
0
 10
-85.5
 20
-105
 11
-85.4763
 21
-104.624
  0
LINE
  8
0
 10
-85.4763
 20
-104.624
 11
-85.4057
 21
-104.254
  0
LINE
  8
0
 10
-85.4057
 20
-104.254
 11
-85.2893
 21
-103.896
  0
LINE
  8
0
 10
-85.2893
 20
-103.896
 11
-85.1289
 21
-103.555
  0
LINE
  8
0
 10
-85.1289
 20
-103.555
 11
-84.927
 21
-103.237
  0
LINE
  8
0
 10
-84.927
 20
-103.237
 11
-84.6869
 21
-102.946
  0
LINE
  8
0
 10
-84.6869
 20
-102.946
 11
-84.4123
 21
-102.688
  0
LINE
  8
0
 10
-84.4123
 20
-102.688
 11
-84.1075
 21
-102.467
  0
LINE
  8
0
 10
-84.1075
 20
-102.467
 11
-83.7773
 21
-102.286
  0
LINE
  8
0
 10
-83.7773
 20
-102.286
 11
-83.427
 21
-102.147
  0
LINE
  8
0
 10
-83.427
 20
-102.147
 11
-83.0621
 21
-102.053
  0
LINE
  8
0
 10
-83.0621
 20
-102.053
 11
-82.6884
 21
-102.006
  0
LINE
  8
0
 10
-82.6884
 20
-102.006
 11
-82.3116
 21
-102.006
  0
LINE
  8
0
 10
-82.3116
 20
-102.006
 11
-81.9379
 21
-102.053
  0
LINE
  8
0
 10
-81.9379
 20
-102.053
 11
-81.573
 21
-102.147
  0
LINE
  8
0
 10
-81.573
 20
-102.147
 11
-81.2227
 21
-102.286
  0
LINE
  8
0
 10
-81.2227
 20
-102.286
 11
-80.8925
 21
-102.467
  0
LINE
  8
0
 10
-80.8925
 20
-102.467
 11
-80.5877
 21
-102.688
  0
LINE
  8
0
 10
-80.5877
 20
-102.688
 11
-80.3131
 21
-102.946
  0
LINE
  8
0
 10
-80.3131
 20
-102.946
 11
-80.073
 21
-103.237
  0
LINE
  8
0
 10
-80.073
 20
-103.237
 11
-79.8711
 21
-103.555
  0
LINE
  8
0
 10
-79.8711
 20
-103.555
 11
-79.7107
 21
-103.896
  0
LINE
  8
0
 10
-79.7107
 20
-103.896
 11
-79.5943
 21
-104.254
  0
LINE
  8
0
 10
-79.5943
 20
-104.254
 11
-79.5237
 21
-104.624
  0
LINE
  8
0
 10
-79.5237
 20
-104.624
 11
-79.5
 21
-105
  0
LINE
  8
0
 10
-79.5
 20
-105
 11
-79.5237
 21
-105.376
  0
LINE
  8
0
 10
-79.5237
 20
-105.376
 11
-79.5943
 21
-105.746
  0
LINE
  8
0
 10
-79.5943
 20
-105.746
 11
-79.7107
 21
-106.104
  0
LINE
  8
0
 10
-79.7107
 20
-106.104
 11
-79.8711
 21
-106.445
  0
LINE
  8
0
 10
-79.8711
 20
-106.445
 11
-80.073
 21
-106.763
  0
LINE
  8
0
 10
-80.073
 20
-106.763
 11
-80.3131
 21
-107.054
  0
LINE
  8
0
 10
-80.3131
 20
-107.054
 11
-80.5877
 21
-107.312
  0
LINE
  8
0
 10
-80.5877
 20
-107.312
 11
-80.8925
 21
-107.533
  0
LINE
  8
0
 10
-80.8925
 20
-107.533
 11
-81.2227
 21
-107.714
  0
LINE
  8
0
 10
-81.2227
 20
-107.714
 11
-81.573
 21
-107.853
  0
LINE
  8
0
 10
-81.573
 20
-107.853
 11
-81.9379
 21
-107.947
  0
LINE
  8
0
 10
-81.9379
 20
-107.947
 11
-82.3116
 21
-107.994
  0
LINE
  8
0
 10
-82.3116
 20
-107.994
 11
-82.6884
 21
-107.994
  0
LINE
  8
0
 10
-67.6884
 20
-107.994
 11
-68.0621
 21
-107.947
  0
LINE
  8
0
 10
-68.0621
 20
-107.947
 11
-68.427
 21
-107.853
  0
LINE
  8
0
 10
-68.427
 20
-107.853
 11
-68.7773
 21
-107.714
  0
LINE
  8
0
 10
-68.7773
 20
-107.714
 11
-69.1075
 21
-107.533
  0
LINE
  8
0
 10
-69.1075
 20
-107.533
 11
-69.4123
 21
-107.312
  0
LINE
  8
0
 10
-69.4123
 20
-107.312
 11
-69.6869
 21
-107.054
  0
LINE
  8
0
 10
-69.6869
 20
-107.054
 11
-69.927
 21
-106.763
  0
LINE
  8
0
 10
-69.927
 20
-106.763
 11
-70.1289
 21
-106.445
  0
LINE
  8
0
 10
-70.1289
 20
-106.445
 11
-70.2893
 21
-106.104
  0
LINE
  8
0
 10
-70.2893
 20
-106.104
 11
-70.4057
 21
-105.746
  0
LINE
  8
0
 10
-70.4057
 20
-105.746
 11
-70.4763
 21
-105.376
  0
LINE
  8
0
 10
-70.4763
 20
-105.376
 11
-70.5
 21
-105
  0
LINE
  8
0
 10
-70.5
 20
-105
 11
-70.4763
 21
-104.624
  0
LINE
  8
0
 10
-70.4763
 20
-104.624
 11
-70.4057
 21
-104.254
  0
LINE
  8
0
 10
-70.4057
 20
-104.254
 11
-70.2893
 21
-103.896
  0
LINE
  8
0
 10
-70.2893
 20
-103.896
 11
-70.1289
 21
-103.555
  0
LINE
  8
0
 10
-70.1289
 20
-103.555
 11
-69.927
 21
-103.237
  0
LINE
  8
0
 10
-69.927
 20
-103.237
 11
-69.6869
 21
-102.946
  0
LINE
  8
0
 10
-69.6869
 20
-102.946
 11
-69.4123
 21
-102.688
  0
LINE
  8
0
 10
-69.4123
 20
-102.688
 11
-69.1075
 21
-102.467
  0
LINE
  8
0
 10
-69.1075
 20
-102.467
 11
-68.7773
 21
-102.286
  0
LINE
  8
0
 10
-68.7773
 20
-102.286
 11
-68.427
 21
-102.147
  0
LINE
  8
0
 10
-68.427
 20
-102.147
 11
-68.0621
 21
-102.053
  0
LINE
  8
0
 10
-68.0621
 20
-102.053
 11
-67.6884
 21
-102.006
  0
LINE
  8
0
 10
-67.6884
 20
-102.006
 11
-67.3116
 21
-102.006
  0
LINE
  8
0
 10
-67.3116
 20
-102.006
 11
-66.9379
 21
-102.053
  0
LINE
  8
0
 10
-66.9379
 20
-102.053
 11
-66.573
 21
-102.147
  0
LINE
  8
0
 10
-66.573
 20
-102.147
 11
-66.2227
 21
-102.286
  0
LINE
  8
0
 10
-66.2227
 20
-102.286
 11
-65.8925
 21
-102.467
  0
LINE
  8
0
 10
-65.8925
 20
-102.467
 11
-65.5877
 21
-102.688
  0
LINE
  8
0
 10
-65.5877
 20
-102.688
 11
-65.3131
 21
-102.946
  0
LINE
  8
0
 10
-65.3131
 20
-102.946
 11
-65.073
 21
-103.237
  0
LINE
  8
0
 10
-65.073
 20
-103.237
 11
-64.8711
 21
-103.555
  0
LINE
  8
0
 10
-64.8711
 20
-103.555
 11
-64.7107
 21
-103.896
  0
LINE
  8
0
 10
-64.7107
 20
-103.896
 11
-64.5943
 21
-104.254
  0
LINE
  8
0
 10
-64.5943
 20
-104.254
 11
-64.5237
 21
-104.624
  0
LINE
  8
0
 10
-64.5237
 20
-104.624
 11
-64.5
 21
-105
  0
LINE
  8
0
 10
-64.5
 20
-105
 11
-64.5237
 21
-105.376
  0
LINE
  8
0
 10
-64.5237
 20
-105.376
 11
-64.5943
 21
-105.746
  0
LINE
  8
0
 10
-64.5943
 20
-105.746
 11
-64.7107
 21
-106.104
  0
LINE
  8
0
 10
-64.7107
 20
-106.104
 11
-64.8711
 21
-106.445
  0
LINE
  8
0
 10
-64.8711
 20
-106.445
 11
-65.073
 21
-106.763
  0
LINE
  8
0
 10
-65.073
 20
-106.763
 11
-65.3131
 21
-107.054
  0
LINE
  8
0
 10
-65.3131
 20
-107.054
 11
-65.5877
 21
-107.312
  0
LINE
  8
0
 10
-65.5877
 20
-107.312
 11
-65.8925
 21
-107.533
  0
LINE
  8
0
 10
-65.8925
 20
-107.533
 11
-66.2227
 21
-107.714
  0
LINE
  8
0
 10
-66.2227
 20
-107.714
 11
-66.573
 21
-107.853
  0
LINE
  8
0
 10
-66.573
 20
-107.853
 11
-66.9379
 21
-107.947
  0
LINE
  8
0
 10
-66.9379
 20
-107.947
 11
-67.3116
 21
-107.994
  0
LINE
  8
0
 10
-67.3116
 20
-107.994
 11
-67.6884
 21
-107.994
  0
LINE
  8
0
 10
67.3116
 20
-107.994
 11
66.9379
 21
-107.947
  0
LINE
  8
0
 10
66.9379
 20
-107.947
 11
66.573
 21
-107.853
  0
LINE
  8
0
 10
66.573
 20
-107.853
 11
66.2227
 21
-107.714
  0
LINE
  8
0
 10
66.2227
 20
-107.714
 11
65.8925
 21
-107.533
  0
LINE
  8
0
 10
65.8925
 20
-107.533
 11
65.5877
 21
-107.312
  0
LINE
  8
0
 10
65.5877
 20
-107.312
 11
65.3131
 21
-107.054
  0
LINE
  8
0
 10
65.3131
 20
-107.054
 11
65.073
 21
-106.763
  0
LINE
  8
0
 10
65.073
 20
-106.763
 11
64.8711
 21
-106.445
  0
LINE
  8
0
 10
64.8711
 20
-106.445
 11
64.7107
 21
-106.104
  0
LINE
  8
0
 10
64.7107
 20
-106.104
 11
64.5943
 21
-105.746
  0
LINE
  8
0
 10
64.5943
 20
-105.746
 11
64.5237
 21
-105.376
  0
LINE
  8
0
 10
64.5237
 20
-105.376
 11
64.5
 21
-105
  0
LINE
  8
0
 10
64.5
 20
-105
 11
64.5237
 21
-104.624
  0
LINE
  8
0
 10
64.5237
 20
-104.624
 11
64.5943
 21
-104.254
  0
LINE
  8
0
 10
64.5943
 20
-104.254
 11
64.7107
 21
-103.896
  0
LINE
  8
0
 10
64.7107
 20
-103.896
 11
64.8711
 21
-103.555
  0
LINE
  8
0
 10
64.8711
 20
-103.555
 11
65.073
 21
-103.237
  0
LINE
  8
0
 10
65.073
 20
-103.237
 11
65.3131
 21
-102.946
  0
LINE
  8
0
 10
65.3131
 20
-102.946
 11
65.5877
 21
-102.688
  0
LINE
  8
0
 10
65.5877
 20
-102.688
 11
65.8925
 21
-102.467
  0
LINE
  8
0
 10
65.8925
 20
-102.467
 11
66.2227
 21
-102.286
  0
LINE
  8
0
 10
66.2227
 20
-102.286
 11
66.573
 21
-102.147
  0
LINE
  8
0
 10
66.573
 20
-102.147
 11
66.9379
 21
-102.053
  0
LINE
  8
0
 10
66.9379
 20
-102.053
 11
67.3116
 21
-102.006
  0
LINE
  8
0
 10
67.3116
 20
-102.006
 11
67.6884
 21
-102.006
  0
LINE
  8
0
 10
67.6884
 20
-102.006
 11
68.0621
 21
-102.053
  0
LINE
  8
0
 10
68.0621
 20
-102.053
 11
68.427
 21
-102.147
  0
LINE
  8
0
 10
68.427
 20
-102.147
 11
68.7773
 21
-102.286
  0
LINE
  8
0
 10
68.7773
 20
-102.286
 11
69.1075
 21
-102.467
  0
LINE
  8
0
 10
69.1075
 20
-102.467
 11
69.4123
 21
-102.688
  0
LINE
  8
0
 10
69.4123
 20
-102.688
 11
69.6869
 21
-102.946
  0
LINE
  8
0
 10
69.6869
 20
-102.946
 11
69.927
 21
-103.237
  0
LINE
  8
0
 10
69.927
 20
-103.237
 11
70.1289
 21
-103.555
  0
LINE
  8
0
 10
70.1289
 20
-103.555
 11
70.2893
 21
-103.896
  0
LINE
  8
0
 10
70.2893
 20
-103.896
 11
70.4057
 21
-104.254
  0
LINE
  8
0
 10
70.4057
 20
-104.254
 11
70.4763
 21
-104.624
  0
LINE
  8
0
 10
70.4763
 20
-104.624
 11
70.5
 21
-105
  0
LINE
  8
0
 10
70.5
 20
-105
 11
70.4763
 21
-105.376
  0
LINE
  8
0
 10
70.4763
 20
-105.376
 11
70.4057
 21
-105.746
  0
LINE
  8
0
 10
70.4057
 20
-105.746
 11
70.2893
 21
-106.104
  0
LINE
  8
0
 10
70.2893
 20
-106.104
 11
70.1289
 21
-106.445
  0
LINE
  8
0
 10
70.1289
 20
-106.445
 11
69.927
 21
-106.763
  0
LINE
  8
0
 10
69.927
 20
-106.763
 11
69.6869
 21
-107.054
  0
LINE
  8
0
 10
69.6869
 20
-107.054
 11
69.4123
 21
-107.312
  0
LINE
  8
0
 10
69.4123
 20
-107.312
 11
69.1075
 21
-107.533
  0
LINE
  8
0
 10
69.1075
 20
-107.533
 11
68.7773
 21
-107.714
  0
LINE
  8
0
 10
68.7773
 20
-107.714
 11
68.427
 21
-107.853
  0
LINE
  8
0
 10
68.427
 20
-107.853
 11
68.0621
 21
-107.947
  0
LINE
  8
0
 10
68.0621
 20
-107.947
 11
67.6884
 21
-107.994
  0
LINE
  8
0
 10
67.6884
 20
-107.994
 11
67.3116
 21
-107.994
  0
LINE
  8
0
 10
-97.6884
 20
-107.994
 11
-98.0621
 21
-107.947
  0
LINE
  8
0
 10
-98.0621
 20
-107.947
 11
-98.427
 21
-107.853
  0
LINE
  8
0
 10
-98.427
 20
-107.853
 11
-98.7773
 21
-107.714
  0
LINE
  8
0
 10
-98.7773
 20
-107.714
 11
-99.1075
 21
-107.533
  0
LINE
  8
0
 10
-99.1075
 20
-107.533
 11
-99.4123
 21
-107.312
  0
LINE
  8
0
 10
-99.4123
 20
-107.312
 11
-99.6869
 21
-107.054
  0
LINE
  8
0
 10
-99.6869
 20
-107.054
 11
-99.927
 21
-106.763
  0
LINE
  8
0
 10
-99.927
 20
-106.763
 11
-100.129
 21
-106.445
  0
LINE
  8
0
 10
-100.129
 20
-106.445
 11
-100.289
 21
-106.104
  0
LINE
  8
0
 10
-100.289
 20
-106.104
 11
-100.406
 21
-105.746
  0
LINE
  8
0
 10
-100.406
 20
-105.746
 11
-100.476
 21
-105.376
  0
LINE
  8
0
 10
-100.476
 20
-105.376
 11
-100.5
 21
-105
  0
LINE
  8
0
 10
-100.5
 20
-105
 11
-100.476
 21
-104.624
  0
LINE
  8
0
 10
-100.476
 20
-104.624
 11
-100.406
 21
-104.254
  0
LINE
  8
0
 10
-100.406
 20
-104.254
 11
-100.289
 21
-103.896
  0
LINE
  8
0
 10
-100.289
 20
-103.896
 11
-100.129
 21
-103.555
  0
LINE
  8
0
 10
-100.129
 20
-103.555
 11
-99.927
 21
-103.237
  0
LINE
  8
0
 10
-99.927
 20
-103.237
 11
-99.6869
 21
-102.946
  0
LINE
  8
0
 10
-99.6869
 20
-102.946
 11
-99.4123
 21
-102.688
  0
LINE
  8
0
 10
-99.4123
 20
-102.688
 11
-99.1075
 21
-102.467
  0
LINE
  8
0
 10
-99.1075
 20
-102.467
 11
-98.7773
 21
-102.286
  0
LINE
  8
0
 10
-98.7773
 20
-102.286
 11
-98.427
 21
-102.147
  0
LINE
  8
0
 10
-98.427
 20
-102.147
 11
-98.0621
 21
-102.053
  0
LINE
  8
0
 10
-98.0621
 20
-102.053
 11
-97.6884
 21
-102.006
  0
LINE
  8
0
 10
-97.6884
 20
-102.006
 11
-97.3116
 21
-102.006
  0
LINE
  8
0
 10
-97.3116
 20
-102.006
 11
-96.9379
 21
-102.053
  0
LINE
  8
0
 10
-96.9379
 20
-102.053
 11
-96.573
 21
-102.147
  0
LINE
  8
0
 10
-96.573
 20
-102.147
 11
-96.2227
 21
-102.286
  0
LINE
  8
0
 10
-96.2227
 20
-102.286
 11
-95.8925
 21
-102.467
  0
LINE
  8
0
 10
-95.8925
 20
-102.467
 11
-95.5877
 21
-102.688
  0
LINE
  8
0
 10
-95.5877
 20
-102.688
 11
-95.3131
 21
-102.946
  0
LINE
  8
0
 10
-95.3131
 20
-102.946
 11
-95.073
 21
-103.237
  0
LINE
  8
0
 10
-95.073
 20
-103.237
 11
-94.8711
 21
-103.555
  0
LINE
  8
0
 10
-94.8711
 20
-103.555
 11
-94.7107
 21
-103.896
  0
LINE
  8
0
 10
-94.7107
 20
-103.896
 11
-94.5943
 21
-104.254
  0
LINE
  8
0
 10
-94.5943
 20
-104.254
 11
-94.5237
 21
-104.624
  0
LINE
  8
0
 10
-94.5237
 20
-104.624
 11
-94.5
 21
-105
  0
LINE
  8
0
 10
-94.5
 20
-105
 11
-94.5237
 21
-105.376
  0
LINE
  8
0
 10
-94.5237
 20
-105.376
 11
-94.5943
 21
-105.746
  0
LINE
  8
0
 10
-94.5943
 20
-105.746
 11
-94.7107
 21
-106.104
  0
LINE
  8
0
 10
-94.7107
 20
-106.104
 11
-94.8711
 21
-106.445
  0
LINE
  8
0
 10
-94.8711
 20
-106.445
 11
-95.073
 21
-106.763
  0
LINE
  8
0
 10
-95.073
 20
-106.763
 11
-95.3131
 21
-107.054
  0
LINE
  8
0
 10
-95.3131
 20
-107.054
 11
-95.5877
 21
-107.312
  0
LINE
  8
0
 10
-95.5877
 20
-107.312
 11
-95.8925
 21
-107.533
  0
LINE
  8
0
 10
-95.8925
 20
-107.533
 11
-96.2227
 21
-107.714
  0
LINE
  8
0
 10
-96.2227
 20
-107.714
 11
-96.573
 21
-107.853
  0
LINE
  8
0
 10
-96.573
 20
-107.853
 11
-96.9379
 21
-107.947
  0
LINE
  8
0
 10
-96.9379
 20
-107.947
 11
-97.3116
 21
-107.994
  0
LINE
  8
0
 10
-97.3116
 20
-107.994
 11
-97.6884
 21
-107.994
  0
LINE
  8
0
 10
37.3116
 20
-107.994
 11
36.9379
 21
-107.947
  0
LINE
  8
0
 10
36.9379
 20
-107.947
 11
36.5729
 21
-107.853
  0
LINE
  8
0
 10
36.5729
 20
-107.853
 11
36.2227
 21
-107.714
  0
LINE
  8
0
 10
36.2227
 20
-107.714
 11
35.8925
 21
-107.533
  0
LINE
  8
0
 10
35.8925
 20
-107.533
 11
35.5877
 21
-107.312
  0
LINE
  8
0
 10
35.5877
 20
-107.312
 11
35.3131
 21
-107.054
  0
LINE
  8
0
 10
35.3131
 20
-107.054
 11
35.0729
 21
-106.763
  0
LINE
  8
0
 10
35.0729
 20
-106.763
 11
34.8711
 21
-106.445
  0
LINE
  8
0
 10
34.8711
 20
-106.445
 11
34.7107
 21
-106.104
  0
LINE
  8
0
 10
34.7107
 20
-106.104
 11
34.5942
 21
-105.746
  0
LINE
  8
0
 10
34.5942
 20
-105.746
 11
34.5237
 21
-105.376
  0
LINE
  8
0
 10
34.5237
 20
-105.376
 11
34.5
 21
-105
  0
LINE
  8
0
 10
34.5
 20
-105
 11
34.5237
 21
-104.624
  0
LINE
  8
0
 10
34.5237
 20
-104.624
 11
34.5942
 21
-104.254
  0
LINE
  8
0
 10
34.5942
 20
-104.254
 11
34.7107
 21
-103.896
  0
LINE
  8
0
 10
34.7107
 20
-103.896
 11
34.8711
 21
-103.555
  0
LINE
  8
0
 10
34.8711
 20
-103.555
 11
35.0729
 21
-103.237
  0
LINE
  8
0
 10
35.0729
 20
-103.237
 11
35.3131
 21
-102.946
  0
LINE
  8
0
 10
35.3131
 20
-102.946
 11
35.5877
 21
-102.688
  0
LINE
  8
0
 10
35.5877
 20
-102.688
 11
35.8925
 21
-102.467
  0
LINE
  8
0
 10
35.8925
 20
-102.467
 11
36.2227
 21
-102.286
  0
LINE
  8
0
 10
36.2227
 20
-102.286
 11
36.5729
 21
-102.147
  0
LINE
  8
0
 10
36.5729
 20
-102.147
 11
36.9379
 21
-102.053
  0
LINE
  8
0
 10
36.9379
 20
-102.053
 11
37.3116
 21
-102.006
  0
LINE
  8
0
 10
37.3116
 20
-102.006
 11
37.6884
 21
-102.006
  0
LINE
  8
0
 10
37.6884
 20
-102.006
 11
38.0621
 21
-102.053
  0
LINE
  8
0
 10
38.0621
 20
-102.053
 11
38.427
 21
-102.147
  0
LINE
  8
0
 10
38.427
 20
-102.147
 11
38.7773
 21
-102.286
  0
LINE
  8
0
 10
38.7773
 20
-102.286
 11
39.1075
 21
-102.467
  0
LINE
  8
0
 10
39.1075
 20
-102.467
 11
39.4123
 21
-102.688
  0
LINE
  8
0
 10
39.4123
 20
-102.688
 11
39.6869
 21
-102.946
  0
LINE
  8
0
 10
39.6869
 20
-102.946
 11
39.927
 21
-103.237
  0
LINE
  8
0
 10
39.927
 20
-103.237
 11
40.1289
 21
-103.555
  0
LINE
  8
0
 10
40.1289
 20
-103.555
 11
40.2893
 21
-103.896
  0
LINE
  8
0
 10
40.2893
 20
-103.896
 11
40.4057
 21
-104.254
  0
LINE
  8
0
 10
40.4057
 20
-104.254
 11
40.4763
 21
-104.624
  0
LINE
  8
0
 10
40.4763
 20
-104.624
 11
40.5
 21
-105
  0
LINE
  8
0
 10
40.5
 20
-105
 11
40.4763
 21
-105.376
  0
LINE
  8
0
 10
40.4763
 20
-105.376
 11
40.4057
 21
-105.746
  0
LINE
  8
0
 10
40.4057
 20
-105.746
 11
40.2893
 21
-106.104
  0
LINE
  8
0
 10
40.2893
 20
-106.104
 11
40.1289
 21
-106.445
  0
LINE
  8
0
 10
40.1289
 20
-106.445
 11
39.927
 21
-106.763
  0
LINE
  8
0
 10
39.927
 20
-106.763
 11
39.6869
 21
-107.054
  0
LINE
  8
0
 10
39.6869
 20
-107.054
 11
39.4123
 21
-107.312
  0
LINE
  8
0
 10
39.4123
 20
-107.312
 11
39.1075
 21
-107.533
  0
LINE
  8
0
 10
39.1075
 20
-107.533
 11
38.7773
 21
-107.714
  0
LINE
  8
0
 10
38.7773
 20
-107.714
 11
38.427
 21
-107.853
  0
LINE
  8
0
 10
38.427
 20
-107.853
 11
38.0621
 21
-107.947
  0
LINE
  8
0
 10
38.0621
 20
-107.947
 11
37.6884
 21
-107.994
  0
LINE
  8
0
 10
37.6884
 20
-107.994
 11
37.3116
 21
-107.994
  0
LINE
  8
0
 10
7.31161
 20
-107.994
 11
6.93785
 21
-107.947
  0
LINE
  8
0
 10
6.93785
 20
-107.947
 11
6.57294
 21
-107.853
  0
LINE
  8
0
 10
6.57294
 20
-107.853
 11
6.22266
 21
-107.714
  0
LINE
  8
0
 10
6.22266
 20
-107.714
 11
5.89252
 21
-107.533
  0
LINE
  8
0
 10
5.89252
 20
-107.533
 11
5.58772
 21
-107.312
  0
LINE
  8
0
 10
5.58772
 20
-107.312
 11
5.31308
 21
-107.054
  0
LINE
  8
0
 10
5.31308
 20
-107.054
 11
5.07294
 21
-106.763
  0
LINE
  8
0
 10
5.07294
 20
-106.763
 11
4.87108
 21
-106.445
  0
LINE
  8
0
 10
4.87108
 20
-106.445
 11
4.71066
 21
-106.104
  0
LINE
  8
0
 10
4.71066
 20
-106.104
 11
4.59424
 21
-105.746
  0
LINE
  8
0
 10
4.59424
 20
-105.746
 11
4.52365
 21
-105.376
  0
LINE
  8
0
 10
4.52365
 20
-105.376
 11
4.5
 21
-105
  0
LINE
  8
0
 10
4.5
 20
-105
 11
4.52365
 21
-104.624
  0
LINE
  8
0
 10
4.52365
 20
-104.624
 11
4.59424
 21
-104.254
  0
LINE
  8
0
 10
4.59424
 20
-104.254
 11
4.71066
 21
-103.896
  0
LINE
  8
0
 10
4.71066
 20
-103.896
 11
4.87108
 21
-103.555
  0
LINE
  8
0
 10
4.87108
 20
-103.555
 11
5.07294
 21
-103.237
  0
LINE
  8
0
 10
5.07294
 20
-103.237
 11
5.31308
 21
-102.946
  0
LINE
  8
0
 10
5.31308
 20
-102.946
 11
5.58772
 21
-102.688
  0
LINE
  8
0
 10
5.58772
 20
-102.688
 11
5.89252
 21
-102.467
  0
LINE
  8
0
 10
5.89252
 20
-102.467
 11
6.22266
 21
-102.286
  0
LINE
  8
0
 10
6.22266
 20
-102.286
 11
6.57294
 21
-102.147
  0
LINE
  8
0
 10
6.57294
 20
-102.147
 11
6.93785
 21
-102.053
  0
LINE
  8
0
 10
6.93785
 20
-102.053
 11
7.31161
 21
-102.006
  0
LINE
  8
0
 10
7.31161
 20
-102.006
 11
7.68837
 21
-102.006
  0
LINE
  8
0
 10
7.68837
 20
-102.006
 11
8.06213
 21
-102.053
  0
LINE
  8
0
 10
8.06213
 20
-102.053
 11
8.42705
 21
-102.147
  0
LINE
  8
0
 10
8.42705
 20
-102.147
 11
8.77733
 21
-102.286
  0
LINE
  8
0
 10
8.77733
 20
-102.286
 11
9.10747
 21
-102.467
  0
LINE
  8
0
 10
9.10747
 20
-102.467
 11
9.41226
 21
-102.688
  0
LINE
  8
0
 10
9.41226
 20
-102.688
 11
9.6869
 21
-102.946
  0
LINE
  8
0
 10
9.6869
 20
-102.946
 11
9.92705
 21
-103.237
  0
LINE
  8
0
 10
9.92705
 20
-103.237
 11
10.1289
 21
-103.555
  0
LINE
  8
0
 10
10.1289
 20
-103.555
 11
10.2893
 21
-103.896
  0
LINE
  8
0
 10
10.2893
 20
-103.896
 11
10.4057
 21
-104.254
  0
LINE
  8
0
 10
10.4057
 20
-104.254
 11
10.4763
 21
-104.624
  0
LINE
  8
0
 10
10.4763
 20
-104.624
 11
10.5
 21
-105
  0
LINE
  8
0
 10
10.5
 20
-105
 11
10.4763
 21
-105.376
  0
LINE
  8
0
 10
10.4763
 20
-105.376
 11
10.4057
 21
-105.746
  0
LINE
  8
0
 10
10.4057
 20
-105.746
 11
10.2893
 21
-106.104
  0
LINE
  8
0
 10
10.2893
 20
-106.104
 11
10.1289
 21
-106.445
  0
LINE
  8
0
 10
10.1289
 20
-106.445
 11
9.92705
 21
-106.763
  0
LINE
  8
0
 10
9.92705
 20
-106.763
 11
9.6869
 21
-107.054
  0
LINE
  8
0
 10
9.6869
 20
-107.054
 11
9.41226
 21
-107.312
  0
LINE
  8
0
 10
9.41226
 20
-107.312
 11
9.10747
 21
-107.533
  0
LINE
  8
0
 10
9.10747
 20
-107.533
 11
8.77733
 21
-107.714
  0
LINE
  8
0
 10
8.77733
 20
-107.714
 11
8.42705
 21
-107.853
  0
LINE
  8
0
 10
8.42705
 20
-107.853
 11
8.06213
 21
-107.947
  0
LINE
  8
0
 10
8.06213
 20
-107.947
 11
7.68837
 21
-107.994
  0
LINE
  8
0
 10
7.68837
 20
-107.994
 11
7.31161
 21
-107.994
  0
LINE
  8
0
 10
22.3116
 20
-107.994
 11
21.9379
 21
-107.947
  0
LINE
  8
0
 10
21.9379
 20
-107.947
 11
21.5729
 21
-107.853
  0
LINE
  8
0
 10
21.5729
 20
-107.853
 11
21.2227
 21
-107.714
  0
LINE
  8
0
 10
21.2227
 20
-107.714
 11
20.8925
 21
-107.533
  0
LINE
  8
0
 10
20.8925
 20
-107.533
 11
20.5877
 21
-107.312
  0
LINE
  8
0
 10
20.5877
 20
-107.312
 11
20.3131
 21
-107.054
  0
LINE
  8
0
 10
20.3131
 20
-107.054
 11
20.0729
 21
-106.763
  0
LINE
  8
0
 10
20.0729
 20
-106.763
 11
19.8711
 21
-106.445
  0
LINE
  8
0
 10
19.8711
 20
-106.445
 11
19.7107
 21
-106.104
  0
LINE
  8
0
 10
19.7107
 20
-106.104
 11
19.5942
 21
-105.746
  0
LINE
  8
0
 10
19.5942
 20
-105.746
 11
19.5237
 21
-105.376
  0
LINE
  8
0
 10
19.5237
 20
-105.376
 11
19.5
 21
-105
  0
LINE
  8
0
 10
19.5
 20
-105
 11
19.5237
 21
-104.624
  0
LINE
  8
0
 10
19.5237
 20
-104.624
 11
19.5942
 21
-104.254
  0
LINE
  8
0
 10
19.5942
 20
-104.254
 11
19.7107
 21
-103.896
  0
LINE
  8
0
 10
19.7107
 20
-103.896
 11
19.8711
 21
-103.555
  0
LINE
  8
0
 10
19.8711
 20
-103.555
 11
20.0729
 21
-103.237
  0
LINE
  8
0
 10
20.0729
 20
-103.237
 11
20.3131
 21
-102.946
  0
LINE
  8
0
 10
20.3131
 20
-102.946
 11
20.5877
 21
-102.688
  0
LINE
  8
0
 10
20.5877
 20
-102.688
 11
20.8925
 21
-102.467
  0
LINE
  8
0
 10
20.8925
 20
-102.467
 11
21.2227
 21
-102.286
  0
LINE
  8
0
 10
21.2227
 20
-102.286
 11
21.5729
 21
-102.147
  0
LINE
  8
0
 10
21.5729
 20
-102.147
 11
21.9379
 21
-102.053
  0
LINE
  8
0
 10
21.9379
 20
-102.053
 11
22.3116
 21
-102.006
  0
LINE
  8
0
 10
22.3116
 20
-102.006
 11
22.6884
 21
-102.006
  0
LINE
  8
0
 10
22.6884
 20
-102.006
 11
23.0621
 21
-102.053
  0
LINE
  8
0
 10
23.0621
 20
-102.053
 11
23.427
 21
-102.147
  0
LINE
  8
0
 10
23.427
 20
-102.147
 11
23.7773
 21
-102.286
  0
LINE
  8
0
 10
23.7773
 20
-102.286
 11
24.1075
 21
-102.467
  0
LINE
  8
0
 10
24.1075
 20
-102.467
 11
24.4123
 21
-102.688
  0
LINE
  8
0
 10
24.4123
 20
-102.688
 11
24.6869
 21
-102.946
  0
LINE
  8
0
 10
24.6869
 20
-102.946
 11
24.927
 21
-103.237
  0
LINE
  8
0
 10
24.927
 20
-103.237
 11
25.1289
 21
-103.555
  0
LINE
  8
0
 10
25.1289
 20
-103.555
 11
25.2893
 21
-103.896
  0
LINE
  8
0
 10
25.2893
 20
-103.896
 11
25.4057
 21
-104.254
  0
LINE
  8
0
 10
25.4057
 20
-104.254
 11
25.4763
 21
-104.624
  0
LINE
  8
0
 10
25.4763
 20
-104.624
 11
25.5
 21
-105
  0
LINE
  8
0
 10
25.5
 20
-105
 11
25.4763
 21
-105.376
  0
LINE
  8
0
 10
25.4763
 20
-105.376
 11
25.4057
 21
-105.746
  0
LINE
  8
0
 10
25.4057
 20
-105.746
 11
25.2893
 21
-106.104
  0
LINE
  8
0
 10
25.2893
 20
-106.104
 11
25.1289
 21
-106.445
  0
LINE
  8
0
 10
25.1289
 20
-106.445
 11
24.927
 21
-106.763
  0
LINE
  8
0
 10
24.927
 20
-106.763
 11
24.6869
 21
-107.054
  0
LINE
  8
0
 10
24.6869
 20
-107.054
 11
24.4123
 21
-107.312
  0
LINE
  8
0
 10
24.4123
 20
-107.312
 11
24.1075
 21
-107.533
  0
LINE
  8
0
 10
24.1075
 20
-107.533
 11
23.7773
 21
-107.714
  0
LINE
  8
0
 10
23.7773
 20
-107.714
 11
23.427
 21
-107.853
  0
LINE
  8
0
 10
23.427
 20
-107.853
 11
23.0621
 21
-107.947
  0
LINE
  8
0
 10
23.0621
 20
-107.947
 11
22.6884
 21
-107.994
  0
LINE
  8
0
 10
22.6884
 20
-107.994
 11
22.3116
 21
-107.994
  0
LINE
  8
0
 10
-7.68837
 20
-107.994
 11
-8.06213
 21
-107.947
  0
LINE
  8
0
 10
-8.06213
 20
-107.947
 11
-8.42705
 21
-107.853
  0
LINE
  8
0
 10
-8.42705
 20
-107.853
 11
-8.77733
 21
-107.714
  0
LINE
  8
0
 10
-8.77733
 20
-107.714
 11
-9.10747
 21
-107.533
  0
LINE
  8
0
 10
-9.10747
 20
-107.533
 11
-9.41226
 21
-107.312
  0
LINE
  8
0
 10
-9.41226
 20
-107.312
 11
-9.6869
 21
-107.054
  0
LINE
  8
0
 10
-9.6869
 20
-107.054
 11
-9.92705
 21
-106.763
  0
LINE
  8
0
 10
-9.92705
 20
-106.763
 11
-10.1289
 21
-106.445
  0
LINE
  8
0
 10
-10.1289
 20
-106.445
 11
-10.2893
 21
-106.104
  0
LINE
  8
0
 10
-10.2893
 20
-106.104
 11
-10.4057
 21
-105.746
  0
LINE
  8
0
 10
-10.4057
 20
-105.746
 11
-10.4763
 21
-105.376
  0
LINE
  8
0
 10
-10.4763
 20
-105.376
 11
-10.5
 21
-105
  0
LINE
  8
0
 10
-10.5
 20
-105
 11
-10.4763
 21
-104.624
  0
LINE
  8
0
 10
-10.4763
 20
-104.624
 11
-10.4057
 21
-104.254
  0
LINE
  8
0
 10
-10.4057
 20
-104.254
 11
-10.2893
 21
-103.896
  0
LINE
  8
0
 10
-10.2893
 20
-103.896
 11
-10.1289
 21
-103.555
  0
LINE
  8
0
 10
-10.1289
 20
-103.555
 11
-9.92705
 21
-103.237
  0
LINE
  8
0
 10
-9.92705
 20
-103.237
 11
-9.6869
 21
-102.946
  0
LINE
  8
0
 10
-9.6869
 20
-102.946
 11
-9.41226
 21
-102.688
  0
LINE
  8
0
 10
-9.41226
 20
-102.688
 11
-9.10747
 21
-102.467
  0
LINE
  8
0
 10
-9.10747
 20
-102.467
 11
-8.77733
 21
-102.286
  0
LINE
  8
0
 10
-8.77733
 20
-102.286
 11
-8.42705
 21
-102.147
  0
LINE
  8
0
 10
-8.42705
 20
-102.147
 11
-8.06213
 21
-102.053
  0
LINE
  8
0
 10
-8.06213
 20
-102.053
 11
-7.68837
 21
-102.006
  0
LINE
  8
0
 10
-7.68837
 20
-102.006
 11
-7.31161
 21
-102.006
  0
LINE
  8
0
 10
-7.31161
 20
-102.006
 11
-6.93785
 21
-102.053
  0
LINE
  8
0
 10
-6.93785
 20
-102.053
 11
-6.57294
 21
-102.147
  0
LINE
  8
0
 10
-6.57294
 20
-102.147
 11
-6.22266
 21
-102.286
  0
LINE
  8
0
 10
-6.22266
 20
-102.286
 11
-5.89252
 21
-102.467
  0
LINE
  8
0
 10
-5.89252
 20
-102.467
 11
-5.58772
 21
-102.688
  0
LINE
  8
0
 10
-5.58772
 20
-102.688
 11
-5.31308
 21
-102.946
  0
LINE
  8
0
 10
-5.31308
 20
-102.946
 11
-5.07294
 21
-103.237
  0
LINE
  8
0
 10
-5.07294
 20
-103.237
 11
-4.87108
 21
-103.555
  0
LINE
  8
0
 10
-4.87108
 20
-103.555
 11
-4.71066
 21
-103.896
  0
LINE
  8
0
 10
-4.71066
 20
-103.896
 11
-4.59424
 21
-104.254
  0
LINE
  8
0
 10
-4.59424
 20
-104.254
 11
-4.52365
 21
-104.624
  0
LINE
  8
0
 10
-4.52365
 20
-104.624
 11
-4.5
 21
-105
  0
LINE
  8
0
 10
-4.5
 20
-105
 11
-4.52365
 21
-105.376
  0
LINE
  8
0
 10
-4.52365
 20
-105.376
 11
-4.59424
 21
-105.746
  0
LINE
  8
0
 10
-4.59424
 20
-105.746
 11
-4.71066
 21
-106.104
  0
LINE
  8
0
 10
-4.71066
 20
-106.104
 11
-4.87108
 21
-106.445
  0
LINE
  8
0
 10
-4.87108
 20
-106.445
 11
-5.07294
 21
-106.763
  0
LINE
  8
0
 10
-5.07294
 20
-106.763
 11
-5.31308
 21
-107.054
  0
LINE
  8
0
 10
-5.31308
 20
-107.054
 11
-5.58772
 21
-107.312
  0
LINE
  8
0
 10
-5.58772
 20
-107.312
 11
-5.89252
 21
-107.533
  0
LINE
  8
0
 10
-5.89252
 20
-107.533
 11
-6.22266
 21
-107.714
  0
LINE
  8
0
 10
-6.22266
 20
-107.714
 11
-6.57294
 21
-107.853
  0
LINE
  8
0
 10
-6.57294
 20
-107.853
 11
-6.93785
 21
-107.947
  0
LINE
  8
0
 10
-6.93785
 20
-107.947
 11
-7.31161
 21
-107.994
  0
LINE
  8
0
 10
-7.31161
 20
-107.994
 11
-7.68837
 21
-107.994
  0
LINE
  8
0
 10
-90.0942
 20
-106.497
 11
-90.2811
 21
-106.473
  0
LINE
  8
0
 10
-90.2811
 20
-106.473
 11
-90.4635
 21
-106.427
  0
LINE
  8
0
 10
-90.4635
 20
-106.427
 11
-90.6387
 21
-106.357
  0
LINE
  8
0
 10
-90.6387
 20
-106.357
 11
-90.8037
 21
-106.266
  0
LINE
  8
0
 10
-90.8037
 20
-106.266
 11
-90.9561
 21
-106.156
  0
LINE
  8
0
 10
-90.9561
 20
-106.156
 11
-91.0934
 21
-106.027
  0
LINE
  8
0
 10
-91.0934
 20
-106.027
 11
-91.2135
 21
-105.882
  0
LINE
  8
0
 10
-91.2135
 20
-105.882
 11
-91.3145
 21
-105.723
  0
LINE
  8
0
 10
-91.3145
 20
-105.723
 11
-91.3947
 21
-105.552
  0
LINE
  8
0
 10
-91.3947
 20
-105.552
 11
-91.4529
 21
-105.373
  0
LINE
  8
0
 10
-91.4529
 20
-105.373
 11
-91.4882
 21
-105.188
  0
LINE
  8
0
 10
-91.4882
 20
-105.188
 11
-91.5
 21
-105
  0
LINE
  8
0
 10
-91.5
 20
-105
 11
-91.4882
 21
-104.812
  0
LINE
  8
0
 10
-91.4882
 20
-104.812
 11
-91.4529
 21
-104.627
  0
LINE
  8
0
 10
-91.4529
 20
-104.627
 11
-91.3947
 21
-104.448
  0
LINE
  8
0
 10
-91.3947
 20
-104.448
 11
-91.3145
 21
-104.277
  0
LINE
  8
0
 10
-91.3145
 20
-104.277
 11
-91.2135
 21
-104.118
  0
LINE
  8
0
 10
-91.2135
 20
-104.118
 11
-91.0934
 21
-103.973
  0
LINE
  8
0
 10
-91.0934
 20
-103.973
 11
-90.9561
 21
-103.844
  0
LINE
  8
0
 10
-90.9561
 20
-103.844
 11
-90.8037
 21
-103.734
  0
LINE
  8
0
 10
-90.8037
 20
-103.734
 11
-90.6387
 21
-103.643
  0
LINE
  8
0
 10
-90.6387
 20
-103.643
 11
-90.4635
 21
-103.573
  0
LINE
  8
0
 10
-90.4635
 20
-103.573
 11
-90.2811
 21
-103.527
  0
LINE
  8
0
 10
-90.2811
 20
-103.527
 11
-90.0942
 21
-103.503
  0
LINE
  8
0
 10
-90.0942
 20
-103.503
 11
-89.9058
 21
-103.503
  0
LINE
  8
0
 10
-89.9058
 20
-103.503
 11
-89.7189
 21
-103.527
  0
LINE
  8
0
 10
-89.7189
 20
-103.527
 11
-89.5365
 21
-103.573
  0
LINE
  8
0
 10
-89.5365
 20
-103.573
 11
-89.3613
 21
-103.643
  0
LINE
  8
0
 10
-89.3613
 20
-103.643
 11
-89.1963
 21
-103.734
  0
LINE
  8
0
 10
-89.1963
 20
-103.734
 11
-89.0439
 21
-103.844
  0
LINE
  8
0
 10
-89.0439
 20
-103.844
 11
-88.9065
 21
-103.973
  0
LINE
  8
0
 10
-88.9065
 20
-103.973
 11
-88.7865
 21
-104.118
  0
LINE
  8
0
 10
-88.7865
 20
-104.118
 11
-88.6855
 21
-104.277
  0
LINE
  8
0
 10
-88.6855
 20
-104.277
 11
-88.6053
 21
-104.448
  0
LINE
  8
0
 10
-88.6053
 20
-104.448
 11
-88.5471
 21
-104.627
  0
LINE
  8
0
 10
-88.5471
 20
-104.627
 11
-88.5118
 21
-104.812
  0
LINE
  8
0
 10
-88.5118
 20
-104.812
 11
-88.5
 21
-105
  0
LINE
  8
0
 10
-88.5
 20
-105
 11
-88.5118
 21
-105.188
  0
LINE
  8
0
 10
-88.5118
 20
-105.188
 11
-88.5471
 21
-105.373
  0
LINE
  8
0
 10
-88.5471
 20
-105.373
 11
-88.6053
 21
-105.552
  0
LINE
  8
0
 10
-88.6053
 20
-105.552
 11
-88.6855
 21
-105.723
  0
LINE
  8
0
 10
-88.6855
 20
-105.723
 11
-88.7865
 21
-105.882
  0
LINE
  8
0
 10
-88.7865
 20
-105.882
 11
-88.9065
 21
-106.027
  0
LINE
  8
0
 10
-88.9065
 20
-106.027
 11
-89.0439
 21
-106.156
  0
LINE
  8
0
 10
-89.0439
 20
-106.156
 11
-89.1963
 21
-106.266
  0
LINE
  8
0
 10
-89.1963
 20
-106.266
 11
-89.3613
 21
-106.357
  0
LINE
  8
0
 10
-89.3613
 20
-106.357
 11
-89.5365
 21
-106.427
  0
LINE
  8
0
 10
-89.5365
 20
-106.427
 11
-89.7189
 21
-106.473
  0
LINE
  8
0
 10
-89.7189
 20
-106.473
 11
-89.9058
 21
-106.497
  0
LINE
  8
0
 10
-89.9058
 20
-106.497
 11
-90.0942
 21
-106.497
  0
LINE
  8
0
 10
14.9058
 20
-106.497
 11
14.7189
 21
-106.473
  0
LINE
  8
0
 10
14.7189
 20
-106.473
 11
14.5365
 21
-106.427
  0
LINE
  8
0
 10
14.5365
 20
-106.427
 11
14.3613
 21
-106.357
  0
LINE
  8
0
 10
14.3613
 20
-106.357
 11
14.1963
 21
-106.266
  0
LINE
  8
0
 10
14.1963
 20
-106.266
 11
14.0439
 21
-106.156
  0
LINE
  8
0
 10
14.0439
 20
-106.156
 11
13.9065
 21
-106.027
  0
LINE
  8
0
 10
13.9065
 20
-106.027
 11
13.7865
 21
-105.882
  0
LINE
  8
0
 10
13.7865
 20
-105.882
 11
13.6855
 21
-105.723
  0
LINE
  8
0
 10
13.6855
 20
-105.723
 11
13.6053
 21
-105.552
  0
LINE
  8
0
 10
13.6053
 20
-105.552
 11
13.5471
 21
-105.373
  0
LINE
  8
0
 10
13.5471
 20
-105.373
 11
13.5118
 21
-105.188
  0
LINE
  8
0
 10
13.5118
 20
-105.188
 11
13.5
 21
-105
  0
LINE
  8
0
 10
13.5
 20
-105
 11
13.5118
 21
-104.812
  0
LINE
  8
0
 10
13.5118
 20
-104.812
 11
13.5471
 21
-104.627
  0
LINE
  8
0
 10
13.5471
 20
-104.627
 11
13.6053
 21
-104.448
  0
LINE
  8
0
 10
13.6053
 20
-104.448
 11
13.6855
 21
-104.277
  0
LINE
  8
0
 10
13.6855
 20
-104.277
 11
13.7865
 21
-104.118
  0
LINE
  8
0
 10
13.7865
 20
-104.118
 11
13.9065
 21
-103.973
  0
LINE
  8
0
 10
13.9065
 20
-103.973
 11
14.0439
 21
-103.844
  0
LINE
  8
0
 10
14.0439
 20
-103.844
 11
14.1963
 21
-103.734
  0
LINE
  8
0
 10
14.1963
 20
-103.734
 11
14.3613
 21
-103.643
  0
LINE
  8
0
 10
14.3613
 20
-103.643
 11
14.5365
 21
-103.573
  0
LINE
  8
0
 10
14.5365
 20
-103.573
 11
14.7189
 21
-103.527
  0
LINE
  8
0
 10
14.7189
 20
-103.527
 11
14.9058
 21
-103.503
  0
LINE
  8
0
 10
14.9058
 20
-103.503
 11
15.0942
 21
-103.503
  0
LINE
  8
0
 10
15.0942
 20
-103.503
 11
15.2811
 21
-103.527
  0
LINE
  8
0
 10
15.2811
 20
-103.527
 11
15.4635
 21
-103.573
  0
LINE
  8
0
 10
15.4635
 20
-103.573
 11
15.6387
 21
-103.643
  0
LINE
  8
0
 10
15.6387
 20
-103.643
 11
15.8037
 21
-103.734
  0
LINE
  8
0
 10
15.8037
 20
-103.734
 11
15.9561
 21
-103.844
  0
LINE
  8
0
 10
15.9561
 20
-103.844
 11
16.0934
 21
-103.973
  0
LINE
  8
0
 10
16.0934
 20
-103.973
 11
16.2135
 21
-104.118
  0
LINE
  8
0
 10
16.2135
 20
-104.118
 11
16.3145
 21
-104.277
  0
LINE
  8
0
 10
16.3145
 20
-104.277
 11
16.3947
 21
-104.448
  0
LINE
  8
0
 10
16.3947
 20
-104.448
 11
16.4529
 21
-104.627
  0
LINE
  8
0
 10
16.4529
 20
-104.627
 11
16.4882
 21
-104.812
  0
LINE
  8
0
 10
16.4882
 20
-104.812
 11
16.5
 21
-105
  0
LINE
  8
0
 10
16.5
 20
-105
 11
16.4882
 21
-105.188
  0
LINE
  8
0
 10
16.4882
 20
-105.188
 11
16.4529
 21
-105.373
  0
LINE
  8
0
 10
16.4529
 20
-105.373
 11
16.3947
 21
-105.552
  0
LINE
  8
0
 10
16.3947
 20
-105.552
 11
16.3145
 21
-105.723
  0
LINE
  8
0
 10
16.3145
 20
-105.723
 11
16.2135
 21
-105.882
  0
LINE
  8
0
 10
16.2135
 20
-105.882
 11
16.0934
 21
-106.027
  0
LINE
  8
0
 10
16.0934
 20
-106.027
 11
15.9561
 21
-106.156
  0
LINE
  8
0
 10
15.9561
 20
-106.156
 11
15.8037
 21
-106.266
  0
LINE
  8
0
 10
15.8037
 20
-106.266
 11
15.6387
 21
-106.357
  0
LINE
  8
0
 10
15.6387
 20
-106.357
 11
15.4635
 21
-106.427
  0
LINE
  8
0
 10
15.4635
 20
-106.427
 11
15.2811
 21
-106.473
  0
LINE
  8
0
 10
15.2811
 20
-106.473
 11
15.0942
 21
-106.497
  0
LINE
  8
0
 10
15.0942
 20
-106.497
 11
14.9058
 21
-106.497
  0
LINE
  8
0
 10
29.9058
 20
-106.497
 11
29.7189
 21
-106.473
  0
LINE
  8
0
 10
29.7189
 20
-106.473
 11
29.5365
 21
-106.427
  0
LINE
  8
0
 10
29.5365
 20
-106.427
 11
29.3613
 21
-106.357
  0
LINE
  8
0
 10
29.3613
 20
-106.357
 11
29.1963
 21
-106.266
  0
LINE
  8
0
 10
29.1963
 20
-106.266
 11
29.0439
 21
-106.156
  0
LINE
  8
0
 10
29.0439
 20
-106.156
 11
28.9065
 21
-106.027
  0
LINE
  8
0
 10
28.9065
 20
-106.027
 11
28.7865
 21
-105.882
  0
LINE
  8
0
 10
28.7865
 20
-105.882
 11
28.6855
 21
-105.723
  0
LINE
  8
0
 10
28.6855
 20
-105.723
 11
28.6053
 21
-105.552
  0
LINE
  8
0
 10
28.6053
 20
-105.552
 11
28.5471
 21
-105.373
  0
LINE
  8
0
 10
28.5471
 20
-105.373
 11
28.5118
 21
-105.188
  0
LINE
  8
0
 10
28.5118
 20
-105.188
 11
28.5
 21
-105
  0
LINE
  8
0
 10
28.5
 20
-105
 11
28.5118
 21
-104.812
  0
LINE
  8
0
 10
28.5118
 20
-104.812
 11
28.5471
 21
-104.627
  0
LINE
  8
0
 10
28.5471
 20
-104.627
 11
28.6053
 21
-104.448
  0
LINE
  8
0
 10
28.6053
 20
-104.448
 11
28.6855
 21
-104.277
  0
LINE
  8
0
 10
28.6855
 20
-104.277
 11
28.7865
 21
-104.118
  0
LINE
  8
0
 10
28.7865
 20
-104.118
 11
28.9065
 21
-103.973
  0
LINE
  8
0
 10
28.9065
 20
-103.973
 11
29.0439
 21
-103.844
  0
LINE
  8
0
 10
29.0439
 20
-103.844
 11
29.1963
 21
-103.734
  0
LINE
  8
0
 10
29.1963
 20
-103.734
 11
29.3613
 21
-103.643
  0
LINE
  8
0
 10
29.3613
 20
-103.643
 11
29.5365
 21
-103.573
  0
LINE
  8
0
 10
29.5365
 20
-103.573
 11
29.7189
 21
-103.527
  0
LINE
  8
0
 10
29.7189
 20
-103.527
 11
29.9058
 21
-103.503
  0
LINE
  8
0
 10
29.9058
 20
-103.503
 11
30.0942
 21
-103.503
  0
LINE
  8
0
 10
30.0942
 20
-103.503
 11
30.2811
 21
-103.527
  0
LINE
  8
0
 10
30.2811
 20
-103.527
 11
30.4635
 21
-103.573
  0
LINE
  8
0
 10
30.4635
 20
-103.573
 11
30.6387
 21
-103.643
  0
LINE
  8
0
 10
30.6387
 20
-103.643
 11
30.8037
 21
-103.734
  0
LINE
  8
0
 10
30.8037
 20
-103.734
 11
30.9561
 21
-103.844
  0
LINE
  8
0
 10
30.9561
 20
-103.844
 11
31.0934
 21
-103.973
  0
LINE
  8
0
 10
31.0934
 20
-103.973
 11
31.2135
 21
-104.118
  0
LINE
  8
0
 10
31.2135
 20
-104.118
 11
31.3145
 21
-104.277
  0
LINE
  8
0
 10
31.3145
 20
-104.277
 11
31.3947
 21
-104.448
  0
LINE
  8
0
 10
31.3947
 20
-104.448
 11
31.4529
 21
-104.627
  0
LINE
  8
0
 10
31.4529
 20
-104.627
 11
31.4882
 21
-104.812
  0
LINE
  8
0
 10
31.4882
 20
-104.812
 11
31.5
 21
-105
  0
LINE
  8
0
 10
31.5
 20
-105
 11
31.4882
 21
-105.188
  0
LINE
  8
0
 10
31.4882
 20
-105.188
 11
31.4529
 21
-105.373
  0
LINE
  8
0
 10
31.4529
 20
-105.373
 11
31.3947
 21
-105.552
  0
LINE
  8
0
 10
31.3947
 20
-105.552
 11
31.3145
 21
-105.723
  0
LINE
  8
0
 10
31.3145
 20
-105.723
 11
31.2135
 21
-105.882
  0
LINE
  8
0
 10
31.2135
 20
-105.882
 11
31.0934
 21
-106.027
  0
LINE
  8
0
 10
31.0934
 20
-106.027
 11
30.9561
 21
-106.156
  0
LINE
  8
0
 10
30.9561
 20
-106.156
 11
30.8037
 21
-106.266
  0
LINE
  8
0
 10
30.8037
 20
-106.266
 11
30.6387
 21
-106.357
  0
LINE
  8
0
 10
30.6387
 20
-106.357
 11
30.4635
 21
-106.427
  0
LINE
  8
0
 10
30.4635
 20
-106.427
 11
30.2811
 21
-106.473
  0
LINE
  8
0
 10
30.2811
 20
-106.473
 11
30.0942
 21
-106.497
  0
LINE
  8
0
 10
30.0942
 20
-106.497
 11
29.9058
 21
-106.497
  0
LINE
  8
0
 10
104.906
 20
-106.497
 11
104.719
 21
-106.473
  0
LINE
  8
0
 10
104.719
 20
-106.473
 11
104.536
 21
-106.427
  0
LINE
  8
0
 10
104.536
 20
-106.427
 11
104.361
 21
-106.357
  0
LINE
  8
0
 10
104.361
 20
-106.357
 11
104.196
 21
-106.266
  0
LINE
  8
0
 10
104.196
 20
-106.266
 11
104.044
 21
-106.156
  0
LINE
  8
0
 10
104.044
 20
-106.156
 11
103.907
 21
-106.027
  0
LINE
  8
0
 10
103.907
 20
-106.027
 11
103.786
 21
-105.882
  0
LINE
  8
0
 10
103.786
 20
-105.882
 11
103.686
 21
-105.723
  0
LINE
  8
0
 10
103.686
 20
-105.723
 11
103.605
 21
-105.552
  0
LINE
  8
0
 10
103.605
 20
-105.552
 11
103.547
 21
-105.373
  0
LINE
  8
0
 10
103.547
 20
-105.373
 11
103.512
 21
-105.188
  0
LINE
  8
0
 10
103.512
 20
-105.188
 11
103.5
 21
-105
  0
LINE
  8
0
 10
103.5
 20
-105
 11
103.512
 21
-104.812
  0
LINE
  8
0
 10
103.512
 20
-104.812
 11
103.547
 21
-104.627
  0
LINE
  8
0
 10
103.547
 20
-104.627
 11
103.605
 21
-104.448
  0
LINE
  8
0
 10
103.605
 20
-104.448
 11
103.686
 21
-104.277
  0
LINE
  8
0
 10
103.686
 20
-104.277
 11
103.786
 21
-104.118
  0
LINE
  8
0
 10
103.786
 20
-104.118
 11
103.907
 21
-103.973
  0
LINE
  8
0
 10
103.907
 20
-103.973
 11
104.044
 21
-103.844
  0
LINE
  8
0
 10
104.044
 20
-103.844
 11
104.196
 21
-103.734
  0
LINE
  8
0
 10
104.196
 20
-103.734
 11
104.361
 21
-103.643
  0
LINE
  8
0
 10
104.361
 20
-103.643
 11
104.536
 21
-103.573
  0
LINE
  8
0
 10
104.536
 20
-103.573
 11
104.719
 21
-103.527
  0
LINE
  8
0
 10
104.719
 20
-103.527
 11
104.906
 21
-103.503
  0
LINE
  8
0
 10
104.906
 20
-103.503
 11
105.094
 21
-103.503
  0
LINE
  8
0
 10
105.094
 20
-103.503
 11
105.281
 21
-103.527
  0
LINE
  8
0
 10
105.281
 20
-103.527
 11
105.464
 21
-103.573
  0
LINE
  8
0
 10
105.464
 20
-103.573
 11
105.639
 21
-103.643
  0
LINE
  8
0
 10
105.639
 20
-103.643
 11
105.804
 21
-103.734
  0
LINE
  8
0
 10
105.804
 20
-103.734
 11
105.956
 21
-103.844
  0
LINE
  8
0
 10
105.956
 20
-103.844
 11
106.093
 21
-103.973
  0
LINE
  8
0
 10
106.093
 20
-103.973
 11
106.214
 21
-104.118
  0
LINE
  8
0
 10
106.214
 20
-104.118
 11
106.314
 21
-104.277
  0
LINE
  8
0
 10
106.314
 20
-104.277
 11
106.395
 21
-104.448
  0
LINE
  8
0
 10
106.395
 20
-104.448
 11
106.453
 21
-104.627
  0
LINE
  8
0
 10
106.453
 20
-104.627
 11
106.488
 21
-104.812
  0
LINE
  8
0
 10
106.488
 20
-104.812
 11
106.5
 21
-105
  0
LINE
  8
0
 10
106.5
 20
-105
 11
106.488
 21
-105.188
  0
LINE
  8
0
 10
106.488
 20
-105.188
 11
106.453
 21
-105.373
  0
LINE
  8
0
 10
106.453
 20
-105.373
 11
106.395
 21
-105.552
  0
LINE
  8
0
 10
106.395
 20
-105.552
 11
106.314
 21
-105.723
  0
LINE
  8
0
 10
106.314
 20
-105.723
 11
106.214
 21
-105.882
  0
LINE
  8
0
 10
106.214
 20
-105.882
 11
106.093
 21
-106.027
  0
LINE
  8
0
 10
106.093
 20
-106.027
 11
105.956
 21
-106.156
  0
LINE
  8
0
 10
105.956
 20
-106.156
 11
105.804
 21
-106.266
  0
LINE
  8
0
 10
105.804
 20
-106.266
 11
105.639
 21
-106.357
  0
LINE
  8
0
 10
105.639
 20
-106.357
 11
105.464
 21
-106.427
  0
LINE
  8
0
 10
105.464
 20
-106.427
 11
105.281
 21
-106.473
  0
LINE
  8
0
 10
105.281
 20
-106.473
 11
105.094
 21
-106.497
  0
LINE
  8
0
 10
105.094
 20
-106.497
 11
104.906
 21
-106.497
  0
LINE
  8
0
 10
74.9058
 20
-106.497
 11
74.7189
 21
-106.473
  0
LINE
  8
0
 10
74.7189
 20
-106.473
 11
74.5365
 21
-106.427
  0
LINE
  8
0
 10
74.5365
 20
-106.427
 11
74.3613
 21
-106.357
  0
LINE
  8
0
 10
74.3613
 20
-106.357
 11
74.1963
 21
-106.266
  0
LINE
  8
0
 10
74.1963
 20
-106.266
 11
74.0439
 21
-106.156
  0
LINE
  8
0
 10
74.0439
 20
-106.156
 11
73.9065
 21
-106.027
  0
LINE
  8
0
 10
73.9065
 20
-106.027
 11
73.7865
 21
-105.882
  0
LINE
  8
0
 10
73.7865
 20
-105.882
 11
73.6855
 21
-105.723
  0
LINE
  8
0
 10
73.6855
 20
-105.723
 11
73.6053
 21
-105.552
  0
LINE
  8
0
 10
73.6053
 20
-105.552
 11
73.5471
 21
-105.373
  0
LINE
  8
0
 10
73.5471
 20
-105.373
 11
73.5118
 21
-105.188
  0
LINE
  8
0
 10
73.5118
 20
-105.188
 11
73.5
 21
-105
  0
LINE
  8
0
 10
73.5
 20
-105
 11
73.5118
 21
-104.812
  0
LINE
  8
0
 10
73.5118
 20
-104.812
 11
73.5471
 21
-104.627
  0
LINE
  8
0
 10
73.5471
 20
-104.627
 11
73.6053
 21
-104.448
  0
LINE
  8
0
 10
73.6053
 20
-104.448
 11
73.6855
 21
-104.277
  0
LINE
  8
0
 10
73.6855
 20
-104.277
 11
73.7865
 21
-104.118
  0
LINE
  8
0
 10
73.7865
 20
-104.118
 11
73.9065
 21
-103.973
  0
LINE
  8
0
 10
73.9065
 20
-103.973
 11
74.0439
 21
-103.844
  0
LINE
  8
0
 10
74.0439
 20
-103.844
 11
74.1963
 21
-103.734
  0
LINE
  8
0
 10
74.1963
 20
-103.734
 11
74.3613
 21
-103.643
  0
LINE
  8
0
 10
74.3613
 20
-103.643
 11
74.5365
 21
-103.573
  0
LINE
  8
0
 10
74.5365
 20
-103.573
 11
74.7189
 21
-103.527
  0
LINE
  8
0
 10
74.7189
 20
-103.527
 11
74.9058
 21
-103.503
  0
LINE
  8
0
 10
74.9058
 20
-103.503
 11
75.0942
 21
-103.503
  0
LINE
  8
0
 10
75.0942
 20
-103.503
 11
75.2811
 21
-103.527
  0
LINE
  8
0
 10
75.2811
 20
-103.527
 11
75.4635
 21
-103.573
  0
LINE
  8
0
 10
75.4635
 20
-103.573
 11
75.6387
 21
-103.643
  0
LINE
  8
0
 10
75.6387
 20
-103.643
 11
75.8037
 21
-103.734
  0
LINE
  8
0
 10
75.8037
 20
-103.734
 11
75.9561
 21
-103.844
  0
LINE
  8
0
 10
75.9561
 20
-103.844
 11
76.0934
 21
-103.973
  0
LINE
  8
0
 10
76.0934
 20
-103.973
 11
76.2135
 21
-104.118
  0
LINE
  8
0
 10
76.2135
 20
-104.118
 11
76.3145
 21
-104.277
  0
LINE
  8
0
 10
76.3145
 20
-104.277
 11
76.3947
 21
-104.448
  0
LINE
  8
0
 10
76.3947
 20
-104.448
 11
76.4529
 21
-104.627
  0
LINE
  8
0
 10
76.4529
 20
-104.627
 11
76.4882
 21
-104.812
  0
LINE
  8
0
 10
76.4882
 20
-104.812
 11
76.5
 21
-105
  0
LINE
  8
0
 10
76.5
 20
-105
 11
76.4882
 21
-105.188
  0
LINE
  8
0
 10
76.4882
 20
-105.188
 11
76.4529
 21
-105.373
  0
LINE
  8
0
 10
76.4529
 20
-105.373
 11
76.3947
 21
-105.552
  0
LINE
  8
0
 10
76.3947
 20
-105.552
 11
76.3145
 21
-105.723
  0
LINE
  8
0
 10
76.3145
 20
-105.723
 11
76.2135
 21
-105.882
  0
LINE
  8
0
 10
76.2135
 20
-105.882
 11
76.0934
 21
-106.027
  0
LINE
  8
0
 10
76.0934
 20
-106.027
 11
75.9561
 21
-106.156
  0
LINE
  8
0
 10
75.9561
 20
-106.156
 11
75.8037
 21
-106.266
  0
LINE
  8
0
 10
75.8037
 20
-106.266
 11
75.6387
 21
-106.357
  0
LINE
  8
0
 10
75.6387
 20
-106.357
 11
75.4635
 21
-106.427
  0
LINE
  8
0
 10
75.4635
 20
-106.427
 11
75.2811
 21
-106.473
  0
LINE
  8
0
 10
75.2811
 20
-106.473
 11
75.0942
 21
-106.497
  0
LINE
  8
0
 10
75.0942
 20
-106.497
 11
74.9058
 21
-106.497
  0
LINE
  8
0
 10
-60.0942
 20
-106.497
 11
-60.2811
 21
-106.473
  0
LINE
  8
0
 10
-60.2811
 20
-106.473
 11
-60.4635
 21
-106.427
  0
LINE
  8
0
 10
-60.4635
 20
-106.427
 11
-60.6387
 21
-106.357
  0
LINE
  8
0
 10
-60.6387
 20
-106.357
 11
-60.8037
 21
-106.266
  0
LINE
  8
0
 10
-60.8037
 20
-106.266
 11
-60.9561
 21
-106.156
  0
LINE
  8
0
 10
-60.9561
 20
-106.156
 11
-61.0934
 21
-106.027
  0
LINE
  8
0
 10
-61.0934
 20
-106.027
 11
-61.2135
 21
-105.882
  0
LINE
  8
0
 10
-61.2135
 20
-105.882
 11
-61.3145
 21
-105.723
  0
LINE
  8
0
 10
-61.3145
 20
-105.723
 11
-61.3947
 21
-105.552
  0
LINE
  8
0
 10
-61.3947
 20
-105.552
 11
-61.4529
 21
-105.373
  0
LINE
  8
0
 10
-61.4529
 20
-105.373
 11
-61.4882
 21
-105.188
  0
LINE
  8
0
 10
-61.4882
 20
-105.188
 11
-61.5
 21
-105
  0
LINE
  8
0
 10
-61.5
 20
-105
 11
-61.4882
 21
-104.812
  0
LINE
  8
0
 10
-61.4882
 20
-104.812
 11
-61.4529
 21
-104.627
  0
LINE
  8
0
 10
-61.4529
 20
-104.627
 11
-61.3947
 21
-104.448
  0
LINE
  8
0
 10
-61.3947
 20
-104.448
 11
-61.3145
 21
-104.277
  0
LINE
  8
0
 10
-61.3145
 20
-104.277
 11
-61.2135
 21
-104.118
  0
LINE
  8
0
 10
-61.2135
 20
-104.118
 11
-61.0934
 21
-103.973
  0
LINE
  8
0
 10
-61.0934
 20
-103.973
 11
-60.9561
 21
-103.844
  0
LINE
  8
0
 10
-60.9561
 20
-103.844
 11
-60.8037
 21
-103.734
  0
LINE
  8
0
 10
-60.8037
 20
-103.734
 11
-60.6387
 21
-103.643
  0
LINE
  8
0
 10
-60.6387
 20
-103.643
 11
-60.4635
 21
-103.573
  0
LINE
  8
0
 10
-60.4635
 20
-103.573
 11
-60.2811
 21
-103.527
  0
LINE
  8
0
 10
-60.2811
 20
-103.527
 11
-60.0942
 21
-103.503
  0
LINE
  8
0
 10
-60.0942
 20
-103.503
 11
-59.9058
 21
-103.503
  0
LINE
  8
0
 10
-59.9058
 20
-103.503
 11
-59.7189
 21
-103.527
  0
LINE
  8
0
 10
-59.7189
 20
-103.527
 11
-59.5365
 21
-103.573
  0
LINE
  8
0
 10
-59.5365
 20
-103.573
 11
-59.3613
 21
-103.643
  0
LINE
  8
0
 10
-59.3613
 20
-103.643
 11
-59.1963
 21
-103.734
  0
LINE
  8
0
 10
-59.1963
 20
-103.734
 11
-59.0439
 21
-103.844
  0
LINE
  8
0
 10
-59.0439
 20
-103.844
 11
-58.9065
 21
-103.973
  0
LINE
  8
0
 10
-58.9065
 20
-103.973
 11
-58.7865
 21
-104.118
  0
LINE
  8
0
 10
-58.7865
 20
-104.118
 11
-58.6855
 21
-104.277
  0
LINE
  8
0
 10
-58.6855
 20
-104.277
 11
-58.6053
 21
-104.448
  0
LINE
  8
0
 10
-58.6053
 20
-104.448
 11
-58.5471
 21
-104.627
  0
LINE
  8
0
 10
-58.5471
 20
-104.627
 11
-58.5118
 21
-104.812
  0
LINE
  8
0
 10
-58.5118
 20
-104.812
 11
-58.5
 21
-105
  0
LINE
  8
0
 10
-58.5
 20
-105
 11
-58.5118
 21
-105.188
  0
LINE
  8
0
 10
-58.5118
 20
-105.188
 11
-58.5471
 21
-105.373
  0
LINE
  8
0
 10
-58.5471
 20
-105.373
 11
-58.6053
 21
-105.552
  0
LINE
  8
0
 10
-58.6053
 20
-105.552
 11
-58.6855
 21
-105.723
  0
LINE
  8
0
 10
-58.6855
 20
-105.723
 11
-58.7865
 21
-105.882
  0
LINE
  8
0
 10
-58.7865
 20
-105.882
 11
-58.9065
 21
-106.027
  0
LINE
  8
0
 10
-58.9065
 20
-106.027
 11
-59.0439
 21
-106.156
  0
LINE
  8
0
 10
-59.0439
 20
-106.156
 11
-59.1963
 21
-106.266
  0
LINE
  8
0
 10
-59.1963
 20
-106.266
 11
-59.3613
 21
-106.357
  0
LINE
  8
0
 10
-59.3613
 20
-106.357
 11
-59.5365
 21
-106.427
  0
LINE
  8
0
 10
-59.5365
 20
-106.427
 11
-59.7189
 21
-106.473
  0
LINE
  8
0
 10
-59.7189
 20
-106.473
 11
-59.9058
 21
-106.497
  0
LINE
  8
0
 10
-59.9058
 20
-106.497
 11
-60.0942
 21
-106.497
  0
LINE
  8
0
 10
44.9058
 20
-106.497
 11
44.7189
 21
-106.473
  0
LINE
  8
0
 10
44.7189
 20
-106.473
 11
44.5365
 21
-106.427
  0
LINE
  8
0
 10
44.5365
 20
-106.427
 11
44.3613
 21
-106.357
  0
LINE
  8
0
 10
44.3613
 20
-106.357
 11
44.1963
 21
-106.266
  0
LINE
  8
0
 10
44.1963
 20
-106.266
 11
44.0439
 21
-106.156
  0
LINE
  8
0
 10
44.0439
 20
-106.156
 11
43.9065
 21
-106.027
  0
LINE
  8
0
 10
43.9065
 20
-106.027
 11
43.7865
 21
-105.882
  0
LINE
  8
0
 10
43.7865
 20
-105.882
 11
43.6855
 21
-105.723
  0
LINE
  8
0
 10
43.6855
 20
-105.723
 11
43.6053
 21
-105.552
  0
LINE
  8
0
 10
43.6053
 20
-105.552
 11
43.5471
 21
-105.373
  0
LINE
  8
0
 10
43.5471
 20
-105.373
 11
43.5118
 21
-105.188
  0
LINE
  8
0
 10
43.5118
 20
-105.188
 11
43.5
 21
-105
  0
LINE
  8
0
 10
43.5
 20
-105
 11
43.5118
 21
-104.812
  0
LINE
  8
0
 10
43.5118
 20
-104.812
 11
43.5471
 21
-104.627
  0
LINE
  8
0
 10
43.5471
 20
-104.627
 11
43.6053
 21
-104.448
  0
LINE
  8
0
 10
43.6053
 20
-104.448
 11
43.6855
 21
-104.277
  0
LINE
  8
0
 10
43.6855
 20
-104.277
 11
43.7865
 21
-104.118
  0
LINE
  8
0
 10
43.7865
 20
-104.118
 11
43.9065
 21
-103.973
  0
LINE
  8
0
 10
43.9065
 20
-103.973
 11
44.0439
 21
-103.844
  0
LINE
  8
0
 10
44.0439
 20
-103.844
 11
44.1963
 21
-103.734
  0
LINE
  8
0
 10
44.1963
 20
-103.734
 11
44.3613
 21
-103.643
  0
LINE
  8
0
 10
44.3613
 20
-103.643
 11
44.5365
 21
-103.573
  0
LINE
  8
0
 10
44.5365
 20
-103.573
 11
44.7189
 21
-103.527
  0
LINE
  8
0
 10
44.7189
 20
-103.527
 11
44.9058
 21
-103.503
  0
LINE
  8
0
 10
44.9058
 20
-103.503
 11
45.0942
 21
-103.503
  0
LINE
  8
0
 10
45.0942
 20
-103.503
 11
45.2811
 21
-103.527
  0
LINE
  8
0
 10
45.2811
 20
-103.527
 11
45.4635
 21
-103.573
  0
LINE
  8
0
 10
45.4635
 20
-103.573
 11
45.6387
 21
-103.643
  0
LINE
  8
0
 10
45.6387
 20
-103.643
 11
45.8037
 21
-103.734
  0
LINE
  8
0
 10
45.8037
 20
-103.734
 11
45.9561
 21
-103.844
  0
LINE
  8
0
 10
45.9561
 20
-103.844
 11
46.0934
 21
-103.973
  0
LINE
  8
0
 10
46.0934
 20
-103.973
 11
46.2135
 21
-104.118
  0
LINE
  8
0
 10
46.2135
 20
-104.118
 11
46.3145
 21
-104.277
  0
LINE
  8
0
 10
46.3145
 20
-104.277
 11
46.3947
 21
-104.448
  0
LINE
  8
0
 10
46.3947
 20
-104.448
 11
46.4529
 21
-104.627
  0
LINE
  8
0
 10
46.4529
 20
-104.627
 11
46.4882
 21
-104.812
  0
LINE
  8
0
 10
46.4882
 20
-104.812
 11
46.5
 21
-105
  0
LINE
  8
0
 10
46.5
 20
-105
 11
46.4882
 21
-105.188
  0
LINE
  8
0
 10
46.4882
 20
-105.188
 11
46.4529
 21
-105.373
  0
LINE
  8
0
 10
46.4529
 20
-105.373
 11
46.3947
 21
-105.552
  0
LINE
  8
0
 10
46.3947
 20
-105.552
 11
46.3145
 21
-105.723
  0
LINE
  8
0
 10
46.3145
 20
-105.723
 11
46.2135
 21
-105.882
  0
LINE
  8
0
 10
46.2135
 20
-105.882
 11
46.0934
 21
-106.027
  0
LINE
  8
0
 10
46.0934
 20
-106.027
 11
45.9561
 21
-106.156
  0
LINE
  8
0
 10
45.9561
 20
-106.156
 11
45.8037
 21
-106.266
  0
LINE
  8
0
 10
45.8037
 20
-106.266
 11
45.6387
 21
-106.357
  0
LINE
  8
0
 10
45.6387
 20
-106.357
 11
45.4635
 21
-106.427
  0
LINE
  8
0
 10
45.4635
 20
-106.427
 11
45.2811
 21
-106.473
  0
LINE
  8
0
 10
45.2811
 20
-106.473
 11
45.0942
 21
-106.497
  0
LINE
  8
0
 10
45.0942
 20
-106.497
 11
44.9058
 21
-106.497
  0
LINE
  8
0
 10
-45.0942
 20
-106.497
 11
-45.2811
 21
-106.473
  0
LINE
  8
0
 10
-45.2811
 20
-106.473
 11
-45.4635
 21
-106.427
  0
LINE
  8
0
 10
-45.4635
 20
-106.427
 11
-45.6387
 21
-106.357
  0
LINE
  8
0
 10
-45.6387
 20
-106.357
 11
-45.8037
 21
-106.266
  0
LINE
  8
0
 10
-45.8037
 20
-106.266
 11
-45.9561
 21
-106.156
  0
LINE
  8
0
 10
-45.9561
 20
-106.156
 11
-46.0934
 21
-106.027
  0
LINE
  8
0
 10
-46.0934
 20
-106.027
 11
-46.2135
 21
-105.882
  0
LINE
  8
0
 10
-46.2135
 20
-105.882
 11
-46.3145
 21
-105.723
  0
LINE
  8
0
 10
-46.3145
 20
-105.723
 11
-46.3947
 21
-105.552
  0
LINE
  8
0
 10
-46.3947
 20
-105.552
 11
-46.4529
 21
-105.373
  0
LINE
  8
0
 10
-46.4529
 20
-105.373
 11
-46.4882
 21
-105.188
  0
LINE
  8
0
 10
-46.4882
 20
-105.188
 11
-46.5
 21
-105
  0
LINE
  8
0
 10
-46.5
 20
-105
 11
-46.4882
 21
-104.812
  0
LINE
  8
0
 10
-46.4882
 20
-104.812
 11
-46.4529
 21
-104.627
  0
LINE
  8
0
 10
-46.4529
 20
-104.627
 11
-46.3947
 21
-104.448
  0
LINE
  8
0
 10
-46.3947
 20
-104.448
 11
-46.3145
 21
-104.277
  0
LINE
  8
0
 10
-46.3145
 20
-104.277
 11
-46.2135
 21
-104.118
  0
LINE
  8
0
 10
-46.2135
 20
-104.118
 11
-46.0934
 21
-103.973
  0
LINE
  8
0
 10
-46.0934
 20
-103.973
 11
-45.9561
 21
-103.844
  0
LINE
  8
0
 10
-45.9561
 20
-103.844
 11
-45.8037
 21
-103.734
  0
LINE
  8
0
 10
-45.8037
 20
-103.734
 11
-45.6387
 21
-103.643
  0
LINE
  8
0
 10
-45.6387
 20
-103.643
 11
-45.4635
 21
-103.573
  0
LINE
  8
0
 10
-45.4635
 20
-103.573
 11
-45.2811
 21
-103.527
  0
LINE
  8
0
 10
-45.2811
 20
-103.527
 11
-45.0942
 21
-103.503
  0
LINE
  8
0
 10
-45.0942
 20
-103.503
 11
-44.9058
 21
-103.503
  0
LINE
  8
0
 10
-44.9058
 20
-103.503
 11
-44.7189
 21
-103.527
  0
LINE
  8
0
 10
-44.7189
 20
-103.527
 11
-44.5365
 21
-103.573
  0
LINE
  8
0
 10
-44.5365
 20
-103.573
 11
-44.3613
 21
-103.643
  0
LINE
  8
0
 10
-44.3613
 20
-103.643
 11
-44.1963
 21
-103.734
  0
LINE
  8
0
 10
-44.1963
 20
-103.734
 11
-44.0439
 21
-103.844
  0
LINE
  8
0
 10
-44.0439
 20
-103.844
 11
-43.9065
 21
-103.973
  0
LINE
  8
0
 10
-43.9065
 20
-103.973
 11
-43.7865
 21
-104.118
  0
LINE
  8
0
 10
-43.7865
 20
-104.118
 11
-43.6855
 21
-104.277
  0
LINE
  8
0
 10
-43.6855
 20
-104.277
 11
-43.6053
 21
-104.448
  0
LINE
  8
0
 10
-43.6053
 20
-104.448
 11
-43.5471
 21
-104.627
  0
LINE
  8
0
 10
-43.5471
 20
-104.627
 11
-43.5118
 21
-104.812
  0
LINE
  8
0
 10
-43.5118
 20
-104.812
 11
-43.5
 21
-105
  0
LINE
  8
0
 10
-43.5
 20
-105
 11
-43.5118
 21
-105.188
  0
LINE
  8
0
 10
-43.5118
 20
-105.188
 11
-43.5471
 21
-105.373
  0
LINE
  8
0
 10
-43.5471
 20
-105.373
 11
-43.6053
 21
-105.552
  0
LINE
  8
0
 10
-43.6053
 20
-105.552
 11
-43.6855
 21
-105.723
  0
LINE
  8
0
 10
-43.6855
 20
-105.723
 11
-43.7865
 21
-105.882
  0
LINE
  8
0
 10
-43.7865
 20
-105.882
 11
-43.9065
 21
-106.027
  0
LINE
  8
0
 10
-43.9065
 20
-106.027
 11
-44.0439
 21
-106.156
  0
LINE
  8
0
 10
-44.0439
 20
-106.156
 11
-44.1963
 21
-106.266
  0
LINE
  8
0
 10
-44.1963
 20
-106.266
 11
-44.3613
 21
-106.357
  0
LINE
  8
0
 10
-44.3613
 20
-106.357
 11
-44.5365
 21
-106.427
  0
LINE
  8
0
 10
-44.5365
 20
-106.427
 11
-44.7189
 21
-106.473
  0
LINE
  8
0
 10
-44.7189
 20
-106.473
 11
-44.9058
 21
-106.497
  0
LINE
  8
0
 10
-44.9058
 20
-106.497
 11
-45.0942
 21
-106.497
  0
LINE
  8
0
 10
59.9058
 20
-106.497
 11
59.7189
 21
-106.473
  0
LINE
  8
0
 10
59.7189
 20
-106.473
 11
59.5365
 21
-106.427
  0
LINE
  8
0
 10
59.5365
 20
-106.427
 11
59.3613
 21
-106.357
  0
LINE
  8
0
 10
59.3613
 20
-106.357
 11
59.1963
 21
-106.266
  0
LINE
  8
0
 10
59.1963
 20
-106.266
 11
59.0439
 21
-106.156
  0
LINE
  8
0
 10
59.0439
 20
-106.156
 11
58.9065
 21
-106.027
  0
LINE
  8
0
 10
58.9065
 20
-106.027
 11
58.7865
 21
-105.882
  0
LINE
  8
0
 10
58.7865
 20
-105.882
 11
58.6855
 21
-105.723
  0
LINE
  8
0
 10
58.6855
 20
-105.723
 11
58.6053
 21
-105.552
  0
LINE
  8
0
 10
58.6053
 20
-105.552
 11
58.5471
 21
-105.373
  0
LINE
  8
0
 10
58.5471
 20
-105.373
 11
58.5118
 21
-105.188
  0
LINE
  8
0
 10
58.5118
 20
-105.188
 11
58.5
 21
-105
  0
LINE
  8
0
 10
58.5
 20
-105
 11
58.5118
 21
-104.812
  0
LINE
  8
0
 10
58.5118
 20
-104.812
 11
58.5471
 21
-104.627
  0
LINE
  8
0
 10
58.5471
 20
-104.627
 11
58.6053
 21
-104.448
  0
LINE
  8
0
 10
58.6053
 20
-104.448
 11
58.6855
 21
-104.277
  0
LINE
  8
0
 10
58.6855
 20
-104.277
 11
58.7865
 21
-104.118
  0
LINE
  8
0
 10
58.7865
 20
-104.118
 11
58.9065
 21
-103.973
  0
LINE
  8
0
 10
58.9065
 20
-103.973
 11
59.0439
 21
-103.844
  0
LINE
  8
0
 10
59.0439
 20
-103.844
 11
59.1963
 21
-103.734
  0
LINE
  8
0
 10
59.1963
 20
-103.734
 11
59.3613
 21
-103.643
  0
LINE
  8
0
 10
59.3613
 20
-103.643
 11
59.5365
 21
-103.573
  0
LINE
  8
0
 10
59.5365
 20
-103.573
 11
59.7189
 21
-103.527
  0
LINE
  8
0
 10
59.7189
 20
-103.527
 11
59.9058
 21
-103.503
  0
LINE
  8
0
 10
59.9058
 20
-103.503
 11
60.0942
 21
-103.503
  0
LINE
  8
0
 10
60.0942
 20
-103.503
 11
60.2811
 21
-103.527
  0
LINE
  8
0
 10
60.2811
 20
-103.527
 11
60.4635
 21
-103.573
  0
LINE
  8
0
 10
60.4635
 20
-103.573
 11
60.6387
 21
-103.643
  0
LINE
  8
0
 10
60.6387
 20
-103.643
 11
60.8037
 21
-103.734
  0
LINE
  8
0
 10
60.8037
 20
-103.734
 11
60.9561
 21
-103.844
  0
LINE
  8
0
 10
60.9561
 20
-103.844
 11
61.0934
 21
-103.973
  0
LINE
  8
0
 10
61.0934
 20
-103.973
 11
61.2135
 21
-104.118
  0
LINE
  8
0
 10
61.2135
 20
-104.118
 11
61.3145
 21
-104.277
  0
LINE
  8
0
 10
61.3145
 20
-104.277
 11
61.3947
 21
-104.448
  0
LINE
  8
0
 10
61.3947
 20
-104.448
 11
61.4529
 21
-104.627
  0
LINE
  8
0
 10
61.4529
 20
-104.627
 11
61.4882
 21
-104.812
  0
LINE
  8
0
 10
61.4882
 20
-104.812
 11
61.5
 21
-105
  0
LINE
  8
0
 10
61.5
 20
-105
 11
61.4882
 21
-105.188
  0
LINE
  8
0
 10
61.4882
 20
-105.188
 11
61.4529
 21
-105.373
  0
LINE
  8
0
 10
61.4529
 20
-105.373
 11
61.3947
 21
-105.552
  0
LINE
  8
0
 10
61.3947
 20
-105.552
 11
61.3145
 21
-105.723
  0
LINE
  8
0
 10
61.3145
 20
-105.723
 11
61.2135
 21
-105.882
  0
LINE
  8
0
 10
61.2135
 20
-105.882
 11
61.0934
 21
-106.027
  0
LINE
  8
0
 10
61.0934
 20
-106.027
 11
60.9561
 21
-106.156
  0
LINE
  8
0
 10
60.9561
 20
-106.156
 11
60.8037
 21
-106.266
  0
LINE
  8
0
 10
60.8037
 20
-106.266
 11
60.6387
 21
-106.357
  0
LINE
  8
0
 10
60.6387
 20
-106.357
 11
60.4635
 21
-106.427
  0
LINE
  8
0
 10
60.4635
 20
-106.427
 11
60.2811
 21
-106.473
  0
LINE
  8
0
 10
60.2811
 20
-106.473
 11
60.0942
 21
-106.497
  0
LINE
  8
0
 10
60.0942
 20
-106.497
 11
59.9058
 21
-106.497
  0
LINE
  8
0
 10
89.9058
 20
-106.497
 11
89.7189
 21
-106.473
  0
LINE
  8
0
 10
89.7189
 20
-106.473
 11
89.5365
 21
-106.427
  0
LINE
  8
0
 10
89.5365
 20
-106.427
 11
89.3613
 21
-106.357
  0
LINE
  8
0
 10
89.3613
 20
-106.357
 11
89.1963
 21
-106.266
  0
LINE
  8
0
 10
89.1963
 20
-106.266
 11
89.0439
 21
-106.156
  0
LINE
  8
0
 10
89.0439
 20
-106.156
 11
88.9065
 21
-106.027
  0
LINE
  8
0
 10
88.9065
 20
-106.027
 11
88.7865
 21
-105.882
  0
LINE
  8
0
 10
88.7865
 20
-105.882
 11
88.6855
 21
-105.723
  0
LINE
  8
0
 10
88.6855
 20
-105.723
 11
88.6053
 21
-105.552
  0
LINE
  8
0
 10
88.6053
 20
-105.552
 11
88.5471
 21
-105.373
  0
LINE
  8
0
 10
88.5471
 20
-105.373
 11
88.5118
 21
-105.188
  0
LINE
  8
0
 10
88.5118
 20
-105.188
 11
88.5
 21
-105
  0
LINE
  8
0
 10
88.5
 20
-105
 11
88.5118
 21
-104.812
  0
LINE
  8
0
 10
88.5118
 20
-104.812
 11
88.5471
 21
-104.627
  0
LINE
  8
0
 10
88.5471
 20
-104.627
 11
88.6053
 21
-104.448
  0
LINE
  8
0
 10
88.6053
 20
-104.448
 11
88.6855
 21
-104.277
  0
LINE
  8
0
 10
88.6855
 20
-104.277
 11
88.7865
 21
-104.118
  0
LINE
  8
0
 10
88.7865
 20
-104.118
 11
88.9065
 21
-103.973
  0
LINE
  8
0
 10
88.9065
 20
-103.973
 11
89.0439
 21
-103.844
  0
LINE
  8
0
 10
89.0439
 20
-103.844
 11
89.1963
 21
-103.734
  0
LINE
  8
0
 10
89.1963
 20
-103.734
 11
89.3613
 21
-103.643
  0
LINE
  8
0
 10
89.3613
 20
-103.643
 11
89.5365
 21
-103.573
  0
LINE
  8
0
 10
89.5365
 20
-103.573
 11
89.7189
 21
-103.527
  0
LINE
  8
0
 10
89.7189
 20
-103.527
 11
89.9058
 21
-103.503
  0
LINE
  8
0
 10
89.9058
 20
-103.503
 11
90.0942
 21
-103.503
  0
LINE
  8
0
 10
90.0942
 20
-103.503
 11
90.2811
 21
-103.527
  0
LINE
  8
0
 10
90.2811
 20
-103.527
 11
90.4635
 21
-103.573
  0
LINE
  8
0
 10
90.4635
 20
-103.573
 11
90.6387
 21
-103.643
  0
LINE
  8
0
 10
90.6387
 20
-103.643
 11
90.8037
 21
-103.734
  0
LINE
  8
0
 10
90.8037
 20
-103.734
 11
90.9561
 21
-103.844
  0
LINE
  8
0
 10
90.9561
 20
-103.844
 11
91.0934
 21
-103.973
  0
LINE
  8
0
 10
91.0934
 20
-103.973
 11
91.2135
 21
-104.118
  0
LINE
  8
0
 10
91.2135
 20
-104.118
 11
91.3145
 21
-104.277
  0
LINE
  8
0
 10
91.3145
 20
-104.277
 11
91.3947
 21
-104.448
  0
LINE
  8
0
 10
91.3947
 20
-104.448
 11
91.4529
 21
-104.627
  0
LINE
  8
0
 10
91.4529
 20
-104.627
 11
91.4882
 21
-104.812
  0
LINE
  8
0
 10
91.4882
 20
-104.812
 11
91.5
 21
-105
  0
LINE
  8
0
 10
91.5
 20
-105
 11
91.4882
 21
-105.188
  0
LINE
  8
0
 10
91.4882
 20
-105.188
 11
91.4529
 21
-105.373
  0
LINE
  8
0
 10
91.4529
 20
-105.373
 11
91.3947
 21
-105.552
  0
LINE
  8
0
 10
91.3947
 20
-105.552
 11
91.3145
 21
-105.723
  0
LINE
  8
0
 10
91.3145
 20
-105.723
 11
91.2135
 21
-105.882
  0
LINE
  8
0
 10
91.2135
 20
-105.882
 11
91.0934
 21
-106.027
  0
LINE
  8
0
 10
91.0934
 20
-106.027
 11
90.9561
 21
-106.156
  0
LINE
  8
0
 10
90.9561
 20
-106.156
 11
90.8037
 21
-106.266
  0
LINE
  8
0
 10
90.8037
 20
-106.266
 11
90.6387
 21
-106.357
  0
LINE
  8
0
 10
90.6387
 20
-106.357
 11
90.4635
 21
-106.427
  0
LINE
  8
0
 10
90.4635
 20
-106.427
 11
90.2811
 21
-106.473
  0
LINE
  8
0
 10
90.2811
 20
-106.473
 11
90.0942
 21
-106.497
  0
LINE
  8
0
 10
90.0942
 20
-106.497
 11
89.9058
 21
-106.497
  0
LINE
  8
0
 10
-15.0942
 20
-106.497
 11
-15.2811
 21
-106.473
  0
LINE
  8
0
 10
-15.2811
 20
-106.473
 11
-15.4635
 21
-106.427
  0
LINE
  8
0
 10
-15.4635
 20
-106.427
 11
-15.6387
 21
-106.357
  0
LINE
  8
0
 10
-15.6387
 20
-106.357
 11
-15.8037
 21
-106.266
  0
LINE
  8
0
 10
-15.8037
 20
-106.266
 11
-15.9561
 21
-106.156
  0
LINE
  8
0
 10
-15.9561
 20
-106.156
 11
-16.0934
 21
-106.027
  0
LINE
  8
0
 10
-16.0934
 20
-106.027
 11
-16.2135
 21
-105.882
  0
LINE
  8
0
 10
-16.2135
 20
-105.882
 11
-16.3145
 21
-105.723
  0
LINE
  8
0
 10
-16.3145
 20
-105.723
 11
-16.3947
 21
-105.552
  0
LINE
  8
0
 10
-16.3947
 20
-105.552
 11
-16.4529
 21
-105.373
  0
LINE
  8
0
 10
-16.4529
 20
-105.373
 11
-16.4882
 21
-105.188
  0
LINE
  8
0
 10
-16.4882
 20
-105.188
 11
-16.5
 21
-105
  0
LINE
  8
0
 10
-16.5
 20
-105
 11
-16.4882
 21
-104.812
  0
LINE
  8
0
 10
-16.4882
 20
-104.812
 11
-16.4529
 21
-104.627
  0
LINE
  8
0
 10
-16.4529
 20
-104.627
 11
-16.3947
 21
-104.448
  0
LINE
  8
0
 10
-16.3947
 20
-104.448
 11
-16.3145
 21
-104.277
  0
LINE
  8
0
 10
-16.3145
 20
-104.277
 11
-16.2135
 21
-104.118
  0
LINE
  8
0
 10
-16.2135
 20
-104.118
 11
-16.0934
 21
-103.973
  0
LINE
  8
0
 10
-16.0934
 20
-103.973
 11
-15.9561
 21
-103.844
  0
LINE
  8
0
 10
-15.9561
 20
-103.844
 11
-15.8037
 21
-103.734
  0
LINE
  8
0
 10
-15.8037
 20
-103.734
 11
-15.6387
 21
-103.643
  0
LINE
  8
0
 10
-15.6387
 20
-103.643
 11
-15.4635
 21
-103.573
  0
LINE
  8
0
 10
-15.4635
 20
-103.573
 11
-15.2811
 21
-103.527
  0
LINE
  8
0
 10
-15.2811
 20
-103.527
 11
-15.0942
 21
-103.503
  0
LINE
  8
0
 10
-15.0942
 20
-103.503
 11
-14.9058
 21
-103.503
  0
LINE
  8
0
 10
-14.9058
 20
-103.503
 11
-14.7189
 21
-103.527
  0
LINE
  8
0
 10
-14.7189
 20
-103.527
 11
-14.5365
 21
-103.573
  0
LINE
  8
0
 10
-14.5365
 20
-103.573
 11
-14.3613
 21
-103.643
  0
LINE
  8
0
 10
-14.3613
 20
-103.643
 11
-14.1963
 21
-103.734
  0
LINE
  8
0
 10
-14.1963
 20
-103.734
 11
-14.0439
 21
-103.844
  0
LINE
  8
0
 10
-14.0439
 20
-103.844
 11
-13.9065
 21
-103.973
  0
LINE
  8
0
 10
-13.9065
 20
-103.973
 11
-13.7865
 21
-104.118
  0
LINE
  8
0
 10
-13.7865
 20
-104.118
 11
-13.6855
 21
-104.277
  0
LINE
  8
0
 10
-13.6855
 20
-104.277
 11
-13.6053
 21
-104.448
  0
LINE
  8
0
 10
-13.6053
 20
-104.448
 11
-13.5471
 21
-104.627
  0
LINE
  8
0
 10
-13.5471
 20
-104.627
 11
-13.5118
 21
-104.812
  0
LINE
  8
0
 10
-13.5118
 20
-104.812
 11
-13.5
 21
-105
  0
LINE
  8
0
 10
-13.5
 20
-105
 11
-13.5118
 21
-105.188
  0
LINE
  8
0
 10
-13.5118
 20
-105.188
 11
-13.5471
 21
-105.373
  0
LINE
  8
0
 10
-13.5471
 20
-105.373
 11
-13.6053
 21
-105.552
  0
LINE
  8
0
 10
-13.6053
 20
-105.552
 11
-13.6855
 21
-105.723
  0
LINE
  8
0
 10
-13.6855
 20
-105.723
 11
-13.7865
 21
-105.882
  0
LINE
  8
0
 10
-13.7865
 20
-105.882
 11
-13.9065
 21
-106.027
  0
LINE
  8
0
 10
-13.9065
 20
-106.027
 11
-14.0439
 21
-106.156
  0
LINE
  8
0
 10
-14.0439
 20
-106.156
 11
-14.1963
 21
-106.266
  0
LINE
  8
0
 10
-14.1963
 20
-106.266
 11
-14.3613
 21
-106.357
  0
LINE
  8
0
 10
-14.3613
 20
-106.357
 11
-14.5365
 21
-106.427
  0
LINE
  8
0
 10
-14.5365
 20
-106.427
 11
-14.7189
 21
-106.473
  0
LINE
  8
0
 10
-14.7189
 20
-106.473
 11
-14.9058
 21
-106.497
  0
LINE
  8
0
 10
-14.9058
 20
-106.497
 11
-15.0942
 21
-106.497
  0
LINE
  8
0
 10
-75.0942
 20
-106.497
 11
-75.2811
 21
-106.473
  0
LINE
  8
0
 10
-75.2811
 20
-106.473
 11
-75.4635
 21
-106.427
  0
LINE
  8
0
 10
-75.4635
 20
-106.427
 11
-75.6387
 21
-106.357
  0
LINE
  8
0
 10
-75.6387
 20
-106.357
 11
-75.8037
 21
-106.266
  0
LINE
  8
0
 10
-75.8037
 20
-106.266
 11
-75.9561
 21
-106.156
  0
LINE
  8
0
 10
-75.9561
 20
-106.156
 11
-76.0934
 21
-106.027
  0
LINE
  8
0
 10
-76.0934
 20
-106.027
 11
-76.2135
 21
-105.882
  0
LINE
  8
0
 10
-76.2135
 20
-105.882
 11
-76.3145
 21
-105.723
  0
LINE
  8
0
 10
-76.3145
 20
-105.723
 11
-76.3947
 21
-105.552
  0
LINE
  8
0
 10
-76.3947
 20
-105.552
 11
-76.4529
 21
-105.373
  0
LINE
  8
0
 10
-76.4529
 20
-105.373
 11
-76.4882
 21
-105.188
  0
LINE
  8
0
 10
-76.4882
 20
-105.188
 11
-76.5
 21
-105
  0
LINE
  8
0
 10
-76.5
 20
-105
 11
-76.4882
 21
-104.812
  0
LINE
  8
0
 10
-76.4882
 20
-104.812
 11
-76.4529
 21
-104.627
  0
LINE
  8
0
 10
-76.4529
 20
-104.627
 11
-76.3947
 21
-104.448
  0
LINE
  8
0
 10
-76.3947
 20
-104.448
 11
-76.3145
 21
-104.277
  0
LINE
  8
0
 10
-76.3145
 20
-104.277
 11
-76.2135
 21
-104.118
  0
LINE
  8
0
 10
-76.2135
 20
-104.118
 11
-76.0934
 21
-103.973
  0
LINE
  8
0
 10
-76.0934
 20
-103.973
 11
-75.9561
 21
-103.844
  0
LINE
  8
0
 10
-75.9561
 20
-103.844
 11
-75.8037
 21
-103.734
  0
LINE
  8
0
 10
-75.8037
 20
-103.734
 11
-75.6387
 21
-103.643
  0
LINE
  8
0
 10
-75.6387
 20
-103.643
 11
-75.4635
 21
-103.573
  0
LINE
  8
0
 10
-75.4635
 20
-103.573
 11
-75.2811
 21
-103.527
  0
LINE
  8
0
 10
-75.2811
 20
-103.527
 11
-75.0942
 21
-103.503
  0
LINE
  8
0
 10
-75.0942
 20
-103.503
 11
-74.9058
 21
-103.503
  0
LINE
  8
0
 10
-74.9058
 20
-103.503
 11
-74.7189
 21
-103.527
  0
LINE
  8
0
 10
-74.7189
 20
-103.527
 11
-74.5365
 21
-103.573
  0
LINE
  8
0
 10
-74.5365
 20
-103.573
 11
-74.3613
 21
-103.643
  0
LINE
  8
0
 10
-74.3613
 20
-103.643
 11
-74.1963
 21
-103.734
  0
LINE
  8
0
 10
-74.1963
 20
-103.734
 11
-74.0439
 21
-103.844
  0
LINE
  8
0
 10
-74.0439
 20
-103.844
 11
-73.9065
 21
-103.973
  0
LINE
  8
0
 10
-73.9065
 20
-103.973
 11
-73.7865
 21
-104.118
  0
LINE
  8
0
 10
-73.7865
 20
-104.118
 11
-73.6855
 21
-104.277
  0
LINE
  8
0
 10
-73.6855
 20
-104.277
 11
-73.6053
 21
-104.448
  0
LINE
  8
0
 10
-73.6053
 20
-104.448
 11
-73.5471
 21
-104.627
  0
LINE
  8
0
 10
-73.5471
 20
-104.627
 11
-73.5118
 21
-104.812
  0
LINE
  8
0
 10
-73.5118
 20
-104.812
 11
-73.5
 21
-105
  0
LINE
  8
0
 10
-73.5
 20
-105
 11
-73.5118
 21
-105.188
  0
LINE
  8
0
 10
-73.5118
 20
-105.188
 11
-73.5471
 21
-105.373
  0
LINE
  8
0
 10
-73.5471
 20
-105.373
 11
-73.6053
 21
-105.552
  0
LINE
  8
0
 10
-73.6053
 20
-105.552
 11
-73.6855
 21
-105.723
  0
LINE
  8
0
 10
-73.6855
 20
-105.723
 11
-73.7865
 21
-105.882
  0
LINE
  8
0
 10
-73.7865
 20
-105.882
 11
-73.9065
 21
-106.027
  0
LINE
  8
0
 10
-73.9065
 20
-106.027
 11
-74.0439
 21
-106.156
  0
LINE
  8
0
 10
-74.0439
 20
-106.156
 11
-74.1963
 21
-106.266
  0
LINE
  8
0
 10
-74.1963
 20
-106.266
 11
-74.3613
 21
-106.357
  0
LINE
  8
0
 10
-74.3613
 20
-106.357
 11
-74.5365
 21
-106.427
  0
LINE
  8
0
 10
-74.5365
 20
-106.427
 11
-74.7189
 21
-106.473
  0
LINE
  8
0
 10
-74.7189
 20
-106.473
 11
-74.9058
 21
-106.497
  0
LINE
  8
0
 10
-74.9058
 20
-106.497
 11
-75.0942
 21
-106.497
  0
LINE
  8
0
 10
-30.0942
 20
-106.497
 11
-30.2811
 21
-106.473
  0
LINE
  8
0
 10
-30.2811
 20
-106.473
 11
-30.4635
 21
-106.427
  0
LINE
  8
0
 10
-30.4635
 20
-106.427
 11
-30.6387
 21
-106.357
  0
LINE
  8
0
 10
-30.6387
 20
-106.357
 11
-30.8037
 21
-106.266
  0
LINE
  8
0
 10
-30.8037
 20
-106.266
 11
-30.9561
 21
-106.156
  0
LINE
  8
0
 10
-30.9561
 20
-106.156
 11
-31.0934
 21
-106.027
  0
LINE
  8
0
 10
-31.0934
 20
-106.027
 11
-31.2135
 21
-105.882
  0
LINE
  8
0
 10
-31.2135
 20
-105.882
 11
-31.3145
 21
-105.723
  0
LINE
  8
0
 10
-31.3145
 20
-105.723
 11
-31.3947
 21
-105.552
  0
LINE
  8
0
 10
-31.3947
 20
-105.552
 11
-31.4529
 21
-105.373
  0
LINE
  8
0
 10
-31.4529
 20
-105.373
 11
-31.4882
 21
-105.188
  0
LINE
  8
0
 10
-31.4882
 20
-105.188
 11
-31.5
 21
-105
  0
LINE
  8
0
 10
-31.5
 20
-105
 11
-31.4882
 21
-104.812
  0
LINE
  8
0
 10
-31.4882
 20
-104.812
 11
-31.4529
 21
-104.627
  0
LINE
  8
0
 10
-31.4529
 20
-104.627
 11
-31.3947
 21
-104.448
  0
LINE
  8
0
 10
-31.3947
 20
-104.448
 11
-31.3145
 21
-104.277
  0
LINE
  8
0
 10
-31.3145
 20
-104.277
 11
-31.2135
 21
-104.118
  0
LINE
  8
0
 10
-31.2135
 20
-104.118
 11
-31.0934
 21
-103.973
  0
LINE
  8
0
 10
-31.0934
 20
-103.973
 11
-30.9561
 21
-103.844
  0
LINE
  8
0
 10
-30.9561
 20
-103.844
 11
-30.8037
 21
-103.734
  0
LINE
  8
0
 10
-30.8037
 20
-103.734
 11
-30.6387
 21
-103.643
  0
LINE
  8
0
 10
-30.6387
 20
-103.643
 11
-30.4635
 21
-103.573
  0
LINE
  8
0
 10
-30.4635
 20
-103.573
 11
-30.2811
 21
-103.527
  0
LINE
  8
0
 10
-30.2811
 20
-103.527
 11
-30.0942
 21
-103.503
  0
LINE
  8
0
 10
-30.0942
 20
-103.503
 11
-29.9058
 21
-103.503
  0
LINE
  8
0
 10
-29.9058
 20
-103.503
 11
-29.7189
 21
-103.527
  0
LINE
  8
0
 10
-29.7189
 20
-103.527
 11
-29.5365
 21
-103.573
  0
LINE
  8
0
 10
-29.5365
 20
-103.573
 11
-29.3613
 21
-103.643
  0
LINE
  8
0
 10
-29.3613
 20
-103.643
 11
-29.1963
 21
-103.734
  0
LINE
  8
0
 10
-29.1963
 20
-103.734
 11
-29.0439
 21
-103.844
  0
LINE
  8
0
 10
-29.0439
 20
-103.844
 11
-28.9065
 21
-103.973
  0
LINE
  8
0
 10
-28.9065
 20
-103.973
 11
-28.7865
 21
-104.118
  0
LINE
  8
0
 10
-28.7865
 20
-104.118
 11
-28.6855
 21
-104.277
  0
LINE
  8
0
 10
-28.6855
 20
-104.277
 11
-28.6053
 21
-104.448
  0
LINE
  8
0
 10
-28.6053
 20
-104.448
 11
-28.5471
 21
-104.627
  0
LINE
  8
0
 10
-28.5471
 20
-104.627
 11
-28.5118
 21
-104.812
  0
LINE
  8
0
 10
-28.5118
 20
-104.812
 11
-28.5
 21
-105
  0
LINE
  8
0
 10
-28.5
 20
-105
 11
-28.5118
 21
-105.188
  0
LINE
  8
0
 10
-28.5118
 20
-105.188
 11
-28.5471
 21
-105.373
  0
LINE
  8
0
 10
-28.5471
 20
-105.373
 11
-28.6053
 21
-105.552
  0
LINE
  8
0
 10
-28.6053
 20
-105.552
 11
-28.6855
 21
-105.723
  0
LINE
  8
0
 10
-28.6855
 20
-105.723
 11
-28.7865
 21
-105.882
  0
LINE
  8
0
 10
-28.7865
 20
-105.882
 11
-28.9065
 21
-106.027
  0
LINE
  8
0
 10
-28.9065
 20
-106.027
 11
-29.0439
 21
-106.156
  0
LINE
  8
0
 10
-29.0439
 20
-106.156
 11
-29.1963
 21
-106.266
  0
LINE
  8
0
 10
-29.1963
 20
-106.266
 11
-29.3613
 21
-106.357
  0
LINE
  8
0
 10
-29.3613
 20
-106.357
 11
-29.5365
 21
-106.427
  0
LINE
  8
0
 10
-29.5365
 20
-106.427
 11
-29.7189
 21
-106.473
  0
LINE
  8
0
 10
-29.7189
 20
-106.473
 11
-29.9058
 21
-106.497
  0
LINE
  8
0
 10
-29.9058
 20
-106.497
 11
-30.0942
 21
-106.497
  0
LINE
  8
0
 10
-105.094
 20
-106.497
 11
-105.281
 21
-106.473
  0
LINE
  8
0
 10
-105.281
 20
-106.473
 11
-105.464
 21
-106.427
  0
LINE
  8
0
 10
-105.464
 20
-106.427
 11
-105.639
 21
-106.357
  0
LINE
  8
0
 10
-105.639
 20
-106.357
 11
-105.804
 21
-106.266
  0
LINE
  8
0
 10
-105.804
 20
-106.266
 11
-105.956
 21
-106.156
  0
LINE
  8
0
 10
-105.956
 20
-106.156
 11
-106.093
 21
-106.027
  0
LINE
  8
0
 10
-106.093
 20
-106.027
 11
-106.214
 21
-105.882
  0
LINE
  8
0
 10
-106.214
 20
-105.882
 11
-106.314
 21
-105.723
  0
LINE
  8
0
 10
-106.314
 20
-105.723
 11
-106.395
 21
-105.552
  0
LINE
  8
0
 10
-106.395
 20
-105.552
 11
-106.453
 21
-105.373
  0
LINE
  8
0
 10
-106.453
 20
-105.373
 11
-106.488
 21
-105.188
  0
LINE
  8
0
 10
-106.488
 20
-105.188
 11
-106.5
 21
-105
  0
LINE
  8
0
 10
-106.5
 20
-105
 11
-106.488
 21
-104.812
  0
LINE
  8
0
 10
-106.488
 20
-104.812
 11
-106.453
 21
-104.627
  0
LINE
  8
0
 10
-106.453
 20
-104.627
 11
-106.395
 21
-104.448
  0
LINE
  8
0
 10
-106.395
 20
-104.448
 11
-106.314
 21
-104.277
  0
LINE
  8
0
 10
-106.314
 20
-104.277
 11
-106.214
 21
-104.118
  0
LINE
  8
0
 10
-106.214
 20
-104.118
 11
-106.093
 21
-103.973
  0
LINE
  8
0
 10
-106.093
 20
-103.973
 11
-105.956
 21
-103.844
  0
LINE
  8
0
 10
-105.956
 20
-103.844
 11
-105.804
 21
-103.734
  0
LINE
  8
0
 10
-105.804
 20
-103.734
 11
-105.639
 21
-103.643
  0
LINE
  8
0
 10
-105.639
 20
-103.643
 11
-105.464
 21
-103.573
  0
LINE
  8
0
 10
-105.464
 20
-103.573
 11
-105.281
 21
-103.527
  0
LINE
  8
0
 10
-105.281
 20
-103.527
 11
-105.094
 21
-103.503
  0
LINE
  8
0
 10
-105.094
 20
-103.503
 11
-104.906
 21
-103.503
  0
LINE
  8
0
 10
-104.906
 20
-103.503
 11
-104.719
 21
-103.527
  0
LINE
  8
0
 10
-104.719
 20
-103.527
 11
-104.536
 21
-103.573
  0
LINE
  8
0
 10
-104.536
 20
-103.573
 11
-104.361
 21
-103.643
  0
LINE
  8
0
 10
-104.361
 20
-103.643
 11
-104.196
 21
-103.734
  0
LINE
  8
0
 10
-104.196
 20
-103.734
 11
-104.044
 21
-103.844
  0
LINE
  8
0
 10
-104.044
 20
-103.844
 11
-103.907
 21
-103.973
  0
LINE
  8
0
 10
-103.907
 20
-103.973
 11
-103.786
 21
-104.118
  0
LINE
  8
0
 10
-103.786
 20
-104.118
 11
-103.686
 21
-104.277
  0
LINE
  8
0
 10
-103.686
 20
-104.277
 11
-103.605
 21
-104.448
  0
LINE
  8
0
 10
-103.605
 20
-104.448
 11
-103.547
 21
-104.627
  0
LINE
  8
0
 10
-103.547
 20
-104.627
 11
-103.512
 21
-104.812
  0
LINE
  8
0
 10
-103.512
 20
-104.812
 11
-103.5
 21
-105
  0
LINE
  8
0
 10
-103.5
 20
-105
 11
-103.512
 21
-105.188
  0
LINE
  8
0
 10
-103.512
 20
-105.188
 11
-103.547
 21
-105.373
  0
LINE
  8
0
 10
-103.547
 20
-105.373
 11
-103.605
 21
-105.552
  0
LINE
  8
0
 10
-103.605
 20
-105.552
 11
-103.686
 21
-105.723
  0
LINE
  8
0
 10
-103.686
 20
-105.723
 11
-103.786
 21
-105.882
  0
LINE
  8
0
 10
-103.786
 20
-105.882
 11
-103.907
 21
-106.027
  0
LINE
  8
0
 10
-103.907
 20
-106.027
 11
-104.044
 21
-106.156
  0
LINE
  8
0
 10
-104.044
 20
-106.156
 11
-104.196
 21
-106.266
  0
LINE
  8
0
 10
-104.196
 20
-106.266
 11
-104.361
 21
-106.357
  0
LINE
  8
0
 10
-104.361
 20
-106.357
 11
-104.536
 21
-106.427
  0
LINE
  8
0
 10
-104.536
 20
-106.427
 11
-104.719
 21
-106.473
  0
LINE
  8
0
 10
-104.719
 20
-106.473
 11
-104.906
 21
-106.497
  0
LINE
  8
0
 10
-104.906
 20
-106.497
 11
-105.094
 21
-106.497
  0
LINE
  8
0
 10
-0.0941772
 20
-106.497
 11
-0.281067
 21
-106.473
  0
LINE
  8
0
 10
-0.281067
 20
-106.473
 11
-0.463516
 21
-106.427
  0
LINE
  8
0
 10
-0.463516
 20
-106.427
 11
-0.638657
 21
-106.357
  0
LINE
  8
0
 10
-0.638657
 20
-106.357
 11
-0.803726
 21
-106.266
  0
LINE
  8
0
 10
-0.803726
 20
-106.266
 11
-0.956131
 21
-106.156
  0
LINE
  8
0
 10
-0.956131
 20
-106.156
 11
-1.09344
 21
-106.027
  0
LINE
  8
0
 10
-1.09344
 20
-106.027
 11
-1.21352
 21
-105.882
  0
LINE
  8
0
 10
-1.21352
 20
-105.882
 11
-1.31445
 21
-105.723
  0
LINE
  8
0
 10
-1.31445
 20
-105.723
 11
-1.39465
 21
-105.552
  0
LINE
  8
0
 10
-1.39465
 20
-105.552
 11
-1.45287
 21
-105.373
  0
LINE
  8
0
 10
-1.45287
 20
-105.373
 11
-1.48816
 21
-105.188
  0
LINE
  8
0
 10
-1.48816
 20
-105.188
 11
-1.5
 21
-105
  0
LINE
  8
0
 10
-1.5
 20
-105
 11
-1.48816
 21
-104.812
  0
LINE
  8
0
 10
-1.48816
 20
-104.812
 11
-1.45287
 21
-104.627
  0
LINE
  8
0
 10
-1.45287
 20
-104.627
 11
-1.39465
 21
-104.448
  0
LINE
  8
0
 10
-1.39465
 20
-104.448
 11
-1.31445
 21
-104.277
  0
LINE
  8
0
 10
-1.31445
 20
-104.277
 11
-1.21352
 21
-104.118
  0
LINE
  8
0
 10
-1.21352
 20
-104.118
 11
-1.09344
 21
-103.973
  0
LINE
  8
0
 10
-1.09344
 20
-103.973
 11
-0.956131
 21
-103.844
  0
LINE
  8
0
 10
-0.956131
 20
-103.844
 11
-0.803726
 21
-103.734
  0
LINE
  8
0
 10
-0.803726
 20
-103.734
 11
-0.638657
 21
-103.643
  0
LINE
  8
0
 10
-0.638657
 20
-103.643
 11
-0.463516
 21
-103.573
  0
LINE
  8
0
 10
-0.463516
 20
-103.573
 11
-0.281067
 21
-103.527
  0
LINE
  8
0
 10
-0.281067
 20
-103.527
 11
-0.0941772
 21
-103.503
  0
LINE
  8
0
 10
-0.0941772
 20
-103.503
 11
0.0941772
 21
-103.503
  0
LINE
  8
0
 10
0.0941772
 20
-103.503
 11
0.281067
 21
-103.527
  0
LINE
  8
0
 10
0.281067
 20
-103.527
 11
0.463516
 21
-103.573
  0
LINE
  8
0
 10
0.463516
 20
-103.573
 11
0.638657
 21
-103.643
  0
LINE
  8
0
 10
0.638657
 20
-103.643
 11
0.803726
 21
-103.734
  0
LINE
  8
0
 10
0.803726
 20
-103.734
 11
0.956131
 21
-103.844
  0
LINE
  8
0
 10
0.956131
 20
-103.844
 11
1.09344
 21
-103.973
  0
LINE
  8
0
 10
1.09344
 20
-103.973
 11
1.21352
 21
-104.118
  0
LINE
  8
0
 10
1.21352
 20
-104.118
 11
1.31445
 21
-104.277
  0
LINE
  8
0
 10
1.31445
 20
-104.277
 11
1.39465
 21
-104.448
  0
LINE
  8
0
 10
1.39465
 20
-104.448
 11
1.45287
 21
-104.627
  0
LINE
  8
0
 10
1.45287
 20
-104.627
 11
1.48816
 21
-104.812
  0
LINE
  8
0
 10
1.48816
 20
-104.812
 11
1.5
 21
-105
  0
LINE
  8
0
 10
1.5
 20
-105
 11
1.48816
 21
-105.188
  0
LINE
  8
0
 10
1.48816
 20
-105.188
 11
1.45287
 21
-105.373
  0
LINE
  8
0
 10
1.45287
 20
-105.373
 11
1.39465
 21
-105.552
  0
LINE
  8
0
 10
1.39465
 20
-105.552
 11
1.31445
 21
-105.723
  0
LINE
  8
0
 10
1.31445
 20
-105.723
 11
1.21352
 21
-105.882
  0
LINE
  8
0
 10
1.21352
 20
-105.882
 11
1.09344
 21
-106.027
  0
LINE
  8
0
 10
1.09344
 20
-106.027
 11
0.956131
 21
-106.156
  0
LINE
  8
0
 10
0.956131
 20
-106.156
 11
0.803726
 21
-106.266
  0
LINE
  8
0
 10
0.803726
 20
-106.266
 11
0.638657
 21
-106.357
  0
LINE
  8
0
 10
0.638657
 20
-106.357
 11
0.463516
 21
-106.427
  0
LINE
  8
0
 10
0.463516
 20
-106.427
 11
0.281067
 21
-106.473
  0
LINE
  8
0
 10
0.281067
 20
-106.473
 11
0.0941772
 21
-106.497
  0
LINE
  8
0
 10
0.0941772
 20
-106.497
 11
-0.0941772
 21
-106.497
  0
LINE
  8
0
 10
-43.5471
 20
104.627
 11
-43.6053
 21
104.448
  0
LINE
  8
0
 10
-43.6053
 20
104.448
 11
-43.6855
 21
104.277
  0
LINE
  8
0
 10
-43.6855
 20
104.277
 11
-43.7865
 21
104.118
  0
LINE
  8
0
 10
-43.7865
 20
104.118
 11
-43.9065
 21
103.973
  0
LINE
  8
0
 10
-43.9065
 20
103.973
 11
-44.0439
 21
103.844
  0
LINE
  8
0
 10
-44.0439
 20
103.844
 11
-44.1963
 21
103.734
  0
LINE
  8
0
 10
-44.1963
 20
103.734
 11
-44.3613
 21
103.643
  0
LINE
  8
0
 10
-44.3613
 20
103.643
 11
-44.5365
 21
103.573
  0
LINE
  8
0
 10
-44.5365
 20
103.573
 11
-44.7189
 21
103.527
  0
LINE
  8
0
 10
-44.7189
 20
103.527
 11
-44.9058
 21
103.503
  0
LINE
  8
0
 10
-44.9058
 20
103.503
 11
-45.0942
 21
103.503
  0
LINE
  8
0
 10
-45.0942
 20
103.503
 11
-45.2811
 21
103.527
  0
LINE
  8
0
 10
-45.2811
 20
103.527
 11
-45.4635
 21
103.573
  0
LINE
  8
0
 10
-45.4635
 20
103.573
 11
-45.6387
 21
103.643
  0
LINE
  8
0
 10
-45.6387
 20
103.643
 11
-45.8037
 21
103.734
  0
LINE
  8
0
 10
-45.8037
 20
103.734
 11
-45.9561
 21
103.844
  0
LINE
  8
0
 10
-45.9561
 20
103.844
 11
-46.0934
 21
103.973
  0
LINE
  8
0
 10
-46.0934
 20
103.973
 11
-46.2135
 21
104.118
  0
LINE
  8
0
 10
-46.2135
 20
104.118
 11
-46.3145
 21
104.277
  0
LINE
  8
0
 10
-46.3145
 20
104.277
 11
-46.3947
 21
104.448
  0
LINE
  8
0
 10
-46.3947
 20
104.448
 11
-46.4529
 21
104.627
  0
LINE
  8
0
 10
-46.4529
 20
104.627
 11
-46.4882
 21
104.812
  0
LINE
  8
0
 10
-46.4882
 20
104.812
 11
-46.5
 21
105
  0
LINE
  8
0
 10
-46.5
 20
105
 11
-46.4882
 21
105.188
  0
LINE
  8
0
 10
-46.4882
 20
105.188
 11
-46.4529
 21
105.373
  0
LINE
  8
0
 10
-46.4529
 20
105.373
 11
-46.3947
 21
105.552
  0
LINE
  8
0
 10
-46.3947
 20
105.552
 11
-46.3145
 21
105.723
  0
LINE
  8
0
 10
-46.3145
 20
105.723
 11
-46.2135
 21
105.882
  0
LINE
  8
0
 10
-46.2135
 20
105.882
 11
-46.0934
 21
106.027
  0
LINE
  8
0
 10
-46.0934
 20
106.027
 11
-45.9561
 21
106.156
  0
LINE
  8
0
 10
-45.9561
 20
106.156
 11
-45.8037
 21
106.266
  0
LINE
  8
0
 10
-45.8037
 20
106.266
 11
-45.6387
 21
106.357
  0
LINE
  8
0
 10
-45.6387
 20
106.357
 11
-45.4635
 21
106.427
  0
LINE
  8
0
 10
-45.4635
 20
106.427
 11
-45.2811
 21
106.473
  0
LINE
  8
0
 10
-45.2811
 20
106.473
 11
-45.0942
 21
106.497
  0
LINE
  8
0
 10
-45.0942
 20
106.497
 11
-44.9058
 21
106.497
  0
LINE
  8
0
 10
-44.9058
 20
106.497
 11
-44.7189
 21
106.473
  0
LINE
  8
0
 10
-44.7189
 20
106.473
 11
-44.5365
 21
106.427
  0
LINE
  8
0
 10
-44.5365
 20
106.427
 11
-44.3613
 21
106.357
  0
LINE
  8
0
 10
-44.3613
 20
106.357
 11
-44.1963
 21
106.266
  0
LINE
  8
0
 10
-44.1963
 20
106.266
 11
-44.0439
 21
106.156
  0
LINE
  8
0
 10
-44.0439
 20
106.156
 11
-43.9065
 21
106.027
  0
LINE
  8
0
 10
-43.9065
 20
106.027
 11
-43.7865
 21
105.882
  0
LINE
  8
0
 10
-43.7865
 20
105.882
 11
-43.6855
 21
105.723
  0
LINE
  8
0
 10
-43.6855
 20
105.723
 11
-43.6053
 21
105.552
  0
LINE
  8
0
 10
-43.6053
 20
105.552
 11
-43.5471
 21
105.373
  0
LINE
  8
0
 10
-43.5471
 20
105.373
 11
-43.5118
 21
105.188
  0
LINE
  8
0
 10
-43.5118
 20
105.188
 11
-43.5
 21
105
  0
LINE
  8
0
 10
-43.5
 20
105
 11
-43.5118
 21
104.812
  0
LINE
  8
0
 10
-43.5118
 20
104.812
 11
-43.5471
 21
104.627
  0
LINE
  8
0
 10
-73.5471
 20
104.627
 11
-73.6053
 21
104.448
  0
LINE
  8
0
 10
-73.6053
 20
104.448
 11
-73.6855
 21
104.277
  0
LINE
  8
0
 10
-73.6855
 20
104.277
 11
-73.7865
 21
104.118
  0
LINE
  8
0
 10
-73.7865
 20
104.118
 11
-73.9065
 21
103.973
  0
LINE
  8
0
 10
-73.9065
 20
103.973
 11
-74.0439
 21
103.844
  0
LINE
  8
0
 10
-74.0439
 20
103.844
 11
-74.1963
 21
103.734
  0
LINE
  8
0
 10
-74.1963
 20
103.734
 11
-74.3613
 21
103.643
  0
LINE
  8
0
 10
-74.3613
 20
103.643
 11
-74.5365
 21
103.573
  0
LINE
  8
0
 10
-74.5365
 20
103.573
 11
-74.7189
 21
103.527
  0
LINE
  8
0
 10
-74.7189
 20
103.527
 11
-74.9058
 21
103.503
  0
LINE
  8
0
 10
-74.9058
 20
103.503
 11
-75.0942
 21
103.503
  0
LINE
  8
0
 10
-75.0942
 20
103.503
 11
-75.2811
 21
103.527
  0
LINE
  8
0
 10
-75.2811
 20
103.527
 11
-75.4635
 21
103.573
  0
LINE
  8
0
 10
-75.4635
 20
103.573
 11
-75.6387
 21
103.643
  0
LINE
  8
0
 10
-75.6387
 20
103.643
 11
-75.8037
 21
103.734
  0
LINE
  8
0
 10
-75.8037
 20
103.734
 11
-75.9561
 21
103.844
  0
LINE
  8
0
 10
-75.9561
 20
103.844
 11
-76.0934
 21
103.973
  0
LINE
  8
0
 10
-76.0934
 20
103.973
 11
-76.2135
 21
104.118
  0
LINE
  8
0
 10
-76.2135
 20
104.118
 11
-76.3145
 21
104.277
  0
LINE
  8
0
 10
-76.3145
 20
104.277
 11
-76.3947
 21
104.448
  0
LINE
  8
0
 10
-76.3947
 20
104.448
 11
-76.4529
 21
104.627
  0
LINE
  8
0
 10
-76.4529
 20
104.627
 11
-76.4882
 21
104.812
  0
LINE
  8
0
 10
-76.4882
 20
104.812
 11
-76.5
 21
105
  0
LINE
  8
0
 10
-76.5
 20
105
 11
-76.4882
 21
105.188
  0
LINE
  8
0
 10
-76.4882
 20
105.188
 11
-76.4529
 21
105.373
  0
LINE
  8
0
 10
-76.4529
 20
105.373
 11
-76.3947
 21
105.552
  0
LINE
  8
0
 10
-76.3947
 20
105.552
 11
-76.3145
 21
105.723
  0
LINE
  8
0
 10
-76.3145
 20
105.723
 11
-76.2135
 21
105.882
  0
LINE
  8
0
 10
-76.2135
 20
105.882
 11
-76.0934
 21
106.027
  0
LINE
  8
0
 10
-76.0934
 20
106.027
 11
-75.9561
 21
106.156
  0
LINE
  8
0
 10
-75.9561
 20
106.156
 11
-75.8037
 21
106.266
  0
LINE
  8
0
 10
-75.8037
 20
106.266
 11
-75.6387
 21
106.357
  0
LINE
  8
0
 10
-75.6387
 20
106.357
 11
-75.4635
 21
106.427
  0
LINE
  8
0
 10
-75.4635
 20
106.427
 11
-75.2811
 21
106.473
  0
LINE
  8
0
 10
-75.2811
 20
106.473
 11
-75.0942
 21
106.497
  0
LINE
  8
0
 10
-75.0942
 20
106.497
 11
-74.9058
 21
106.497
  0
LINE
  8
0
 10
-74.9058
 20
106.497
 11
-74.7189
 21
106.473
  0
LINE
  8
0
 10
-74.7189
 20
106.473
 11
-74.5365
 21
106.427
  0
LINE
  8
0
 10
-74.5365
 20
106.427
 11
-74.3613
 21
106.357
  0
LINE
  8
0
 10
-74.3613
 20
106.357
 11
-74.1963
 21
106.266
  0
LINE
  8
0
 10
-74.1963
 20
106.266
 11
-74.0439
 21
106.156
  0
LINE
  8
0
 10
-74.0439
 20
106.156
 11
-73.9065
 21
106.027
  0
LINE
  8
0
 10
-73.9065
 20
106.027
 11
-73.7865
 21
105.882
  0
LINE
  8
0
 10
-73.7865
 20
105.882
 11
-73.6855
 21
105.723
  0
LINE
  8
0
 10
-73.6855
 20
105.723
 11
-73.6053
 21
105.552
  0
LINE
  8
0
 10
-73.6053
 20
105.552
 11
-73.5471
 21
105.373
  0
LINE
  8
0
 10
-73.5471
 20
105.373
 11
-73.5118
 21
105.188
  0
LINE
  8
0
 10
-73.5118
 20
105.188
 11
-73.5
 21
105
  0
LINE
  8
0
 10
-73.5
 20
105
 11
-73.5118
 21
104.812
  0
LINE
  8
0
 10
-73.5118
 20
104.812
 11
-73.5471
 21
104.627
  0
LINE
  8
0
 10
-58.5471
 20
104.627
 11
-58.6053
 21
104.448
  0
LINE
  8
0
 10
-58.6053
 20
104.448
 11
-58.6855
 21
104.277
  0
LINE
  8
0
 10
-58.6855
 20
104.277
 11
-58.7865
 21
104.118
  0
LINE
  8
0
 10
-58.7865
 20
104.118
 11
-58.9065
 21
103.973
  0
LINE
  8
0
 10
-58.9065
 20
103.973
 11
-59.0439
 21
103.844
  0
LINE
  8
0
 10
-59.0439
 20
103.844
 11
-59.1963
 21
103.734
  0
LINE
  8
0
 10
-59.1963
 20
103.734
 11
-59.3613
 21
103.643
  0
LINE
  8
0
 10
-59.3613
 20
103.643
 11
-59.5365
 21
103.573
  0
LINE
  8
0
 10
-59.5365
 20
103.573
 11
-59.7189
 21
103.527
  0
LINE
  8
0
 10
-59.7189
 20
103.527
 11
-59.9058
 21
103.503
  0
LINE
  8
0
 10
-59.9058
 20
103.503
 11
-60.0942
 21
103.503
  0
LINE
  8
0
 10
-60.0942
 20
103.503
 11
-60.2811
 21
103.527
  0
LINE
  8
0
 10
-60.2811
 20
103.527
 11
-60.4635
 21
103.573
  0
LINE
  8
0
 10
-60.4635
 20
103.573
 11
-60.6387
 21
103.643
  0
LINE
  8
0
 10
-60.6387
 20
103.643
 11
-60.8037
 21
103.734
  0
LINE
  8
0
 10
-60.8037
 20
103.734
 11
-60.9561
 21
103.844
  0
LINE
  8
0
 10
-60.9561
 20
103.844
 11
-61.0934
 21
103.973
  0
LINE
  8
0
 10
-61.0934
 20
103.973
 11
-61.2135
 21
104.118
  0
LINE
  8
0
 10
-61.2135
 20
104.118
 11
-61.3145
 21
104.277
  0
LINE
  8
0
 10
-61.3145
 20
104.277
 11
-61.3947
 21
104.448
  0
LINE
  8
0
 10
-61.3947
 20
104.448
 11
-61.4529
 21
104.627
  0
LINE
  8
0
 10
-61.4529
 20
104.627
 11
-61.4882
 21
104.812
  0
LINE
  8
0
 10
-61.4882
 20
104.812
 11
-61.5
 21
105
  0
LINE
  8
0
 10
-61.5
 20
105
 11
-61.4882
 21
105.188
  0
LINE
  8
0
 10
-61.4882
 20
105.188
 11
-61.4529
 21
105.373
  0
LINE
  8
0
 10
-61.4529
 20
105.373
 11
-61.3947
 21
105.552
  0
LINE
  8
0
 10
-61.3947
 20
105.552
 11
-61.3145
 21
105.723
  0
LINE
  8
0
 10
-61.3145
 20
105.723
 11
-61.2135
 21
105.882
  0
LINE
  8
0
 10
-61.2135
 20
105.882
 11
-61.0934
 21
106.027
  0
LINE
  8
0
 10
-61.0934
 20
106.027
 11
-60.9561
 21
106.156
  0
LINE
  8
0
 10
-60.9561
 20
106.156
 11
-60.8037
 21
106.266
  0
LINE
  8
0
 10
-60.8037
 20
106.266
 11
-60.6387
 21
106.357
  0
LINE
  8
0
 10
-60.6387
 20
106.357
 11
-60.4635
 21
106.427
  0
LINE
  8
0
 10
-60.4635
 20
106.427
 11
-60.2811
 21
106.473
  0
LINE
  8
0
 10
-60.2811
 20
106.473
 11
-60.0942
 21
106.497
  0
LINE
  8
0
 10
-60.0942
 20
106.497
 11
-59.9058
 21
106.497
  0
LINE
  8
0
 10
-59.9058
 20
106.497
 11
-59.7189
 21
106.473
  0
LINE
  8
0
 10
-59.7189
 20
106.473
 11
-59.5365
 21
106.427
  0
LINE
  8
0
 10
-59.5365
 20
106.427
 11
-59.3613
 21
106.357
  0
LINE
  8
0
 10
-59.3613
 20
106.357
 11
-59.1963
 21
106.266
  0
LINE
  8
0
 10
-59.1963
 20
106.266
 11
-59.0439
 21
106.156
  0
LINE
  8
0
 10
-59.0439
 20
106.156
 11
-58.9065
 21
106.027
  0
LINE
  8
0
 10
-58.9065
 20
106.027
 11
-58.7865
 21
105.882
  0
LINE
  8
0
 10
-58.7865
 20
105.882
 11
-58.6855
 21
105.723
  0
LINE
  8
0
 10
-58.6855
 20
105.723
 11
-58.6053
 21
105.552
  0
LINE
  8
0
 10
-58.6053
 20
105.552
 11
-58.5471
 21
105.373
  0
LINE
  8
0
 10
-58.5471
 20
105.373
 11
-58.5118
 21
105.188
  0
LINE
  8
0
 10
-58.5118
 20
105.188
 11
-58.5
 21
105
  0
LINE
  8
0
 10
-58.5
 20
105
 11
-58.5118
 21
104.812
  0
LINE
  8
0
 10
-58.5118
 20
104.812
 11
-58.5471
 21
104.627
  0
LINE
  8
0
 10
-103.547
 20
104.627
 11
-103.605
 21
104.448
  0
LINE
  8
0
 10
-103.605
 20
104.448
 11
-103.686
 21
104.277
  0
LINE
  8
0
 10
-103.686
 20
104.277
 11
-103.786
 21
104.118
  0
LINE
  8
0
 10
-103.786
 20
104.118
 11
-103.907
 21
103.973
  0
LINE
  8
0
 10
-103.907
 20
103.973
 11
-104.044
 21
103.844
  0
LINE
  8
0
 10
-104.044
 20
103.844
 11
-104.196
 21
103.734
  0
LINE
  8
0
 10
-104.196
 20
103.734
 11
-104.361
 21
103.643
  0
LINE
  8
0
 10
-104.361
 20
103.643
 11
-104.536
 21
103.573
  0
LINE
  8
0
 10
-104.536
 20
103.573
 11
-104.719
 21
103.527
  0
LINE
  8
0
 10
-104.719
 20
103.527
 11
-104.906
 21
103.503
  0
LINE
  8
0
 10
-104.906
 20
103.503
 11
-105.094
 21
103.503
  0
LINE
  8
0
 10
-105.094
 20
103.503
 11
-105.281
 21
103.527
  0
LINE
  8
0
 10
-105.281
 20
103.527
 11
-105.464
 21
103.573
  0
LINE
  8
0
 10
-105.464
 20
103.573
 11
-105.639
 21
103.643
  0
LINE
  8
0
 10
-105.639
 20
103.643
 11
-105.804
 21
103.734
  0
LINE
  8
0
 10
-105.804
 20
103.734
 11
-105.956
 21
103.844
  0
LINE
  8
0
 10
-105.956
 20
103.844
 11
-106.093
 21
103.973
  0
LINE
  8
0
 10
-106.093
 20
103.973
 11
-106.214
 21
104.118
  0
LINE
  8
0
 10
-106.214
 20
104.118
 11
-106.314
 21
104.277
  0
LINE
  8
0
 10
-106.314
 20
104.277
 11
-106.395
 21
104.448
  0
LINE
  8
0
 10
-106.395
 20
104.448
 11
-106.453
 21
104.627
  0
LINE
  8
0
 10
-106.453
 20
104.627
 11
-106.488
 21
104.812
  0
LINE
  8
0
 10
-106.488
 20
104.812
 11
-106.5
 21
105
  0
LINE
  8
0
 10
-106.5
 20
105
 11
-106.488
 21
105.188
  0
LINE
  8
0
 10
-106.488
 20
105.188
 11
-106.453
 21
105.373
  0
LINE
  8
0
 10
-106.453
 20
105.373
 11
-106.395
 21
105.552
  0
LINE
  8
0
 10
-106.395
 20
105.552
 11
-106.314
 21
105.723
  0
LINE
  8
0
 10
-106.314
 20
105.723
 11
-106.214
 21
105.882
  0
LINE
  8
0
 10
-106.214
 20
105.882
 11
-106.093
 21
106.027
  0
LINE
  8
0
 10
-106.093
 20
106.027
 11
-105.956
 21
106.156
  0
LINE
  8
0
 10
-105.956
 20
106.156
 11
-105.804
 21
106.266
  0
LINE
  8
0
 10
-105.804
 20
106.266
 11
-105.639
 21
106.357
  0
LINE
  8
0
 10
-105.639
 20
106.357
 11
-105.464
 21
106.427
  0
LINE
  8
0
 10
-105.464
 20
106.427
 11
-105.281
 21
106.473
  0
LINE
  8
0
 10
-105.281
 20
106.473
 11
-105.094
 21
106.497
  0
LINE
  8
0
 10
-105.094
 20
106.497
 11
-104.906
 21
106.497
  0
LINE
  8
0
 10
-104.906
 20
106.497
 11
-104.719
 21
106.473
  0
LINE
  8
0
 10
-104.719
 20
106.473
 11
-104.536
 21
106.427
  0
LINE
  8
0
 10
-104.536
 20
106.427
 11
-104.361
 21
106.357
  0
LINE
  8
0
 10
-104.361
 20
106.357
 11
-104.196
 21
106.266
  0
LINE
  8
0
 10
-104.196
 20
106.266
 11
-104.044
 21
106.156
  0
LINE
  8
0
 10
-104.044
 20
106.156
 11
-103.907
 21
106.027
  0
LINE
  8
0
 10
-103.907
 20
106.027
 11
-103.786
 21
105.882
  0
LINE
  8
0
 10
-103.786
 20
105.882
 11
-103.686
 21
105.723
  0
LINE
  8
0
 10
-103.686
 20
105.723
 11
-103.605
 21
105.552
  0
LINE
  8
0
 10
-103.605
 20
105.552
 11
-103.547
 21
105.373
  0
LINE
  8
0
 10
-103.547
 20
105.373
 11
-103.512
 21
105.188
  0
LINE
  8
0
 10
-103.512
 20
105.188
 11
-103.5
 21
105
  0
LINE
  8
0
 10
-103.5
 20
105
 11
-103.512
 21
104.812
  0
LINE
  8
0
 10
-103.512
 20
104.812
 11
-103.547
 21
104.627
  0
ENDSEC
  0
SECTION
  2
OBJECTS
  0
DICTIONARY
  0
ENDSEC
  0
EOF
