solid OpenSCAD_Model
  facet normal -0.997969 -0.0637002 0
    outer loop
      vertex -102 -45 0
      vertex -102.024 -44.624 3
      vertex -102.024 -44.624 0
    endloop
  endfacet
  facet normal -0.997969 -0.0637002 0
    outer loop
      vertex -102.024 -44.624 3
      vertex -102 -45 0
      vertex -102 -45 3
    endloop
  endfacet
  facet normal 0.997969 -0.0637002 0
    outer loop
      vertex -108 -45 3
      vertex -107.976 -44.624 0
      vertex -107.976 -44.624 3
    endloop
  endfacet
  facet normal 0.997969 -0.0637002 0
    outer loop
      vertex -107.976 -44.624 0
      vertex -108 -45 3
      vertex -108 -45 0
    endloop
  endfacet
  facet normal 0 -1 0
    outer loop
      vertex -105.188 -42.0059 0
      vertex -104.812 -42.0059 3
      vertex -105.188 -42.0059 3
    endloop
  endfacet
  facet normal 0 -1 -0
    outer loop
      vertex -104.812 -42.0059 3
      vertex -105.188 -42.0059 0
      vertex -104.812 -42.0059 0
    endloop
  endfacet
  facet normal 0 1 -0
    outer loop
      vertex -104.812 -47.9941 0
      vertex -105.188 -47.9941 3
      vertex -104.812 -47.9941 3
    endloop
  endfacet
  facet normal 0 1 0
    outer loop
      vertex -105.188 -47.9941 3
      vertex -104.812 -47.9941 0
      vertex -105.188 -47.9941 0
    endloop
  endfacet
  facet normal -0.684065 -0.729421 0
    outer loop
      vertex -103.088 -42.6885 0
      vertex -102.813 -42.9464 3
      vertex -103.088 -42.6885 3
    endloop
  endfacet
  facet normal -0.684065 -0.729421 -0
    outer loop
      vertex -102.813 -42.9464 3
      vertex -103.088 -42.6885 0
      vertex -102.813 -42.9464 0
    endloop
  endfacet
  facet normal 0.684065 -0.729421 0
    outer loop
      vertex -107.187 -42.9464 0
      vertex -106.912 -42.6885 3
      vertex -107.187 -42.9464 3
    endloop
  endfacet
  facet normal 0.684065 -0.729421 0
    outer loop
      vertex -106.912 -42.6885 3
      vertex -107.187 -42.9464 0
      vertex -106.912 -42.6885 0
    endloop
  endfacet
  facet normal 0.368412 -0.929663 0
    outer loop
      vertex -106.277 -42.2855 0
      vertex -105.927 -42.1468 3
      vertex -106.277 -42.2855 3
    endloop
  endfacet
  facet normal 0.368412 -0.929663 0
    outer loop
      vertex -105.927 -42.1468 3
      vertex -106.277 -42.2855 0
      vertex -105.927 -42.1468 0
    endloop
  endfacet
  facet normal -0.844175 0.536068 0
    outer loop
      vertex -102.573 -46.7634 0
      vertex -102.371 -46.4453 3
      vertex -102.371 -46.4453 0
    endloop
  endfacet
  facet normal -0.844175 0.536068 0
    outer loop
      vertex -102.371 -46.4453 3
      vertex -102.573 -46.7634 0
      vertex -102.573 -46.7634 3
    endloop
  endfacet
  facet normal -0.905252 -0.424876 0
    outer loop
      vertex -102.211 -43.8956 0
      vertex -102.371 -43.5547 3
      vertex -102.371 -43.5547 0
    endloop
  endfacet
  facet normal -0.905252 -0.424876 0
    outer loop
      vertex -102.371 -43.5547 3
      vertex -102.211 -43.8956 0
      vertex -102.211 -43.8956 3
    endloop
  endfacet
  facet normal -0.982579 -0.185843 0
    outer loop
      vertex -102.024 -44.624 0
      vertex -102.094 -44.2539 3
      vertex -102.094 -44.2539 0
    endloop
  endfacet
  facet normal -0.982579 -0.185843 0
    outer loop
      vertex -102.094 -44.2539 3
      vertex -102.024 -44.624 0
      vertex -102.024 -44.624 3
    endloop
  endfacet
  facet normal -0.368412 -0.929663 0
    outer loop
      vertex -104.073 -42.1468 0
      vertex -103.723 -42.2855 3
      vertex -104.073 -42.1468 3
    endloop
  endfacet
  facet normal -0.368412 -0.929663 -0
    outer loop
      vertex -103.723 -42.2855 3
      vertex -104.073 -42.1468 0
      vertex -103.723 -42.2855 0
    endloop
  endfacet
  facet normal -0.587619 -0.809137 0
    outer loop
      vertex -103.393 -42.467 0
      vertex -103.088 -42.6885 3
      vertex -103.393 -42.467 3
    endloop
  endfacet
  facet normal -0.587619 -0.809137 -0
    outer loop
      vertex -103.088 -42.6885 3
      vertex -103.393 -42.467 0
      vertex -103.088 -42.6885 0
    endloop
  endfacet
  facet normal 0.905252 -0.424876 0
    outer loop
      vertex -107.789 -43.8956 3
      vertex -107.629 -43.5547 0
      vertex -107.629 -43.5547 3
    endloop
  endfacet
  facet normal 0.905252 -0.424876 0
    outer loop
      vertex -107.629 -43.5547 0
      vertex -107.789 -43.8956 3
      vertex -107.789 -43.8956 0
    endloop
  endfacet
  facet normal 0.950602 -0.310412 0
    outer loop
      vertex -107.906 -44.2539 3
      vertex -107.789 -43.8956 0
      vertex -107.789 -43.8956 3
    endloop
  endfacet
  facet normal 0.950602 -0.310412 0
    outer loop
      vertex -107.789 -43.8956 0
      vertex -107.906 -44.2539 3
      vertex -107.906 -44.2539 0
    endloop
  endfacet
  facet normal 0.24865 -0.968593 0
    outer loop
      vertex -105.927 -42.1468 0
      vertex -105.562 -42.0531 3
      vertex -105.927 -42.1468 3
    endloop
  endfacet
  facet normal 0.24865 -0.968593 0
    outer loop
      vertex -105.562 -42.0531 3
      vertex -105.927 -42.1468 0
      vertex -105.562 -42.0531 0
    endloop
  endfacet
  facet normal -0.368412 0.929663 0
    outer loop
      vertex -103.723 -47.7145 0
      vertex -104.073 -47.8532 3
      vertex -103.723 -47.7145 3
    endloop
  endfacet
  facet normal -0.368412 0.929663 0
    outer loop
      vertex -104.073 -47.8532 3
      vertex -103.723 -47.7145 0
      vertex -104.073 -47.8532 0
    endloop
  endfacet
  facet normal -0.481919 0.876216 0
    outer loop
      vertex -103.393 -47.533 0
      vertex -103.723 -47.7145 3
      vertex -103.393 -47.533 3
    endloop
  endfacet
  facet normal -0.481919 0.876216 0
    outer loop
      vertex -103.723 -47.7145 3
      vertex -103.393 -47.533 0
      vertex -103.723 -47.7145 0
    endloop
  endfacet
  facet normal -0.950602 -0.310412 0
    outer loop
      vertex -102.094 -44.2539 0
      vertex -102.211 -43.8956 3
      vertex -102.211 -43.8956 0
    endloop
  endfacet
  facet normal -0.950602 -0.310412 0
    outer loop
      vertex -102.211 -43.8956 3
      vertex -102.094 -44.2539 0
      vertex -102.094 -44.2539 3
    endloop
  endfacet
  facet normal -0.77061 -0.637307 0
    outer loop
      vertex -102.573 -43.2366 0
      vertex -102.813 -42.9464 3
      vertex -102.813 -42.9464 0
    endloop
  endfacet
  facet normal -0.77061 -0.637307 0
    outer loop
      vertex -102.813 -42.9464 3
      vertex -102.573 -43.2366 0
      vertex -102.573 -43.2366 3
    endloop
  endfacet
  facet normal -0.844175 -0.536068 0
    outer loop
      vertex -102.371 -43.5547 0
      vertex -102.573 -43.2366 3
      vertex -102.573 -43.2366 0
    endloop
  endfacet
  facet normal -0.844175 -0.536068 0
    outer loop
      vertex -102.573 -43.2366 3
      vertex -102.371 -43.5547 0
      vertex -102.371 -43.5547 3
    endloop
  endfacet
  facet normal -0.24865 -0.968593 0
    outer loop
      vertex -104.438 -42.0531 0
      vertex -104.073 -42.1468 3
      vertex -104.438 -42.0531 3
    endloop
  endfacet
  facet normal -0.24865 -0.968593 -0
    outer loop
      vertex -104.073 -42.1468 3
      vertex -104.438 -42.0531 0
      vertex -104.073 -42.1468 0
    endloop
  endfacet
  facet normal -0.12521 -0.99213 0
    outer loop
      vertex -104.812 -42.0059 0
      vertex -104.438 -42.0531 3
      vertex -104.812 -42.0059 3
    endloop
  endfacet
  facet normal -0.12521 -0.99213 -0
    outer loop
      vertex -104.438 -42.0531 3
      vertex -104.812 -42.0059 0
      vertex -104.438 -42.0531 0
    endloop
  endfacet
  facet normal -0.481919 -0.876216 0
    outer loop
      vertex -103.723 -42.2855 0
      vertex -103.393 -42.467 3
      vertex -103.723 -42.2855 3
    endloop
  endfacet
  facet normal -0.481919 -0.876216 -0
    outer loop
      vertex -103.393 -42.467 3
      vertex -103.723 -42.2855 0
      vertex -103.393 -42.467 0
    endloop
  endfacet
  facet normal 0.844175 -0.536068 0
    outer loop
      vertex -107.629 -43.5547 3
      vertex -107.427 -43.2366 0
      vertex -107.427 -43.2366 3
    endloop
  endfacet
  facet normal 0.844175 -0.536068 0
    outer loop
      vertex -107.427 -43.2366 0
      vertex -107.629 -43.5547 3
      vertex -107.629 -43.5547 0
    endloop
  endfacet
  facet normal 0.77061 -0.637307 0
    outer loop
      vertex -107.427 -43.2366 3
      vertex -107.187 -42.9464 0
      vertex -107.187 -42.9464 3
    endloop
  endfacet
  facet normal 0.77061 -0.637307 0
    outer loop
      vertex -107.187 -42.9464 0
      vertex -107.427 -43.2366 3
      vertex -107.427 -43.2366 0
    endloop
  endfacet
  facet normal 0.982579 -0.185843 0
    outer loop
      vertex -107.976 -44.624 3
      vertex -107.906 -44.2539 0
      vertex -107.906 -44.2539 3
    endloop
  endfacet
  facet normal 0.982579 -0.185843 0
    outer loop
      vertex -107.906 -44.2539 0
      vertex -107.976 -44.624 3
      vertex -107.976 -44.624 0
    endloop
  endfacet
  facet normal 0.481919 -0.876216 0
    outer loop
      vertex -106.607 -42.467 0
      vertex -106.277 -42.2855 3
      vertex -106.607 -42.467 3
    endloop
  endfacet
  facet normal 0.481919 -0.876216 0
    outer loop
      vertex -106.277 -42.2855 3
      vertex -106.607 -42.467 0
      vertex -106.277 -42.2855 0
    endloop
  endfacet
  facet normal 0.587619 -0.809137 0
    outer loop
      vertex -106.912 -42.6885 0
      vertex -106.607 -42.467 3
      vertex -106.912 -42.6885 3
    endloop
  endfacet
  facet normal 0.587619 -0.809137 0
    outer loop
      vertex -106.607 -42.467 3
      vertex -106.912 -42.6885 0
      vertex -106.607 -42.467 0
    endloop
  endfacet
  facet normal 0.12521 -0.99213 0
    outer loop
      vertex -105.562 -42.0531 0
      vertex -105.188 -42.0059 3
      vertex -105.562 -42.0531 3
    endloop
  endfacet
  facet normal 0.12521 -0.99213 0
    outer loop
      vertex -105.188 -42.0059 3
      vertex -105.562 -42.0531 0
      vertex -105.188 -42.0059 0
    endloop
  endfacet
  facet normal -0.997969 0.0637002 0
    outer loop
      vertex -102.024 -45.376 0
      vertex -102 -45 3
      vertex -102 -45 0
    endloop
  endfacet
  facet normal -0.997969 0.0637002 0
    outer loop
      vertex -102 -45 3
      vertex -102.024 -45.376 0
      vertex -102.024 -45.376 3
    endloop
  endfacet
  facet normal -0.77061 0.637307 0
    outer loop
      vertex -102.813 -47.0536 0
      vertex -102.573 -46.7634 3
      vertex -102.573 -46.7634 0
    endloop
  endfacet
  facet normal -0.77061 0.637307 0
    outer loop
      vertex -102.573 -46.7634 3
      vertex -102.813 -47.0536 0
      vertex -102.813 -47.0536 3
    endloop
  endfacet
  facet normal -0.982579 0.185843 0
    outer loop
      vertex -102.094 -45.7461 0
      vertex -102.024 -45.376 3
      vertex -102.024 -45.376 0
    endloop
  endfacet
  facet normal -0.982579 0.185843 0
    outer loop
      vertex -102.024 -45.376 3
      vertex -102.094 -45.7461 0
      vertex -102.094 -45.7461 3
    endloop
  endfacet
  facet normal -0.587619 0.809137 0
    outer loop
      vertex -103.088 -47.3115 0
      vertex -103.393 -47.533 3
      vertex -103.088 -47.3115 3
    endloop
  endfacet
  facet normal -0.587619 0.809137 0
    outer loop
      vertex -103.393 -47.533 3
      vertex -103.088 -47.3115 0
      vertex -103.393 -47.533 0
    endloop
  endfacet
  facet normal -0.684065 0.729421 0
    outer loop
      vertex -102.813 -47.0536 0
      vertex -103.088 -47.3115 3
      vertex -102.813 -47.0536 3
    endloop
  endfacet
  facet normal -0.684065 0.729421 0
    outer loop
      vertex -103.088 -47.3115 3
      vertex -102.813 -47.0536 0
      vertex -103.088 -47.3115 0
    endloop
  endfacet
  facet normal -0.905252 0.424876 0
    outer loop
      vertex -102.371 -46.4453 0
      vertex -102.211 -46.1044 3
      vertex -102.211 -46.1044 0
    endloop
  endfacet
  facet normal -0.905252 0.424876 0
    outer loop
      vertex -102.211 -46.1044 3
      vertex -102.371 -46.4453 0
      vertex -102.371 -46.4453 3
    endloop
  endfacet
  facet normal 0.684065 0.729421 -0
    outer loop
      vertex -106.912 -47.3115 0
      vertex -107.187 -47.0536 3
      vertex -106.912 -47.3115 3
    endloop
  endfacet
  facet normal 0.684065 0.729421 0
    outer loop
      vertex -107.187 -47.0536 3
      vertex -106.912 -47.3115 0
      vertex -107.187 -47.0536 0
    endloop
  endfacet
  facet normal 0.844175 0.536068 0
    outer loop
      vertex -107.427 -46.7634 3
      vertex -107.629 -46.4453 0
      vertex -107.629 -46.4453 3
    endloop
  endfacet
  facet normal 0.844175 0.536068 0
    outer loop
      vertex -107.629 -46.4453 0
      vertex -107.427 -46.7634 3
      vertex -107.427 -46.7634 0
    endloop
  endfacet
  facet normal 0.950602 0.310412 0
    outer loop
      vertex -107.789 -46.1044 3
      vertex -107.906 -45.7461 0
      vertex -107.906 -45.7461 3
    endloop
  endfacet
  facet normal 0.950602 0.310412 0
    outer loop
      vertex -107.906 -45.7461 0
      vertex -107.789 -46.1044 3
      vertex -107.789 -46.1044 0
    endloop
  endfacet
  facet normal -0.12521 0.99213 0
    outer loop
      vertex -104.438 -47.9469 0
      vertex -104.812 -47.9941 3
      vertex -104.438 -47.9469 3
    endloop
  endfacet
  facet normal -0.12521 0.99213 0
    outer loop
      vertex -104.812 -47.9941 3
      vertex -104.438 -47.9469 0
      vertex -104.812 -47.9941 0
    endloop
  endfacet
  facet normal -0.950602 0.310412 0
    outer loop
      vertex -102.211 -46.1044 0
      vertex -102.094 -45.7461 3
      vertex -102.094 -45.7461 0
    endloop
  endfacet
  facet normal -0.950602 0.310412 0
    outer loop
      vertex -102.094 -45.7461 3
      vertex -102.211 -46.1044 0
      vertex -102.211 -46.1044 3
    endloop
  endfacet
  facet normal 0.368412 0.929663 -0
    outer loop
      vertex -105.927 -47.8532 0
      vertex -106.277 -47.7145 3
      vertex -105.927 -47.8532 3
    endloop
  endfacet
  facet normal 0.368412 0.929663 0
    outer loop
      vertex -106.277 -47.7145 3
      vertex -105.927 -47.8532 0
      vertex -106.277 -47.7145 0
    endloop
  endfacet
  facet normal 0.587619 0.809137 -0
    outer loop
      vertex -106.607 -47.533 0
      vertex -106.912 -47.3115 3
      vertex -106.607 -47.533 3
    endloop
  endfacet
  facet normal 0.587619 0.809137 0
    outer loop
      vertex -106.912 -47.3115 3
      vertex -106.607 -47.533 0
      vertex -106.912 -47.3115 0
    endloop
  endfacet
  facet normal 0.24865 0.968593 -0
    outer loop
      vertex -105.562 -47.9469 0
      vertex -105.927 -47.8532 3
      vertex -105.562 -47.9469 3
    endloop
  endfacet
  facet normal 0.24865 0.968593 0
    outer loop
      vertex -105.927 -47.8532 3
      vertex -105.562 -47.9469 0
      vertex -105.927 -47.8532 0
    endloop
  endfacet
  facet normal 0.77061 0.637307 0
    outer loop
      vertex -107.187 -47.0536 3
      vertex -107.427 -46.7634 0
      vertex -107.427 -46.7634 3
    endloop
  endfacet
  facet normal 0.77061 0.637307 0
    outer loop
      vertex -107.427 -46.7634 0
      vertex -107.187 -47.0536 3
      vertex -107.187 -47.0536 0
    endloop
  endfacet
  facet normal 0.905252 0.424876 0
    outer loop
      vertex -107.629 -46.4453 3
      vertex -107.789 -46.1044 0
      vertex -107.789 -46.1044 3
    endloop
  endfacet
  facet normal 0.905252 0.424876 0
    outer loop
      vertex -107.789 -46.1044 0
      vertex -107.629 -46.4453 3
      vertex -107.629 -46.4453 0
    endloop
  endfacet
  facet normal 0.982579 0.185843 0
    outer loop
      vertex -107.906 -45.7461 3
      vertex -107.976 -45.376 0
      vertex -107.976 -45.376 3
    endloop
  endfacet
  facet normal 0.982579 0.185843 0
    outer loop
      vertex -107.976 -45.376 0
      vertex -107.906 -45.7461 3
      vertex -107.906 -45.7461 0
    endloop
  endfacet
  facet normal 0.997969 0.0637002 0
    outer loop
      vertex -107.976 -45.376 3
      vertex -108 -45 0
      vertex -108 -45 3
    endloop
  endfacet
  facet normal 0.997969 0.0637002 0
    outer loop
      vertex -108 -45 0
      vertex -107.976 -45.376 3
      vertex -107.976 -45.376 0
    endloop
  endfacet
  facet normal -0.24865 0.968593 0
    outer loop
      vertex -104.073 -47.8532 0
      vertex -104.438 -47.9469 3
      vertex -104.073 -47.8532 3
    endloop
  endfacet
  facet normal -0.24865 0.968593 0
    outer loop
      vertex -104.438 -47.9469 3
      vertex -104.073 -47.8532 0
      vertex -104.438 -47.9469 0
    endloop
  endfacet
  facet normal 0.481919 0.876216 -0
    outer loop
      vertex -106.277 -47.7145 0
      vertex -106.607 -47.533 3
      vertex -106.277 -47.7145 3
    endloop
  endfacet
  facet normal 0.481919 0.876216 0
    outer loop
      vertex -106.607 -47.533 3
      vertex -106.277 -47.7145 0
      vertex -106.607 -47.533 0
    endloop
  endfacet
  facet normal 0.12521 0.99213 -0
    outer loop
      vertex -105.188 -47.9941 0
      vertex -105.562 -47.9469 3
      vertex -105.188 -47.9941 3
    endloop
  endfacet
  facet normal 0.12521 0.99213 0
    outer loop
      vertex -105.562 -47.9469 3
      vertex -105.188 -47.9941 0
      vertex -105.562 -47.9469 0
    endloop
  endfacet
  facet normal 0.950602 -0.310412 0
    outer loop
      vertex -107.906 45.7461 3
      vertex -107.789 46.1044 0
      vertex -107.789 46.1044 3
    endloop
  endfacet
  facet normal 0.950602 -0.310412 0
    outer loop
      vertex -107.789 46.1044 0
      vertex -107.906 45.7461 3
      vertex -107.906 45.7461 0
    endloop
  endfacet
  facet normal -0.844175 -0.536068 0
    outer loop
      vertex -102.371 46.4453 0
      vertex -102.573 46.7634 3
      vertex -102.573 46.7634 0
    endloop
  endfacet
  facet normal -0.844175 -0.536068 0
    outer loop
      vertex -102.573 46.7634 3
      vertex -102.371 46.4453 0
      vertex -102.371 46.4453 3
    endloop
  endfacet
  facet normal -0.368412 -0.929663 0
    outer loop
      vertex -104.073 47.8532 0
      vertex -103.723 47.7145 3
      vertex -104.073 47.8532 3
    endloop
  endfacet
  facet normal -0.368412 -0.929663 -0
    outer loop
      vertex -103.723 47.7145 3
      vertex -104.073 47.8532 0
      vertex -103.723 47.7145 0
    endloop
  endfacet
  facet normal 0.368412 -0.929663 0
    outer loop
      vertex -106.277 47.7145 0
      vertex -105.927 47.8532 3
      vertex -106.277 47.7145 3
    endloop
  endfacet
  facet normal 0.368412 -0.929663 0
    outer loop
      vertex -105.927 47.8532 3
      vertex -106.277 47.7145 0
      vertex -105.927 47.8532 0
    endloop
  endfacet
  facet normal 0.905252 -0.424876 0
    outer loop
      vertex -107.789 46.1044 3
      vertex -107.629 46.4453 0
      vertex -107.629 46.4453 3
    endloop
  endfacet
  facet normal 0.905252 -0.424876 0
    outer loop
      vertex -107.629 46.4453 0
      vertex -107.789 46.1044 3
      vertex -107.789 46.1044 0
    endloop
  endfacet
  facet normal -0.982579 0.185843 0
    outer loop
      vertex -102.094 44.2539 0
      vertex -102.024 44.624 3
      vertex -102.024 44.624 0
    endloop
  endfacet
  facet normal -0.982579 0.185843 0
    outer loop
      vertex -102.024 44.624 3
      vertex -102.094 44.2539 0
      vertex -102.094 44.2539 3
    endloop
  endfacet
  facet normal -0.684065 -0.729421 0
    outer loop
      vertex -103.088 47.3115 0
      vertex -102.813 47.0536 3
      vertex -103.088 47.3115 3
    endloop
  endfacet
  facet normal -0.684065 -0.729421 -0
    outer loop
      vertex -102.813 47.0536 3
      vertex -103.088 47.3115 0
      vertex -102.813 47.0536 0
    endloop
  endfacet
  facet normal 0 -1 0
    outer loop
      vertex -105.188 47.9941 0
      vertex -104.812 47.9941 3
      vertex -105.188 47.9941 3
    endloop
  endfacet
  facet normal 0 -1 -0
    outer loop
      vertex -104.812 47.9941 3
      vertex -105.188 47.9941 0
      vertex -104.812 47.9941 0
    endloop
  endfacet
  facet normal -0.587619 -0.809137 0
    outer loop
      vertex -103.393 47.533 0
      vertex -103.088 47.3115 3
      vertex -103.393 47.533 3
    endloop
  endfacet
  facet normal -0.587619 -0.809137 -0
    outer loop
      vertex -103.088 47.3115 3
      vertex -103.393 47.533 0
      vertex -103.088 47.3115 0
    endloop
  endfacet
  facet normal 0.982579 -0.185843 0
    outer loop
      vertex -107.976 45.376 3
      vertex -107.906 45.7461 0
      vertex -107.906 45.7461 3
    endloop
  endfacet
  facet normal 0.982579 -0.185843 0
    outer loop
      vertex -107.906 45.7461 0
      vertex -107.976 45.376 3
      vertex -107.976 45.376 0
    endloop
  endfacet
  facet normal 0.77061 -0.637307 0
    outer loop
      vertex -107.427 46.7634 3
      vertex -107.187 47.0536 0
      vertex -107.187 47.0536 3
    endloop
  endfacet
  facet normal 0.77061 -0.637307 0
    outer loop
      vertex -107.187 47.0536 0
      vertex -107.427 46.7634 3
      vertex -107.427 46.7634 0
    endloop
  endfacet
  facet normal 0.24865 -0.968593 0
    outer loop
      vertex -105.927 47.8532 0
      vertex -105.562 47.9469 3
      vertex -105.927 47.8532 3
    endloop
  endfacet
  facet normal 0.24865 -0.968593 0
    outer loop
      vertex -105.562 47.9469 3
      vertex -105.927 47.8532 0
      vertex -105.562 47.9469 0
    endloop
  endfacet
  facet normal 0.684065 -0.729421 0
    outer loop
      vertex -107.187 47.0536 0
      vertex -106.912 47.3115 3
      vertex -107.187 47.0536 3
    endloop
  endfacet
  facet normal 0.684065 -0.729421 0
    outer loop
      vertex -106.912 47.3115 3
      vertex -107.187 47.0536 0
      vertex -106.912 47.3115 0
    endloop
  endfacet
  facet normal -0.997969 -0.0637002 0
    outer loop
      vertex -102 45 0
      vertex -102.024 45.376 3
      vertex -102.024 45.376 0
    endloop
  endfacet
  facet normal -0.997969 -0.0637002 0
    outer loop
      vertex -102.024 45.376 3
      vertex -102 45 0
      vertex -102 45 3
    endloop
  endfacet
  facet normal -0.77061 -0.637307 0
    outer loop
      vertex -102.573 46.7634 0
      vertex -102.813 47.0536 3
      vertex -102.813 47.0536 0
    endloop
  endfacet
  facet normal -0.77061 -0.637307 0
    outer loop
      vertex -102.813 47.0536 3
      vertex -102.573 46.7634 0
      vertex -102.573 46.7634 3
    endloop
  endfacet
  facet normal -0.24865 -0.968593 0
    outer loop
      vertex -104.438 47.9469 0
      vertex -104.073 47.8532 3
      vertex -104.438 47.9469 3
    endloop
  endfacet
  facet normal -0.24865 -0.968593 -0
    outer loop
      vertex -104.073 47.8532 3
      vertex -104.438 47.9469 0
      vertex -104.073 47.8532 0
    endloop
  endfacet
  facet normal -0.12521 -0.99213 0
    outer loop
      vertex -104.812 47.9941 0
      vertex -104.438 47.9469 3
      vertex -104.812 47.9941 3
    endloop
  endfacet
  facet normal -0.12521 -0.99213 -0
    outer loop
      vertex -104.438 47.9469 3
      vertex -104.812 47.9941 0
      vertex -104.438 47.9469 0
    endloop
  endfacet
  facet normal -0.481919 -0.876216 0
    outer loop
      vertex -103.723 47.7145 0
      vertex -103.393 47.533 3
      vertex -103.723 47.7145 3
    endloop
  endfacet
  facet normal -0.481919 -0.876216 -0
    outer loop
      vertex -103.393 47.533 3
      vertex -103.723 47.7145 0
      vertex -103.393 47.533 0
    endloop
  endfacet
  facet normal 0.997969 -0.0637002 0
    outer loop
      vertex -108 45 3
      vertex -107.976 45.376 0
      vertex -107.976 45.376 3
    endloop
  endfacet
  facet normal 0.997969 -0.0637002 0
    outer loop
      vertex -107.976 45.376 0
      vertex -108 45 3
      vertex -108 45 0
    endloop
  endfacet
  facet normal 0.844175 -0.536068 0
    outer loop
      vertex -107.629 46.4453 3
      vertex -107.427 46.7634 0
      vertex -107.427 46.7634 3
    endloop
  endfacet
  facet normal 0.844175 -0.536068 0
    outer loop
      vertex -107.427 46.7634 0
      vertex -107.629 46.4453 3
      vertex -107.629 46.4453 0
    endloop
  endfacet
  facet normal 0.12521 -0.99213 0
    outer loop
      vertex -105.562 47.9469 0
      vertex -105.188 47.9941 3
      vertex -105.562 47.9469 3
    endloop
  endfacet
  facet normal 0.12521 -0.99213 0
    outer loop
      vertex -105.188 47.9941 3
      vertex -105.562 47.9469 0
      vertex -105.188 47.9941 0
    endloop
  endfacet
  facet normal 0.587619 -0.809137 0
    outer loop
      vertex -106.912 47.3115 0
      vertex -106.607 47.533 3
      vertex -106.912 47.3115 3
    endloop
  endfacet
  facet normal 0.587619 -0.809137 0
    outer loop
      vertex -106.607 47.533 3
      vertex -106.912 47.3115 0
      vertex -106.607 47.533 0
    endloop
  endfacet
  facet normal 0.481919 -0.876216 0
    outer loop
      vertex -106.607 47.533 0
      vertex -106.277 47.7145 3
      vertex -106.607 47.533 3
    endloop
  endfacet
  facet normal 0.481919 -0.876216 0
    outer loop
      vertex -106.277 47.7145 3
      vertex -106.607 47.533 0
      vertex -106.277 47.7145 0
    endloop
  endfacet
  facet normal -0.997969 0.0637002 0
    outer loop
      vertex -102.024 44.624 0
      vertex -102 45 3
      vertex -102 45 0
    endloop
  endfacet
  facet normal -0.997969 0.0637002 0
    outer loop
      vertex -102 45 3
      vertex -102.024 44.624 0
      vertex -102.024 44.624 3
    endloop
  endfacet
  facet normal 0.844175 0.536068 0
    outer loop
      vertex -107.427 43.2366 3
      vertex -107.629 43.5547 0
      vertex -107.629 43.5547 3
    endloop
  endfacet
  facet normal 0.844175 0.536068 0
    outer loop
      vertex -107.629 43.5547 0
      vertex -107.427 43.2366 3
      vertex -107.427 43.2366 0
    endloop
  endfacet
  facet normal -0.481919 0.876216 0
    outer loop
      vertex -103.393 42.467 0
      vertex -103.723 42.2855 3
      vertex -103.393 42.467 3
    endloop
  endfacet
  facet normal -0.481919 0.876216 0
    outer loop
      vertex -103.723 42.2855 3
      vertex -103.393 42.467 0
      vertex -103.723 42.2855 0
    endloop
  endfacet
  facet normal -0.905252 -0.424876 0
    outer loop
      vertex -102.211 46.1044 0
      vertex -102.371 46.4453 3
      vertex -102.371 46.4453 0
    endloop
  endfacet
  facet normal -0.905252 -0.424876 0
    outer loop
      vertex -102.371 46.4453 3
      vertex -102.211 46.1044 0
      vertex -102.211 46.1044 3
    endloop
  endfacet
  facet normal -0.950602 -0.310412 0
    outer loop
      vertex -102.094 45.7461 0
      vertex -102.211 46.1044 3
      vertex -102.211 46.1044 0
    endloop
  endfacet
  facet normal -0.950602 -0.310412 0
    outer loop
      vertex -102.211 46.1044 3
      vertex -102.094 45.7461 0
      vertex -102.094 45.7461 3
    endloop
  endfacet
  facet normal -0.982579 -0.185843 0
    outer loop
      vertex -102.024 45.376 0
      vertex -102.094 45.7461 3
      vertex -102.094 45.7461 0
    endloop
  endfacet
  facet normal -0.982579 -0.185843 0
    outer loop
      vertex -102.094 45.7461 3
      vertex -102.024 45.376 0
      vertex -102.024 45.376 3
    endloop
  endfacet
  facet normal -0.905252 0.424876 0
    outer loop
      vertex -102.371 43.5547 0
      vertex -102.211 43.8956 3
      vertex -102.211 43.8956 0
    endloop
  endfacet
  facet normal -0.905252 0.424876 0
    outer loop
      vertex -102.211 43.8956 3
      vertex -102.371 43.5547 0
      vertex -102.371 43.5547 3
    endloop
  endfacet
  facet normal -0.950602 0.310412 0
    outer loop
      vertex -102.211 43.8956 0
      vertex -102.094 44.2539 3
      vertex -102.094 44.2539 0
    endloop
  endfacet
  facet normal -0.950602 0.310412 0
    outer loop
      vertex -102.094 44.2539 3
      vertex -102.211 43.8956 0
      vertex -102.211 43.8956 3
    endloop
  endfacet
  facet normal -0.844175 0.536068 0
    outer loop
      vertex -102.573 43.2366 0
      vertex -102.371 43.5547 3
      vertex -102.371 43.5547 0
    endloop
  endfacet
  facet normal -0.844175 0.536068 0
    outer loop
      vertex -102.371 43.5547 3
      vertex -102.573 43.2366 0
      vertex -102.573 43.2366 3
    endloop
  endfacet
  facet normal 0 1 -0
    outer loop
      vertex -104.812 42.0059 0
      vertex -105.188 42.0059 3
      vertex -104.812 42.0059 3
    endloop
  endfacet
  facet normal 0 1 0
    outer loop
      vertex -105.188 42.0059 3
      vertex -104.812 42.0059 0
      vertex -105.188 42.0059 0
    endloop
  endfacet
  facet normal 0.997969 0.0637002 0
    outer loop
      vertex -107.976 44.624 3
      vertex -108 45 0
      vertex -108 45 3
    endloop
  endfacet
  facet normal 0.997969 0.0637002 0
    outer loop
      vertex -108 45 0
      vertex -107.976 44.624 3
      vertex -107.976 44.624 0
    endloop
  endfacet
  facet normal 0.982579 0.185843 0
    outer loop
      vertex -107.906 44.2539 3
      vertex -107.976 44.624 0
      vertex -107.976 44.624 3
    endloop
  endfacet
  facet normal 0.982579 0.185843 0
    outer loop
      vertex -107.976 44.624 0
      vertex -107.906 44.2539 3
      vertex -107.906 44.2539 0
    endloop
  endfacet
  facet normal 0.905252 0.424876 0
    outer loop
      vertex -107.629 43.5547 3
      vertex -107.789 43.8956 0
      vertex -107.789 43.8956 3
    endloop
  endfacet
  facet normal 0.905252 0.424876 0
    outer loop
      vertex -107.789 43.8956 0
      vertex -107.629 43.5547 3
      vertex -107.629 43.5547 0
    endloop
  endfacet
  facet normal 0.684065 0.729421 -0
    outer loop
      vertex -106.912 42.6885 0
      vertex -107.187 42.9464 3
      vertex -106.912 42.6885 3
    endloop
  endfacet
  facet normal 0.684065 0.729421 0
    outer loop
      vertex -107.187 42.9464 3
      vertex -106.912 42.6885 0
      vertex -107.187 42.9464 0
    endloop
  endfacet
  facet normal -0.12521 0.99213 0
    outer loop
      vertex -104.438 42.0531 0
      vertex -104.812 42.0059 3
      vertex -104.438 42.0531 3
    endloop
  endfacet
  facet normal -0.12521 0.99213 0
    outer loop
      vertex -104.812 42.0059 3
      vertex -104.438 42.0531 0
      vertex -104.812 42.0059 0
    endloop
  endfacet
  facet normal -0.368412 0.929663 0
    outer loop
      vertex -103.723 42.2855 0
      vertex -104.073 42.1468 3
      vertex -103.723 42.2855 3
    endloop
  endfacet
  facet normal -0.368412 0.929663 0
    outer loop
      vertex -104.073 42.1468 3
      vertex -103.723 42.2855 0
      vertex -104.073 42.1468 0
    endloop
  endfacet
  facet normal -0.684065 0.729421 0
    outer loop
      vertex -102.813 42.9464 0
      vertex -103.088 42.6885 3
      vertex -102.813 42.9464 3
    endloop
  endfacet
  facet normal -0.684065 0.729421 0
    outer loop
      vertex -103.088 42.6885 3
      vertex -102.813 42.9464 0
      vertex -103.088 42.6885 0
    endloop
  endfacet
  facet normal -0.587619 0.809137 0
    outer loop
      vertex -103.088 42.6885 0
      vertex -103.393 42.467 3
      vertex -103.088 42.6885 3
    endloop
  endfacet
  facet normal -0.587619 0.809137 0
    outer loop
      vertex -103.393 42.467 3
      vertex -103.088 42.6885 0
      vertex -103.393 42.467 0
    endloop
  endfacet
  facet normal 0.587619 0.809137 -0
    outer loop
      vertex -106.607 42.467 0
      vertex -106.912 42.6885 3
      vertex -106.607 42.467 3
    endloop
  endfacet
  facet normal 0.587619 0.809137 0
    outer loop
      vertex -106.912 42.6885 3
      vertex -106.607 42.467 0
      vertex -106.912 42.6885 0
    endloop
  endfacet
  facet normal 0.368412 0.929663 -0
    outer loop
      vertex -105.927 42.1468 0
      vertex -106.277 42.2855 3
      vertex -105.927 42.1468 3
    endloop
  endfacet
  facet normal 0.368412 0.929663 0
    outer loop
      vertex -106.277 42.2855 3
      vertex -105.927 42.1468 0
      vertex -106.277 42.2855 0
    endloop
  endfacet
  facet normal 0.12521 0.99213 -0
    outer loop
      vertex -105.188 42.0059 0
      vertex -105.562 42.0531 3
      vertex -105.188 42.0059 3
    endloop
  endfacet
  facet normal 0.12521 0.99213 0
    outer loop
      vertex -105.562 42.0531 3
      vertex -105.188 42.0059 0
      vertex -105.562 42.0531 0
    endloop
  endfacet
  facet normal 0.24865 0.968593 -0
    outer loop
      vertex -105.562 42.0531 0
      vertex -105.927 42.1468 3
      vertex -105.562 42.0531 3
    endloop
  endfacet
  facet normal 0.24865 0.968593 0
    outer loop
      vertex -105.927 42.1468 3
      vertex -105.562 42.0531 0
      vertex -105.927 42.1468 0
    endloop
  endfacet
  facet normal -0.24865 0.968593 0
    outer loop
      vertex -104.073 42.1468 0
      vertex -104.438 42.0531 3
      vertex -104.073 42.1468 3
    endloop
  endfacet
  facet normal -0.24865 0.968593 0
    outer loop
      vertex -104.438 42.0531 3
      vertex -104.073 42.1468 0
      vertex -104.438 42.0531 0
    endloop
  endfacet
  facet normal -0.77061 0.637307 0
    outer loop
      vertex -102.813 42.9464 0
      vertex -102.573 43.2366 3
      vertex -102.573 43.2366 0
    endloop
  endfacet
  facet normal -0.77061 0.637307 0
    outer loop
      vertex -102.573 43.2366 3
      vertex -102.813 42.9464 0
      vertex -102.813 42.9464 3
    endloop
  endfacet
  facet normal 0.481919 0.876216 -0
    outer loop
      vertex -106.277 42.2855 0
      vertex -106.607 42.467 3
      vertex -106.277 42.2855 3
    endloop
  endfacet
  facet normal 0.481919 0.876216 0
    outer loop
      vertex -106.607 42.467 3
      vertex -106.277 42.2855 0
      vertex -106.607 42.467 0
    endloop
  endfacet
  facet normal 0.950602 0.310412 0
    outer loop
      vertex -107.789 43.8956 3
      vertex -107.906 44.2539 0
      vertex -107.906 44.2539 3
    endloop
  endfacet
  facet normal 0.950602 0.310412 0
    outer loop
      vertex -107.906 44.2539 0
      vertex -107.789 43.8956 3
      vertex -107.789 43.8956 0
    endloop
  endfacet
  facet normal 0.77061 0.637307 0
    outer loop
      vertex -107.187 42.9464 3
      vertex -107.427 43.2366 0
      vertex -107.427 43.2366 3
    endloop
  endfacet
  facet normal 0.77061 0.637307 0
    outer loop
      vertex -107.427 43.2366 0
      vertex -107.187 42.9464 3
      vertex -107.187 42.9464 0
    endloop
  endfacet
  facet normal -0.997969 -0.0637002 0
    outer loop
      vertex 108 -45 0
      vertex 107.976 -44.624 3
      vertex 107.976 -44.624 0
    endloop
  endfacet
  facet normal -0.997969 -0.0637002 0
    outer loop
      vertex 107.976 -44.624 3
      vertex 108 -45 0
      vertex 108 -45 3
    endloop
  endfacet
  facet normal 0.12521 -0.99213 0
    outer loop
      vertex 104.438 -42.0531 0
      vertex 104.812 -42.0059 3
      vertex 104.438 -42.0531 3
    endloop
  endfacet
  facet normal 0.12521 -0.99213 0
    outer loop
      vertex 104.812 -42.0059 3
      vertex 104.438 -42.0531 0
      vertex 104.812 -42.0059 0
    endloop
  endfacet
  facet normal -0.12521 0.99213 0
    outer loop
      vertex 105.562 -47.9469 0
      vertex 105.188 -47.9941 3
      vertex 105.562 -47.9469 3
    endloop
  endfacet
  facet normal -0.12521 0.99213 0
    outer loop
      vertex 105.188 -47.9941 3
      vertex 105.562 -47.9469 0
      vertex 105.188 -47.9941 0
    endloop
  endfacet
  facet normal -0.77061 0.637307 0
    outer loop
      vertex 107.187 -47.0536 0
      vertex 107.427 -46.7634 3
      vertex 107.427 -46.7634 0
    endloop
  endfacet
  facet normal -0.77061 0.637307 0
    outer loop
      vertex 107.427 -46.7634 3
      vertex 107.187 -47.0536 0
      vertex 107.187 -47.0536 3
    endloop
  endfacet
  facet normal -0.684065 -0.729421 0
    outer loop
      vertex 106.912 -42.6885 0
      vertex 107.187 -42.9464 3
      vertex 106.912 -42.6885 3
    endloop
  endfacet
  facet normal -0.684065 -0.729421 -0
    outer loop
      vertex 107.187 -42.9464 3
      vertex 106.912 -42.6885 0
      vertex 107.187 -42.9464 0
    endloop
  endfacet
  facet normal 0.77061 -0.637307 0
    outer loop
      vertex 102.573 -43.2366 3
      vertex 102.813 -42.9464 0
      vertex 102.813 -42.9464 3
    endloop
  endfacet
  facet normal 0.77061 -0.637307 0
    outer loop
      vertex 102.813 -42.9464 0
      vertex 102.573 -43.2366 3
      vertex 102.573 -43.2366 0
    endloop
  endfacet
  facet normal 0.481919 -0.876216 0
    outer loop
      vertex 103.393 -42.467 0
      vertex 103.723 -42.2855 3
      vertex 103.393 -42.467 3
    endloop
  endfacet
  facet normal 0.481919 -0.876216 0
    outer loop
      vertex 103.723 -42.2855 3
      vertex 103.393 -42.467 0
      vertex 103.723 -42.2855 0
    endloop
  endfacet
  facet normal -0.950602 0.310412 0
    outer loop
      vertex 107.789 -46.1044 0
      vertex 107.906 -45.7461 3
      vertex 107.906 -45.7461 0
    endloop
  endfacet
  facet normal -0.950602 0.310412 0
    outer loop
      vertex 107.906 -45.7461 3
      vertex 107.789 -46.1044 0
      vertex 107.789 -46.1044 3
    endloop
  endfacet
  facet normal -0.905252 -0.424876 0
    outer loop
      vertex 107.789 -43.8956 0
      vertex 107.629 -43.5547 3
      vertex 107.629 -43.5547 0
    endloop
  endfacet
  facet normal -0.905252 -0.424876 0
    outer loop
      vertex 107.629 -43.5547 3
      vertex 107.789 -43.8956 0
      vertex 107.789 -43.8956 3
    endloop
  endfacet
  facet normal -0.982579 -0.185843 0
    outer loop
      vertex 107.976 -44.624 0
      vertex 107.906 -44.2539 3
      vertex 107.906 -44.2539 0
    endloop
  endfacet
  facet normal -0.982579 -0.185843 0
    outer loop
      vertex 107.906 -44.2539 3
      vertex 107.976 -44.624 0
      vertex 107.976 -44.624 3
    endloop
  endfacet
  facet normal -0.368412 -0.929663 0
    outer loop
      vertex 105.927 -42.1468 0
      vertex 106.277 -42.2855 3
      vertex 105.927 -42.1468 3
    endloop
  endfacet
  facet normal -0.368412 -0.929663 -0
    outer loop
      vertex 106.277 -42.2855 3
      vertex 105.927 -42.1468 0
      vertex 106.277 -42.2855 0
    endloop
  endfacet
  facet normal -0.587619 -0.809137 0
    outer loop
      vertex 106.607 -42.467 0
      vertex 106.912 -42.6885 3
      vertex 106.607 -42.467 3
    endloop
  endfacet
  facet normal -0.587619 -0.809137 -0
    outer loop
      vertex 106.912 -42.6885 3
      vertex 106.607 -42.467 0
      vertex 106.912 -42.6885 0
    endloop
  endfacet
  facet normal 0.950602 -0.310412 0
    outer loop
      vertex 102.094 -44.2539 3
      vertex 102.211 -43.8956 0
      vertex 102.211 -43.8956 3
    endloop
  endfacet
  facet normal 0.950602 -0.310412 0
    outer loop
      vertex 102.211 -43.8956 0
      vertex 102.094 -44.2539 3
      vertex 102.094 -44.2539 0
    endloop
  endfacet
  facet normal 0.844175 -0.536068 0
    outer loop
      vertex 102.371 -43.5547 3
      vertex 102.573 -43.2366 0
      vertex 102.573 -43.2366 3
    endloop
  endfacet
  facet normal 0.844175 -0.536068 0
    outer loop
      vertex 102.573 -43.2366 0
      vertex 102.371 -43.5547 3
      vertex 102.371 -43.5547 0
    endloop
  endfacet
  facet normal 0.587619 -0.809137 0
    outer loop
      vertex 103.088 -42.6885 0
      vertex 103.393 -42.467 3
      vertex 103.088 -42.6885 3
    endloop
  endfacet
  facet normal 0.587619 -0.809137 0
    outer loop
      vertex 103.393 -42.467 3
      vertex 103.088 -42.6885 0
      vertex 103.393 -42.467 0
    endloop
  endfacet
  facet normal 0.24865 -0.968593 0
    outer loop
      vertex 104.073 -42.1468 0
      vertex 104.438 -42.0531 3
      vertex 104.073 -42.1468 3
    endloop
  endfacet
  facet normal 0.24865 -0.968593 0
    outer loop
      vertex 104.438 -42.0531 3
      vertex 104.073 -42.1468 0
      vertex 104.438 -42.0531 0
    endloop
  endfacet
  facet normal -0.24865 0.968593 0
    outer loop
      vertex 105.927 -47.8532 0
      vertex 105.562 -47.9469 3
      vertex 105.927 -47.8532 3
    endloop
  endfacet
  facet normal -0.24865 0.968593 0
    outer loop
      vertex 105.562 -47.9469 3
      vertex 105.927 -47.8532 0
      vertex 105.562 -47.9469 0
    endloop
  endfacet
  facet normal -0.481919 0.876216 0
    outer loop
      vertex 106.607 -47.533 0
      vertex 106.277 -47.7145 3
      vertex 106.607 -47.533 3
    endloop
  endfacet
  facet normal -0.481919 0.876216 0
    outer loop
      vertex 106.277 -47.7145 3
      vertex 106.607 -47.533 0
      vertex 106.277 -47.7145 0
    endloop
  endfacet
  facet normal -0.950602 -0.310412 0
    outer loop
      vertex 107.906 -44.2539 0
      vertex 107.789 -43.8956 3
      vertex 107.789 -43.8956 0
    endloop
  endfacet
  facet normal -0.950602 -0.310412 0
    outer loop
      vertex 107.789 -43.8956 3
      vertex 107.906 -44.2539 0
      vertex 107.906 -44.2539 3
    endloop
  endfacet
  facet normal -0.77061 -0.637307 0
    outer loop
      vertex 107.427 -43.2366 0
      vertex 107.187 -42.9464 3
      vertex 107.187 -42.9464 0
    endloop
  endfacet
  facet normal -0.77061 -0.637307 0
    outer loop
      vertex 107.187 -42.9464 3
      vertex 107.427 -43.2366 0
      vertex 107.427 -43.2366 3
    endloop
  endfacet
  facet normal -0.844175 -0.536068 0
    outer loop
      vertex 107.629 -43.5547 0
      vertex 107.427 -43.2366 3
      vertex 107.427 -43.2366 0
    endloop
  endfacet
  facet normal -0.844175 -0.536068 0
    outer loop
      vertex 107.427 -43.2366 3
      vertex 107.629 -43.5547 0
      vertex 107.629 -43.5547 3
    endloop
  endfacet
  facet normal -0.12521 -0.99213 0
    outer loop
      vertex 105.188 -42.0059 0
      vertex 105.562 -42.0531 3
      vertex 105.188 -42.0059 3
    endloop
  endfacet
  facet normal -0.12521 -0.99213 -0
    outer loop
      vertex 105.562 -42.0531 3
      vertex 105.188 -42.0059 0
      vertex 105.562 -42.0531 0
    endloop
  endfacet
  facet normal -0.24865 -0.968593 0
    outer loop
      vertex 105.562 -42.0531 0
      vertex 105.927 -42.1468 3
      vertex 105.562 -42.0531 3
    endloop
  endfacet
  facet normal -0.24865 -0.968593 -0
    outer loop
      vertex 105.927 -42.1468 3
      vertex 105.562 -42.0531 0
      vertex 105.927 -42.1468 0
    endloop
  endfacet
  facet normal 0 -1 0
    outer loop
      vertex 104.812 -42.0059 0
      vertex 105.188 -42.0059 3
      vertex 104.812 -42.0059 3
    endloop
  endfacet
  facet normal 0 -1 -0
    outer loop
      vertex 105.188 -42.0059 3
      vertex 104.812 -42.0059 0
      vertex 105.188 -42.0059 0
    endloop
  endfacet
  facet normal -0.481919 -0.876216 0
    outer loop
      vertex 106.277 -42.2855 0
      vertex 106.607 -42.467 3
      vertex 106.277 -42.2855 3
    endloop
  endfacet
  facet normal -0.481919 -0.876216 -0
    outer loop
      vertex 106.607 -42.467 3
      vertex 106.277 -42.2855 0
      vertex 106.607 -42.467 0
    endloop
  endfacet
  facet normal 0.905252 -0.424876 0
    outer loop
      vertex 102.211 -43.8956 3
      vertex 102.371 -43.5547 0
      vertex 102.371 -43.5547 3
    endloop
  endfacet
  facet normal 0.905252 -0.424876 0
    outer loop
      vertex 102.371 -43.5547 0
      vertex 102.211 -43.8956 3
      vertex 102.211 -43.8956 0
    endloop
  endfacet
  facet normal 0.982579 -0.185843 0
    outer loop
      vertex 102.024 -44.624 3
      vertex 102.094 -44.2539 0
      vertex 102.094 -44.2539 3
    endloop
  endfacet
  facet normal 0.982579 -0.185843 0
    outer loop
      vertex 102.094 -44.2539 0
      vertex 102.024 -44.624 3
      vertex 102.024 -44.624 0
    endloop
  endfacet
  facet normal 0.997969 -0.0637002 0
    outer loop
      vertex 102 -45 3
      vertex 102.024 -44.624 0
      vertex 102.024 -44.624 3
    endloop
  endfacet
  facet normal 0.997969 -0.0637002 0
    outer loop
      vertex 102.024 -44.624 0
      vertex 102 -45 3
      vertex 102 -45 0
    endloop
  endfacet
  facet normal 0.997969 0.0637002 0
    outer loop
      vertex 102.024 -45.376 3
      vertex 102 -45 0
      vertex 102 -45 3
    endloop
  endfacet
  facet normal 0.997969 0.0637002 0
    outer loop
      vertex 102 -45 0
      vertex 102.024 -45.376 3
      vertex 102.024 -45.376 0
    endloop
  endfacet
  facet normal 0.684065 -0.729421 0
    outer loop
      vertex 102.813 -42.9464 0
      vertex 103.088 -42.6885 3
      vertex 102.813 -42.9464 3
    endloop
  endfacet
  facet normal 0.684065 -0.729421 0
    outer loop
      vertex 103.088 -42.6885 3
      vertex 102.813 -42.9464 0
      vertex 103.088 -42.6885 0
    endloop
  endfacet
  facet normal 0.368412 -0.929663 0
    outer loop
      vertex 103.723 -42.2855 0
      vertex 104.073 -42.1468 3
      vertex 103.723 -42.2855 3
    endloop
  endfacet
  facet normal 0.368412 -0.929663 0
    outer loop
      vertex 104.073 -42.1468 3
      vertex 103.723 -42.2855 0
      vertex 104.073 -42.1468 0
    endloop
  endfacet
  facet normal -0.997969 0.0637002 0
    outer loop
      vertex 107.976 -45.376 0
      vertex 108 -45 3
      vertex 108 -45 0
    endloop
  endfacet
  facet normal -0.997969 0.0637002 0
    outer loop
      vertex 108 -45 3
      vertex 107.976 -45.376 0
      vertex 107.976 -45.376 3
    endloop
  endfacet
  facet normal -0.844175 0.536068 0
    outer loop
      vertex 107.427 -46.7634 0
      vertex 107.629 -46.4453 3
      vertex 107.629 -46.4453 0
    endloop
  endfacet
  facet normal -0.844175 0.536068 0
    outer loop
      vertex 107.629 -46.4453 3
      vertex 107.427 -46.7634 0
      vertex 107.427 -46.7634 3
    endloop
  endfacet
  facet normal -0.982579 0.185843 0
    outer loop
      vertex 107.906 -45.7461 0
      vertex 107.976 -45.376 3
      vertex 107.976 -45.376 0
    endloop
  endfacet
  facet normal -0.982579 0.185843 0
    outer loop
      vertex 107.976 -45.376 3
      vertex 107.906 -45.7461 0
      vertex 107.906 -45.7461 3
    endloop
  endfacet
  facet normal 0.587619 0.809137 -0
    outer loop
      vertex 103.393 -47.533 0
      vertex 103.088 -47.3115 3
      vertex 103.393 -47.533 3
    endloop
  endfacet
  facet normal 0.587619 0.809137 0
    outer loop
      vertex 103.088 -47.3115 3
      vertex 103.393 -47.533 0
      vertex 103.088 -47.3115 0
    endloop
  endfacet
  facet normal 0.844175 0.536068 0
    outer loop
      vertex 102.573 -46.7634 3
      vertex 102.371 -46.4453 0
      vertex 102.371 -46.4453 3
    endloop
  endfacet
  facet normal 0.844175 0.536068 0
    outer loop
      vertex 102.371 -46.4453 0
      vertex 102.573 -46.7634 3
      vertex 102.573 -46.7634 0
    endloop
  endfacet
  facet normal 0.684065 0.729421 -0
    outer loop
      vertex 103.088 -47.3115 0
      vertex 102.813 -47.0536 3
      vertex 103.088 -47.3115 3
    endloop
  endfacet
  facet normal 0.684065 0.729421 0
    outer loop
      vertex 102.813 -47.0536 3
      vertex 103.088 -47.3115 0
      vertex 102.813 -47.0536 0
    endloop
  endfacet
  facet normal -0.587619 0.809137 0
    outer loop
      vertex 106.912 -47.3115 0
      vertex 106.607 -47.533 3
      vertex 106.912 -47.3115 3
    endloop
  endfacet
  facet normal -0.587619 0.809137 0
    outer loop
      vertex 106.607 -47.533 3
      vertex 106.912 -47.3115 0
      vertex 106.607 -47.533 0
    endloop
  endfacet
  facet normal -0.905252 0.424876 0
    outer loop
      vertex 107.629 -46.4453 0
      vertex 107.789 -46.1044 3
      vertex 107.789 -46.1044 0
    endloop
  endfacet
  facet normal -0.905252 0.424876 0
    outer loop
      vertex 107.789 -46.1044 3
      vertex 107.629 -46.4453 0
      vertex 107.629 -46.4453 3
    endloop
  endfacet
  facet normal 0.950602 0.310412 0
    outer loop
      vertex 102.211 -46.1044 3
      vertex 102.094 -45.7461 0
      vertex 102.094 -45.7461 3
    endloop
  endfacet
  facet normal 0.950602 0.310412 0
    outer loop
      vertex 102.094 -45.7461 0
      vertex 102.211 -46.1044 3
      vertex 102.211 -46.1044 0
    endloop
  endfacet
  facet normal 0.982579 0.185843 0
    outer loop
      vertex 102.094 -45.7461 3
      vertex 102.024 -45.376 0
      vertex 102.024 -45.376 3
    endloop
  endfacet
  facet normal 0.982579 0.185843 0
    outer loop
      vertex 102.024 -45.376 0
      vertex 102.094 -45.7461 3
      vertex 102.094 -45.7461 0
    endloop
  endfacet
  facet normal 0.905252 0.424876 0
    outer loop
      vertex 102.371 -46.4453 3
      vertex 102.211 -46.1044 0
      vertex 102.211 -46.1044 3
    endloop
  endfacet
  facet normal 0.905252 0.424876 0
    outer loop
      vertex 102.211 -46.1044 0
      vertex 102.371 -46.4453 3
      vertex 102.371 -46.4453 0
    endloop
  endfacet
  facet normal -0.684065 0.729421 0
    outer loop
      vertex 107.187 -47.0536 0
      vertex 106.912 -47.3115 3
      vertex 107.187 -47.0536 3
    endloop
  endfacet
  facet normal -0.684065 0.729421 0
    outer loop
      vertex 106.912 -47.3115 3
      vertex 107.187 -47.0536 0
      vertex 106.912 -47.3115 0
    endloop
  endfacet
  facet normal -0.368412 0.929663 0
    outer loop
      vertex 106.277 -47.7145 0
      vertex 105.927 -47.8532 3
      vertex 106.277 -47.7145 3
    endloop
  endfacet
  facet normal -0.368412 0.929663 0
    outer loop
      vertex 105.927 -47.8532 3
      vertex 106.277 -47.7145 0
      vertex 105.927 -47.8532 0
    endloop
  endfacet
  facet normal 0 1 -0
    outer loop
      vertex 105.188 -47.9941 0
      vertex 104.812 -47.9941 3
      vertex 105.188 -47.9941 3
    endloop
  endfacet
  facet normal 0 1 0
    outer loop
      vertex 104.812 -47.9941 3
      vertex 105.188 -47.9941 0
      vertex 104.812 -47.9941 0
    endloop
  endfacet
  facet normal 0.481919 0.876216 -0
    outer loop
      vertex 103.723 -47.7145 0
      vertex 103.393 -47.533 3
      vertex 103.723 -47.7145 3
    endloop
  endfacet
  facet normal 0.481919 0.876216 0
    outer loop
      vertex 103.393 -47.533 3
      vertex 103.723 -47.7145 0
      vertex 103.393 -47.533 0
    endloop
  endfacet
  facet normal 0.77061 0.637307 0
    outer loop
      vertex 102.813 -47.0536 3
      vertex 102.573 -46.7634 0
      vertex 102.573 -46.7634 3
    endloop
  endfacet
  facet normal 0.77061 0.637307 0
    outer loop
      vertex 102.573 -46.7634 0
      vertex 102.813 -47.0536 3
      vertex 102.813 -47.0536 0
    endloop
  endfacet
  facet normal 0.12521 0.99213 -0
    outer loop
      vertex 104.812 -47.9941 0
      vertex 104.438 -47.9469 3
      vertex 104.812 -47.9941 3
    endloop
  endfacet
  facet normal 0.12521 0.99213 0
    outer loop
      vertex 104.438 -47.9469 3
      vertex 104.812 -47.9941 0
      vertex 104.438 -47.9469 0
    endloop
  endfacet
  facet normal 0.24865 0.968593 -0
    outer loop
      vertex 104.438 -47.9469 0
      vertex 104.073 -47.8532 3
      vertex 104.438 -47.9469 3
    endloop
  endfacet
  facet normal 0.24865 0.968593 0
    outer loop
      vertex 104.073 -47.8532 3
      vertex 104.438 -47.9469 0
      vertex 104.073 -47.8532 0
    endloop
  endfacet
  facet normal 0.368412 0.929663 -0
    outer loop
      vertex 104.073 -47.8532 0
      vertex 103.723 -47.7145 3
      vertex 104.073 -47.8532 3
    endloop
  endfacet
  facet normal 0.368412 0.929663 0
    outer loop
      vertex 103.723 -47.7145 3
      vertex 104.073 -47.8532 0
      vertex 103.723 -47.7145 0
    endloop
  endfacet
  facet normal -0.997969 -0.0637002 0
    outer loop
      vertex 108 45 0
      vertex 107.976 45.376 3
      vertex 107.976 45.376 0
    endloop
  endfacet
  facet normal -0.997969 -0.0637002 0
    outer loop
      vertex 107.976 45.376 3
      vertex 108 45 0
      vertex 108 45 3
    endloop
  endfacet
  facet normal 0.12521 -0.99213 0
    outer loop
      vertex 104.438 47.9469 0
      vertex 104.812 47.9941 3
      vertex 104.438 47.9469 3
    endloop
  endfacet
  facet normal 0.12521 -0.99213 0
    outer loop
      vertex 104.812 47.9941 3
      vertex 104.438 47.9469 0
      vertex 104.812 47.9941 0
    endloop
  endfacet
  facet normal -0.12521 0.99213 0
    outer loop
      vertex 105.562 42.0531 0
      vertex 105.188 42.0059 3
      vertex 105.562 42.0531 3
    endloop
  endfacet
  facet normal -0.12521 0.99213 0
    outer loop
      vertex 105.188 42.0059 3
      vertex 105.562 42.0531 0
      vertex 105.188 42.0059 0
    endloop
  endfacet
  facet normal -0.684065 -0.729421 0
    outer loop
      vertex 106.912 47.3115 0
      vertex 107.187 47.0536 3
      vertex 106.912 47.3115 3
    endloop
  endfacet
  facet normal -0.684065 -0.729421 -0
    outer loop
      vertex 107.187 47.0536 3
      vertex 106.912 47.3115 0
      vertex 107.187 47.0536 0
    endloop
  endfacet
  facet normal 0.77061 -0.637307 0
    outer loop
      vertex 102.573 46.7634 3
      vertex 102.813 47.0536 0
      vertex 102.813 47.0536 3
    endloop
  endfacet
  facet normal 0.77061 -0.637307 0
    outer loop
      vertex 102.813 47.0536 0
      vertex 102.573 46.7634 3
      vertex 102.573 46.7634 0
    endloop
  endfacet
  facet normal 0.481919 -0.876216 0
    outer loop
      vertex 103.393 47.533 0
      vertex 103.723 47.7145 3
      vertex 103.393 47.533 3
    endloop
  endfacet
  facet normal 0.481919 -0.876216 0
    outer loop
      vertex 103.723 47.7145 3
      vertex 103.393 47.533 0
      vertex 103.723 47.7145 0
    endloop
  endfacet
  facet normal -0.905252 -0.424876 0
    outer loop
      vertex 107.789 46.1044 0
      vertex 107.629 46.4453 3
      vertex 107.629 46.4453 0
    endloop
  endfacet
  facet normal -0.905252 -0.424876 0
    outer loop
      vertex 107.629 46.4453 3
      vertex 107.789 46.1044 0
      vertex 107.789 46.1044 3
    endloop
  endfacet
  facet normal -0.982579 -0.185843 0
    outer loop
      vertex 107.976 45.376 0
      vertex 107.906 45.7461 3
      vertex 107.906 45.7461 0
    endloop
  endfacet
  facet normal -0.982579 -0.185843 0
    outer loop
      vertex 107.906 45.7461 3
      vertex 107.976 45.376 0
      vertex 107.976 45.376 3
    endloop
  endfacet
  facet normal -0.368412 -0.929663 0
    outer loop
      vertex 105.927 47.8532 0
      vertex 106.277 47.7145 3
      vertex 105.927 47.8532 3
    endloop
  endfacet
  facet normal -0.368412 -0.929663 -0
    outer loop
      vertex 106.277 47.7145 3
      vertex 105.927 47.8532 0
      vertex 106.277 47.7145 0
    endloop
  endfacet
  facet normal -0.587619 -0.809137 0
    outer loop
      vertex 106.607 47.533 0
      vertex 106.912 47.3115 3
      vertex 106.607 47.533 3
    endloop
  endfacet
  facet normal -0.587619 -0.809137 -0
    outer loop
      vertex 106.912 47.3115 3
      vertex 106.607 47.533 0
      vertex 106.912 47.3115 0
    endloop
  endfacet
  facet normal 0.905252 -0.424876 0
    outer loop
      vertex 102.211 46.1044 3
      vertex 102.371 46.4453 0
      vertex 102.371 46.4453 3
    endloop
  endfacet
  facet normal 0.905252 -0.424876 0
    outer loop
      vertex 102.371 46.4453 0
      vertex 102.211 46.1044 3
      vertex 102.211 46.1044 0
    endloop
  endfacet
  facet normal 0.844175 -0.536068 0
    outer loop
      vertex 102.371 46.4453 3
      vertex 102.573 46.7634 0
      vertex 102.573 46.7634 3
    endloop
  endfacet
  facet normal 0.844175 -0.536068 0
    outer loop
      vertex 102.573 46.7634 0
      vertex 102.371 46.4453 3
      vertex 102.371 46.4453 0
    endloop
  endfacet
  facet normal 0.587619 -0.809137 0
    outer loop
      vertex 103.088 47.3115 0
      vertex 103.393 47.533 3
      vertex 103.088 47.3115 3
    endloop
  endfacet
  facet normal 0.587619 -0.809137 0
    outer loop
      vertex 103.393 47.533 3
      vertex 103.088 47.3115 0
      vertex 103.393 47.533 0
    endloop
  endfacet
  facet normal 0.24865 -0.968593 0
    outer loop
      vertex 104.073 47.8532 0
      vertex 104.438 47.9469 3
      vertex 104.073 47.8532 3
    endloop
  endfacet
  facet normal 0.24865 -0.968593 0
    outer loop
      vertex 104.438 47.9469 3
      vertex 104.073 47.8532 0
      vertex 104.438 47.9469 0
    endloop
  endfacet
  facet normal -0.24865 0.968593 0
    outer loop
      vertex 105.927 42.1468 0
      vertex 105.562 42.0531 3
      vertex 105.927 42.1468 3
    endloop
  endfacet
  facet normal -0.24865 0.968593 0
    outer loop
      vertex 105.562 42.0531 3
      vertex 105.927 42.1468 0
      vertex 105.562 42.0531 0
    endloop
  endfacet
  facet normal -0.950602 -0.310412 0
    outer loop
      vertex 107.906 45.7461 0
      vertex 107.789 46.1044 3
      vertex 107.789 46.1044 0
    endloop
  endfacet
  facet normal -0.950602 -0.310412 0
    outer loop
      vertex 107.789 46.1044 3
      vertex 107.906 45.7461 0
      vertex 107.906 45.7461 3
    endloop
  endfacet
  facet normal -0.77061 -0.637307 0
    outer loop
      vertex 107.427 46.7634 0
      vertex 107.187 47.0536 3
      vertex 107.187 47.0536 0
    endloop
  endfacet
  facet normal -0.77061 -0.637307 0
    outer loop
      vertex 107.187 47.0536 3
      vertex 107.427 46.7634 0
      vertex 107.427 46.7634 3
    endloop
  endfacet
  facet normal -0.844175 -0.536068 0
    outer loop
      vertex 107.629 46.4453 0
      vertex 107.427 46.7634 3
      vertex 107.427 46.7634 0
    endloop
  endfacet
  facet normal -0.844175 -0.536068 0
    outer loop
      vertex 107.427 46.7634 3
      vertex 107.629 46.4453 0
      vertex 107.629 46.4453 3
    endloop
  endfacet
  facet normal -0.12521 -0.99213 0
    outer loop
      vertex 105.188 47.9941 0
      vertex 105.562 47.9469 3
      vertex 105.188 47.9941 3
    endloop
  endfacet
  facet normal -0.12521 -0.99213 -0
    outer loop
      vertex 105.562 47.9469 3
      vertex 105.188 47.9941 0
      vertex 105.562 47.9469 0
    endloop
  endfacet
  facet normal -0.24865 -0.968593 0
    outer loop
      vertex 105.562 47.9469 0
      vertex 105.927 47.8532 3
      vertex 105.562 47.9469 3
    endloop
  endfacet
  facet normal -0.24865 -0.968593 -0
    outer loop
      vertex 105.927 47.8532 3
      vertex 105.562 47.9469 0
      vertex 105.927 47.8532 0
    endloop
  endfacet
  facet normal 0 -1 0
    outer loop
      vertex 104.812 47.9941 0
      vertex 105.188 47.9941 3
      vertex 104.812 47.9941 3
    endloop
  endfacet
  facet normal 0 -1 -0
    outer loop
      vertex 105.188 47.9941 3
      vertex 104.812 47.9941 0
      vertex 105.188 47.9941 0
    endloop
  endfacet
  facet normal 0.950602 -0.310412 0
    outer loop
      vertex 102.094 45.7461 3
      vertex 102.211 46.1044 0
      vertex 102.211 46.1044 3
    endloop
  endfacet
  facet normal 0.950602 -0.310412 0
    outer loop
      vertex 102.211 46.1044 0
      vertex 102.094 45.7461 3
      vertex 102.094 45.7461 0
    endloop
  endfacet
  facet normal 0.997969 -0.0637002 0
    outer loop
      vertex 102 45 3
      vertex 102.024 45.376 0
      vertex 102.024 45.376 3
    endloop
  endfacet
  facet normal 0.997969 -0.0637002 0
    outer loop
      vertex 102.024 45.376 0
      vertex 102 45 3
      vertex 102 45 0
    endloop
  endfacet
  facet normal 0.997969 0.0637002 0
    outer loop
      vertex 102.024 44.624 3
      vertex 102 45 0
      vertex 102 45 3
    endloop
  endfacet
  facet normal 0.997969 0.0637002 0
    outer loop
      vertex 102 45 0
      vertex 102.024 44.624 3
      vertex 102.024 44.624 0
    endloop
  endfacet
  facet normal 0.368412 -0.929663 0
    outer loop
      vertex 103.723 47.7145 0
      vertex 104.073 47.8532 3
      vertex 103.723 47.7145 3
    endloop
  endfacet
  facet normal 0.368412 -0.929663 0
    outer loop
      vertex 104.073 47.8532 3
      vertex 103.723 47.7145 0
      vertex 104.073 47.8532 0
    endloop
  endfacet
  facet normal -0.997969 0.0637002 0
    outer loop
      vertex 107.976 44.624 0
      vertex 108 45 3
      vertex 108 45 0
    endloop
  endfacet
  facet normal -0.997969 0.0637002 0
    outer loop
      vertex 108 45 3
      vertex 107.976 44.624 0
      vertex 107.976 44.624 3
    endloop
  endfacet
  facet normal -0.844175 0.536068 0
    outer loop
      vertex 107.427 43.2366 0
      vertex 107.629 43.5547 3
      vertex 107.629 43.5547 0
    endloop
  endfacet
  facet normal -0.844175 0.536068 0
    outer loop
      vertex 107.629 43.5547 3
      vertex 107.427 43.2366 0
      vertex 107.427 43.2366 3
    endloop
  endfacet
  facet normal -0.982579 0.185843 0
    outer loop
      vertex 107.906 44.2539 0
      vertex 107.976 44.624 3
      vertex 107.976 44.624 0
    endloop
  endfacet
  facet normal -0.982579 0.185843 0
    outer loop
      vertex 107.976 44.624 3
      vertex 107.906 44.2539 0
      vertex 107.906 44.2539 3
    endloop
  endfacet
  facet normal -0.587619 0.809137 0
    outer loop
      vertex 106.912 42.6885 0
      vertex 106.607 42.467 3
      vertex 106.912 42.6885 3
    endloop
  endfacet
  facet normal -0.587619 0.809137 0
    outer loop
      vertex 106.607 42.467 3
      vertex 106.912 42.6885 0
      vertex 106.607 42.467 0
    endloop
  endfacet
  facet normal -0.481919 0.876216 0
    outer loop
      vertex 106.607 42.467 0
      vertex 106.277 42.2855 3
      vertex 106.607 42.467 3
    endloop
  endfacet
  facet normal -0.481919 0.876216 0
    outer loop
      vertex 106.277 42.2855 3
      vertex 106.607 42.467 0
      vertex 106.277 42.2855 0
    endloop
  endfacet
  facet normal -0.481919 -0.876216 0
    outer loop
      vertex 106.277 47.7145 0
      vertex 106.607 47.533 3
      vertex 106.277 47.7145 3
    endloop
  endfacet
  facet normal -0.481919 -0.876216 -0
    outer loop
      vertex 106.607 47.533 3
      vertex 106.277 47.7145 0
      vertex 106.607 47.533 0
    endloop
  endfacet
  facet normal 0.982579 -0.185843 0
    outer loop
      vertex 102.024 45.376 3
      vertex 102.094 45.7461 0
      vertex 102.094 45.7461 3
    endloop
  endfacet
  facet normal 0.982579 -0.185843 0
    outer loop
      vertex 102.094 45.7461 0
      vertex 102.024 45.376 3
      vertex 102.024 45.376 0
    endloop
  endfacet
  facet normal 0.684065 -0.729421 0
    outer loop
      vertex 102.813 47.0536 0
      vertex 103.088 47.3115 3
      vertex 102.813 47.0536 3
    endloop
  endfacet
  facet normal 0.684065 -0.729421 0
    outer loop
      vertex 103.088 47.3115 3
      vertex 102.813 47.0536 0
      vertex 103.088 47.3115 0
    endloop
  endfacet
  facet normal -0.950602 0.310412 0
    outer loop
      vertex 107.789 43.8956 0
      vertex 107.906 44.2539 3
      vertex 107.906 44.2539 0
    endloop
  endfacet
  facet normal -0.950602 0.310412 0
    outer loop
      vertex 107.906 44.2539 3
      vertex 107.789 43.8956 0
      vertex 107.789 43.8956 3
    endloop
  endfacet
  facet normal -0.905252 0.424876 0
    outer loop
      vertex 107.629 43.5547 0
      vertex 107.789 43.8956 3
      vertex 107.789 43.8956 0
    endloop
  endfacet
  facet normal -0.905252 0.424876 0
    outer loop
      vertex 107.789 43.8956 3
      vertex 107.629 43.5547 0
      vertex 107.629 43.5547 3
    endloop
  endfacet
  facet normal 0.368412 0.929663 -0
    outer loop
      vertex 104.073 42.1468 0
      vertex 103.723 42.2855 3
      vertex 104.073 42.1468 3
    endloop
  endfacet
  facet normal 0.368412 0.929663 0
    outer loop
      vertex 103.723 42.2855 3
      vertex 104.073 42.1468 0
      vertex 103.723 42.2855 0
    endloop
  endfacet
  facet normal 0.24865 0.968593 -0
    outer loop
      vertex 104.438 42.0531 0
      vertex 104.073 42.1468 3
      vertex 104.438 42.0531 3
    endloop
  endfacet
  facet normal 0.24865 0.968593 0
    outer loop
      vertex 104.073 42.1468 3
      vertex 104.438 42.0531 0
      vertex 104.073 42.1468 0
    endloop
  endfacet
  facet normal 0.587619 0.809137 -0
    outer loop
      vertex 103.393 42.467 0
      vertex 103.088 42.6885 3
      vertex 103.393 42.467 3
    endloop
  endfacet
  facet normal 0.587619 0.809137 0
    outer loop
      vertex 103.088 42.6885 3
      vertex 103.393 42.467 0
      vertex 103.088 42.6885 0
    endloop
  endfacet
  facet normal 0.684065 0.729421 -0
    outer loop
      vertex 103.088 42.6885 0
      vertex 102.813 42.9464 3
      vertex 103.088 42.6885 3
    endloop
  endfacet
  facet normal 0.684065 0.729421 0
    outer loop
      vertex 102.813 42.9464 3
      vertex 103.088 42.6885 0
      vertex 102.813 42.9464 0
    endloop
  endfacet
  facet normal 0.844175 0.536068 0
    outer loop
      vertex 102.573 43.2366 3
      vertex 102.371 43.5547 0
      vertex 102.371 43.5547 3
    endloop
  endfacet
  facet normal 0.844175 0.536068 0
    outer loop
      vertex 102.371 43.5547 0
      vertex 102.573 43.2366 3
      vertex 102.573 43.2366 0
    endloop
  endfacet
  facet normal 0.982579 0.185843 0
    outer loop
      vertex 102.094 44.2539 3
      vertex 102.024 44.624 0
      vertex 102.024 44.624 3
    endloop
  endfacet
  facet normal 0.982579 0.185843 0
    outer loop
      vertex 102.024 44.624 0
      vertex 102.094 44.2539 3
      vertex 102.094 44.2539 0
    endloop
  endfacet
  facet normal 0.950602 0.310412 0
    outer loop
      vertex 102.211 43.8956 3
      vertex 102.094 44.2539 0
      vertex 102.094 44.2539 3
    endloop
  endfacet
  facet normal 0.950602 0.310412 0
    outer loop
      vertex 102.094 44.2539 0
      vertex 102.211 43.8956 3
      vertex 102.211 43.8956 0
    endloop
  endfacet
  facet normal 0.905252 0.424876 0
    outer loop
      vertex 102.371 43.5547 3
      vertex 102.211 43.8956 0
      vertex 102.211 43.8956 3
    endloop
  endfacet
  facet normal 0.905252 0.424876 0
    outer loop
      vertex 102.211 43.8956 0
      vertex 102.371 43.5547 3
      vertex 102.371 43.5547 0
    endloop
  endfacet
  facet normal -0.684065 0.729421 0
    outer loop
      vertex 107.187 42.9464 0
      vertex 106.912 42.6885 3
      vertex 107.187 42.9464 3
    endloop
  endfacet
  facet normal -0.684065 0.729421 0
    outer loop
      vertex 106.912 42.6885 3
      vertex 107.187 42.9464 0
      vertex 106.912 42.6885 0
    endloop
  endfacet
  facet normal -0.368412 0.929663 0
    outer loop
      vertex 106.277 42.2855 0
      vertex 105.927 42.1468 3
      vertex 106.277 42.2855 3
    endloop
  endfacet
  facet normal -0.368412 0.929663 0
    outer loop
      vertex 105.927 42.1468 3
      vertex 106.277 42.2855 0
      vertex 105.927 42.1468 0
    endloop
  endfacet
  facet normal 0 1 -0
    outer loop
      vertex 105.188 42.0059 0
      vertex 104.812 42.0059 3
      vertex 105.188 42.0059 3
    endloop
  endfacet
  facet normal 0 1 0
    outer loop
      vertex 104.812 42.0059 3
      vertex 105.188 42.0059 0
      vertex 104.812 42.0059 0
    endloop
  endfacet
  facet normal 0.481919 0.876216 -0
    outer loop
      vertex 103.723 42.2855 0
      vertex 103.393 42.467 3
      vertex 103.723 42.2855 3
    endloop
  endfacet
  facet normal 0.481919 0.876216 0
    outer loop
      vertex 103.393 42.467 3
      vertex 103.723 42.2855 0
      vertex 103.393 42.467 0
    endloop
  endfacet
  facet normal 0.77061 0.637307 0
    outer loop
      vertex 102.813 42.9464 3
      vertex 102.573 43.2366 0
      vertex 102.573 43.2366 3
    endloop
  endfacet
  facet normal 0.77061 0.637307 0
    outer loop
      vertex 102.573 43.2366 0
      vertex 102.813 42.9464 3
      vertex 102.813 42.9464 0
    endloop
  endfacet
  facet normal -0.77061 0.637307 0
    outer loop
      vertex 107.187 42.9464 0
      vertex 107.427 43.2366 3
      vertex 107.427 43.2366 0
    endloop
  endfacet
  facet normal -0.77061 0.637307 0
    outer loop
      vertex 107.427 43.2366 3
      vertex 107.187 42.9464 0
      vertex 107.187 42.9464 3
    endloop
  endfacet
  facet normal 0.12521 0.99213 -0
    outer loop
      vertex 104.812 42.0059 0
      vertex 104.438 42.0531 3
      vertex 104.812 42.0059 3
    endloop
  endfacet
  facet normal 0.12521 0.99213 0
    outer loop
      vertex 104.438 42.0531 3
      vertex 104.812 42.0059 0
      vertex 104.438 42.0531 0
    endloop
  endfacet
  facet normal 0 1 -0
    outer loop
      vertex 107.314 51.9901 0
      vertex -107.314 51.9901 3
      vertex 107.314 51.9901 3
    endloop
  endfacet
  facet normal 0 1 0
    outer loop
      vertex -107.314 51.9901 3
      vertex 107.314 51.9901 0
      vertex -107.314 51.9901 0
    endloop
  endfacet
  facet normal 0.684386 0.72912 -0
    outer loop
      vertex 110.645 50.4227 0
      vertex 110.187 50.8526 3
      vertex 110.645 50.4227 3
    endloop
  endfacet
  facet normal 0.684386 0.72912 0
    outer loop
      vertex 110.187 50.8526 3
      vertex 110.645 50.4227 0
      vertex 110.187 50.8526 0
    endloop
  endfacet
  facet normal 0 -1 0
    outer loop
      vertex -107.314 -51.9901 0
      vertex 107.314 -51.9901 3
      vertex -107.314 -51.9901 3
    endloop
  endfacet
  facet normal 0 -1 -0
    outer loop
      vertex 107.314 -51.9901 3
      vertex -107.314 -51.9901 0
      vertex 107.314 -51.9901 0
    endloop
  endfacet
  facet normal 0 0 1
    outer loop
      vertex -102.211 43.8956 3
      vertex 102.211 43.8956 3
      vertex -102.094 44.2539 3
    endloop
  endfacet
  facet normal 0 0 1
    outer loop
      vertex 102.211 -43.8956 3
      vertex -102.024 -44.624 3
      vertex -102 -45 3
    endloop
  endfacet
  facet normal 0 0 1
    outer loop
      vertex 102.211 43.8956 3
      vertex -102.211 43.8956 3
      vertex 102.211 -43.8956 3
    endloop
  endfacet
  facet normal 0 0 1
    outer loop
      vertex 102.211 -43.8956 3
      vertex -102.094 -44.2539 3
      vertex -102.024 -44.624 3
    endloop
  endfacet
  facet normal 0 0 1
    outer loop
      vertex -102.211 -43.8956 3
      vertex 102.211 -43.8956 3
      vertex -102.211 43.8956 3
    endloop
  endfacet
  facet normal 0 0 1
    outer loop
      vertex 102.211 -43.8956 3
      vertex -102.211 -43.8956 3
      vertex -102.094 -44.2539 3
    endloop
  endfacet
  facet normal -0 0 1
    outer loop
      vertex -102.371 43.5547 3
      vertex -102.211 -43.8956 3
      vertex -102.211 43.8956 3
    endloop
  endfacet
  facet normal 0 0 1
    outer loop
      vertex -102.371 43.5547 3
      vertex -102.371 -43.5547 3
      vertex -102.211 -43.8956 3
    endloop
  endfacet
  facet normal -0 0 1
    outer loop
      vertex -102.573 43.2366 3
      vertex -102.371 -43.5547 3
      vertex -102.371 43.5547 3
    endloop
  endfacet
  facet normal 0 0 1
    outer loop
      vertex -102.573 43.2366 3
      vertex -102.573 -43.2366 3
      vertex -102.371 -43.5547 3
    endloop
  endfacet
  facet normal -0 0 1
    outer loop
      vertex -102.813 42.9464 3
      vertex -102.573 -43.2366 3
      vertex -102.573 43.2366 3
    endloop
  endfacet
  facet normal 0 0 1
    outer loop
      vertex -102.813 42.9464 3
      vertex -102.813 -42.9464 3
      vertex -102.573 -43.2366 3
    endloop
  endfacet
  facet normal -0 0 1
    outer loop
      vertex -103.088 42.6885 3
      vertex -102.813 -42.9464 3
      vertex -102.813 42.9464 3
    endloop
  endfacet
  facet normal 0 0 1
    outer loop
      vertex -103.088 42.6885 3
      vertex -103.088 -42.6885 3
      vertex -102.813 -42.9464 3
    endloop
  endfacet
  facet normal -0 0 1
    outer loop
      vertex -103.393 42.467 3
      vertex -103.088 -42.6885 3
      vertex -103.088 42.6885 3
    endloop
  endfacet
  facet normal 0 0 1
    outer loop
      vertex -103.393 42.467 3
      vertex -103.393 -42.467 3
      vertex -103.088 -42.6885 3
    endloop
  endfacet
  facet normal -0 0 1
    outer loop
      vertex -103.723 42.2855 3
      vertex -103.393 -42.467 3
      vertex -103.393 42.467 3
    endloop
  endfacet
  facet normal 0 0 1
    outer loop
      vertex -103.723 42.2855 3
      vertex -103.723 -42.2855 3
      vertex -103.393 -42.467 3
    endloop
  endfacet
  facet normal -0 0 1
    outer loop
      vertex -104.073 42.1468 3
      vertex -103.723 -42.2855 3
      vertex -103.723 42.2855 3
    endloop
  endfacet
  facet normal 0 0 1
    outer loop
      vertex -104.073 42.1468 3
      vertex -104.073 -42.1468 3
      vertex -103.723 -42.2855 3
    endloop
  endfacet
  facet normal -0 0 1
    outer loop
      vertex -104.438 42.0531 3
      vertex -104.073 -42.1468 3
      vertex -104.073 42.1468 3
    endloop
  endfacet
  facet normal 0 0 1
    outer loop
      vertex -104.438 42.0531 3
      vertex -104.438 -42.0531 3
      vertex -104.073 -42.1468 3
    endloop
  endfacet
  facet normal -0 0 1
    outer loop
      vertex -104.812 42.0059 3
      vertex -104.438 -42.0531 3
      vertex -104.438 42.0531 3
    endloop
  endfacet
  facet normal 0 0 1
    outer loop
      vertex -104.812 42.0059 3
      vertex -104.812 -42.0059 3
      vertex -104.438 -42.0531 3
    endloop
  endfacet
  facet normal -0 0 1
    outer loop
      vertex -105.188 42.0059 3
      vertex -104.812 -42.0059 3
      vertex -104.812 42.0059 3
    endloop
  endfacet
  facet normal 0 0 1
    outer loop
      vertex -105.188 42.0059 3
      vertex -105.188 -42.0059 3
      vertex -104.812 -42.0059 3
    endloop
  endfacet
  facet normal 0 0 1
    outer loop
      vertex -105.562 42.0531 3
      vertex -105.188 -42.0059 3
      vertex -105.188 42.0059 3
    endloop
  endfacet
  facet normal 0 0 1
    outer loop
      vertex -105.562 42.0531 3
      vertex -105.562 -42.0531 3
      vertex -105.188 -42.0059 3
    endloop
  endfacet
  facet normal 0 0 1
    outer loop
      vertex -105.927 42.1468 3
      vertex -105.562 -42.0531 3
      vertex -105.562 42.0531 3
    endloop
  endfacet
  facet normal 0 0 1
    outer loop
      vertex -105.927 42.1468 3
      vertex -105.927 -42.1468 3
      vertex -105.562 -42.0531 3
    endloop
  endfacet
  facet normal 0 0 1
    outer loop
      vertex -106.277 42.2855 3
      vertex -105.927 -42.1468 3
      vertex -105.927 42.1468 3
    endloop
  endfacet
  facet normal 0 0 1
    outer loop
      vertex -106.277 42.2855 3
      vertex -106.277 -42.2855 3
      vertex -105.927 -42.1468 3
    endloop
  endfacet
  facet normal 0 0 1
    outer loop
      vertex -106.607 42.467 3
      vertex -106.277 -42.2855 3
      vertex -106.277 42.2855 3
    endloop
  endfacet
  facet normal 0 0 1
    outer loop
      vertex -106.607 42.467 3
      vertex -106.607 -42.467 3
      vertex -106.277 -42.2855 3
    endloop
  endfacet
  facet normal 0 0 1
    outer loop
      vertex -106.912 42.6885 3
      vertex -106.607 -42.467 3
      vertex -106.607 42.467 3
    endloop
  endfacet
  facet normal 0 0 1
    outer loop
      vertex -106.912 42.6885 3
      vertex -106.912 -42.6885 3
      vertex -106.607 -42.467 3
    endloop
  endfacet
  facet normal 0 0 1
    outer loop
      vertex -107.187 42.9464 3
      vertex -106.912 -42.6885 3
      vertex -106.912 42.6885 3
    endloop
  endfacet
  facet normal 0 0 1
    outer loop
      vertex -107.187 42.9464 3
      vertex -107.187 -42.9464 3
      vertex -106.912 -42.6885 3
    endloop
  endfacet
  facet normal 0 0 1
    outer loop
      vertex -112 47 3
      vertex -107.187 42.9464 3
      vertex -107.427 43.2366 3
    endloop
  endfacet
  facet normal 0 0 1
    outer loop
      vertex -107.187 42.9464 3
      vertex -112 47 3
      vertex -107.187 -42.9464 3
    endloop
  endfacet
  facet normal 0 0 1
    outer loop
      vertex -112 47 3
      vertex -107.427 43.2366 3
      vertex -107.629 43.5547 3
    endloop
  endfacet
  facet normal 0 0 1
    outer loop
      vertex -112 -47 3
      vertex -107.187 -42.9464 3
      vertex -112 47 3
    endloop
  endfacet
  facet normal 0 0 1
    outer loop
      vertex -112 47 3
      vertex -107.629 43.5547 3
      vertex -107.789 43.8956 3
    endloop
  endfacet
  facet normal 0 0 1
    outer loop
      vertex -107.187 -42.9464 3
      vertex -112 -47 3
      vertex -107.427 -43.2366 3
    endloop
  endfacet
  facet normal 0 0 1
    outer loop
      vertex -112 47 3
      vertex -107.789 43.8956 3
      vertex -107.906 44.2539 3
    endloop
  endfacet
  facet normal 0 0 1
    outer loop
      vertex -107.427 -43.2366 3
      vertex -112 -47 3
      vertex -107.629 -43.5547 3
    endloop
  endfacet
  facet normal 0 0 1
    outer loop
      vertex -112 47 3
      vertex -107.906 44.2539 3
      vertex -107.976 44.624 3
    endloop
  endfacet
  facet normal 0 0 1
    outer loop
      vertex -107.629 -43.5547 3
      vertex -112 -47 3
      vertex -107.789 -43.8956 3
    endloop
  endfacet
  facet normal 0 0 1
    outer loop
      vertex -112 47 3
      vertex -107.976 44.624 3
      vertex -108 45 3
    endloop
  endfacet
  facet normal 0 0 1
    outer loop
      vertex -107.789 -43.8956 3
      vertex -112 -47 3
      vertex -107.906 -44.2539 3
    endloop
  endfacet
  facet normal 0 0 1
    outer loop
      vertex 107.789 43.8956 3
      vertex 112 47 3
      vertex 107.906 44.2539 3
    endloop
  endfacet
  facet normal 0 0 1
    outer loop
      vertex 112 -47 3
      vertex 107.976 -44.624 3
      vertex 108 -45 3
    endloop
  endfacet
  facet normal 0 0 1
    outer loop
      vertex 107.629 43.5547 3
      vertex 112 47 3
      vertex 107.789 43.8956 3
    endloop
  endfacet
  facet normal 0 0 1
    outer loop
      vertex 112 -47 3
      vertex 107.906 -44.2539 3
      vertex 107.976 -44.624 3
    endloop
  endfacet
  facet normal 0 0 1
    outer loop
      vertex 107.427 43.2366 3
      vertex 112 47 3
      vertex 107.629 43.5547 3
    endloop
  endfacet
  facet normal 0 0 1
    outer loop
      vertex 112 -47 3
      vertex 107.789 -43.8956 3
      vertex 107.906 -44.2539 3
    endloop
  endfacet
  facet normal 0 0 1
    outer loop
      vertex 107.187 42.9464 3
      vertex 112 47 3
      vertex 107.427 43.2366 3
    endloop
  endfacet
  facet normal 0 0 1
    outer loop
      vertex 112 -47 3
      vertex 107.629 -43.5547 3
      vertex 107.789 -43.8956 3
    endloop
  endfacet
  facet normal 0 0 1
    outer loop
      vertex 112 47 3
      vertex 107.187 42.9464 3
      vertex 112 -47 3
    endloop
  endfacet
  facet normal 0 0 1
    outer loop
      vertex 112 -47 3
      vertex 107.427 -43.2366 3
      vertex 107.629 -43.5547 3
    endloop
  endfacet
  facet normal -0 0 1
    outer loop
      vertex 107.187 -42.9464 3
      vertex 112 -47 3
      vertex 107.187 42.9464 3
    endloop
  endfacet
  facet normal 0 0 1
    outer loop
      vertex 112 -47 3
      vertex 107.187 -42.9464 3
      vertex 107.427 -43.2366 3
    endloop
  endfacet
  facet normal -0 0 1
    outer loop
      vertex 106.912 42.6885 3
      vertex 107.187 -42.9464 3
      vertex 107.187 42.9464 3
    endloop
  endfacet
  facet normal 0 0 1
    outer loop
      vertex 106.912 42.6885 3
      vertex 106.912 -42.6885 3
      vertex 107.187 -42.9464 3
    endloop
  endfacet
  facet normal -0 0 1
    outer loop
      vertex 106.607 42.467 3
      vertex 106.912 -42.6885 3
      vertex 106.912 42.6885 3
    endloop
  endfacet
  facet normal 0 0 1
    outer loop
      vertex 106.607 42.467 3
      vertex 106.607 -42.467 3
      vertex 106.912 -42.6885 3
    endloop
  endfacet
  facet normal -0 0 1
    outer loop
      vertex 106.277 42.2855 3
      vertex 106.607 -42.467 3
      vertex 106.607 42.467 3
    endloop
  endfacet
  facet normal 0 0 1
    outer loop
      vertex 106.277 42.2855 3
      vertex 106.277 -42.2855 3
      vertex 106.607 -42.467 3
    endloop
  endfacet
  facet normal -0 0 1
    outer loop
      vertex 105.927 42.1468 3
      vertex 106.277 -42.2855 3
      vertex 106.277 42.2855 3
    endloop
  endfacet
  facet normal 0 0 1
    outer loop
      vertex 105.927 42.1468 3
      vertex 105.927 -42.1468 3
      vertex 106.277 -42.2855 3
    endloop
  endfacet
  facet normal -0 0 1
    outer loop
      vertex 105.562 42.0531 3
      vertex 105.927 -42.1468 3
      vertex 105.927 42.1468 3
    endloop
  endfacet
  facet normal 0 0 1
    outer loop
      vertex 105.562 42.0531 3
      vertex 105.562 -42.0531 3
      vertex 105.927 -42.1468 3
    endloop
  endfacet
  facet normal -0 0 1
    outer loop
      vertex 105.188 42.0059 3
      vertex 105.562 -42.0531 3
      vertex 105.562 42.0531 3
    endloop
  endfacet
  facet normal 0 0 1
    outer loop
      vertex 105.188 42.0059 3
      vertex 105.188 -42.0059 3
      vertex 105.562 -42.0531 3
    endloop
  endfacet
  facet normal -0 0 1
    outer loop
      vertex 104.812 42.0059 3
      vertex 105.188 -42.0059 3
      vertex 105.188 42.0059 3
    endloop
  endfacet
  facet normal 0 0 1
    outer loop
      vertex 104.812 42.0059 3
      vertex 104.812 -42.0059 3
      vertex 105.188 -42.0059 3
    endloop
  endfacet
  facet normal 0 0 1
    outer loop
      vertex 104.438 42.0531 3
      vertex 104.812 -42.0059 3
      vertex 104.812 42.0059 3
    endloop
  endfacet
  facet normal 0 0 1
    outer loop
      vertex 104.438 42.0531 3
      vertex 104.438 -42.0531 3
      vertex 104.812 -42.0059 3
    endloop
  endfacet
  facet normal 0 0 1
    outer loop
      vertex 104.073 42.1468 3
      vertex 104.438 -42.0531 3
      vertex 104.438 42.0531 3
    endloop
  endfacet
  facet normal 0 0 1
    outer loop
      vertex 104.073 42.1468 3
      vertex 104.073 -42.1468 3
      vertex 104.438 -42.0531 3
    endloop
  endfacet
  facet normal 0 0 1
    outer loop
      vertex 103.723 42.2855 3
      vertex 104.073 -42.1468 3
      vertex 104.073 42.1468 3
    endloop
  endfacet
  facet normal 0 0 1
    outer loop
      vertex 103.723 42.2855 3
      vertex 103.723 -42.2855 3
      vertex 104.073 -42.1468 3
    endloop
  endfacet
  facet normal 0 0 1
    outer loop
      vertex 103.393 42.467 3
      vertex 103.723 -42.2855 3
      vertex 103.723 42.2855 3
    endloop
  endfacet
  facet normal 0 0 1
    outer loop
      vertex 103.393 42.467 3
      vertex 103.393 -42.467 3
      vertex 103.723 -42.2855 3
    endloop
  endfacet
  facet normal 0 0 1
    outer loop
      vertex 103.088 42.6885 3
      vertex 103.393 -42.467 3
      vertex 103.393 42.467 3
    endloop
  endfacet
  facet normal 0 0 1
    outer loop
      vertex 103.088 42.6885 3
      vertex 103.088 -42.6885 3
      vertex 103.393 -42.467 3
    endloop
  endfacet
  facet normal 0 0 1
    outer loop
      vertex 102.813 42.9464 3
      vertex 103.088 -42.6885 3
      vertex 103.088 42.6885 3
    endloop
  endfacet
  facet normal 0 0 1
    outer loop
      vertex 102.813 42.9464 3
      vertex 102.813 -42.9464 3
      vertex 103.088 -42.6885 3
    endloop
  endfacet
  facet normal 0 0 1
    outer loop
      vertex 102.573 43.2366 3
      vertex 102.813 -42.9464 3
      vertex 102.813 42.9464 3
    endloop
  endfacet
  facet normal 0 0 1
    outer loop
      vertex 102.573 43.2366 3
      vertex 102.573 -43.2366 3
      vertex 102.813 -42.9464 3
    endloop
  endfacet
  facet normal 0 0 1
    outer loop
      vertex 102.371 43.5547 3
      vertex 102.573 -43.2366 3
      vertex 102.573 43.2366 3
    endloop
  endfacet
  facet normal 0 0 1
    outer loop
      vertex 102.371 43.5547 3
      vertex 102.371 -43.5547 3
      vertex 102.573 -43.2366 3
    endloop
  endfacet
  facet normal 0 0 1
    outer loop
      vertex 102.211 43.8956 3
      vertex 102.371 -43.5547 3
      vertex 102.371 43.5547 3
    endloop
  endfacet
  facet normal 0 0 1
    outer loop
      vertex 102.211 43.8956 3
      vertex 102.211 -43.8956 3
      vertex 102.371 -43.5547 3
    endloop
  endfacet
  facet normal 0 0 1
    outer loop
      vertex 102.024 44.624 3
      vertex -102.024 44.624 3
      vertex 102.094 44.2539 3
    endloop
  endfacet
  facet normal 0 0 1
    outer loop
      vertex -102.094 44.2539 3
      vertex 102.094 44.2539 3
      vertex -102.024 44.624 3
    endloop
  endfacet
  facet normal 0 0 1
    outer loop
      vertex -102.024 44.624 3
      vertex 102.024 44.624 3
      vertex -102 45 3
    endloop
  endfacet
  facet normal 0 0 1
    outer loop
      vertex 102.094 44.2539 3
      vertex -102.094 44.2539 3
      vertex 102.211 43.8956 3
    endloop
  endfacet
  facet normal -0 0 1
    outer loop
      vertex -102 45 3
      vertex 102.024 44.624 3
      vertex 102 45 3
    endloop
  endfacet
  facet normal 0 0 1
    outer loop
      vertex 102.211 -43.8956 3
      vertex -102 -45 3
      vertex 102.094 -44.2539 3
    endloop
  endfacet
  facet normal 0 0 1
    outer loop
      vertex 107.789 46.1044 3
      vertex 112 47 3
      vertex 111.961 47.6267 3
    endloop
  endfacet
  facet normal 0 0 1
    outer loop
      vertex 107.976 44.624 3
      vertex 112 47 3
      vertex 108 45 3
    endloop
  endfacet
  facet normal 0 0 1
    outer loop
      vertex 107.629 46.4453 3
      vertex 111.961 47.6267 3
      vertex 111.843 48.2435 3
    endloop
  endfacet
  facet normal 0 0 1
    outer loop
      vertex 107.906 44.2539 3
      vertex 112 47 3
      vertex 107.976 44.624 3
    endloop
  endfacet
  facet normal 0 0 1
    outer loop
      vertex 107.629 46.4453 3
      vertex 111.843 48.2435 3
      vertex 111.649 48.8406 3
    endloop
  endfacet
  facet normal -0 0 1
    outer loop
      vertex 107.976 -45.376 3
      vertex 112 -47 3
      vertex 108 -45 3
    endloop
  endfacet
  facet normal 0 0 1
    outer loop
      vertex 107.427 46.7634 3
      vertex 111.649 48.8406 3
      vertex 111.382 49.4088 3
    endloop
  endfacet
  facet normal -0 0 1
    outer loop
      vertex 107.906 -45.7461 3
      vertex 112 -47 3
      vertex 107.976 -45.376 3
    endloop
  endfacet
  facet normal 0 0 1
    outer loop
      vertex 107.427 46.7634 3
      vertex 111.382 49.4088 3
      vertex 111.045 49.9389 3
    endloop
  endfacet
  facet normal -0 0 1
    outer loop
      vertex 107.789 -46.1044 3
      vertex 112 -47 3
      vertex 107.906 -45.7461 3
    endloop
  endfacet
  facet normal 0 0 1
    outer loop
      vertex 107.187 47.0536 3
      vertex 111.045 49.9389 3
      vertex 110.645 50.4227 3
    endloop
  endfacet
  facet normal 0 0 1
    outer loop
      vertex 112 -47 3
      vertex 107.789 -46.1044 3
      vertex 111.961 -47.6267 3
    endloop
  endfacet
  facet normal 0 0 1
    outer loop
      vertex 107.187 47.0536 3
      vertex 110.645 50.4227 3
      vertex 110.187 50.8526 3
    endloop
  endfacet
  facet normal -0 0 1
    outer loop
      vertex 107.629 -46.4453 3
      vertex 111.961 -47.6267 3
      vertex 107.789 -46.1044 3
    endloop
  endfacet
  facet normal 0 0 1
    outer loop
      vertex 106.912 47.3115 3
      vertex 110.187 50.8526 3
      vertex 109.679 51.2216 3
    endloop
  endfacet
  facet normal 0 0 1
    outer loop
      vertex 111.961 -47.6267 3
      vertex 107.629 -46.4453 3
      vertex 111.843 -48.2435 3
    endloop
  endfacet
  facet normal 0 0 1
    outer loop
      vertex 106.912 47.3115 3
      vertex 109.679 51.2216 3
      vertex 109.129 51.5241 3
    endloop
  endfacet
  facet normal 0 0 1
    outer loop
      vertex 111.843 -48.2435 3
      vertex 107.629 -46.4453 3
      vertex 111.649 -48.8406 3
    endloop
  endfacet
  facet normal 0 0 1
    outer loop
      vertex 106.607 47.533 3
      vertex 109.129 51.5241 3
      vertex 108.545 51.7553 3
    endloop
  endfacet
  facet normal -0 0 1
    outer loop
      vertex 107.427 -46.7634 3
      vertex 111.649 -48.8406 3
      vertex 107.629 -46.4453 3
    endloop
  endfacet
  facet normal 0 0 1
    outer loop
      vertex 111.649 -48.8406 3
      vertex 107.427 -46.7634 3
      vertex 111.382 -49.4088 3
    endloop
  endfacet
  facet normal 0 0 1
    outer loop
      vertex 112 47 3
      vertex 107.976 45.376 3
      vertex 108 45 3
    endloop
  endfacet
  facet normal 0 0 1
    outer loop
      vertex 106.607 47.533 3
      vertex 108.545 51.7553 3
      vertex 107.937 51.9114 3
    endloop
  endfacet
  facet normal 0 0 1
    outer loop
      vertex 112 47 3
      vertex 107.906 45.7461 3
      vertex 107.976 45.376 3
    endloop
  endfacet
  facet normal 0 0 1
    outer loop
      vertex 112 47 3
      vertex 107.789 46.1044 3
      vertex 107.906 45.7461 3
    endloop
  endfacet
  facet normal 0 0 1
    outer loop
      vertex 111.961 47.6267 3
      vertex 107.629 46.4453 3
      vertex 107.789 46.1044 3
    endloop
  endfacet
  facet normal 0 0 1
    outer loop
      vertex 111.649 48.8406 3
      vertex 107.427 46.7634 3
      vertex 107.629 46.4453 3
    endloop
  endfacet
  facet normal 0 0 1
    outer loop
      vertex 106.277 47.7145 3
      vertex 107.937 51.9114 3
      vertex 107.314 51.9901 3
    endloop
  endfacet
  facet normal 0 0 1
    outer loop
      vertex 111.045 49.9389 3
      vertex 107.187 47.0536 3
      vertex 107.427 46.7634 3
    endloop
  endfacet
  facet normal 0 0 1
    outer loop
      vertex 110.187 50.8526 3
      vertex 106.912 47.3115 3
      vertex 107.187 47.0536 3
    endloop
  endfacet
  facet normal 0 0 1
    outer loop
      vertex 109.129 51.5241 3
      vertex 106.607 47.533 3
      vertex 106.912 47.3115 3
    endloop
  endfacet
  facet normal 0 0 1
    outer loop
      vertex 107.937 51.9114 3
      vertex 106.277 47.7145 3
      vertex 106.607 47.533 3
    endloop
  endfacet
  facet normal 0 0 1
    outer loop
      vertex 107.314 51.9901 3
      vertex 105.927 47.8532 3
      vertex 106.277 47.7145 3
    endloop
  endfacet
  facet normal 0 0 1
    outer loop
      vertex 107.314 51.9901 3
      vertex 105.562 47.9469 3
      vertex 105.927 47.8532 3
    endloop
  endfacet
  facet normal 0 0 1
    outer loop
      vertex 107.314 51.9901 3
      vertex 105.188 47.9941 3
      vertex 105.562 47.9469 3
    endloop
  endfacet
  facet normal 0 0 1
    outer loop
      vertex 107.314 51.9901 3
      vertex 104.812 47.9941 3
      vertex 105.188 47.9941 3
    endloop
  endfacet
  facet normal 0 0 1
    outer loop
      vertex 107.314 51.9901 3
      vertex 104.438 47.9469 3
      vertex 104.812 47.9941 3
    endloop
  endfacet
  facet normal 0 0 1
    outer loop
      vertex 107.314 51.9901 3
      vertex 104.073 47.8532 3
      vertex 104.438 47.9469 3
    endloop
  endfacet
  facet normal 0 0 1
    outer loop
      vertex 107.314 51.9901 3
      vertex 103.723 47.7145 3
      vertex 104.073 47.8532 3
    endloop
  endfacet
  facet normal 0 0 1
    outer loop
      vertex 107.314 51.9901 3
      vertex 103.393 47.533 3
      vertex 103.723 47.7145 3
    endloop
  endfacet
  facet normal 0 0 1
    outer loop
      vertex 107.314 51.9901 3
      vertex 103.088 47.3115 3
      vertex 103.393 47.533 3
    endloop
  endfacet
  facet normal 0 0 1
    outer loop
      vertex 107.314 51.9901 3
      vertex 102.813 47.0536 3
      vertex 103.088 47.3115 3
    endloop
  endfacet
  facet normal 0 0 1
    outer loop
      vertex 102.094 -44.2539 3
      vertex -102 -45 3
      vertex 102.024 -44.624 3
    endloop
  endfacet
  facet normal 0 0 1
    outer loop
      vertex 102.024 45.376 3
      vertex -102 45 3
      vertex 102 45 3
    endloop
  endfacet
  facet normal 0 0 1
    outer loop
      vertex -102.024 45.376 3
      vertex 102.024 45.376 3
      vertex 102.094 45.7461 3
    endloop
  endfacet
  facet normal 0 0 1
    outer loop
      vertex -102.094 45.7461 3
      vertex 102.094 45.7461 3
      vertex 102.211 46.1044 3
    endloop
  endfacet
  facet normal 0 0 1
    outer loop
      vertex -102.211 46.1044 3
      vertex 102.211 46.1044 3
      vertex 102.371 46.4453 3
    endloop
  endfacet
  facet normal 0 0 1
    outer loop
      vertex -102.371 46.4453 3
      vertex 102.371 46.4453 3
      vertex 102.573 46.7634 3
    endloop
  endfacet
  facet normal 0 0 1
    outer loop
      vertex -102.573 46.7634 3
      vertex 102.573 46.7634 3
      vertex 102.813 47.0536 3
    endloop
  endfacet
  facet normal 0 0 1
    outer loop
      vertex -102.813 47.0536 3
      vertex 102.813 47.0536 3
      vertex 107.314 51.9901 3
    endloop
  endfacet
  facet normal 0 0 1
    outer loop
      vertex 102.024 45.376 3
      vertex -102.024 45.376 3
      vertex -102 45 3
    endloop
  endfacet
  facet normal 0 0 1
    outer loop
      vertex 102.094 45.7461 3
      vertex -102.094 45.7461 3
      vertex -102.024 45.376 3
    endloop
  endfacet
  facet normal 0 0 1
    outer loop
      vertex 102.211 46.1044 3
      vertex -102.211 46.1044 3
      vertex -102.094 45.7461 3
    endloop
  endfacet
  facet normal 0 0 1
    outer loop
      vertex 102.371 46.4453 3
      vertex -102.371 46.4453 3
      vertex -102.211 46.1044 3
    endloop
  endfacet
  facet normal 0 0 1
    outer loop
      vertex 102.573 46.7634 3
      vertex -102.573 46.7634 3
      vertex -102.371 46.4453 3
    endloop
  endfacet
  facet normal 0 0 1
    outer loop
      vertex 102.813 47.0536 3
      vertex -102.813 47.0536 3
      vertex -102.573 46.7634 3
    endloop
  endfacet
  facet normal -0 0 1
    outer loop
      vertex -107.314 51.9901 3
      vertex -102.813 47.0536 3
      vertex 107.314 51.9901 3
    endloop
  endfacet
  facet normal 0 0 1
    outer loop
      vertex -102.813 47.0536 3
      vertex -107.314 51.9901 3
      vertex -103.088 47.3115 3
    endloop
  endfacet
  facet normal 0 0 1
    outer loop
      vertex -103.088 47.3115 3
      vertex -107.314 51.9901 3
      vertex -103.393 47.533 3
    endloop
  endfacet
  facet normal 0 0 1
    outer loop
      vertex -103.393 47.533 3
      vertex -107.314 51.9901 3
      vertex -103.723 47.7145 3
    endloop
  endfacet
  facet normal 0 0 1
    outer loop
      vertex -103.723 47.7145 3
      vertex -107.314 51.9901 3
      vertex -104.073 47.8532 3
    endloop
  endfacet
  facet normal 0 0 1
    outer loop
      vertex -104.073 47.8532 3
      vertex -107.314 51.9901 3
      vertex -104.438 47.9469 3
    endloop
  endfacet
  facet normal 0 0 1
    outer loop
      vertex -104.438 47.9469 3
      vertex -107.314 51.9901 3
      vertex -104.812 47.9941 3
    endloop
  endfacet
  facet normal 0 0 1
    outer loop
      vertex -104.812 47.9941 3
      vertex -107.314 51.9901 3
      vertex -105.188 47.9941 3
    endloop
  endfacet
  facet normal 0 0 1
    outer loop
      vertex -107.314 51.9901 3
      vertex -105.562 47.9469 3
      vertex -105.188 47.9941 3
    endloop
  endfacet
  facet normal 0 0 1
    outer loop
      vertex -107.314 51.9901 3
      vertex -105.927 47.8532 3
      vertex -105.562 47.9469 3
    endloop
  endfacet
  facet normal 0 0 1
    outer loop
      vertex -107.314 51.9901 3
      vertex -106.277 47.7145 3
      vertex -105.927 47.8532 3
    endloop
  endfacet
  facet normal -0 0 1
    outer loop
      vertex -107.937 51.9114 3
      vertex -106.277 47.7145 3
      vertex -107.314 51.9901 3
    endloop
  endfacet
  facet normal 0 0 1
    outer loop
      vertex -106.277 47.7145 3
      vertex -107.937 51.9114 3
      vertex -106.607 47.533 3
    endloop
  endfacet
  facet normal -0 0 1
    outer loop
      vertex -108.545 51.7553 3
      vertex -106.607 47.533 3
      vertex -107.937 51.9114 3
    endloop
  endfacet
  facet normal -0 0 1
    outer loop
      vertex -109.129 51.5241 3
      vertex -106.607 47.533 3
      vertex -108.545 51.7553 3
    endloop
  endfacet
  facet normal 0 0 1
    outer loop
      vertex -106.607 47.533 3
      vertex -109.129 51.5241 3
      vertex -106.912 47.3115 3
    endloop
  endfacet
  facet normal -0 0 1
    outer loop
      vertex -109.679 51.2216 3
      vertex -106.912 47.3115 3
      vertex -109.129 51.5241 3
    endloop
  endfacet
  facet normal -0 0 1
    outer loop
      vertex -110.187 50.8526 3
      vertex -106.912 47.3115 3
      vertex -109.679 51.2216 3
    endloop
  endfacet
  facet normal 0 0 1
    outer loop
      vertex -106.912 47.3115 3
      vertex -110.187 50.8526 3
      vertex -107.187 47.0536 3
    endloop
  endfacet
  facet normal -0 0 1
    outer loop
      vertex -110.645 50.4227 3
      vertex -107.187 47.0536 3
      vertex -110.187 50.8526 3
    endloop
  endfacet
  facet normal -0 0 1
    outer loop
      vertex -111.045 49.9389 3
      vertex -107.187 47.0536 3
      vertex -110.645 50.4227 3
    endloop
  endfacet
  facet normal -0 0 1
    outer loop
      vertex -111.382 49.4088 3
      vertex -107.427 46.7634 3
      vertex -111.045 49.9389 3
    endloop
  endfacet
  facet normal 0 0 1
    outer loop
      vertex -107.187 47.0536 3
      vertex -111.045 49.9389 3
      vertex -107.427 46.7634 3
    endloop
  endfacet
  facet normal 0 0 1
    outer loop
      vertex 111.382 -49.4088 3
      vertex 107.427 -46.7634 3
      vertex 111.045 -49.9389 3
    endloop
  endfacet
  facet normal -0 0 1
    outer loop
      vertex 107.187 -47.0536 3
      vertex 111.045 -49.9389 3
      vertex 107.427 -46.7634 3
    endloop
  endfacet
  facet normal 0 0 1
    outer loop
      vertex 111.045 -49.9389 3
      vertex 107.187 -47.0536 3
      vertex 110.645 -50.4227 3
    endloop
  endfacet
  facet normal 0 0 1
    outer loop
      vertex 110.645 -50.4227 3
      vertex 107.187 -47.0536 3
      vertex 110.187 -50.8526 3
    endloop
  endfacet
  facet normal -0 0 1
    outer loop
      vertex 106.912 -47.3115 3
      vertex 110.187 -50.8526 3
      vertex 107.187 -47.0536 3
    endloop
  endfacet
  facet normal 0 0 1
    outer loop
      vertex 110.187 -50.8526 3
      vertex 106.912 -47.3115 3
      vertex 109.679 -51.2216 3
    endloop
  endfacet
  facet normal 0 0 1
    outer loop
      vertex 109.679 -51.2216 3
      vertex 106.912 -47.3115 3
      vertex 109.129 -51.5241 3
    endloop
  endfacet
  facet normal -0 0 1
    outer loop
      vertex 106.607 -47.533 3
      vertex 109.129 -51.5241 3
      vertex 106.912 -47.3115 3
    endloop
  endfacet
  facet normal 0 0 1
    outer loop
      vertex 109.129 -51.5241 3
      vertex 106.607 -47.533 3
      vertex 108.545 -51.7553 3
    endloop
  endfacet
  facet normal 0 0 1
    outer loop
      vertex 108.545 -51.7553 3
      vertex 106.607 -47.533 3
      vertex 107.937 -51.9114 3
    endloop
  endfacet
  facet normal -0 0 1
    outer loop
      vertex 106.277 -47.7145 3
      vertex 107.937 -51.9114 3
      vertex 106.607 -47.533 3
    endloop
  endfacet
  facet normal 0 0 1
    outer loop
      vertex 107.937 -51.9114 3
      vertex 106.277 -47.7145 3
      vertex 107.314 -51.9901 3
    endloop
  endfacet
  facet normal -0 0 1
    outer loop
      vertex 105.927 -47.8532 3
      vertex 107.314 -51.9901 3
      vertex 106.277 -47.7145 3
    endloop
  endfacet
  facet normal -0 0 1
    outer loop
      vertex 105.562 -47.9469 3
      vertex 107.314 -51.9901 3
      vertex 105.927 -47.8532 3
    endloop
  endfacet
  facet normal -0 0 1
    outer loop
      vertex 105.188 -47.9941 3
      vertex 107.314 -51.9901 3
      vertex 105.562 -47.9469 3
    endloop
  endfacet
  facet normal -0 0 1
    outer loop
      vertex 104.812 -47.9941 3
      vertex 107.314 -51.9901 3
      vertex 105.188 -47.9941 3
    endloop
  endfacet
  facet normal 0 0 1
    outer loop
      vertex 104.438 -47.9469 3
      vertex 107.314 -51.9901 3
      vertex 104.812 -47.9941 3
    endloop
  endfacet
  facet normal 0 0 1
    outer loop
      vertex 104.073 -47.8532 3
      vertex 107.314 -51.9901 3
      vertex 104.438 -47.9469 3
    endloop
  endfacet
  facet normal 0 0 1
    outer loop
      vertex 103.723 -47.7145 3
      vertex 107.314 -51.9901 3
      vertex 104.073 -47.8532 3
    endloop
  endfacet
  facet normal 0 0 1
    outer loop
      vertex 103.393 -47.533 3
      vertex 107.314 -51.9901 3
      vertex 103.723 -47.7145 3
    endloop
  endfacet
  facet normal 0 0 1
    outer loop
      vertex 103.088 -47.3115 3
      vertex 107.314 -51.9901 3
      vertex 103.393 -47.533 3
    endloop
  endfacet
  facet normal 0 0 1
    outer loop
      vertex 102.813 -47.0536 3
      vertex 107.314 -51.9901 3
      vertex 103.088 -47.3115 3
    endloop
  endfacet
  facet normal 0 0 1
    outer loop
      vertex 102.024 -44.624 3
      vertex -102 -45 3
      vertex 102 -45 3
    endloop
  endfacet
  facet normal 0 0 1
    outer loop
      vertex 102 -45 3
      vertex -102 -45 3
      vertex 102.024 -45.376 3
    endloop
  endfacet
  facet normal 0 0 1
    outer loop
      vertex -102.024 -45.376 3
      vertex 102.024 -45.376 3
      vertex -102 -45 3
    endloop
  endfacet
  facet normal 0 0 1
    outer loop
      vertex 102.024 -45.376 3
      vertex -102.024 -45.376 3
      vertex 102.094 -45.7461 3
    endloop
  endfacet
  facet normal 0 0 1
    outer loop
      vertex -102.094 -45.7461 3
      vertex 102.094 -45.7461 3
      vertex -102.024 -45.376 3
    endloop
  endfacet
  facet normal 0 0 1
    outer loop
      vertex 102.094 -45.7461 3
      vertex -102.094 -45.7461 3
      vertex 102.211 -46.1044 3
    endloop
  endfacet
  facet normal 0 0 1
    outer loop
      vertex -102.211 -46.1044 3
      vertex 102.211 -46.1044 3
      vertex -102.094 -45.7461 3
    endloop
  endfacet
  facet normal 0 0 1
    outer loop
      vertex 102.211 -46.1044 3
      vertex -102.211 -46.1044 3
      vertex 102.371 -46.4453 3
    endloop
  endfacet
  facet normal 0 0 1
    outer loop
      vertex -102.371 -46.4453 3
      vertex 102.371 -46.4453 3
      vertex -102.211 -46.1044 3
    endloop
  endfacet
  facet normal 0 0 1
    outer loop
      vertex 102.371 -46.4453 3
      vertex -102.371 -46.4453 3
      vertex 102.573 -46.7634 3
    endloop
  endfacet
  facet normal 0 0 1
    outer loop
      vertex -102.573 -46.7634 3
      vertex 102.573 -46.7634 3
      vertex -102.371 -46.4453 3
    endloop
  endfacet
  facet normal 0 0 1
    outer loop
      vertex 102.573 -46.7634 3
      vertex -102.573 -46.7634 3
      vertex 102.813 -47.0536 3
    endloop
  endfacet
  facet normal 0 0 1
    outer loop
      vertex -102.813 -47.0536 3
      vertex 102.813 -47.0536 3
      vertex -102.573 -46.7634 3
    endloop
  endfacet
  facet normal 0 0 1
    outer loop
      vertex 102.813 -47.0536 3
      vertex -102.813 -47.0536 3
      vertex 107.314 -51.9901 3
    endloop
  endfacet
  facet normal 0 0 1
    outer loop
      vertex -107.314 -51.9901 3
      vertex -102.813 -47.0536 3
      vertex -103.088 -47.3115 3
    endloop
  endfacet
  facet normal 0 0 1
    outer loop
      vertex -107.314 -51.9901 3
      vertex -103.088 -47.3115 3
      vertex -103.393 -47.533 3
    endloop
  endfacet
  facet normal 0 0 1
    outer loop
      vertex -107.314 -51.9901 3
      vertex -103.393 -47.533 3
      vertex -103.723 -47.7145 3
    endloop
  endfacet
  facet normal 0 0 1
    outer loop
      vertex -107.314 -51.9901 3
      vertex -103.723 -47.7145 3
      vertex -104.073 -47.8532 3
    endloop
  endfacet
  facet normal 0 0 1
    outer loop
      vertex -107.314 -51.9901 3
      vertex -104.073 -47.8532 3
      vertex -104.438 -47.9469 3
    endloop
  endfacet
  facet normal 0 0 1
    outer loop
      vertex -107.314 -51.9901 3
      vertex -104.438 -47.9469 3
      vertex -104.812 -47.9941 3
    endloop
  endfacet
  facet normal 0 0 1
    outer loop
      vertex -107.314 -51.9901 3
      vertex -104.812 -47.9941 3
      vertex -105.188 -47.9941 3
    endloop
  endfacet
  facet normal 0 0 1
    outer loop
      vertex -102.813 -47.0536 3
      vertex -107.314 -51.9901 3
      vertex 107.314 -51.9901 3
    endloop
  endfacet
  facet normal 0 0 1
    outer loop
      vertex -105.562 -47.9469 3
      vertex -107.314 -51.9901 3
      vertex -105.188 -47.9941 3
    endloop
  endfacet
  facet normal 0 0 1
    outer loop
      vertex -105.927 -47.8532 3
      vertex -107.314 -51.9901 3
      vertex -105.562 -47.9469 3
    endloop
  endfacet
  facet normal 0 0 1
    outer loop
      vertex -106.277 -47.7145 3
      vertex -107.314 -51.9901 3
      vertex -105.927 -47.8532 3
    endloop
  endfacet
  facet normal 0 0 1
    outer loop
      vertex -107.937 -51.9114 3
      vertex -106.277 -47.7145 3
      vertex -106.607 -47.533 3
    endloop
  endfacet
  facet normal 0 0 1
    outer loop
      vertex -109.129 -51.5241 3
      vertex -106.607 -47.533 3
      vertex -106.912 -47.3115 3
    endloop
  endfacet
  facet normal 0 0 1
    outer loop
      vertex -110.187 -50.8526 3
      vertex -106.912 -47.3115 3
      vertex -107.187 -47.0536 3
    endloop
  endfacet
  facet normal 0 0 1
    outer loop
      vertex -111.045 -49.9389 3
      vertex -107.187 -47.0536 3
      vertex -107.427 -46.7634 3
    endloop
  endfacet
  facet normal 0 0 1
    outer loop
      vertex -111.649 -48.8406 3
      vertex -107.427 -46.7634 3
      vertex -107.629 -46.4453 3
    endloop
  endfacet
  facet normal 0 0 1
    outer loop
      vertex -111.961 -47.6267 3
      vertex -107.629 -46.4453 3
      vertex -107.789 -46.1044 3
    endloop
  endfacet
  facet normal 0 0 1
    outer loop
      vertex -112 -47 3
      vertex -107.789 -46.1044 3
      vertex -107.906 -45.7461 3
    endloop
  endfacet
  facet normal 0 0 1
    outer loop
      vertex -106.277 -47.7145 3
      vertex -107.937 -51.9114 3
      vertex -107.314 -51.9901 3
    endloop
  endfacet
  facet normal 0 0 1
    outer loop
      vertex -112 -47 3
      vertex -107.906 -45.7461 3
      vertex -107.976 -45.376 3
    endloop
  endfacet
  facet normal 0 0 1
    outer loop
      vertex -112 -47 3
      vertex -107.976 -45.376 3
      vertex -108 -45 3
    endloop
  endfacet
  facet normal 0 0 1
    outer loop
      vertex -106.607 -47.533 3
      vertex -108.545 -51.7553 3
      vertex -107.937 -51.9114 3
    endloop
  endfacet
  facet normal 0 0 1
    outer loop
      vertex -107.906 -44.2539 3
      vertex -112 -47 3
      vertex -107.976 -44.624 3
    endloop
  endfacet
  facet normal -0 0 1
    outer loop
      vertex -111.649 48.8406 3
      vertex -107.427 46.7634 3
      vertex -111.382 49.4088 3
    endloop
  endfacet
  facet normal 0 0 1
    outer loop
      vertex -107.976 -44.624 3
      vertex -112 -47 3
      vertex -108 -45 3
    endloop
  endfacet
  facet normal 0 0 1
    outer loop
      vertex -107.427 46.7634 3
      vertex -111.649 48.8406 3
      vertex -107.629 46.4453 3
    endloop
  endfacet
  facet normal 0 0 1
    outer loop
      vertex -107.789 -46.1044 3
      vertex -112 -47 3
      vertex -111.961 -47.6267 3
    endloop
  endfacet
  facet normal -0 0 1
    outer loop
      vertex -111.843 48.2435 3
      vertex -107.629 46.4453 3
      vertex -111.649 48.8406 3
    endloop
  endfacet
  facet normal 0 0 1
    outer loop
      vertex -106.607 -47.533 3
      vertex -109.129 -51.5241 3
      vertex -108.545 -51.7553 3
    endloop
  endfacet
  facet normal -0 0 1
    outer loop
      vertex -111.961 47.6267 3
      vertex -107.629 46.4453 3
      vertex -111.843 48.2435 3
    endloop
  endfacet
  facet normal 0 0 1
    outer loop
      vertex -106.912 -47.3115 3
      vertex -109.679 -51.2216 3
      vertex -109.129 -51.5241 3
    endloop
  endfacet
  facet normal 0 0 1
    outer loop
      vertex -107.629 46.4453 3
      vertex -111.961 47.6267 3
      vertex -107.789 46.1044 3
    endloop
  endfacet
  facet normal 0 0 1
    outer loop
      vertex -106.912 -47.3115 3
      vertex -110.187 -50.8526 3
      vertex -109.679 -51.2216 3
    endloop
  endfacet
  facet normal -0 0 1
    outer loop
      vertex -112 47 3
      vertex -107.789 46.1044 3
      vertex -111.961 47.6267 3
    endloop
  endfacet
  facet normal 0 0 1
    outer loop
      vertex -107.187 -47.0536 3
      vertex -110.645 -50.4227 3
      vertex -110.187 -50.8526 3
    endloop
  endfacet
  facet normal 0 0 1
    outer loop
      vertex -107.789 46.1044 3
      vertex -112 47 3
      vertex -107.906 45.7461 3
    endloop
  endfacet
  facet normal 0 0 1
    outer loop
      vertex -107.187 -47.0536 3
      vertex -111.045 -49.9389 3
      vertex -110.645 -50.4227 3
    endloop
  endfacet
  facet normal 0 0 1
    outer loop
      vertex -107.906 45.7461 3
      vertex -112 47 3
      vertex -107.976 45.376 3
    endloop
  endfacet
  facet normal 0 0 1
    outer loop
      vertex -107.427 -46.7634 3
      vertex -111.382 -49.4088 3
      vertex -111.045 -49.9389 3
    endloop
  endfacet
  facet normal 0 0 1
    outer loop
      vertex -107.976 45.376 3
      vertex -112 47 3
      vertex -108 45 3
    endloop
  endfacet
  facet normal 0 0 1
    outer loop
      vertex -107.427 -46.7634 3
      vertex -111.649 -48.8406 3
      vertex -111.382 -49.4088 3
    endloop
  endfacet
  facet normal 0 0 1
    outer loop
      vertex -107.629 -46.4453 3
      vertex -111.843 -48.2435 3
      vertex -111.649 -48.8406 3
    endloop
  endfacet
  facet normal 0 0 1
    outer loop
      vertex -107.629 -46.4453 3
      vertex -111.961 -47.6267 3
      vertex -111.843 -48.2435 3
    endloop
  endfacet
  facet normal 0.951061 0.309003 0
    outer loop
      vertex 111.843 48.2435 3
      vertex 111.649 48.8406 0
      vertex 111.649 48.8406 3
    endloop
  endfacet
  facet normal 0.951061 0.309003 0
    outer loop
      vertex 111.649 48.8406 0
      vertex 111.843 48.2435 3
      vertex 111.843 48.2435 0
    endloop
  endfacet
  facet normal 1 -0 0
    outer loop
      vertex 112 -47 3
      vertex 112 47 0
      vertex 112 47 3
    endloop
  endfacet
  facet normal 1 0 0
    outer loop
      vertex 112 47 0
      vertex 112 -47 3
      vertex 112 -47 0
    endloop
  endfacet
  facet normal -1 0 0
    outer loop
      vertex -112 -47 0
      vertex -112 47 3
      vertex -112 47 0
    endloop
  endfacet
  facet normal -1 -0 0
    outer loop
      vertex -112 47 3
      vertex -112 -47 0
      vertex -112 -47 3
    endloop
  endfacet
  facet normal 0.248678 0.968586 -0
    outer loop
      vertex 108.545 51.7553 0
      vertex 107.937 51.9114 3
      vertex 108.545 51.7553 3
    endloop
  endfacet
  facet normal 0.248678 0.968586 0
    outer loop
      vertex 107.937 51.9114 3
      vertex 108.545 51.7553 0
      vertex 107.937 51.9114 0
    endloop
  endfacet
  facet normal 0.587698 0.80908 -0
    outer loop
      vertex 110.187 50.8526 0
      vertex 109.679 51.2216 3
      vertex 110.187 50.8526 3
    endloop
  endfacet
  facet normal 0.587698 0.80908 0
    outer loop
      vertex 109.679 51.2216 3
      vertex 110.187 50.8526 0
      vertex 109.679 51.2216 0
    endloop
  endfacet
  facet normal 0.982188 0.187902 0
    outer loop
      vertex 111.961 47.6267 3
      vertex 111.843 48.2435 0
      vertex 111.843 48.2435 3
    endloop
  endfacet
  facet normal 0.982188 0.187902 0
    outer loop
      vertex 111.843 48.2435 0
      vertex 111.961 47.6267 3
      vertex 111.961 47.6267 0
    endloop
  endfacet
  facet normal -0.481919 0.876216 0
    outer loop
      vertex -109.129 51.5241 0
      vertex -109.679 51.2216 3
      vertex -109.129 51.5241 3
    endloop
  endfacet
  facet normal -0.481919 0.876216 0
    outer loop
      vertex -109.679 51.2216 3
      vertex -109.129 51.5241 0
      vertex -109.679 51.2216 0
    endloop
  endfacet
  facet normal -0.368094 -0.929788 0
    outer loop
      vertex -109.129 -51.5241 0
      vertex -108.545 -51.7553 3
      vertex -109.129 -51.5241 3
    endloop
  endfacet
  facet normal -0.368094 -0.929788 -0
    outer loop
      vertex -108.545 -51.7553 3
      vertex -109.129 -51.5241 0
      vertex -108.545 -51.7553 0
    endloop
  endfacet
  facet normal -0.684386 -0.72912 0
    outer loop
      vertex -110.645 -50.4227 0
      vertex -110.187 -50.8526 3
      vertex -110.645 -50.4227 3
    endloop
  endfacet
  facet normal -0.684386 -0.72912 -0
    outer loop
      vertex -110.187 -50.8526 3
      vertex -110.645 -50.4227 0
      vertex -110.187 -50.8526 0
    endloop
  endfacet
  facet normal -0.125328 -0.992115 0
    outer loop
      vertex -107.937 -51.9114 0
      vertex -107.314 -51.9901 3
      vertex -107.937 -51.9114 3
    endloop
  endfacet
  facet normal -0.125328 -0.992115 -0
    outer loop
      vertex -107.314 -51.9901 3
      vertex -107.937 -51.9114 0
      vertex -107.314 -51.9901 0
    endloop
  endfacet
  facet normal -0.684386 0.72912 0
    outer loop
      vertex -110.187 50.8526 0
      vertex -110.645 50.4227 3
      vertex -110.187 50.8526 3
    endloop
  endfacet
  facet normal -0.684386 0.72912 0
    outer loop
      vertex -110.645 50.4227 3
      vertex -110.187 50.8526 0
      vertex -110.645 50.4227 0
    endloop
  endfacet
  facet normal -0.982188 0.187902 0
    outer loop
      vertex -111.961 47.6267 0
      vertex -111.843 48.2435 3
      vertex -111.843 48.2435 0
    endloop
  endfacet
  facet normal -0.982188 0.187902 0
    outer loop
      vertex -111.843 48.2435 3
      vertex -111.961 47.6267 0
      vertex -111.961 47.6267 3
    endloop
  endfacet
  facet normal -0.951061 0.309003 0
    outer loop
      vertex -111.843 48.2435 0
      vertex -111.649 48.8406 3
      vertex -111.649 48.8406 0
    endloop
  endfacet
  facet normal -0.951061 0.309003 0
    outer loop
      vertex -111.649 48.8406 3
      vertex -111.843 48.2435 0
      vertex -111.843 48.2435 3
    endloop
  endfacet
  facet normal -0.998069 0.0621106 0
    outer loop
      vertex -112 47 0
      vertex -111.961 47.6267 3
      vertex -111.961 47.6267 0
    endloop
  endfacet
  facet normal -0.998069 0.0621106 0
    outer loop
      vertex -111.961 47.6267 3
      vertex -112 47 0
      vertex -112 47 3
    endloop
  endfacet
  facet normal 0.905057 0.425291 0
    outer loop
      vertex 111.649 48.8406 3
      vertex 111.382 49.4088 0
      vertex 111.382 49.4088 3
    endloop
  endfacet
  facet normal 0.905057 0.425291 0
    outer loop
      vertex 111.382 49.4088 0
      vertex 111.649 48.8406 3
      vertex 111.649 48.8406 0
    endloop
  endfacet
  facet normal 0.998069 0.0621106 0
    outer loop
      vertex 112 47 3
      vertex 111.961 47.6267 0
      vertex 111.961 47.6267 3
    endloop
  endfacet
  facet normal 0.998069 0.0621106 0
    outer loop
      vertex 111.961 47.6267 0
      vertex 112 47 3
      vertex 112 47 0
    endloop
  endfacet
  facet normal -0.125328 0.992115 0
    outer loop
      vertex -107.314 51.9901 0
      vertex -107.937 51.9114 3
      vertex -107.314 51.9901 3
    endloop
  endfacet
  facet normal -0.125328 0.992115 0
    outer loop
      vertex -107.937 51.9114 3
      vertex -107.314 51.9901 0
      vertex -107.937 51.9114 0
    endloop
  endfacet
  facet normal 0.951061 -0.309003 0
    outer loop
      vertex 111.649 -48.8406 3
      vertex 111.843 -48.2435 0
      vertex 111.843 -48.2435 3
    endloop
  endfacet
  facet normal 0.951061 -0.309003 0
    outer loop
      vertex 111.843 -48.2435 0
      vertex 111.649 -48.8406 3
      vertex 111.649 -48.8406 0
    endloop
  endfacet
  facet normal 0.481919 -0.876216 0
    outer loop
      vertex 109.129 -51.5241 0
      vertex 109.679 -51.2216 3
      vertex 109.129 -51.5241 3
    endloop
  endfacet
  facet normal 0.481919 -0.876216 0
    outer loop
      vertex 109.679 -51.2216 3
      vertex 109.129 -51.5241 0
      vertex 109.679 -51.2216 0
    endloop
  endfacet
  facet normal -0.905057 -0.425291 0
    outer loop
      vertex -111.382 -49.4088 0
      vertex -111.649 -48.8406 3
      vertex -111.649 -48.8406 0
    endloop
  endfacet
  facet normal -0.905057 -0.425291 0
    outer loop
      vertex -111.649 -48.8406 3
      vertex -111.382 -49.4088 0
      vertex -111.382 -49.4088 3
    endloop
  endfacet
  facet normal -0.587698 -0.80908 0
    outer loop
      vertex -110.187 -50.8526 0
      vertex -109.679 -51.2216 3
      vertex -110.187 -50.8526 3
    endloop
  endfacet
  facet normal -0.587698 -0.80908 -0
    outer loop
      vertex -109.679 -51.2216 3
      vertex -110.187 -50.8526 0
      vertex -109.679 -51.2216 0
    endloop
  endfacet
  facet normal -0.248678 -0.968586 0
    outer loop
      vertex -108.545 -51.7553 0
      vertex -107.937 -51.9114 3
      vertex -108.545 -51.7553 3
    endloop
  endfacet
  facet normal -0.248678 -0.968586 -0
    outer loop
      vertex -107.937 -51.9114 3
      vertex -108.545 -51.7553 0
      vertex -107.937 -51.9114 0
    endloop
  endfacet
  facet normal -0.770696 0.637202 0
    outer loop
      vertex -111.045 49.9389 0
      vertex -110.645 50.4227 3
      vertex -110.645 50.4227 0
    endloop
  endfacet
  facet normal -0.770696 0.637202 0
    outer loop
      vertex -110.645 50.4227 3
      vertex -111.045 49.9389 0
      vertex -111.045 49.9389 3
    endloop
  endfacet
  facet normal -0.248678 0.968586 0
    outer loop
      vertex -107.937 51.9114 0
      vertex -108.545 51.7553 3
      vertex -107.937 51.9114 3
    endloop
  endfacet
  facet normal -0.248678 0.968586 0
    outer loop
      vertex -108.545 51.7553 3
      vertex -107.937 51.9114 0
      vertex -108.545 51.7553 0
    endloop
  endfacet
  facet normal -0.368094 0.929788 0
    outer loop
      vertex -108.545 51.7553 0
      vertex -109.129 51.5241 3
      vertex -108.545 51.7553 3
    endloop
  endfacet
  facet normal -0.368094 0.929788 0
    outer loop
      vertex -109.129 51.5241 3
      vertex -108.545 51.7553 0
      vertex -109.129 51.5241 0
    endloop
  endfacet
  facet normal 0.770696 0.637202 0
    outer loop
      vertex 111.045 49.9389 3
      vertex 110.645 50.4227 0
      vertex 110.645 50.4227 3
    endloop
  endfacet
  facet normal 0.770696 0.637202 0
    outer loop
      vertex 110.645 50.4227 0
      vertex 111.045 49.9389 3
      vertex 111.045 49.9389 0
    endloop
  endfacet
  facet normal 0.843904 0.536494 0
    outer loop
      vertex 111.382 49.4088 3
      vertex 111.045 49.9389 0
      vertex 111.045 49.9389 3
    endloop
  endfacet
  facet normal 0.843904 0.536494 0
    outer loop
      vertex 111.045 49.9389 0
      vertex 111.382 49.4088 3
      vertex 111.382 49.4088 0
    endloop
  endfacet
  facet normal 0.368094 0.929788 -0
    outer loop
      vertex 109.129 51.5241 0
      vertex 108.545 51.7553 3
      vertex 109.129 51.5241 3
    endloop
  endfacet
  facet normal 0.368094 0.929788 0
    outer loop
      vertex 108.545 51.7553 3
      vertex 109.129 51.5241 0
      vertex 108.545 51.7553 0
    endloop
  endfacet
  facet normal 0.125328 0.992115 -0
    outer loop
      vertex 107.937 51.9114 0
      vertex 107.314 51.9901 3
      vertex 107.937 51.9114 3
    endloop
  endfacet
  facet normal 0.125328 0.992115 0
    outer loop
      vertex 107.314 51.9901 3
      vertex 107.937 51.9114 0
      vertex 107.314 51.9901 0
    endloop
  endfacet
  facet normal 0.684386 -0.72912 0
    outer loop
      vertex 110.187 -50.8526 0
      vertex 110.645 -50.4227 3
      vertex 110.187 -50.8526 3
    endloop
  endfacet
  facet normal 0.684386 -0.72912 0
    outer loop
      vertex 110.645 -50.4227 3
      vertex 110.187 -50.8526 0
      vertex 110.645 -50.4227 0
    endloop
  endfacet
  facet normal 0.982188 -0.187902 0
    outer loop
      vertex 111.843 -48.2435 3
      vertex 111.961 -47.6267 0
      vertex 111.961 -47.6267 3
    endloop
  endfacet
  facet normal 0.982188 -0.187902 0
    outer loop
      vertex 111.961 -47.6267 0
      vertex 111.843 -48.2435 3
      vertex 111.843 -48.2435 0
    endloop
  endfacet
  facet normal 0.770696 -0.637202 0
    outer loop
      vertex 110.645 -50.4227 3
      vertex 111.045 -49.9389 0
      vertex 111.045 -49.9389 3
    endloop
  endfacet
  facet normal 0.770696 -0.637202 0
    outer loop
      vertex 111.045 -49.9389 0
      vertex 110.645 -50.4227 3
      vertex 110.645 -50.4227 0
    endloop
  endfacet
  facet normal -0.998069 -0.0621106 0
    outer loop
      vertex -111.961 -47.6267 0
      vertex -112 -47 3
      vertex -112 -47 0
    endloop
  endfacet
  facet normal -0.998069 -0.0621106 0
    outer loop
      vertex -112 -47 3
      vertex -111.961 -47.6267 0
      vertex -111.961 -47.6267 3
    endloop
  endfacet
  facet normal -0.481919 -0.876216 0
    outer loop
      vertex -109.679 -51.2216 0
      vertex -109.129 -51.5241 3
      vertex -109.679 -51.2216 3
    endloop
  endfacet
  facet normal -0.481919 -0.876216 -0
    outer loop
      vertex -109.129 -51.5241 3
      vertex -109.679 -51.2216 0
      vertex -109.129 -51.5241 0
    endloop
  endfacet
  facet normal -0.951061 -0.309003 0
    outer loop
      vertex -111.649 -48.8406 0
      vertex -111.843 -48.2435 3
      vertex -111.843 -48.2435 0
    endloop
  endfacet
  facet normal -0.951061 -0.309003 0
    outer loop
      vertex -111.843 -48.2435 3
      vertex -111.649 -48.8406 0
      vertex -111.649 -48.8406 3
    endloop
  endfacet
  facet normal -0.770696 -0.637202 0
    outer loop
      vertex -110.645 -50.4227 0
      vertex -111.045 -49.9389 3
      vertex -111.045 -49.9389 0
    endloop
  endfacet
  facet normal -0.770696 -0.637202 0
    outer loop
      vertex -111.045 -49.9389 3
      vertex -110.645 -50.4227 0
      vertex -110.645 -50.4227 3
    endloop
  endfacet
  facet normal -0.843904 0.536494 0
    outer loop
      vertex -111.382 49.4088 0
      vertex -111.045 49.9389 3
      vertex -111.045 49.9389 0
    endloop
  endfacet
  facet normal -0.843904 0.536494 0
    outer loop
      vertex -111.045 49.9389 3
      vertex -111.382 49.4088 0
      vertex -111.382 49.4088 3
    endloop
  endfacet
  facet normal -0.905057 0.425291 0
    outer loop
      vertex -111.649 48.8406 0
      vertex -111.382 49.4088 3
      vertex -111.382 49.4088 0
    endloop
  endfacet
  facet normal -0.905057 0.425291 0
    outer loop
      vertex -111.382 49.4088 3
      vertex -111.649 48.8406 0
      vertex -111.649 48.8406 3
    endloop
  endfacet
  facet normal 0.481919 0.876216 -0
    outer loop
      vertex 109.679 51.2216 0
      vertex 109.129 51.5241 3
      vertex 109.679 51.2216 3
    endloop
  endfacet
  facet normal 0.481919 0.876216 0
    outer loop
      vertex 109.129 51.5241 3
      vertex 109.679 51.2216 0
      vertex 109.129 51.5241 0
    endloop
  endfacet
  facet normal 0.125328 -0.992115 0
    outer loop
      vertex 107.314 -51.9901 0
      vertex 107.937 -51.9114 3
      vertex 107.314 -51.9901 3
    endloop
  endfacet
  facet normal 0.125328 -0.992115 0
    outer loop
      vertex 107.937 -51.9114 3
      vertex 107.314 -51.9901 0
      vertex 107.937 -51.9114 0
    endloop
  endfacet
  facet normal 0.368094 -0.929788 0
    outer loop
      vertex 108.545 -51.7553 0
      vertex 109.129 -51.5241 3
      vertex 108.545 -51.7553 3
    endloop
  endfacet
  facet normal 0.368094 -0.929788 0
    outer loop
      vertex 109.129 -51.5241 3
      vertex 108.545 -51.7553 0
      vertex 109.129 -51.5241 0
    endloop
  endfacet
  facet normal 0.843904 -0.536494 0
    outer loop
      vertex 111.045 -49.9389 3
      vertex 111.382 -49.4088 0
      vertex 111.382 -49.4088 3
    endloop
  endfacet
  facet normal 0.843904 -0.536494 0
    outer loop
      vertex 111.382 -49.4088 0
      vertex 111.045 -49.9389 3
      vertex 111.045 -49.9389 0
    endloop
  endfacet
  facet normal 0.905057 -0.425291 0
    outer loop
      vertex 111.382 -49.4088 3
      vertex 111.649 -48.8406 0
      vertex 111.649 -48.8406 3
    endloop
  endfacet
  facet normal 0.905057 -0.425291 0
    outer loop
      vertex 111.649 -48.8406 0
      vertex 111.382 -49.4088 3
      vertex 111.382 -49.4088 0
    endloop
  endfacet
  facet normal 0 0 -1
    outer loop
      vertex -102.211 -43.8956 0
      vertex 102.211 -43.8956 0
      vertex -102.094 -44.2539 0
    endloop
  endfacet
  facet normal 0 0 -1
    outer loop
      vertex 102.211 43.8956 0
      vertex -102.024 44.624 0
      vertex -102 45 0
    endloop
  endfacet
  facet normal 0 0 -1
    outer loop
      vertex 102.211 -43.8956 0
      vertex -102.211 -43.8956 0
      vertex 102.211 43.8956 0
    endloop
  endfacet
  facet normal 0 0 -1
    outer loop
      vertex 102.211 43.8956 0
      vertex -102.094 44.2539 0
      vertex -102.024 44.624 0
    endloop
  endfacet
  facet normal 0 0 -1
    outer loop
      vertex -102.211 43.8956 0
      vertex 102.211 43.8956 0
      vertex -102.211 -43.8956 0
    endloop
  endfacet
  facet normal 0 0 -1
    outer loop
      vertex 102.211 43.8956 0
      vertex -102.211 43.8956 0
      vertex -102.094 44.2539 0
    endloop
  endfacet
  facet normal 0 0 -1
    outer loop
      vertex -102.371 -43.5547 0
      vertex -102.211 43.8956 0
      vertex -102.211 -43.8956 0
    endloop
  endfacet
  facet normal 0 0 -1
    outer loop
      vertex -102.371 -43.5547 0
      vertex -102.371 43.5547 0
      vertex -102.211 43.8956 0
    endloop
  endfacet
  facet normal 0 0 -1
    outer loop
      vertex -102.573 -43.2366 0
      vertex -102.371 43.5547 0
      vertex -102.371 -43.5547 0
    endloop
  endfacet
  facet normal 0 0 -1
    outer loop
      vertex -102.573 -43.2366 0
      vertex -102.573 43.2366 0
      vertex -102.371 43.5547 0
    endloop
  endfacet
  facet normal 0 0 -1
    outer loop
      vertex -102.813 -42.9464 0
      vertex -102.573 43.2366 0
      vertex -102.573 -43.2366 0
    endloop
  endfacet
  facet normal 0 0 -1
    outer loop
      vertex -102.813 -42.9464 0
      vertex -102.813 42.9464 0
      vertex -102.573 43.2366 0
    endloop
  endfacet
  facet normal 0 0 -1
    outer loop
      vertex -103.088 -42.6885 0
      vertex -102.813 42.9464 0
      vertex -102.813 -42.9464 0
    endloop
  endfacet
  facet normal 0 0 -1
    outer loop
      vertex -103.088 -42.6885 0
      vertex -103.088 42.6885 0
      vertex -102.813 42.9464 0
    endloop
  endfacet
  facet normal 0 0 -1
    outer loop
      vertex -103.393 -42.467 0
      vertex -103.088 42.6885 0
      vertex -103.088 -42.6885 0
    endloop
  endfacet
  facet normal 0 0 -1
    outer loop
      vertex -103.393 -42.467 0
      vertex -103.393 42.467 0
      vertex -103.088 42.6885 0
    endloop
  endfacet
  facet normal 0 0 -1
    outer loop
      vertex -103.723 -42.2855 0
      vertex -103.393 42.467 0
      vertex -103.393 -42.467 0
    endloop
  endfacet
  facet normal 0 0 -1
    outer loop
      vertex -103.723 -42.2855 0
      vertex -103.723 42.2855 0
      vertex -103.393 42.467 0
    endloop
  endfacet
  facet normal 0 0 -1
    outer loop
      vertex -104.073 -42.1468 0
      vertex -103.723 42.2855 0
      vertex -103.723 -42.2855 0
    endloop
  endfacet
  facet normal 0 0 -1
    outer loop
      vertex -104.073 -42.1468 0
      vertex -104.073 42.1468 0
      vertex -103.723 42.2855 0
    endloop
  endfacet
  facet normal 0 0 -1
    outer loop
      vertex -104.438 -42.0531 0
      vertex -104.073 42.1468 0
      vertex -104.073 -42.1468 0
    endloop
  endfacet
  facet normal 0 0 -1
    outer loop
      vertex -104.438 -42.0531 0
      vertex -104.438 42.0531 0
      vertex -104.073 42.1468 0
    endloop
  endfacet
  facet normal 0 0 -1
    outer loop
      vertex -104.812 -42.0059 0
      vertex -104.438 42.0531 0
      vertex -104.438 -42.0531 0
    endloop
  endfacet
  facet normal 0 0 -1
    outer loop
      vertex -104.812 -42.0059 0
      vertex -104.812 42.0059 0
      vertex -104.438 42.0531 0
    endloop
  endfacet
  facet normal 0 0 -1
    outer loop
      vertex -105.188 -42.0059 0
      vertex -104.812 42.0059 0
      vertex -104.812 -42.0059 0
    endloop
  endfacet
  facet normal 0 0 -1
    outer loop
      vertex -105.188 -42.0059 0
      vertex -105.188 42.0059 0
      vertex -104.812 42.0059 0
    endloop
  endfacet
  facet normal 0 0 -1
    outer loop
      vertex -105.562 -42.0531 0
      vertex -105.188 42.0059 0
      vertex -105.188 -42.0059 0
    endloop
  endfacet
  facet normal 0 0 -1
    outer loop
      vertex -105.562 -42.0531 0
      vertex -105.562 42.0531 0
      vertex -105.188 42.0059 0
    endloop
  endfacet
  facet normal 0 0 -1
    outer loop
      vertex -105.927 -42.1468 0
      vertex -105.562 42.0531 0
      vertex -105.562 -42.0531 0
    endloop
  endfacet
  facet normal 0 0 -1
    outer loop
      vertex -105.927 -42.1468 0
      vertex -105.927 42.1468 0
      vertex -105.562 42.0531 0
    endloop
  endfacet
  facet normal 0 0 -1
    outer loop
      vertex -106.277 -42.2855 0
      vertex -105.927 42.1468 0
      vertex -105.927 -42.1468 0
    endloop
  endfacet
  facet normal 0 0 -1
    outer loop
      vertex -106.277 -42.2855 0
      vertex -106.277 42.2855 0
      vertex -105.927 42.1468 0
    endloop
  endfacet
  facet normal 0 0 -1
    outer loop
      vertex -106.607 -42.467 0
      vertex -106.277 42.2855 0
      vertex -106.277 -42.2855 0
    endloop
  endfacet
  facet normal 0 0 -1
    outer loop
      vertex -106.607 -42.467 0
      vertex -106.607 42.467 0
      vertex -106.277 42.2855 0
    endloop
  endfacet
  facet normal 0 0 -1
    outer loop
      vertex -106.912 -42.6885 0
      vertex -106.607 42.467 0
      vertex -106.607 -42.467 0
    endloop
  endfacet
  facet normal 0 0 -1
    outer loop
      vertex -106.912 -42.6885 0
      vertex -106.912 42.6885 0
      vertex -106.607 42.467 0
    endloop
  endfacet
  facet normal 0 0 -1
    outer loop
      vertex -107.187 -42.9464 0
      vertex -106.912 42.6885 0
      vertex -106.912 -42.6885 0
    endloop
  endfacet
  facet normal 0 0 -1
    outer loop
      vertex -107.187 -42.9464 0
      vertex -107.187 42.9464 0
      vertex -106.912 42.6885 0
    endloop
  endfacet
  facet normal 0 0 -1
    outer loop
      vertex -112 -47 0
      vertex -107.187 -42.9464 0
      vertex -107.427 -43.2366 0
    endloop
  endfacet
  facet normal -0 0 -1
    outer loop
      vertex -107.187 -42.9464 0
      vertex -112 -47 0
      vertex -107.187 42.9464 0
    endloop
  endfacet
  facet normal 0 0 -1
    outer loop
      vertex -112 -47 0
      vertex -107.427 -43.2366 0
      vertex -107.629 -43.5547 0
    endloop
  endfacet
  facet normal 0 0 -1
    outer loop
      vertex -112 47 0
      vertex -107.187 42.9464 0
      vertex -112 -47 0
    endloop
  endfacet
  facet normal 0 0 -1
    outer loop
      vertex -112 -47 0
      vertex -107.629 -43.5547 0
      vertex -107.789 -43.8956 0
    endloop
  endfacet
  facet normal 0 0 -1
    outer loop
      vertex -107.187 42.9464 0
      vertex -112 47 0
      vertex -107.427 43.2366 0
    endloop
  endfacet
  facet normal 0 0 -1
    outer loop
      vertex -112 -47 0
      vertex -107.789 -43.8956 0
      vertex -107.906 -44.2539 0
    endloop
  endfacet
  facet normal 0 0 -1
    outer loop
      vertex -107.427 43.2366 0
      vertex -112 47 0
      vertex -107.629 43.5547 0
    endloop
  endfacet
  facet normal 0 0 -1
    outer loop
      vertex -112 -47 0
      vertex -107.906 -44.2539 0
      vertex -107.976 -44.624 0
    endloop
  endfacet
  facet normal 0 0 -1
    outer loop
      vertex -107.629 43.5547 0
      vertex -112 47 0
      vertex -107.789 43.8956 0
    endloop
  endfacet
  facet normal 0 0 -1
    outer loop
      vertex -112 -47 0
      vertex -107.976 -44.624 0
      vertex -108 -45 0
    endloop
  endfacet
  facet normal 0 0 -1
    outer loop
      vertex -107.789 43.8956 0
      vertex -112 47 0
      vertex -107.906 44.2539 0
    endloop
  endfacet
  facet normal 0 0 -1
    outer loop
      vertex 107.789 -43.8956 0
      vertex 112 -47 0
      vertex 107.906 -44.2539 0
    endloop
  endfacet
  facet normal 0 0 -1
    outer loop
      vertex 112 47 0
      vertex 107.976 44.624 0
      vertex 108 45 0
    endloop
  endfacet
  facet normal 0 0 -1
    outer loop
      vertex 107.629 -43.5547 0
      vertex 112 -47 0
      vertex 107.789 -43.8956 0
    endloop
  endfacet
  facet normal 0 0 -1
    outer loop
      vertex 112 47 0
      vertex 107.906 44.2539 0
      vertex 107.976 44.624 0
    endloop
  endfacet
  facet normal 0 0 -1
    outer loop
      vertex 107.427 -43.2366 0
      vertex 112 -47 0
      vertex 107.629 -43.5547 0
    endloop
  endfacet
  facet normal 0 0 -1
    outer loop
      vertex 112 47 0
      vertex 107.789 43.8956 0
      vertex 107.906 44.2539 0
    endloop
  endfacet
  facet normal 0 0 -1
    outer loop
      vertex 107.187 -42.9464 0
      vertex 112 -47 0
      vertex 107.427 -43.2366 0
    endloop
  endfacet
  facet normal 0 0 -1
    outer loop
      vertex 112 47 0
      vertex 107.629 43.5547 0
      vertex 107.789 43.8956 0
    endloop
  endfacet
  facet normal 0 0 -1
    outer loop
      vertex 112 -47 0
      vertex 107.187 -42.9464 0
      vertex 112 47 0
    endloop
  endfacet
  facet normal 0 0 -1
    outer loop
      vertex 112 47 0
      vertex 107.427 43.2366 0
      vertex 107.629 43.5547 0
    endloop
  endfacet
  facet normal 0 0 -1
    outer loop
      vertex 107.187 42.9464 0
      vertex 112 47 0
      vertex 107.187 -42.9464 0
    endloop
  endfacet
  facet normal 0 0 -1
    outer loop
      vertex 112 47 0
      vertex 107.187 42.9464 0
      vertex 107.427 43.2366 0
    endloop
  endfacet
  facet normal 0 0 -1
    outer loop
      vertex 106.912 -42.6885 0
      vertex 107.187 42.9464 0
      vertex 107.187 -42.9464 0
    endloop
  endfacet
  facet normal 0 0 -1
    outer loop
      vertex 106.912 -42.6885 0
      vertex 106.912 42.6885 0
      vertex 107.187 42.9464 0
    endloop
  endfacet
  facet normal 0 0 -1
    outer loop
      vertex 106.607 -42.467 0
      vertex 106.912 42.6885 0
      vertex 106.912 -42.6885 0
    endloop
  endfacet
  facet normal 0 0 -1
    outer loop
      vertex 106.607 -42.467 0
      vertex 106.607 42.467 0
      vertex 106.912 42.6885 0
    endloop
  endfacet
  facet normal 0 0 -1
    outer loop
      vertex 106.277 -42.2855 0
      vertex 106.607 42.467 0
      vertex 106.607 -42.467 0
    endloop
  endfacet
  facet normal 0 0 -1
    outer loop
      vertex 106.277 -42.2855 0
      vertex 106.277 42.2855 0
      vertex 106.607 42.467 0
    endloop
  endfacet
  facet normal 0 0 -1
    outer loop
      vertex 105.927 -42.1468 0
      vertex 106.277 42.2855 0
      vertex 106.277 -42.2855 0
    endloop
  endfacet
  facet normal 0 0 -1
    outer loop
      vertex 105.927 -42.1468 0
      vertex 105.927 42.1468 0
      vertex 106.277 42.2855 0
    endloop
  endfacet
  facet normal 0 0 -1
    outer loop
      vertex 105.562 -42.0531 0
      vertex 105.927 42.1468 0
      vertex 105.927 -42.1468 0
    endloop
  endfacet
  facet normal 0 0 -1
    outer loop
      vertex 105.562 -42.0531 0
      vertex 105.562 42.0531 0
      vertex 105.927 42.1468 0
    endloop
  endfacet
  facet normal 0 0 -1
    outer loop
      vertex 105.188 -42.0059 0
      vertex 105.562 42.0531 0
      vertex 105.562 -42.0531 0
    endloop
  endfacet
  facet normal 0 0 -1
    outer loop
      vertex 105.188 -42.0059 0
      vertex 105.188 42.0059 0
      vertex 105.562 42.0531 0
    endloop
  endfacet
  facet normal 0 0 -1
    outer loop
      vertex 104.812 -42.0059 0
      vertex 105.188 42.0059 0
      vertex 105.188 -42.0059 0
    endloop
  endfacet
  facet normal 0 0 -1
    outer loop
      vertex 104.812 -42.0059 0
      vertex 104.812 42.0059 0
      vertex 105.188 42.0059 0
    endloop
  endfacet
  facet normal 0 0 -1
    outer loop
      vertex 104.438 -42.0531 0
      vertex 104.812 42.0059 0
      vertex 104.812 -42.0059 0
    endloop
  endfacet
  facet normal 0 0 -1
    outer loop
      vertex 104.438 -42.0531 0
      vertex 104.438 42.0531 0
      vertex 104.812 42.0059 0
    endloop
  endfacet
  facet normal 0 0 -1
    outer loop
      vertex 104.073 -42.1468 0
      vertex 104.438 42.0531 0
      vertex 104.438 -42.0531 0
    endloop
  endfacet
  facet normal 0 0 -1
    outer loop
      vertex 104.073 -42.1468 0
      vertex 104.073 42.1468 0
      vertex 104.438 42.0531 0
    endloop
  endfacet
  facet normal 0 0 -1
    outer loop
      vertex 103.723 -42.2855 0
      vertex 104.073 42.1468 0
      vertex 104.073 -42.1468 0
    endloop
  endfacet
  facet normal 0 0 -1
    outer loop
      vertex 103.723 -42.2855 0
      vertex 103.723 42.2855 0
      vertex 104.073 42.1468 0
    endloop
  endfacet
  facet normal 0 0 -1
    outer loop
      vertex 103.393 -42.467 0
      vertex 103.723 42.2855 0
      vertex 103.723 -42.2855 0
    endloop
  endfacet
  facet normal 0 0 -1
    outer loop
      vertex 103.393 -42.467 0
      vertex 103.393 42.467 0
      vertex 103.723 42.2855 0
    endloop
  endfacet
  facet normal 0 0 -1
    outer loop
      vertex 103.088 -42.6885 0
      vertex 103.393 42.467 0
      vertex 103.393 -42.467 0
    endloop
  endfacet
  facet normal 0 0 -1
    outer loop
      vertex 103.088 -42.6885 0
      vertex 103.088 42.6885 0
      vertex 103.393 42.467 0
    endloop
  endfacet
  facet normal 0 0 -1
    outer loop
      vertex 102.813 -42.9464 0
      vertex 103.088 42.6885 0
      vertex 103.088 -42.6885 0
    endloop
  endfacet
  facet normal 0 0 -1
    outer loop
      vertex 102.813 -42.9464 0
      vertex 102.813 42.9464 0
      vertex 103.088 42.6885 0
    endloop
  endfacet
  facet normal 0 0 -1
    outer loop
      vertex 102.573 -43.2366 0
      vertex 102.813 42.9464 0
      vertex 102.813 -42.9464 0
    endloop
  endfacet
  facet normal 0 0 -1
    outer loop
      vertex 102.573 -43.2366 0
      vertex 102.573 43.2366 0
      vertex 102.813 42.9464 0
    endloop
  endfacet
  facet normal 0 0 -1
    outer loop
      vertex 102.371 -43.5547 0
      vertex 102.573 43.2366 0
      vertex 102.573 -43.2366 0
    endloop
  endfacet
  facet normal 0 0 -1
    outer loop
      vertex 102.371 -43.5547 0
      vertex 102.371 43.5547 0
      vertex 102.573 43.2366 0
    endloop
  endfacet
  facet normal 0 0 -1
    outer loop
      vertex 102.211 -43.8956 0
      vertex 102.371 43.5547 0
      vertex 102.371 -43.5547 0
    endloop
  endfacet
  facet normal 0 0 -1
    outer loop
      vertex 102.211 -43.8956 0
      vertex 102.211 43.8956 0
      vertex 102.371 43.5547 0
    endloop
  endfacet
  facet normal 0 0 -1
    outer loop
      vertex 102.024 -44.624 0
      vertex -102.024 -44.624 0
      vertex 102.094 -44.2539 0
    endloop
  endfacet
  facet normal 0 0 -1
    outer loop
      vertex -102.094 -44.2539 0
      vertex 102.094 -44.2539 0
      vertex -102.024 -44.624 0
    endloop
  endfacet
  facet normal 0 0 -1
    outer loop
      vertex -102.024 -44.624 0
      vertex 102.024 -44.624 0
      vertex -102 -45 0
    endloop
  endfacet
  facet normal 0 0 -1
    outer loop
      vertex 102.094 -44.2539 0
      vertex -102.094 -44.2539 0
      vertex 102.211 -43.8956 0
    endloop
  endfacet
  facet normal 0 0 -1
    outer loop
      vertex -102 -45 0
      vertex 102.024 -44.624 0
      vertex 102 -45 0
    endloop
  endfacet
  facet normal 0 0 -1
    outer loop
      vertex 102.211 43.8956 0
      vertex -102 45 0
      vertex 102.094 44.2539 0
    endloop
  endfacet
  facet normal 0 0 -1
    outer loop
      vertex 107.789 -46.1044 0
      vertex 112 -47 0
      vertex 111.961 -47.6267 0
    endloop
  endfacet
  facet normal 0 0 -1
    outer loop
      vertex 107.976 -44.624 0
      vertex 112 -47 0
      vertex 108 -45 0
    endloop
  endfacet
  facet normal 0 0 -1
    outer loop
      vertex 107.629 -46.4453 0
      vertex 111.961 -47.6267 0
      vertex 111.843 -48.2435 0
    endloop
  endfacet
  facet normal 0 0 -1
    outer loop
      vertex 107.906 -44.2539 0
      vertex 112 -47 0
      vertex 107.976 -44.624 0
    endloop
  endfacet
  facet normal 0 0 -1
    outer loop
      vertex 107.629 -46.4453 0
      vertex 111.843 -48.2435 0
      vertex 111.649 -48.8406 0
    endloop
  endfacet
  facet normal 0 0 -1
    outer loop
      vertex 107.976 45.376 0
      vertex 112 47 0
      vertex 108 45 0
    endloop
  endfacet
  facet normal 0 0 -1
    outer loop
      vertex 107.427 -46.7634 0
      vertex 111.649 -48.8406 0
      vertex 111.382 -49.4088 0
    endloop
  endfacet
  facet normal 0 0 -1
    outer loop
      vertex 107.906 45.7461 0
      vertex 112 47 0
      vertex 107.976 45.376 0
    endloop
  endfacet
  facet normal 0 0 -1
    outer loop
      vertex 107.427 -46.7634 0
      vertex 111.382 -49.4088 0
      vertex 111.045 -49.9389 0
    endloop
  endfacet
  facet normal 0 0 -1
    outer loop
      vertex 107.789 46.1044 0
      vertex 112 47 0
      vertex 107.906 45.7461 0
    endloop
  endfacet
  facet normal 0 0 -1
    outer loop
      vertex 107.187 -47.0536 0
      vertex 111.045 -49.9389 0
      vertex 110.645 -50.4227 0
    endloop
  endfacet
  facet normal -0 0 -1
    outer loop
      vertex 112 47 0
      vertex 107.789 46.1044 0
      vertex 111.961 47.6267 0
    endloop
  endfacet
  facet normal 0 0 -1
    outer loop
      vertex 107.187 -47.0536 0
      vertex 110.645 -50.4227 0
      vertex 110.187 -50.8526 0
    endloop
  endfacet
  facet normal 0 0 -1
    outer loop
      vertex 107.629 46.4453 0
      vertex 111.961 47.6267 0
      vertex 107.789 46.1044 0
    endloop
  endfacet
  facet normal 0 0 -1
    outer loop
      vertex 106.912 -47.3115 0
      vertex 110.187 -50.8526 0
      vertex 109.679 -51.2216 0
    endloop
  endfacet
  facet normal -0 0 -1
    outer loop
      vertex 111.961 47.6267 0
      vertex 107.629 46.4453 0
      vertex 111.843 48.2435 0
    endloop
  endfacet
  facet normal 0 0 -1
    outer loop
      vertex 106.912 -47.3115 0
      vertex 109.679 -51.2216 0
      vertex 109.129 -51.5241 0
    endloop
  endfacet
  facet normal -0 0 -1
    outer loop
      vertex 111.843 48.2435 0
      vertex 107.629 46.4453 0
      vertex 111.649 48.8406 0
    endloop
  endfacet
  facet normal 0 0 -1
    outer loop
      vertex 106.607 -47.533 0
      vertex 109.129 -51.5241 0
      vertex 108.545 -51.7553 0
    endloop
  endfacet
  facet normal 0 0 -1
    outer loop
      vertex 107.427 46.7634 0
      vertex 111.649 48.8406 0
      vertex 107.629 46.4453 0
    endloop
  endfacet
  facet normal -0 0 -1
    outer loop
      vertex 111.649 48.8406 0
      vertex 107.427 46.7634 0
      vertex 111.382 49.4088 0
    endloop
  endfacet
  facet normal 0 0 -1
    outer loop
      vertex 112 -47 0
      vertex 107.976 -45.376 0
      vertex 108 -45 0
    endloop
  endfacet
  facet normal 0 0 -1
    outer loop
      vertex 106.607 -47.533 0
      vertex 108.545 -51.7553 0
      vertex 107.937 -51.9114 0
    endloop
  endfacet
  facet normal 0 0 -1
    outer loop
      vertex 112 -47 0
      vertex 107.906 -45.7461 0
      vertex 107.976 -45.376 0
    endloop
  endfacet
  facet normal 0 0 -1
    outer loop
      vertex 112 -47 0
      vertex 107.789 -46.1044 0
      vertex 107.906 -45.7461 0
    endloop
  endfacet
  facet normal 0 0 -1
    outer loop
      vertex 111.961 -47.6267 0
      vertex 107.629 -46.4453 0
      vertex 107.789 -46.1044 0
    endloop
  endfacet
  facet normal 0 0 -1
    outer loop
      vertex 111.649 -48.8406 0
      vertex 107.427 -46.7634 0
      vertex 107.629 -46.4453 0
    endloop
  endfacet
  facet normal 0 0 -1
    outer loop
      vertex 106.277 -47.7145 0
      vertex 107.937 -51.9114 0
      vertex 107.314 -51.9901 0
    endloop
  endfacet
  facet normal 0 0 -1
    outer loop
      vertex 111.045 -49.9389 0
      vertex 107.187 -47.0536 0
      vertex 107.427 -46.7634 0
    endloop
  endfacet
  facet normal 0 0 -1
    outer loop
      vertex 110.187 -50.8526 0
      vertex 106.912 -47.3115 0
      vertex 107.187 -47.0536 0
    endloop
  endfacet
  facet normal 0 0 -1
    outer loop
      vertex 109.129 -51.5241 0
      vertex 106.607 -47.533 0
      vertex 106.912 -47.3115 0
    endloop
  endfacet
  facet normal 0 0 -1
    outer loop
      vertex 107.937 -51.9114 0
      vertex 106.277 -47.7145 0
      vertex 106.607 -47.533 0
    endloop
  endfacet
  facet normal 0 0 -1
    outer loop
      vertex 107.314 -51.9901 0
      vertex 105.927 -47.8532 0
      vertex 106.277 -47.7145 0
    endloop
  endfacet
  facet normal 0 0 -1
    outer loop
      vertex 107.314 -51.9901 0
      vertex 105.562 -47.9469 0
      vertex 105.927 -47.8532 0
    endloop
  endfacet
  facet normal 0 0 -1
    outer loop
      vertex 107.314 -51.9901 0
      vertex 105.188 -47.9941 0
      vertex 105.562 -47.9469 0
    endloop
  endfacet
  facet normal 0 0 -1
    outer loop
      vertex 107.314 -51.9901 0
      vertex 104.812 -47.9941 0
      vertex 105.188 -47.9941 0
    endloop
  endfacet
  facet normal 0 0 -1
    outer loop
      vertex 107.314 -51.9901 0
      vertex 104.438 -47.9469 0
      vertex 104.812 -47.9941 0
    endloop
  endfacet
  facet normal 0 0 -1
    outer loop
      vertex 107.314 -51.9901 0
      vertex 104.073 -47.8532 0
      vertex 104.438 -47.9469 0
    endloop
  endfacet
  facet normal 0 0 -1
    outer loop
      vertex 107.314 -51.9901 0
      vertex 103.723 -47.7145 0
      vertex 104.073 -47.8532 0
    endloop
  endfacet
  facet normal 0 0 -1
    outer loop
      vertex 107.314 -51.9901 0
      vertex 103.393 -47.533 0
      vertex 103.723 -47.7145 0
    endloop
  endfacet
  facet normal 0 0 -1
    outer loop
      vertex 107.314 -51.9901 0
      vertex 103.088 -47.3115 0
      vertex 103.393 -47.533 0
    endloop
  endfacet
  facet normal 0 0 -1
    outer loop
      vertex 107.314 -51.9901 0
      vertex 102.813 -47.0536 0
      vertex 103.088 -47.3115 0
    endloop
  endfacet
  facet normal 0 0 -1
    outer loop
      vertex 102.094 44.2539 0
      vertex -102 45 0
      vertex 102.024 44.624 0
    endloop
  endfacet
  facet normal 0 0 -1
    outer loop
      vertex 102.024 -45.376 0
      vertex -102 -45 0
      vertex 102 -45 0
    endloop
  endfacet
  facet normal 0 0 -1
    outer loop
      vertex -102.024 -45.376 0
      vertex 102.024 -45.376 0
      vertex 102.094 -45.7461 0
    endloop
  endfacet
  facet normal 0 0 -1
    outer loop
      vertex -102.094 -45.7461 0
      vertex 102.094 -45.7461 0
      vertex 102.211 -46.1044 0
    endloop
  endfacet
  facet normal 0 0 -1
    outer loop
      vertex -102.211 -46.1044 0
      vertex 102.211 -46.1044 0
      vertex 102.371 -46.4453 0
    endloop
  endfacet
  facet normal 0 0 -1
    outer loop
      vertex -102.371 -46.4453 0
      vertex 102.371 -46.4453 0
      vertex 102.573 -46.7634 0
    endloop
  endfacet
  facet normal 0 0 -1
    outer loop
      vertex -102.573 -46.7634 0
      vertex 102.573 -46.7634 0
      vertex 102.813 -47.0536 0
    endloop
  endfacet
  facet normal 0 0 -1
    outer loop
      vertex -102.813 -47.0536 0
      vertex 102.813 -47.0536 0
      vertex 107.314 -51.9901 0
    endloop
  endfacet
  facet normal 0 0 -1
    outer loop
      vertex 102.024 -45.376 0
      vertex -102.024 -45.376 0
      vertex -102 -45 0
    endloop
  endfacet
  facet normal 0 0 -1
    outer loop
      vertex 102.094 -45.7461 0
      vertex -102.094 -45.7461 0
      vertex -102.024 -45.376 0
    endloop
  endfacet
  facet normal 0 0 -1
    outer loop
      vertex 102.211 -46.1044 0
      vertex -102.211 -46.1044 0
      vertex -102.094 -45.7461 0
    endloop
  endfacet
  facet normal 0 0 -1
    outer loop
      vertex 102.371 -46.4453 0
      vertex -102.371 -46.4453 0
      vertex -102.211 -46.1044 0
    endloop
  endfacet
  facet normal 0 0 -1
    outer loop
      vertex 102.573 -46.7634 0
      vertex -102.573 -46.7634 0
      vertex -102.371 -46.4453 0
    endloop
  endfacet
  facet normal 0 0 -1
    outer loop
      vertex 102.813 -47.0536 0
      vertex -102.813 -47.0536 0
      vertex -102.573 -46.7634 0
    endloop
  endfacet
  facet normal 0 0 -1
    outer loop
      vertex -107.314 -51.9901 0
      vertex -102.813 -47.0536 0
      vertex 107.314 -51.9901 0
    endloop
  endfacet
  facet normal 0 0 -1
    outer loop
      vertex -102.813 -47.0536 0
      vertex -107.314 -51.9901 0
      vertex -103.088 -47.3115 0
    endloop
  endfacet
  facet normal 0 0 -1
    outer loop
      vertex -103.088 -47.3115 0
      vertex -107.314 -51.9901 0
      vertex -103.393 -47.533 0
    endloop
  endfacet
  facet normal 0 0 -1
    outer loop
      vertex -103.393 -47.533 0
      vertex -107.314 -51.9901 0
      vertex -103.723 -47.7145 0
    endloop
  endfacet
  facet normal 0 0 -1
    outer loop
      vertex -103.723 -47.7145 0
      vertex -107.314 -51.9901 0
      vertex -104.073 -47.8532 0
    endloop
  endfacet
  facet normal 0 0 -1
    outer loop
      vertex -104.073 -47.8532 0
      vertex -107.314 -51.9901 0
      vertex -104.438 -47.9469 0
    endloop
  endfacet
  facet normal 0 0 -1
    outer loop
      vertex -104.438 -47.9469 0
      vertex -107.314 -51.9901 0
      vertex -104.812 -47.9941 0
    endloop
  endfacet
  facet normal -0 0 -1
    outer loop
      vertex -104.812 -47.9941 0
      vertex -107.314 -51.9901 0
      vertex -105.188 -47.9941 0
    endloop
  endfacet
  facet normal 0 0 -1
    outer loop
      vertex -107.314 -51.9901 0
      vertex -105.562 -47.9469 0
      vertex -105.188 -47.9941 0
    endloop
  endfacet
  facet normal 0 0 -1
    outer loop
      vertex -107.314 -51.9901 0
      vertex -105.927 -47.8532 0
      vertex -105.562 -47.9469 0
    endloop
  endfacet
  facet normal 0 0 -1
    outer loop
      vertex -107.314 -51.9901 0
      vertex -106.277 -47.7145 0
      vertex -105.927 -47.8532 0
    endloop
  endfacet
  facet normal 0 0 -1
    outer loop
      vertex -107.937 -51.9114 0
      vertex -106.277 -47.7145 0
      vertex -107.314 -51.9901 0
    endloop
  endfacet
  facet normal -0 0 -1
    outer loop
      vertex -106.277 -47.7145 0
      vertex -107.937 -51.9114 0
      vertex -106.607 -47.533 0
    endloop
  endfacet
  facet normal 0 0 -1
    outer loop
      vertex -108.545 -51.7553 0
      vertex -106.607 -47.533 0
      vertex -107.937 -51.9114 0
    endloop
  endfacet
  facet normal 0 0 -1
    outer loop
      vertex -109.129 -51.5241 0
      vertex -106.607 -47.533 0
      vertex -108.545 -51.7553 0
    endloop
  endfacet
  facet normal -0 0 -1
    outer loop
      vertex -106.607 -47.533 0
      vertex -109.129 -51.5241 0
      vertex -106.912 -47.3115 0
    endloop
  endfacet
  facet normal 0 0 -1
    outer loop
      vertex -109.679 -51.2216 0
      vertex -106.912 -47.3115 0
      vertex -109.129 -51.5241 0
    endloop
  endfacet
  facet normal 0 0 -1
    outer loop
      vertex -110.187 -50.8526 0
      vertex -106.912 -47.3115 0
      vertex -109.679 -51.2216 0
    endloop
  endfacet
  facet normal -0 0 -1
    outer loop
      vertex -106.912 -47.3115 0
      vertex -110.187 -50.8526 0
      vertex -107.187 -47.0536 0
    endloop
  endfacet
  facet normal 0 0 -1
    outer loop
      vertex -110.645 -50.4227 0
      vertex -107.187 -47.0536 0
      vertex -110.187 -50.8526 0
    endloop
  endfacet
  facet normal 0 0 -1
    outer loop
      vertex -111.045 -49.9389 0
      vertex -107.187 -47.0536 0
      vertex -110.645 -50.4227 0
    endloop
  endfacet
  facet normal 0 0 -1
    outer loop
      vertex -111.382 -49.4088 0
      vertex -107.427 -46.7634 0
      vertex -111.045 -49.9389 0
    endloop
  endfacet
  facet normal -0 0 -1
    outer loop
      vertex -107.187 -47.0536 0
      vertex -111.045 -49.9389 0
      vertex -107.427 -46.7634 0
    endloop
  endfacet
  facet normal -0 0 -1
    outer loop
      vertex 111.382 49.4088 0
      vertex 107.427 46.7634 0
      vertex 111.045 49.9389 0
    endloop
  endfacet
  facet normal 0 0 -1
    outer loop
      vertex 107.187 47.0536 0
      vertex 111.045 49.9389 0
      vertex 107.427 46.7634 0
    endloop
  endfacet
  facet normal -0 0 -1
    outer loop
      vertex 111.045 49.9389 0
      vertex 107.187 47.0536 0
      vertex 110.645 50.4227 0
    endloop
  endfacet
  facet normal -0 0 -1
    outer loop
      vertex 110.645 50.4227 0
      vertex 107.187 47.0536 0
      vertex 110.187 50.8526 0
    endloop
  endfacet
  facet normal 0 0 -1
    outer loop
      vertex 106.912 47.3115 0
      vertex 110.187 50.8526 0
      vertex 107.187 47.0536 0
    endloop
  endfacet
  facet normal -0 0 -1
    outer loop
      vertex 110.187 50.8526 0
      vertex 106.912 47.3115 0
      vertex 109.679 51.2216 0
    endloop
  endfacet
  facet normal -0 0 -1
    outer loop
      vertex 109.679 51.2216 0
      vertex 106.912 47.3115 0
      vertex 109.129 51.5241 0
    endloop
  endfacet
  facet normal 0 0 -1
    outer loop
      vertex 106.607 47.533 0
      vertex 109.129 51.5241 0
      vertex 106.912 47.3115 0
    endloop
  endfacet
  facet normal -0 0 -1
    outer loop
      vertex 109.129 51.5241 0
      vertex 106.607 47.533 0
      vertex 108.545 51.7553 0
    endloop
  endfacet
  facet normal -0 0 -1
    outer loop
      vertex 108.545 51.7553 0
      vertex 106.607 47.533 0
      vertex 107.937 51.9114 0
    endloop
  endfacet
  facet normal 0 0 -1
    outer loop
      vertex 106.277 47.7145 0
      vertex 107.937 51.9114 0
      vertex 106.607 47.533 0
    endloop
  endfacet
  facet normal -0 0 -1
    outer loop
      vertex 107.937 51.9114 0
      vertex 106.277 47.7145 0
      vertex 107.314 51.9901 0
    endloop
  endfacet
  facet normal 0 0 -1
    outer loop
      vertex 105.927 47.8532 0
      vertex 107.314 51.9901 0
      vertex 106.277 47.7145 0
    endloop
  endfacet
  facet normal 0 0 -1
    outer loop
      vertex 105.562 47.9469 0
      vertex 107.314 51.9901 0
      vertex 105.927 47.8532 0
    endloop
  endfacet
  facet normal 0 0 -1
    outer loop
      vertex 105.188 47.9941 0
      vertex 107.314 51.9901 0
      vertex 105.562 47.9469 0
    endloop
  endfacet
  facet normal 0 0 -1
    outer loop
      vertex 104.812 47.9941 0
      vertex 107.314 51.9901 0
      vertex 105.188 47.9941 0
    endloop
  endfacet
  facet normal 0 0 -1
    outer loop
      vertex 104.438 47.9469 0
      vertex 107.314 51.9901 0
      vertex 104.812 47.9941 0
    endloop
  endfacet
  facet normal 0 0 -1
    outer loop
      vertex 104.073 47.8532 0
      vertex 107.314 51.9901 0
      vertex 104.438 47.9469 0
    endloop
  endfacet
  facet normal 0 0 -1
    outer loop
      vertex 103.723 47.7145 0
      vertex 107.314 51.9901 0
      vertex 104.073 47.8532 0
    endloop
  endfacet
  facet normal 0 0 -1
    outer loop
      vertex 103.393 47.533 0
      vertex 107.314 51.9901 0
      vertex 103.723 47.7145 0
    endloop
  endfacet
  facet normal 0 0 -1
    outer loop
      vertex 103.088 47.3115 0
      vertex 107.314 51.9901 0
      vertex 103.393 47.533 0
    endloop
  endfacet
  facet normal 0 0 -1
    outer loop
      vertex 102.813 47.0536 0
      vertex 107.314 51.9901 0
      vertex 103.088 47.3115 0
    endloop
  endfacet
  facet normal 0 0 -1
    outer loop
      vertex 102.024 44.624 0
      vertex -102 45 0
      vertex 102 45 0
    endloop
  endfacet
  facet normal 0 0 -1
    outer loop
      vertex 102 45 0
      vertex -102 45 0
      vertex 102.024 45.376 0
    endloop
  endfacet
  facet normal 0 0 -1
    outer loop
      vertex -102.024 45.376 0
      vertex 102.024 45.376 0
      vertex -102 45 0
    endloop
  endfacet
  facet normal 0 0 -1
    outer loop
      vertex 102.024 45.376 0
      vertex -102.024 45.376 0
      vertex 102.094 45.7461 0
    endloop
  endfacet
  facet normal 0 0 -1
    outer loop
      vertex -102.094 45.7461 0
      vertex 102.094 45.7461 0
      vertex -102.024 45.376 0
    endloop
  endfacet
  facet normal 0 0 -1
    outer loop
      vertex 102.094 45.7461 0
      vertex -102.094 45.7461 0
      vertex 102.211 46.1044 0
    endloop
  endfacet
  facet normal 0 0 -1
    outer loop
      vertex -102.211 46.1044 0
      vertex 102.211 46.1044 0
      vertex -102.094 45.7461 0
    endloop
  endfacet
  facet normal 0 0 -1
    outer loop
      vertex 102.211 46.1044 0
      vertex -102.211 46.1044 0
      vertex 102.371 46.4453 0
    endloop
  endfacet
  facet normal 0 0 -1
    outer loop
      vertex -102.371 46.4453 0
      vertex 102.371 46.4453 0
      vertex -102.211 46.1044 0
    endloop
  endfacet
  facet normal 0 0 -1
    outer loop
      vertex 102.371 46.4453 0
      vertex -102.371 46.4453 0
      vertex 102.573 46.7634 0
    endloop
  endfacet
  facet normal 0 0 -1
    outer loop
      vertex -102.573 46.7634 0
      vertex 102.573 46.7634 0
      vertex -102.371 46.4453 0
    endloop
  endfacet
  facet normal 0 0 -1
    outer loop
      vertex 102.573 46.7634 0
      vertex -102.573 46.7634 0
      vertex 102.813 47.0536 0
    endloop
  endfacet
  facet normal 0 0 -1
    outer loop
      vertex -102.813 47.0536 0
      vertex 102.813 47.0536 0
      vertex -102.573 46.7634 0
    endloop
  endfacet
  facet normal 0 0 -1
    outer loop
      vertex 102.813 47.0536 0
      vertex -102.813 47.0536 0
      vertex 107.314 51.9901 0
    endloop
  endfacet
  facet normal 0 0 -1
    outer loop
      vertex -107.314 51.9901 0
      vertex -102.813 47.0536 0
      vertex -103.088 47.3115 0
    endloop
  endfacet
  facet normal 0 0 -1
    outer loop
      vertex -107.314 51.9901 0
      vertex -103.088 47.3115 0
      vertex -103.393 47.533 0
    endloop
  endfacet
  facet normal 0 0 -1
    outer loop
      vertex -107.314 51.9901 0
      vertex -103.393 47.533 0
      vertex -103.723 47.7145 0
    endloop
  endfacet
  facet normal 0 0 -1
    outer loop
      vertex -107.314 51.9901 0
      vertex -103.723 47.7145 0
      vertex -104.073 47.8532 0
    endloop
  endfacet
  facet normal 0 0 -1
    outer loop
      vertex -107.314 51.9901 0
      vertex -104.073 47.8532 0
      vertex -104.438 47.9469 0
    endloop
  endfacet
  facet normal 0 0 -1
    outer loop
      vertex -107.314 51.9901 0
      vertex -104.438 47.9469 0
      vertex -104.812 47.9941 0
    endloop
  endfacet
  facet normal 0 0 -1
    outer loop
      vertex -107.314 51.9901 0
      vertex -104.812 47.9941 0
      vertex -105.188 47.9941 0
    endloop
  endfacet
  facet normal 0 0 -1
    outer loop
      vertex -102.813 47.0536 0
      vertex -107.314 51.9901 0
      vertex 107.314 51.9901 0
    endloop
  endfacet
  facet normal 0 0 -1
    outer loop
      vertex -105.562 47.9469 0
      vertex -107.314 51.9901 0
      vertex -105.188 47.9941 0
    endloop
  endfacet
  facet normal 0 0 -1
    outer loop
      vertex -105.927 47.8532 0
      vertex -107.314 51.9901 0
      vertex -105.562 47.9469 0
    endloop
  endfacet
  facet normal 0 0 -1
    outer loop
      vertex -106.277 47.7145 0
      vertex -107.314 51.9901 0
      vertex -105.927 47.8532 0
    endloop
  endfacet
  facet normal 0 0 -1
    outer loop
      vertex -107.937 51.9114 0
      vertex -106.277 47.7145 0
      vertex -106.607 47.533 0
    endloop
  endfacet
  facet normal 0 0 -1
    outer loop
      vertex -109.129 51.5241 0
      vertex -106.607 47.533 0
      vertex -106.912 47.3115 0
    endloop
  endfacet
  facet normal 0 0 -1
    outer loop
      vertex -110.187 50.8526 0
      vertex -106.912 47.3115 0
      vertex -107.187 47.0536 0
    endloop
  endfacet
  facet normal 0 0 -1
    outer loop
      vertex -111.045 49.9389 0
      vertex -107.187 47.0536 0
      vertex -107.427 46.7634 0
    endloop
  endfacet
  facet normal 0 0 -1
    outer loop
      vertex -111.649 48.8406 0
      vertex -107.427 46.7634 0
      vertex -107.629 46.4453 0
    endloop
  endfacet
  facet normal 0 0 -1
    outer loop
      vertex -111.961 47.6267 0
      vertex -107.629 46.4453 0
      vertex -107.789 46.1044 0
    endloop
  endfacet
  facet normal 0 0 -1
    outer loop
      vertex -112 47 0
      vertex -107.789 46.1044 0
      vertex -107.906 45.7461 0
    endloop
  endfacet
  facet normal 0 0 -1
    outer loop
      vertex -106.277 47.7145 0
      vertex -107.937 51.9114 0
      vertex -107.314 51.9901 0
    endloop
  endfacet
  facet normal 0 0 -1
    outer loop
      vertex -112 47 0
      vertex -107.906 45.7461 0
      vertex -107.976 45.376 0
    endloop
  endfacet
  facet normal 0 0 -1
    outer loop
      vertex -112 47 0
      vertex -107.976 45.376 0
      vertex -108 45 0
    endloop
  endfacet
  facet normal 0 0 -1
    outer loop
      vertex -106.607 47.533 0
      vertex -108.545 51.7553 0
      vertex -107.937 51.9114 0
    endloop
  endfacet
  facet normal 0 0 -1
    outer loop
      vertex -107.906 44.2539 0
      vertex -112 47 0
      vertex -107.976 44.624 0
    endloop
  endfacet
  facet normal 0 0 -1
    outer loop
      vertex -111.649 -48.8406 0
      vertex -107.427 -46.7634 0
      vertex -111.382 -49.4088 0
    endloop
  endfacet
  facet normal 0 0 -1
    outer loop
      vertex -107.976 44.624 0
      vertex -112 47 0
      vertex -108 45 0
    endloop
  endfacet
  facet normal -0 0 -1
    outer loop
      vertex -107.427 -46.7634 0
      vertex -111.649 -48.8406 0
      vertex -107.629 -46.4453 0
    endloop
  endfacet
  facet normal 0 0 -1
    outer loop
      vertex -107.789 46.1044 0
      vertex -112 47 0
      vertex -111.961 47.6267 0
    endloop
  endfacet
  facet normal 0 0 -1
    outer loop
      vertex -111.843 -48.2435 0
      vertex -107.629 -46.4453 0
      vertex -111.649 -48.8406 0
    endloop
  endfacet
  facet normal 0 0 -1
    outer loop
      vertex -106.607 47.533 0
      vertex -109.129 51.5241 0
      vertex -108.545 51.7553 0
    endloop
  endfacet
  facet normal 0 0 -1
    outer loop
      vertex -111.961 -47.6267 0
      vertex -107.629 -46.4453 0
      vertex -111.843 -48.2435 0
    endloop
  endfacet
  facet normal 0 0 -1
    outer loop
      vertex -106.912 47.3115 0
      vertex -109.679 51.2216 0
      vertex -109.129 51.5241 0
    endloop
  endfacet
  facet normal -0 0 -1
    outer loop
      vertex -107.629 -46.4453 0
      vertex -111.961 -47.6267 0
      vertex -107.789 -46.1044 0
    endloop
  endfacet
  facet normal 0 0 -1
    outer loop
      vertex -106.912 47.3115 0
      vertex -110.187 50.8526 0
      vertex -109.679 51.2216 0
    endloop
  endfacet
  facet normal 0 0 -1
    outer loop
      vertex -112 -47 0
      vertex -107.789 -46.1044 0
      vertex -111.961 -47.6267 0
    endloop
  endfacet
  facet normal 0 0 -1
    outer loop
      vertex -107.187 47.0536 0
      vertex -110.645 50.4227 0
      vertex -110.187 50.8526 0
    endloop
  endfacet
  facet normal -0 0 -1
    outer loop
      vertex -107.789 -46.1044 0
      vertex -112 -47 0
      vertex -107.906 -45.7461 0
    endloop
  endfacet
  facet normal 0 0 -1
    outer loop
      vertex -107.187 47.0536 0
      vertex -111.045 49.9389 0
      vertex -110.645 50.4227 0
    endloop
  endfacet
  facet normal -0 0 -1
    outer loop
      vertex -107.906 -45.7461 0
      vertex -112 -47 0
      vertex -107.976 -45.376 0
    endloop
  endfacet
  facet normal 0 0 -1
    outer loop
      vertex -107.427 46.7634 0
      vertex -111.382 49.4088 0
      vertex -111.045 49.9389 0
    endloop
  endfacet
  facet normal -0 0 -1
    outer loop
      vertex -107.976 -45.376 0
      vertex -112 -47 0
      vertex -108 -45 0
    endloop
  endfacet
  facet normal 0 0 -1
    outer loop
      vertex -107.427 46.7634 0
      vertex -111.649 48.8406 0
      vertex -111.382 49.4088 0
    endloop
  endfacet
  facet normal 0 0 -1
    outer loop
      vertex -107.629 46.4453 0
      vertex -111.843 48.2435 0
      vertex -111.649 48.8406 0
    endloop
  endfacet
  facet normal 0 0 -1
    outer loop
      vertex -107.629 46.4453 0
      vertex -111.961 47.6267 0
      vertex -111.843 48.2435 0
    endloop
  endfacet
  facet normal -0.982188 -0.187902 0
    outer loop
      vertex -111.843 -48.2435 0
      vertex -111.961 -47.6267 3
      vertex -111.961 -47.6267 0
    endloop
  endfacet
  facet normal -0.982188 -0.187902 0
    outer loop
      vertex -111.961 -47.6267 3
      vertex -111.843 -48.2435 0
      vertex -111.843 -48.2435 3
    endloop
  endfacet
  facet normal -0.843904 -0.536494 0
    outer loop
      vertex -111.045 -49.9389 0
      vertex -111.382 -49.4088 3
      vertex -111.382 -49.4088 0
    endloop
  endfacet
  facet normal -0.843904 -0.536494 0
    outer loop
      vertex -111.382 -49.4088 3
      vertex -111.045 -49.9389 0
      vertex -111.045 -49.9389 3
    endloop
  endfacet
  facet normal -0.587698 0.80908 0
    outer loop
      vertex -109.679 51.2216 0
      vertex -110.187 50.8526 3
      vertex -109.679 51.2216 3
    endloop
  endfacet
  facet normal -0.587698 0.80908 0
    outer loop
      vertex -110.187 50.8526 3
      vertex -109.679 51.2216 0
      vertex -110.187 50.8526 0
    endloop
  endfacet
  facet normal 0.248678 -0.968586 0
    outer loop
      vertex 107.937 -51.9114 0
      vertex 108.545 -51.7553 3
      vertex 107.937 -51.9114 3
    endloop
  endfacet
  facet normal 0.248678 -0.968586 0
    outer loop
      vertex 108.545 -51.7553 3
      vertex 107.937 -51.9114 0
      vertex 108.545 -51.7553 0
    endloop
  endfacet
  facet normal 0.587698 -0.80908 0
    outer loop
      vertex 109.679 -51.2216 0
      vertex 110.187 -50.8526 3
      vertex 109.679 -51.2216 3
    endloop
  endfacet
  facet normal 0.587698 -0.80908 0
    outer loop
      vertex 110.187 -50.8526 3
      vertex 109.679 -51.2216 0
      vertex 110.187 -50.8526 0
    endloop
  endfacet
  facet normal 0.998069 -0.0621106 0
    outer loop
      vertex 111.961 -47.6267 3
      vertex 112 -47 0
      vertex 112 -47 3
    endloop
  endfacet
  facet normal 0.998069 -0.0621106 0
    outer loop
      vertex 112 -47 0
      vertex 111.961 -47.6267 3
      vertex 111.961 -47.6267 0
    endloop
  endfacet
endsolid OpenSCAD_Model
