solid OpenSCAD_Model
  facet normal -0.998026 -0.0628013 0
    outer loop
      vertex -6 0 0
      vertex -6.01183 0.188 9
      vertex -6.01183 0.188 0
    endloop
  endfacet
  facet normal -0.998026 -0.0628013 0
    outer loop
      vertex -6.01183 0.188 9
      vertex -6 0 0
      vertex -6 0 9
    endloop
  endfacet
  facet normal 0.998026 -0.0628013 0
    outer loop
      vertex -9 0 9
      vertex -8.98817 0.188 0
      vertex -8.98817 0.188 9
    endloop
  endfacet
  facet normal 0.998026 -0.0628013 0
    outer loop
      vertex -8.98817 0.188 0
      vertex -9 0 9
      vertex -9 0 0
    endloop
  endfacet
  facet normal 0 -1 0
    outer loop
      vertex -7.59418 1.49704 0
      vertex -7.40581 1.49704 9
      vertex -7.59418 1.49704 9
    endloop
  endfacet
  facet normal 0 -1 -0
    outer loop
      vertex -7.40581 1.49704 9
      vertex -7.59418 1.49704 0
      vertex -7.40581 1.49704 0
    endloop
  endfacet
  facet normal 0 1 -0
    outer loop
      vertex -7.40581 -1.49704 0
      vertex -7.59418 -1.49704 9
      vertex -7.40581 -1.49704 9
    endloop
  endfacet
  facet normal 0 1 0
    outer loop
      vertex -7.59418 -1.49704 9
      vertex -7.40581 -1.49704 0
      vertex -7.59418 -1.49704 0
    endloop
  endfacet
  facet normal -0.684568 -0.728949 0
    outer loop
      vertex -6.54386 1.15577 0
      vertex -6.40655 1.02682 9
      vertex -6.54386 1.15577 9
    endloop
  endfacet
  facet normal -0.684568 -0.728949 -0
    outer loop
      vertex -6.40655 1.02682 9
      vertex -6.54386 1.15577 0
      vertex -6.40655 1.02682 0
    endloop
  endfacet
  facet normal 0.684568 -0.728949 0
    outer loop
      vertex -8.59345 1.02682 0
      vertex -8.45614 1.15577 9
      vertex -8.59345 1.02682 9
    endloop
  endfacet
  facet normal 0.684568 -0.728949 0
    outer loop
      vertex -8.45614 1.15577 9
      vertex -8.59345 1.02682 0
      vertex -8.45614 1.15577 0
    endloop
  endfacet
  facet normal 0.368093 -0.929789 0
    outer loop
      vertex -8.13867 1.35724 0
      vertex -7.96352 1.42658 9
      vertex -8.13867 1.35724 9
    endloop
  endfacet
  facet normal 0.368093 -0.929789 0
    outer loop
      vertex -7.96352 1.42658 9
      vertex -8.13867 1.35724 0
      vertex -7.96352 1.42658 0
    endloop
  endfacet
  facet normal -0.904838 -0.425756 0
    outer loop
      vertex -6.10534 0.552186 0
      vertex -6.18554 0.722631 9
      vertex -6.18554 0.722631 0
    endloop
  endfacet
  facet normal -0.904838 -0.425756 0
    outer loop
      vertex -6.18554 0.722631 9
      vertex -6.10534 0.552186 0
      vertex -6.10534 0.552186 9
    endloop
  endfacet
  facet normal -0.982294 -0.187345 0
    outer loop
      vertex -6.01183 0.188 0
      vertex -6.04712 0.373034 9
      vertex -6.04712 0.373034 0
    endloop
  endfacet
  facet normal -0.982294 -0.187345 0
    outer loop
      vertex -6.04712 0.373034 9
      vertex -6.01183 0.188 0
      vertex -6.01183 0.188 9
    endloop
  endfacet
  facet normal -0.368112 -0.929782 0
    outer loop
      vertex -7.03647 1.42658 0
      vertex -6.86133 1.35724 9
      vertex -7.03647 1.42658 9
    endloop
  endfacet
  facet normal -0.368112 -0.929782 -0
    outer loop
      vertex -6.86133 1.35724 9
      vertex -7.03647 1.42658 0
      vertex -6.86133 1.35724 0
    endloop
  endfacet
  facet normal -0.248701 -0.96858 0
    outer loop
      vertex -7.21893 1.47343 0
      vertex -7.03647 1.42658 9
      vertex -7.21893 1.47343 9
    endloop
  endfacet
  facet normal -0.248701 -0.96858 -0
    outer loop
      vertex -7.03647 1.42658 9
      vertex -7.21893 1.47343 0
      vertex -7.03647 1.42658 0
    endloop
  endfacet
  facet normal -0.481762 -0.876302 0
    outer loop
      vertex -6.86133 1.35724 0
      vertex -6.69626 1.26649 9
      vertex -6.86133 1.35724 9
    endloop
  endfacet
  facet normal -0.481762 -0.876302 -0
    outer loop
      vertex -6.69626 1.26649 9
      vertex -6.86133 1.35724 0
      vertex -6.69626 1.26649 0
    endloop
  endfacet
  facet normal 0.904838 -0.425756 0
    outer loop
      vertex -8.89466 0.552186 9
      vertex -8.81446 0.722631 0
      vertex -8.81446 0.722631 9
    endloop
  endfacet
  facet normal 0.904838 -0.425756 0
    outer loop
      vertex -8.81446 0.722631 0
      vertex -8.89466 0.552186 9
      vertex -8.89466 0.552186 0
    endloop
  endfacet
  facet normal 0.844314 -0.535848 0
    outer loop
      vertex -8.81446 0.722631 9
      vertex -8.71352 0.881678 0
      vertex -8.71352 0.881678 9
    endloop
  endfacet
  facet normal 0.844314 -0.535848 0
    outer loop
      vertex -8.71352 0.881678 0
      vertex -8.81446 0.722631 9
      vertex -8.81446 0.722631 0
    endloop
  endfacet
  facet normal 0.951057 -0.309017 0
    outer loop
      vertex -8.95287 0.373034 9
      vertex -8.89466 0.552186 0
      vertex -8.89466 0.552186 9
    endloop
  endfacet
  facet normal 0.951057 -0.309017 0
    outer loop
      vertex -8.89466 0.552186 0
      vertex -8.95287 0.373034 9
      vertex -8.95287 0.373034 0
    endloop
  endfacet
  facet normal 0.587768 -0.80903 0
    outer loop
      vertex -8.45614 1.15577 0
      vertex -8.30374 1.26649 9
      vertex -8.45614 1.15577 9
    endloop
  endfacet
  facet normal 0.587768 -0.80903 0
    outer loop
      vertex -8.30374 1.26649 9
      vertex -8.45614 1.15577 0
      vertex -8.30374 1.26649 0
    endloop
  endfacet
  facet normal 0.125335 -0.992115 0
    outer loop
      vertex -7.78107 1.47343 0
      vertex -7.59418 1.49704 9
      vertex -7.78107 1.47343 9
    endloop
  endfacet
  facet normal 0.125335 -0.992115 0
    outer loop
      vertex -7.59418 1.49704 9
      vertex -7.78107 1.47343 0
      vertex -7.59418 1.49704 0
    endloop
  endfacet
  facet normal -0.125341 0.992114 0
    outer loop
      vertex -7.21893 -1.47343 0
      vertex -7.40581 -1.49704 9
      vertex -7.21893 -1.47343 9
    endloop
  endfacet
  facet normal -0.125341 0.992114 0
    outer loop
      vertex -7.40581 -1.49704 9
      vertex -7.21893 -1.47343 0
      vertex -7.40581 -1.49704 0
    endloop
  endfacet
  facet normal -0.951041 -0.309065 0
    outer loop
      vertex -6.04712 0.373034 0
      vertex -6.10534 0.552186 9
      vertex -6.10534 0.552186 0
    endloop
  endfacet
  facet normal -0.951041 -0.309065 0
    outer loop
      vertex -6.10534 0.552186 9
      vertex -6.04712 0.373034 0
      vertex -6.04712 0.373034 9
    endloop
  endfacet
  facet normal -0.770492 -0.63745 0
    outer loop
      vertex -6.28647 0.881678 0
      vertex -6.40655 1.02682 9
      vertex -6.40655 1.02682 0
    endloop
  endfacet
  facet normal -0.770492 -0.63745 0
    outer loop
      vertex -6.40655 1.02682 9
      vertex -6.28647 0.881678 0
      vertex -6.28647 0.881678 9
    endloop
  endfacet
  facet normal -0.844338 -0.535811 0
    outer loop
      vertex -6.18554 0.722631 0
      vertex -6.28647 0.881678 9
      vertex -6.28647 0.881678 0
    endloop
  endfacet
  facet normal -0.844338 -0.535811 0
    outer loop
      vertex -6.28647 0.881678 9
      vertex -6.18554 0.722631 0
      vertex -6.18554 0.722631 9
    endloop
  endfacet
  facet normal -0.125341 -0.992114 0
    outer loop
      vertex -7.40581 1.49704 0
      vertex -7.21893 1.47343 9
      vertex -7.40581 1.49704 9
    endloop
  endfacet
  facet normal -0.125341 -0.992114 -0
    outer loop
      vertex -7.21893 1.47343 9
      vertex -7.40581 1.49704 0
      vertex -7.21893 1.47343 0
    endloop
  endfacet
  facet normal -0.587768 -0.80903 0
    outer loop
      vertex -6.69626 1.26649 0
      vertex -6.54386 1.15577 9
      vertex -6.69626 1.26649 9
    endloop
  endfacet
  facet normal -0.587768 -0.80903 -0
    outer loop
      vertex -6.54386 1.15577 9
      vertex -6.69626 1.26649 0
      vertex -6.54386 1.15577 0
    endloop
  endfacet
  facet normal 0.770518 -0.637418 0
    outer loop
      vertex -8.71352 0.881678 9
      vertex -8.59345 1.02682 0
      vertex -8.59345 1.02682 9
    endloop
  endfacet
  facet normal 0.770518 -0.637418 0
    outer loop
      vertex -8.59345 1.02682 0
      vertex -8.71352 0.881678 9
      vertex -8.71352 0.881678 0
    endloop
  endfacet
  facet normal 0.982284 -0.187396 0
    outer loop
      vertex -8.98817 0.188 9
      vertex -8.95287 0.373034 0
      vertex -8.95287 0.373034 9
    endloop
  endfacet
  facet normal 0.982284 -0.187396 0
    outer loop
      vertex -8.95287 0.373034 0
      vertex -8.98817 0.188 9
      vertex -8.98817 0.188 0
    endloop
  endfacet
  facet normal -0.998026 0.0628013 0
    outer loop
      vertex -6.01183 -0.188 0
      vertex -6 0 9
      vertex -6 0 0
    endloop
  endfacet
  facet normal -0.998026 0.0628013 0
    outer loop
      vertex -6 0 9
      vertex -6.01183 -0.188 0
      vertex -6.01183 -0.188 9
    endloop
  endfacet
  facet normal -0.982294 0.187345 0
    outer loop
      vertex -6.04712 -0.373034 0
      vertex -6.01183 -0.188 9
      vertex -6.01183 -0.188 0
    endloop
  endfacet
  facet normal -0.982294 0.187345 0
    outer loop
      vertex -6.01183 -0.188 9
      vertex -6.04712 -0.373034 0
      vertex -6.04712 -0.373034 9
    endloop
  endfacet
  facet normal -0.684568 0.728949 0
    outer loop
      vertex -6.40655 -1.02682 0
      vertex -6.54386 -1.15577 9
      vertex -6.40655 -1.02682 9
    endloop
  endfacet
  facet normal -0.684568 0.728949 0
    outer loop
      vertex -6.54386 -1.15577 9
      vertex -6.40655 -1.02682 0
      vertex -6.54386 -1.15577 0
    endloop
  endfacet
  facet normal 0.904838 0.425756 0
    outer loop
      vertex -8.81446 -0.722631 9
      vertex -8.89466 -0.552186 0
      vertex -8.89466 -0.552186 9
    endloop
  endfacet
  facet normal 0.904838 0.425756 0
    outer loop
      vertex -8.89466 -0.552186 0
      vertex -8.81446 -0.722631 9
      vertex -8.81446 -0.722631 0
    endloop
  endfacet
  facet normal -0.368112 0.929782 0
    outer loop
      vertex -6.86133 -1.35724 0
      vertex -7.03647 -1.42658 9
      vertex -6.86133 -1.35724 9
    endloop
  endfacet
  facet normal -0.368112 0.929782 0
    outer loop
      vertex -7.03647 -1.42658 9
      vertex -6.86133 -1.35724 0
      vertex -7.03647 -1.42658 0
    endloop
  endfacet
  facet normal 0.481762 -0.876302 0
    outer loop
      vertex -8.30374 1.26649 0
      vertex -8.13867 1.35724 9
      vertex -8.30374 1.26649 9
    endloop
  endfacet
  facet normal 0.481762 -0.876302 0
    outer loop
      vertex -8.13867 1.35724 9
      vertex -8.30374 1.26649 0
      vertex -8.13867 1.35724 0
    endloop
  endfacet
  facet normal 0.248714 -0.968577 0
    outer loop
      vertex -7.96352 1.42658 0
      vertex -7.78107 1.47343 9
      vertex -7.96352 1.42658 9
    endloop
  endfacet
  facet normal 0.248714 -0.968577 0
    outer loop
      vertex -7.78107 1.47343 9
      vertex -7.96352 1.42658 0
      vertex -7.78107 1.47343 0
    endloop
  endfacet
  facet normal -0.481762 0.876302 0
    outer loop
      vertex -6.69626 -1.26649 0
      vertex -6.86133 -1.35724 9
      vertex -6.69626 -1.26649 9
    endloop
  endfacet
  facet normal -0.481762 0.876302 0
    outer loop
      vertex -6.86133 -1.35724 9
      vertex -6.69626 -1.26649 0
      vertex -6.86133 -1.35724 0
    endloop
  endfacet
  facet normal -0.904838 0.425756 0
    outer loop
      vertex -6.18554 -0.722631 0
      vertex -6.10534 -0.552186 9
      vertex -6.10534 -0.552186 0
    endloop
  endfacet
  facet normal -0.904838 0.425756 0
    outer loop
      vertex -6.10534 -0.552186 9
      vertex -6.18554 -0.722631 0
      vertex -6.18554 -0.722631 9
    endloop
  endfacet
  facet normal -0.770492 0.63745 0
    outer loop
      vertex -6.40655 -1.02682 0
      vertex -6.28647 -0.881678 9
      vertex -6.28647 -0.881678 0
    endloop
  endfacet
  facet normal -0.770492 0.63745 0
    outer loop
      vertex -6.28647 -0.881678 9
      vertex -6.40655 -1.02682 0
      vertex -6.40655 -1.02682 9
    endloop
  endfacet
  facet normal 0.368093 0.929789 -0
    outer loop
      vertex -7.96352 -1.42658 0
      vertex -8.13867 -1.35724 9
      vertex -7.96352 -1.42658 9
    endloop
  endfacet
  facet normal 0.368093 0.929789 0
    outer loop
      vertex -8.13867 -1.35724 9
      vertex -7.96352 -1.42658 0
      vertex -8.13867 -1.35724 0
    endloop
  endfacet
  facet normal 0.684568 0.728949 -0
    outer loop
      vertex -8.45614 -1.15577 0
      vertex -8.59345 -1.02682 9
      vertex -8.45614 -1.15577 9
    endloop
  endfacet
  facet normal 0.684568 0.728949 0
    outer loop
      vertex -8.59345 -1.02682 9
      vertex -8.45614 -1.15577 0
      vertex -8.59345 -1.02682 0
    endloop
  endfacet
  facet normal 0.951057 0.309017 0
    outer loop
      vertex -8.89466 -0.552186 9
      vertex -8.95287 -0.373034 0
      vertex -8.95287 -0.373034 9
    endloop
  endfacet
  facet normal 0.951057 0.309017 0
    outer loop
      vertex -8.95287 -0.373034 0
      vertex -8.89466 -0.552186 9
      vertex -8.89466 -0.552186 0
    endloop
  endfacet
  facet normal -0.248701 0.96858 0
    outer loop
      vertex -7.03647 -1.42658 0
      vertex -7.21893 -1.47343 9
      vertex -7.03647 -1.42658 9
    endloop
  endfacet
  facet normal -0.248701 0.96858 0
    outer loop
      vertex -7.21893 -1.47343 9
      vertex -7.03647 -1.42658 0
      vertex -7.21893 -1.47343 0
    endloop
  endfacet
  facet normal -0.587768 0.80903 0
    outer loop
      vertex -6.54386 -1.15577 0
      vertex -6.69626 -1.26649 9
      vertex -6.54386 -1.15577 9
    endloop
  endfacet
  facet normal -0.587768 0.80903 0
    outer loop
      vertex -6.69626 -1.26649 9
      vertex -6.54386 -1.15577 0
      vertex -6.69626 -1.26649 0
    endloop
  endfacet
  facet normal -0.951041 0.309065 0
    outer loop
      vertex -6.10534 -0.552186 0
      vertex -6.04712 -0.373034 9
      vertex -6.04712 -0.373034 0
    endloop
  endfacet
  facet normal -0.951041 0.309065 0
    outer loop
      vertex -6.04712 -0.373034 9
      vertex -6.10534 -0.552186 0
      vertex -6.10534 -0.552186 9
    endloop
  endfacet
  facet normal -0.844338 0.535811 0
    outer loop
      vertex -6.28647 -0.881678 0
      vertex -6.18554 -0.722631 9
      vertex -6.18554 -0.722631 0
    endloop
  endfacet
  facet normal -0.844338 0.535811 0
    outer loop
      vertex -6.18554 -0.722631 9
      vertex -6.28647 -0.881678 0
      vertex -6.28647 -0.881678 9
    endloop
  endfacet
  facet normal 0.125335 0.992115 -0
    outer loop
      vertex -7.59418 -1.49704 0
      vertex -7.78107 -1.47343 9
      vertex -7.59418 -1.49704 9
    endloop
  endfacet
  facet normal 0.125335 0.992115 0
    outer loop
      vertex -7.78107 -1.47343 9
      vertex -7.59418 -1.49704 0
      vertex -7.78107 -1.47343 0
    endloop
  endfacet
  facet normal 0.587768 0.80903 -0
    outer loop
      vertex -8.30374 -1.26649 0
      vertex -8.45614 -1.15577 9
      vertex -8.30374 -1.26649 9
    endloop
  endfacet
  facet normal 0.587768 0.80903 0
    outer loop
      vertex -8.45614 -1.15577 9
      vertex -8.30374 -1.26649 0
      vertex -8.45614 -1.15577 0
    endloop
  endfacet
  facet normal 0.248714 0.968577 -0
    outer loop
      vertex -7.78107 -1.47343 0
      vertex -7.96352 -1.42658 9
      vertex -7.78107 -1.47343 9
    endloop
  endfacet
  facet normal 0.248714 0.968577 0
    outer loop
      vertex -7.96352 -1.42658 9
      vertex -7.78107 -1.47343 0
      vertex -7.96352 -1.42658 0
    endloop
  endfacet
  facet normal 0.844314 0.535848 0
    outer loop
      vertex -8.71352 -0.881678 9
      vertex -8.81446 -0.722631 0
      vertex -8.81446 -0.722631 9
    endloop
  endfacet
  facet normal 0.844314 0.535848 0
    outer loop
      vertex -8.81446 -0.722631 0
      vertex -8.71352 -0.881678 9
      vertex -8.71352 -0.881678 0
    endloop
  endfacet
  facet normal 0.982284 0.187396 0
    outer loop
      vertex -8.95287 -0.373034 9
      vertex -8.98817 -0.188 0
      vertex -8.98817 -0.188 9
    endloop
  endfacet
  facet normal 0.982284 0.187396 0
    outer loop
      vertex -8.98817 -0.188 0
      vertex -8.95287 -0.373034 9
      vertex -8.95287 -0.373034 0
    endloop
  endfacet
  facet normal 0.998026 0.0628013 0
    outer loop
      vertex -8.98817 -0.188 9
      vertex -9 0 0
      vertex -9 0 9
    endloop
  endfacet
  facet normal 0.998026 0.0628013 0
    outer loop
      vertex -9 0 0
      vertex -8.98817 -0.188 9
      vertex -8.98817 -0.188 0
    endloop
  endfacet
  facet normal 0.481762 0.876302 -0
    outer loop
      vertex -8.13867 -1.35724 0
      vertex -8.30374 -1.26649 9
      vertex -8.13867 -1.35724 9
    endloop
  endfacet
  facet normal 0.481762 0.876302 0
    outer loop
      vertex -8.30374 -1.26649 9
      vertex -8.13867 -1.35724 0
      vertex -8.30374 -1.26649 0
    endloop
  endfacet
  facet normal 0.770518 0.637418 0
    outer loop
      vertex -8.59345 -1.02682 9
      vertex -8.71352 -0.881678 0
      vertex -8.71352 -0.881678 9
    endloop
  endfacet
  facet normal 0.770518 0.637418 0
    outer loop
      vertex -8.71352 -0.881678 0
      vertex -8.59345 -1.02682 9
      vertex -8.59345 -1.02682 0
    endloop
  endfacet
  facet normal -0.998026 -0.0628013 0
    outer loop
      vertex 9 0 0
      vertex 8.98817 0.188 9
      vertex 8.98817 0.188 0
    endloop
  endfacet
  facet normal -0.998026 -0.0628013 0
    outer loop
      vertex 8.98817 0.188 9
      vertex 9 0 0
      vertex 9 0 9
    endloop
  endfacet
  facet normal 0.998026 0.0628013 0
    outer loop
      vertex 6.01183 -0.188 9
      vertex 6 0 0
      vertex 6 0 9
    endloop
  endfacet
  facet normal 0.998026 0.0628013 0
    outer loop
      vertex 6 0 0
      vertex 6.01183 -0.188 9
      vertex 6.01183 -0.188 0
    endloop
  endfacet
  facet normal 0.125341 -0.992114 0
    outer loop
      vertex 7.21893 1.47343 0
      vertex 7.40581 1.49704 9
      vertex 7.21893 1.47343 9
    endloop
  endfacet
  facet normal 0.125341 -0.992114 0
    outer loop
      vertex 7.40581 1.49704 9
      vertex 7.21893 1.47343 0
      vertex 7.40581 1.49704 0
    endloop
  endfacet
  facet normal -0.125335 0.992115 0
    outer loop
      vertex 7.78107 -1.47343 0
      vertex 7.59418 -1.49704 9
      vertex 7.78107 -1.47343 9
    endloop
  endfacet
  facet normal -0.125335 0.992115 0
    outer loop
      vertex 7.59418 -1.49704 9
      vertex 7.78107 -1.47343 0
      vertex 7.59418 -1.49704 0
    endloop
  endfacet
  facet normal -0.684568 -0.728949 0
    outer loop
      vertex 8.45614 1.15577 0
      vertex 8.59345 1.02682 9
      vertex 8.45614 1.15577 9
    endloop
  endfacet
  facet normal -0.684568 -0.728949 -0
    outer loop
      vertex 8.59345 1.02682 9
      vertex 8.45614 1.15577 0
      vertex 8.59345 1.02682 0
    endloop
  endfacet
  facet normal 0.770492 -0.63745 0
    outer loop
      vertex 6.28647 0.881678 9
      vertex 6.40655 1.02682 0
      vertex 6.40655 1.02682 9
    endloop
  endfacet
  facet normal 0.770492 -0.63745 0
    outer loop
      vertex 6.40655 1.02682 0
      vertex 6.28647 0.881678 9
      vertex 6.28647 0.881678 0
    endloop
  endfacet
  facet normal 0.481762 -0.876302 0
    outer loop
      vertex 6.69626 1.26649 0
      vertex 6.86133 1.35724 9
      vertex 6.69626 1.26649 9
    endloop
  endfacet
  facet normal 0.481762 -0.876302 0
    outer loop
      vertex 6.86133 1.35724 9
      vertex 6.69626 1.26649 0
      vertex 6.86133 1.35724 0
    endloop
  endfacet
  facet normal -0.951057 0.309017 0
    outer loop
      vertex 8.89466 -0.552186 0
      vertex 8.95287 -0.373034 9
      vertex 8.95287 -0.373034 0
    endloop
  endfacet
  facet normal -0.951057 0.309017 0
    outer loop
      vertex 8.95287 -0.373034 9
      vertex 8.89466 -0.552186 0
      vertex 8.89466 -0.552186 9
    endloop
  endfacet
  facet normal -0.904838 -0.425756 0
    outer loop
      vertex 8.89466 0.552186 0
      vertex 8.81446 0.722631 9
      vertex 8.81446 0.722631 0
    endloop
  endfacet
  facet normal -0.904838 -0.425756 0
    outer loop
      vertex 8.81446 0.722631 9
      vertex 8.89466 0.552186 0
      vertex 8.89466 0.552186 9
    endloop
  endfacet
  facet normal -0.982284 -0.187396 0
    outer loop
      vertex 8.98817 0.188 0
      vertex 8.95287 0.373034 9
      vertex 8.95287 0.373034 0
    endloop
  endfacet
  facet normal -0.982284 -0.187396 0
    outer loop
      vertex 8.95287 0.373034 9
      vertex 8.98817 0.188 0
      vertex 8.98817 0.188 9
    endloop
  endfacet
  facet normal -0.248714 -0.968577 0
    outer loop
      vertex 7.78107 1.47343 0
      vertex 7.96352 1.42658 9
      vertex 7.78107 1.47343 9
    endloop
  endfacet
  facet normal -0.248714 -0.968577 -0
    outer loop
      vertex 7.96352 1.42658 9
      vertex 7.78107 1.47343 0
      vertex 7.96352 1.42658 0
    endloop
  endfacet
  facet normal -0.125335 -0.992115 0
    outer loop
      vertex 7.59418 1.49704 0
      vertex 7.78107 1.47343 9
      vertex 7.59418 1.49704 9
    endloop
  endfacet
  facet normal -0.125335 -0.992115 -0
    outer loop
      vertex 7.78107 1.47343 9
      vertex 7.59418 1.49704 0
      vertex 7.78107 1.47343 0
    endloop
  endfacet
  facet normal -0.481762 -0.876302 0
    outer loop
      vertex 8.13867 1.35724 0
      vertex 8.30374 1.26649 9
      vertex 8.13867 1.35724 9
    endloop
  endfacet
  facet normal -0.481762 -0.876302 -0
    outer loop
      vertex 8.30374 1.26649 9
      vertex 8.13867 1.35724 0
      vertex 8.30374 1.26649 0
    endloop
  endfacet
  facet normal 0.951041 -0.309065 0
    outer loop
      vertex 6.04712 0.373034 9
      vertex 6.10534 0.552186 0
      vertex 6.10534 0.552186 9
    endloop
  endfacet
  facet normal 0.951041 -0.309065 0
    outer loop
      vertex 6.10534 0.552186 0
      vertex 6.04712 0.373034 9
      vertex 6.04712 0.373034 0
    endloop
  endfacet
  facet normal 0.844338 -0.535811 0
    outer loop
      vertex 6.18554 0.722631 9
      vertex 6.28647 0.881678 0
      vertex 6.28647 0.881678 9
    endloop
  endfacet
  facet normal 0.844338 -0.535811 0
    outer loop
      vertex 6.28647 0.881678 0
      vertex 6.18554 0.722631 9
      vertex 6.18554 0.722631 0
    endloop
  endfacet
  facet normal 0.982294 -0.187345 0
    outer loop
      vertex 6.01183 0.188 9
      vertex 6.04712 0.373034 0
      vertex 6.04712 0.373034 9
    endloop
  endfacet
  facet normal 0.982294 -0.187345 0
    outer loop
      vertex 6.04712 0.373034 0
      vertex 6.01183 0.188 9
      vertex 6.01183 0.188 0
    endloop
  endfacet
  facet normal 0.587768 -0.80903 0
    outer loop
      vertex 6.54386 1.15577 0
      vertex 6.69626 1.26649 9
      vertex 6.54386 1.15577 9
    endloop
  endfacet
  facet normal 0.587768 -0.80903 0
    outer loop
      vertex 6.69626 1.26649 9
      vertex 6.54386 1.15577 0
      vertex 6.69626 1.26649 0
    endloop
  endfacet
  facet normal 0.248701 -0.96858 0
    outer loop
      vertex 7.03647 1.42658 0
      vertex 7.21893 1.47343 9
      vertex 7.03647 1.42658 9
    endloop
  endfacet
  facet normal 0.248701 -0.96858 0
    outer loop
      vertex 7.21893 1.47343 9
      vertex 7.03647 1.42658 0
      vertex 7.21893 1.47343 0
    endloop
  endfacet
  facet normal -0.248714 0.968577 0
    outer loop
      vertex 7.96352 -1.42658 0
      vertex 7.78107 -1.47343 9
      vertex 7.96352 -1.42658 9
    endloop
  endfacet
  facet normal -0.248714 0.968577 0
    outer loop
      vertex 7.78107 -1.47343 9
      vertex 7.96352 -1.42658 0
      vertex 7.78107 -1.47343 0
    endloop
  endfacet
  facet normal -0.481762 0.876302 0
    outer loop
      vertex 8.30374 -1.26649 0
      vertex 8.13867 -1.35724 9
      vertex 8.30374 -1.26649 9
    endloop
  endfacet
  facet normal -0.481762 0.876302 0
    outer loop
      vertex 8.13867 -1.35724 9
      vertex 8.30374 -1.26649 0
      vertex 8.13867 -1.35724 0
    endloop
  endfacet
  facet normal -0.951057 -0.309017 0
    outer loop
      vertex 8.95287 0.373034 0
      vertex 8.89466 0.552186 9
      vertex 8.89466 0.552186 0
    endloop
  endfacet
  facet normal -0.951057 -0.309017 0
    outer loop
      vertex 8.89466 0.552186 9
      vertex 8.95287 0.373034 0
      vertex 8.95287 0.373034 9
    endloop
  endfacet
  facet normal -0.770518 -0.637418 0
    outer loop
      vertex 8.71352 0.881678 0
      vertex 8.59345 1.02682 9
      vertex 8.59345 1.02682 0
    endloop
  endfacet
  facet normal -0.770518 -0.637418 0
    outer loop
      vertex 8.59345 1.02682 9
      vertex 8.71352 0.881678 0
      vertex 8.71352 0.881678 9
    endloop
  endfacet
  facet normal -0.844314 -0.535848 0
    outer loop
      vertex 8.81446 0.722631 0
      vertex 8.71352 0.881678 9
      vertex 8.71352 0.881678 0
    endloop
  endfacet
  facet normal -0.844314 -0.535848 0
    outer loop
      vertex 8.71352 0.881678 9
      vertex 8.81446 0.722631 0
      vertex 8.81446 0.722631 9
    endloop
  endfacet
  facet normal 0 -1 0
    outer loop
      vertex 7.40581 1.49704 0
      vertex 7.59418 1.49704 9
      vertex 7.40581 1.49704 9
    endloop
  endfacet
  facet normal 0 -1 -0
    outer loop
      vertex 7.59418 1.49704 9
      vertex 7.40581 1.49704 0
      vertex 7.59418 1.49704 0
    endloop
  endfacet
  facet normal -0.368093 -0.929789 0
    outer loop
      vertex 7.96352 1.42658 0
      vertex 8.13867 1.35724 9
      vertex 7.96352 1.42658 9
    endloop
  endfacet
  facet normal -0.368093 -0.929789 -0
    outer loop
      vertex 8.13867 1.35724 9
      vertex 7.96352 1.42658 0
      vertex 8.13867 1.35724 0
    endloop
  endfacet
  facet normal -0.587768 -0.80903 0
    outer loop
      vertex 8.30374 1.26649 0
      vertex 8.45614 1.15577 9
      vertex 8.30374 1.26649 9
    endloop
  endfacet
  facet normal -0.587768 -0.80903 -0
    outer loop
      vertex 8.45614 1.15577 9
      vertex 8.30374 1.26649 0
      vertex 8.45614 1.15577 0
    endloop
  endfacet
  facet normal 0.904838 -0.425756 0
    outer loop
      vertex 6.10534 0.552186 9
      vertex 6.18554 0.722631 0
      vertex 6.18554 0.722631 9
    endloop
  endfacet
  facet normal 0.904838 -0.425756 0
    outer loop
      vertex 6.18554 0.722631 0
      vertex 6.10534 0.552186 9
      vertex 6.10534 0.552186 0
    endloop
  endfacet
  facet normal 0.998026 -0.0628013 0
    outer loop
      vertex 6 0 9
      vertex 6.01183 0.188 0
      vertex 6.01183 0.188 9
    endloop
  endfacet
  facet normal 0.998026 -0.0628013 0
    outer loop
      vertex 6.01183 0.188 0
      vertex 6 0 9
      vertex 6 0 0
    endloop
  endfacet
  facet normal 0.684568 -0.728949 0
    outer loop
      vertex 6.40655 1.02682 0
      vertex 6.54386 1.15577 9
      vertex 6.40655 1.02682 9
    endloop
  endfacet
  facet normal 0.684568 -0.728949 0
    outer loop
      vertex 6.54386 1.15577 9
      vertex 6.40655 1.02682 0
      vertex 6.54386 1.15577 0
    endloop
  endfacet
  facet normal 0.368112 -0.929782 0
    outer loop
      vertex 6.86133 1.35724 0
      vertex 7.03647 1.42658 9
      vertex 6.86133 1.35724 9
    endloop
  endfacet
  facet normal 0.368112 -0.929782 0
    outer loop
      vertex 7.03647 1.42658 9
      vertex 6.86133 1.35724 0
      vertex 7.03647 1.42658 0
    endloop
  endfacet
  facet normal -0.998026 0.0628013 0
    outer loop
      vertex 8.98817 -0.188 0
      vertex 9 0 9
      vertex 9 0 0
    endloop
  endfacet
  facet normal -0.998026 0.0628013 0
    outer loop
      vertex 9 0 9
      vertex 8.98817 -0.188 0
      vertex 8.98817 -0.188 9
    endloop
  endfacet
  facet normal -0.844314 0.535848 0
    outer loop
      vertex 8.71352 -0.881678 0
      vertex 8.81446 -0.722631 9
      vertex 8.81446 -0.722631 0
    endloop
  endfacet
  facet normal -0.844314 0.535848 0
    outer loop
      vertex 8.81446 -0.722631 9
      vertex 8.71352 -0.881678 0
      vertex 8.71352 -0.881678 9
    endloop
  endfacet
  facet normal -0.982284 0.187396 0
    outer loop
      vertex 8.95287 -0.373034 0
      vertex 8.98817 -0.188 9
      vertex 8.98817 -0.188 0
    endloop
  endfacet
  facet normal -0.982284 0.187396 0
    outer loop
      vertex 8.98817 -0.188 9
      vertex 8.95287 -0.373034 0
      vertex 8.95287 -0.373034 9
    endloop
  endfacet
  facet normal 0.844338 0.535811 0
    outer loop
      vertex 6.28647 -0.881678 9
      vertex 6.18554 -0.722631 0
      vertex 6.18554 -0.722631 9
    endloop
  endfacet
  facet normal 0.844338 0.535811 0
    outer loop
      vertex 6.18554 -0.722631 0
      vertex 6.28647 -0.881678 9
      vertex 6.28647 -0.881678 0
    endloop
  endfacet
  facet normal 0.684568 0.728949 -0
    outer loop
      vertex 6.54386 -1.15577 0
      vertex 6.40655 -1.02682 9
      vertex 6.54386 -1.15577 9
    endloop
  endfacet
  facet normal 0.684568 0.728949 0
    outer loop
      vertex 6.40655 -1.02682 9
      vertex 6.54386 -1.15577 0
      vertex 6.40655 -1.02682 0
    endloop
  endfacet
  facet normal -0.587768 0.80903 0
    outer loop
      vertex 8.45614 -1.15577 0
      vertex 8.30374 -1.26649 9
      vertex 8.45614 -1.15577 9
    endloop
  endfacet
  facet normal -0.587768 0.80903 0
    outer loop
      vertex 8.30374 -1.26649 9
      vertex 8.45614 -1.15577 0
      vertex 8.30374 -1.26649 0
    endloop
  endfacet
  facet normal -0.904838 0.425756 0
    outer loop
      vertex 8.81446 -0.722631 0
      vertex 8.89466 -0.552186 9
      vertex 8.89466 -0.552186 0
    endloop
  endfacet
  facet normal -0.904838 0.425756 0
    outer loop
      vertex 8.89466 -0.552186 9
      vertex 8.81446 -0.722631 0
      vertex 8.81446 -0.722631 9
    endloop
  endfacet
  facet normal 0.951041 0.309065 0
    outer loop
      vertex 6.10534 -0.552186 9
      vertex 6.04712 -0.373034 0
      vertex 6.04712 -0.373034 9
    endloop
  endfacet
  facet normal 0.951041 0.309065 0
    outer loop
      vertex 6.04712 -0.373034 0
      vertex 6.10534 -0.552186 9
      vertex 6.10534 -0.552186 0
    endloop
  endfacet
  facet normal 0.982294 0.187345 0
    outer loop
      vertex 6.04712 -0.373034 9
      vertex 6.01183 -0.188 0
      vertex 6.01183 -0.188 9
    endloop
  endfacet
  facet normal 0.982294 0.187345 0
    outer loop
      vertex 6.01183 -0.188 0
      vertex 6.04712 -0.373034 9
      vertex 6.04712 -0.373034 0
    endloop
  endfacet
  facet normal 0.904838 0.425756 0
    outer loop
      vertex 6.18554 -0.722631 9
      vertex 6.10534 -0.552186 0
      vertex 6.10534 -0.552186 9
    endloop
  endfacet
  facet normal 0.904838 0.425756 0
    outer loop
      vertex 6.10534 -0.552186 0
      vertex 6.18554 -0.722631 9
      vertex 6.18554 -0.722631 0
    endloop
  endfacet
  facet normal -0.684568 0.728949 0
    outer loop
      vertex 8.59345 -1.02682 0
      vertex 8.45614 -1.15577 9
      vertex 8.59345 -1.02682 9
    endloop
  endfacet
  facet normal -0.684568 0.728949 0
    outer loop
      vertex 8.45614 -1.15577 9
      vertex 8.59345 -1.02682 0
      vertex 8.45614 -1.15577 0
    endloop
  endfacet
  facet normal -0.368093 0.929789 0
    outer loop
      vertex 8.13867 -1.35724 0
      vertex 7.96352 -1.42658 9
      vertex 8.13867 -1.35724 9
    endloop
  endfacet
  facet normal -0.368093 0.929789 0
    outer loop
      vertex 7.96352 -1.42658 9
      vertex 8.13867 -1.35724 0
      vertex 7.96352 -1.42658 0
    endloop
  endfacet
  facet normal 0 1 -0
    outer loop
      vertex 7.59418 -1.49704 0
      vertex 7.40581 -1.49704 9
      vertex 7.59418 -1.49704 9
    endloop
  endfacet
  facet normal 0 1 0
    outer loop
      vertex 7.40581 -1.49704 9
      vertex 7.59418 -1.49704 0
      vertex 7.40581 -1.49704 0
    endloop
  endfacet
  facet normal 0.125341 0.992114 -0
    outer loop
      vertex 7.40581 -1.49704 0
      vertex 7.21893 -1.47343 9
      vertex 7.40581 -1.49704 9
    endloop
  endfacet
  facet normal 0.125341 0.992114 0
    outer loop
      vertex 7.21893 -1.47343 9
      vertex 7.40581 -1.49704 0
      vertex 7.21893 -1.47343 0
    endloop
  endfacet
  facet normal 0.770492 0.63745 0
    outer loop
      vertex 6.40655 -1.02682 9
      vertex 6.28647 -0.881678 0
      vertex 6.28647 -0.881678 9
    endloop
  endfacet
  facet normal 0.770492 0.63745 0
    outer loop
      vertex 6.28647 -0.881678 0
      vertex 6.40655 -1.02682 9
      vertex 6.40655 -1.02682 0
    endloop
  endfacet
  facet normal -0.770518 0.637418 0
    outer loop
      vertex 8.59345 -1.02682 0
      vertex 8.71352 -0.881678 9
      vertex 8.71352 -0.881678 0
    endloop
  endfacet
  facet normal -0.770518 0.637418 0
    outer loop
      vertex 8.71352 -0.881678 9
      vertex 8.59345 -1.02682 0
      vertex 8.59345 -1.02682 9
    endloop
  endfacet
  facet normal 0.368112 0.929782 -0
    outer loop
      vertex 7.03647 -1.42658 0
      vertex 6.86133 -1.35724 9
      vertex 7.03647 -1.42658 9
    endloop
  endfacet
  facet normal 0.368112 0.929782 0
    outer loop
      vertex 6.86133 -1.35724 9
      vertex 7.03647 -1.42658 0
      vertex 6.86133 -1.35724 0
    endloop
  endfacet
  facet normal 0.248701 0.96858 -0
    outer loop
      vertex 7.21893 -1.47343 0
      vertex 7.03647 -1.42658 9
      vertex 7.21893 -1.47343 9
    endloop
  endfacet
  facet normal 0.248701 0.96858 0
    outer loop
      vertex 7.03647 -1.42658 9
      vertex 7.21893 -1.47343 0
      vertex 7.03647 -1.42658 0
    endloop
  endfacet
  facet normal 0.481762 0.876302 -0
    outer loop
      vertex 6.86133 -1.35724 0
      vertex 6.69626 -1.26649 9
      vertex 6.86133 -1.35724 9
    endloop
  endfacet
  facet normal 0.481762 0.876302 0
    outer loop
      vertex 6.69626 -1.26649 9
      vertex 6.86133 -1.35724 0
      vertex 6.69626 -1.26649 0
    endloop
  endfacet
  facet normal 0.587768 0.80903 -0
    outer loop
      vertex 6.69626 -1.26649 0
      vertex 6.54386 -1.15577 9
      vertex 6.69626 -1.26649 9
    endloop
  endfacet
  facet normal 0.587768 0.80903 0
    outer loop
      vertex 6.54386 -1.15577 9
      vertex 6.69626 -1.26649 0
      vertex 6.54386 -1.15577 0
    endloop
  endfacet
  facet normal -0.998026 -0.0628013 0
    outer loop
      vertex 1.5 0 0
      vertex 1.48817 0.188 9
      vertex 1.48817 0.188 0
    endloop
  endfacet
  facet normal -0.998026 -0.0628013 0
    outer loop
      vertex 1.48817 0.188 9
      vertex 1.5 0 0
      vertex 1.5 0 9
    endloop
  endfacet
  facet normal 0.998026 -0.0628013 0
    outer loop
      vertex -1.5 0 9
      vertex -1.48817 0.188 0
      vertex -1.48817 0.188 9
    endloop
  endfacet
  facet normal 0.998026 -0.0628013 0
    outer loop
      vertex -1.48817 0.188 0
      vertex -1.5 0 9
      vertex -1.5 0 0
    endloop
  endfacet
  facet normal 0 -1 0
    outer loop
      vertex -0.0941849 1.49704 0
      vertex 0.0941849 1.49704 9
      vertex -0.0941849 1.49704 9
    endloop
  endfacet
  facet normal 0 -1 -0
    outer loop
      vertex 0.0941849 1.49704 9
      vertex -0.0941849 1.49704 0
      vertex 0.0941849 1.49704 0
    endloop
  endfacet
  facet normal 0 1 -0
    outer loop
      vertex 0.0941849 -1.49704 0
      vertex -0.0941849 -1.49704 9
      vertex 0.0941849 -1.49704 9
    endloop
  endfacet
  facet normal 0 1 0
    outer loop
      vertex -0.0941849 -1.49704 9
      vertex 0.0941849 -1.49704 0
      vertex -0.0941849 -1.49704 0
    endloop
  endfacet
  facet normal -0.684557 -0.728959 0
    outer loop
      vertex 0.956136 1.15577 0
      vertex 1.09345 1.02682 9
      vertex 0.956136 1.15577 9
    endloop
  endfacet
  facet normal -0.684557 -0.728959 -0
    outer loop
      vertex 1.09345 1.02682 9
      vertex 0.956136 1.15577 0
      vertex 1.09345 1.02682 0
    endloop
  endfacet
  facet normal 0.684557 -0.728959 0
    outer loop
      vertex -1.09345 1.02682 0
      vertex -0.956136 1.15577 9
      vertex -1.09345 1.02682 9
    endloop
  endfacet
  facet normal 0.684557 -0.728959 0
    outer loop
      vertex -0.956136 1.15577 9
      vertex -1.09345 1.02682 0
      vertex -0.956136 1.15577 0
    endloop
  endfacet
  facet normal 0.368106 -0.929784 0
    outer loop
      vertex -0.638668 1.35724 0
      vertex -0.463525 1.42658 9
      vertex -0.638668 1.35724 9
    endloop
  endfacet
  facet normal 0.368106 -0.929784 0
    outer loop
      vertex -0.463525 1.42658 9
      vertex -0.638668 1.35724 0
      vertex -0.463525 1.42658 0
    endloop
  endfacet
  facet normal -0.844314 0.535848 0
    outer loop
      vertex 1.21352 -0.881678 0
      vertex 1.31446 -0.722631 9
      vertex 1.31446 -0.722631 0
    endloop
  endfacet
  facet normal -0.844314 0.535848 0
    outer loop
      vertex 1.31446 -0.722631 9
      vertex 1.21352 -0.881678 0
      vertex 1.21352 -0.881678 9
    endloop
  endfacet
  facet normal -0.904838 -0.425756 0
    outer loop
      vertex 1.39466 0.552186 0
      vertex 1.31446 0.722631 9
      vertex 1.31446 0.722631 0
    endloop
  endfacet
  facet normal -0.904838 -0.425756 0
    outer loop
      vertex 1.31446 0.722631 9
      vertex 1.39466 0.552186 0
      vertex 1.39466 0.552186 9
    endloop
  endfacet
  facet normal -0.982284 -0.187396 0
    outer loop
      vertex 1.48817 0.188 0
      vertex 1.45287 0.373034 9
      vertex 1.45287 0.373034 0
    endloop
  endfacet
  facet normal -0.982284 -0.187396 0
    outer loop
      vertex 1.45287 0.373034 9
      vertex 1.48817 0.188 0
      vertex 1.48817 0.188 9
    endloop
  endfacet
  facet normal -0.368106 -0.929784 0
    outer loop
      vertex 0.463525 1.42658 0
      vertex 0.638668 1.35724 9
      vertex 0.463525 1.42658 9
    endloop
  endfacet
  facet normal -0.368106 -0.929784 -0
    outer loop
      vertex 0.638668 1.35724 9
      vertex 0.463525 1.42658 0
      vertex 0.638668 1.35724 0
    endloop
  endfacet
  facet normal -0.24871 -0.968578 0
    outer loop
      vertex 0.281072 1.47343 0
      vertex 0.463525 1.42658 9
      vertex 0.281072 1.47343 9
    endloop
  endfacet
  facet normal -0.24871 -0.968578 -0
    outer loop
      vertex 0.463525 1.42658 9
      vertex 0.281072 1.47343 0
      vertex 0.463525 1.42658 0
    endloop
  endfacet
  facet normal -0.481757 -0.876305 0
    outer loop
      vertex 0.638668 1.35724 0
      vertex 0.80374 1.26649 9
      vertex 0.638668 1.35724 9
    endloop
  endfacet
  facet normal -0.481757 -0.876305 -0
    outer loop
      vertex 0.80374 1.26649 9
      vertex 0.638668 1.35724 0
      vertex 0.80374 1.26649 0
    endloop
  endfacet
  facet normal 0.904838 -0.425756 0
    outer loop
      vertex -1.39466 0.552186 9
      vertex -1.31446 0.722631 0
      vertex -1.31446 0.722631 9
    endloop
  endfacet
  facet normal 0.904838 -0.425756 0
    outer loop
      vertex -1.31446 0.722631 0
      vertex -1.39466 0.552186 9
      vertex -1.39466 0.552186 0
    endloop
  endfacet
  facet normal 0.951057 -0.309017 0
    outer loop
      vertex -1.45287 0.373034 9
      vertex -1.39466 0.552186 0
      vertex -1.39466 0.552186 9
    endloop
  endfacet
  facet normal 0.951057 -0.309017 0
    outer loop
      vertex -1.39466 0.552186 0
      vertex -1.45287 0.373034 9
      vertex -1.45287 0.373034 0
    endloop
  endfacet
  facet normal 0.125337 -0.992114 0
    outer loop
      vertex -0.281072 1.47343 0
      vertex -0.0941849 1.49704 9
      vertex -0.281072 1.47343 9
    endloop
  endfacet
  facet normal 0.125337 -0.992114 0
    outer loop
      vertex -0.0941849 1.49704 9
      vertex -0.281072 1.47343 0
      vertex -0.0941849 1.49704 0
    endloop
  endfacet
  facet normal -0.125337 0.992114 0
    outer loop
      vertex 0.281072 -1.47343 0
      vertex 0.0941849 -1.49704 9
      vertex 0.281072 -1.47343 9
    endloop
  endfacet
  facet normal -0.125337 0.992114 0
    outer loop
      vertex 0.0941849 -1.49704 9
      vertex 0.281072 -1.47343 0
      vertex 0.0941849 -1.49704 0
    endloop
  endfacet
  facet normal -0.368106 0.929784 0
    outer loop
      vertex 0.638668 -1.35724 0
      vertex 0.463525 -1.42658 9
      vertex 0.638668 -1.35724 9
    endloop
  endfacet
  facet normal -0.368106 0.929784 0
    outer loop
      vertex 0.463525 -1.42658 9
      vertex 0.638668 -1.35724 0
      vertex 0.463525 -1.42658 0
    endloop
  endfacet
  facet normal -0.951057 -0.309017 0
    outer loop
      vertex 1.45287 0.373034 0
      vertex 1.39466 0.552186 9
      vertex 1.39466 0.552186 0
    endloop
  endfacet
  facet normal -0.951057 -0.309017 0
    outer loop
      vertex 1.39466 0.552186 9
      vertex 1.45287 0.373034 0
      vertex 1.45287 0.373034 9
    endloop
  endfacet
  facet normal -0.770518 -0.637418 0
    outer loop
      vertex 1.21352 0.881678 0
      vertex 1.09345 1.02682 9
      vertex 1.09345 1.02682 0
    endloop
  endfacet
  facet normal -0.770518 -0.637418 0
    outer loop
      vertex 1.09345 1.02682 9
      vertex 1.21352 0.881678 0
      vertex 1.21352 0.881678 9
    endloop
  endfacet
  facet normal -0.844314 -0.535848 0
    outer loop
      vertex 1.31446 0.722631 0
      vertex 1.21352 0.881678 9
      vertex 1.21352 0.881678 0
    endloop
  endfacet
  facet normal -0.844314 -0.535848 0
    outer loop
      vertex 1.21352 0.881678 9
      vertex 1.31446 0.722631 0
      vertex 1.31446 0.722631 9
    endloop
  endfacet
  facet normal -0.125337 -0.992114 0
    outer loop
      vertex 0.0941849 1.49704 0
      vertex 0.281072 1.47343 9
      vertex 0.0941849 1.49704 9
    endloop
  endfacet
  facet normal -0.125337 -0.992114 -0
    outer loop
      vertex 0.281072 1.47343 9
      vertex 0.0941849 1.49704 0
      vertex 0.281072 1.47343 0
    endloop
  endfacet
  facet normal -0.587778 -0.809022 0
    outer loop
      vertex 0.80374 1.26649 0
      vertex 0.956136 1.15577 9
      vertex 0.80374 1.26649 9
    endloop
  endfacet
  facet normal -0.587778 -0.809022 -0
    outer loop
      vertex 0.956136 1.15577 9
      vertex 0.80374 1.26649 0
      vertex 0.956136 1.15577 0
    endloop
  endfacet
  facet normal 0.844314 -0.535848 0
    outer loop
      vertex -1.31446 0.722631 9
      vertex -1.21352 0.881678 0
      vertex -1.21352 0.881678 9
    endloop
  endfacet
  facet normal 0.844314 -0.535848 0
    outer loop
      vertex -1.21352 0.881678 0
      vertex -1.31446 0.722631 9
      vertex -1.31446 0.722631 0
    endloop
  endfacet
  facet normal 0.770518 -0.637418 0
    outer loop
      vertex -1.21352 0.881678 9
      vertex -1.09345 1.02682 0
      vertex -1.09345 1.02682 9
    endloop
  endfacet
  facet normal 0.770518 -0.637418 0
    outer loop
      vertex -1.09345 1.02682 0
      vertex -1.21352 0.881678 9
      vertex -1.21352 0.881678 0
    endloop
  endfacet
  facet normal 0.982284 -0.187396 0
    outer loop
      vertex -1.48817 0.188 9
      vertex -1.45287 0.373034 0
      vertex -1.45287 0.373034 9
    endloop
  endfacet
  facet normal 0.982284 -0.187396 0
    outer loop
      vertex -1.45287 0.373034 0
      vertex -1.48817 0.188 9
      vertex -1.48817 0.188 0
    endloop
  endfacet
  facet normal 0.481757 -0.876305 0
    outer loop
      vertex -0.80374 1.26649 0
      vertex -0.638668 1.35724 9
      vertex -0.80374 1.26649 9
    endloop
  endfacet
  facet normal 0.481757 -0.876305 0
    outer loop
      vertex -0.638668 1.35724 9
      vertex -0.80374 1.26649 0
      vertex -0.638668 1.35724 0
    endloop
  endfacet
  facet normal 0.587778 -0.809022 0
    outer loop
      vertex -0.956136 1.15577 0
      vertex -0.80374 1.26649 9
      vertex -0.956136 1.15577 9
    endloop
  endfacet
  facet normal 0.587778 -0.809022 0
    outer loop
      vertex -0.80374 1.26649 9
      vertex -0.956136 1.15577 0
      vertex -0.80374 1.26649 0
    endloop
  endfacet
  facet normal 0.24871 -0.968578 0
    outer loop
      vertex -0.463525 1.42658 0
      vertex -0.281072 1.47343 9
      vertex -0.463525 1.42658 9
    endloop
  endfacet
  facet normal 0.24871 -0.968578 0
    outer loop
      vertex -0.281072 1.47343 9
      vertex -0.463525 1.42658 0
      vertex -0.281072 1.47343 0
    endloop
  endfacet
  facet normal -0.481757 0.876305 0
    outer loop
      vertex 0.80374 -1.26649 0
      vertex 0.638668 -1.35724 9
      vertex 0.80374 -1.26649 9
    endloop
  endfacet
  facet normal -0.481757 0.876305 0
    outer loop
      vertex 0.638668 -1.35724 9
      vertex 0.80374 -1.26649 0
      vertex 0.638668 -1.35724 0
    endloop
  endfacet
  facet normal -0.684557 0.728959 0
    outer loop
      vertex 1.09345 -1.02682 0
      vertex 0.956136 -1.15577 9
      vertex 1.09345 -1.02682 9
    endloop
  endfacet
  facet normal -0.684557 0.728959 0
    outer loop
      vertex 0.956136 -1.15577 9
      vertex 1.09345 -1.02682 0
      vertex 0.956136 -1.15577 0
    endloop
  endfacet
  facet normal -0.982284 0.187396 0
    outer loop
      vertex 1.45287 -0.373034 0
      vertex 1.48817 -0.188 9
      vertex 1.48817 -0.188 0
    endloop
  endfacet
  facet normal -0.982284 0.187396 0
    outer loop
      vertex 1.48817 -0.188 9
      vertex 1.45287 -0.373034 0
      vertex 1.45287 -0.373034 9
    endloop
  endfacet
  facet normal -0.904838 0.425756 0
    outer loop
      vertex 1.31446 -0.722631 0
      vertex 1.39466 -0.552186 9
      vertex 1.39466 -0.552186 0
    endloop
  endfacet
  facet normal -0.904838 0.425756 0
    outer loop
      vertex 1.39466 -0.552186 9
      vertex 1.31446 -0.722631 0
      vertex 1.31446 -0.722631 9
    endloop
  endfacet
  facet normal -0.770518 0.637418 0
    outer loop
      vertex 1.09345 -1.02682 0
      vertex 1.21352 -0.881678 9
      vertex 1.21352 -0.881678 0
    endloop
  endfacet
  facet normal -0.770518 0.637418 0
    outer loop
      vertex 1.21352 -0.881678 9
      vertex 1.09345 -1.02682 0
      vertex 1.09345 -1.02682 9
    endloop
  endfacet
  facet normal -0.998026 0.0628013 0
    outer loop
      vertex 1.48817 -0.188 0
      vertex 1.5 0 9
      vertex 1.5 0 0
    endloop
  endfacet
  facet normal -0.998026 0.0628013 0
    outer loop
      vertex 1.5 0 9
      vertex 1.48817 -0.188 0
      vertex 1.48817 -0.188 9
    endloop
  endfacet
  facet normal 0.684557 0.728959 -0
    outer loop
      vertex -0.956136 -1.15577 0
      vertex -1.09345 -1.02682 9
      vertex -0.956136 -1.15577 9
    endloop
  endfacet
  facet normal 0.684557 0.728959 0
    outer loop
      vertex -1.09345 -1.02682 9
      vertex -0.956136 -1.15577 0
      vertex -1.09345 -1.02682 0
    endloop
  endfacet
  facet normal 0.844314 0.535848 0
    outer loop
      vertex -1.21352 -0.881678 9
      vertex -1.31446 -0.722631 0
      vertex -1.31446 -0.722631 9
    endloop
  endfacet
  facet normal 0.844314 0.535848 0
    outer loop
      vertex -1.31446 -0.722631 0
      vertex -1.21352 -0.881678 9
      vertex -1.21352 -0.881678 0
    endloop
  endfacet
  facet normal 0.951057 0.309017 0
    outer loop
      vertex -1.39466 -0.552186 9
      vertex -1.45287 -0.373034 0
      vertex -1.45287 -0.373034 9
    endloop
  endfacet
  facet normal 0.951057 0.309017 0
    outer loop
      vertex -1.45287 -0.373034 0
      vertex -1.39466 -0.552186 9
      vertex -1.39466 -0.552186 0
    endloop
  endfacet
  facet normal -0.24871 0.968578 0
    outer loop
      vertex 0.463525 -1.42658 0
      vertex 0.281072 -1.47343 9
      vertex 0.463525 -1.42658 9
    endloop
  endfacet
  facet normal -0.24871 0.968578 0
    outer loop
      vertex 0.281072 -1.47343 9
      vertex 0.463525 -1.42658 0
      vertex 0.281072 -1.47343 0
    endloop
  endfacet
  facet normal -0.587778 0.809022 0
    outer loop
      vertex 0.956136 -1.15577 0
      vertex 0.80374 -1.26649 9
      vertex 0.956136 -1.15577 9
    endloop
  endfacet
  facet normal -0.587778 0.809022 0
    outer loop
      vertex 0.80374 -1.26649 9
      vertex 0.956136 -1.15577 0
      vertex 0.80374 -1.26649 0
    endloop
  endfacet
  facet normal -0.951057 0.309017 0
    outer loop
      vertex 1.39466 -0.552186 0
      vertex 1.45287 -0.373034 9
      vertex 1.45287 -0.373034 0
    endloop
  endfacet
  facet normal -0.951057 0.309017 0
    outer loop
      vertex 1.45287 -0.373034 9
      vertex 1.39466 -0.552186 0
      vertex 1.39466 -0.552186 9
    endloop
  endfacet
  facet normal 0.125337 0.992114 -0
    outer loop
      vertex -0.0941849 -1.49704 0
      vertex -0.281072 -1.47343 9
      vertex -0.0941849 -1.49704 9
    endloop
  endfacet
  facet normal 0.125337 0.992114 0
    outer loop
      vertex -0.281072 -1.47343 9
      vertex -0.0941849 -1.49704 0
      vertex -0.281072 -1.47343 0
    endloop
  endfacet
  facet normal 0.368106 0.929784 -0
    outer loop
      vertex -0.463525 -1.42658 0
      vertex -0.638668 -1.35724 9
      vertex -0.463525 -1.42658 9
    endloop
  endfacet
  facet normal 0.368106 0.929784 0
    outer loop
      vertex -0.638668 -1.35724 9
      vertex -0.463525 -1.42658 0
      vertex -0.638668 -1.35724 0
    endloop
  endfacet
  facet normal 0.24871 0.968578 -0
    outer loop
      vertex -0.281072 -1.47343 0
      vertex -0.463525 -1.42658 9
      vertex -0.281072 -1.47343 9
    endloop
  endfacet
  facet normal 0.24871 0.968578 0
    outer loop
      vertex -0.463525 -1.42658 9
      vertex -0.281072 -1.47343 0
      vertex -0.463525 -1.42658 0
    endloop
  endfacet
  facet normal 0.770518 0.637418 0
    outer loop
      vertex -1.09345 -1.02682 9
      vertex -1.21352 -0.881678 0
      vertex -1.21352 -0.881678 9
    endloop
  endfacet
  facet normal 0.770518 0.637418 0
    outer loop
      vertex -1.21352 -0.881678 0
      vertex -1.09345 -1.02682 9
      vertex -1.09345 -1.02682 0
    endloop
  endfacet
  facet normal 0.904838 0.425756 0
    outer loop
      vertex -1.31446 -0.722631 9
      vertex -1.39466 -0.552186 0
      vertex -1.39466 -0.552186 9
    endloop
  endfacet
  facet normal 0.904838 0.425756 0
    outer loop
      vertex -1.39466 -0.552186 0
      vertex -1.31446 -0.722631 9
      vertex -1.31446 -0.722631 0
    endloop
  endfacet
  facet normal 0.982284 0.187396 0
    outer loop
      vertex -1.45287 -0.373034 9
      vertex -1.48817 -0.188 0
      vertex -1.48817 -0.188 9
    endloop
  endfacet
  facet normal 0.982284 0.187396 0
    outer loop
      vertex -1.48817 -0.188 0
      vertex -1.45287 -0.373034 9
      vertex -1.45287 -0.373034 0
    endloop
  endfacet
  facet normal 0.998026 0.0628013 0
    outer loop
      vertex -1.48817 -0.188 9
      vertex -1.5 0 0
      vertex -1.5 0 9
    endloop
  endfacet
  facet normal 0.998026 0.0628013 0
    outer loop
      vertex -1.5 0 0
      vertex -1.48817 -0.188 9
      vertex -1.48817 -0.188 0
    endloop
  endfacet
  facet normal 0.481757 0.876305 -0
    outer loop
      vertex -0.638668 -1.35724 0
      vertex -0.80374 -1.26649 9
      vertex -0.638668 -1.35724 9
    endloop
  endfacet
  facet normal 0.481757 0.876305 0
    outer loop
      vertex -0.80374 -1.26649 9
      vertex -0.638668 -1.35724 0
      vertex -0.80374 -1.26649 0
    endloop
  endfacet
  facet normal 0.587778 0.809022 -0
    outer loop
      vertex -0.80374 -1.26649 0
      vertex -0.956136 -1.15577 9
      vertex -0.80374 -1.26649 9
    endloop
  endfacet
  facet normal 0.587778 0.809022 0
    outer loop
      vertex -0.956136 -1.15577 9
      vertex -0.80374 -1.26649 0
      vertex -0.956136 -1.15577 0
    endloop
  endfacet
  facet normal -1 0 0
    outer loop
      vertex -14.5 -2 0
      vertex -14.5 2 9
      vertex -14.5 2 0
    endloop
  endfacet
  facet normal -1 -0 0
    outer loop
      vertex -14.5 2 9
      vertex -14.5 -2 0
      vertex -14.5 -2 9
    endloop
  endfacet
  facet normal 0 0 1
    outer loop
      vertex 8.81446 0.722631 9
      vertex 14.5 2 9
      vertex 14.4606 2.62667 9
    endloop
  endfacet
  facet normal 0 0 1
    outer loop
      vertex 14.5 2 9
      vertex 9 0 9
      vertex 14.5 -2 9
    endloop
  endfacet
  facet normal 0 0 1
    outer loop
      vertex 8.81446 0.722631 9
      vertex 14.4606 2.62667 9
      vertex 14.3429 3.24345 9
    endloop
  endfacet
  facet normal -0 0 1
    outer loop
      vertex 8.98817 -0.188 9
      vertex 14.5 -2 9
      vertex 9 0 9
    endloop
  endfacet
  facet normal 0 0 1
    outer loop
      vertex 8.71352 0.881678 9
      vertex 14.3429 3.24345 9
      vertex 14.1489 3.84062 9
    endloop
  endfacet
  facet normal -0 0 1
    outer loop
      vertex 8.95287 -0.373034 9
      vertex 14.5 -2 9
      vertex 8.98817 -0.188 9
    endloop
  endfacet
  facet normal 0 0 1
    outer loop
      vertex 8.71352 0.881678 9
      vertex 14.1489 3.84062 9
      vertex 13.8815 4.40877 9
    endloop
  endfacet
  facet normal -0 0 1
    outer loop
      vertex 8.89466 -0.552186 9
      vertex 14.5 -2 9
      vertex 8.95287 -0.373034 9
    endloop
  endfacet
  facet normal 0 0 1
    outer loop
      vertex 8.59345 1.02682 9
      vertex 13.8815 4.40877 9
      vertex 13.5451 4.93893 9
    endloop
  endfacet
  facet normal -0 0 1
    outer loop
      vertex 8.81446 -0.722631 9
      vertex 14.5 -2 9
      vertex 8.89466 -0.552186 9
    endloop
  endfacet
  facet normal 0 0 1
    outer loop
      vertex 8.59345 1.02682 9
      vertex 13.5451 4.93893 9
      vertex 13.1448 5.42274 9
    endloop
  endfacet
  facet normal 0 0 1
    outer loop
      vertex 14.5 -2 9
      vertex 8.81446 -0.722631 9
      vertex 14.4606 -2.62667 9
    endloop
  endfacet
  facet normal 0 0 1
    outer loop
      vertex 8.59345 1.02682 9
      vertex 13.1448 5.42274 9
      vertex 12.6871 5.85257 9
    endloop
  endfacet
  facet normal 0 0 1
    outer loop
      vertex 14.4606 -2.62667 9
      vertex 8.81446 -0.722631 9
      vertex 14.3429 -3.24345 9
    endloop
  endfacet
  facet normal 0 0 1
    outer loop
      vertex 8.45614 1.15577 9
      vertex 12.6871 5.85257 9
      vertex 12.1791 6.22164 9
    endloop
  endfacet
  facet normal -0 0 1
    outer loop
      vertex 8.71352 -0.881678 9
      vertex 14.3429 -3.24345 9
      vertex 8.81446 -0.722631 9
    endloop
  endfacet
  facet normal 0 0 1
    outer loop
      vertex 8.45614 1.15577 9
      vertex 12.1791 6.22164 9
      vertex 11.6289 6.52413 9
    endloop
  endfacet
  facet normal 0 0 1
    outer loop
      vertex 14.3429 -3.24345 9
      vertex 8.71352 -0.881678 9
      vertex 14.1489 -3.84062 9
    endloop
  endfacet
  facet normal 0 0 1
    outer loop
      vertex 8.45614 1.15577 9
      vertex 11.6289 6.52413 9
      vertex 11.0451 6.75528 9
    endloop
  endfacet
  facet normal 0 0 1
    outer loop
      vertex 14.1489 -3.84062 9
      vertex 8.71352 -0.881678 9
      vertex 13.8815 -4.40877 9
    endloop
  endfacet
  facet normal 0 0 1
    outer loop
      vertex 8.30374 1.26649 9
      vertex 11.0451 6.75528 9
      vertex 10.4369 6.91144 9
    endloop
  endfacet
  facet normal -0 0 1
    outer loop
      vertex 8.59345 -1.02682 9
      vertex 13.8815 -4.40877 9
      vertex 8.71352 -0.881678 9
    endloop
  endfacet
  facet normal 0 0 1
    outer loop
      vertex 8.30374 1.26649 9
      vertex 10.4369 6.91144 9
      vertex 9.81395 6.99013 9
    endloop
  endfacet
  facet normal 0 0 1
    outer loop
      vertex 13.8815 -4.40877 9
      vertex 8.59345 -1.02682 9
      vertex 13.5451 -4.93893 9
    endloop
  endfacet
  facet normal 0 0 1
    outer loop
      vertex 13.5451 -4.93893 9
      vertex 8.59345 -1.02682 9
      vertex 13.1448 -5.42274 9
    endloop
  endfacet
  facet normal 0 0 1
    outer loop
      vertex 14.5 2 9
      vertex 8.98817 0.188 9
      vertex 9 0 9
    endloop
  endfacet
  facet normal 0 0 1
    outer loop
      vertex 14.5 2 9
      vertex 8.95287 0.373034 9
      vertex 8.98817 0.188 9
    endloop
  endfacet
  facet normal 0 0 1
    outer loop
      vertex 14.5 2 9
      vertex 8.89466 0.552186 9
      vertex 8.95287 0.373034 9
    endloop
  endfacet
  facet normal 0 0 1
    outer loop
      vertex 14.5 2 9
      vertex 8.81446 0.722631 9
      vertex 8.89466 0.552186 9
    endloop
  endfacet
  facet normal 0 0 1
    outer loop
      vertex 14.3429 3.24345 9
      vertex 8.71352 0.881678 9
      vertex 8.81446 0.722631 9
    endloop
  endfacet
  facet normal 0 0 1
    outer loop
      vertex 13.8815 4.40877 9
      vertex 8.59345 1.02682 9
      vertex 8.71352 0.881678 9
    endloop
  endfacet
  facet normal 0 0 1
    outer loop
      vertex 12.6871 5.85257 9
      vertex 8.45614 1.15577 9
      vertex 8.59345 1.02682 9
    endloop
  endfacet
  facet normal 0 0 1
    outer loop
      vertex 11.0451 6.75528 9
      vertex 8.30374 1.26649 9
      vertex 8.45614 1.15577 9
    endloop
  endfacet
  facet normal 0 0 1
    outer loop
      vertex 9.81395 6.99013 9
      vertex 8.13867 1.35724 9
      vertex 8.30374 1.26649 9
    endloop
  endfacet
  facet normal 0 0 1
    outer loop
      vertex 9.81395 6.99013 9
      vertex 7.96352 1.42658 9
      vertex 8.13867 1.35724 9
    endloop
  endfacet
  facet normal 0 0 1
    outer loop
      vertex 9.81395 6.99013 9
      vertex 7.78107 1.47343 9
      vertex 7.96352 1.42658 9
    endloop
  endfacet
  facet normal 0 0 1
    outer loop
      vertex 9.81395 6.99013 9
      vertex 7.59418 1.49704 9
      vertex 7.78107 1.47343 9
    endloop
  endfacet
  facet normal 0 0 1
    outer loop
      vertex 9.81395 6.99013 9
      vertex 7.40581 1.49704 9
      vertex 7.59418 1.49704 9
    endloop
  endfacet
  facet normal 0 0 1
    outer loop
      vertex 9.81395 6.99013 9
      vertex 7.21893 1.47343 9
      vertex 7.40581 1.49704 9
    endloop
  endfacet
  facet normal 0 0 1
    outer loop
      vertex 9.81395 6.99013 9
      vertex 7.03647 1.42658 9
      vertex 7.21893 1.47343 9
    endloop
  endfacet
  facet normal 0 0 1
    outer loop
      vertex 9.81395 6.99013 9
      vertex 6.86133 1.35724 9
      vertex 7.03647 1.42658 9
    endloop
  endfacet
  facet normal 0 0 1
    outer loop
      vertex 9.81395 6.99013 9
      vertex 6.69626 1.26649 9
      vertex 6.86133 1.35724 9
    endloop
  endfacet
  facet normal 0 0 1
    outer loop
      vertex 0.80374 1.26649 9
      vertex 6.69626 1.26649 9
      vertex 9.81395 6.99013 9
    endloop
  endfacet
  facet normal 0 0 1
    outer loop
      vertex 6.69626 1.26649 9
      vertex 0.80374 1.26649 9
      vertex 6.54386 1.15577 9
    endloop
  endfacet
  facet normal 0 -0 1
    outer loop
      vertex 0.956136 1.15577 9
      vertex 6.54386 1.15577 9
      vertex 0.80374 1.26649 9
    endloop
  endfacet
  facet normal 0 0 1
    outer loop
      vertex 6.54386 1.15577 9
      vertex 0.956136 1.15577 9
      vertex 6.40655 1.02682 9
    endloop
  endfacet
  facet normal 0 0 1
    outer loop
      vertex 6.01183 0.188 9
      vertex 1.5 0 9
      vertex 6 0 9
    endloop
  endfacet
  facet normal 0 0 1
    outer loop
      vertex 1.48817 0.188 9
      vertex 6.01183 0.188 9
      vertex 6.04712 0.373034 9
    endloop
  endfacet
  facet normal 0 0 1
    outer loop
      vertex 1.45287 0.373034 9
      vertex 6.04712 0.373034 9
      vertex 6.10534 0.552186 9
    endloop
  endfacet
  facet normal 0 0 1
    outer loop
      vertex 1.39466 0.552186 9
      vertex 6.10534 0.552186 9
      vertex 6.18554 0.722631 9
    endloop
  endfacet
  facet normal 0 -0 1
    outer loop
      vertex 1.09345 1.02682 9
      vertex 6.40655 1.02682 9
      vertex 0.956136 1.15577 9
    endloop
  endfacet
  facet normal 0 0 1
    outer loop
      vertex 6.01183 0.188 9
      vertex 1.48817 0.188 9
      vertex 1.5 0 9
    endloop
  endfacet
  facet normal 0 0 1
    outer loop
      vertex 6.04712 0.373034 9
      vertex 1.45287 0.373034 9
      vertex 1.48817 0.188 9
    endloop
  endfacet
  facet normal 0 0 1
    outer loop
      vertex 6.10534 0.552186 9
      vertex 1.39466 0.552186 9
      vertex 1.45287 0.373034 9
    endloop
  endfacet
  facet normal 0 0 1
    outer loop
      vertex 6.18554 0.722631 9
      vertex 1.31446 0.722631 9
      vertex 1.39466 0.552186 9
    endloop
  endfacet
  facet normal 0 0 1
    outer loop
      vertex 6.18554 0.722631 9
      vertex 1.21352 0.881678 9
      vertex 1.31446 0.722631 9
    endloop
  endfacet
  facet normal 0 0 1
    outer loop
      vertex 6.28647 0.881678 9
      vertex 1.21352 0.881678 9
      vertex 6.18554 0.722631 9
    endloop
  endfacet
  facet normal 0 -0 1
    outer loop
      vertex 1.21352 0.881678 9
      vertex 6.28647 0.881678 9
      vertex 1.09345 1.02682 9
    endloop
  endfacet
  facet normal 0 0 1
    outer loop
      vertex 6.40655 1.02682 9
      vertex 1.09345 1.02682 9
      vertex 6.28647 0.881678 9
    endloop
  endfacet
  facet normal 0 0 1
    outer loop
      vertex 9.81395 6.99013 9
      vertex 0.638668 1.35724 9
      vertex 0.80374 1.26649 9
    endloop
  endfacet
  facet normal 0 0 1
    outer loop
      vertex 9.81395 6.99013 9
      vertex 0.463525 1.42658 9
      vertex 0.638668 1.35724 9
    endloop
  endfacet
  facet normal 0 0 1
    outer loop
      vertex 9.81395 6.99013 9
      vertex 0.281072 1.47343 9
      vertex 0.463525 1.42658 9
    endloop
  endfacet
  facet normal 0 0 1
    outer loop
      vertex 9.81395 6.99013 9
      vertex 0.0941849 1.49704 9
      vertex 0.281072 1.47343 9
    endloop
  endfacet
  facet normal 0 0 1
    outer loop
      vertex 9.81395 6.99013 9
      vertex -0.0941849 1.49704 9
      vertex 0.0941849 1.49704 9
    endloop
  endfacet
  facet normal -0 0 1
    outer loop
      vertex -9.81395 6.99013 9
      vertex -0.0941849 1.49704 9
      vertex 9.81395 6.99013 9
    endloop
  endfacet
  facet normal 0 0 1
    outer loop
      vertex -0.0941849 1.49704 9
      vertex -9.81395 6.99013 9
      vertex -0.281072 1.47343 9
    endloop
  endfacet
  facet normal 0 0 1
    outer loop
      vertex -0.281072 1.47343 9
      vertex -9.81395 6.99013 9
      vertex -0.463525 1.42658 9
    endloop
  endfacet
  facet normal 0 0 1
    outer loop
      vertex -1.48817 0.188 9
      vertex -6 0 9
      vertex -1.5 0 9
    endloop
  endfacet
  facet normal 0 0 1
    outer loop
      vertex -6.01183 0.188 9
      vertex -1.48817 0.188 9
      vertex -1.45287 0.373034 9
    endloop
  endfacet
  facet normal 0 0 1
    outer loop
      vertex -6.04712 0.373034 9
      vertex -1.45287 0.373034 9
      vertex -1.39466 0.552186 9
    endloop
  endfacet
  facet normal 0 0 1
    outer loop
      vertex -6.10534 0.552186 9
      vertex -1.39466 0.552186 9
      vertex -1.31446 0.722631 9
    endloop
  endfacet
  facet normal 0 0 1
    outer loop
      vertex -6.18554 0.722631 9
      vertex -1.31446 0.722631 9
      vertex -1.21352 0.881678 9
    endloop
  endfacet
  facet normal 0 0 1
    outer loop
      vertex -6.28647 0.881678 9
      vertex -1.21352 0.881678 9
      vertex -1.09345 1.02682 9
    endloop
  endfacet
  facet normal 0 0 1
    outer loop
      vertex -6.40655 1.02682 9
      vertex -1.09345 1.02682 9
      vertex -0.956136 1.15577 9
    endloop
  endfacet
  facet normal 0 0 1
    outer loop
      vertex -6.54386 1.15577 9
      vertex -0.956136 1.15577 9
      vertex -0.80374 1.26649 9
    endloop
  endfacet
  facet normal 0 0 1
    outer loop
      vertex -9.81395 6.99013 9
      vertex -0.80374 1.26649 9
      vertex -0.638668 1.35724 9
    endloop
  endfacet
  facet normal 0 0 1
    outer loop
      vertex -0.463525 1.42658 9
      vertex -9.81395 6.99013 9
      vertex -0.638668 1.35724 9
    endloop
  endfacet
  facet normal 0 0 1
    outer loop
      vertex -1.48817 0.188 9
      vertex -6.01183 0.188 9
      vertex -6 0 9
    endloop
  endfacet
  facet normal 0 0 1
    outer loop
      vertex -1.45287 0.373034 9
      vertex -6.04712 0.373034 9
      vertex -6.01183 0.188 9
    endloop
  endfacet
  facet normal 0 0 1
    outer loop
      vertex -1.39466 0.552186 9
      vertex -6.10534 0.552186 9
      vertex -6.04712 0.373034 9
    endloop
  endfacet
  facet normal 0 0 1
    outer loop
      vertex -1.31446 0.722631 9
      vertex -6.18554 0.722631 9
      vertex -6.10534 0.552186 9
    endloop
  endfacet
  facet normal 0 0 1
    outer loop
      vertex -1.21352 0.881678 9
      vertex -6.28647 0.881678 9
      vertex -6.18554 0.722631 9
    endloop
  endfacet
  facet normal 0 0 1
    outer loop
      vertex -1.09345 1.02682 9
      vertex -6.40655 1.02682 9
      vertex -6.28647 0.881678 9
    endloop
  endfacet
  facet normal 0 0 1
    outer loop
      vertex -0.956136 1.15577 9
      vertex -6.54386 1.15577 9
      vertex -6.40655 1.02682 9
    endloop
  endfacet
  facet normal 0 0 1
    outer loop
      vertex -0.80374 1.26649 9
      vertex -9.81395 6.99013 9
      vertex -6.69626 1.26649 9
    endloop
  endfacet
  facet normal 0 0 1
    outer loop
      vertex -0.80374 1.26649 9
      vertex -6.69626 1.26649 9
      vertex -6.54386 1.15577 9
    endloop
  endfacet
  facet normal 0 0 1
    outer loop
      vertex -6.69626 1.26649 9
      vertex -9.81395 6.99013 9
      vertex -6.86133 1.35724 9
    endloop
  endfacet
  facet normal 0 0 1
    outer loop
      vertex -6.86133 1.35724 9
      vertex -9.81395 6.99013 9
      vertex -7.03647 1.42658 9
    endloop
  endfacet
  facet normal 0 0 1
    outer loop
      vertex -7.03647 1.42658 9
      vertex -9.81395 6.99013 9
      vertex -7.21893 1.47343 9
    endloop
  endfacet
  facet normal 0 0 1
    outer loop
      vertex -7.21893 1.47343 9
      vertex -9.81395 6.99013 9
      vertex -7.40581 1.49704 9
    endloop
  endfacet
  facet normal 0 0 1
    outer loop
      vertex -7.40581 1.49704 9
      vertex -9.81395 6.99013 9
      vertex -7.59418 1.49704 9
    endloop
  endfacet
  facet normal 0 0 1
    outer loop
      vertex -7.59418 1.49704 9
      vertex -9.81395 6.99013 9
      vertex -7.78107 1.47343 9
    endloop
  endfacet
  facet normal -0 0 1
    outer loop
      vertex -13.1448 5.42274 9
      vertex -8.59345 1.02682 9
      vertex -12.6871 5.85257 9
    endloop
  endfacet
  facet normal 0 0 1
    outer loop
      vertex -8.45614 1.15577 9
      vertex -12.6871 5.85257 9
      vertex -8.59345 1.02682 9
    endloop
  endfacet
  facet normal -0 0 1
    outer loop
      vertex -12.6871 5.85257 9
      vertex -8.45614 1.15577 9
      vertex -12.1791 6.22164 9
    endloop
  endfacet
  facet normal -0 0 1
    outer loop
      vertex -12.1791 6.22164 9
      vertex -8.45614 1.15577 9
      vertex -11.6289 6.52413 9
    endloop
  endfacet
  facet normal -0 0 1
    outer loop
      vertex -11.6289 6.52413 9
      vertex -8.45614 1.15577 9
      vertex -11.0451 6.75528 9
    endloop
  endfacet
  facet normal 0 0 1
    outer loop
      vertex -8.30374 1.26649 9
      vertex -11.0451 6.75528 9
      vertex -8.45614 1.15577 9
    endloop
  endfacet
  facet normal -0 0 1
    outer loop
      vertex -11.0451 6.75528 9
      vertex -8.30374 1.26649 9
      vertex -10.4369 6.91144 9
    endloop
  endfacet
  facet normal -0 0 1
    outer loop
      vertex -10.4369 6.91144 9
      vertex -8.30374 1.26649 9
      vertex -9.81395 6.99013 9
    endloop
  endfacet
  facet normal 0 0 1
    outer loop
      vertex -8.13867 1.35724 9
      vertex -9.81395 6.99013 9
      vertex -8.30374 1.26649 9
    endloop
  endfacet
  facet normal 0 0 1
    outer loop
      vertex -7.96352 1.42658 9
      vertex -9.81395 6.99013 9
      vertex -8.13867 1.35724 9
    endloop
  endfacet
  facet normal 0 0 1
    outer loop
      vertex -7.78107 1.47343 9
      vertex -9.81395 6.99013 9
      vertex -7.96352 1.42658 9
    endloop
  endfacet
  facet normal 0 0 1
    outer loop
      vertex 13.1448 -5.42274 9
      vertex 8.59345 -1.02682 9
      vertex 12.6871 -5.85257 9
    endloop
  endfacet
  facet normal -0 0 1
    outer loop
      vertex 8.45614 -1.15577 9
      vertex 12.6871 -5.85257 9
      vertex 8.59345 -1.02682 9
    endloop
  endfacet
  facet normal 0 0 1
    outer loop
      vertex 12.6871 -5.85257 9
      vertex 8.45614 -1.15577 9
      vertex 12.1791 -6.22164 9
    endloop
  endfacet
  facet normal 0 0 1
    outer loop
      vertex 12.1791 -6.22164 9
      vertex 8.45614 -1.15577 9
      vertex 11.6289 -6.52413 9
    endloop
  endfacet
  facet normal 0 0 1
    outer loop
      vertex 11.6289 -6.52413 9
      vertex 8.45614 -1.15577 9
      vertex 11.0451 -6.75528 9
    endloop
  endfacet
  facet normal -0 0 1
    outer loop
      vertex 8.30374 -1.26649 9
      vertex 11.0451 -6.75528 9
      vertex 8.45614 -1.15577 9
    endloop
  endfacet
  facet normal 0 0 1
    outer loop
      vertex 11.0451 -6.75528 9
      vertex 8.30374 -1.26649 9
      vertex 10.4369 -6.91144 9
    endloop
  endfacet
  facet normal 0 0 1
    outer loop
      vertex 10.4369 -6.91144 9
      vertex 8.30374 -1.26649 9
      vertex 9.81395 -6.99013 9
    endloop
  endfacet
  facet normal -0 0 1
    outer loop
      vertex 8.13867 -1.35724 9
      vertex 9.81395 -6.99013 9
      vertex 8.30374 -1.26649 9
    endloop
  endfacet
  facet normal -0 0 1
    outer loop
      vertex 7.96352 -1.42658 9
      vertex 9.81395 -6.99013 9
      vertex 8.13867 -1.35724 9
    endloop
  endfacet
  facet normal -0 0 1
    outer loop
      vertex 7.78107 -1.47343 9
      vertex 9.81395 -6.99013 9
      vertex 7.96352 -1.42658 9
    endloop
  endfacet
  facet normal -0 0 1
    outer loop
      vertex 7.59418 -1.49704 9
      vertex 9.81395 -6.99013 9
      vertex 7.78107 -1.47343 9
    endloop
  endfacet
  facet normal -0 0 1
    outer loop
      vertex 7.40581 -1.49704 9
      vertex 9.81395 -6.99013 9
      vertex 7.59418 -1.49704 9
    endloop
  endfacet
  facet normal 0 0 1
    outer loop
      vertex 7.21893 -1.47343 9
      vertex 9.81395 -6.99013 9
      vertex 7.40581 -1.49704 9
    endloop
  endfacet
  facet normal 0 0 1
    outer loop
      vertex 7.03647 -1.42658 9
      vertex 9.81395 -6.99013 9
      vertex 7.21893 -1.47343 9
    endloop
  endfacet
  facet normal 0 0 1
    outer loop
      vertex 6.86133 -1.35724 9
      vertex 9.81395 -6.99013 9
      vertex 7.03647 -1.42658 9
    endloop
  endfacet
  facet normal 0 0 1
    outer loop
      vertex 6.69626 -1.26649 9
      vertex 9.81395 -6.99013 9
      vertex 6.86133 -1.35724 9
    endloop
  endfacet
  facet normal 0 0 1
    outer loop
      vertex 0.80374 -1.26649 9
      vertex 6.69626 -1.26649 9
      vertex 6.54386 -1.15577 9
    endloop
  endfacet
  facet normal 0 0 1
    outer loop
      vertex 0.956136 -1.15577 9
      vertex 6.54386 -1.15577 9
      vertex 6.40655 -1.02682 9
    endloop
  endfacet
  facet normal 0 0 1
    outer loop
      vertex 1.09345 -1.02682 9
      vertex 6.40655 -1.02682 9
      vertex 6.28647 -0.881678 9
    endloop
  endfacet
  facet normal 0 0 1
    outer loop
      vertex 1.21352 -0.881678 9
      vertex 6.28647 -0.881678 9
      vertex 6.18554 -0.722631 9
    endloop
  endfacet
  facet normal -0 0 1
    outer loop
      vertex 1.5 0 9
      vertex 6.01183 -0.188 9
      vertex 6 0 9
    endloop
  endfacet
  facet normal 0 0 1
    outer loop
      vertex 1.48817 -0.188 9
      vertex 6.01183 -0.188 9
      vertex 1.5 0 9
    endloop
  endfacet
  facet normal 0 0 1
    outer loop
      vertex 6.01183 -0.188 9
      vertex 1.48817 -0.188 9
      vertex 6.04712 -0.373034 9
    endloop
  endfacet
  facet normal 0 0 1
    outer loop
      vertex 1.45287 -0.373034 9
      vertex 6.04712 -0.373034 9
      vertex 1.48817 -0.188 9
    endloop
  endfacet
  facet normal 0 0 1
    outer loop
      vertex 6.04712 -0.373034 9
      vertex 1.45287 -0.373034 9
      vertex 6.10534 -0.552186 9
    endloop
  endfacet
  facet normal 0 0 1
    outer loop
      vertex 1.39466 -0.552186 9
      vertex 6.10534 -0.552186 9
      vertex 1.45287 -0.373034 9
    endloop
  endfacet
  facet normal 0 0 1
    outer loop
      vertex 6.10534 -0.552186 9
      vertex 1.39466 -0.552186 9
      vertex 6.18554 -0.722631 9
    endloop
  endfacet
  facet normal 0 0 1
    outer loop
      vertex 1.31446 -0.722631 9
      vertex 6.18554 -0.722631 9
      vertex 1.39466 -0.552186 9
    endloop
  endfacet
  facet normal 0 0 1
    outer loop
      vertex 1.21352 -0.881678 9
      vertex 6.18554 -0.722631 9
      vertex 1.31446 -0.722631 9
    endloop
  endfacet
  facet normal 0 0 1
    outer loop
      vertex 6.28647 -0.881678 9
      vertex 1.21352 -0.881678 9
      vertex 1.09345 -1.02682 9
    endloop
  endfacet
  facet normal 0 0 1
    outer loop
      vertex 6.40655 -1.02682 9
      vertex 1.09345 -1.02682 9
      vertex 0.956136 -1.15577 9
    endloop
  endfacet
  facet normal 0 0 1
    outer loop
      vertex 6.54386 -1.15577 9
      vertex 0.956136 -1.15577 9
      vertex 0.80374 -1.26649 9
    endloop
  endfacet
  facet normal 0 0 1
    outer loop
      vertex 6.69626 -1.26649 9
      vertex 0.80374 -1.26649 9
      vertex 9.81395 -6.99013 9
    endloop
  endfacet
  facet normal -0 0 1
    outer loop
      vertex 0.638668 -1.35724 9
      vertex 9.81395 -6.99013 9
      vertex 0.80374 -1.26649 9
    endloop
  endfacet
  facet normal -0 0 1
    outer loop
      vertex 0.463525 -1.42658 9
      vertex 9.81395 -6.99013 9
      vertex 0.638668 -1.35724 9
    endloop
  endfacet
  facet normal -0 0 1
    outer loop
      vertex 0.281072 -1.47343 9
      vertex 9.81395 -6.99013 9
      vertex 0.463525 -1.42658 9
    endloop
  endfacet
  facet normal -0 0 1
    outer loop
      vertex 0.0941849 -1.49704 9
      vertex 9.81395 -6.99013 9
      vertex 0.281072 -1.47343 9
    endloop
  endfacet
  facet normal -0 0 1
    outer loop
      vertex -0.0941849 -1.49704 9
      vertex 9.81395 -6.99013 9
      vertex 0.0941849 -1.49704 9
    endloop
  endfacet
  facet normal 0 0 1
    outer loop
      vertex -9.81395 -6.99013 9
      vertex -0.0941849 -1.49704 9
      vertex -0.281072 -1.47343 9
    endloop
  endfacet
  facet normal 0 0 1
    outer loop
      vertex -9.81395 -6.99013 9
      vertex -0.281072 -1.47343 9
      vertex -0.463525 -1.42658 9
    endloop
  endfacet
  facet normal 0 0 1
    outer loop
      vertex -9.81395 -6.99013 9
      vertex -0.463525 -1.42658 9
      vertex -0.638668 -1.35724 9
    endloop
  endfacet
  facet normal -0 0 1
    outer loop
      vertex -6 0 9
      vertex -1.48817 -0.188 9
      vertex -1.5 0 9
    endloop
  endfacet
  facet normal 0 0 1
    outer loop
      vertex -6.01183 -0.188 9
      vertex -1.48817 -0.188 9
      vertex -6 0 9
    endloop
  endfacet
  facet normal 0 0 1
    outer loop
      vertex -1.48817 -0.188 9
      vertex -6.01183 -0.188 9
      vertex -1.45287 -0.373034 9
    endloop
  endfacet
  facet normal 0 0 1
    outer loop
      vertex -6.04712 -0.373034 9
      vertex -1.45287 -0.373034 9
      vertex -6.01183 -0.188 9
    endloop
  endfacet
  facet normal 0 0 1
    outer loop
      vertex -1.45287 -0.373034 9
      vertex -6.04712 -0.373034 9
      vertex -1.39466 -0.552186 9
    endloop
  endfacet
  facet normal 0 0 1
    outer loop
      vertex -6.10534 -0.552186 9
      vertex -1.39466 -0.552186 9
      vertex -6.04712 -0.373034 9
    endloop
  endfacet
  facet normal 0 0 1
    outer loop
      vertex -1.39466 -0.552186 9
      vertex -6.10534 -0.552186 9
      vertex -1.31446 -0.722631 9
    endloop
  endfacet
  facet normal 0 0 1
    outer loop
      vertex -6.18554 -0.722631 9
      vertex -1.31446 -0.722631 9
      vertex -6.10534 -0.552186 9
    endloop
  endfacet
  facet normal 0 0 1
    outer loop
      vertex -1.31446 -0.722631 9
      vertex -6.18554 -0.722631 9
      vertex -1.21352 -0.881678 9
    endloop
  endfacet
  facet normal 0 0 1
    outer loop
      vertex -6.28647 -0.881678 9
      vertex -1.21352 -0.881678 9
      vertex -6.18554 -0.722631 9
    endloop
  endfacet
  facet normal 0 0 1
    outer loop
      vertex -1.21352 -0.881678 9
      vertex -6.28647 -0.881678 9
      vertex -1.09345 -1.02682 9
    endloop
  endfacet
  facet normal 0 0 1
    outer loop
      vertex -6.40655 -1.02682 9
      vertex -1.09345 -1.02682 9
      vertex -6.28647 -0.881678 9
    endloop
  endfacet
  facet normal 0 0 1
    outer loop
      vertex -1.09345 -1.02682 9
      vertex -6.40655 -1.02682 9
      vertex -0.956136 -1.15577 9
    endloop
  endfacet
  facet normal 0 0 1
    outer loop
      vertex -6.54386 -1.15577 9
      vertex -0.956136 -1.15577 9
      vertex -6.40655 -1.02682 9
    endloop
  endfacet
  facet normal 0 0 1
    outer loop
      vertex -0.956136 -1.15577 9
      vertex -6.54386 -1.15577 9
      vertex -0.80374 -1.26649 9
    endloop
  endfacet
  facet normal 0 0 1
    outer loop
      vertex -6.69626 -1.26649 9
      vertex -0.80374 -1.26649 9
      vertex -6.54386 -1.15577 9
    endloop
  endfacet
  facet normal 0 0 1
    outer loop
      vertex -9.81395 -6.99013 9
      vertex -0.80374 -1.26649 9
      vertex -6.69626 -1.26649 9
    endloop
  endfacet
  facet normal 0 0 1
    outer loop
      vertex -0.80374 -1.26649 9
      vertex -9.81395 -6.99013 9
      vertex -0.638668 -1.35724 9
    endloop
  endfacet
  facet normal 0 0 1
    outer loop
      vertex -9.81395 -6.99013 9
      vertex -6.69626 -1.26649 9
      vertex -6.86133 -1.35724 9
    endloop
  endfacet
  facet normal 0 0 1
    outer loop
      vertex -9.81395 -6.99013 9
      vertex -6.86133 -1.35724 9
      vertex -7.03647 -1.42658 9
    endloop
  endfacet
  facet normal 0 0 1
    outer loop
      vertex -9.81395 -6.99013 9
      vertex -7.03647 -1.42658 9
      vertex -7.21893 -1.47343 9
    endloop
  endfacet
  facet normal 0 0 1
    outer loop
      vertex -9.81395 -6.99013 9
      vertex -7.21893 -1.47343 9
      vertex -7.40581 -1.49704 9
    endloop
  endfacet
  facet normal 0 0 1
    outer loop
      vertex -9.81395 -6.99013 9
      vertex -7.40581 -1.49704 9
      vertex -7.59418 -1.49704 9
    endloop
  endfacet
  facet normal 0 0 1
    outer loop
      vertex -9.81395 -6.99013 9
      vertex -7.59418 -1.49704 9
      vertex -7.78107 -1.47343 9
    endloop
  endfacet
  facet normal 0 0 1
    outer loop
      vertex -9.81395 -6.99013 9
      vertex -7.78107 -1.47343 9
      vertex -7.96352 -1.42658 9
    endloop
  endfacet
  facet normal -0 0 1
    outer loop
      vertex -13.5451 4.93893 9
      vertex -8.59345 1.02682 9
      vertex -13.1448 5.42274 9
    endloop
  endfacet
  facet normal 0 0 1
    outer loop
      vertex -0.0941849 -1.49704 9
      vertex -9.81395 -6.99013 9
      vertex 9.81395 -6.99013 9
    endloop
  endfacet
  facet normal 0 0 1
    outer loop
      vertex -8.13867 -1.35724 9
      vertex -9.81395 -6.99013 9
      vertex -7.96352 -1.42658 9
    endloop
  endfacet
  facet normal 0 0 1
    outer loop
      vertex -8.30374 -1.26649 9
      vertex -9.81395 -6.99013 9
      vertex -8.13867 -1.35724 9
    endloop
  endfacet
  facet normal 0 0 1
    outer loop
      vertex -11.0451 -6.75528 9
      vertex -8.30374 -1.26649 9
      vertex -8.45614 -1.15577 9
    endloop
  endfacet
  facet normal 0 0 1
    outer loop
      vertex -12.6871 -5.85257 9
      vertex -8.45614 -1.15577 9
      vertex -8.59345 -1.02682 9
    endloop
  endfacet
  facet normal 0 0 1
    outer loop
      vertex -13.8815 -4.40877 9
      vertex -8.59345 -1.02682 9
      vertex -8.71352 -0.881678 9
    endloop
  endfacet
  facet normal 0 0 1
    outer loop
      vertex -14.3429 -3.24345 9
      vertex -8.71352 -0.881678 9
      vertex -8.81446 -0.722631 9
    endloop
  endfacet
  facet normal 0 0 1
    outer loop
      vertex -14.5 -2 9
      vertex -8.81446 -0.722631 9
      vertex -8.89466 -0.552186 9
    endloop
  endfacet
  facet normal 0 0 1
    outer loop
      vertex -14.5 -2 9
      vertex -8.89466 -0.552186 9
      vertex -8.95287 -0.373034 9
    endloop
  endfacet
  facet normal 0 0 1
    outer loop
      vertex -14.5 -2 9
      vertex -8.95287 -0.373034 9
      vertex -8.98817 -0.188 9
    endloop
  endfacet
  facet normal -0 0 1
    outer loop
      vertex -13.8815 4.40877 9
      vertex -8.59345 1.02682 9
      vertex -13.5451 4.93893 9
    endloop
  endfacet
  facet normal 0 0 1
    outer loop
      vertex -8.59345 1.02682 9
      vertex -13.8815 4.40877 9
      vertex -8.71352 0.881678 9
    endloop
  endfacet
  facet normal 0 0 1
    outer loop
      vertex -9 0 9
      vertex -14.5 -2 9
      vertex -8.98817 -0.188 9
    endloop
  endfacet
  facet normal -0 0 1
    outer loop
      vertex -14.1489 3.84062 9
      vertex -8.71352 0.881678 9
      vertex -13.8815 4.40877 9
    endloop
  endfacet
  facet normal 0 0 1
    outer loop
      vertex -8.81446 -0.722631 9
      vertex -14.5 -2 9
      vertex -14.4606 -2.62667 9
    endloop
  endfacet
  facet normal -0 0 1
    outer loop
      vertex -14.3429 3.24345 9
      vertex -8.71352 0.881678 9
      vertex -14.1489 3.84062 9
    endloop
  endfacet
  facet normal 0 0 1
    outer loop
      vertex -8.30374 -1.26649 9
      vertex -10.4369 -6.91144 9
      vertex -9.81395 -6.99013 9
    endloop
  endfacet
  facet normal 0 0 1
    outer loop
      vertex -8.71352 0.881678 9
      vertex -14.3429 3.24345 9
      vertex -8.81446 0.722631 9
    endloop
  endfacet
  facet normal 0 0 1
    outer loop
      vertex -8.30374 -1.26649 9
      vertex -11.0451 -6.75528 9
      vertex -10.4369 -6.91144 9
    endloop
  endfacet
  facet normal -0 0 1
    outer loop
      vertex -14.4606 2.62667 9
      vertex -8.81446 0.722631 9
      vertex -14.3429 3.24345 9
    endloop
  endfacet
  facet normal 0 0 1
    outer loop
      vertex -8.45614 -1.15577 9
      vertex -11.6289 -6.52413 9
      vertex -11.0451 -6.75528 9
    endloop
  endfacet
  facet normal -0 0 1
    outer loop
      vertex -14.5 2 9
      vertex -8.81446 0.722631 9
      vertex -14.4606 2.62667 9
    endloop
  endfacet
  facet normal 0 0 1
    outer loop
      vertex -8.45614 -1.15577 9
      vertex -12.1791 -6.22164 9
      vertex -11.6289 -6.52413 9
    endloop
  endfacet
  facet normal 0 0 1
    outer loop
      vertex -8.81446 0.722631 9
      vertex -14.5 2 9
      vertex -8.89466 0.552186 9
    endloop
  endfacet
  facet normal 0 0 1
    outer loop
      vertex -8.45614 -1.15577 9
      vertex -12.6871 -5.85257 9
      vertex -12.1791 -6.22164 9
    endloop
  endfacet
  facet normal 0 0 1
    outer loop
      vertex -8.89466 0.552186 9
      vertex -14.5 2 9
      vertex -8.95287 0.373034 9
    endloop
  endfacet
  facet normal 0 0 1
    outer loop
      vertex -8.59345 -1.02682 9
      vertex -13.1448 -5.42274 9
      vertex -12.6871 -5.85257 9
    endloop
  endfacet
  facet normal 0 0 1
    outer loop
      vertex -8.95287 0.373034 9
      vertex -14.5 2 9
      vertex -8.98817 0.188 9
    endloop
  endfacet
  facet normal 0 0 1
    outer loop
      vertex -8.59345 -1.02682 9
      vertex -13.5451 -4.93893 9
      vertex -13.1448 -5.42274 9
    endloop
  endfacet
  facet normal 0 0 1
    outer loop
      vertex -8.98817 0.188 9
      vertex -14.5 2 9
      vertex -9 0 9
    endloop
  endfacet
  facet normal 0 0 1
    outer loop
      vertex -8.59345 -1.02682 9
      vertex -13.8815 -4.40877 9
      vertex -13.5451 -4.93893 9
    endloop
  endfacet
  facet normal 0 0 1
    outer loop
      vertex -14.5 -2 9
      vertex -9 0 9
      vertex -14.5 2 9
    endloop
  endfacet
  facet normal 0 0 1
    outer loop
      vertex -8.71352 -0.881678 9
      vertex -14.1489 -3.84062 9
      vertex -13.8815 -4.40877 9
    endloop
  endfacet
  facet normal 0 0 1
    outer loop
      vertex -8.71352 -0.881678 9
      vertex -14.3429 -3.24345 9
      vertex -14.1489 -3.84062 9
    endloop
  endfacet
  facet normal 0 0 1
    outer loop
      vertex -8.81446 -0.722631 9
      vertex -14.4606 -2.62667 9
      vertex -14.3429 -3.24345 9
    endloop
  endfacet
  facet normal 0.904797 -0.425843 0
    outer loop
      vertex 13.8815 -4.40877 9
      vertex 14.1489 -3.84062 0
      vertex 14.1489 -3.84062 9
    endloop
  endfacet
  facet normal 0.904797 -0.425843 0
    outer loop
      vertex 14.1489 -3.84062 0
      vertex 13.8815 -4.40877 9
      vertex 13.8815 -4.40877 0
    endloop
  endfacet
  facet normal 0 1 -0
    outer loop
      vertex 9.81395 6.99013 0
      vertex -9.81395 6.99013 9
      vertex 9.81395 6.99013 9
    endloop
  endfacet
  facet normal 0 1 0
    outer loop
      vertex -9.81395 6.99013 9
      vertex 9.81395 6.99013 0
      vertex -9.81395 6.99013 0
    endloop
  endfacet
  facet normal 1 -0 0
    outer loop
      vertex 14.5 -2 9
      vertex 14.5 2 0
      vertex 14.5 2 9
    endloop
  endfacet
  facet normal 1 0 0
    outer loop
      vertex 14.5 2 0
      vertex 14.5 -2 9
      vertex 14.5 -2 0
    endloop
  endfacet
  facet normal -0.951072 0.30897 0
    outer loop
      vertex -14.3429 3.24345 0
      vertex -14.1489 3.84062 9
      vertex -14.1489 3.84062 0
    endloop
  endfacet
  facet normal -0.951072 0.30897 0
    outer loop
      vertex -14.1489 3.84062 9
      vertex -14.3429 3.24345 0
      vertex -14.3429 3.24345 9
    endloop
  endfacet
  facet normal 0 -1 0
    outer loop
      vertex -9.81395 -6.99013 0
      vertex 9.81395 -6.99013 9
      vertex -9.81395 -6.99013 9
    endloop
  endfacet
  facet normal 0 -1 -0
    outer loop
      vertex 9.81395 -6.99013 9
      vertex -9.81395 -6.99013 0
      vertex 9.81395 -6.99013 0
    endloop
  endfacet
  facet normal 0.248691 -0.968583 0
    outer loop
      vertex 10.4369 -6.91144 0
      vertex 11.0451 -6.75528 9
      vertex 10.4369 -6.91144 9
    endloop
  endfacet
  facet normal 0.248691 -0.968583 0
    outer loop
      vertex 11.0451 -6.75528 9
      vertex 10.4369 -6.91144 0
      vertex 11.0451 -6.75528 0
    endloop
  endfacet
  facet normal 0.125322 0.992116 -0
    outer loop
      vertex 10.4369 6.91144 0
      vertex 9.81395 6.99013 9
      vertex 10.4369 6.91144 9
    endloop
  endfacet
  facet normal 0.125322 0.992116 0
    outer loop
      vertex 9.81395 6.99013 9
      vertex 10.4369 6.91144 0
      vertex 9.81395 6.99013 0
    endloop
  endfacet
  facet normal -0.125322 0.992116 0
    outer loop
      vertex -9.81395 6.99013 0
      vertex -10.4369 6.91144 9
      vertex -9.81395 6.99013 9
    endloop
  endfacet
  facet normal -0.125322 0.992116 0
    outer loop
      vertex -10.4369 6.91144 9
      vertex -9.81395 6.99013 0
      vertex -10.4369 6.91144 0
    endloop
  endfacet
  facet normal -0.904797 0.425843 0
    outer loop
      vertex -14.1489 3.84062 0
      vertex -13.8815 4.40877 9
      vertex -13.8815 4.40877 0
    endloop
  endfacet
  facet normal -0.904797 0.425843 0
    outer loop
      vertex -13.8815 4.40877 9
      vertex -14.1489 3.84062 0
      vertex -14.1489 3.84062 9
    endloop
  endfacet
  facet normal -0.951072 -0.30897 0
    outer loop
      vertex -14.1489 -3.84062 0
      vertex -14.3429 -3.24345 9
      vertex -14.3429 -3.24345 0
    endloop
  endfacet
  facet normal -0.951072 -0.30897 0
    outer loop
      vertex -14.3429 -3.24345 9
      vertex -14.1489 -3.84062 0
      vertex -14.1489 -3.84062 9
    endloop
  endfacet
  facet normal 0.951072 -0.30897 0
    outer loop
      vertex 14.1489 -3.84062 9
      vertex 14.3429 -3.24345 0
      vertex 14.3429 -3.24345 9
    endloop
  endfacet
  facet normal 0.951072 -0.30897 0
    outer loop
      vertex 14.3429 -3.24345 0
      vertex 14.1489 -3.84062 9
      vertex 14.1489 -3.84062 0
    endloop
  endfacet
  facet normal 0.844364 -0.53577 0
    outer loop
      vertex 13.5451 -4.93893 9
      vertex 13.8815 -4.40877 0
      vertex 13.8815 -4.40877 9
    endloop
  endfacet
  facet normal 0.844364 -0.53577 0
    outer loop
      vertex 13.8815 -4.40877 0
      vertex 13.5451 -4.93893 9
      vertex 13.5451 -4.93893 0
    endloop
  endfacet
  facet normal 0.587771 -0.809027 0
    outer loop
      vertex 12.1791 -6.22164 0
      vertex 12.6871 -5.85257 9
      vertex 12.1791 -6.22164 9
    endloop
  endfacet
  facet normal 0.587771 -0.809027 0
    outer loop
      vertex 12.6871 -5.85257 9
      vertex 12.1791 -6.22164 0
      vertex 12.6871 -5.85257 0
    endloop
  endfacet
  facet normal -0.684565 0.728952 0
    outer loop
      vertex -12.6871 5.85257 0
      vertex -13.1448 5.42274 9
      vertex -12.6871 5.85257 9
    endloop
  endfacet
  facet normal -0.684565 0.728952 0
    outer loop
      vertex -13.1448 5.42274 9
      vertex -12.6871 5.85257 0
      vertex -13.1448 5.42274 0
    endloop
  endfacet
  facet normal -0.368135 0.929773 0
    outer loop
      vertex -11.0451 6.75528 0
      vertex -11.6289 6.52413 9
      vertex -11.0451 6.75528 9
    endloop
  endfacet
  facet normal -0.368135 0.929773 0
    outer loop
      vertex -11.6289 6.52413 9
      vertex -11.0451 6.75528 0
      vertex -11.6289 6.52413 0
    endloop
  endfacet
  facet normal -0.998029 0.0627481 0
    outer loop
      vertex -14.5 2 0
      vertex -14.4606 2.62667 9
      vertex -14.4606 2.62667 0
    endloop
  endfacet
  facet normal -0.998029 0.0627481 0
    outer loop
      vertex -14.4606 2.62667 9
      vertex -14.5 2 0
      vertex -14.5 2 9
    endloop
  endfacet
  facet normal -0.998029 -0.0627481 0
    outer loop
      vertex -14.4606 -2.62667 0
      vertex -14.5 -2 9
      vertex -14.5 -2 0
    endloop
  endfacet
  facet normal -0.998029 -0.0627481 0
    outer loop
      vertex -14.5 -2 9
      vertex -14.4606 -2.62667 0
      vertex -14.4606 -2.62667 9
    endloop
  endfacet
  facet normal 0 0 -1
    outer loop
      vertex 8.81446 -0.722631 0
      vertex 14.5 -2 0
      vertex 14.4606 -2.62667 0
    endloop
  endfacet
  facet normal 0 0 -1
    outer loop
      vertex 14.5 -2 0
      vertex 9 0 0
      vertex 14.5 2 0
    endloop
  endfacet
  facet normal 0 0 -1
    outer loop
      vertex 8.81446 -0.722631 0
      vertex 14.4606 -2.62667 0
      vertex 14.3429 -3.24345 0
    endloop
  endfacet
  facet normal 0 0 -1
    outer loop
      vertex 8.98817 0.188 0
      vertex 14.5 2 0
      vertex 9 0 0
    endloop
  endfacet
  facet normal 0 0 -1
    outer loop
      vertex 8.71352 -0.881678 0
      vertex 14.3429 -3.24345 0
      vertex 14.1489 -3.84062 0
    endloop
  endfacet
  facet normal 0 0 -1
    outer loop
      vertex 8.95287 0.373034 0
      vertex 14.5 2 0
      vertex 8.98817 0.188 0
    endloop
  endfacet
  facet normal 0 0 -1
    outer loop
      vertex 8.71352 -0.881678 0
      vertex 14.1489 -3.84062 0
      vertex 13.8815 -4.40877 0
    endloop
  endfacet
  facet normal 0 0 -1
    outer loop
      vertex 8.89466 0.552186 0
      vertex 14.5 2 0
      vertex 8.95287 0.373034 0
    endloop
  endfacet
  facet normal 0 0 -1
    outer loop
      vertex 8.59345 -1.02682 0
      vertex 13.8815 -4.40877 0
      vertex 13.5451 -4.93893 0
    endloop
  endfacet
  facet normal 0 0 -1
    outer loop
      vertex 8.81446 0.722631 0
      vertex 14.5 2 0
      vertex 8.89466 0.552186 0
    endloop
  endfacet
  facet normal 0 0 -1
    outer loop
      vertex 8.59345 -1.02682 0
      vertex 13.5451 -4.93893 0
      vertex 13.1448 -5.42274 0
    endloop
  endfacet
  facet normal -0 0 -1
    outer loop
      vertex 14.5 2 0
      vertex 8.81446 0.722631 0
      vertex 14.4606 2.62667 0
    endloop
  endfacet
  facet normal 0 0 -1
    outer loop
      vertex 8.59345 -1.02682 0
      vertex 13.1448 -5.42274 0
      vertex 12.6871 -5.85257 0
    endloop
  endfacet
  facet normal -0 0 -1
    outer loop
      vertex 14.4606 2.62667 0
      vertex 8.81446 0.722631 0
      vertex 14.3429 3.24345 0
    endloop
  endfacet
  facet normal 0 0 -1
    outer loop
      vertex 8.45614 -1.15577 0
      vertex 12.6871 -5.85257 0
      vertex 12.1791 -6.22164 0
    endloop
  endfacet
  facet normal 0 0 -1
    outer loop
      vertex 8.71352 0.881678 0
      vertex 14.3429 3.24345 0
      vertex 8.81446 0.722631 0
    endloop
  endfacet
  facet normal 0 0 -1
    outer loop
      vertex 8.45614 -1.15577 0
      vertex 12.1791 -6.22164 0
      vertex 11.6289 -6.52413 0
    endloop
  endfacet
  facet normal -0 0 -1
    outer loop
      vertex 14.3429 3.24345 0
      vertex 8.71352 0.881678 0
      vertex 14.1489 3.84062 0
    endloop
  endfacet
  facet normal 0 0 -1
    outer loop
      vertex 8.45614 -1.15577 0
      vertex 11.6289 -6.52413 0
      vertex 11.0451 -6.75528 0
    endloop
  endfacet
  facet normal -0 0 -1
    outer loop
      vertex 14.1489 3.84062 0
      vertex 8.71352 0.881678 0
      vertex 13.8815 4.40877 0
    endloop
  endfacet
  facet normal 0 0 -1
    outer loop
      vertex 8.30374 -1.26649 0
      vertex 11.0451 -6.75528 0
      vertex 10.4369 -6.91144 0
    endloop
  endfacet
  facet normal 0 0 -1
    outer loop
      vertex 8.59345 1.02682 0
      vertex 13.8815 4.40877 0
      vertex 8.71352 0.881678 0
    endloop
  endfacet
  facet normal 0 0 -1
    outer loop
      vertex 8.30374 -1.26649 0
      vertex 10.4369 -6.91144 0
      vertex 9.81395 -6.99013 0
    endloop
  endfacet
  facet normal -0 0 -1
    outer loop
      vertex 13.8815 4.40877 0
      vertex 8.59345 1.02682 0
      vertex 13.5451 4.93893 0
    endloop
  endfacet
  facet normal -0 0 -1
    outer loop
      vertex 13.5451 4.93893 0
      vertex 8.59345 1.02682 0
      vertex 13.1448 5.42274 0
    endloop
  endfacet
  facet normal 0 0 -1
    outer loop
      vertex 14.5 -2 0
      vertex 8.98817 -0.188 0
      vertex 9 0 0
    endloop
  endfacet
  facet normal 0 0 -1
    outer loop
      vertex 14.5 -2 0
      vertex 8.95287 -0.373034 0
      vertex 8.98817 -0.188 0
    endloop
  endfacet
  facet normal 0 0 -1
    outer loop
      vertex 14.5 -2 0
      vertex 8.89466 -0.552186 0
      vertex 8.95287 -0.373034 0
    endloop
  endfacet
  facet normal 0 0 -1
    outer loop
      vertex 14.5 -2 0
      vertex 8.81446 -0.722631 0
      vertex 8.89466 -0.552186 0
    endloop
  endfacet
  facet normal 0 0 -1
    outer loop
      vertex 14.3429 -3.24345 0
      vertex 8.71352 -0.881678 0
      vertex 8.81446 -0.722631 0
    endloop
  endfacet
  facet normal 0 0 -1
    outer loop
      vertex 13.8815 -4.40877 0
      vertex 8.59345 -1.02682 0
      vertex 8.71352 -0.881678 0
    endloop
  endfacet
  facet normal 0 0 -1
    outer loop
      vertex 12.6871 -5.85257 0
      vertex 8.45614 -1.15577 0
      vertex 8.59345 -1.02682 0
    endloop
  endfacet
  facet normal 0 0 -1
    outer loop
      vertex 11.0451 -6.75528 0
      vertex 8.30374 -1.26649 0
      vertex 8.45614 -1.15577 0
    endloop
  endfacet
  facet normal 0 0 -1
    outer loop
      vertex 9.81395 -6.99013 0
      vertex 8.13867 -1.35724 0
      vertex 8.30374 -1.26649 0
    endloop
  endfacet
  facet normal 0 0 -1
    outer loop
      vertex 9.81395 -6.99013 0
      vertex 7.96352 -1.42658 0
      vertex 8.13867 -1.35724 0
    endloop
  endfacet
  facet normal 0 0 -1
    outer loop
      vertex 9.81395 -6.99013 0
      vertex 7.78107 -1.47343 0
      vertex 7.96352 -1.42658 0
    endloop
  endfacet
  facet normal 0 0 -1
    outer loop
      vertex 9.81395 -6.99013 0
      vertex 7.59418 -1.49704 0
      vertex 7.78107 -1.47343 0
    endloop
  endfacet
  facet normal 0 0 -1
    outer loop
      vertex 9.81395 -6.99013 0
      vertex 7.40581 -1.49704 0
      vertex 7.59418 -1.49704 0
    endloop
  endfacet
  facet normal 0 0 -1
    outer loop
      vertex 9.81395 -6.99013 0
      vertex 7.21893 -1.47343 0
      vertex 7.40581 -1.49704 0
    endloop
  endfacet
  facet normal 0 0 -1
    outer loop
      vertex 9.81395 -6.99013 0
      vertex 7.03647 -1.42658 0
      vertex 7.21893 -1.47343 0
    endloop
  endfacet
  facet normal 0 0 -1
    outer loop
      vertex 9.81395 -6.99013 0
      vertex 6.86133 -1.35724 0
      vertex 7.03647 -1.42658 0
    endloop
  endfacet
  facet normal 0 0 -1
    outer loop
      vertex 9.81395 -6.99013 0
      vertex 6.69626 -1.26649 0
      vertex 6.86133 -1.35724 0
    endloop
  endfacet
  facet normal 0 0 -1
    outer loop
      vertex 0.80374 -1.26649 0
      vertex 6.69626 -1.26649 0
      vertex 9.81395 -6.99013 0
    endloop
  endfacet
  facet normal 0 0 -1
    outer loop
      vertex 6.69626 -1.26649 0
      vertex 0.80374 -1.26649 0
      vertex 6.54386 -1.15577 0
    endloop
  endfacet
  facet normal 0 -0 -1
    outer loop
      vertex 0.956136 -1.15577 0
      vertex 6.54386 -1.15577 0
      vertex 0.80374 -1.26649 0
    endloop
  endfacet
  facet normal 0 0 -1
    outer loop
      vertex 6.54386 -1.15577 0
      vertex 0.956136 -1.15577 0
      vertex 6.40655 -1.02682 0
    endloop
  endfacet
  facet normal 0 0 -1
    outer loop
      vertex 6.01183 -0.188 0
      vertex 1.5 0 0
      vertex 6 0 0
    endloop
  endfacet
  facet normal 0 0 -1
    outer loop
      vertex 1.48817 -0.188 0
      vertex 6.01183 -0.188 0
      vertex 6.04712 -0.373034 0
    endloop
  endfacet
  facet normal 0 0 -1
    outer loop
      vertex 1.45287 -0.373034 0
      vertex 6.04712 -0.373034 0
      vertex 6.10534 -0.552186 0
    endloop
  endfacet
  facet normal 0 0 -1
    outer loop
      vertex 1.39466 -0.552186 0
      vertex 6.10534 -0.552186 0
      vertex 6.18554 -0.722631 0
    endloop
  endfacet
  facet normal 0 -0 -1
    outer loop
      vertex 1.09345 -1.02682 0
      vertex 6.40655 -1.02682 0
      vertex 0.956136 -1.15577 0
    endloop
  endfacet
  facet normal 0 0 -1
    outer loop
      vertex 6.01183 -0.188 0
      vertex 1.48817 -0.188 0
      vertex 1.5 0 0
    endloop
  endfacet
  facet normal 0 0 -1
    outer loop
      vertex 6.04712 -0.373034 0
      vertex 1.45287 -0.373034 0
      vertex 1.48817 -0.188 0
    endloop
  endfacet
  facet normal 0 0 -1
    outer loop
      vertex 6.10534 -0.552186 0
      vertex 1.39466 -0.552186 0
      vertex 1.45287 -0.373034 0
    endloop
  endfacet
  facet normal 0 0 -1
    outer loop
      vertex 6.18554 -0.722631 0
      vertex 1.31446 -0.722631 0
      vertex 1.39466 -0.552186 0
    endloop
  endfacet
  facet normal -0 0 -1
    outer loop
      vertex 6.18554 -0.722631 0
      vertex 1.21352 -0.881678 0
      vertex 1.31446 -0.722631 0
    endloop
  endfacet
  facet normal 0 0 -1
    outer loop
      vertex 6.28647 -0.881678 0
      vertex 1.21352 -0.881678 0
      vertex 6.18554 -0.722631 0
    endloop
  endfacet
  facet normal 0 -0 -1
    outer loop
      vertex 1.21352 -0.881678 0
      vertex 6.28647 -0.881678 0
      vertex 1.09345 -1.02682 0
    endloop
  endfacet
  facet normal 0 0 -1
    outer loop
      vertex 6.40655 -1.02682 0
      vertex 1.09345 -1.02682 0
      vertex 6.28647 -0.881678 0
    endloop
  endfacet
  facet normal 0 0 -1
    outer loop
      vertex 9.81395 -6.99013 0
      vertex 0.638668 -1.35724 0
      vertex 0.80374 -1.26649 0
    endloop
  endfacet
  facet normal 0 0 -1
    outer loop
      vertex 9.81395 -6.99013 0
      vertex 0.463525 -1.42658 0
      vertex 0.638668 -1.35724 0
    endloop
  endfacet
  facet normal 0 0 -1
    outer loop
      vertex 9.81395 -6.99013 0
      vertex 0.281072 -1.47343 0
      vertex 0.463525 -1.42658 0
    endloop
  endfacet
  facet normal 0 0 -1
    outer loop
      vertex 9.81395 -6.99013 0
      vertex 0.0941849 -1.49704 0
      vertex 0.281072 -1.47343 0
    endloop
  endfacet
  facet normal 0 0 -1
    outer loop
      vertex 9.81395 -6.99013 0
      vertex -0.0941849 -1.49704 0
      vertex 0.0941849 -1.49704 0
    endloop
  endfacet
  facet normal 0 0 -1
    outer loop
      vertex -9.81395 -6.99013 0
      vertex -0.0941849 -1.49704 0
      vertex 9.81395 -6.99013 0
    endloop
  endfacet
  facet normal -0 0 -1
    outer loop
      vertex -0.0941849 -1.49704 0
      vertex -9.81395 -6.99013 0
      vertex -0.281072 -1.47343 0
    endloop
  endfacet
  facet normal -0 0 -1
    outer loop
      vertex -0.281072 -1.47343 0
      vertex -9.81395 -6.99013 0
      vertex -0.463525 -1.42658 0
    endloop
  endfacet
  facet normal 0 0 -1
    outer loop
      vertex -1.48817 -0.188 0
      vertex -6 0 0
      vertex -1.5 0 0
    endloop
  endfacet
  facet normal 0 0 -1
    outer loop
      vertex -6.01183 -0.188 0
      vertex -1.48817 -0.188 0
      vertex -1.45287 -0.373034 0
    endloop
  endfacet
  facet normal 0 0 -1
    outer loop
      vertex -6.04712 -0.373034 0
      vertex -1.45287 -0.373034 0
      vertex -1.39466 -0.552186 0
    endloop
  endfacet
  facet normal 0 0 -1
    outer loop
      vertex -6.10534 -0.552186 0
      vertex -1.39466 -0.552186 0
      vertex -1.31446 -0.722631 0
    endloop
  endfacet
  facet normal 0 0 -1
    outer loop
      vertex -6.18554 -0.722631 0
      vertex -1.31446 -0.722631 0
      vertex -1.21352 -0.881678 0
    endloop
  endfacet
  facet normal 0 0 -1
    outer loop
      vertex -6.28647 -0.881678 0
      vertex -1.21352 -0.881678 0
      vertex -1.09345 -1.02682 0
    endloop
  endfacet
  facet normal 0 0 -1
    outer loop
      vertex -6.40655 -1.02682 0
      vertex -1.09345 -1.02682 0
      vertex -0.956136 -1.15577 0
    endloop
  endfacet
  facet normal 0 0 -1
    outer loop
      vertex -6.54386 -1.15577 0
      vertex -0.956136 -1.15577 0
      vertex -0.80374 -1.26649 0
    endloop
  endfacet
  facet normal 0 0 -1
    outer loop
      vertex -9.81395 -6.99013 0
      vertex -0.80374 -1.26649 0
      vertex -0.638668 -1.35724 0
    endloop
  endfacet
  facet normal -0 0 -1
    outer loop
      vertex -0.463525 -1.42658 0
      vertex -9.81395 -6.99013 0
      vertex -0.638668 -1.35724 0
    endloop
  endfacet
  facet normal 0 0 -1
    outer loop
      vertex -1.48817 -0.188 0
      vertex -6.01183 -0.188 0
      vertex -6 0 0
    endloop
  endfacet
  facet normal 0 0 -1
    outer loop
      vertex -1.45287 -0.373034 0
      vertex -6.04712 -0.373034 0
      vertex -6.01183 -0.188 0
    endloop
  endfacet
  facet normal 0 0 -1
    outer loop
      vertex -1.39466 -0.552186 0
      vertex -6.10534 -0.552186 0
      vertex -6.04712 -0.373034 0
    endloop
  endfacet
  facet normal 0 0 -1
    outer loop
      vertex -1.31446 -0.722631 0
      vertex -6.18554 -0.722631 0
      vertex -6.10534 -0.552186 0
    endloop
  endfacet
  facet normal 0 0 -1
    outer loop
      vertex -1.21352 -0.881678 0
      vertex -6.28647 -0.881678 0
      vertex -6.18554 -0.722631 0
    endloop
  endfacet
  facet normal 0 0 -1
    outer loop
      vertex -1.09345 -1.02682 0
      vertex -6.40655 -1.02682 0
      vertex -6.28647 -0.881678 0
    endloop
  endfacet
  facet normal 0 0 -1
    outer loop
      vertex -0.956136 -1.15577 0
      vertex -6.54386 -1.15577 0
      vertex -6.40655 -1.02682 0
    endloop
  endfacet
  facet normal -0 0 -1
    outer loop
      vertex -0.80374 -1.26649 0
      vertex -9.81395 -6.99013 0
      vertex -6.69626 -1.26649 0
    endloop
  endfacet
  facet normal 0 0 -1
    outer loop
      vertex -0.80374 -1.26649 0
      vertex -6.69626 -1.26649 0
      vertex -6.54386 -1.15577 0
    endloop
  endfacet
  facet normal 0 0 -1
    outer loop
      vertex -6.69626 -1.26649 0
      vertex -9.81395 -6.99013 0
      vertex -6.86133 -1.35724 0
    endloop
  endfacet
  facet normal 0 0 -1
    outer loop
      vertex -6.86133 -1.35724 0
      vertex -9.81395 -6.99013 0
      vertex -7.03647 -1.42658 0
    endloop
  endfacet
  facet normal 0 0 -1
    outer loop
      vertex -7.03647 -1.42658 0
      vertex -9.81395 -6.99013 0
      vertex -7.21893 -1.47343 0
    endloop
  endfacet
  facet normal 0 0 -1
    outer loop
      vertex -7.21893 -1.47343 0
      vertex -9.81395 -6.99013 0
      vertex -7.40581 -1.49704 0
    endloop
  endfacet
  facet normal -0 0 -1
    outer loop
      vertex -7.40581 -1.49704 0
      vertex -9.81395 -6.99013 0
      vertex -7.59418 -1.49704 0
    endloop
  endfacet
  facet normal -0 0 -1
    outer loop
      vertex -7.59418 -1.49704 0
      vertex -9.81395 -6.99013 0
      vertex -7.78107 -1.47343 0
    endloop
  endfacet
  facet normal 0 0 -1
    outer loop
      vertex -13.1448 -5.42274 0
      vertex -8.59345 -1.02682 0
      vertex -12.6871 -5.85257 0
    endloop
  endfacet
  facet normal -0 0 -1
    outer loop
      vertex -8.45614 -1.15577 0
      vertex -12.6871 -5.85257 0
      vertex -8.59345 -1.02682 0
    endloop
  endfacet
  facet normal 0 0 -1
    outer loop
      vertex -12.6871 -5.85257 0
      vertex -8.45614 -1.15577 0
      vertex -12.1791 -6.22164 0
    endloop
  endfacet
  facet normal 0 0 -1
    outer loop
      vertex -12.1791 -6.22164 0
      vertex -8.45614 -1.15577 0
      vertex -11.6289 -6.52413 0
    endloop
  endfacet
  facet normal 0 0 -1
    outer loop
      vertex -11.6289 -6.52413 0
      vertex -8.45614 -1.15577 0
      vertex -11.0451 -6.75528 0
    endloop
  endfacet
  facet normal -0 0 -1
    outer loop
      vertex -8.30374 -1.26649 0
      vertex -11.0451 -6.75528 0
      vertex -8.45614 -1.15577 0
    endloop
  endfacet
  facet normal 0 0 -1
    outer loop
      vertex -11.0451 -6.75528 0
      vertex -8.30374 -1.26649 0
      vertex -10.4369 -6.91144 0
    endloop
  endfacet
  facet normal 0 0 -1
    outer loop
      vertex -10.4369 -6.91144 0
      vertex -8.30374 -1.26649 0
      vertex -9.81395 -6.99013 0
    endloop
  endfacet
  facet normal -0 0 -1
    outer loop
      vertex -8.13867 -1.35724 0
      vertex -9.81395 -6.99013 0
      vertex -8.30374 -1.26649 0
    endloop
  endfacet
  facet normal -0 0 -1
    outer loop
      vertex -7.96352 -1.42658 0
      vertex -9.81395 -6.99013 0
      vertex -8.13867 -1.35724 0
    endloop
  endfacet
  facet normal -0 0 -1
    outer loop
      vertex -7.78107 -1.47343 0
      vertex -9.81395 -6.99013 0
      vertex -7.96352 -1.42658 0
    endloop
  endfacet
  facet normal -0 0 -1
    outer loop
      vertex 13.1448 5.42274 0
      vertex 8.59345 1.02682 0
      vertex 12.6871 5.85257 0
    endloop
  endfacet
  facet normal 0 0 -1
    outer loop
      vertex 8.45614 1.15577 0
      vertex 12.6871 5.85257 0
      vertex 8.59345 1.02682 0
    endloop
  endfacet
  facet normal -0 0 -1
    outer loop
      vertex 12.6871 5.85257 0
      vertex 8.45614 1.15577 0
      vertex 12.1791 6.22164 0
    endloop
  endfacet
  facet normal -0 0 -1
    outer loop
      vertex 12.1791 6.22164 0
      vertex 8.45614 1.15577 0
      vertex 11.6289 6.52413 0
    endloop
  endfacet
  facet normal -0 0 -1
    outer loop
      vertex 11.6289 6.52413 0
      vertex 8.45614 1.15577 0
      vertex 11.0451 6.75528 0
    endloop
  endfacet
  facet normal 0 0 -1
    outer loop
      vertex 8.30374 1.26649 0
      vertex 11.0451 6.75528 0
      vertex 8.45614 1.15577 0
    endloop
  endfacet
  facet normal -0 0 -1
    outer loop
      vertex 11.0451 6.75528 0
      vertex 8.30374 1.26649 0
      vertex 10.4369 6.91144 0
    endloop
  endfacet
  facet normal -0 0 -1
    outer loop
      vertex 10.4369 6.91144 0
      vertex 8.30374 1.26649 0
      vertex 9.81395 6.99013 0
    endloop
  endfacet
  facet normal 0 0 -1
    outer loop
      vertex 8.13867 1.35724 0
      vertex 9.81395 6.99013 0
      vertex 8.30374 1.26649 0
    endloop
  endfacet
  facet normal 0 0 -1
    outer loop
      vertex 7.96352 1.42658 0
      vertex 9.81395 6.99013 0
      vertex 8.13867 1.35724 0
    endloop
  endfacet
  facet normal 0 0 -1
    outer loop
      vertex 7.78107 1.47343 0
      vertex 9.81395 6.99013 0
      vertex 7.96352 1.42658 0
    endloop
  endfacet
  facet normal 0 0 -1
    outer loop
      vertex 7.59418 1.49704 0
      vertex 9.81395 6.99013 0
      vertex 7.78107 1.47343 0
    endloop
  endfacet
  facet normal 0 0 -1
    outer loop
      vertex 7.40581 1.49704 0
      vertex 9.81395 6.99013 0
      vertex 7.59418 1.49704 0
    endloop
  endfacet
  facet normal 0 0 -1
    outer loop
      vertex 7.21893 1.47343 0
      vertex 9.81395 6.99013 0
      vertex 7.40581 1.49704 0
    endloop
  endfacet
  facet normal 0 0 -1
    outer loop
      vertex 7.03647 1.42658 0
      vertex 9.81395 6.99013 0
      vertex 7.21893 1.47343 0
    endloop
  endfacet
  facet normal 0 0 -1
    outer loop
      vertex 6.86133 1.35724 0
      vertex 9.81395 6.99013 0
      vertex 7.03647 1.42658 0
    endloop
  endfacet
  facet normal 0 0 -1
    outer loop
      vertex 6.69626 1.26649 0
      vertex 9.81395 6.99013 0
      vertex 6.86133 1.35724 0
    endloop
  endfacet
  facet normal 0 0 -1
    outer loop
      vertex 0.80374 1.26649 0
      vertex 6.69626 1.26649 0
      vertex 6.54386 1.15577 0
    endloop
  endfacet
  facet normal 0 0 -1
    outer loop
      vertex 0.956136 1.15577 0
      vertex 6.54386 1.15577 0
      vertex 6.40655 1.02682 0
    endloop
  endfacet
  facet normal 0 0 -1
    outer loop
      vertex 1.09345 1.02682 0
      vertex 6.40655 1.02682 0
      vertex 6.28647 0.881678 0
    endloop
  endfacet
  facet normal 0 0 -1
    outer loop
      vertex 1.21352 0.881678 0
      vertex 6.28647 0.881678 0
      vertex 6.18554 0.722631 0
    endloop
  endfacet
  facet normal 0 0 -1
    outer loop
      vertex 1.5 0 0
      vertex 6.01183 0.188 0
      vertex 6 0 0
    endloop
  endfacet
  facet normal 0 0 -1
    outer loop
      vertex 1.48817 0.188 0
      vertex 6.01183 0.188 0
      vertex 1.5 0 0
    endloop
  endfacet
  facet normal 0 0 -1
    outer loop
      vertex 6.01183 0.188 0
      vertex 1.48817 0.188 0
      vertex 6.04712 0.373034 0
    endloop
  endfacet
  facet normal 0 0 -1
    outer loop
      vertex 1.45287 0.373034 0
      vertex 6.04712 0.373034 0
      vertex 1.48817 0.188 0
    endloop
  endfacet
  facet normal 0 0 -1
    outer loop
      vertex 6.04712 0.373034 0
      vertex 1.45287 0.373034 0
      vertex 6.10534 0.552186 0
    endloop
  endfacet
  facet normal 0 0 -1
    outer loop
      vertex 1.39466 0.552186 0
      vertex 6.10534 0.552186 0
      vertex 1.45287 0.373034 0
    endloop
  endfacet
  facet normal 0 0 -1
    outer loop
      vertex 6.10534 0.552186 0
      vertex 1.39466 0.552186 0
      vertex 6.18554 0.722631 0
    endloop
  endfacet
  facet normal 0 0 -1
    outer loop
      vertex 1.31446 0.722631 0
      vertex 6.18554 0.722631 0
      vertex 1.39466 0.552186 0
    endloop
  endfacet
  facet normal 0 0 -1
    outer loop
      vertex 1.21352 0.881678 0
      vertex 6.18554 0.722631 0
      vertex 1.31446 0.722631 0
    endloop
  endfacet
  facet normal 0 0 -1
    outer loop
      vertex 6.28647 0.881678 0
      vertex 1.21352 0.881678 0
      vertex 1.09345 1.02682 0
    endloop
  endfacet
  facet normal 0 0 -1
    outer loop
      vertex 6.40655 1.02682 0
      vertex 1.09345 1.02682 0
      vertex 0.956136 1.15577 0
    endloop
  endfacet
  facet normal 0 0 -1
    outer loop
      vertex 6.54386 1.15577 0
      vertex 0.956136 1.15577 0
      vertex 0.80374 1.26649 0
    endloop
  endfacet
  facet normal 0 0 -1
    outer loop
      vertex 6.69626 1.26649 0
      vertex 0.80374 1.26649 0
      vertex 9.81395 6.99013 0
    endloop
  endfacet
  facet normal 0 0 -1
    outer loop
      vertex 0.638668 1.35724 0
      vertex 9.81395 6.99013 0
      vertex 0.80374 1.26649 0
    endloop
  endfacet
  facet normal 0 0 -1
    outer loop
      vertex 0.463525 1.42658 0
      vertex 9.81395 6.99013 0
      vertex 0.638668 1.35724 0
    endloop
  endfacet
  facet normal 0 0 -1
    outer loop
      vertex 0.281072 1.47343 0
      vertex 9.81395 6.99013 0
      vertex 0.463525 1.42658 0
    endloop
  endfacet
  facet normal 0 0 -1
    outer loop
      vertex 0.0941849 1.49704 0
      vertex 9.81395 6.99013 0
      vertex 0.281072 1.47343 0
    endloop
  endfacet
  facet normal 0 0 -1
    outer loop
      vertex -0.0941849 1.49704 0
      vertex 9.81395 6.99013 0
      vertex 0.0941849 1.49704 0
    endloop
  endfacet
  facet normal 0 0 -1
    outer loop
      vertex -9.81395 6.99013 0
      vertex -0.0941849 1.49704 0
      vertex -0.281072 1.47343 0
    endloop
  endfacet
  facet normal 0 0 -1
    outer loop
      vertex -9.81395 6.99013 0
      vertex -0.281072 1.47343 0
      vertex -0.463525 1.42658 0
    endloop
  endfacet
  facet normal 0 0 -1
    outer loop
      vertex -9.81395 6.99013 0
      vertex -0.463525 1.42658 0
      vertex -0.638668 1.35724 0
    endloop
  endfacet
  facet normal 0 0 -1
    outer loop
      vertex -6 0 0
      vertex -1.48817 0.188 0
      vertex -1.5 0 0
    endloop
  endfacet
  facet normal 0 0 -1
    outer loop
      vertex -6.01183 0.188 0
      vertex -1.48817 0.188 0
      vertex -6 0 0
    endloop
  endfacet
  facet normal 0 0 -1
    outer loop
      vertex -1.48817 0.188 0
      vertex -6.01183 0.188 0
      vertex -1.45287 0.373034 0
    endloop
  endfacet
  facet normal 0 0 -1
    outer loop
      vertex -6.04712 0.373034 0
      vertex -1.45287 0.373034 0
      vertex -6.01183 0.188 0
    endloop
  endfacet
  facet normal 0 0 -1
    outer loop
      vertex -1.45287 0.373034 0
      vertex -6.04712 0.373034 0
      vertex -1.39466 0.552186 0
    endloop
  endfacet
  facet normal 0 0 -1
    outer loop
      vertex -6.10534 0.552186 0
      vertex -1.39466 0.552186 0
      vertex -6.04712 0.373034 0
    endloop
  endfacet
  facet normal 0 0 -1
    outer loop
      vertex -1.39466 0.552186 0
      vertex -6.10534 0.552186 0
      vertex -1.31446 0.722631 0
    endloop
  endfacet
  facet normal 0 0 -1
    outer loop
      vertex -6.18554 0.722631 0
      vertex -1.31446 0.722631 0
      vertex -6.10534 0.552186 0
    endloop
  endfacet
  facet normal 0 0 -1
    outer loop
      vertex -1.31446 0.722631 0
      vertex -6.18554 0.722631 0
      vertex -1.21352 0.881678 0
    endloop
  endfacet
  facet normal 0 0 -1
    outer loop
      vertex -6.28647 0.881678 0
      vertex -1.21352 0.881678 0
      vertex -6.18554 0.722631 0
    endloop
  endfacet
  facet normal 0 0 -1
    outer loop
      vertex -1.21352 0.881678 0
      vertex -6.28647 0.881678 0
      vertex -1.09345 1.02682 0
    endloop
  endfacet
  facet normal 0 0 -1
    outer loop
      vertex -6.40655 1.02682 0
      vertex -1.09345 1.02682 0
      vertex -6.28647 0.881678 0
    endloop
  endfacet
  facet normal 0 0 -1
    outer loop
      vertex -1.09345 1.02682 0
      vertex -6.40655 1.02682 0
      vertex -0.956136 1.15577 0
    endloop
  endfacet
  facet normal 0 0 -1
    outer loop
      vertex -6.54386 1.15577 0
      vertex -0.956136 1.15577 0
      vertex -6.40655 1.02682 0
    endloop
  endfacet
  facet normal 0 0 -1
    outer loop
      vertex -0.956136 1.15577 0
      vertex -6.54386 1.15577 0
      vertex -0.80374 1.26649 0
    endloop
  endfacet
  facet normal 0 0 -1
    outer loop
      vertex -6.69626 1.26649 0
      vertex -0.80374 1.26649 0
      vertex -6.54386 1.15577 0
    endloop
  endfacet
  facet normal 0 0 -1
    outer loop
      vertex -9.81395 6.99013 0
      vertex -0.80374 1.26649 0
      vertex -6.69626 1.26649 0
    endloop
  endfacet
  facet normal 0 0 -1
    outer loop
      vertex -0.80374 1.26649 0
      vertex -9.81395 6.99013 0
      vertex -0.638668 1.35724 0
    endloop
  endfacet
  facet normal 0 0 -1
    outer loop
      vertex -9.81395 6.99013 0
      vertex -6.69626 1.26649 0
      vertex -6.86133 1.35724 0
    endloop
  endfacet
  facet normal 0 0 -1
    outer loop
      vertex -9.81395 6.99013 0
      vertex -6.86133 1.35724 0
      vertex -7.03647 1.42658 0
    endloop
  endfacet
  facet normal 0 0 -1
    outer loop
      vertex -9.81395 6.99013 0
      vertex -7.03647 1.42658 0
      vertex -7.21893 1.47343 0
    endloop
  endfacet
  facet normal 0 0 -1
    outer loop
      vertex -9.81395 6.99013 0
      vertex -7.21893 1.47343 0
      vertex -7.40581 1.49704 0
    endloop
  endfacet
  facet normal 0 0 -1
    outer loop
      vertex -9.81395 6.99013 0
      vertex -7.40581 1.49704 0
      vertex -7.59418 1.49704 0
    endloop
  endfacet
  facet normal 0 0 -1
    outer loop
      vertex -9.81395 6.99013 0
      vertex -7.59418 1.49704 0
      vertex -7.78107 1.47343 0
    endloop
  endfacet
  facet normal 0 0 -1
    outer loop
      vertex -9.81395 6.99013 0
      vertex -7.78107 1.47343 0
      vertex -7.96352 1.42658 0
    endloop
  endfacet
  facet normal 0 0 -1
    outer loop
      vertex -13.5451 -4.93893 0
      vertex -8.59345 -1.02682 0
      vertex -13.1448 -5.42274 0
    endloop
  endfacet
  facet normal 0 0 -1
    outer loop
      vertex -0.0941849 1.49704 0
      vertex -9.81395 6.99013 0
      vertex 9.81395 6.99013 0
    endloop
  endfacet
  facet normal 0 0 -1
    outer loop
      vertex -8.13867 1.35724 0
      vertex -9.81395 6.99013 0
      vertex -7.96352 1.42658 0
    endloop
  endfacet
  facet normal 0 0 -1
    outer loop
      vertex -8.30374 1.26649 0
      vertex -9.81395 6.99013 0
      vertex -8.13867 1.35724 0
    endloop
  endfacet
  facet normal 0 0 -1
    outer loop
      vertex -11.0451 6.75528 0
      vertex -8.30374 1.26649 0
      vertex -8.45614 1.15577 0
    endloop
  endfacet
  facet normal 0 0 -1
    outer loop
      vertex -12.6871 5.85257 0
      vertex -8.45614 1.15577 0
      vertex -8.59345 1.02682 0
    endloop
  endfacet
  facet normal 0 0 -1
    outer loop
      vertex -13.8815 4.40877 0
      vertex -8.59345 1.02682 0
      vertex -8.71352 0.881678 0
    endloop
  endfacet
  facet normal 0 0 -1
    outer loop
      vertex -14.3429 3.24345 0
      vertex -8.71352 0.881678 0
      vertex -8.81446 0.722631 0
    endloop
  endfacet
  facet normal 0 0 -1
    outer loop
      vertex -14.5 2 0
      vertex -8.81446 0.722631 0
      vertex -8.89466 0.552186 0
    endloop
  endfacet
  facet normal 0 0 -1
    outer loop
      vertex -14.5 2 0
      vertex -8.89466 0.552186 0
      vertex -8.95287 0.373034 0
    endloop
  endfacet
  facet normal 0 0 -1
    outer loop
      vertex -14.5 2 0
      vertex -8.95287 0.373034 0
      vertex -8.98817 0.188 0
    endloop
  endfacet
  facet normal 0 0 -1
    outer loop
      vertex -13.8815 -4.40877 0
      vertex -8.59345 -1.02682 0
      vertex -13.5451 -4.93893 0
    endloop
  endfacet
  facet normal -0 0 -1
    outer loop
      vertex -8.59345 -1.02682 0
      vertex -13.8815 -4.40877 0
      vertex -8.71352 -0.881678 0
    endloop
  endfacet
  facet normal 0 0 -1
    outer loop
      vertex -9 0 0
      vertex -14.5 2 0
      vertex -8.98817 0.188 0
    endloop
  endfacet
  facet normal 0 0 -1
    outer loop
      vertex -14.1489 -3.84062 0
      vertex -8.71352 -0.881678 0
      vertex -13.8815 -4.40877 0
    endloop
  endfacet
  facet normal 0 0 -1
    outer loop
      vertex -8.81446 0.722631 0
      vertex -14.5 2 0
      vertex -14.4606 2.62667 0
    endloop
  endfacet
  facet normal 0 0 -1
    outer loop
      vertex -14.3429 -3.24345 0
      vertex -8.71352 -0.881678 0
      vertex -14.1489 -3.84062 0
    endloop
  endfacet
  facet normal 0 0 -1
    outer loop
      vertex -8.30374 1.26649 0
      vertex -10.4369 6.91144 0
      vertex -9.81395 6.99013 0
    endloop
  endfacet
  facet normal -0 0 -1
    outer loop
      vertex -8.71352 -0.881678 0
      vertex -14.3429 -3.24345 0
      vertex -8.81446 -0.722631 0
    endloop
  endfacet
  facet normal 0 0 -1
    outer loop
      vertex -8.30374 1.26649 0
      vertex -11.0451 6.75528 0
      vertex -10.4369 6.91144 0
    endloop
  endfacet
  facet normal 0 0 -1
    outer loop
      vertex -14.4606 -2.62667 0
      vertex -8.81446 -0.722631 0
      vertex -14.3429 -3.24345 0
    endloop
  endfacet
  facet normal 0 0 -1
    outer loop
      vertex -8.45614 1.15577 0
      vertex -11.6289 6.52413 0
      vertex -11.0451 6.75528 0
    endloop
  endfacet
  facet normal 0 0 -1
    outer loop
      vertex -14.5 -2 0
      vertex -8.81446 -0.722631 0
      vertex -14.4606 -2.62667 0
    endloop
  endfacet
  facet normal 0 0 -1
    outer loop
      vertex -8.45614 1.15577 0
      vertex -12.1791 6.22164 0
      vertex -11.6289 6.52413 0
    endloop
  endfacet
  facet normal -0 0 -1
    outer loop
      vertex -8.81446 -0.722631 0
      vertex -14.5 -2 0
      vertex -8.89466 -0.552186 0
    endloop
  endfacet
  facet normal 0 0 -1
    outer loop
      vertex -8.45614 1.15577 0
      vertex -12.6871 5.85257 0
      vertex -12.1791 6.22164 0
    endloop
  endfacet
  facet normal -0 0 -1
    outer loop
      vertex -8.89466 -0.552186 0
      vertex -14.5 -2 0
      vertex -8.95287 -0.373034 0
    endloop
  endfacet
  facet normal 0 0 -1
    outer loop
      vertex -8.59345 1.02682 0
      vertex -13.1448 5.42274 0
      vertex -12.6871 5.85257 0
    endloop
  endfacet
  facet normal -0 0 -1
    outer loop
      vertex -8.95287 -0.373034 0
      vertex -14.5 -2 0
      vertex -8.98817 -0.188 0
    endloop
  endfacet
  facet normal 0 0 -1
    outer loop
      vertex -8.59345 1.02682 0
      vertex -13.5451 4.93893 0
      vertex -13.1448 5.42274 0
    endloop
  endfacet
  facet normal -0 0 -1
    outer loop
      vertex -8.98817 -0.188 0
      vertex -14.5 -2 0
      vertex -9 0 0
    endloop
  endfacet
  facet normal 0 0 -1
    outer loop
      vertex -8.59345 1.02682 0
      vertex -13.8815 4.40877 0
      vertex -13.5451 4.93893 0
    endloop
  endfacet
  facet normal 0 0 -1
    outer loop
      vertex -14.5 2 0
      vertex -9 0 0
      vertex -14.5 -2 0
    endloop
  endfacet
  facet normal 0 0 -1
    outer loop
      vertex -8.71352 0.881678 0
      vertex -14.1489 3.84062 0
      vertex -13.8815 4.40877 0
    endloop
  endfacet
  facet normal 0 0 -1
    outer loop
      vertex -8.71352 0.881678 0
      vertex -14.3429 3.24345 0
      vertex -14.1489 3.84062 0
    endloop
  endfacet
  facet normal 0 0 -1
    outer loop
      vertex -8.81446 0.722631 0
      vertex -14.4606 2.62667 0
      vertex -14.3429 3.24345 0
    endloop
  endfacet
  facet normal -0.770468 -0.637478 0
    outer loop
      vertex -13.1448 -5.42274 0
      vertex -13.5451 -4.93893 9
      vertex -13.5451 -4.93893 0
    endloop
  endfacet
  facet normal -0.770468 -0.637478 0
    outer loop
      vertex -13.5451 -4.93893 9
      vertex -13.1448 -5.42274 0
      vertex -13.1448 -5.42274 9
    endloop
  endfacet
  facet normal -0.904797 -0.425843 0
    outer loop
      vertex -13.8815 -4.40877 0
      vertex -14.1489 -3.84062 9
      vertex -14.1489 -3.84062 0
    endloop
  endfacet
  facet normal -0.904797 -0.425843 0
    outer loop
      vertex -14.1489 -3.84062 9
      vertex -13.8815 -4.40877 0
      vertex -13.8815 -4.40877 9
    endloop
  endfacet
  facet normal -0.368135 -0.929773 0
    outer loop
      vertex -11.6289 -6.52413 0
      vertex -11.0451 -6.75528 9
      vertex -11.6289 -6.52413 9
    endloop
  endfacet
  facet normal -0.368135 -0.929773 -0
    outer loop
      vertex -11.0451 -6.75528 9
      vertex -11.6289 -6.52413 0
      vertex -11.0451 -6.75528 0
    endloop
  endfacet
  facet normal -0.248691 -0.968583 0
    outer loop
      vertex -11.0451 -6.75528 0
      vertex -10.4369 -6.91144 9
      vertex -11.0451 -6.75528 9
    endloop
  endfacet
  facet normal -0.248691 -0.968583 -0
    outer loop
      vertex -10.4369 -6.91144 9
      vertex -11.0451 -6.75528 0
      vertex -10.4369 -6.91144 0
    endloop
  endfacet
  facet normal 0.125322 -0.992116 0
    outer loop
      vertex 9.81395 -6.99013 0
      vertex 10.4369 -6.91144 9
      vertex 9.81395 -6.99013 9
    endloop
  endfacet
  facet normal 0.125322 -0.992116 0
    outer loop
      vertex 10.4369 -6.91144 9
      vertex 9.81395 -6.99013 0
      vertex 10.4369 -6.91144 0
    endloop
  endfacet
  facet normal 0.684565 -0.728952 0
    outer loop
      vertex 12.6871 -5.85257 0
      vertex 13.1448 -5.42274 9
      vertex 12.6871 -5.85257 9
    endloop
  endfacet
  facet normal 0.684565 -0.728952 0
    outer loop
      vertex 13.1448 -5.42274 9
      vertex 12.6871 -5.85257 0
      vertex 13.1448 -5.42274 0
    endloop
  endfacet
  facet normal 0.481772 -0.876297 0
    outer loop
      vertex 11.6289 -6.52413 0
      vertex 12.1791 -6.22164 9
      vertex 11.6289 -6.52413 9
    endloop
  endfacet
  facet normal 0.481772 -0.876297 0
    outer loop
      vertex 12.1791 -6.22164 9
      vertex 11.6289 -6.52413 0
      vertex 12.1791 -6.22164 0
    endloop
  endfacet
  facet normal 0.982275 -0.187447 0
    outer loop
      vertex 14.3429 -3.24345 9
      vertex 14.4606 -2.62667 0
      vertex 14.4606 -2.62667 9
    endloop
  endfacet
  facet normal 0.982275 -0.187447 0
    outer loop
      vertex 14.4606 -2.62667 0
      vertex 14.3429 -3.24345 9
      vertex 14.3429 -3.24345 0
    endloop
  endfacet
  facet normal 0.368135 0.929773 -0
    outer loop
      vertex 11.6289 6.52413 0
      vertex 11.0451 6.75528 9
      vertex 11.6289 6.52413 9
    endloop
  endfacet
  facet normal 0.368135 0.929773 0
    outer loop
      vertex 11.0451 6.75528 9
      vertex 11.6289 6.52413 0
      vertex 11.0451 6.75528 0
    endloop
  endfacet
  facet normal -0.770468 0.637478 0
    outer loop
      vertex -13.5451 4.93893 0
      vertex -13.1448 5.42274 9
      vertex -13.1448 5.42274 0
    endloop
  endfacet
  facet normal -0.770468 0.637478 0
    outer loop
      vertex -13.1448 5.42274 9
      vertex -13.5451 4.93893 0
      vertex -13.5451 4.93893 9
    endloop
  endfacet
  facet normal -0.248691 0.968583 0
    outer loop
      vertex -10.4369 6.91144 0
      vertex -11.0451 6.75528 9
      vertex -10.4369 6.91144 9
    endloop
  endfacet
  facet normal -0.248691 0.968583 0
    outer loop
      vertex -11.0451 6.75528 9
      vertex -10.4369 6.91144 0
      vertex -11.0451 6.75528 0
    endloop
  endfacet
  facet normal -0.982275 0.187447 0
    outer loop
      vertex -14.4606 2.62667 0
      vertex -14.3429 3.24345 9
      vertex -14.3429 3.24345 0
    endloop
  endfacet
  facet normal -0.982275 0.187447 0
    outer loop
      vertex -14.3429 3.24345 9
      vertex -14.4606 2.62667 0
      vertex -14.4606 2.62667 9
    endloop
  endfacet
  facet normal -0.982275 -0.187447 0
    outer loop
      vertex -14.3429 -3.24345 0
      vertex -14.4606 -2.62667 9
      vertex -14.4606 -2.62667 0
    endloop
  endfacet
  facet normal -0.982275 -0.187447 0
    outer loop
      vertex -14.4606 -2.62667 9
      vertex -14.3429 -3.24345 0
      vertex -14.3429 -3.24345 9
    endloop
  endfacet
  facet normal -0.844364 -0.53577 0
    outer loop
      vertex -13.5451 -4.93893 0
      vertex -13.8815 -4.40877 9
      vertex -13.8815 -4.40877 0
    endloop
  endfacet
  facet normal -0.844364 -0.53577 0
    outer loop
      vertex -13.8815 -4.40877 9
      vertex -13.5451 -4.93893 0
      vertex -13.5451 -4.93893 9
    endloop
  endfacet
  facet normal -0.481772 -0.876297 0
    outer loop
      vertex -12.1791 -6.22164 0
      vertex -11.6289 -6.52413 9
      vertex -12.1791 -6.22164 9
    endloop
  endfacet
  facet normal -0.481772 -0.876297 -0
    outer loop
      vertex -11.6289 -6.52413 9
      vertex -12.1791 -6.22164 0
      vertex -11.6289 -6.52413 0
    endloop
  endfacet
  facet normal -0.587771 -0.809027 0
    outer loop
      vertex -12.6871 -5.85257 0
      vertex -12.1791 -6.22164 9
      vertex -12.6871 -5.85257 9
    endloop
  endfacet
  facet normal -0.587771 -0.809027 -0
    outer loop
      vertex -12.1791 -6.22164 9
      vertex -12.6871 -5.85257 0
      vertex -12.1791 -6.22164 0
    endloop
  endfacet
  facet normal -0.684565 -0.728952 0
    outer loop
      vertex -13.1448 -5.42274 0
      vertex -12.6871 -5.85257 9
      vertex -13.1448 -5.42274 9
    endloop
  endfacet
  facet normal -0.684565 -0.728952 -0
    outer loop
      vertex -12.6871 -5.85257 9
      vertex -13.1448 -5.42274 0
      vertex -12.6871 -5.85257 0
    endloop
  endfacet
  facet normal -0.125322 -0.992116 0
    outer loop
      vertex -10.4369 -6.91144 0
      vertex -9.81395 -6.99013 9
      vertex -10.4369 -6.91144 9
    endloop
  endfacet
  facet normal -0.125322 -0.992116 -0
    outer loop
      vertex -9.81395 -6.99013 9
      vertex -10.4369 -6.91144 0
      vertex -9.81395 -6.99013 0
    endloop
  endfacet
  facet normal 0.770468 -0.637478 0
    outer loop
      vertex 13.1448 -5.42274 9
      vertex 13.5451 -4.93893 0
      vertex 13.5451 -4.93893 9
    endloop
  endfacet
  facet normal 0.770468 -0.637478 0
    outer loop
      vertex 13.5451 -4.93893 0
      vertex 13.1448 -5.42274 9
      vertex 13.1448 -5.42274 0
    endloop
  endfacet
  facet normal 0.368135 -0.929773 0
    outer loop
      vertex 11.0451 -6.75528 0
      vertex 11.6289 -6.52413 9
      vertex 11.0451 -6.75528 9
    endloop
  endfacet
  facet normal 0.368135 -0.929773 0
    outer loop
      vertex 11.6289 -6.52413 9
      vertex 11.0451 -6.75528 0
      vertex 11.6289 -6.52413 0
    endloop
  endfacet
  facet normal 0.982275 0.187447 0
    outer loop
      vertex 14.4606 2.62667 9
      vertex 14.3429 3.24345 0
      vertex 14.3429 3.24345 9
    endloop
  endfacet
  facet normal 0.982275 0.187447 0
    outer loop
      vertex 14.3429 3.24345 0
      vertex 14.4606 2.62667 9
      vertex 14.4606 2.62667 0
    endloop
  endfacet
  facet normal 0.998029 -0.0627481 0
    outer loop
      vertex 14.4606 -2.62667 9
      vertex 14.5 -2 0
      vertex 14.5 -2 9
    endloop
  endfacet
  facet normal 0.998029 -0.0627481 0
    outer loop
      vertex 14.5 -2 0
      vertex 14.4606 -2.62667 9
      vertex 14.4606 -2.62667 0
    endloop
  endfacet
  facet normal 0.951072 0.30897 0
    outer loop
      vertex 14.3429 3.24345 9
      vertex 14.1489 3.84062 0
      vertex 14.1489 3.84062 9
    endloop
  endfacet
  facet normal 0.951072 0.30897 0
    outer loop
      vertex 14.1489 3.84062 0
      vertex 14.3429 3.24345 9
      vertex 14.3429 3.24345 0
    endloop
  endfacet
  facet normal 0.770468 0.637478 0
    outer loop
      vertex 13.5451 4.93893 9
      vertex 13.1448 5.42274 0
      vertex 13.1448 5.42274 9
    endloop
  endfacet
  facet normal 0.770468 0.637478 0
    outer loop
      vertex 13.1448 5.42274 0
      vertex 13.5451 4.93893 9
      vertex 13.5451 4.93893 0
    endloop
  endfacet
  facet normal 0.248691 0.968583 -0
    outer loop
      vertex 11.0451 6.75528 0
      vertex 10.4369 6.91144 9
      vertex 11.0451 6.75528 9
    endloop
  endfacet
  facet normal 0.248691 0.968583 0
    outer loop
      vertex 10.4369 6.91144 9
      vertex 11.0451 6.75528 0
      vertex 10.4369 6.91144 0
    endloop
  endfacet
  facet normal -0.844364 0.53577 0
    outer loop
      vertex -13.8815 4.40877 0
      vertex -13.5451 4.93893 9
      vertex -13.5451 4.93893 0
    endloop
  endfacet
  facet normal -0.844364 0.53577 0
    outer loop
      vertex -13.5451 4.93893 9
      vertex -13.8815 4.40877 0
      vertex -13.8815 4.40877 9
    endloop
  endfacet
  facet normal -0.587771 0.809027 0
    outer loop
      vertex -12.1791 6.22164 0
      vertex -12.6871 5.85257 9
      vertex -12.1791 6.22164 9
    endloop
  endfacet
  facet normal -0.587771 0.809027 0
    outer loop
      vertex -12.6871 5.85257 9
      vertex -12.1791 6.22164 0
      vertex -12.6871 5.85257 0
    endloop
  endfacet
  facet normal -0.481772 0.876297 0
    outer loop
      vertex -11.6289 6.52413 0
      vertex -12.1791 6.22164 9
      vertex -11.6289 6.52413 9
    endloop
  endfacet
  facet normal -0.481772 0.876297 0
    outer loop
      vertex -12.1791 6.22164 9
      vertex -11.6289 6.52413 0
      vertex -12.1791 6.22164 0
    endloop
  endfacet
  facet normal 0.684565 0.728952 -0
    outer loop
      vertex 13.1448 5.42274 0
      vertex 12.6871 5.85257 9
      vertex 13.1448 5.42274 9
    endloop
  endfacet
  facet normal 0.684565 0.728952 0
    outer loop
      vertex 12.6871 5.85257 9
      vertex 13.1448 5.42274 0
      vertex 12.6871 5.85257 0
    endloop
  endfacet
  facet normal 0.998029 0.0627481 0
    outer loop
      vertex 14.5 2 9
      vertex 14.4606 2.62667 0
      vertex 14.4606 2.62667 9
    endloop
  endfacet
  facet normal 0.998029 0.0627481 0
    outer loop
      vertex 14.4606 2.62667 0
      vertex 14.5 2 9
      vertex 14.5 2 0
    endloop
  endfacet
  facet normal 0.481772 0.876297 -0
    outer loop
      vertex 12.1791 6.22164 0
      vertex 11.6289 6.52413 9
      vertex 12.1791 6.22164 9
    endloop
  endfacet
  facet normal 0.481772 0.876297 0
    outer loop
      vertex 11.6289 6.52413 9
      vertex 12.1791 6.22164 0
      vertex 11.6289 6.52413 0
    endloop
  endfacet
  facet normal 0.587771 0.809027 -0
    outer loop
      vertex 12.6871 5.85257 0
      vertex 12.1791 6.22164 9
      vertex 12.6871 5.85257 9
    endloop
  endfacet
  facet normal 0.587771 0.809027 0
    outer loop
      vertex 12.1791 6.22164 9
      vertex 12.6871 5.85257 0
      vertex 12.1791 6.22164 0
    endloop
  endfacet
  facet normal 0.904797 0.425843 0
    outer loop
      vertex 14.1489 3.84062 9
      vertex 13.8815 4.40877 0
      vertex 13.8815 4.40877 9
    endloop
  endfacet
  facet normal 0.904797 0.425843 0
    outer loop
      vertex 13.8815 4.40877 0
      vertex 14.1489 3.84062 9
      vertex 14.1489 3.84062 0
    endloop
  endfacet
  facet normal 0.844364 0.53577 0
    outer loop
      vertex 13.8815 4.40877 9
      vertex 13.5451 4.93893 0
      vertex 13.5451 4.93893 9
    endloop
  endfacet
  facet normal 0.844364 0.53577 0
    outer loop
      vertex 13.5451 4.93893 0
      vertex 13.8815 4.40877 9
      vertex 13.8815 4.40877 0
    endloop
  endfacet
endsolid OpenSCAD_Model
