  0
SECTION
  2
BLOCKS
  0
ENDSEC
  0
SECTION
  2
ENTITIES
  0
LINE
  8
0
 10
130.437
 20
404.089
 11
131.045
 21
404.245
  0
LINE
  8
0
 10
131.045
 20
404.245
 11
131.629
 21
404.476
  0
LINE
  8
0
 10
131.629
 20
404.476
 11
132.179
 21
404.778
  0
LINE
  8
0
 10
132.179
 20
404.778
 11
132.687
 21
405.147
  0
LINE
  8
0
 10
132.687
 20
405.147
 11
133.145
 21
405.577
  0
LINE
  8
0
 10
133.145
 20
405.577
 11
133.545
 21
406.061
  0
LINE
  8
0
 10
133.545
 20
406.061
 11
133.882
 21
406.591
  0
LINE
  8
0
 10
133.882
 20
406.591
 11
134.149
 21
407.159
  0
LINE
  8
0
 10
134.149
 20
407.159
 11
134.343
 21
407.757
  0
LINE
  8
0
 10
134.343
 20
407.757
 11
134.461
 21
408.373
  0
LINE
  8
0
 10
134.461
 20
408.373
 11
134.5
 21
409
  0
LINE
  8
0
 10
134.5
 20
409
 11
134.5
 21
503
  0
LINE
  8
0
 10
134.5
 20
503
 11
134.461
 21
503.627
  0
LINE
  8
0
 10
134.461
 20
503.627
 11
134.343
 21
504.243
  0
LINE
  8
0
 10
134.343
 20
504.243
 11
134.149
 21
504.841
  0
LINE
  8
0
 10
134.149
 20
504.841
 11
133.882
 21
505.409
  0
LINE
  8
0
 10
133.882
 20
505.409
 11
133.545
 21
505.939
  0
LINE
  8
0
 10
133.545
 20
505.939
 11
133.145
 21
506.423
  0
LINE
  8
0
 10
133.145
 20
506.423
 11
132.687
 21
506.853
  0
LINE
  8
0
 10
132.687
 20
506.853
 11
132.179
 21
507.222
  0
LINE
  8
0
 10
132.179
 20
507.222
 11
131.629
 21
507.524
  0
LINE
  8
0
 10
131.629
 20
507.524
 11
131.045
 21
507.755
  0
LINE
  8
0
 10
131.045
 20
507.755
 11
130.437
 21
507.911
  0
LINE
  8
0
 10
130.437
 20
507.911
 11
129.814
 21
507.99
  0
LINE
  8
0
 10
129.814
 20
507.99
 11
-129.814
 21
507.99
  0
LINE
  8
0
 10
-129.814
 20
507.99
 11
-130.437
 21
507.911
  0
LINE
  8
0
 10
-130.437
 20
507.911
 11
-131.045
 21
507.755
  0
LINE
  8
0
 10
-131.045
 20
507.755
 11
-131.629
 21
507.524
  0
LINE
  8
0
 10
-131.629
 20
507.524
 11
-132.179
 21
507.222
  0
LINE
  8
0
 10
-132.179
 20
507.222
 11
-132.687
 21
506.853
  0
LINE
  8
0
 10
-132.687
 20
506.853
 11
-133.145
 21
506.423
  0
LINE
  8
0
 10
-133.145
 20
506.423
 11
-133.545
 21
505.939
  0
LINE
  8
0
 10
-133.545
 20
505.939
 11
-133.882
 21
505.409
  0
LINE
  8
0
 10
-133.882
 20
505.409
 11
-134.149
 21
504.841
  0
LINE
  8
0
 10
-134.149
 20
504.841
 11
-134.343
 21
504.243
  0
LINE
  8
0
 10
-134.343
 20
504.243
 11
-134.461
 21
503.627
  0
LINE
  8
0
 10
-134.461
 20
503.627
 11
-134.5
 21
503
  0
LINE
  8
0
 10
-134.5
 20
503
 11
-134.5
 21
409
  0
LINE
  8
0
 10
-134.5
 20
409
 11
-134.461
 21
408.373
  0
LINE
  8
0
 10
-134.461
 20
408.373
 11
-134.343
 21
407.757
  0
LINE
  8
0
 10
-134.343
 20
407.757
 11
-134.149
 21
407.159
  0
LINE
  8
0
 10
-134.149
 20
407.159
 11
-133.882
 21
406.591
  0
LINE
  8
0
 10
-133.882
 20
406.591
 11
-133.545
 21
406.061
  0
LINE
  8
0
 10
-133.545
 20
406.061
 11
-133.145
 21
405.577
  0
LINE
  8
0
 10
-133.145
 20
405.577
 11
-132.687
 21
405.147
  0
LINE
  8
0
 10
-132.687
 20
405.147
 11
-132.179
 21
404.778
  0
LINE
  8
0
 10
-132.179
 20
404.778
 11
-131.629
 21
404.476
  0
LINE
  8
0
 10
-131.629
 20
404.476
 11
-131.045
 21
404.245
  0
LINE
  8
0
 10
-131.045
 20
404.245
 11
-130.437
 21
404.089
  0
LINE
  8
0
 10
-130.437
 20
404.089
 11
-129.814
 21
404.01
  0
LINE
  8
0
 10
-129.814
 20
404.01
 11
129.814
 21
404.01
  0
LINE
  8
0
 10
129.814
 20
404.01
 11
130.437
 21
404.089
  0
LINE
  8
0
 10
127.312
 20
498.006
 11
126.938
 21
498.053
  0
LINE
  8
0
 10
126.938
 20
498.053
 11
126.573
 21
498.147
  0
LINE
  8
0
 10
126.573
 20
498.147
 11
126.223
 21
498.286
  0
LINE
  8
0
 10
126.223
 20
498.286
 11
125.893
 21
498.467
  0
LINE
  8
0
 10
125.893
 20
498.467
 11
125.588
 21
498.688
  0
LINE
  8
0
 10
125.588
 20
498.688
 11
125.313
 21
498.946
  0
LINE
  8
0
 10
125.313
 20
498.946
 11
125.073
 21
499.237
  0
LINE
  8
0
 10
125.073
 20
499.237
 11
124.871
 21
499.555
  0
LINE
  8
0
 10
124.871
 20
499.555
 11
124.711
 21
499.896
  0
LINE
  8
0
 10
124.711
 20
499.896
 11
124.594
 21
500.254
  0
LINE
  8
0
 10
124.594
 20
500.254
 11
124.524
 21
500.624
  0
LINE
  8
0
 10
124.524
 20
500.624
 11
124.5
 21
501
  0
LINE
  8
0
 10
124.5
 20
501
 11
124.524
 21
501.376
  0
LINE
  8
0
 10
124.524
 20
501.376
 11
124.594
 21
501.746
  0
LINE
  8
0
 10
124.594
 20
501.746
 11
124.711
 21
502.104
  0
LINE
  8
0
 10
124.711
 20
502.104
 11
124.871
 21
502.445
  0
LINE
  8
0
 10
124.871
 20
502.445
 11
125.073
 21
502.763
  0
LINE
  8
0
 10
125.073
 20
502.763
 11
125.313
 21
503.054
  0
LINE
  8
0
 10
125.313
 20
503.054
 11
125.588
 21
503.312
  0
LINE
  8
0
 10
125.588
 20
503.312
 11
125.893
 21
503.533
  0
LINE
  8
0
 10
125.893
 20
503.533
 11
126.223
 21
503.714
  0
LINE
  8
0
 10
126.223
 20
503.714
 11
126.573
 21
503.853
  0
LINE
  8
0
 10
126.573
 20
503.853
 11
126.938
 21
503.947
  0
LINE
  8
0
 10
126.938
 20
503.947
 11
127.312
 21
503.994
  0
LINE
  8
0
 10
127.312
 20
503.994
 11
127.688
 21
503.994
  0
LINE
  8
0
 10
127.688
 20
503.994
 11
128.062
 21
503.947
  0
LINE
  8
0
 10
128.062
 20
503.947
 11
128.427
 21
503.853
  0
LINE
  8
0
 10
128.427
 20
503.853
 11
128.777
 21
503.714
  0
LINE
  8
0
 10
128.777
 20
503.714
 11
129.107
 21
503.533
  0
LINE
  8
0
 10
129.107
 20
503.533
 11
129.412
 21
503.312
  0
LINE
  8
0
 10
129.412
 20
503.312
 11
129.687
 21
503.054
  0
LINE
  8
0
 10
129.687
 20
503.054
 11
129.927
 21
502.763
  0
LINE
  8
0
 10
129.927
 20
502.763
 11
130.129
 21
502.445
  0
LINE
  8
0
 10
130.129
 20
502.445
 11
130.289
 21
502.104
  0
LINE
  8
0
 10
130.289
 20
502.104
 11
130.406
 21
501.746
  0
LINE
  8
0
 10
130.406
 20
501.746
 11
130.476
 21
501.376
  0
LINE
  8
0
 10
130.476
 20
501.376
 11
130.5
 21
501
  0
LINE
  8
0
 10
130.5
 20
501
 11
130.476
 21
500.624
  0
LINE
  8
0
 10
130.476
 20
500.624
 11
130.406
 21
500.254
  0
LINE
  8
0
 10
130.406
 20
500.254
 11
130.289
 21
499.896
  0
LINE
  8
0
 10
130.289
 20
499.896
 11
130.129
 21
499.555
  0
LINE
  8
0
 10
130.129
 20
499.555
 11
129.927
 21
499.237
  0
LINE
  8
0
 10
129.927
 20
499.237
 11
129.687
 21
498.946
  0
LINE
  8
0
 10
129.687
 20
498.946
 11
129.412
 21
498.688
  0
LINE
  8
0
 10
129.412
 20
498.688
 11
129.107
 21
498.467
  0
LINE
  8
0
 10
129.107
 20
498.467
 11
128.777
 21
498.286
  0
LINE
  8
0
 10
128.777
 20
498.286
 11
128.427
 21
498.147
  0
LINE
  8
0
 10
128.427
 20
498.147
 11
128.062
 21
498.053
  0
LINE
  8
0
 10
128.062
 20
498.053
 11
127.688
 21
498.006
  0
LINE
  8
0
 10
127.688
 20
498.006
 11
127.312
 21
498.006
  0
LINE
  8
0
 10
-127.688
 20
498.006
 11
-128.062
 21
498.053
  0
LINE
  8
0
 10
-128.062
 20
498.053
 11
-128.427
 21
498.147
  0
LINE
  8
0
 10
-128.427
 20
498.147
 11
-128.777
 21
498.286
  0
LINE
  8
0
 10
-128.777
 20
498.286
 11
-129.107
 21
498.467
  0
LINE
  8
0
 10
-129.107
 20
498.467
 11
-129.412
 21
498.688
  0
LINE
  8
0
 10
-129.412
 20
498.688
 11
-129.687
 21
498.946
  0
LINE
  8
0
 10
-129.687
 20
498.946
 11
-129.927
 21
499.237
  0
LINE
  8
0
 10
-129.927
 20
499.237
 11
-130.129
 21
499.555
  0
LINE
  8
0
 10
-130.129
 20
499.555
 11
-130.289
 21
499.896
  0
LINE
  8
0
 10
-130.289
 20
499.896
 11
-130.406
 21
500.254
  0
LINE
  8
0
 10
-130.406
 20
500.254
 11
-130.476
 21
500.624
  0
LINE
  8
0
 10
-130.476
 20
500.624
 11
-130.5
 21
501
  0
LINE
  8
0
 10
-130.5
 20
501
 11
-130.476
 21
501.376
  0
LINE
  8
0
 10
-130.476
 20
501.376
 11
-130.406
 21
501.746
  0
LINE
  8
0
 10
-130.406
 20
501.746
 11
-130.289
 21
502.104
  0
LINE
  8
0
 10
-130.289
 20
502.104
 11
-130.129
 21
502.445
  0
LINE
  8
0
 10
-130.129
 20
502.445
 11
-129.927
 21
502.763
  0
LINE
  8
0
 10
-129.927
 20
502.763
 11
-129.687
 21
503.054
  0
LINE
  8
0
 10
-129.687
 20
503.054
 11
-129.412
 21
503.312
  0
LINE
  8
0
 10
-129.412
 20
503.312
 11
-129.107
 21
503.533
  0
LINE
  8
0
 10
-129.107
 20
503.533
 11
-128.777
 21
503.714
  0
LINE
  8
0
 10
-128.777
 20
503.714
 11
-128.427
 21
503.853
  0
LINE
  8
0
 10
-128.427
 20
503.853
 11
-128.062
 21
503.947
  0
LINE
  8
0
 10
-128.062
 20
503.947
 11
-127.688
 21
503.994
  0
LINE
  8
0
 10
-127.688
 20
503.994
 11
-127.312
 21
503.994
  0
LINE
  8
0
 10
-127.312
 20
503.994
 11
-126.938
 21
503.947
  0
LINE
  8
0
 10
-126.938
 20
503.947
 11
-126.573
 21
503.853
  0
LINE
  8
0
 10
-126.573
 20
503.853
 11
-126.223
 21
503.714
  0
LINE
  8
0
 10
-126.223
 20
503.714
 11
-125.893
 21
503.533
  0
LINE
  8
0
 10
-125.893
 20
503.533
 11
-125.588
 21
503.312
  0
LINE
  8
0
 10
-125.588
 20
503.312
 11
-125.313
 21
503.054
  0
LINE
  8
0
 10
-125.313
 20
503.054
 11
-125.073
 21
502.763
  0
LINE
  8
0
 10
-125.073
 20
502.763
 11
-124.871
 21
502.445
  0
LINE
  8
0
 10
-124.871
 20
502.445
 11
-124.711
 21
502.104
  0
LINE
  8
0
 10
-124.711
 20
502.104
 11
-124.594
 21
501.746
  0
LINE
  8
0
 10
-124.594
 20
501.746
 11
-124.524
 21
501.376
  0
LINE
  8
0
 10
-124.524
 20
501.376
 11
-124.5
 21
501
  0
LINE
  8
0
 10
-124.5
 20
501
 11
-124.524
 21
500.624
  0
LINE
  8
0
 10
-124.524
 20
500.624
 11
-124.594
 21
500.254
  0
LINE
  8
0
 10
-124.594
 20
500.254
 11
-124.711
 21
499.896
  0
LINE
  8
0
 10
-124.711
 20
499.896
 11
-124.871
 21
499.555
  0
LINE
  8
0
 10
-124.871
 20
499.555
 11
-125.073
 21
499.237
  0
LINE
  8
0
 10
-125.073
 20
499.237
 11
-125.313
 21
498.946
  0
LINE
  8
0
 10
-125.313
 20
498.946
 11
-125.588
 21
498.688
  0
LINE
  8
0
 10
-125.588
 20
498.688
 11
-125.893
 21
498.467
  0
LINE
  8
0
 10
-125.893
 20
498.467
 11
-126.223
 21
498.286
  0
LINE
  8
0
 10
-126.223
 20
498.286
 11
-126.573
 21
498.147
  0
LINE
  8
0
 10
-126.573
 20
498.147
 11
-126.938
 21
498.053
  0
LINE
  8
0
 10
-126.938
 20
498.053
 11
-127.312
 21
498.006
  0
LINE
  8
0
 10
-127.312
 20
498.006
 11
-127.688
 21
498.006
  0
LINE
  8
0
 10
-127.594
 20
492.003
 11
-127.781
 21
492.027
  0
LINE
  8
0
 10
-127.781
 20
492.027
 11
-127.964
 21
492.073
  0
LINE
  8
0
 10
-127.964
 20
492.073
 11
-128.139
 21
492.143
  0
LINE
  8
0
 10
-128.139
 20
492.143
 11
-128.304
 21
492.234
  0
LINE
  8
0
 10
-128.304
 20
492.234
 11
-128.456
 21
492.344
  0
LINE
  8
0
 10
-128.456
 20
492.344
 11
-128.593
 21
492.473
  0
LINE
  8
0
 10
-128.593
 20
492.473
 11
-128.714
 21
492.618
  0
LINE
  8
0
 10
-128.714
 20
492.618
 11
-128.814
 21
492.777
  0
LINE
  8
0
 10
-128.814
 20
492.777
 11
-128.895
 21
492.948
  0
LINE
  8
0
 10
-128.895
 20
492.948
 11
-128.953
 21
493.127
  0
LINE
  8
0
 10
-128.953
 20
493.127
 11
-128.988
 21
493.312
  0
LINE
  8
0
 10
-128.988
 20
493.312
 11
-129
 21
493.5
  0
LINE
  8
0
 10
-129
 20
493.5
 11
-128.988
 21
493.688
  0
LINE
  8
0
 10
-128.988
 20
493.688
 11
-128.953
 21
493.873
  0
LINE
  8
0
 10
-128.953
 20
493.873
 11
-128.895
 21
494.052
  0
LINE
  8
0
 10
-128.895
 20
494.052
 11
-128.814
 21
494.223
  0
LINE
  8
0
 10
-128.814
 20
494.223
 11
-128.714
 21
494.382
  0
LINE
  8
0
 10
-128.714
 20
494.382
 11
-128.593
 21
494.527
  0
LINE
  8
0
 10
-128.593
 20
494.527
 11
-128.456
 21
494.656
  0
LINE
  8
0
 10
-128.456
 20
494.656
 11
-128.304
 21
494.766
  0
LINE
  8
0
 10
-128.304
 20
494.766
 11
-128.139
 21
494.857
  0
LINE
  8
0
 10
-128.139
 20
494.857
 11
-127.964
 21
494.927
  0
LINE
  8
0
 10
-127.964
 20
494.927
 11
-127.781
 21
494.973
  0
LINE
  8
0
 10
-127.781
 20
494.973
 11
-127.594
 21
494.997
  0
LINE
  8
0
 10
-127.594
 20
494.997
 11
-127.406
 21
494.997
  0
LINE
  8
0
 10
-127.406
 20
494.997
 11
-127.219
 21
494.973
  0
LINE
  8
0
 10
-127.219
 20
494.973
 11
-127.036
 21
494.927
  0
LINE
  8
0
 10
-127.036
 20
494.927
 11
-126.861
 21
494.857
  0
LINE
  8
0
 10
-126.861
 20
494.857
 11
-126.696
 21
494.766
  0
LINE
  8
0
 10
-126.696
 20
494.766
 11
-126.544
 21
494.656
  0
LINE
  8
0
 10
-126.544
 20
494.656
 11
-126.407
 21
494.527
  0
LINE
  8
0
 10
-126.407
 20
494.527
 11
-126.286
 21
494.382
  0
LINE
  8
0
 10
-126.286
 20
494.382
 11
-126.186
 21
494.223
  0
LINE
  8
0
 10
-126.186
 20
494.223
 11
-126.105
 21
494.052
  0
LINE
  8
0
 10
-126.105
 20
494.052
 11
-126.047
 21
493.873
  0
LINE
  8
0
 10
-126.047
 20
493.873
 11
-126.012
 21
493.688
  0
LINE
  8
0
 10
-126.012
 20
493.688
 11
-126
 21
493.5
  0
LINE
  8
0
 10
-126
 20
493.5
 11
-126.012
 21
493.312
  0
LINE
  8
0
 10
-126.012
 20
493.312
 11
-126.047
 21
493.127
  0
LINE
  8
0
 10
-126.047
 20
493.127
 11
-126.105
 21
492.948
  0
LINE
  8
0
 10
-126.105
 20
492.948
 11
-126.186
 21
492.777
  0
LINE
  8
0
 10
-126.186
 20
492.777
 11
-126.286
 21
492.618
  0
LINE
  8
0
 10
-126.286
 20
492.618
 11
-126.407
 21
492.473
  0
LINE
  8
0
 10
-126.407
 20
492.473
 11
-126.544
 21
492.344
  0
LINE
  8
0
 10
-126.544
 20
492.344
 11
-126.696
 21
492.234
  0
LINE
  8
0
 10
-126.696
 20
492.234
 11
-126.861
 21
492.143
  0
LINE
  8
0
 10
-126.861
 20
492.143
 11
-127.036
 21
492.073
  0
LINE
  8
0
 10
-127.036
 20
492.073
 11
-127.219
 21
492.027
  0
LINE
  8
0
 10
-127.219
 20
492.027
 11
-127.406
 21
492.003
  0
LINE
  8
0
 10
-127.406
 20
492.003
 11
-127.594
 21
492.003
  0
LINE
  8
0
 10
127.406
 20
492.003
 11
127.219
 21
492.027
  0
LINE
  8
0
 10
127.219
 20
492.027
 11
127.036
 21
492.073
  0
LINE
  8
0
 10
127.036
 20
492.073
 11
126.861
 21
492.143
  0
LINE
  8
0
 10
126.861
 20
492.143
 11
126.696
 21
492.234
  0
LINE
  8
0
 10
126.696
 20
492.234
 11
126.544
 21
492.344
  0
LINE
  8
0
 10
126.544
 20
492.344
 11
126.407
 21
492.473
  0
LINE
  8
0
 10
126.407
 20
492.473
 11
126.286
 21
492.618
  0
LINE
  8
0
 10
126.286
 20
492.618
 11
126.186
 21
492.777
  0
LINE
  8
0
 10
126.186
 20
492.777
 11
126.105
 21
492.948
  0
LINE
  8
0
 10
126.105
 20
492.948
 11
126.047
 21
493.127
  0
LINE
  8
0
 10
126.047
 20
493.127
 11
126.012
 21
493.312
  0
LINE
  8
0
 10
126.012
 20
493.312
 11
126
 21
493.5
  0
LINE
  8
0
 10
126
 20
493.5
 11
126.012
 21
493.688
  0
LINE
  8
0
 10
126.012
 20
493.688
 11
126.047
 21
493.873
  0
LINE
  8
0
 10
126.047
 20
493.873
 11
126.105
 21
494.052
  0
LINE
  8
0
 10
126.105
 20
494.052
 11
126.186
 21
494.223
  0
LINE
  8
0
 10
126.186
 20
494.223
 11
126.286
 21
494.382
  0
LINE
  8
0
 10
126.286
 20
494.382
 11
126.407
 21
494.527
  0
LINE
  8
0
 10
126.407
 20
494.527
 11
126.544
 21
494.656
  0
LINE
  8
0
 10
126.544
 20
494.656
 11
126.696
 21
494.766
  0
LINE
  8
0
 10
126.696
 20
494.766
 11
126.861
 21
494.857
  0
LINE
  8
0
 10
126.861
 20
494.857
 11
127.036
 21
494.927
  0
LINE
  8
0
 10
127.036
 20
494.927
 11
127.219
 21
494.973
  0
LINE
  8
0
 10
127.219
 20
494.973
 11
127.406
 21
494.997
  0
LINE
  8
0
 10
127.406
 20
494.997
 11
127.594
 21
494.997
  0
LINE
  8
0
 10
127.594
 20
494.997
 11
127.781
 21
494.973
  0
LINE
  8
0
 10
127.781
 20
494.973
 11
127.964
 21
494.927
  0
LINE
  8
0
 10
127.964
 20
494.927
 11
128.139
 21
494.857
  0
LINE
  8
0
 10
128.139
 20
494.857
 11
128.304
 21
494.766
  0
LINE
  8
0
 10
128.304
 20
494.766
 11
128.456
 21
494.656
  0
LINE
  8
0
 10
128.456
 20
494.656
 11
128.593
 21
494.527
  0
LINE
  8
0
 10
128.593
 20
494.527
 11
128.714
 21
494.382
  0
LINE
  8
0
 10
128.714
 20
494.382
 11
128.814
 21
494.223
  0
LINE
  8
0
 10
128.814
 20
494.223
 11
128.895
 21
494.052
  0
LINE
  8
0
 10
128.895
 20
494.052
 11
128.953
 21
493.873
  0
LINE
  8
0
 10
128.953
 20
493.873
 11
128.988
 21
493.688
  0
LINE
  8
0
 10
128.988
 20
493.688
 11
129
 21
493.5
  0
LINE
  8
0
 10
129
 20
493.5
 11
128.988
 21
493.312
  0
LINE
  8
0
 10
128.988
 20
493.312
 11
128.953
 21
493.127
  0
LINE
  8
0
 10
128.953
 20
493.127
 11
128.895
 21
492.948
  0
LINE
  8
0
 10
128.895
 20
492.948
 11
128.814
 21
492.777
  0
LINE
  8
0
 10
128.814
 20
492.777
 11
128.714
 21
492.618
  0
LINE
  8
0
 10
128.714
 20
492.618
 11
128.593
 21
492.473
  0
LINE
  8
0
 10
128.593
 20
492.473
 11
128.456
 21
492.344
  0
LINE
  8
0
 10
128.456
 20
492.344
 11
128.304
 21
492.234
  0
LINE
  8
0
 10
128.304
 20
492.234
 11
128.139
 21
492.143
  0
LINE
  8
0
 10
128.139
 20
492.143
 11
127.964
 21
492.073
  0
LINE
  8
0
 10
127.964
 20
492.073
 11
127.781
 21
492.027
  0
LINE
  8
0
 10
127.781
 20
492.027
 11
127.594
 21
492.003
  0
LINE
  8
0
 10
127.594
 20
492.003
 11
127.406
 21
492.003
  0
LINE
  8
0
 10
-127.688
 20
483.006
 11
-128.062
 21
483.053
  0
LINE
  8
0
 10
-128.062
 20
483.053
 11
-128.427
 21
483.147
  0
LINE
  8
0
 10
-128.427
 20
483.147
 11
-128.777
 21
483.286
  0
LINE
  8
0
 10
-128.777
 20
483.286
 11
-129.107
 21
483.467
  0
LINE
  8
0
 10
-129.107
 20
483.467
 11
-129.412
 21
483.688
  0
LINE
  8
0
 10
-129.412
 20
483.688
 11
-129.687
 21
483.946
  0
LINE
  8
0
 10
-129.687
 20
483.946
 11
-129.927
 21
484.237
  0
LINE
  8
0
 10
-129.927
 20
484.237
 11
-130.129
 21
484.555
  0
LINE
  8
0
 10
-130.129
 20
484.555
 11
-130.289
 21
484.896
  0
LINE
  8
0
 10
-130.289
 20
484.896
 11
-130.406
 21
485.254
  0
LINE
  8
0
 10
-130.406
 20
485.254
 11
-130.476
 21
485.624
  0
LINE
  8
0
 10
-130.476
 20
485.624
 11
-130.5
 21
486
  0
LINE
  8
0
 10
-130.5
 20
486
 11
-130.476
 21
486.376
  0
LINE
  8
0
 10
-130.476
 20
486.376
 11
-130.406
 21
486.746
  0
LINE
  8
0
 10
-130.406
 20
486.746
 11
-130.289
 21
487.104
  0
LINE
  8
0
 10
-130.289
 20
487.104
 11
-130.129
 21
487.445
  0
LINE
  8
0
 10
-130.129
 20
487.445
 11
-129.927
 21
487.763
  0
LINE
  8
0
 10
-129.927
 20
487.763
 11
-129.687
 21
488.054
  0
LINE
  8
0
 10
-129.687
 20
488.054
 11
-129.412
 21
488.312
  0
LINE
  8
0
 10
-129.412
 20
488.312
 11
-129.107
 21
488.533
  0
LINE
  8
0
 10
-129.107
 20
488.533
 11
-128.777
 21
488.714
  0
LINE
  8
0
 10
-128.777
 20
488.714
 11
-128.427
 21
488.853
  0
LINE
  8
0
 10
-128.427
 20
488.853
 11
-128.062
 21
488.947
  0
LINE
  8
0
 10
-128.062
 20
488.947
 11
-127.688
 21
488.994
  0
LINE
  8
0
 10
-127.688
 20
488.994
 11
-127.312
 21
488.994
  0
LINE
  8
0
 10
-127.312
 20
488.994
 11
-126.938
 21
488.947
  0
LINE
  8
0
 10
-126.938
 20
488.947
 11
-126.573
 21
488.853
  0
LINE
  8
0
 10
-126.573
 20
488.853
 11
-126.223
 21
488.714
  0
LINE
  8
0
 10
-126.223
 20
488.714
 11
-125.893
 21
488.533
  0
LINE
  8
0
 10
-125.893
 20
488.533
 11
-125.588
 21
488.312
  0
LINE
  8
0
 10
-125.588
 20
488.312
 11
-125.313
 21
488.054
  0
LINE
  8
0
 10
-125.313
 20
488.054
 11
-125.073
 21
487.763
  0
LINE
  8
0
 10
-125.073
 20
487.763
 11
-124.871
 21
487.445
  0
LINE
  8
0
 10
-124.871
 20
487.445
 11
-124.711
 21
487.104
  0
LINE
  8
0
 10
-124.711
 20
487.104
 11
-124.594
 21
486.746
  0
LINE
  8
0
 10
-124.594
 20
486.746
 11
-124.524
 21
486.376
  0
LINE
  8
0
 10
-124.524
 20
486.376
 11
-124.5
 21
486
  0
LINE
  8
0
 10
-124.5
 20
486
 11
-124.524
 21
485.624
  0
LINE
  8
0
 10
-124.524
 20
485.624
 11
-124.594
 21
485.254
  0
LINE
  8
0
 10
-124.594
 20
485.254
 11
-124.711
 21
484.896
  0
LINE
  8
0
 10
-124.711
 20
484.896
 11
-124.871
 21
484.555
  0
LINE
  8
0
 10
-124.871
 20
484.555
 11
-125.073
 21
484.237
  0
LINE
  8
0
 10
-125.073
 20
484.237
 11
-125.313
 21
483.946
  0
LINE
  8
0
 10
-125.313
 20
483.946
 11
-125.588
 21
483.688
  0
LINE
  8
0
 10
-125.588
 20
483.688
 11
-125.893
 21
483.467
  0
LINE
  8
0
 10
-125.893
 20
483.467
 11
-126.223
 21
483.286
  0
LINE
  8
0
 10
-126.223
 20
483.286
 11
-126.573
 21
483.147
  0
LINE
  8
0
 10
-126.573
 20
483.147
 11
-126.938
 21
483.053
  0
LINE
  8
0
 10
-126.938
 20
483.053
 11
-127.312
 21
483.006
  0
LINE
  8
0
 10
-127.312
 20
483.006
 11
-127.688
 21
483.006
  0
LINE
  8
0
 10
127.312
 20
483.006
 11
126.938
 21
483.053
  0
LINE
  8
0
 10
126.938
 20
483.053
 11
126.573
 21
483.147
  0
LINE
  8
0
 10
126.573
 20
483.147
 11
126.223
 21
483.286
  0
LINE
  8
0
 10
126.223
 20
483.286
 11
125.893
 21
483.467
  0
LINE
  8
0
 10
125.893
 20
483.467
 11
125.588
 21
483.688
  0
LINE
  8
0
 10
125.588
 20
483.688
 11
125.313
 21
483.946
  0
LINE
  8
0
 10
125.313
 20
483.946
 11
125.073
 21
484.237
  0
LINE
  8
0
 10
125.073
 20
484.237
 11
124.871
 21
484.555
  0
LINE
  8
0
 10
124.871
 20
484.555
 11
124.711
 21
484.896
  0
LINE
  8
0
 10
124.711
 20
484.896
 11
124.594
 21
485.254
  0
LINE
  8
0
 10
124.594
 20
485.254
 11
124.524
 21
485.624
  0
LINE
  8
0
 10
124.524
 20
485.624
 11
124.5
 21
486
  0
LINE
  8
0
 10
124.5
 20
486
 11
124.524
 21
486.376
  0
LINE
  8
0
 10
124.524
 20
486.376
 11
124.594
 21
486.746
  0
LINE
  8
0
 10
124.594
 20
486.746
 11
124.711
 21
487.104
  0
LINE
  8
0
 10
124.711
 20
487.104
 11
124.871
 21
487.445
  0
LINE
  8
0
 10
124.871
 20
487.445
 11
125.073
 21
487.763
  0
LINE
  8
0
 10
125.073
 20
487.763
 11
125.313
 21
488.054
  0
LINE
  8
0
 10
125.313
 20
488.054
 11
125.588
 21
488.312
  0
LINE
  8
0
 10
125.588
 20
488.312
 11
125.893
 21
488.533
  0
LINE
  8
0
 10
125.893
 20
488.533
 11
126.223
 21
488.714
  0
LINE
  8
0
 10
126.223
 20
488.714
 11
126.573
 21
488.853
  0
LINE
  8
0
 10
126.573
 20
488.853
 11
126.938
 21
488.947
  0
LINE
  8
0
 10
126.938
 20
488.947
 11
127.312
 21
488.994
  0
LINE
  8
0
 10
127.312
 20
488.994
 11
127.688
 21
488.994
  0
LINE
  8
0
 10
127.688
 20
488.994
 11
128.062
 21
488.947
  0
LINE
  8
0
 10
128.062
 20
488.947
 11
128.427
 21
488.853
  0
LINE
  8
0
 10
128.427
 20
488.853
 11
128.777
 21
488.714
  0
LINE
  8
0
 10
128.777
 20
488.714
 11
129.107
 21
488.533
  0
LINE
  8
0
 10
129.107
 20
488.533
 11
129.412
 21
488.312
  0
LINE
  8
0
 10
129.412
 20
488.312
 11
129.687
 21
488.054
  0
LINE
  8
0
 10
129.687
 20
488.054
 11
129.927
 21
487.763
  0
LINE
  8
0
 10
129.927
 20
487.763
 11
130.129
 21
487.445
  0
LINE
  8
0
 10
130.129
 20
487.445
 11
130.289
 21
487.104
  0
LINE
  8
0
 10
130.289
 20
487.104
 11
130.406
 21
486.746
  0
LINE
  8
0
 10
130.406
 20
486.746
 11
130.476
 21
486.376
  0
LINE
  8
0
 10
130.476
 20
486.376
 11
130.5
 21
486
  0
LINE
  8
0
 10
130.5
 20
486
 11
130.476
 21
485.624
  0
LINE
  8
0
 10
130.476
 20
485.624
 11
130.406
 21
485.254
  0
LINE
  8
0
 10
130.406
 20
485.254
 11
130.289
 21
484.896
  0
LINE
  8
0
 10
130.289
 20
484.896
 11
130.129
 21
484.555
  0
LINE
  8
0
 10
130.129
 20
484.555
 11
129.927
 21
484.237
  0
LINE
  8
0
 10
129.927
 20
484.237
 11
129.687
 21
483.946
  0
LINE
  8
0
 10
129.687
 20
483.946
 11
129.412
 21
483.688
  0
LINE
  8
0
 10
129.412
 20
483.688
 11
129.107
 21
483.467
  0
LINE
  8
0
 10
129.107
 20
483.467
 11
128.777
 21
483.286
  0
LINE
  8
0
 10
128.777
 20
483.286
 11
128.427
 21
483.147
  0
LINE
  8
0
 10
128.427
 20
483.147
 11
128.062
 21
483.053
  0
LINE
  8
0
 10
128.062
 20
483.053
 11
127.688
 21
483.006
  0
LINE
  8
0
 10
127.688
 20
483.006
 11
127.312
 21
483.006
  0
LINE
  8
0
 10
127.406
 20
477.003
 11
127.219
 21
477.027
  0
LINE
  8
0
 10
127.219
 20
477.027
 11
127.036
 21
477.073
  0
LINE
  8
0
 10
127.036
 20
477.073
 11
126.861
 21
477.143
  0
LINE
  8
0
 10
126.861
 20
477.143
 11
126.696
 21
477.234
  0
LINE
  8
0
 10
126.696
 20
477.234
 11
126.544
 21
477.344
  0
LINE
  8
0
 10
126.544
 20
477.344
 11
126.407
 21
477.473
  0
LINE
  8
0
 10
126.407
 20
477.473
 11
126.286
 21
477.618
  0
LINE
  8
0
 10
126.286
 20
477.618
 11
126.186
 21
477.777
  0
LINE
  8
0
 10
126.186
 20
477.777
 11
126.105
 21
477.948
  0
LINE
  8
0
 10
126.105
 20
477.948
 11
126.047
 21
478.127
  0
LINE
  8
0
 10
126.047
 20
478.127
 11
126.012
 21
478.312
  0
LINE
  8
0
 10
126.012
 20
478.312
 11
126
 21
478.5
  0
LINE
  8
0
 10
126
 20
478.5
 11
126.012
 21
478.688
  0
LINE
  8
0
 10
126.012
 20
478.688
 11
126.047
 21
478.873
  0
LINE
  8
0
 10
126.047
 20
478.873
 11
126.105
 21
479.052
  0
LINE
  8
0
 10
126.105
 20
479.052
 11
126.186
 21
479.223
  0
LINE
  8
0
 10
126.186
 20
479.223
 11
126.286
 21
479.382
  0
LINE
  8
0
 10
126.286
 20
479.382
 11
126.407
 21
479.527
  0
LINE
  8
0
 10
126.407
 20
479.527
 11
126.544
 21
479.656
  0
LINE
  8
0
 10
126.544
 20
479.656
 11
126.696
 21
479.766
  0
LINE
  8
0
 10
126.696
 20
479.766
 11
126.861
 21
479.857
  0
LINE
  8
0
 10
126.861
 20
479.857
 11
127.036
 21
479.927
  0
LINE
  8
0
 10
127.036
 20
479.927
 11
127.219
 21
479.973
  0
LINE
  8
0
 10
127.219
 20
479.973
 11
127.406
 21
479.997
  0
LINE
  8
0
 10
127.406
 20
479.997
 11
127.594
 21
479.997
  0
LINE
  8
0
 10
127.594
 20
479.997
 11
127.781
 21
479.973
  0
LINE
  8
0
 10
127.781
 20
479.973
 11
127.964
 21
479.927
  0
LINE
  8
0
 10
127.964
 20
479.927
 11
128.139
 21
479.857
  0
LINE
  8
0
 10
128.139
 20
479.857
 11
128.304
 21
479.766
  0
LINE
  8
0
 10
128.304
 20
479.766
 11
128.456
 21
479.656
  0
LINE
  8
0
 10
128.456
 20
479.656
 11
128.593
 21
479.527
  0
LINE
  8
0
 10
128.593
 20
479.527
 11
128.714
 21
479.382
  0
LINE
  8
0
 10
128.714
 20
479.382
 11
128.814
 21
479.223
  0
LINE
  8
0
 10
128.814
 20
479.223
 11
128.895
 21
479.052
  0
LINE
  8
0
 10
128.895
 20
479.052
 11
128.953
 21
478.873
  0
LINE
  8
0
 10
128.953
 20
478.873
 11
128.988
 21
478.688
  0
LINE
  8
0
 10
128.988
 20
478.688
 11
129
 21
478.5
  0
LINE
  8
0
 10
129
 20
478.5
 11
128.988
 21
478.312
  0
LINE
  8
0
 10
128.988
 20
478.312
 11
128.953
 21
478.127
  0
LINE
  8
0
 10
128.953
 20
478.127
 11
128.895
 21
477.948
  0
LINE
  8
0
 10
128.895
 20
477.948
 11
128.814
 21
477.777
  0
LINE
  8
0
 10
128.814
 20
477.777
 11
128.714
 21
477.618
  0
LINE
  8
0
 10
128.714
 20
477.618
 11
128.593
 21
477.473
  0
LINE
  8
0
 10
128.593
 20
477.473
 11
128.456
 21
477.344
  0
LINE
  8
0
 10
128.456
 20
477.344
 11
128.304
 21
477.234
  0
LINE
  8
0
 10
128.304
 20
477.234
 11
128.139
 21
477.143
  0
LINE
  8
0
 10
128.139
 20
477.143
 11
127.964
 21
477.073
  0
LINE
  8
0
 10
127.964
 20
477.073
 11
127.781
 21
477.027
  0
LINE
  8
0
 10
127.781
 20
477.027
 11
127.594
 21
477.003
  0
LINE
  8
0
 10
127.594
 20
477.003
 11
127.406
 21
477.003
  0
LINE
  8
0
 10
-127.594
 20
477.003
 11
-127.781
 21
477.027
  0
LINE
  8
0
 10
-127.781
 20
477.027
 11
-127.964
 21
477.073
  0
LINE
  8
0
 10
-127.964
 20
477.073
 11
-128.139
 21
477.143
  0
LINE
  8
0
 10
-128.139
 20
477.143
 11
-128.304
 21
477.234
  0
LINE
  8
0
 10
-128.304
 20
477.234
 11
-128.456
 21
477.344
  0
LINE
  8
0
 10
-128.456
 20
477.344
 11
-128.593
 21
477.473
  0
LINE
  8
0
 10
-128.593
 20
477.473
 11
-128.714
 21
477.618
  0
LINE
  8
0
 10
-128.714
 20
477.618
 11
-128.814
 21
477.777
  0
LINE
  8
0
 10
-128.814
 20
477.777
 11
-128.895
 21
477.948
  0
LINE
  8
0
 10
-128.895
 20
477.948
 11
-128.953
 21
478.127
  0
LINE
  8
0
 10
-128.953
 20
478.127
 11
-128.988
 21
478.312
  0
LINE
  8
0
 10
-128.988
 20
478.312
 11
-129
 21
478.5
  0
LINE
  8
0
 10
-129
 20
478.5
 11
-128.988
 21
478.688
  0
LINE
  8
0
 10
-128.988
 20
478.688
 11
-128.953
 21
478.873
  0
LINE
  8
0
 10
-128.953
 20
478.873
 11
-128.895
 21
479.052
  0
LINE
  8
0
 10
-128.895
 20
479.052
 11
-128.814
 21
479.223
  0
LINE
  8
0
 10
-128.814
 20
479.223
 11
-128.714
 21
479.382
  0
LINE
  8
0
 10
-128.714
 20
479.382
 11
-128.593
 21
479.527
  0
LINE
  8
0
 10
-128.593
 20
479.527
 11
-128.456
 21
479.656
  0
LINE
  8
0
 10
-128.456
 20
479.656
 11
-128.304
 21
479.766
  0
LINE
  8
0
 10
-128.304
 20
479.766
 11
-128.139
 21
479.857
  0
LINE
  8
0
 10
-128.139
 20
479.857
 11
-127.964
 21
479.927
  0
LINE
  8
0
 10
-127.964
 20
479.927
 11
-127.781
 21
479.973
  0
LINE
  8
0
 10
-127.781
 20
479.973
 11
-127.594
 21
479.997
  0
LINE
  8
0
 10
-127.594
 20
479.997
 11
-127.406
 21
479.997
  0
LINE
  8
0
 10
-127.406
 20
479.997
 11
-127.219
 21
479.973
  0
LINE
  8
0
 10
-127.219
 20
479.973
 11
-127.036
 21
479.927
  0
LINE
  8
0
 10
-127.036
 20
479.927
 11
-126.861
 21
479.857
  0
LINE
  8
0
 10
-126.861
 20
479.857
 11
-126.696
 21
479.766
  0
LINE
  8
0
 10
-126.696
 20
479.766
 11
-126.544
 21
479.656
  0
LINE
  8
0
 10
-126.544
 20
479.656
 11
-126.407
 21
479.527
  0
LINE
  8
0
 10
-126.407
 20
479.527
 11
-126.286
 21
479.382
  0
LINE
  8
0
 10
-126.286
 20
479.382
 11
-126.186
 21
479.223
  0
LINE
  8
0
 10
-126.186
 20
479.223
 11
-126.105
 21
479.052
  0
LINE
  8
0
 10
-126.105
 20
479.052
 11
-126.047
 21
478.873
  0
LINE
  8
0
 10
-126.047
 20
478.873
 11
-126.012
 21
478.688
  0
LINE
  8
0
 10
-126.012
 20
478.688
 11
-126
 21
478.5
  0
LINE
  8
0
 10
-126
 20
478.5
 11
-126.012
 21
478.312
  0
LINE
  8
0
 10
-126.012
 20
478.312
 11
-126.047
 21
478.127
  0
LINE
  8
0
 10
-126.047
 20
478.127
 11
-126.105
 21
477.948
  0
LINE
  8
0
 10
-126.105
 20
477.948
 11
-126.186
 21
477.777
  0
LINE
  8
0
 10
-126.186
 20
477.777
 11
-126.286
 21
477.618
  0
LINE
  8
0
 10
-126.286
 20
477.618
 11
-126.407
 21
477.473
  0
LINE
  8
0
 10
-126.407
 20
477.473
 11
-126.544
 21
477.344
  0
LINE
  8
0
 10
-126.544
 20
477.344
 11
-126.696
 21
477.234
  0
LINE
  8
0
 10
-126.696
 20
477.234
 11
-126.861
 21
477.143
  0
LINE
  8
0
 10
-126.861
 20
477.143
 11
-127.036
 21
477.073
  0
LINE
  8
0
 10
-127.036
 20
477.073
 11
-127.219
 21
477.027
  0
LINE
  8
0
 10
-127.219
 20
477.027
 11
-127.406
 21
477.003
  0
LINE
  8
0
 10
-127.406
 20
477.003
 11
-127.594
 21
477.003
  0
LINE
  8
0
 10
127.312
 20
468.006
 11
126.938
 21
468.053
  0
LINE
  8
0
 10
126.938
 20
468.053
 11
126.573
 21
468.147
  0
LINE
  8
0
 10
126.573
 20
468.147
 11
126.223
 21
468.286
  0
LINE
  8
0
 10
126.223
 20
468.286
 11
125.893
 21
468.467
  0
LINE
  8
0
 10
125.893
 20
468.467
 11
125.588
 21
468.688
  0
LINE
  8
0
 10
125.588
 20
468.688
 11
125.313
 21
468.946
  0
LINE
  8
0
 10
125.313
 20
468.946
 11
125.073
 21
469.237
  0
LINE
  8
0
 10
125.073
 20
469.237
 11
124.871
 21
469.555
  0
LINE
  8
0
 10
124.871
 20
469.555
 11
124.711
 21
469.896
  0
LINE
  8
0
 10
124.711
 20
469.896
 11
124.594
 21
470.254
  0
LINE
  8
0
 10
124.594
 20
470.254
 11
124.524
 21
470.624
  0
LINE
  8
0
 10
124.524
 20
470.624
 11
124.5
 21
471
  0
LINE
  8
0
 10
124.5
 20
471
 11
124.524
 21
471.376
  0
LINE
  8
0
 10
124.524
 20
471.376
 11
124.594
 21
471.746
  0
LINE
  8
0
 10
124.594
 20
471.746
 11
124.711
 21
472.104
  0
LINE
  8
0
 10
124.711
 20
472.104
 11
124.871
 21
472.445
  0
LINE
  8
0
 10
124.871
 20
472.445
 11
125.073
 21
472.763
  0
LINE
  8
0
 10
125.073
 20
472.763
 11
125.313
 21
473.054
  0
LINE
  8
0
 10
125.313
 20
473.054
 11
125.588
 21
473.312
  0
LINE
  8
0
 10
125.588
 20
473.312
 11
125.893
 21
473.533
  0
LINE
  8
0
 10
125.893
 20
473.533
 11
126.223
 21
473.714
  0
LINE
  8
0
 10
126.223
 20
473.714
 11
126.573
 21
473.853
  0
LINE
  8
0
 10
126.573
 20
473.853
 11
126.938
 21
473.947
  0
LINE
  8
0
 10
126.938
 20
473.947
 11
127.312
 21
473.994
  0
LINE
  8
0
 10
127.312
 20
473.994
 11
127.688
 21
473.994
  0
LINE
  8
0
 10
127.688
 20
473.994
 11
128.062
 21
473.947
  0
LINE
  8
0
 10
128.062
 20
473.947
 11
128.427
 21
473.853
  0
LINE
  8
0
 10
128.427
 20
473.853
 11
128.777
 21
473.714
  0
LINE
  8
0
 10
128.777
 20
473.714
 11
129.107
 21
473.533
  0
LINE
  8
0
 10
129.107
 20
473.533
 11
129.412
 21
473.312
  0
LINE
  8
0
 10
129.412
 20
473.312
 11
129.687
 21
473.054
  0
LINE
  8
0
 10
129.687
 20
473.054
 11
129.927
 21
472.763
  0
LINE
  8
0
 10
129.927
 20
472.763
 11
130.129
 21
472.445
  0
LINE
  8
0
 10
130.129
 20
472.445
 11
130.289
 21
472.104
  0
LINE
  8
0
 10
130.289
 20
472.104
 11
130.406
 21
471.746
  0
LINE
  8
0
 10
130.406
 20
471.746
 11
130.476
 21
471.376
  0
LINE
  8
0
 10
130.476
 20
471.376
 11
130.5
 21
471
  0
LINE
  8
0
 10
130.5
 20
471
 11
130.476
 21
470.624
  0
LINE
  8
0
 10
130.476
 20
470.624
 11
130.406
 21
470.254
  0
LINE
  8
0
 10
130.406
 20
470.254
 11
130.289
 21
469.896
  0
LINE
  8
0
 10
130.289
 20
469.896
 11
130.129
 21
469.555
  0
LINE
  8
0
 10
130.129
 20
469.555
 11
129.927
 21
469.237
  0
LINE
  8
0
 10
129.927
 20
469.237
 11
129.687
 21
468.946
  0
LINE
  8
0
 10
129.687
 20
468.946
 11
129.412
 21
468.688
  0
LINE
  8
0
 10
129.412
 20
468.688
 11
129.107
 21
468.467
  0
LINE
  8
0
 10
129.107
 20
468.467
 11
128.777
 21
468.286
  0
LINE
  8
0
 10
128.777
 20
468.286
 11
128.427
 21
468.147
  0
LINE
  8
0
 10
128.427
 20
468.147
 11
128.062
 21
468.053
  0
LINE
  8
0
 10
128.062
 20
468.053
 11
127.688
 21
468.006
  0
LINE
  8
0
 10
127.688
 20
468.006
 11
127.312
 21
468.006
  0
LINE
  8
0
 10
-127.688
 20
468.006
 11
-128.062
 21
468.053
  0
LINE
  8
0
 10
-128.062
 20
468.053
 11
-128.427
 21
468.147
  0
LINE
  8
0
 10
-128.427
 20
468.147
 11
-128.777
 21
468.286
  0
LINE
  8
0
 10
-128.777
 20
468.286
 11
-129.107
 21
468.467
  0
LINE
  8
0
 10
-129.107
 20
468.467
 11
-129.412
 21
468.688
  0
LINE
  8
0
 10
-129.412
 20
468.688
 11
-129.687
 21
468.946
  0
LINE
  8
0
 10
-129.687
 20
468.946
 11
-129.927
 21
469.237
  0
LINE
  8
0
 10
-129.927
 20
469.237
 11
-130.129
 21
469.555
  0
LINE
  8
0
 10
-130.129
 20
469.555
 11
-130.289
 21
469.896
  0
LINE
  8
0
 10
-130.289
 20
469.896
 11
-130.406
 21
470.254
  0
LINE
  8
0
 10
-130.406
 20
470.254
 11
-130.476
 21
470.624
  0
LINE
  8
0
 10
-130.476
 20
470.624
 11
-130.5
 21
471
  0
LINE
  8
0
 10
-130.5
 20
471
 11
-130.476
 21
471.376
  0
LINE
  8
0
 10
-130.476
 20
471.376
 11
-130.406
 21
471.746
  0
LINE
  8
0
 10
-130.406
 20
471.746
 11
-130.289
 21
472.104
  0
LINE
  8
0
 10
-130.289
 20
472.104
 11
-130.129
 21
472.445
  0
LINE
  8
0
 10
-130.129
 20
472.445
 11
-129.927
 21
472.763
  0
LINE
  8
0
 10
-129.927
 20
472.763
 11
-129.687
 21
473.054
  0
LINE
  8
0
 10
-129.687
 20
473.054
 11
-129.412
 21
473.312
  0
LINE
  8
0
 10
-129.412
 20
473.312
 11
-129.107
 21
473.533
  0
LINE
  8
0
 10
-129.107
 20
473.533
 11
-128.777
 21
473.714
  0
LINE
  8
0
 10
-128.777
 20
473.714
 11
-128.427
 21
473.853
  0
LINE
  8
0
 10
-128.427
 20
473.853
 11
-128.062
 21
473.947
  0
LINE
  8
0
 10
-128.062
 20
473.947
 11
-127.688
 21
473.994
  0
LINE
  8
0
 10
-127.688
 20
473.994
 11
-127.312
 21
473.994
  0
LINE
  8
0
 10
-127.312
 20
473.994
 11
-126.938
 21
473.947
  0
LINE
  8
0
 10
-126.938
 20
473.947
 11
-126.573
 21
473.853
  0
LINE
  8
0
 10
-126.573
 20
473.853
 11
-126.223
 21
473.714
  0
LINE
  8
0
 10
-126.223
 20
473.714
 11
-125.893
 21
473.533
  0
LINE
  8
0
 10
-125.893
 20
473.533
 11
-125.588
 21
473.312
  0
LINE
  8
0
 10
-125.588
 20
473.312
 11
-125.313
 21
473.054
  0
LINE
  8
0
 10
-125.313
 20
473.054
 11
-125.073
 21
472.763
  0
LINE
  8
0
 10
-125.073
 20
472.763
 11
-124.871
 21
472.445
  0
LINE
  8
0
 10
-124.871
 20
472.445
 11
-124.711
 21
472.104
  0
LINE
  8
0
 10
-124.711
 20
472.104
 11
-124.594
 21
471.746
  0
LINE
  8
0
 10
-124.594
 20
471.746
 11
-124.524
 21
471.376
  0
LINE
  8
0
 10
-124.524
 20
471.376
 11
-124.5
 21
471
  0
LINE
  8
0
 10
-124.5
 20
471
 11
-124.524
 21
470.624
  0
LINE
  8
0
 10
-124.524
 20
470.624
 11
-124.594
 21
470.254
  0
LINE
  8
0
 10
-124.594
 20
470.254
 11
-124.711
 21
469.896
  0
LINE
  8
0
 10
-124.711
 20
469.896
 11
-124.871
 21
469.555
  0
LINE
  8
0
 10
-124.871
 20
469.555
 11
-125.073
 21
469.237
  0
LINE
  8
0
 10
-125.073
 20
469.237
 11
-125.313
 21
468.946
  0
LINE
  8
0
 10
-125.313
 20
468.946
 11
-125.588
 21
468.688
  0
LINE
  8
0
 10
-125.588
 20
468.688
 11
-125.893
 21
468.467
  0
LINE
  8
0
 10
-125.893
 20
468.467
 11
-126.223
 21
468.286
  0
LINE
  8
0
 10
-126.223
 20
468.286
 11
-126.573
 21
468.147
  0
LINE
  8
0
 10
-126.573
 20
468.147
 11
-126.938
 21
468.053
  0
LINE
  8
0
 10
-126.938
 20
468.053
 11
-127.312
 21
468.006
  0
LINE
  8
0
 10
-127.312
 20
468.006
 11
-127.688
 21
468.006
  0
LINE
  8
0
 10
-127.594
 20
462.003
 11
-127.781
 21
462.027
  0
LINE
  8
0
 10
-127.781
 20
462.027
 11
-127.964
 21
462.073
  0
LINE
  8
0
 10
-127.964
 20
462.073
 11
-128.139
 21
462.143
  0
LINE
  8
0
 10
-128.139
 20
462.143
 11
-128.304
 21
462.234
  0
LINE
  8
0
 10
-128.304
 20
462.234
 11
-128.456
 21
462.344
  0
LINE
  8
0
 10
-128.456
 20
462.344
 11
-128.593
 21
462.473
  0
LINE
  8
0
 10
-128.593
 20
462.473
 11
-128.714
 21
462.618
  0
LINE
  8
0
 10
-128.714
 20
462.618
 11
-128.814
 21
462.777
  0
LINE
  8
0
 10
-128.814
 20
462.777
 11
-128.895
 21
462.948
  0
LINE
  8
0
 10
-128.895
 20
462.948
 11
-128.953
 21
463.127
  0
LINE
  8
0
 10
-128.953
 20
463.127
 11
-128.988
 21
463.312
  0
LINE
  8
0
 10
-128.988
 20
463.312
 11
-129
 21
463.5
  0
LINE
  8
0
 10
-129
 20
463.5
 11
-128.988
 21
463.688
  0
LINE
  8
0
 10
-128.988
 20
463.688
 11
-128.953
 21
463.873
  0
LINE
  8
0
 10
-128.953
 20
463.873
 11
-128.895
 21
464.052
  0
LINE
  8
0
 10
-128.895
 20
464.052
 11
-128.814
 21
464.223
  0
LINE
  8
0
 10
-128.814
 20
464.223
 11
-128.714
 21
464.382
  0
LINE
  8
0
 10
-128.714
 20
464.382
 11
-128.593
 21
464.527
  0
LINE
  8
0
 10
-128.593
 20
464.527
 11
-128.456
 21
464.656
  0
LINE
  8
0
 10
-128.456
 20
464.656
 11
-128.304
 21
464.766
  0
LINE
  8
0
 10
-128.304
 20
464.766
 11
-128.139
 21
464.857
  0
LINE
  8
0
 10
-128.139
 20
464.857
 11
-127.964
 21
464.927
  0
LINE
  8
0
 10
-127.964
 20
464.927
 11
-127.781
 21
464.973
  0
LINE
  8
0
 10
-127.781
 20
464.973
 11
-127.594
 21
464.997
  0
LINE
  8
0
 10
-127.594
 20
464.997
 11
-127.406
 21
464.997
  0
LINE
  8
0
 10
-127.406
 20
464.997
 11
-127.219
 21
464.973
  0
LINE
  8
0
 10
-127.219
 20
464.973
 11
-127.036
 21
464.927
  0
LINE
  8
0
 10
-127.036
 20
464.927
 11
-126.861
 21
464.857
  0
LINE
  8
0
 10
-126.861
 20
464.857
 11
-126.696
 21
464.766
  0
LINE
  8
0
 10
-126.696
 20
464.766
 11
-126.544
 21
464.656
  0
LINE
  8
0
 10
-126.544
 20
464.656
 11
-126.407
 21
464.527
  0
LINE
  8
0
 10
-126.407
 20
464.527
 11
-126.286
 21
464.382
  0
LINE
  8
0
 10
-126.286
 20
464.382
 11
-126.186
 21
464.223
  0
LINE
  8
0
 10
-126.186
 20
464.223
 11
-126.105
 21
464.052
  0
LINE
  8
0
 10
-126.105
 20
464.052
 11
-126.047
 21
463.873
  0
LINE
  8
0
 10
-126.047
 20
463.873
 11
-126.012
 21
463.688
  0
LINE
  8
0
 10
-126.012
 20
463.688
 11
-126
 21
463.5
  0
LINE
  8
0
 10
-126
 20
463.5
 11
-126.012
 21
463.312
  0
LINE
  8
0
 10
-126.012
 20
463.312
 11
-126.047
 21
463.127
  0
LINE
  8
0
 10
-126.047
 20
463.127
 11
-126.105
 21
462.948
  0
LINE
  8
0
 10
-126.105
 20
462.948
 11
-126.186
 21
462.777
  0
LINE
  8
0
 10
-126.186
 20
462.777
 11
-126.286
 21
462.618
  0
LINE
  8
0
 10
-126.286
 20
462.618
 11
-126.407
 21
462.473
  0
LINE
  8
0
 10
-126.407
 20
462.473
 11
-126.544
 21
462.344
  0
LINE
  8
0
 10
-126.544
 20
462.344
 11
-126.696
 21
462.234
  0
LINE
  8
0
 10
-126.696
 20
462.234
 11
-126.861
 21
462.143
  0
LINE
  8
0
 10
-126.861
 20
462.143
 11
-127.036
 21
462.073
  0
LINE
  8
0
 10
-127.036
 20
462.073
 11
-127.219
 21
462.027
  0
LINE
  8
0
 10
-127.219
 20
462.027
 11
-127.406
 21
462.003
  0
LINE
  8
0
 10
-127.406
 20
462.003
 11
-127.594
 21
462.003
  0
LINE
  8
0
 10
127.406
 20
462.003
 11
127.219
 21
462.027
  0
LINE
  8
0
 10
127.219
 20
462.027
 11
127.036
 21
462.073
  0
LINE
  8
0
 10
127.036
 20
462.073
 11
126.861
 21
462.143
  0
LINE
  8
0
 10
126.861
 20
462.143
 11
126.696
 21
462.234
  0
LINE
  8
0
 10
126.696
 20
462.234
 11
126.544
 21
462.344
  0
LINE
  8
0
 10
126.544
 20
462.344
 11
126.407
 21
462.473
  0
LINE
  8
0
 10
126.407
 20
462.473
 11
126.286
 21
462.618
  0
LINE
  8
0
 10
126.286
 20
462.618
 11
126.186
 21
462.777
  0
LINE
  8
0
 10
126.186
 20
462.777
 11
126.105
 21
462.948
  0
LINE
  8
0
 10
126.105
 20
462.948
 11
126.047
 21
463.127
  0
LINE
  8
0
 10
126.047
 20
463.127
 11
126.012
 21
463.312
  0
LINE
  8
0
 10
126.012
 20
463.312
 11
126
 21
463.5
  0
LINE
  8
0
 10
126
 20
463.5
 11
126.012
 21
463.688
  0
LINE
  8
0
 10
126.012
 20
463.688
 11
126.047
 21
463.873
  0
LINE
  8
0
 10
126.047
 20
463.873
 11
126.105
 21
464.052
  0
LINE
  8
0
 10
126.105
 20
464.052
 11
126.186
 21
464.223
  0
LINE
  8
0
 10
126.186
 20
464.223
 11
126.286
 21
464.382
  0
LINE
  8
0
 10
126.286
 20
464.382
 11
126.407
 21
464.527
  0
LINE
  8
0
 10
126.407
 20
464.527
 11
126.544
 21
464.656
  0
LINE
  8
0
 10
126.544
 20
464.656
 11
126.696
 21
464.766
  0
LINE
  8
0
 10
126.696
 20
464.766
 11
126.861
 21
464.857
  0
LINE
  8
0
 10
126.861
 20
464.857
 11
127.036
 21
464.927
  0
LINE
  8
0
 10
127.036
 20
464.927
 11
127.219
 21
464.973
  0
LINE
  8
0
 10
127.219
 20
464.973
 11
127.406
 21
464.997
  0
LINE
  8
0
 10
127.406
 20
464.997
 11
127.594
 21
464.997
  0
LINE
  8
0
 10
127.594
 20
464.997
 11
127.781
 21
464.973
  0
LINE
  8
0
 10
127.781
 20
464.973
 11
127.964
 21
464.927
  0
LINE
  8
0
 10
127.964
 20
464.927
 11
128.139
 21
464.857
  0
LINE
  8
0
 10
128.139
 20
464.857
 11
128.304
 21
464.766
  0
LINE
  8
0
 10
128.304
 20
464.766
 11
128.456
 21
464.656
  0
LINE
  8
0
 10
128.456
 20
464.656
 11
128.593
 21
464.527
  0
LINE
  8
0
 10
128.593
 20
464.527
 11
128.714
 21
464.382
  0
LINE
  8
0
 10
128.714
 20
464.382
 11
128.814
 21
464.223
  0
LINE
  8
0
 10
128.814
 20
464.223
 11
128.895
 21
464.052
  0
LINE
  8
0
 10
128.895
 20
464.052
 11
128.953
 21
463.873
  0
LINE
  8
0
 10
128.953
 20
463.873
 11
128.988
 21
463.688
  0
LINE
  8
0
 10
128.988
 20
463.688
 11
129
 21
463.5
  0
LINE
  8
0
 10
129
 20
463.5
 11
128.988
 21
463.312
  0
LINE
  8
0
 10
128.988
 20
463.312
 11
128.953
 21
463.127
  0
LINE
  8
0
 10
128.953
 20
463.127
 11
128.895
 21
462.948
  0
LINE
  8
0
 10
128.895
 20
462.948
 11
128.814
 21
462.777
  0
LINE
  8
0
 10
128.814
 20
462.777
 11
128.714
 21
462.618
  0
LINE
  8
0
 10
128.714
 20
462.618
 11
128.593
 21
462.473
  0
LINE
  8
0
 10
128.593
 20
462.473
 11
128.456
 21
462.344
  0
LINE
  8
0
 10
128.456
 20
462.344
 11
128.304
 21
462.234
  0
LINE
  8
0
 10
128.304
 20
462.234
 11
128.139
 21
462.143
  0
LINE
  8
0
 10
128.139
 20
462.143
 11
127.964
 21
462.073
  0
LINE
  8
0
 10
127.964
 20
462.073
 11
127.781
 21
462.027
  0
LINE
  8
0
 10
127.781
 20
462.027
 11
127.594
 21
462.003
  0
LINE
  8
0
 10
127.594
 20
462.003
 11
127.406
 21
462.003
  0
LINE
  8
0
 10
-127.688
 20
453.006
 11
-128.062
 21
453.053
  0
LINE
  8
0
 10
-128.062
 20
453.053
 11
-128.427
 21
453.147
  0
LINE
  8
0
 10
-128.427
 20
453.147
 11
-128.777
 21
453.286
  0
LINE
  8
0
 10
-128.777
 20
453.286
 11
-129.107
 21
453.467
  0
LINE
  8
0
 10
-129.107
 20
453.467
 11
-129.412
 21
453.688
  0
LINE
  8
0
 10
-129.412
 20
453.688
 11
-129.687
 21
453.946
  0
LINE
  8
0
 10
-129.687
 20
453.946
 11
-129.927
 21
454.237
  0
LINE
  8
0
 10
-129.927
 20
454.237
 11
-130.129
 21
454.555
  0
LINE
  8
0
 10
-130.129
 20
454.555
 11
-130.289
 21
454.896
  0
LINE
  8
0
 10
-130.289
 20
454.896
 11
-130.406
 21
455.254
  0
LINE
  8
0
 10
-130.406
 20
455.254
 11
-130.476
 21
455.624
  0
LINE
  8
0
 10
-130.476
 20
455.624
 11
-130.5
 21
456
  0
LINE
  8
0
 10
-130.5
 20
456
 11
-130.476
 21
456.376
  0
LINE
  8
0
 10
-130.476
 20
456.376
 11
-130.406
 21
456.746
  0
LINE
  8
0
 10
-130.406
 20
456.746
 11
-130.289
 21
457.104
  0
LINE
  8
0
 10
-130.289
 20
457.104
 11
-130.129
 21
457.445
  0
LINE
  8
0
 10
-130.129
 20
457.445
 11
-129.927
 21
457.763
  0
LINE
  8
0
 10
-129.927
 20
457.763
 11
-129.687
 21
458.054
  0
LINE
  8
0
 10
-129.687
 20
458.054
 11
-129.412
 21
458.312
  0
LINE
  8
0
 10
-129.412
 20
458.312
 11
-129.107
 21
458.533
  0
LINE
  8
0
 10
-129.107
 20
458.533
 11
-128.777
 21
458.714
  0
LINE
  8
0
 10
-128.777
 20
458.714
 11
-128.427
 21
458.853
  0
LINE
  8
0
 10
-128.427
 20
458.853
 11
-128.062
 21
458.947
  0
LINE
  8
0
 10
-128.062
 20
458.947
 11
-127.688
 21
458.994
  0
LINE
  8
0
 10
-127.688
 20
458.994
 11
-127.312
 21
458.994
  0
LINE
  8
0
 10
-127.312
 20
458.994
 11
-126.938
 21
458.947
  0
LINE
  8
0
 10
-126.938
 20
458.947
 11
-126.573
 21
458.853
  0
LINE
  8
0
 10
-126.573
 20
458.853
 11
-126.223
 21
458.714
  0
LINE
  8
0
 10
-126.223
 20
458.714
 11
-125.893
 21
458.533
  0
LINE
  8
0
 10
-125.893
 20
458.533
 11
-125.588
 21
458.312
  0
LINE
  8
0
 10
-125.588
 20
458.312
 11
-125.313
 21
458.054
  0
LINE
  8
0
 10
-125.313
 20
458.054
 11
-125.073
 21
457.763
  0
LINE
  8
0
 10
-125.073
 20
457.763
 11
-124.871
 21
457.445
  0
LINE
  8
0
 10
-124.871
 20
457.445
 11
-124.711
 21
457.104
  0
LINE
  8
0
 10
-124.711
 20
457.104
 11
-124.594
 21
456.746
  0
LINE
  8
0
 10
-124.594
 20
456.746
 11
-124.524
 21
456.376
  0
LINE
  8
0
 10
-124.524
 20
456.376
 11
-124.5
 21
456
  0
LINE
  8
0
 10
-124.5
 20
456
 11
-124.524
 21
455.624
  0
LINE
  8
0
 10
-124.524
 20
455.624
 11
-124.594
 21
455.254
  0
LINE
  8
0
 10
-124.594
 20
455.254
 11
-124.711
 21
454.896
  0
LINE
  8
0
 10
-124.711
 20
454.896
 11
-124.871
 21
454.555
  0
LINE
  8
0
 10
-124.871
 20
454.555
 11
-125.073
 21
454.237
  0
LINE
  8
0
 10
-125.073
 20
454.237
 11
-125.313
 21
453.946
  0
LINE
  8
0
 10
-125.313
 20
453.946
 11
-125.588
 21
453.688
  0
LINE
  8
0
 10
-125.588
 20
453.688
 11
-125.893
 21
453.467
  0
LINE
  8
0
 10
-125.893
 20
453.467
 11
-126.223
 21
453.286
  0
LINE
  8
0
 10
-126.223
 20
453.286
 11
-126.573
 21
453.147
  0
LINE
  8
0
 10
-126.573
 20
453.147
 11
-126.938
 21
453.053
  0
LINE
  8
0
 10
-126.938
 20
453.053
 11
-127.312
 21
453.006
  0
LINE
  8
0
 10
-127.312
 20
453.006
 11
-127.688
 21
453.006
  0
LINE
  8
0
 10
127.312
 20
453.006
 11
126.938
 21
453.053
  0
LINE
  8
0
 10
126.938
 20
453.053
 11
126.573
 21
453.147
  0
LINE
  8
0
 10
126.573
 20
453.147
 11
126.223
 21
453.286
  0
LINE
  8
0
 10
126.223
 20
453.286
 11
125.893
 21
453.467
  0
LINE
  8
0
 10
125.893
 20
453.467
 11
125.588
 21
453.688
  0
LINE
  8
0
 10
125.588
 20
453.688
 11
125.313
 21
453.946
  0
LINE
  8
0
 10
125.313
 20
453.946
 11
125.073
 21
454.237
  0
LINE
  8
0
 10
125.073
 20
454.237
 11
124.871
 21
454.555
  0
LINE
  8
0
 10
124.871
 20
454.555
 11
124.711
 21
454.896
  0
LINE
  8
0
 10
124.711
 20
454.896
 11
124.594
 21
455.254
  0
LINE
  8
0
 10
124.594
 20
455.254
 11
124.524
 21
455.624
  0
LINE
  8
0
 10
124.524
 20
455.624
 11
124.5
 21
456
  0
LINE
  8
0
 10
124.5
 20
456
 11
124.524
 21
456.376
  0
LINE
  8
0
 10
124.524
 20
456.376
 11
124.594
 21
456.746
  0
LINE
  8
0
 10
124.594
 20
456.746
 11
124.711
 21
457.104
  0
LINE
  8
0
 10
124.711
 20
457.104
 11
124.871
 21
457.445
  0
LINE
  8
0
 10
124.871
 20
457.445
 11
125.073
 21
457.763
  0
LINE
  8
0
 10
125.073
 20
457.763
 11
125.313
 21
458.054
  0
LINE
  8
0
 10
125.313
 20
458.054
 11
125.588
 21
458.312
  0
LINE
  8
0
 10
125.588
 20
458.312
 11
125.893
 21
458.533
  0
LINE
  8
0
 10
125.893
 20
458.533
 11
126.223
 21
458.714
  0
LINE
  8
0
 10
126.223
 20
458.714
 11
126.573
 21
458.853
  0
LINE
  8
0
 10
126.573
 20
458.853
 11
126.938
 21
458.947
  0
LINE
  8
0
 10
126.938
 20
458.947
 11
127.312
 21
458.994
  0
LINE
  8
0
 10
127.312
 20
458.994
 11
127.688
 21
458.994
  0
LINE
  8
0
 10
127.688
 20
458.994
 11
128.062
 21
458.947
  0
LINE
  8
0
 10
128.062
 20
458.947
 11
128.427
 21
458.853
  0
LINE
  8
0
 10
128.427
 20
458.853
 11
128.777
 21
458.714
  0
LINE
  8
0
 10
128.777
 20
458.714
 11
129.107
 21
458.533
  0
LINE
  8
0
 10
129.107
 20
458.533
 11
129.412
 21
458.312
  0
LINE
  8
0
 10
129.412
 20
458.312
 11
129.687
 21
458.054
  0
LINE
  8
0
 10
129.687
 20
458.054
 11
129.927
 21
457.763
  0
LINE
  8
0
 10
129.927
 20
457.763
 11
130.129
 21
457.445
  0
LINE
  8
0
 10
130.129
 20
457.445
 11
130.289
 21
457.104
  0
LINE
  8
0
 10
130.289
 20
457.104
 11
130.406
 21
456.746
  0
LINE
  8
0
 10
130.406
 20
456.746
 11
130.476
 21
456.376
  0
LINE
  8
0
 10
130.476
 20
456.376
 11
130.5
 21
456
  0
LINE
  8
0
 10
130.5
 20
456
 11
130.476
 21
455.624
  0
LINE
  8
0
 10
130.476
 20
455.624
 11
130.406
 21
455.254
  0
LINE
  8
0
 10
130.406
 20
455.254
 11
130.289
 21
454.896
  0
LINE
  8
0
 10
130.289
 20
454.896
 11
130.129
 21
454.555
  0
LINE
  8
0
 10
130.129
 20
454.555
 11
129.927
 21
454.237
  0
LINE
  8
0
 10
129.927
 20
454.237
 11
129.687
 21
453.946
  0
LINE
  8
0
 10
129.687
 20
453.946
 11
129.412
 21
453.688
  0
LINE
  8
0
 10
129.412
 20
453.688
 11
129.107
 21
453.467
  0
LINE
  8
0
 10
129.107
 20
453.467
 11
128.777
 21
453.286
  0
LINE
  8
0
 10
128.777
 20
453.286
 11
128.427
 21
453.147
  0
LINE
  8
0
 10
128.427
 20
453.147
 11
128.062
 21
453.053
  0
LINE
  8
0
 10
128.062
 20
453.053
 11
127.688
 21
453.006
  0
LINE
  8
0
 10
127.688
 20
453.006
 11
127.312
 21
453.006
  0
LINE
  8
0
 10
127.406
 20
447.003
 11
127.219
 21
447.027
  0
LINE
  8
0
 10
127.219
 20
447.027
 11
127.036
 21
447.073
  0
LINE
  8
0
 10
127.036
 20
447.073
 11
126.861
 21
447.143
  0
LINE
  8
0
 10
126.861
 20
447.143
 11
126.696
 21
447.234
  0
LINE
  8
0
 10
126.696
 20
447.234
 11
126.544
 21
447.344
  0
LINE
  8
0
 10
126.544
 20
447.344
 11
126.407
 21
447.473
  0
LINE
  8
0
 10
126.407
 20
447.473
 11
126.286
 21
447.618
  0
LINE
  8
0
 10
126.286
 20
447.618
 11
126.186
 21
447.777
  0
LINE
  8
0
 10
126.186
 20
447.777
 11
126.105
 21
447.948
  0
LINE
  8
0
 10
126.105
 20
447.948
 11
126.047
 21
448.127
  0
LINE
  8
0
 10
126.047
 20
448.127
 11
126.012
 21
448.312
  0
LINE
  8
0
 10
126.012
 20
448.312
 11
126
 21
448.5
  0
LINE
  8
0
 10
126
 20
448.5
 11
126.012
 21
448.688
  0
LINE
  8
0
 10
126.012
 20
448.688
 11
126.047
 21
448.873
  0
LINE
  8
0
 10
126.047
 20
448.873
 11
126.105
 21
449.052
  0
LINE
  8
0
 10
126.105
 20
449.052
 11
126.186
 21
449.223
  0
LINE
  8
0
 10
126.186
 20
449.223
 11
126.286
 21
449.382
  0
LINE
  8
0
 10
126.286
 20
449.382
 11
126.407
 21
449.527
  0
LINE
  8
0
 10
126.407
 20
449.527
 11
126.544
 21
449.656
  0
LINE
  8
0
 10
126.544
 20
449.656
 11
126.696
 21
449.766
  0
LINE
  8
0
 10
126.696
 20
449.766
 11
126.861
 21
449.857
  0
LINE
  8
0
 10
126.861
 20
449.857
 11
127.036
 21
449.927
  0
LINE
  8
0
 10
127.036
 20
449.927
 11
127.219
 21
449.973
  0
LINE
  8
0
 10
127.219
 20
449.973
 11
127.406
 21
449.997
  0
LINE
  8
0
 10
127.406
 20
449.997
 11
127.594
 21
449.997
  0
LINE
  8
0
 10
127.594
 20
449.997
 11
127.781
 21
449.973
  0
LINE
  8
0
 10
127.781
 20
449.973
 11
127.964
 21
449.927
  0
LINE
  8
0
 10
127.964
 20
449.927
 11
128.139
 21
449.857
  0
LINE
  8
0
 10
128.139
 20
449.857
 11
128.304
 21
449.766
  0
LINE
  8
0
 10
128.304
 20
449.766
 11
128.456
 21
449.656
  0
LINE
  8
0
 10
128.456
 20
449.656
 11
128.593
 21
449.527
  0
LINE
  8
0
 10
128.593
 20
449.527
 11
128.714
 21
449.382
  0
LINE
  8
0
 10
128.714
 20
449.382
 11
128.814
 21
449.223
  0
LINE
  8
0
 10
128.814
 20
449.223
 11
128.895
 21
449.052
  0
LINE
  8
0
 10
128.895
 20
449.052
 11
128.953
 21
448.873
  0
LINE
  8
0
 10
128.953
 20
448.873
 11
128.988
 21
448.688
  0
LINE
  8
0
 10
128.988
 20
448.688
 11
129
 21
448.5
  0
LINE
  8
0
 10
129
 20
448.5
 11
128.988
 21
448.312
  0
LINE
  8
0
 10
128.988
 20
448.312
 11
128.953
 21
448.127
  0
LINE
  8
0
 10
128.953
 20
448.127
 11
128.895
 21
447.948
  0
LINE
  8
0
 10
128.895
 20
447.948
 11
128.814
 21
447.777
  0
LINE
  8
0
 10
128.814
 20
447.777
 11
128.714
 21
447.618
  0
LINE
  8
0
 10
128.714
 20
447.618
 11
128.593
 21
447.473
  0
LINE
  8
0
 10
128.593
 20
447.473
 11
128.456
 21
447.344
  0
LINE
  8
0
 10
128.456
 20
447.344
 11
128.304
 21
447.234
  0
LINE
  8
0
 10
128.304
 20
447.234
 11
128.139
 21
447.143
  0
LINE
  8
0
 10
128.139
 20
447.143
 11
127.964
 21
447.073
  0
LINE
  8
0
 10
127.964
 20
447.073
 11
127.781
 21
447.027
  0
LINE
  8
0
 10
127.781
 20
447.027
 11
127.594
 21
447.003
  0
LINE
  8
0
 10
127.594
 20
447.003
 11
127.406
 21
447.003
  0
LINE
  8
0
 10
-127.594
 20
447.003
 11
-127.781
 21
447.027
  0
LINE
  8
0
 10
-127.781
 20
447.027
 11
-127.964
 21
447.073
  0
LINE
  8
0
 10
-127.964
 20
447.073
 11
-128.139
 21
447.143
  0
LINE
  8
0
 10
-128.139
 20
447.143
 11
-128.304
 21
447.234
  0
LINE
  8
0
 10
-128.304
 20
447.234
 11
-128.456
 21
447.344
  0
LINE
  8
0
 10
-128.456
 20
447.344
 11
-128.593
 21
447.473
  0
LINE
  8
0
 10
-128.593
 20
447.473
 11
-128.714
 21
447.618
  0
LINE
  8
0
 10
-128.714
 20
447.618
 11
-128.814
 21
447.777
  0
LINE
  8
0
 10
-128.814
 20
447.777
 11
-128.895
 21
447.948
  0
LINE
  8
0
 10
-128.895
 20
447.948
 11
-128.953
 21
448.127
  0
LINE
  8
0
 10
-128.953
 20
448.127
 11
-128.988
 21
448.312
  0
LINE
  8
0
 10
-128.988
 20
448.312
 11
-129
 21
448.5
  0
LINE
  8
0
 10
-129
 20
448.5
 11
-128.988
 21
448.688
  0
LINE
  8
0
 10
-128.988
 20
448.688
 11
-128.953
 21
448.873
  0
LINE
  8
0
 10
-128.953
 20
448.873
 11
-128.895
 21
449.052
  0
LINE
  8
0
 10
-128.895
 20
449.052
 11
-128.814
 21
449.223
  0
LINE
  8
0
 10
-128.814
 20
449.223
 11
-128.714
 21
449.382
  0
LINE
  8
0
 10
-128.714
 20
449.382
 11
-128.593
 21
449.527
  0
LINE
  8
0
 10
-128.593
 20
449.527
 11
-128.456
 21
449.656
  0
LINE
  8
0
 10
-128.456
 20
449.656
 11
-128.304
 21
449.766
  0
LINE
  8
0
 10
-128.304
 20
449.766
 11
-128.139
 21
449.857
  0
LINE
  8
0
 10
-128.139
 20
449.857
 11
-127.964
 21
449.927
  0
LINE
  8
0
 10
-127.964
 20
449.927
 11
-127.781
 21
449.973
  0
LINE
  8
0
 10
-127.781
 20
449.973
 11
-127.594
 21
449.997
  0
LINE
  8
0
 10
-127.594
 20
449.997
 11
-127.406
 21
449.997
  0
LINE
  8
0
 10
-127.406
 20
449.997
 11
-127.219
 21
449.973
  0
LINE
  8
0
 10
-127.219
 20
449.973
 11
-127.036
 21
449.927
  0
LINE
  8
0
 10
-127.036
 20
449.927
 11
-126.861
 21
449.857
  0
LINE
  8
0
 10
-126.861
 20
449.857
 11
-126.696
 21
449.766
  0
LINE
  8
0
 10
-126.696
 20
449.766
 11
-126.544
 21
449.656
  0
LINE
  8
0
 10
-126.544
 20
449.656
 11
-126.407
 21
449.527
  0
LINE
  8
0
 10
-126.407
 20
449.527
 11
-126.286
 21
449.382
  0
LINE
  8
0
 10
-126.286
 20
449.382
 11
-126.186
 21
449.223
  0
LINE
  8
0
 10
-126.186
 20
449.223
 11
-126.105
 21
449.052
  0
LINE
  8
0
 10
-126.105
 20
449.052
 11
-126.047
 21
448.873
  0
LINE
  8
0
 10
-126.047
 20
448.873
 11
-126.012
 21
448.688
  0
LINE
  8
0
 10
-126.012
 20
448.688
 11
-126
 21
448.5
  0
LINE
  8
0
 10
-126
 20
448.5
 11
-126.012
 21
448.312
  0
LINE
  8
0
 10
-126.012
 20
448.312
 11
-126.047
 21
448.127
  0
LINE
  8
0
 10
-126.047
 20
448.127
 11
-126.105
 21
447.948
  0
LINE
  8
0
 10
-126.105
 20
447.948
 11
-126.186
 21
447.777
  0
LINE
  8
0
 10
-126.186
 20
447.777
 11
-126.286
 21
447.618
  0
LINE
  8
0
 10
-126.286
 20
447.618
 11
-126.407
 21
447.473
  0
LINE
  8
0
 10
-126.407
 20
447.473
 11
-126.544
 21
447.344
  0
LINE
  8
0
 10
-126.544
 20
447.344
 11
-126.696
 21
447.234
  0
LINE
  8
0
 10
-126.696
 20
447.234
 11
-126.861
 21
447.143
  0
LINE
  8
0
 10
-126.861
 20
447.143
 11
-127.036
 21
447.073
  0
LINE
  8
0
 10
-127.036
 20
447.073
 11
-127.219
 21
447.027
  0
LINE
  8
0
 10
-127.219
 20
447.027
 11
-127.406
 21
447.003
  0
LINE
  8
0
 10
-127.406
 20
447.003
 11
-127.594
 21
447.003
  0
LINE
  8
0
 10
-127.688
 20
438.006
 11
-128.062
 21
438.053
  0
LINE
  8
0
 10
-128.062
 20
438.053
 11
-128.427
 21
438.147
  0
LINE
  8
0
 10
-128.427
 20
438.147
 11
-128.777
 21
438.286
  0
LINE
  8
0
 10
-128.777
 20
438.286
 11
-129.107
 21
438.467
  0
LINE
  8
0
 10
-129.107
 20
438.467
 11
-129.412
 21
438.688
  0
LINE
  8
0
 10
-129.412
 20
438.688
 11
-129.687
 21
438.946
  0
LINE
  8
0
 10
-129.687
 20
438.946
 11
-129.927
 21
439.237
  0
LINE
  8
0
 10
-129.927
 20
439.237
 11
-130.129
 21
439.555
  0
LINE
  8
0
 10
-130.129
 20
439.555
 11
-130.289
 21
439.896
  0
LINE
  8
0
 10
-130.289
 20
439.896
 11
-130.406
 21
440.254
  0
LINE
  8
0
 10
-130.406
 20
440.254
 11
-130.476
 21
440.624
  0
LINE
  8
0
 10
-130.476
 20
440.624
 11
-130.5
 21
441
  0
LINE
  8
0
 10
-130.5
 20
441
 11
-130.476
 21
441.376
  0
LINE
  8
0
 10
-130.476
 20
441.376
 11
-130.406
 21
441.746
  0
LINE
  8
0
 10
-130.406
 20
441.746
 11
-130.289
 21
442.104
  0
LINE
  8
0
 10
-130.289
 20
442.104
 11
-130.129
 21
442.445
  0
LINE
  8
0
 10
-130.129
 20
442.445
 11
-129.927
 21
442.763
  0
LINE
  8
0
 10
-129.927
 20
442.763
 11
-129.687
 21
443.054
  0
LINE
  8
0
 10
-129.687
 20
443.054
 11
-129.412
 21
443.312
  0
LINE
  8
0
 10
-129.412
 20
443.312
 11
-129.107
 21
443.533
  0
LINE
  8
0
 10
-129.107
 20
443.533
 11
-128.777
 21
443.714
  0
LINE
  8
0
 10
-128.777
 20
443.714
 11
-128.427
 21
443.853
  0
LINE
  8
0
 10
-128.427
 20
443.853
 11
-128.062
 21
443.947
  0
LINE
  8
0
 10
-128.062
 20
443.947
 11
-127.688
 21
443.994
  0
LINE
  8
0
 10
-127.688
 20
443.994
 11
-127.312
 21
443.994
  0
LINE
  8
0
 10
-127.312
 20
443.994
 11
-126.938
 21
443.947
  0
LINE
  8
0
 10
-126.938
 20
443.947
 11
-126.573
 21
443.853
  0
LINE
  8
0
 10
-126.573
 20
443.853
 11
-126.223
 21
443.714
  0
LINE
  8
0
 10
-126.223
 20
443.714
 11
-125.893
 21
443.533
  0
LINE
  8
0
 10
-125.893
 20
443.533
 11
-125.588
 21
443.312
  0
LINE
  8
0
 10
-125.588
 20
443.312
 11
-125.313
 21
443.054
  0
LINE
  8
0
 10
-125.313
 20
443.054
 11
-125.073
 21
442.763
  0
LINE
  8
0
 10
-125.073
 20
442.763
 11
-124.871
 21
442.445
  0
LINE
  8
0
 10
-124.871
 20
442.445
 11
-124.711
 21
442.104
  0
LINE
  8
0
 10
-124.711
 20
442.104
 11
-124.594
 21
441.746
  0
LINE
  8
0
 10
-124.594
 20
441.746
 11
-124.524
 21
441.376
  0
LINE
  8
0
 10
-124.524
 20
441.376
 11
-124.5
 21
441
  0
LINE
  8
0
 10
-124.5
 20
441
 11
-124.524
 21
440.624
  0
LINE
  8
0
 10
-124.524
 20
440.624
 11
-124.594
 21
440.254
  0
LINE
  8
0
 10
-124.594
 20
440.254
 11
-124.711
 21
439.896
  0
LINE
  8
0
 10
-124.711
 20
439.896
 11
-124.871
 21
439.555
  0
LINE
  8
0
 10
-124.871
 20
439.555
 11
-125.073
 21
439.237
  0
LINE
  8
0
 10
-125.073
 20
439.237
 11
-125.313
 21
438.946
  0
LINE
  8
0
 10
-125.313
 20
438.946
 11
-125.588
 21
438.688
  0
LINE
  8
0
 10
-125.588
 20
438.688
 11
-125.893
 21
438.467
  0
LINE
  8
0
 10
-125.893
 20
438.467
 11
-126.223
 21
438.286
  0
LINE
  8
0
 10
-126.223
 20
438.286
 11
-126.573
 21
438.147
  0
LINE
  8
0
 10
-126.573
 20
438.147
 11
-126.938
 21
438.053
  0
LINE
  8
0
 10
-126.938
 20
438.053
 11
-127.312
 21
438.006
  0
LINE
  8
0
 10
-127.312
 20
438.006
 11
-127.688
 21
438.006
  0
LINE
  8
0
 10
127.312
 20
438.006
 11
126.938
 21
438.053
  0
LINE
  8
0
 10
126.938
 20
438.053
 11
126.573
 21
438.147
  0
LINE
  8
0
 10
126.573
 20
438.147
 11
126.223
 21
438.286
  0
LINE
  8
0
 10
126.223
 20
438.286
 11
125.893
 21
438.467
  0
LINE
  8
0
 10
125.893
 20
438.467
 11
125.588
 21
438.688
  0
LINE
  8
0
 10
125.588
 20
438.688
 11
125.313
 21
438.946
  0
LINE
  8
0
 10
125.313
 20
438.946
 11
125.073
 21
439.237
  0
LINE
  8
0
 10
125.073
 20
439.237
 11
124.871
 21
439.555
  0
LINE
  8
0
 10
124.871
 20
439.555
 11
124.711
 21
439.896
  0
LINE
  8
0
 10
124.711
 20
439.896
 11
124.594
 21
440.254
  0
LINE
  8
0
 10
124.594
 20
440.254
 11
124.524
 21
440.624
  0
LINE
  8
0
 10
124.524
 20
440.624
 11
124.5
 21
441
  0
LINE
  8
0
 10
124.5
 20
441
 11
124.524
 21
441.376
  0
LINE
  8
0
 10
124.524
 20
441.376
 11
124.594
 21
441.746
  0
LINE
  8
0
 10
124.594
 20
441.746
 11
124.711
 21
442.104
  0
LINE
  8
0
 10
124.711
 20
442.104
 11
124.871
 21
442.445
  0
LINE
  8
0
 10
124.871
 20
442.445
 11
125.073
 21
442.763
  0
LINE
  8
0
 10
125.073
 20
442.763
 11
125.313
 21
443.054
  0
LINE
  8
0
 10
125.313
 20
443.054
 11
125.588
 21
443.312
  0
LINE
  8
0
 10
125.588
 20
443.312
 11
125.893
 21
443.533
  0
LINE
  8
0
 10
125.893
 20
443.533
 11
126.223
 21
443.714
  0
LINE
  8
0
 10
126.223
 20
443.714
 11
126.573
 21
443.853
  0
LINE
  8
0
 10
126.573
 20
443.853
 11
126.938
 21
443.947
  0
LINE
  8
0
 10
126.938
 20
443.947
 11
127.312
 21
443.994
  0
LINE
  8
0
 10
127.312
 20
443.994
 11
127.688
 21
443.994
  0
LINE
  8
0
 10
127.688
 20
443.994
 11
128.062
 21
443.947
  0
LINE
  8
0
 10
128.062
 20
443.947
 11
128.427
 21
443.853
  0
LINE
  8
0
 10
128.427
 20
443.853
 11
128.777
 21
443.714
  0
LINE
  8
0
 10
128.777
 20
443.714
 11
129.107
 21
443.533
  0
LINE
  8
0
 10
129.107
 20
443.533
 11
129.412
 21
443.312
  0
LINE
  8
0
 10
129.412
 20
443.312
 11
129.687
 21
443.054
  0
LINE
  8
0
 10
129.687
 20
443.054
 11
129.927
 21
442.763
  0
LINE
  8
0
 10
129.927
 20
442.763
 11
130.129
 21
442.445
  0
LINE
  8
0
 10
130.129
 20
442.445
 11
130.289
 21
442.104
  0
LINE
  8
0
 10
130.289
 20
442.104
 11
130.406
 21
441.746
  0
LINE
  8
0
 10
130.406
 20
441.746
 11
130.476
 21
441.376
  0
LINE
  8
0
 10
130.476
 20
441.376
 11
130.5
 21
441
  0
LINE
  8
0
 10
130.5
 20
441
 11
130.476
 21
440.624
  0
LINE
  8
0
 10
130.476
 20
440.624
 11
130.406
 21
440.254
  0
LINE
  8
0
 10
130.406
 20
440.254
 11
130.289
 21
439.896
  0
LINE
  8
0
 10
130.289
 20
439.896
 11
130.129
 21
439.555
  0
LINE
  8
0
 10
130.129
 20
439.555
 11
129.927
 21
439.237
  0
LINE
  8
0
 10
129.927
 20
439.237
 11
129.687
 21
438.946
  0
LINE
  8
0
 10
129.687
 20
438.946
 11
129.412
 21
438.688
  0
LINE
  8
0
 10
129.412
 20
438.688
 11
129.107
 21
438.467
  0
LINE
  8
0
 10
129.107
 20
438.467
 11
128.777
 21
438.286
  0
LINE
  8
0
 10
128.777
 20
438.286
 11
128.427
 21
438.147
  0
LINE
  8
0
 10
128.427
 20
438.147
 11
128.062
 21
438.053
  0
LINE
  8
0
 10
128.062
 20
438.053
 11
127.688
 21
438.006
  0
LINE
  8
0
 10
127.688
 20
438.006
 11
127.312
 21
438.006
  0
LINE
  8
0
 10
127.406
 20
432.003
 11
127.219
 21
432.027
  0
LINE
  8
0
 10
127.219
 20
432.027
 11
127.036
 21
432.073
  0
LINE
  8
0
 10
127.036
 20
432.073
 11
126.861
 21
432.143
  0
LINE
  8
0
 10
126.861
 20
432.143
 11
126.696
 21
432.234
  0
LINE
  8
0
 10
126.696
 20
432.234
 11
126.544
 21
432.344
  0
LINE
  8
0
 10
126.544
 20
432.344
 11
126.407
 21
432.473
  0
LINE
  8
0
 10
126.407
 20
432.473
 11
126.286
 21
432.618
  0
LINE
  8
0
 10
126.286
 20
432.618
 11
126.186
 21
432.777
  0
LINE
  8
0
 10
126.186
 20
432.777
 11
126.105
 21
432.948
  0
LINE
  8
0
 10
126.105
 20
432.948
 11
126.047
 21
433.127
  0
LINE
  8
0
 10
126.047
 20
433.127
 11
126.012
 21
433.312
  0
LINE
  8
0
 10
126.012
 20
433.312
 11
126
 21
433.5
  0
LINE
  8
0
 10
126
 20
433.5
 11
126.012
 21
433.688
  0
LINE
  8
0
 10
126.012
 20
433.688
 11
126.047
 21
433.873
  0
LINE
  8
0
 10
126.047
 20
433.873
 11
126.105
 21
434.052
  0
LINE
  8
0
 10
126.105
 20
434.052
 11
126.186
 21
434.223
  0
LINE
  8
0
 10
126.186
 20
434.223
 11
126.286
 21
434.382
  0
LINE
  8
0
 10
126.286
 20
434.382
 11
126.407
 21
434.527
  0
LINE
  8
0
 10
126.407
 20
434.527
 11
126.544
 21
434.656
  0
LINE
  8
0
 10
126.544
 20
434.656
 11
126.696
 21
434.766
  0
LINE
  8
0
 10
126.696
 20
434.766
 11
126.861
 21
434.857
  0
LINE
  8
0
 10
126.861
 20
434.857
 11
127.036
 21
434.927
  0
LINE
  8
0
 10
127.036
 20
434.927
 11
127.219
 21
434.973
  0
LINE
  8
0
 10
127.219
 20
434.973
 11
127.406
 21
434.997
  0
LINE
  8
0
 10
127.406
 20
434.997
 11
127.594
 21
434.997
  0
LINE
  8
0
 10
127.594
 20
434.997
 11
127.781
 21
434.973
  0
LINE
  8
0
 10
127.781
 20
434.973
 11
127.964
 21
434.927
  0
LINE
  8
0
 10
127.964
 20
434.927
 11
128.139
 21
434.857
  0
LINE
  8
0
 10
128.139
 20
434.857
 11
128.304
 21
434.766
  0
LINE
  8
0
 10
128.304
 20
434.766
 11
128.456
 21
434.656
  0
LINE
  8
0
 10
128.456
 20
434.656
 11
128.593
 21
434.527
  0
LINE
  8
0
 10
128.593
 20
434.527
 11
128.714
 21
434.382
  0
LINE
  8
0
 10
128.714
 20
434.382
 11
128.814
 21
434.223
  0
LINE
  8
0
 10
128.814
 20
434.223
 11
128.895
 21
434.052
  0
LINE
  8
0
 10
128.895
 20
434.052
 11
128.953
 21
433.873
  0
LINE
  8
0
 10
128.953
 20
433.873
 11
128.988
 21
433.688
  0
LINE
  8
0
 10
128.988
 20
433.688
 11
129
 21
433.5
  0
LINE
  8
0
 10
129
 20
433.5
 11
128.988
 21
433.312
  0
LINE
  8
0
 10
128.988
 20
433.312
 11
128.953
 21
433.127
  0
LINE
  8
0
 10
128.953
 20
433.127
 11
128.895
 21
432.948
  0
LINE
  8
0
 10
128.895
 20
432.948
 11
128.814
 21
432.777
  0
LINE
  8
0
 10
128.814
 20
432.777
 11
128.714
 21
432.618
  0
LINE
  8
0
 10
128.714
 20
432.618
 11
128.593
 21
432.473
  0
LINE
  8
0
 10
128.593
 20
432.473
 11
128.456
 21
432.344
  0
LINE
  8
0
 10
128.456
 20
432.344
 11
128.304
 21
432.234
  0
LINE
  8
0
 10
128.304
 20
432.234
 11
128.139
 21
432.143
  0
LINE
  8
0
 10
128.139
 20
432.143
 11
127.964
 21
432.073
  0
LINE
  8
0
 10
127.964
 20
432.073
 11
127.781
 21
432.027
  0
LINE
  8
0
 10
127.781
 20
432.027
 11
127.594
 21
432.003
  0
LINE
  8
0
 10
127.594
 20
432.003
 11
127.406
 21
432.003
  0
LINE
  8
0
 10
-127.594
 20
432.003
 11
-127.781
 21
432.027
  0
LINE
  8
0
 10
-127.781
 20
432.027
 11
-127.964
 21
432.073
  0
LINE
  8
0
 10
-127.964
 20
432.073
 11
-128.139
 21
432.143
  0
LINE
  8
0
 10
-128.139
 20
432.143
 11
-128.304
 21
432.234
  0
LINE
  8
0
 10
-128.304
 20
432.234
 11
-128.456
 21
432.344
  0
LINE
  8
0
 10
-128.456
 20
432.344
 11
-128.593
 21
432.473
  0
LINE
  8
0
 10
-128.593
 20
432.473
 11
-128.714
 21
432.618
  0
LINE
  8
0
 10
-128.714
 20
432.618
 11
-128.814
 21
432.777
  0
LINE
  8
0
 10
-128.814
 20
432.777
 11
-128.895
 21
432.948
  0
LINE
  8
0
 10
-128.895
 20
432.948
 11
-128.953
 21
433.127
  0
LINE
  8
0
 10
-128.953
 20
433.127
 11
-128.988
 21
433.312
  0
LINE
  8
0
 10
-128.988
 20
433.312
 11
-129
 21
433.5
  0
LINE
  8
0
 10
-129
 20
433.5
 11
-128.988
 21
433.688
  0
LINE
  8
0
 10
-128.988
 20
433.688
 11
-128.953
 21
433.873
  0
LINE
  8
0
 10
-128.953
 20
433.873
 11
-128.895
 21
434.052
  0
LINE
  8
0
 10
-128.895
 20
434.052
 11
-128.814
 21
434.223
  0
LINE
  8
0
 10
-128.814
 20
434.223
 11
-128.714
 21
434.382
  0
LINE
  8
0
 10
-128.714
 20
434.382
 11
-128.593
 21
434.527
  0
LINE
  8
0
 10
-128.593
 20
434.527
 11
-128.456
 21
434.656
  0
LINE
  8
0
 10
-128.456
 20
434.656
 11
-128.304
 21
434.766
  0
LINE
  8
0
 10
-128.304
 20
434.766
 11
-128.139
 21
434.857
  0
LINE
  8
0
 10
-128.139
 20
434.857
 11
-127.964
 21
434.927
  0
LINE
  8
0
 10
-127.964
 20
434.927
 11
-127.781
 21
434.973
  0
LINE
  8
0
 10
-127.781
 20
434.973
 11
-127.594
 21
434.997
  0
LINE
  8
0
 10
-127.594
 20
434.997
 11
-127.406
 21
434.997
  0
LINE
  8
0
 10
-127.406
 20
434.997
 11
-127.219
 21
434.973
  0
LINE
  8
0
 10
-127.219
 20
434.973
 11
-127.036
 21
434.927
  0
LINE
  8
0
 10
-127.036
 20
434.927
 11
-126.861
 21
434.857
  0
LINE
  8
0
 10
-126.861
 20
434.857
 11
-126.696
 21
434.766
  0
LINE
  8
0
 10
-126.696
 20
434.766
 11
-126.544
 21
434.656
  0
LINE
  8
0
 10
-126.544
 20
434.656
 11
-126.407
 21
434.527
  0
LINE
  8
0
 10
-126.407
 20
434.527
 11
-126.286
 21
434.382
  0
LINE
  8
0
 10
-126.286
 20
434.382
 11
-126.186
 21
434.223
  0
LINE
  8
0
 10
-126.186
 20
434.223
 11
-126.105
 21
434.052
  0
LINE
  8
0
 10
-126.105
 20
434.052
 11
-126.047
 21
433.873
  0
LINE
  8
0
 10
-126.047
 20
433.873
 11
-126.012
 21
433.688
  0
LINE
  8
0
 10
-126.012
 20
433.688
 11
-126
 21
433.5
  0
LINE
  8
0
 10
-126
 20
433.5
 11
-126.012
 21
433.312
  0
LINE
  8
0
 10
-126.012
 20
433.312
 11
-126.047
 21
433.127
  0
LINE
  8
0
 10
-126.047
 20
433.127
 11
-126.105
 21
432.948
  0
LINE
  8
0
 10
-126.105
 20
432.948
 11
-126.186
 21
432.777
  0
LINE
  8
0
 10
-126.186
 20
432.777
 11
-126.286
 21
432.618
  0
LINE
  8
0
 10
-126.286
 20
432.618
 11
-126.407
 21
432.473
  0
LINE
  8
0
 10
-126.407
 20
432.473
 11
-126.544
 21
432.344
  0
LINE
  8
0
 10
-126.544
 20
432.344
 11
-126.696
 21
432.234
  0
LINE
  8
0
 10
-126.696
 20
432.234
 11
-126.861
 21
432.143
  0
LINE
  8
0
 10
-126.861
 20
432.143
 11
-127.036
 21
432.073
  0
LINE
  8
0
 10
-127.036
 20
432.073
 11
-127.219
 21
432.027
  0
LINE
  8
0
 10
-127.219
 20
432.027
 11
-127.406
 21
432.003
  0
LINE
  8
0
 10
-127.406
 20
432.003
 11
-127.594
 21
432.003
  0
LINE
  8
0
 10
-127.688
 20
423.006
 11
-128.062
 21
423.053
  0
LINE
  8
0
 10
-128.062
 20
423.053
 11
-128.427
 21
423.147
  0
LINE
  8
0
 10
-128.427
 20
423.147
 11
-128.777
 21
423.286
  0
LINE
  8
0
 10
-128.777
 20
423.286
 11
-129.107
 21
423.467
  0
LINE
  8
0
 10
-129.107
 20
423.467
 11
-129.412
 21
423.688
  0
LINE
  8
0
 10
-129.412
 20
423.688
 11
-129.687
 21
423.946
  0
LINE
  8
0
 10
-129.687
 20
423.946
 11
-129.927
 21
424.237
  0
LINE
  8
0
 10
-129.927
 20
424.237
 11
-130.129
 21
424.555
  0
LINE
  8
0
 10
-130.129
 20
424.555
 11
-130.289
 21
424.896
  0
LINE
  8
0
 10
-130.289
 20
424.896
 11
-130.406
 21
425.254
  0
LINE
  8
0
 10
-130.406
 20
425.254
 11
-130.476
 21
425.624
  0
LINE
  8
0
 10
-130.476
 20
425.624
 11
-130.5
 21
426
  0
LINE
  8
0
 10
-130.5
 20
426
 11
-130.476
 21
426.376
  0
LINE
  8
0
 10
-130.476
 20
426.376
 11
-130.406
 21
426.746
  0
LINE
  8
0
 10
-130.406
 20
426.746
 11
-130.289
 21
427.104
  0
LINE
  8
0
 10
-130.289
 20
427.104
 11
-130.129
 21
427.445
  0
LINE
  8
0
 10
-130.129
 20
427.445
 11
-129.927
 21
427.763
  0
LINE
  8
0
 10
-129.927
 20
427.763
 11
-129.687
 21
428.054
  0
LINE
  8
0
 10
-129.687
 20
428.054
 11
-129.412
 21
428.312
  0
LINE
  8
0
 10
-129.412
 20
428.312
 11
-129.107
 21
428.533
  0
LINE
  8
0
 10
-129.107
 20
428.533
 11
-128.777
 21
428.714
  0
LINE
  8
0
 10
-128.777
 20
428.714
 11
-128.427
 21
428.853
  0
LINE
  8
0
 10
-128.427
 20
428.853
 11
-128.062
 21
428.947
  0
LINE
  8
0
 10
-128.062
 20
428.947
 11
-127.688
 21
428.994
  0
LINE
  8
0
 10
-127.688
 20
428.994
 11
-127.312
 21
428.994
  0
LINE
  8
0
 10
-127.312
 20
428.994
 11
-126.938
 21
428.947
  0
LINE
  8
0
 10
-126.938
 20
428.947
 11
-126.573
 21
428.853
  0
LINE
  8
0
 10
-126.573
 20
428.853
 11
-126.223
 21
428.714
  0
LINE
  8
0
 10
-126.223
 20
428.714
 11
-125.893
 21
428.533
  0
LINE
  8
0
 10
-125.893
 20
428.533
 11
-125.588
 21
428.312
  0
LINE
  8
0
 10
-125.588
 20
428.312
 11
-125.313
 21
428.054
  0
LINE
  8
0
 10
-125.313
 20
428.054
 11
-125.073
 21
427.763
  0
LINE
  8
0
 10
-125.073
 20
427.763
 11
-124.871
 21
427.445
  0
LINE
  8
0
 10
-124.871
 20
427.445
 11
-124.711
 21
427.104
  0
LINE
  8
0
 10
-124.711
 20
427.104
 11
-124.594
 21
426.746
  0
LINE
  8
0
 10
-124.594
 20
426.746
 11
-124.524
 21
426.376
  0
LINE
  8
0
 10
-124.524
 20
426.376
 11
-124.5
 21
426
  0
LINE
  8
0
 10
-124.5
 20
426
 11
-124.524
 21
425.624
  0
LINE
  8
0
 10
-124.524
 20
425.624
 11
-124.594
 21
425.254
  0
LINE
  8
0
 10
-124.594
 20
425.254
 11
-124.711
 21
424.896
  0
LINE
  8
0
 10
-124.711
 20
424.896
 11
-124.871
 21
424.555
  0
LINE
  8
0
 10
-124.871
 20
424.555
 11
-125.073
 21
424.237
  0
LINE
  8
0
 10
-125.073
 20
424.237
 11
-125.313
 21
423.946
  0
LINE
  8
0
 10
-125.313
 20
423.946
 11
-125.588
 21
423.688
  0
LINE
  8
0
 10
-125.588
 20
423.688
 11
-125.893
 21
423.467
  0
LINE
  8
0
 10
-125.893
 20
423.467
 11
-126.223
 21
423.286
  0
LINE
  8
0
 10
-126.223
 20
423.286
 11
-126.573
 21
423.147
  0
LINE
  8
0
 10
-126.573
 20
423.147
 11
-126.938
 21
423.053
  0
LINE
  8
0
 10
-126.938
 20
423.053
 11
-127.312
 21
423.006
  0
LINE
  8
0
 10
-127.312
 20
423.006
 11
-127.688
 21
423.006
  0
LINE
  8
0
 10
127.312
 20
423.006
 11
126.938
 21
423.053
  0
LINE
  8
0
 10
126.938
 20
423.053
 11
126.573
 21
423.147
  0
LINE
  8
0
 10
126.573
 20
423.147
 11
126.223
 21
423.286
  0
LINE
  8
0
 10
126.223
 20
423.286
 11
125.893
 21
423.467
  0
LINE
  8
0
 10
125.893
 20
423.467
 11
125.588
 21
423.688
  0
LINE
  8
0
 10
125.588
 20
423.688
 11
125.313
 21
423.946
  0
LINE
  8
0
 10
125.313
 20
423.946
 11
125.073
 21
424.237
  0
LINE
  8
0
 10
125.073
 20
424.237
 11
124.871
 21
424.555
  0
LINE
  8
0
 10
124.871
 20
424.555
 11
124.711
 21
424.896
  0
LINE
  8
0
 10
124.711
 20
424.896
 11
124.594
 21
425.254
  0
LINE
  8
0
 10
124.594
 20
425.254
 11
124.524
 21
425.624
  0
LINE
  8
0
 10
124.524
 20
425.624
 11
124.5
 21
426
  0
LINE
  8
0
 10
124.5
 20
426
 11
124.524
 21
426.376
  0
LINE
  8
0
 10
124.524
 20
426.376
 11
124.594
 21
426.746
  0
LINE
  8
0
 10
124.594
 20
426.746
 11
124.711
 21
427.104
  0
LINE
  8
0
 10
124.711
 20
427.104
 11
124.871
 21
427.445
  0
LINE
  8
0
 10
124.871
 20
427.445
 11
125.073
 21
427.763
  0
LINE
  8
0
 10
125.073
 20
427.763
 11
125.313
 21
428.054
  0
LINE
  8
0
 10
125.313
 20
428.054
 11
125.588
 21
428.312
  0
LINE
  8
0
 10
125.588
 20
428.312
 11
125.893
 21
428.533
  0
LINE
  8
0
 10
125.893
 20
428.533
 11
126.223
 21
428.714
  0
LINE
  8
0
 10
126.223
 20
428.714
 11
126.573
 21
428.853
  0
LINE
  8
0
 10
126.573
 20
428.853
 11
126.938
 21
428.947
  0
LINE
  8
0
 10
126.938
 20
428.947
 11
127.312
 21
428.994
  0
LINE
  8
0
 10
127.312
 20
428.994
 11
127.688
 21
428.994
  0
LINE
  8
0
 10
127.688
 20
428.994
 11
128.062
 21
428.947
  0
LINE
  8
0
 10
128.062
 20
428.947
 11
128.427
 21
428.853
  0
LINE
  8
0
 10
128.427
 20
428.853
 11
128.777
 21
428.714
  0
LINE
  8
0
 10
128.777
 20
428.714
 11
129.107
 21
428.533
  0
LINE
  8
0
 10
129.107
 20
428.533
 11
129.412
 21
428.312
  0
LINE
  8
0
 10
129.412
 20
428.312
 11
129.687
 21
428.054
  0
LINE
  8
0
 10
129.687
 20
428.054
 11
129.927
 21
427.763
  0
LINE
  8
0
 10
129.927
 20
427.763
 11
130.129
 21
427.445
  0
LINE
  8
0
 10
130.129
 20
427.445
 11
130.289
 21
427.104
  0
LINE
  8
0
 10
130.289
 20
427.104
 11
130.406
 21
426.746
  0
LINE
  8
0
 10
130.406
 20
426.746
 11
130.476
 21
426.376
  0
LINE
  8
0
 10
130.476
 20
426.376
 11
130.5
 21
426
  0
LINE
  8
0
 10
130.5
 20
426
 11
130.476
 21
425.624
  0
LINE
  8
0
 10
130.476
 20
425.624
 11
130.406
 21
425.254
  0
LINE
  8
0
 10
130.406
 20
425.254
 11
130.289
 21
424.896
  0
LINE
  8
0
 10
130.289
 20
424.896
 11
130.129
 21
424.555
  0
LINE
  8
0
 10
130.129
 20
424.555
 11
129.927
 21
424.237
  0
LINE
  8
0
 10
129.927
 20
424.237
 11
129.687
 21
423.946
  0
LINE
  8
0
 10
129.687
 20
423.946
 11
129.412
 21
423.688
  0
LINE
  8
0
 10
129.412
 20
423.688
 11
129.107
 21
423.467
  0
LINE
  8
0
 10
129.107
 20
423.467
 11
128.777
 21
423.286
  0
LINE
  8
0
 10
128.777
 20
423.286
 11
128.427
 21
423.147
  0
LINE
  8
0
 10
128.427
 20
423.147
 11
128.062
 21
423.053
  0
LINE
  8
0
 10
128.062
 20
423.053
 11
127.688
 21
423.006
  0
LINE
  8
0
 10
127.688
 20
423.006
 11
127.312
 21
423.006
  0
LINE
  8
0
 10
-127.594
 20
417.003
 11
-127.781
 21
417.027
  0
LINE
  8
0
 10
-127.781
 20
417.027
 11
-127.964
 21
417.073
  0
LINE
  8
0
 10
-127.964
 20
417.073
 11
-128.139
 21
417.143
  0
LINE
  8
0
 10
-128.139
 20
417.143
 11
-128.304
 21
417.234
  0
LINE
  8
0
 10
-128.304
 20
417.234
 11
-128.456
 21
417.344
  0
LINE
  8
0
 10
-128.456
 20
417.344
 11
-128.593
 21
417.473
  0
LINE
  8
0
 10
-128.593
 20
417.473
 11
-128.714
 21
417.618
  0
LINE
  8
0
 10
-128.714
 20
417.618
 11
-128.814
 21
417.777
  0
LINE
  8
0
 10
-128.814
 20
417.777
 11
-128.895
 21
417.948
  0
LINE
  8
0
 10
-128.895
 20
417.948
 11
-128.953
 21
418.127
  0
LINE
  8
0
 10
-128.953
 20
418.127
 11
-128.988
 21
418.312
  0
LINE
  8
0
 10
-128.988
 20
418.312
 11
-129
 21
418.5
  0
LINE
  8
0
 10
-129
 20
418.5
 11
-128.988
 21
418.688
  0
LINE
  8
0
 10
-128.988
 20
418.688
 11
-128.953
 21
418.873
  0
LINE
  8
0
 10
-128.953
 20
418.873
 11
-128.895
 21
419.052
  0
LINE
  8
0
 10
-128.895
 20
419.052
 11
-128.814
 21
419.223
  0
LINE
  8
0
 10
-128.814
 20
419.223
 11
-128.714
 21
419.382
  0
LINE
  8
0
 10
-128.714
 20
419.382
 11
-128.593
 21
419.527
  0
LINE
  8
0
 10
-128.593
 20
419.527
 11
-128.456
 21
419.656
  0
LINE
  8
0
 10
-128.456
 20
419.656
 11
-128.304
 21
419.766
  0
LINE
  8
0
 10
-128.304
 20
419.766
 11
-128.139
 21
419.857
  0
LINE
  8
0
 10
-128.139
 20
419.857
 11
-127.964
 21
419.927
  0
LINE
  8
0
 10
-127.964
 20
419.927
 11
-127.781
 21
419.973
  0
LINE
  8
0
 10
-127.781
 20
419.973
 11
-127.594
 21
419.997
  0
LINE
  8
0
 10
-127.594
 20
419.997
 11
-127.406
 21
419.997
  0
LINE
  8
0
 10
-127.406
 20
419.997
 11
-127.219
 21
419.973
  0
LINE
  8
0
 10
-127.219
 20
419.973
 11
-127.036
 21
419.927
  0
LINE
  8
0
 10
-127.036
 20
419.927
 11
-126.861
 21
419.857
  0
LINE
  8
0
 10
-126.861
 20
419.857
 11
-126.696
 21
419.766
  0
LINE
  8
0
 10
-126.696
 20
419.766
 11
-126.544
 21
419.656
  0
LINE
  8
0
 10
-126.544
 20
419.656
 11
-126.407
 21
419.527
  0
LINE
  8
0
 10
-126.407
 20
419.527
 11
-126.286
 21
419.382
  0
LINE
  8
0
 10
-126.286
 20
419.382
 11
-126.186
 21
419.223
  0
LINE
  8
0
 10
-126.186
 20
419.223
 11
-126.105
 21
419.052
  0
LINE
  8
0
 10
-126.105
 20
419.052
 11
-126.047
 21
418.873
  0
LINE
  8
0
 10
-126.047
 20
418.873
 11
-126.012
 21
418.688
  0
LINE
  8
0
 10
-126.012
 20
418.688
 11
-126
 21
418.5
  0
LINE
  8
0
 10
-126
 20
418.5
 11
-126.012
 21
418.312
  0
LINE
  8
0
 10
-126.012
 20
418.312
 11
-126.047
 21
418.127
  0
LINE
  8
0
 10
-126.047
 20
418.127
 11
-126.105
 21
417.948
  0
LINE
  8
0
 10
-126.105
 20
417.948
 11
-126.186
 21
417.777
  0
LINE
  8
0
 10
-126.186
 20
417.777
 11
-126.286
 21
417.618
  0
LINE
  8
0
 10
-126.286
 20
417.618
 11
-126.407
 21
417.473
  0
LINE
  8
0
 10
-126.407
 20
417.473
 11
-126.544
 21
417.344
  0
LINE
  8
0
 10
-126.544
 20
417.344
 11
-126.696
 21
417.234
  0
LINE
  8
0
 10
-126.696
 20
417.234
 11
-126.861
 21
417.143
  0
LINE
  8
0
 10
-126.861
 20
417.143
 11
-127.036
 21
417.073
  0
LINE
  8
0
 10
-127.036
 20
417.073
 11
-127.219
 21
417.027
  0
LINE
  8
0
 10
-127.219
 20
417.027
 11
-127.406
 21
417.003
  0
LINE
  8
0
 10
-127.406
 20
417.003
 11
-127.594
 21
417.003
  0
LINE
  8
0
 10
127.406
 20
417.003
 11
127.219
 21
417.027
  0
LINE
  8
0
 10
127.219
 20
417.027
 11
127.036
 21
417.073
  0
LINE
  8
0
 10
127.036
 20
417.073
 11
126.861
 21
417.143
  0
LINE
  8
0
 10
126.861
 20
417.143
 11
126.696
 21
417.234
  0
LINE
  8
0
 10
126.696
 20
417.234
 11
126.544
 21
417.344
  0
LINE
  8
0
 10
126.544
 20
417.344
 11
126.407
 21
417.473
  0
LINE
  8
0
 10
126.407
 20
417.473
 11
126.286
 21
417.618
  0
LINE
  8
0
 10
126.286
 20
417.618
 11
126.186
 21
417.777
  0
LINE
  8
0
 10
126.186
 20
417.777
 11
126.105
 21
417.948
  0
LINE
  8
0
 10
126.105
 20
417.948
 11
126.047
 21
418.127
  0
LINE
  8
0
 10
126.047
 20
418.127
 11
126.012
 21
418.312
  0
LINE
  8
0
 10
126.012
 20
418.312
 11
126
 21
418.5
  0
LINE
  8
0
 10
126
 20
418.5
 11
126.012
 21
418.688
  0
LINE
  8
0
 10
126.012
 20
418.688
 11
126.047
 21
418.873
  0
LINE
  8
0
 10
126.047
 20
418.873
 11
126.105
 21
419.052
  0
LINE
  8
0
 10
126.105
 20
419.052
 11
126.186
 21
419.223
  0
LINE
  8
0
 10
126.186
 20
419.223
 11
126.286
 21
419.382
  0
LINE
  8
0
 10
126.286
 20
419.382
 11
126.407
 21
419.527
  0
LINE
  8
0
 10
126.407
 20
419.527
 11
126.544
 21
419.656
  0
LINE
  8
0
 10
126.544
 20
419.656
 11
126.696
 21
419.766
  0
LINE
  8
0
 10
126.696
 20
419.766
 11
126.861
 21
419.857
  0
LINE
  8
0
 10
126.861
 20
419.857
 11
127.036
 21
419.927
  0
LINE
  8
0
 10
127.036
 20
419.927
 11
127.219
 21
419.973
  0
LINE
  8
0
 10
127.219
 20
419.973
 11
127.406
 21
419.997
  0
LINE
  8
0
 10
127.406
 20
419.997
 11
127.594
 21
419.997
  0
LINE
  8
0
 10
127.594
 20
419.997
 11
127.781
 21
419.973
  0
LINE
  8
0
 10
127.781
 20
419.973
 11
127.964
 21
419.927
  0
LINE
  8
0
 10
127.964
 20
419.927
 11
128.139
 21
419.857
  0
LINE
  8
0
 10
128.139
 20
419.857
 11
128.304
 21
419.766
  0
LINE
  8
0
 10
128.304
 20
419.766
 11
128.456
 21
419.656
  0
LINE
  8
0
 10
128.456
 20
419.656
 11
128.593
 21
419.527
  0
LINE
  8
0
 10
128.593
 20
419.527
 11
128.714
 21
419.382
  0
LINE
  8
0
 10
128.714
 20
419.382
 11
128.814
 21
419.223
  0
LINE
  8
0
 10
128.814
 20
419.223
 11
128.895
 21
419.052
  0
LINE
  8
0
 10
128.895
 20
419.052
 11
128.953
 21
418.873
  0
LINE
  8
0
 10
128.953
 20
418.873
 11
128.988
 21
418.688
  0
LINE
  8
0
 10
128.988
 20
418.688
 11
129
 21
418.5
  0
LINE
  8
0
 10
129
 20
418.5
 11
128.988
 21
418.312
  0
LINE
  8
0
 10
128.988
 20
418.312
 11
128.953
 21
418.127
  0
LINE
  8
0
 10
128.953
 20
418.127
 11
128.895
 21
417.948
  0
LINE
  8
0
 10
128.895
 20
417.948
 11
128.814
 21
417.777
  0
LINE
  8
0
 10
128.814
 20
417.777
 11
128.714
 21
417.618
  0
LINE
  8
0
 10
128.714
 20
417.618
 11
128.593
 21
417.473
  0
LINE
  8
0
 10
128.593
 20
417.473
 11
128.456
 21
417.344
  0
LINE
  8
0
 10
128.456
 20
417.344
 11
128.304
 21
417.234
  0
LINE
  8
0
 10
128.304
 20
417.234
 11
128.139
 21
417.143
  0
LINE
  8
0
 10
128.139
 20
417.143
 11
127.964
 21
417.073
  0
LINE
  8
0
 10
127.964
 20
417.073
 11
127.781
 21
417.027
  0
LINE
  8
0
 10
127.781
 20
417.027
 11
127.594
 21
417.003
  0
LINE
  8
0
 10
127.594
 20
417.003
 11
127.406
 21
417.003
  0
LINE
  8
0
 10
127.312
 20
408.006
 11
126.938
 21
408.053
  0
LINE
  8
0
 10
126.938
 20
408.053
 11
126.573
 21
408.147
  0
LINE
  8
0
 10
126.573
 20
408.147
 11
126.223
 21
408.286
  0
LINE
  8
0
 10
126.223
 20
408.286
 11
125.893
 21
408.467
  0
LINE
  8
0
 10
125.893
 20
408.467
 11
125.588
 21
408.688
  0
LINE
  8
0
 10
125.588
 20
408.688
 11
125.313
 21
408.946
  0
LINE
  8
0
 10
125.313
 20
408.946
 11
125.073
 21
409.237
  0
LINE
  8
0
 10
125.073
 20
409.237
 11
124.871
 21
409.555
  0
LINE
  8
0
 10
124.871
 20
409.555
 11
124.711
 21
409.896
  0
LINE
  8
0
 10
124.711
 20
409.896
 11
124.594
 21
410.254
  0
LINE
  8
0
 10
124.594
 20
410.254
 11
124.524
 21
410.624
  0
LINE
  8
0
 10
124.524
 20
410.624
 11
124.5
 21
411
  0
LINE
  8
0
 10
124.5
 20
411
 11
124.524
 21
411.376
  0
LINE
  8
0
 10
124.524
 20
411.376
 11
124.594
 21
411.746
  0
LINE
  8
0
 10
124.594
 20
411.746
 11
124.711
 21
412.104
  0
LINE
  8
0
 10
124.711
 20
412.104
 11
124.871
 21
412.445
  0
LINE
  8
0
 10
124.871
 20
412.445
 11
125.073
 21
412.763
  0
LINE
  8
0
 10
125.073
 20
412.763
 11
125.313
 21
413.054
  0
LINE
  8
0
 10
125.313
 20
413.054
 11
125.588
 21
413.312
  0
LINE
  8
0
 10
125.588
 20
413.312
 11
125.893
 21
413.533
  0
LINE
  8
0
 10
125.893
 20
413.533
 11
126.223
 21
413.714
  0
LINE
  8
0
 10
126.223
 20
413.714
 11
126.573
 21
413.853
  0
LINE
  8
0
 10
126.573
 20
413.853
 11
126.938
 21
413.947
  0
LINE
  8
0
 10
126.938
 20
413.947
 11
127.312
 21
413.994
  0
LINE
  8
0
 10
127.312
 20
413.994
 11
127.688
 21
413.994
  0
LINE
  8
0
 10
127.688
 20
413.994
 11
128.062
 21
413.947
  0
LINE
  8
0
 10
128.062
 20
413.947
 11
128.427
 21
413.853
  0
LINE
  8
0
 10
128.427
 20
413.853
 11
128.777
 21
413.714
  0
LINE
  8
0
 10
128.777
 20
413.714
 11
129.107
 21
413.533
  0
LINE
  8
0
 10
129.107
 20
413.533
 11
129.412
 21
413.312
  0
LINE
  8
0
 10
129.412
 20
413.312
 11
129.687
 21
413.054
  0
LINE
  8
0
 10
129.687
 20
413.054
 11
129.927
 21
412.763
  0
LINE
  8
0
 10
129.927
 20
412.763
 11
130.129
 21
412.445
  0
LINE
  8
0
 10
130.129
 20
412.445
 11
130.289
 21
412.104
  0
LINE
  8
0
 10
130.289
 20
412.104
 11
130.406
 21
411.746
  0
LINE
  8
0
 10
130.406
 20
411.746
 11
130.476
 21
411.376
  0
LINE
  8
0
 10
130.476
 20
411.376
 11
130.5
 21
411
  0
LINE
  8
0
 10
130.5
 20
411
 11
130.476
 21
410.624
  0
LINE
  8
0
 10
130.476
 20
410.624
 11
130.406
 21
410.254
  0
LINE
  8
0
 10
130.406
 20
410.254
 11
130.289
 21
409.896
  0
LINE
  8
0
 10
130.289
 20
409.896
 11
130.129
 21
409.555
  0
LINE
  8
0
 10
130.129
 20
409.555
 11
129.927
 21
409.237
  0
LINE
  8
0
 10
129.927
 20
409.237
 11
129.687
 21
408.946
  0
LINE
  8
0
 10
129.687
 20
408.946
 11
129.412
 21
408.688
  0
LINE
  8
0
 10
129.412
 20
408.688
 11
129.107
 21
408.467
  0
LINE
  8
0
 10
129.107
 20
408.467
 11
128.777
 21
408.286
  0
LINE
  8
0
 10
128.777
 20
408.286
 11
128.427
 21
408.147
  0
LINE
  8
0
 10
128.427
 20
408.147
 11
128.062
 21
408.053
  0
LINE
  8
0
 10
128.062
 20
408.053
 11
127.688
 21
408.006
  0
LINE
  8
0
 10
127.688
 20
408.006
 11
127.312
 21
408.006
  0
LINE
  8
0
 10
-127.688
 20
408.006
 11
-128.062
 21
408.053
  0
LINE
  8
0
 10
-128.062
 20
408.053
 11
-128.427
 21
408.147
  0
LINE
  8
0
 10
-128.427
 20
408.147
 11
-128.777
 21
408.286
  0
LINE
  8
0
 10
-128.777
 20
408.286
 11
-129.107
 21
408.467
  0
LINE
  8
0
 10
-129.107
 20
408.467
 11
-129.412
 21
408.688
  0
LINE
  8
0
 10
-129.412
 20
408.688
 11
-129.687
 21
408.946
  0
LINE
  8
0
 10
-129.687
 20
408.946
 11
-129.927
 21
409.237
  0
LINE
  8
0
 10
-129.927
 20
409.237
 11
-130.129
 21
409.555
  0
LINE
  8
0
 10
-130.129
 20
409.555
 11
-130.289
 21
409.896
  0
LINE
  8
0
 10
-130.289
 20
409.896
 11
-130.406
 21
410.254
  0
LINE
  8
0
 10
-130.406
 20
410.254
 11
-130.476
 21
410.624
  0
LINE
  8
0
 10
-130.476
 20
410.624
 11
-130.5
 21
411
  0
LINE
  8
0
 10
-130.5
 20
411
 11
-130.476
 21
411.376
  0
LINE
  8
0
 10
-130.476
 20
411.376
 11
-130.406
 21
411.746
  0
LINE
  8
0
 10
-130.406
 20
411.746
 11
-130.289
 21
412.104
  0
LINE
  8
0
 10
-130.289
 20
412.104
 11
-130.129
 21
412.445
  0
LINE
  8
0
 10
-130.129
 20
412.445
 11
-129.927
 21
412.763
  0
LINE
  8
0
 10
-129.927
 20
412.763
 11
-129.687
 21
413.054
  0
LINE
  8
0
 10
-129.687
 20
413.054
 11
-129.412
 21
413.312
  0
LINE
  8
0
 10
-129.412
 20
413.312
 11
-129.107
 21
413.533
  0
LINE
  8
0
 10
-129.107
 20
413.533
 11
-128.777
 21
413.714
  0
LINE
  8
0
 10
-128.777
 20
413.714
 11
-128.427
 21
413.853
  0
LINE
  8
0
 10
-128.427
 20
413.853
 11
-128.062
 21
413.947
  0
LINE
  8
0
 10
-128.062
 20
413.947
 11
-127.688
 21
413.994
  0
LINE
  8
0
 10
-127.688
 20
413.994
 11
-127.312
 21
413.994
  0
LINE
  8
0
 10
-127.312
 20
413.994
 11
-126.938
 21
413.947
  0
LINE
  8
0
 10
-126.938
 20
413.947
 11
-126.573
 21
413.853
  0
LINE
  8
0
 10
-126.573
 20
413.853
 11
-126.223
 21
413.714
  0
LINE
  8
0
 10
-126.223
 20
413.714
 11
-125.893
 21
413.533
  0
LINE
  8
0
 10
-125.893
 20
413.533
 11
-125.588
 21
413.312
  0
LINE
  8
0
 10
-125.588
 20
413.312
 11
-125.313
 21
413.054
  0
LINE
  8
0
 10
-125.313
 20
413.054
 11
-125.073
 21
412.763
  0
LINE
  8
0
 10
-125.073
 20
412.763
 11
-124.871
 21
412.445
  0
LINE
  8
0
 10
-124.871
 20
412.445
 11
-124.711
 21
412.104
  0
LINE
  8
0
 10
-124.711
 20
412.104
 11
-124.594
 21
411.746
  0
LINE
  8
0
 10
-124.594
 20
411.746
 11
-124.524
 21
411.376
  0
LINE
  8
0
 10
-124.524
 20
411.376
 11
-124.5
 21
411
  0
LINE
  8
0
 10
-124.5
 20
411
 11
-124.524
 21
410.624
  0
LINE
  8
0
 10
-124.524
 20
410.624
 11
-124.594
 21
410.254
  0
LINE
  8
0
 10
-124.594
 20
410.254
 11
-124.711
 21
409.896
  0
LINE
  8
0
 10
-124.711
 20
409.896
 11
-124.871
 21
409.555
  0
LINE
  8
0
 10
-124.871
 20
409.555
 11
-125.073
 21
409.237
  0
LINE
  8
0
 10
-125.073
 20
409.237
 11
-125.313
 21
408.946
  0
LINE
  8
0
 10
-125.313
 20
408.946
 11
-125.588
 21
408.688
  0
LINE
  8
0
 10
-125.588
 20
408.688
 11
-125.893
 21
408.467
  0
LINE
  8
0
 10
-125.893
 20
408.467
 11
-126.223
 21
408.286
  0
LINE
  8
0
 10
-126.223
 20
408.286
 11
-126.573
 21
408.147
  0
LINE
  8
0
 10
-126.573
 20
408.147
 11
-126.938
 21
408.053
  0
LINE
  8
0
 10
-126.938
 20
408.053
 11
-127.312
 21
408.006
  0
LINE
  8
0
 10
-127.312
 20
408.006
 11
-127.688
 21
408.006
  0
LINE
  8
0
 10
130.437
 20
290.089
 11
131.045
 21
290.245
  0
LINE
  8
0
 10
131.045
 20
290.245
 11
131.629
 21
290.476
  0
LINE
  8
0
 10
131.629
 20
290.476
 11
132.179
 21
290.778
  0
LINE
  8
0
 10
132.179
 20
290.778
 11
132.687
 21
291.147
  0
LINE
  8
0
 10
132.687
 20
291.147
 11
133.145
 21
291.577
  0
LINE
  8
0
 10
133.145
 20
291.577
 11
133.545
 21
292.061
  0
LINE
  8
0
 10
133.545
 20
292.061
 11
133.882
 21
292.591
  0
LINE
  8
0
 10
133.882
 20
292.591
 11
134.149
 21
293.159
  0
LINE
  8
0
 10
134.149
 20
293.159
 11
134.343
 21
293.757
  0
LINE
  8
0
 10
134.343
 20
293.757
 11
134.461
 21
294.373
  0
LINE
  8
0
 10
134.461
 20
294.373
 11
134.5
 21
295
  0
LINE
  8
0
 10
134.5
 20
295
 11
134.5
 21
389
  0
LINE
  8
0
 10
134.5
 20
389
 11
134.461
 21
389.627
  0
LINE
  8
0
 10
134.461
 20
389.627
 11
134.343
 21
390.243
  0
LINE
  8
0
 10
134.343
 20
390.243
 11
134.149
 21
390.841
  0
LINE
  8
0
 10
134.149
 20
390.841
 11
133.882
 21
391.409
  0
LINE
  8
0
 10
133.882
 20
391.409
 11
133.545
 21
391.939
  0
LINE
  8
0
 10
133.545
 20
391.939
 11
133.145
 21
392.423
  0
LINE
  8
0
 10
133.145
 20
392.423
 11
132.687
 21
392.853
  0
LINE
  8
0
 10
132.687
 20
392.853
 11
132.179
 21
393.222
  0
LINE
  8
0
 10
132.179
 20
393.222
 11
131.629
 21
393.524
  0
LINE
  8
0
 10
131.629
 20
393.524
 11
131.045
 21
393.755
  0
LINE
  8
0
 10
131.045
 20
393.755
 11
130.437
 21
393.911
  0
LINE
  8
0
 10
130.437
 20
393.911
 11
129.814
 21
393.99
  0
LINE
  8
0
 10
129.814
 20
393.99
 11
-129.814
 21
393.99
  0
LINE
  8
0
 10
-129.814
 20
393.99
 11
-130.437
 21
393.911
  0
LINE
  8
0
 10
-130.437
 20
393.911
 11
-131.045
 21
393.755
  0
LINE
  8
0
 10
-131.045
 20
393.755
 11
-131.629
 21
393.524
  0
LINE
  8
0
 10
-131.629
 20
393.524
 11
-132.179
 21
393.222
  0
LINE
  8
0
 10
-132.179
 20
393.222
 11
-132.687
 21
392.853
  0
LINE
  8
0
 10
-132.687
 20
392.853
 11
-133.145
 21
392.423
  0
LINE
  8
0
 10
-133.145
 20
392.423
 11
-133.545
 21
391.939
  0
LINE
  8
0
 10
-133.545
 20
391.939
 11
-133.882
 21
391.409
  0
LINE
  8
0
 10
-133.882
 20
391.409
 11
-134.149
 21
390.841
  0
LINE
  8
0
 10
-134.149
 20
390.841
 11
-134.343
 21
390.243
  0
LINE
  8
0
 10
-134.343
 20
390.243
 11
-134.461
 21
389.627
  0
LINE
  8
0
 10
-134.461
 20
389.627
 11
-134.5
 21
389
  0
LINE
  8
0
 10
-134.5
 20
389
 11
-134.5
 21
295
  0
LINE
  8
0
 10
-134.5
 20
295
 11
-134.461
 21
294.373
  0
LINE
  8
0
 10
-134.461
 20
294.373
 11
-134.343
 21
293.757
  0
LINE
  8
0
 10
-134.343
 20
293.757
 11
-134.149
 21
293.159
  0
LINE
  8
0
 10
-134.149
 20
293.159
 11
-133.882
 21
292.591
  0
LINE
  8
0
 10
-133.882
 20
292.591
 11
-133.545
 21
292.061
  0
LINE
  8
0
 10
-133.545
 20
292.061
 11
-133.145
 21
291.577
  0
LINE
  8
0
 10
-133.145
 20
291.577
 11
-132.687
 21
291.147
  0
LINE
  8
0
 10
-132.687
 20
291.147
 11
-132.179
 21
290.778
  0
LINE
  8
0
 10
-132.179
 20
290.778
 11
-131.629
 21
290.476
  0
LINE
  8
0
 10
-131.629
 20
290.476
 11
-131.045
 21
290.245
  0
LINE
  8
0
 10
-131.045
 20
290.245
 11
-130.437
 21
290.089
  0
LINE
  8
0
 10
-130.437
 20
290.089
 11
-129.814
 21
290.01
  0
LINE
  8
0
 10
-129.814
 20
290.01
 11
129.814
 21
290.01
  0
LINE
  8
0
 10
129.814
 20
290.01
 11
130.437
 21
290.089
  0
LINE
  8
0
 10
127.312
 20
384.006
 11
126.938
 21
384.053
  0
LINE
  8
0
 10
126.938
 20
384.053
 11
126.573
 21
384.147
  0
LINE
  8
0
 10
126.573
 20
384.147
 11
126.223
 21
384.286
  0
LINE
  8
0
 10
126.223
 20
384.286
 11
125.893
 21
384.467
  0
LINE
  8
0
 10
125.893
 20
384.467
 11
125.588
 21
384.688
  0
LINE
  8
0
 10
125.588
 20
384.688
 11
125.313
 21
384.946
  0
LINE
  8
0
 10
125.313
 20
384.946
 11
125.073
 21
385.237
  0
LINE
  8
0
 10
125.073
 20
385.237
 11
124.871
 21
385.555
  0
LINE
  8
0
 10
124.871
 20
385.555
 11
124.711
 21
385.896
  0
LINE
  8
0
 10
124.711
 20
385.896
 11
124.594
 21
386.254
  0
LINE
  8
0
 10
124.594
 20
386.254
 11
124.524
 21
386.624
  0
LINE
  8
0
 10
124.524
 20
386.624
 11
124.5
 21
387
  0
LINE
  8
0
 10
124.5
 20
387
 11
124.524
 21
387.376
  0
LINE
  8
0
 10
124.524
 20
387.376
 11
124.594
 21
387.746
  0
LINE
  8
0
 10
124.594
 20
387.746
 11
124.711
 21
388.104
  0
LINE
  8
0
 10
124.711
 20
388.104
 11
124.871
 21
388.445
  0
LINE
  8
0
 10
124.871
 20
388.445
 11
125.073
 21
388.763
  0
LINE
  8
0
 10
125.073
 20
388.763
 11
125.313
 21
389.054
  0
LINE
  8
0
 10
125.313
 20
389.054
 11
125.588
 21
389.312
  0
LINE
  8
0
 10
125.588
 20
389.312
 11
125.893
 21
389.533
  0
LINE
  8
0
 10
125.893
 20
389.533
 11
126.223
 21
389.714
  0
LINE
  8
0
 10
126.223
 20
389.714
 11
126.573
 21
389.853
  0
LINE
  8
0
 10
126.573
 20
389.853
 11
126.938
 21
389.947
  0
LINE
  8
0
 10
126.938
 20
389.947
 11
127.312
 21
389.994
  0
LINE
  8
0
 10
127.312
 20
389.994
 11
127.688
 21
389.994
  0
LINE
  8
0
 10
127.688
 20
389.994
 11
128.062
 21
389.947
  0
LINE
  8
0
 10
128.062
 20
389.947
 11
128.427
 21
389.853
  0
LINE
  8
0
 10
128.427
 20
389.853
 11
128.777
 21
389.714
  0
LINE
  8
0
 10
128.777
 20
389.714
 11
129.107
 21
389.533
  0
LINE
  8
0
 10
129.107
 20
389.533
 11
129.412
 21
389.312
  0
LINE
  8
0
 10
129.412
 20
389.312
 11
129.687
 21
389.054
  0
LINE
  8
0
 10
129.687
 20
389.054
 11
129.927
 21
388.763
  0
LINE
  8
0
 10
129.927
 20
388.763
 11
130.129
 21
388.445
  0
LINE
  8
0
 10
130.129
 20
388.445
 11
130.289
 21
388.104
  0
LINE
  8
0
 10
130.289
 20
388.104
 11
130.406
 21
387.746
  0
LINE
  8
0
 10
130.406
 20
387.746
 11
130.476
 21
387.376
  0
LINE
  8
0
 10
130.476
 20
387.376
 11
130.5
 21
387
  0
LINE
  8
0
 10
130.5
 20
387
 11
130.476
 21
386.624
  0
LINE
  8
0
 10
130.476
 20
386.624
 11
130.406
 21
386.254
  0
LINE
  8
0
 10
130.406
 20
386.254
 11
130.289
 21
385.896
  0
LINE
  8
0
 10
130.289
 20
385.896
 11
130.129
 21
385.555
  0
LINE
  8
0
 10
130.129
 20
385.555
 11
129.927
 21
385.237
  0
LINE
  8
0
 10
129.927
 20
385.237
 11
129.687
 21
384.946
  0
LINE
  8
0
 10
129.687
 20
384.946
 11
129.412
 21
384.688
  0
LINE
  8
0
 10
129.412
 20
384.688
 11
129.107
 21
384.467
  0
LINE
  8
0
 10
129.107
 20
384.467
 11
128.777
 21
384.286
  0
LINE
  8
0
 10
128.777
 20
384.286
 11
128.427
 21
384.147
  0
LINE
  8
0
 10
128.427
 20
384.147
 11
128.062
 21
384.053
  0
LINE
  8
0
 10
128.062
 20
384.053
 11
127.688
 21
384.006
  0
LINE
  8
0
 10
127.688
 20
384.006
 11
127.312
 21
384.006
  0
LINE
  8
0
 10
-127.688
 20
384.006
 11
-128.062
 21
384.053
  0
LINE
  8
0
 10
-128.062
 20
384.053
 11
-128.427
 21
384.147
  0
LINE
  8
0
 10
-128.427
 20
384.147
 11
-128.777
 21
384.286
  0
LINE
  8
0
 10
-128.777
 20
384.286
 11
-129.107
 21
384.467
  0
LINE
  8
0
 10
-129.107
 20
384.467
 11
-129.412
 21
384.688
  0
LINE
  8
0
 10
-129.412
 20
384.688
 11
-129.687
 21
384.946
  0
LINE
  8
0
 10
-129.687
 20
384.946
 11
-129.927
 21
385.237
  0
LINE
  8
0
 10
-129.927
 20
385.237
 11
-130.129
 21
385.555
  0
LINE
  8
0
 10
-130.129
 20
385.555
 11
-130.289
 21
385.896
  0
LINE
  8
0
 10
-130.289
 20
385.896
 11
-130.406
 21
386.254
  0
LINE
  8
0
 10
-130.406
 20
386.254
 11
-130.476
 21
386.624
  0
LINE
  8
0
 10
-130.476
 20
386.624
 11
-130.5
 21
387
  0
LINE
  8
0
 10
-130.5
 20
387
 11
-130.476
 21
387.376
  0
LINE
  8
0
 10
-130.476
 20
387.376
 11
-130.406
 21
387.746
  0
LINE
  8
0
 10
-130.406
 20
387.746
 11
-130.289
 21
388.104
  0
LINE
  8
0
 10
-130.289
 20
388.104
 11
-130.129
 21
388.445
  0
LINE
  8
0
 10
-130.129
 20
388.445
 11
-129.927
 21
388.763
  0
LINE
  8
0
 10
-129.927
 20
388.763
 11
-129.687
 21
389.054
  0
LINE
  8
0
 10
-129.687
 20
389.054
 11
-129.412
 21
389.312
  0
LINE
  8
0
 10
-129.412
 20
389.312
 11
-129.107
 21
389.533
  0
LINE
  8
0
 10
-129.107
 20
389.533
 11
-128.777
 21
389.714
  0
LINE
  8
0
 10
-128.777
 20
389.714
 11
-128.427
 21
389.853
  0
LINE
  8
0
 10
-128.427
 20
389.853
 11
-128.062
 21
389.947
  0
LINE
  8
0
 10
-128.062
 20
389.947
 11
-127.688
 21
389.994
  0
LINE
  8
0
 10
-127.688
 20
389.994
 11
-127.312
 21
389.994
  0
LINE
  8
0
 10
-127.312
 20
389.994
 11
-126.938
 21
389.947
  0
LINE
  8
0
 10
-126.938
 20
389.947
 11
-126.573
 21
389.853
  0
LINE
  8
0
 10
-126.573
 20
389.853
 11
-126.223
 21
389.714
  0
LINE
  8
0
 10
-126.223
 20
389.714
 11
-125.893
 21
389.533
  0
LINE
  8
0
 10
-125.893
 20
389.533
 11
-125.588
 21
389.312
  0
LINE
  8
0
 10
-125.588
 20
389.312
 11
-125.313
 21
389.054
  0
LINE
  8
0
 10
-125.313
 20
389.054
 11
-125.073
 21
388.763
  0
LINE
  8
0
 10
-125.073
 20
388.763
 11
-124.871
 21
388.445
  0
LINE
  8
0
 10
-124.871
 20
388.445
 11
-124.711
 21
388.104
  0
LINE
  8
0
 10
-124.711
 20
388.104
 11
-124.594
 21
387.746
  0
LINE
  8
0
 10
-124.594
 20
387.746
 11
-124.524
 21
387.376
  0
LINE
  8
0
 10
-124.524
 20
387.376
 11
-124.5
 21
387
  0
LINE
  8
0
 10
-124.5
 20
387
 11
-124.524
 21
386.624
  0
LINE
  8
0
 10
-124.524
 20
386.624
 11
-124.594
 21
386.254
  0
LINE
  8
0
 10
-124.594
 20
386.254
 11
-124.711
 21
385.896
  0
LINE
  8
0
 10
-124.711
 20
385.896
 11
-124.871
 21
385.555
  0
LINE
  8
0
 10
-124.871
 20
385.555
 11
-125.073
 21
385.237
  0
LINE
  8
0
 10
-125.073
 20
385.237
 11
-125.313
 21
384.946
  0
LINE
  8
0
 10
-125.313
 20
384.946
 11
-125.588
 21
384.688
  0
LINE
  8
0
 10
-125.588
 20
384.688
 11
-125.893
 21
384.467
  0
LINE
  8
0
 10
-125.893
 20
384.467
 11
-126.223
 21
384.286
  0
LINE
  8
0
 10
-126.223
 20
384.286
 11
-126.573
 21
384.147
  0
LINE
  8
0
 10
-126.573
 20
384.147
 11
-126.938
 21
384.053
  0
LINE
  8
0
 10
-126.938
 20
384.053
 11
-127.312
 21
384.006
  0
LINE
  8
0
 10
-127.312
 20
384.006
 11
-127.688
 21
384.006
  0
LINE
  8
0
 10
-127.594
 20
378.003
 11
-127.781
 21
378.027
  0
LINE
  8
0
 10
-127.781
 20
378.027
 11
-127.964
 21
378.073
  0
LINE
  8
0
 10
-127.964
 20
378.073
 11
-128.139
 21
378.143
  0
LINE
  8
0
 10
-128.139
 20
378.143
 11
-128.304
 21
378.234
  0
LINE
  8
0
 10
-128.304
 20
378.234
 11
-128.456
 21
378.344
  0
LINE
  8
0
 10
-128.456
 20
378.344
 11
-128.593
 21
378.473
  0
LINE
  8
0
 10
-128.593
 20
378.473
 11
-128.714
 21
378.618
  0
LINE
  8
0
 10
-128.714
 20
378.618
 11
-128.814
 21
378.777
  0
LINE
  8
0
 10
-128.814
 20
378.777
 11
-128.895
 21
378.948
  0
LINE
  8
0
 10
-128.895
 20
378.948
 11
-128.953
 21
379.127
  0
LINE
  8
0
 10
-128.953
 20
379.127
 11
-128.988
 21
379.312
  0
LINE
  8
0
 10
-128.988
 20
379.312
 11
-129
 21
379.5
  0
LINE
  8
0
 10
-129
 20
379.5
 11
-128.988
 21
379.688
  0
LINE
  8
0
 10
-128.988
 20
379.688
 11
-128.953
 21
379.873
  0
LINE
  8
0
 10
-128.953
 20
379.873
 11
-128.895
 21
380.052
  0
LINE
  8
0
 10
-128.895
 20
380.052
 11
-128.814
 21
380.223
  0
LINE
  8
0
 10
-128.814
 20
380.223
 11
-128.714
 21
380.382
  0
LINE
  8
0
 10
-128.714
 20
380.382
 11
-128.593
 21
380.527
  0
LINE
  8
0
 10
-128.593
 20
380.527
 11
-128.456
 21
380.656
  0
LINE
  8
0
 10
-128.456
 20
380.656
 11
-128.304
 21
380.766
  0
LINE
  8
0
 10
-128.304
 20
380.766
 11
-128.139
 21
380.857
  0
LINE
  8
0
 10
-128.139
 20
380.857
 11
-127.964
 21
380.927
  0
LINE
  8
0
 10
-127.964
 20
380.927
 11
-127.781
 21
380.973
  0
LINE
  8
0
 10
-127.781
 20
380.973
 11
-127.594
 21
380.997
  0
LINE
  8
0
 10
-127.594
 20
380.997
 11
-127.406
 21
380.997
  0
LINE
  8
0
 10
-127.406
 20
380.997
 11
-127.219
 21
380.973
  0
LINE
  8
0
 10
-127.219
 20
380.973
 11
-127.036
 21
380.927
  0
LINE
  8
0
 10
-127.036
 20
380.927
 11
-126.861
 21
380.857
  0
LINE
  8
0
 10
-126.861
 20
380.857
 11
-126.696
 21
380.766
  0
LINE
  8
0
 10
-126.696
 20
380.766
 11
-126.544
 21
380.656
  0
LINE
  8
0
 10
-126.544
 20
380.656
 11
-126.407
 21
380.527
  0
LINE
  8
0
 10
-126.407
 20
380.527
 11
-126.286
 21
380.382
  0
LINE
  8
0
 10
-126.286
 20
380.382
 11
-126.186
 21
380.223
  0
LINE
  8
0
 10
-126.186
 20
380.223
 11
-126.105
 21
380.052
  0
LINE
  8
0
 10
-126.105
 20
380.052
 11
-126.047
 21
379.873
  0
LINE
  8
0
 10
-126.047
 20
379.873
 11
-126.012
 21
379.688
  0
LINE
  8
0
 10
-126.012
 20
379.688
 11
-126
 21
379.5
  0
LINE
  8
0
 10
-126
 20
379.5
 11
-126.012
 21
379.312
  0
LINE
  8
0
 10
-126.012
 20
379.312
 11
-126.047
 21
379.127
  0
LINE
  8
0
 10
-126.047
 20
379.127
 11
-126.105
 21
378.948
  0
LINE
  8
0
 10
-126.105
 20
378.948
 11
-126.186
 21
378.777
  0
LINE
  8
0
 10
-126.186
 20
378.777
 11
-126.286
 21
378.618
  0
LINE
  8
0
 10
-126.286
 20
378.618
 11
-126.407
 21
378.473
  0
LINE
  8
0
 10
-126.407
 20
378.473
 11
-126.544
 21
378.344
  0
LINE
  8
0
 10
-126.544
 20
378.344
 11
-126.696
 21
378.234
  0
LINE
  8
0
 10
-126.696
 20
378.234
 11
-126.861
 21
378.143
  0
LINE
  8
0
 10
-126.861
 20
378.143
 11
-127.036
 21
378.073
  0
LINE
  8
0
 10
-127.036
 20
378.073
 11
-127.219
 21
378.027
  0
LINE
  8
0
 10
-127.219
 20
378.027
 11
-127.406
 21
378.003
  0
LINE
  8
0
 10
-127.406
 20
378.003
 11
-127.594
 21
378.003
  0
LINE
  8
0
 10
127.406
 20
378.003
 11
127.219
 21
378.027
  0
LINE
  8
0
 10
127.219
 20
378.027
 11
127.036
 21
378.073
  0
LINE
  8
0
 10
127.036
 20
378.073
 11
126.861
 21
378.143
  0
LINE
  8
0
 10
126.861
 20
378.143
 11
126.696
 21
378.234
  0
LINE
  8
0
 10
126.696
 20
378.234
 11
126.544
 21
378.344
  0
LINE
  8
0
 10
126.544
 20
378.344
 11
126.407
 21
378.473
  0
LINE
  8
0
 10
126.407
 20
378.473
 11
126.286
 21
378.618
  0
LINE
  8
0
 10
126.286
 20
378.618
 11
126.186
 21
378.777
  0
LINE
  8
0
 10
126.186
 20
378.777
 11
126.105
 21
378.948
  0
LINE
  8
0
 10
126.105
 20
378.948
 11
126.047
 21
379.127
  0
LINE
  8
0
 10
126.047
 20
379.127
 11
126.012
 21
379.312
  0
LINE
  8
0
 10
126.012
 20
379.312
 11
126
 21
379.5
  0
LINE
  8
0
 10
126
 20
379.5
 11
126.012
 21
379.688
  0
LINE
  8
0
 10
126.012
 20
379.688
 11
126.047
 21
379.873
  0
LINE
  8
0
 10
126.047
 20
379.873
 11
126.105
 21
380.052
  0
LINE
  8
0
 10
126.105
 20
380.052
 11
126.186
 21
380.223
  0
LINE
  8
0
 10
126.186
 20
380.223
 11
126.286
 21
380.382
  0
LINE
  8
0
 10
126.286
 20
380.382
 11
126.407
 21
380.527
  0
LINE
  8
0
 10
126.407
 20
380.527
 11
126.544
 21
380.656
  0
LINE
  8
0
 10
126.544
 20
380.656
 11
126.696
 21
380.766
  0
LINE
  8
0
 10
126.696
 20
380.766
 11
126.861
 21
380.857
  0
LINE
  8
0
 10
126.861
 20
380.857
 11
127.036
 21
380.927
  0
LINE
  8
0
 10
127.036
 20
380.927
 11
127.219
 21
380.973
  0
LINE
  8
0
 10
127.219
 20
380.973
 11
127.406
 21
380.997
  0
LINE
  8
0
 10
127.406
 20
380.997
 11
127.594
 21
380.997
  0
LINE
  8
0
 10
127.594
 20
380.997
 11
127.781
 21
380.973
  0
LINE
  8
0
 10
127.781
 20
380.973
 11
127.964
 21
380.927
  0
LINE
  8
0
 10
127.964
 20
380.927
 11
128.139
 21
380.857
  0
LINE
  8
0
 10
128.139
 20
380.857
 11
128.304
 21
380.766
  0
LINE
  8
0
 10
128.304
 20
380.766
 11
128.456
 21
380.656
  0
LINE
  8
0
 10
128.456
 20
380.656
 11
128.593
 21
380.527
  0
LINE
  8
0
 10
128.593
 20
380.527
 11
128.714
 21
380.382
  0
LINE
  8
0
 10
128.714
 20
380.382
 11
128.814
 21
380.223
  0
LINE
  8
0
 10
128.814
 20
380.223
 11
128.895
 21
380.052
  0
LINE
  8
0
 10
128.895
 20
380.052
 11
128.953
 21
379.873
  0
LINE
  8
0
 10
128.953
 20
379.873
 11
128.988
 21
379.688
  0
LINE
  8
0
 10
128.988
 20
379.688
 11
129
 21
379.5
  0
LINE
  8
0
 10
129
 20
379.5
 11
128.988
 21
379.312
  0
LINE
  8
0
 10
128.988
 20
379.312
 11
128.953
 21
379.127
  0
LINE
  8
0
 10
128.953
 20
379.127
 11
128.895
 21
378.948
  0
LINE
  8
0
 10
128.895
 20
378.948
 11
128.814
 21
378.777
  0
LINE
  8
0
 10
128.814
 20
378.777
 11
128.714
 21
378.618
  0
LINE
  8
0
 10
128.714
 20
378.618
 11
128.593
 21
378.473
  0
LINE
  8
0
 10
128.593
 20
378.473
 11
128.456
 21
378.344
  0
LINE
  8
0
 10
128.456
 20
378.344
 11
128.304
 21
378.234
  0
LINE
  8
0
 10
128.304
 20
378.234
 11
128.139
 21
378.143
  0
LINE
  8
0
 10
128.139
 20
378.143
 11
127.964
 21
378.073
  0
LINE
  8
0
 10
127.964
 20
378.073
 11
127.781
 21
378.027
  0
LINE
  8
0
 10
127.781
 20
378.027
 11
127.594
 21
378.003
  0
LINE
  8
0
 10
127.594
 20
378.003
 11
127.406
 21
378.003
  0
LINE
  8
0
 10
-127.688
 20
369.006
 11
-128.062
 21
369.053
  0
LINE
  8
0
 10
-128.062
 20
369.053
 11
-128.427
 21
369.147
  0
LINE
  8
0
 10
-128.427
 20
369.147
 11
-128.777
 21
369.286
  0
LINE
  8
0
 10
-128.777
 20
369.286
 11
-129.107
 21
369.467
  0
LINE
  8
0
 10
-129.107
 20
369.467
 11
-129.412
 21
369.688
  0
LINE
  8
0
 10
-129.412
 20
369.688
 11
-129.687
 21
369.946
  0
LINE
  8
0
 10
-129.687
 20
369.946
 11
-129.927
 21
370.237
  0
LINE
  8
0
 10
-129.927
 20
370.237
 11
-130.129
 21
370.555
  0
LINE
  8
0
 10
-130.129
 20
370.555
 11
-130.289
 21
370.896
  0
LINE
  8
0
 10
-130.289
 20
370.896
 11
-130.406
 21
371.254
  0
LINE
  8
0
 10
-130.406
 20
371.254
 11
-130.476
 21
371.624
  0
LINE
  8
0
 10
-130.476
 20
371.624
 11
-130.5
 21
372
  0
LINE
  8
0
 10
-130.5
 20
372
 11
-130.476
 21
372.376
  0
LINE
  8
0
 10
-130.476
 20
372.376
 11
-130.406
 21
372.746
  0
LINE
  8
0
 10
-130.406
 20
372.746
 11
-130.289
 21
373.104
  0
LINE
  8
0
 10
-130.289
 20
373.104
 11
-130.129
 21
373.445
  0
LINE
  8
0
 10
-130.129
 20
373.445
 11
-129.927
 21
373.763
  0
LINE
  8
0
 10
-129.927
 20
373.763
 11
-129.687
 21
374.054
  0
LINE
  8
0
 10
-129.687
 20
374.054
 11
-129.412
 21
374.312
  0
LINE
  8
0
 10
-129.412
 20
374.312
 11
-129.107
 21
374.533
  0
LINE
  8
0
 10
-129.107
 20
374.533
 11
-128.777
 21
374.714
  0
LINE
  8
0
 10
-128.777
 20
374.714
 11
-128.427
 21
374.853
  0
LINE
  8
0
 10
-128.427
 20
374.853
 11
-128.062
 21
374.947
  0
LINE
  8
0
 10
-128.062
 20
374.947
 11
-127.688
 21
374.994
  0
LINE
  8
0
 10
-127.688
 20
374.994
 11
-127.312
 21
374.994
  0
LINE
  8
0
 10
-127.312
 20
374.994
 11
-126.938
 21
374.947
  0
LINE
  8
0
 10
-126.938
 20
374.947
 11
-126.573
 21
374.853
  0
LINE
  8
0
 10
-126.573
 20
374.853
 11
-126.223
 21
374.714
  0
LINE
  8
0
 10
-126.223
 20
374.714
 11
-125.893
 21
374.533
  0
LINE
  8
0
 10
-125.893
 20
374.533
 11
-125.588
 21
374.312
  0
LINE
  8
0
 10
-125.588
 20
374.312
 11
-125.313
 21
374.054
  0
LINE
  8
0
 10
-125.313
 20
374.054
 11
-125.073
 21
373.763
  0
LINE
  8
0
 10
-125.073
 20
373.763
 11
-124.871
 21
373.445
  0
LINE
  8
0
 10
-124.871
 20
373.445
 11
-124.711
 21
373.104
  0
LINE
  8
0
 10
-124.711
 20
373.104
 11
-124.594
 21
372.746
  0
LINE
  8
0
 10
-124.594
 20
372.746
 11
-124.524
 21
372.376
  0
LINE
  8
0
 10
-124.524
 20
372.376
 11
-124.5
 21
372
  0
LINE
  8
0
 10
-124.5
 20
372
 11
-124.524
 21
371.624
  0
LINE
  8
0
 10
-124.524
 20
371.624
 11
-124.594
 21
371.254
  0
LINE
  8
0
 10
-124.594
 20
371.254
 11
-124.711
 21
370.896
  0
LINE
  8
0
 10
-124.711
 20
370.896
 11
-124.871
 21
370.555
  0
LINE
  8
0
 10
-124.871
 20
370.555
 11
-125.073
 21
370.237
  0
LINE
  8
0
 10
-125.073
 20
370.237
 11
-125.313
 21
369.946
  0
LINE
  8
0
 10
-125.313
 20
369.946
 11
-125.588
 21
369.688
  0
LINE
  8
0
 10
-125.588
 20
369.688
 11
-125.893
 21
369.467
  0
LINE
  8
0
 10
-125.893
 20
369.467
 11
-126.223
 21
369.286
  0
LINE
  8
0
 10
-126.223
 20
369.286
 11
-126.573
 21
369.147
  0
LINE
  8
0
 10
-126.573
 20
369.147
 11
-126.938
 21
369.053
  0
LINE
  8
0
 10
-126.938
 20
369.053
 11
-127.312
 21
369.006
  0
LINE
  8
0
 10
-127.312
 20
369.006
 11
-127.688
 21
369.006
  0
LINE
  8
0
 10
127.312
 20
369.006
 11
126.938
 21
369.053
  0
LINE
  8
0
 10
126.938
 20
369.053
 11
126.573
 21
369.147
  0
LINE
  8
0
 10
126.573
 20
369.147
 11
126.223
 21
369.286
  0
LINE
  8
0
 10
126.223
 20
369.286
 11
125.893
 21
369.467
  0
LINE
  8
0
 10
125.893
 20
369.467
 11
125.588
 21
369.688
  0
LINE
  8
0
 10
125.588
 20
369.688
 11
125.313
 21
369.946
  0
LINE
  8
0
 10
125.313
 20
369.946
 11
125.073
 21
370.237
  0
LINE
  8
0
 10
125.073
 20
370.237
 11
124.871
 21
370.555
  0
LINE
  8
0
 10
124.871
 20
370.555
 11
124.711
 21
370.896
  0
LINE
  8
0
 10
124.711
 20
370.896
 11
124.594
 21
371.254
  0
LINE
  8
0
 10
124.594
 20
371.254
 11
124.524
 21
371.624
  0
LINE
  8
0
 10
124.524
 20
371.624
 11
124.5
 21
372
  0
LINE
  8
0
 10
124.5
 20
372
 11
124.524
 21
372.376
  0
LINE
  8
0
 10
124.524
 20
372.376
 11
124.594
 21
372.746
  0
LINE
  8
0
 10
124.594
 20
372.746
 11
124.711
 21
373.104
  0
LINE
  8
0
 10
124.711
 20
373.104
 11
124.871
 21
373.445
  0
LINE
  8
0
 10
124.871
 20
373.445
 11
125.073
 21
373.763
  0
LINE
  8
0
 10
125.073
 20
373.763
 11
125.313
 21
374.054
  0
LINE
  8
0
 10
125.313
 20
374.054
 11
125.588
 21
374.312
  0
LINE
  8
0
 10
125.588
 20
374.312
 11
125.893
 21
374.533
  0
LINE
  8
0
 10
125.893
 20
374.533
 11
126.223
 21
374.714
  0
LINE
  8
0
 10
126.223
 20
374.714
 11
126.573
 21
374.853
  0
LINE
  8
0
 10
126.573
 20
374.853
 11
126.938
 21
374.947
  0
LINE
  8
0
 10
126.938
 20
374.947
 11
127.312
 21
374.994
  0
LINE
  8
0
 10
127.312
 20
374.994
 11
127.688
 21
374.994
  0
LINE
  8
0
 10
127.688
 20
374.994
 11
128.062
 21
374.947
  0
LINE
  8
0
 10
128.062
 20
374.947
 11
128.427
 21
374.853
  0
LINE
  8
0
 10
128.427
 20
374.853
 11
128.777
 21
374.714
  0
LINE
  8
0
 10
128.777
 20
374.714
 11
129.107
 21
374.533
  0
LINE
  8
0
 10
129.107
 20
374.533
 11
129.412
 21
374.312
  0
LINE
  8
0
 10
129.412
 20
374.312
 11
129.687
 21
374.054
  0
LINE
  8
0
 10
129.687
 20
374.054
 11
129.927
 21
373.763
  0
LINE
  8
0
 10
129.927
 20
373.763
 11
130.129
 21
373.445
  0
LINE
  8
0
 10
130.129
 20
373.445
 11
130.289
 21
373.104
  0
LINE
  8
0
 10
130.289
 20
373.104
 11
130.406
 21
372.746
  0
LINE
  8
0
 10
130.406
 20
372.746
 11
130.476
 21
372.376
  0
LINE
  8
0
 10
130.476
 20
372.376
 11
130.5
 21
372
  0
LINE
  8
0
 10
130.5
 20
372
 11
130.476
 21
371.624
  0
LINE
  8
0
 10
130.476
 20
371.624
 11
130.406
 21
371.254
  0
LINE
  8
0
 10
130.406
 20
371.254
 11
130.289
 21
370.896
  0
LINE
  8
0
 10
130.289
 20
370.896
 11
130.129
 21
370.555
  0
LINE
  8
0
 10
130.129
 20
370.555
 11
129.927
 21
370.237
  0
LINE
  8
0
 10
129.927
 20
370.237
 11
129.687
 21
369.946
  0
LINE
  8
0
 10
129.687
 20
369.946
 11
129.412
 21
369.688
  0
LINE
  8
0
 10
129.412
 20
369.688
 11
129.107
 21
369.467
  0
LINE
  8
0
 10
129.107
 20
369.467
 11
128.777
 21
369.286
  0
LINE
  8
0
 10
128.777
 20
369.286
 11
128.427
 21
369.147
  0
LINE
  8
0
 10
128.427
 20
369.147
 11
128.062
 21
369.053
  0
LINE
  8
0
 10
128.062
 20
369.053
 11
127.688
 21
369.006
  0
LINE
  8
0
 10
127.688
 20
369.006
 11
127.312
 21
369.006
  0
LINE
  8
0
 10
127.406
 20
363.003
 11
127.219
 21
363.027
  0
LINE
  8
0
 10
127.219
 20
363.027
 11
127.036
 21
363.073
  0
LINE
  8
0
 10
127.036
 20
363.073
 11
126.861
 21
363.143
  0
LINE
  8
0
 10
126.861
 20
363.143
 11
126.696
 21
363.234
  0
LINE
  8
0
 10
126.696
 20
363.234
 11
126.544
 21
363.344
  0
LINE
  8
0
 10
126.544
 20
363.344
 11
126.407
 21
363.473
  0
LINE
  8
0
 10
126.407
 20
363.473
 11
126.286
 21
363.618
  0
LINE
  8
0
 10
126.286
 20
363.618
 11
126.186
 21
363.777
  0
LINE
  8
0
 10
126.186
 20
363.777
 11
126.105
 21
363.948
  0
LINE
  8
0
 10
126.105
 20
363.948
 11
126.047
 21
364.127
  0
LINE
  8
0
 10
126.047
 20
364.127
 11
126.012
 21
364.312
  0
LINE
  8
0
 10
126.012
 20
364.312
 11
126
 21
364.5
  0
LINE
  8
0
 10
126
 20
364.5
 11
126.012
 21
364.688
  0
LINE
  8
0
 10
126.012
 20
364.688
 11
126.047
 21
364.873
  0
LINE
  8
0
 10
126.047
 20
364.873
 11
126.105
 21
365.052
  0
LINE
  8
0
 10
126.105
 20
365.052
 11
126.186
 21
365.223
  0
LINE
  8
0
 10
126.186
 20
365.223
 11
126.286
 21
365.382
  0
LINE
  8
0
 10
126.286
 20
365.382
 11
126.407
 21
365.527
  0
LINE
  8
0
 10
126.407
 20
365.527
 11
126.544
 21
365.656
  0
LINE
  8
0
 10
126.544
 20
365.656
 11
126.696
 21
365.766
  0
LINE
  8
0
 10
126.696
 20
365.766
 11
126.861
 21
365.857
  0
LINE
  8
0
 10
126.861
 20
365.857
 11
127.036
 21
365.927
  0
LINE
  8
0
 10
127.036
 20
365.927
 11
127.219
 21
365.973
  0
LINE
  8
0
 10
127.219
 20
365.973
 11
127.406
 21
365.997
  0
LINE
  8
0
 10
127.406
 20
365.997
 11
127.594
 21
365.997
  0
LINE
  8
0
 10
127.594
 20
365.997
 11
127.781
 21
365.973
  0
LINE
  8
0
 10
127.781
 20
365.973
 11
127.964
 21
365.927
  0
LINE
  8
0
 10
127.964
 20
365.927
 11
128.139
 21
365.857
  0
LINE
  8
0
 10
128.139
 20
365.857
 11
128.304
 21
365.766
  0
LINE
  8
0
 10
128.304
 20
365.766
 11
128.456
 21
365.656
  0
LINE
  8
0
 10
128.456
 20
365.656
 11
128.593
 21
365.527
  0
LINE
  8
0
 10
128.593
 20
365.527
 11
128.714
 21
365.382
  0
LINE
  8
0
 10
128.714
 20
365.382
 11
128.814
 21
365.223
  0
LINE
  8
0
 10
128.814
 20
365.223
 11
128.895
 21
365.052
  0
LINE
  8
0
 10
128.895
 20
365.052
 11
128.953
 21
364.873
  0
LINE
  8
0
 10
128.953
 20
364.873
 11
128.988
 21
364.688
  0
LINE
  8
0
 10
128.988
 20
364.688
 11
129
 21
364.5
  0
LINE
  8
0
 10
129
 20
364.5
 11
128.988
 21
364.312
  0
LINE
  8
0
 10
128.988
 20
364.312
 11
128.953
 21
364.127
  0
LINE
  8
0
 10
128.953
 20
364.127
 11
128.895
 21
363.948
  0
LINE
  8
0
 10
128.895
 20
363.948
 11
128.814
 21
363.777
  0
LINE
  8
0
 10
128.814
 20
363.777
 11
128.714
 21
363.618
  0
LINE
  8
0
 10
128.714
 20
363.618
 11
128.593
 21
363.473
  0
LINE
  8
0
 10
128.593
 20
363.473
 11
128.456
 21
363.344
  0
LINE
  8
0
 10
128.456
 20
363.344
 11
128.304
 21
363.234
  0
LINE
  8
0
 10
128.304
 20
363.234
 11
128.139
 21
363.143
  0
LINE
  8
0
 10
128.139
 20
363.143
 11
127.964
 21
363.073
  0
LINE
  8
0
 10
127.964
 20
363.073
 11
127.781
 21
363.027
  0
LINE
  8
0
 10
127.781
 20
363.027
 11
127.594
 21
363.003
  0
LINE
  8
0
 10
127.594
 20
363.003
 11
127.406
 21
363.003
  0
LINE
  8
0
 10
-127.594
 20
363.003
 11
-127.781
 21
363.027
  0
LINE
  8
0
 10
-127.781
 20
363.027
 11
-127.964
 21
363.073
  0
LINE
  8
0
 10
-127.964
 20
363.073
 11
-128.139
 21
363.143
  0
LINE
  8
0
 10
-128.139
 20
363.143
 11
-128.304
 21
363.234
  0
LINE
  8
0
 10
-128.304
 20
363.234
 11
-128.456
 21
363.344
  0
LINE
  8
0
 10
-128.456
 20
363.344
 11
-128.593
 21
363.473
  0
LINE
  8
0
 10
-128.593
 20
363.473
 11
-128.714
 21
363.618
  0
LINE
  8
0
 10
-128.714
 20
363.618
 11
-128.814
 21
363.777
  0
LINE
  8
0
 10
-128.814
 20
363.777
 11
-128.895
 21
363.948
  0
LINE
  8
0
 10
-128.895
 20
363.948
 11
-128.953
 21
364.127
  0
LINE
  8
0
 10
-128.953
 20
364.127
 11
-128.988
 21
364.312
  0
LINE
  8
0
 10
-128.988
 20
364.312
 11
-129
 21
364.5
  0
LINE
  8
0
 10
-129
 20
364.5
 11
-128.988
 21
364.688
  0
LINE
  8
0
 10
-128.988
 20
364.688
 11
-128.953
 21
364.873
  0
LINE
  8
0
 10
-128.953
 20
364.873
 11
-128.895
 21
365.052
  0
LINE
  8
0
 10
-128.895
 20
365.052
 11
-128.814
 21
365.223
  0
LINE
  8
0
 10
-128.814
 20
365.223
 11
-128.714
 21
365.382
  0
LINE
  8
0
 10
-128.714
 20
365.382
 11
-128.593
 21
365.527
  0
LINE
  8
0
 10
-128.593
 20
365.527
 11
-128.456
 21
365.656
  0
LINE
  8
0
 10
-128.456
 20
365.656
 11
-128.304
 21
365.766
  0
LINE
  8
0
 10
-128.304
 20
365.766
 11
-128.139
 21
365.857
  0
LINE
  8
0
 10
-128.139
 20
365.857
 11
-127.964
 21
365.927
  0
LINE
  8
0
 10
-127.964
 20
365.927
 11
-127.781
 21
365.973
  0
LINE
  8
0
 10
-127.781
 20
365.973
 11
-127.594
 21
365.997
  0
LINE
  8
0
 10
-127.594
 20
365.997
 11
-127.406
 21
365.997
  0
LINE
  8
0
 10
-127.406
 20
365.997
 11
-127.219
 21
365.973
  0
LINE
  8
0
 10
-127.219
 20
365.973
 11
-127.036
 21
365.927
  0
LINE
  8
0
 10
-127.036
 20
365.927
 11
-126.861
 21
365.857
  0
LINE
  8
0
 10
-126.861
 20
365.857
 11
-126.696
 21
365.766
  0
LINE
  8
0
 10
-126.696
 20
365.766
 11
-126.544
 21
365.656
  0
LINE
  8
0
 10
-126.544
 20
365.656
 11
-126.407
 21
365.527
  0
LINE
  8
0
 10
-126.407
 20
365.527
 11
-126.286
 21
365.382
  0
LINE
  8
0
 10
-126.286
 20
365.382
 11
-126.186
 21
365.223
  0
LINE
  8
0
 10
-126.186
 20
365.223
 11
-126.105
 21
365.052
  0
LINE
  8
0
 10
-126.105
 20
365.052
 11
-126.047
 21
364.873
  0
LINE
  8
0
 10
-126.047
 20
364.873
 11
-126.012
 21
364.688
  0
LINE
  8
0
 10
-126.012
 20
364.688
 11
-126
 21
364.5
  0
LINE
  8
0
 10
-126
 20
364.5
 11
-126.012
 21
364.312
  0
LINE
  8
0
 10
-126.012
 20
364.312
 11
-126.047
 21
364.127
  0
LINE
  8
0
 10
-126.047
 20
364.127
 11
-126.105
 21
363.948
  0
LINE
  8
0
 10
-126.105
 20
363.948
 11
-126.186
 21
363.777
  0
LINE
  8
0
 10
-126.186
 20
363.777
 11
-126.286
 21
363.618
  0
LINE
  8
0
 10
-126.286
 20
363.618
 11
-126.407
 21
363.473
  0
LINE
  8
0
 10
-126.407
 20
363.473
 11
-126.544
 21
363.344
  0
LINE
  8
0
 10
-126.544
 20
363.344
 11
-126.696
 21
363.234
  0
LINE
  8
0
 10
-126.696
 20
363.234
 11
-126.861
 21
363.143
  0
LINE
  8
0
 10
-126.861
 20
363.143
 11
-127.036
 21
363.073
  0
LINE
  8
0
 10
-127.036
 20
363.073
 11
-127.219
 21
363.027
  0
LINE
  8
0
 10
-127.219
 20
363.027
 11
-127.406
 21
363.003
  0
LINE
  8
0
 10
-127.406
 20
363.003
 11
-127.594
 21
363.003
  0
LINE
  8
0
 10
127.312
 20
354.006
 11
126.938
 21
354.053
  0
LINE
  8
0
 10
126.938
 20
354.053
 11
126.573
 21
354.147
  0
LINE
  8
0
 10
126.573
 20
354.147
 11
126.223
 21
354.286
  0
LINE
  8
0
 10
126.223
 20
354.286
 11
125.893
 21
354.467
  0
LINE
  8
0
 10
125.893
 20
354.467
 11
125.588
 21
354.688
  0
LINE
  8
0
 10
125.588
 20
354.688
 11
125.313
 21
354.946
  0
LINE
  8
0
 10
125.313
 20
354.946
 11
125.073
 21
355.237
  0
LINE
  8
0
 10
125.073
 20
355.237
 11
124.871
 21
355.555
  0
LINE
  8
0
 10
124.871
 20
355.555
 11
124.711
 21
355.896
  0
LINE
  8
0
 10
124.711
 20
355.896
 11
124.594
 21
356.254
  0
LINE
  8
0
 10
124.594
 20
356.254
 11
124.524
 21
356.624
  0
LINE
  8
0
 10
124.524
 20
356.624
 11
124.5
 21
357
  0
LINE
  8
0
 10
124.5
 20
357
 11
124.524
 21
357.376
  0
LINE
  8
0
 10
124.524
 20
357.376
 11
124.594
 21
357.746
  0
LINE
  8
0
 10
124.594
 20
357.746
 11
124.711
 21
358.104
  0
LINE
  8
0
 10
124.711
 20
358.104
 11
124.871
 21
358.445
  0
LINE
  8
0
 10
124.871
 20
358.445
 11
125.073
 21
358.763
  0
LINE
  8
0
 10
125.073
 20
358.763
 11
125.313
 21
359.054
  0
LINE
  8
0
 10
125.313
 20
359.054
 11
125.588
 21
359.312
  0
LINE
  8
0
 10
125.588
 20
359.312
 11
125.893
 21
359.533
  0
LINE
  8
0
 10
125.893
 20
359.533
 11
126.223
 21
359.714
  0
LINE
  8
0
 10
126.223
 20
359.714
 11
126.573
 21
359.853
  0
LINE
  8
0
 10
126.573
 20
359.853
 11
126.938
 21
359.947
  0
LINE
  8
0
 10
126.938
 20
359.947
 11
127.312
 21
359.994
  0
LINE
  8
0
 10
127.312
 20
359.994
 11
127.688
 21
359.994
  0
LINE
  8
0
 10
127.688
 20
359.994
 11
128.062
 21
359.947
  0
LINE
  8
0
 10
128.062
 20
359.947
 11
128.427
 21
359.853
  0
LINE
  8
0
 10
128.427
 20
359.853
 11
128.777
 21
359.714
  0
LINE
  8
0
 10
128.777
 20
359.714
 11
129.107
 21
359.533
  0
LINE
  8
0
 10
129.107
 20
359.533
 11
129.412
 21
359.312
  0
LINE
  8
0
 10
129.412
 20
359.312
 11
129.687
 21
359.054
  0
LINE
  8
0
 10
129.687
 20
359.054
 11
129.927
 21
358.763
  0
LINE
  8
0
 10
129.927
 20
358.763
 11
130.129
 21
358.445
  0
LINE
  8
0
 10
130.129
 20
358.445
 11
130.289
 21
358.104
  0
LINE
  8
0
 10
130.289
 20
358.104
 11
130.406
 21
357.746
  0
LINE
  8
0
 10
130.406
 20
357.746
 11
130.476
 21
357.376
  0
LINE
  8
0
 10
130.476
 20
357.376
 11
130.5
 21
357
  0
LINE
  8
0
 10
130.5
 20
357
 11
130.476
 21
356.624
  0
LINE
  8
0
 10
130.476
 20
356.624
 11
130.406
 21
356.254
  0
LINE
  8
0
 10
130.406
 20
356.254
 11
130.289
 21
355.896
  0
LINE
  8
0
 10
130.289
 20
355.896
 11
130.129
 21
355.555
  0
LINE
  8
0
 10
130.129
 20
355.555
 11
129.927
 21
355.237
  0
LINE
  8
0
 10
129.927
 20
355.237
 11
129.687
 21
354.946
  0
LINE
  8
0
 10
129.687
 20
354.946
 11
129.412
 21
354.688
  0
LINE
  8
0
 10
129.412
 20
354.688
 11
129.107
 21
354.467
  0
LINE
  8
0
 10
129.107
 20
354.467
 11
128.777
 21
354.286
  0
LINE
  8
0
 10
128.777
 20
354.286
 11
128.427
 21
354.147
  0
LINE
  8
0
 10
128.427
 20
354.147
 11
128.062
 21
354.053
  0
LINE
  8
0
 10
128.062
 20
354.053
 11
127.688
 21
354.006
  0
LINE
  8
0
 10
127.688
 20
354.006
 11
127.312
 21
354.006
  0
LINE
  8
0
 10
-127.688
 20
354.006
 11
-128.062
 21
354.053
  0
LINE
  8
0
 10
-128.062
 20
354.053
 11
-128.427
 21
354.147
  0
LINE
  8
0
 10
-128.427
 20
354.147
 11
-128.777
 21
354.286
  0
LINE
  8
0
 10
-128.777
 20
354.286
 11
-129.107
 21
354.467
  0
LINE
  8
0
 10
-129.107
 20
354.467
 11
-129.412
 21
354.688
  0
LINE
  8
0
 10
-129.412
 20
354.688
 11
-129.687
 21
354.946
  0
LINE
  8
0
 10
-129.687
 20
354.946
 11
-129.927
 21
355.237
  0
LINE
  8
0
 10
-129.927
 20
355.237
 11
-130.129
 21
355.555
  0
LINE
  8
0
 10
-130.129
 20
355.555
 11
-130.289
 21
355.896
  0
LINE
  8
0
 10
-130.289
 20
355.896
 11
-130.406
 21
356.254
  0
LINE
  8
0
 10
-130.406
 20
356.254
 11
-130.476
 21
356.624
  0
LINE
  8
0
 10
-130.476
 20
356.624
 11
-130.5
 21
357
  0
LINE
  8
0
 10
-130.5
 20
357
 11
-130.476
 21
357.376
  0
LINE
  8
0
 10
-130.476
 20
357.376
 11
-130.406
 21
357.746
  0
LINE
  8
0
 10
-130.406
 20
357.746
 11
-130.289
 21
358.104
  0
LINE
  8
0
 10
-130.289
 20
358.104
 11
-130.129
 21
358.445
  0
LINE
  8
0
 10
-130.129
 20
358.445
 11
-129.927
 21
358.763
  0
LINE
  8
0
 10
-129.927
 20
358.763
 11
-129.687
 21
359.054
  0
LINE
  8
0
 10
-129.687
 20
359.054
 11
-129.412
 21
359.312
  0
LINE
  8
0
 10
-129.412
 20
359.312
 11
-129.107
 21
359.533
  0
LINE
  8
0
 10
-129.107
 20
359.533
 11
-128.777
 21
359.714
  0
LINE
  8
0
 10
-128.777
 20
359.714
 11
-128.427
 21
359.853
  0
LINE
  8
0
 10
-128.427
 20
359.853
 11
-128.062
 21
359.947
  0
LINE
  8
0
 10
-128.062
 20
359.947
 11
-127.688
 21
359.994
  0
LINE
  8
0
 10
-127.688
 20
359.994
 11
-127.312
 21
359.994
  0
LINE
  8
0
 10
-127.312
 20
359.994
 11
-126.938
 21
359.947
  0
LINE
  8
0
 10
-126.938
 20
359.947
 11
-126.573
 21
359.853
  0
LINE
  8
0
 10
-126.573
 20
359.853
 11
-126.223
 21
359.714
  0
LINE
  8
0
 10
-126.223
 20
359.714
 11
-125.893
 21
359.533
  0
LINE
  8
0
 10
-125.893
 20
359.533
 11
-125.588
 21
359.312
  0
LINE
  8
0
 10
-125.588
 20
359.312
 11
-125.313
 21
359.054
  0
LINE
  8
0
 10
-125.313
 20
359.054
 11
-125.073
 21
358.763
  0
LINE
  8
0
 10
-125.073
 20
358.763
 11
-124.871
 21
358.445
  0
LINE
  8
0
 10
-124.871
 20
358.445
 11
-124.711
 21
358.104
  0
LINE
  8
0
 10
-124.711
 20
358.104
 11
-124.594
 21
357.746
  0
LINE
  8
0
 10
-124.594
 20
357.746
 11
-124.524
 21
357.376
  0
LINE
  8
0
 10
-124.524
 20
357.376
 11
-124.5
 21
357
  0
LINE
  8
0
 10
-124.5
 20
357
 11
-124.524
 21
356.624
  0
LINE
  8
0
 10
-124.524
 20
356.624
 11
-124.594
 21
356.254
  0
LINE
  8
0
 10
-124.594
 20
356.254
 11
-124.711
 21
355.896
  0
LINE
  8
0
 10
-124.711
 20
355.896
 11
-124.871
 21
355.555
  0
LINE
  8
0
 10
-124.871
 20
355.555
 11
-125.073
 21
355.237
  0
LINE
  8
0
 10
-125.073
 20
355.237
 11
-125.313
 21
354.946
  0
LINE
  8
0
 10
-125.313
 20
354.946
 11
-125.588
 21
354.688
  0
LINE
  8
0
 10
-125.588
 20
354.688
 11
-125.893
 21
354.467
  0
LINE
  8
0
 10
-125.893
 20
354.467
 11
-126.223
 21
354.286
  0
LINE
  8
0
 10
-126.223
 20
354.286
 11
-126.573
 21
354.147
  0
LINE
  8
0
 10
-126.573
 20
354.147
 11
-126.938
 21
354.053
  0
LINE
  8
0
 10
-126.938
 20
354.053
 11
-127.312
 21
354.006
  0
LINE
  8
0
 10
-127.312
 20
354.006
 11
-127.688
 21
354.006
  0
LINE
  8
0
 10
-127.594
 20
348.003
 11
-127.781
 21
348.027
  0
LINE
  8
0
 10
-127.781
 20
348.027
 11
-127.964
 21
348.073
  0
LINE
  8
0
 10
-127.964
 20
348.073
 11
-128.139
 21
348.143
  0
LINE
  8
0
 10
-128.139
 20
348.143
 11
-128.304
 21
348.234
  0
LINE
  8
0
 10
-128.304
 20
348.234
 11
-128.456
 21
348.344
  0
LINE
  8
0
 10
-128.456
 20
348.344
 11
-128.593
 21
348.473
  0
LINE
  8
0
 10
-128.593
 20
348.473
 11
-128.714
 21
348.618
  0
LINE
  8
0
 10
-128.714
 20
348.618
 11
-128.814
 21
348.777
  0
LINE
  8
0
 10
-128.814
 20
348.777
 11
-128.895
 21
348.948
  0
LINE
  8
0
 10
-128.895
 20
348.948
 11
-128.953
 21
349.127
  0
LINE
  8
0
 10
-128.953
 20
349.127
 11
-128.988
 21
349.312
  0
LINE
  8
0
 10
-128.988
 20
349.312
 11
-129
 21
349.5
  0
LINE
  8
0
 10
-129
 20
349.5
 11
-128.988
 21
349.688
  0
LINE
  8
0
 10
-128.988
 20
349.688
 11
-128.953
 21
349.873
  0
LINE
  8
0
 10
-128.953
 20
349.873
 11
-128.895
 21
350.052
  0
LINE
  8
0
 10
-128.895
 20
350.052
 11
-128.814
 21
350.223
  0
LINE
  8
0
 10
-128.814
 20
350.223
 11
-128.714
 21
350.382
  0
LINE
  8
0
 10
-128.714
 20
350.382
 11
-128.593
 21
350.527
  0
LINE
  8
0
 10
-128.593
 20
350.527
 11
-128.456
 21
350.656
  0
LINE
  8
0
 10
-128.456
 20
350.656
 11
-128.304
 21
350.766
  0
LINE
  8
0
 10
-128.304
 20
350.766
 11
-128.139
 21
350.857
  0
LINE
  8
0
 10
-128.139
 20
350.857
 11
-127.964
 21
350.927
  0
LINE
  8
0
 10
-127.964
 20
350.927
 11
-127.781
 21
350.973
  0
LINE
  8
0
 10
-127.781
 20
350.973
 11
-127.594
 21
350.997
  0
LINE
  8
0
 10
-127.594
 20
350.997
 11
-127.406
 21
350.997
  0
LINE
  8
0
 10
-127.406
 20
350.997
 11
-127.219
 21
350.973
  0
LINE
  8
0
 10
-127.219
 20
350.973
 11
-127.036
 21
350.927
  0
LINE
  8
0
 10
-127.036
 20
350.927
 11
-126.861
 21
350.857
  0
LINE
  8
0
 10
-126.861
 20
350.857
 11
-126.696
 21
350.766
  0
LINE
  8
0
 10
-126.696
 20
350.766
 11
-126.544
 21
350.656
  0
LINE
  8
0
 10
-126.544
 20
350.656
 11
-126.407
 21
350.527
  0
LINE
  8
0
 10
-126.407
 20
350.527
 11
-126.286
 21
350.382
  0
LINE
  8
0
 10
-126.286
 20
350.382
 11
-126.186
 21
350.223
  0
LINE
  8
0
 10
-126.186
 20
350.223
 11
-126.105
 21
350.052
  0
LINE
  8
0
 10
-126.105
 20
350.052
 11
-126.047
 21
349.873
  0
LINE
  8
0
 10
-126.047
 20
349.873
 11
-126.012
 21
349.688
  0
LINE
  8
0
 10
-126.012
 20
349.688
 11
-126
 21
349.5
  0
LINE
  8
0
 10
-126
 20
349.5
 11
-126.012
 21
349.312
  0
LINE
  8
0
 10
-126.012
 20
349.312
 11
-126.047
 21
349.127
  0
LINE
  8
0
 10
-126.047
 20
349.127
 11
-126.105
 21
348.948
  0
LINE
  8
0
 10
-126.105
 20
348.948
 11
-126.186
 21
348.777
  0
LINE
  8
0
 10
-126.186
 20
348.777
 11
-126.286
 21
348.618
  0
LINE
  8
0
 10
-126.286
 20
348.618
 11
-126.407
 21
348.473
  0
LINE
  8
0
 10
-126.407
 20
348.473
 11
-126.544
 21
348.344
  0
LINE
  8
0
 10
-126.544
 20
348.344
 11
-126.696
 21
348.234
  0
LINE
  8
0
 10
-126.696
 20
348.234
 11
-126.861
 21
348.143
  0
LINE
  8
0
 10
-126.861
 20
348.143
 11
-127.036
 21
348.073
  0
LINE
  8
0
 10
-127.036
 20
348.073
 11
-127.219
 21
348.027
  0
LINE
  8
0
 10
-127.219
 20
348.027
 11
-127.406
 21
348.003
  0
LINE
  8
0
 10
-127.406
 20
348.003
 11
-127.594
 21
348.003
  0
LINE
  8
0
 10
127.406
 20
348.003
 11
127.219
 21
348.027
  0
LINE
  8
0
 10
127.219
 20
348.027
 11
127.036
 21
348.073
  0
LINE
  8
0
 10
127.036
 20
348.073
 11
126.861
 21
348.143
  0
LINE
  8
0
 10
126.861
 20
348.143
 11
126.696
 21
348.234
  0
LINE
  8
0
 10
126.696
 20
348.234
 11
126.544
 21
348.344
  0
LINE
  8
0
 10
126.544
 20
348.344
 11
126.407
 21
348.473
  0
LINE
  8
0
 10
126.407
 20
348.473
 11
126.286
 21
348.618
  0
LINE
  8
0
 10
126.286
 20
348.618
 11
126.186
 21
348.777
  0
LINE
  8
0
 10
126.186
 20
348.777
 11
126.105
 21
348.948
  0
LINE
  8
0
 10
126.105
 20
348.948
 11
126.047
 21
349.127
  0
LINE
  8
0
 10
126.047
 20
349.127
 11
126.012
 21
349.312
  0
LINE
  8
0
 10
126.012
 20
349.312
 11
126
 21
349.5
  0
LINE
  8
0
 10
126
 20
349.5
 11
126.012
 21
349.688
  0
LINE
  8
0
 10
126.012
 20
349.688
 11
126.047
 21
349.873
  0
LINE
  8
0
 10
126.047
 20
349.873
 11
126.105
 21
350.052
  0
LINE
  8
0
 10
126.105
 20
350.052
 11
126.186
 21
350.223
  0
LINE
  8
0
 10
126.186
 20
350.223
 11
126.286
 21
350.382
  0
LINE
  8
0
 10
126.286
 20
350.382
 11
126.407
 21
350.527
  0
LINE
  8
0
 10
126.407
 20
350.527
 11
126.544
 21
350.656
  0
LINE
  8
0
 10
126.544
 20
350.656
 11
126.696
 21
350.766
  0
LINE
  8
0
 10
126.696
 20
350.766
 11
126.861
 21
350.857
  0
LINE
  8
0
 10
126.861
 20
350.857
 11
127.036
 21
350.927
  0
LINE
  8
0
 10
127.036
 20
350.927
 11
127.219
 21
350.973
  0
LINE
  8
0
 10
127.219
 20
350.973
 11
127.406
 21
350.997
  0
LINE
  8
0
 10
127.406
 20
350.997
 11
127.594
 21
350.997
  0
LINE
  8
0
 10
127.594
 20
350.997
 11
127.781
 21
350.973
  0
LINE
  8
0
 10
127.781
 20
350.973
 11
127.964
 21
350.927
  0
LINE
  8
0
 10
127.964
 20
350.927
 11
128.139
 21
350.857
  0
LINE
  8
0
 10
128.139
 20
350.857
 11
128.304
 21
350.766
  0
LINE
  8
0
 10
128.304
 20
350.766
 11
128.456
 21
350.656
  0
LINE
  8
0
 10
128.456
 20
350.656
 11
128.593
 21
350.527
  0
LINE
  8
0
 10
128.593
 20
350.527
 11
128.714
 21
350.382
  0
LINE
  8
0
 10
128.714
 20
350.382
 11
128.814
 21
350.223
  0
LINE
  8
0
 10
128.814
 20
350.223
 11
128.895
 21
350.052
  0
LINE
  8
0
 10
128.895
 20
350.052
 11
128.953
 21
349.873
  0
LINE
  8
0
 10
128.953
 20
349.873
 11
128.988
 21
349.688
  0
LINE
  8
0
 10
128.988
 20
349.688
 11
129
 21
349.5
  0
LINE
  8
0
 10
129
 20
349.5
 11
128.988
 21
349.312
  0
LINE
  8
0
 10
128.988
 20
349.312
 11
128.953
 21
349.127
  0
LINE
  8
0
 10
128.953
 20
349.127
 11
128.895
 21
348.948
  0
LINE
  8
0
 10
128.895
 20
348.948
 11
128.814
 21
348.777
  0
LINE
  8
0
 10
128.814
 20
348.777
 11
128.714
 21
348.618
  0
LINE
  8
0
 10
128.714
 20
348.618
 11
128.593
 21
348.473
  0
LINE
  8
0
 10
128.593
 20
348.473
 11
128.456
 21
348.344
  0
LINE
  8
0
 10
128.456
 20
348.344
 11
128.304
 21
348.234
  0
LINE
  8
0
 10
128.304
 20
348.234
 11
128.139
 21
348.143
  0
LINE
  8
0
 10
128.139
 20
348.143
 11
127.964
 21
348.073
  0
LINE
  8
0
 10
127.964
 20
348.073
 11
127.781
 21
348.027
  0
LINE
  8
0
 10
127.781
 20
348.027
 11
127.594
 21
348.003
  0
LINE
  8
0
 10
127.594
 20
348.003
 11
127.406
 21
348.003
  0
LINE
  8
0
 10
127.312
 20
339.006
 11
126.938
 21
339.053
  0
LINE
  8
0
 10
126.938
 20
339.053
 11
126.573
 21
339.147
  0
LINE
  8
0
 10
126.573
 20
339.147
 11
126.223
 21
339.286
  0
LINE
  8
0
 10
126.223
 20
339.286
 11
125.893
 21
339.467
  0
LINE
  8
0
 10
125.893
 20
339.467
 11
125.588
 21
339.688
  0
LINE
  8
0
 10
125.588
 20
339.688
 11
125.313
 21
339.946
  0
LINE
  8
0
 10
125.313
 20
339.946
 11
125.073
 21
340.237
  0
LINE
  8
0
 10
125.073
 20
340.237
 11
124.871
 21
340.555
  0
LINE
  8
0
 10
124.871
 20
340.555
 11
124.711
 21
340.896
  0
LINE
  8
0
 10
124.711
 20
340.896
 11
124.594
 21
341.254
  0
LINE
  8
0
 10
124.594
 20
341.254
 11
124.524
 21
341.624
  0
LINE
  8
0
 10
124.524
 20
341.624
 11
124.5
 21
342
  0
LINE
  8
0
 10
124.5
 20
342
 11
124.524
 21
342.376
  0
LINE
  8
0
 10
124.524
 20
342.376
 11
124.594
 21
342.746
  0
LINE
  8
0
 10
124.594
 20
342.746
 11
124.711
 21
343.104
  0
LINE
  8
0
 10
124.711
 20
343.104
 11
124.871
 21
343.445
  0
LINE
  8
0
 10
124.871
 20
343.445
 11
125.073
 21
343.763
  0
LINE
  8
0
 10
125.073
 20
343.763
 11
125.313
 21
344.054
  0
LINE
  8
0
 10
125.313
 20
344.054
 11
125.588
 21
344.312
  0
LINE
  8
0
 10
125.588
 20
344.312
 11
125.893
 21
344.533
  0
LINE
  8
0
 10
125.893
 20
344.533
 11
126.223
 21
344.714
  0
LINE
  8
0
 10
126.223
 20
344.714
 11
126.573
 21
344.853
  0
LINE
  8
0
 10
126.573
 20
344.853
 11
126.938
 21
344.947
  0
LINE
  8
0
 10
126.938
 20
344.947
 11
127.312
 21
344.994
  0
LINE
  8
0
 10
127.312
 20
344.994
 11
127.688
 21
344.994
  0
LINE
  8
0
 10
127.688
 20
344.994
 11
128.062
 21
344.947
  0
LINE
  8
0
 10
128.062
 20
344.947
 11
128.427
 21
344.853
  0
LINE
  8
0
 10
128.427
 20
344.853
 11
128.777
 21
344.714
  0
LINE
  8
0
 10
128.777
 20
344.714
 11
129.107
 21
344.533
  0
LINE
  8
0
 10
129.107
 20
344.533
 11
129.412
 21
344.312
  0
LINE
  8
0
 10
129.412
 20
344.312
 11
129.687
 21
344.054
  0
LINE
  8
0
 10
129.687
 20
344.054
 11
129.927
 21
343.763
  0
LINE
  8
0
 10
129.927
 20
343.763
 11
130.129
 21
343.445
  0
LINE
  8
0
 10
130.129
 20
343.445
 11
130.289
 21
343.104
  0
LINE
  8
0
 10
130.289
 20
343.104
 11
130.406
 21
342.746
  0
LINE
  8
0
 10
130.406
 20
342.746
 11
130.476
 21
342.376
  0
LINE
  8
0
 10
130.476
 20
342.376
 11
130.5
 21
342
  0
LINE
  8
0
 10
130.5
 20
342
 11
130.476
 21
341.624
  0
LINE
  8
0
 10
130.476
 20
341.624
 11
130.406
 21
341.254
  0
LINE
  8
0
 10
130.406
 20
341.254
 11
130.289
 21
340.896
  0
LINE
  8
0
 10
130.289
 20
340.896
 11
130.129
 21
340.555
  0
LINE
  8
0
 10
130.129
 20
340.555
 11
129.927
 21
340.237
  0
LINE
  8
0
 10
129.927
 20
340.237
 11
129.687
 21
339.946
  0
LINE
  8
0
 10
129.687
 20
339.946
 11
129.412
 21
339.688
  0
LINE
  8
0
 10
129.412
 20
339.688
 11
129.107
 21
339.467
  0
LINE
  8
0
 10
129.107
 20
339.467
 11
128.777
 21
339.286
  0
LINE
  8
0
 10
128.777
 20
339.286
 11
128.427
 21
339.147
  0
LINE
  8
0
 10
128.427
 20
339.147
 11
128.062
 21
339.053
  0
LINE
  8
0
 10
128.062
 20
339.053
 11
127.688
 21
339.006
  0
LINE
  8
0
 10
127.688
 20
339.006
 11
127.312
 21
339.006
  0
LINE
  8
0
 10
-127.688
 20
339.006
 11
-128.062
 21
339.053
  0
LINE
  8
0
 10
-128.062
 20
339.053
 11
-128.427
 21
339.147
  0
LINE
  8
0
 10
-128.427
 20
339.147
 11
-128.777
 21
339.286
  0
LINE
  8
0
 10
-128.777
 20
339.286
 11
-129.107
 21
339.467
  0
LINE
  8
0
 10
-129.107
 20
339.467
 11
-129.412
 21
339.688
  0
LINE
  8
0
 10
-129.412
 20
339.688
 11
-129.687
 21
339.946
  0
LINE
  8
0
 10
-129.687
 20
339.946
 11
-129.927
 21
340.237
  0
LINE
  8
0
 10
-129.927
 20
340.237
 11
-130.129
 21
340.555
  0
LINE
  8
0
 10
-130.129
 20
340.555
 11
-130.289
 21
340.896
  0
LINE
  8
0
 10
-130.289
 20
340.896
 11
-130.406
 21
341.254
  0
LINE
  8
0
 10
-130.406
 20
341.254
 11
-130.476
 21
341.624
  0
LINE
  8
0
 10
-130.476
 20
341.624
 11
-130.5
 21
342
  0
LINE
  8
0
 10
-130.5
 20
342
 11
-130.476
 21
342.376
  0
LINE
  8
0
 10
-130.476
 20
342.376
 11
-130.406
 21
342.746
  0
LINE
  8
0
 10
-130.406
 20
342.746
 11
-130.289
 21
343.104
  0
LINE
  8
0
 10
-130.289
 20
343.104
 11
-130.129
 21
343.445
  0
LINE
  8
0
 10
-130.129
 20
343.445
 11
-129.927
 21
343.763
  0
LINE
  8
0
 10
-129.927
 20
343.763
 11
-129.687
 21
344.054
  0
LINE
  8
0
 10
-129.687
 20
344.054
 11
-129.412
 21
344.312
  0
LINE
  8
0
 10
-129.412
 20
344.312
 11
-129.107
 21
344.533
  0
LINE
  8
0
 10
-129.107
 20
344.533
 11
-128.777
 21
344.714
  0
LINE
  8
0
 10
-128.777
 20
344.714
 11
-128.427
 21
344.853
  0
LINE
  8
0
 10
-128.427
 20
344.853
 11
-128.062
 21
344.947
  0
LINE
  8
0
 10
-128.062
 20
344.947
 11
-127.688
 21
344.994
  0
LINE
  8
0
 10
-127.688
 20
344.994
 11
-127.312
 21
344.994
  0
LINE
  8
0
 10
-127.312
 20
344.994
 11
-126.938
 21
344.947
  0
LINE
  8
0
 10
-126.938
 20
344.947
 11
-126.573
 21
344.853
  0
LINE
  8
0
 10
-126.573
 20
344.853
 11
-126.223
 21
344.714
  0
LINE
  8
0
 10
-126.223
 20
344.714
 11
-125.893
 21
344.533
  0
LINE
  8
0
 10
-125.893
 20
344.533
 11
-125.588
 21
344.312
  0
LINE
  8
0
 10
-125.588
 20
344.312
 11
-125.313
 21
344.054
  0
LINE
  8
0
 10
-125.313
 20
344.054
 11
-125.073
 21
343.763
  0
LINE
  8
0
 10
-125.073
 20
343.763
 11
-124.871
 21
343.445
  0
LINE
  8
0
 10
-124.871
 20
343.445
 11
-124.711
 21
343.104
  0
LINE
  8
0
 10
-124.711
 20
343.104
 11
-124.594
 21
342.746
  0
LINE
  8
0
 10
-124.594
 20
342.746
 11
-124.524
 21
342.376
  0
LINE
  8
0
 10
-124.524
 20
342.376
 11
-124.5
 21
342
  0
LINE
  8
0
 10
-124.5
 20
342
 11
-124.524
 21
341.624
  0
LINE
  8
0
 10
-124.524
 20
341.624
 11
-124.594
 21
341.254
  0
LINE
  8
0
 10
-124.594
 20
341.254
 11
-124.711
 21
340.896
  0
LINE
  8
0
 10
-124.711
 20
340.896
 11
-124.871
 21
340.555
  0
LINE
  8
0
 10
-124.871
 20
340.555
 11
-125.073
 21
340.237
  0
LINE
  8
0
 10
-125.073
 20
340.237
 11
-125.313
 21
339.946
  0
LINE
  8
0
 10
-125.313
 20
339.946
 11
-125.588
 21
339.688
  0
LINE
  8
0
 10
-125.588
 20
339.688
 11
-125.893
 21
339.467
  0
LINE
  8
0
 10
-125.893
 20
339.467
 11
-126.223
 21
339.286
  0
LINE
  8
0
 10
-126.223
 20
339.286
 11
-126.573
 21
339.147
  0
LINE
  8
0
 10
-126.573
 20
339.147
 11
-126.938
 21
339.053
  0
LINE
  8
0
 10
-126.938
 20
339.053
 11
-127.312
 21
339.006
  0
LINE
  8
0
 10
-127.312
 20
339.006
 11
-127.688
 21
339.006
  0
LINE
  8
0
 10
127.406
 20
333.003
 11
127.219
 21
333.027
  0
LINE
  8
0
 10
127.219
 20
333.027
 11
127.036
 21
333.073
  0
LINE
  8
0
 10
127.036
 20
333.073
 11
126.861
 21
333.143
  0
LINE
  8
0
 10
126.861
 20
333.143
 11
126.696
 21
333.234
  0
LINE
  8
0
 10
126.696
 20
333.234
 11
126.544
 21
333.344
  0
LINE
  8
0
 10
126.544
 20
333.344
 11
126.407
 21
333.473
  0
LINE
  8
0
 10
126.407
 20
333.473
 11
126.286
 21
333.618
  0
LINE
  8
0
 10
126.286
 20
333.618
 11
126.186
 21
333.777
  0
LINE
  8
0
 10
126.186
 20
333.777
 11
126.105
 21
333.948
  0
LINE
  8
0
 10
126.105
 20
333.948
 11
126.047
 21
334.127
  0
LINE
  8
0
 10
126.047
 20
334.127
 11
126.012
 21
334.312
  0
LINE
  8
0
 10
126.012
 20
334.312
 11
126
 21
334.5
  0
LINE
  8
0
 10
126
 20
334.5
 11
126.012
 21
334.688
  0
LINE
  8
0
 10
126.012
 20
334.688
 11
126.047
 21
334.873
  0
LINE
  8
0
 10
126.047
 20
334.873
 11
126.105
 21
335.052
  0
LINE
  8
0
 10
126.105
 20
335.052
 11
126.186
 21
335.223
  0
LINE
  8
0
 10
126.186
 20
335.223
 11
126.286
 21
335.382
  0
LINE
  8
0
 10
126.286
 20
335.382
 11
126.407
 21
335.527
  0
LINE
  8
0
 10
126.407
 20
335.527
 11
126.544
 21
335.656
  0
LINE
  8
0
 10
126.544
 20
335.656
 11
126.696
 21
335.766
  0
LINE
  8
0
 10
126.696
 20
335.766
 11
126.861
 21
335.857
  0
LINE
  8
0
 10
126.861
 20
335.857
 11
127.036
 21
335.927
  0
LINE
  8
0
 10
127.036
 20
335.927
 11
127.219
 21
335.973
  0
LINE
  8
0
 10
127.219
 20
335.973
 11
127.406
 21
335.997
  0
LINE
  8
0
 10
127.406
 20
335.997
 11
127.594
 21
335.997
  0
LINE
  8
0
 10
127.594
 20
335.997
 11
127.781
 21
335.973
  0
LINE
  8
0
 10
127.781
 20
335.973
 11
127.964
 21
335.927
  0
LINE
  8
0
 10
127.964
 20
335.927
 11
128.139
 21
335.857
  0
LINE
  8
0
 10
128.139
 20
335.857
 11
128.304
 21
335.766
  0
LINE
  8
0
 10
128.304
 20
335.766
 11
128.456
 21
335.656
  0
LINE
  8
0
 10
128.456
 20
335.656
 11
128.593
 21
335.527
  0
LINE
  8
0
 10
128.593
 20
335.527
 11
128.714
 21
335.382
  0
LINE
  8
0
 10
128.714
 20
335.382
 11
128.814
 21
335.223
  0
LINE
  8
0
 10
128.814
 20
335.223
 11
128.895
 21
335.052
  0
LINE
  8
0
 10
128.895
 20
335.052
 11
128.953
 21
334.873
  0
LINE
  8
0
 10
128.953
 20
334.873
 11
128.988
 21
334.688
  0
LINE
  8
0
 10
128.988
 20
334.688
 11
129
 21
334.5
  0
LINE
  8
0
 10
129
 20
334.5
 11
128.988
 21
334.312
  0
LINE
  8
0
 10
128.988
 20
334.312
 11
128.953
 21
334.127
  0
LINE
  8
0
 10
128.953
 20
334.127
 11
128.895
 21
333.948
  0
LINE
  8
0
 10
128.895
 20
333.948
 11
128.814
 21
333.777
  0
LINE
  8
0
 10
128.814
 20
333.777
 11
128.714
 21
333.618
  0
LINE
  8
0
 10
128.714
 20
333.618
 11
128.593
 21
333.473
  0
LINE
  8
0
 10
128.593
 20
333.473
 11
128.456
 21
333.344
  0
LINE
  8
0
 10
128.456
 20
333.344
 11
128.304
 21
333.234
  0
LINE
  8
0
 10
128.304
 20
333.234
 11
128.139
 21
333.143
  0
LINE
  8
0
 10
128.139
 20
333.143
 11
127.964
 21
333.073
  0
LINE
  8
0
 10
127.964
 20
333.073
 11
127.781
 21
333.027
  0
LINE
  8
0
 10
127.781
 20
333.027
 11
127.594
 21
333.003
  0
LINE
  8
0
 10
127.594
 20
333.003
 11
127.406
 21
333.003
  0
LINE
  8
0
 10
-127.594
 20
333.003
 11
-127.781
 21
333.027
  0
LINE
  8
0
 10
-127.781
 20
333.027
 11
-127.964
 21
333.073
  0
LINE
  8
0
 10
-127.964
 20
333.073
 11
-128.139
 21
333.143
  0
LINE
  8
0
 10
-128.139
 20
333.143
 11
-128.304
 21
333.234
  0
LINE
  8
0
 10
-128.304
 20
333.234
 11
-128.456
 21
333.344
  0
LINE
  8
0
 10
-128.456
 20
333.344
 11
-128.593
 21
333.473
  0
LINE
  8
0
 10
-128.593
 20
333.473
 11
-128.714
 21
333.618
  0
LINE
  8
0
 10
-128.714
 20
333.618
 11
-128.814
 21
333.777
  0
LINE
  8
0
 10
-128.814
 20
333.777
 11
-128.895
 21
333.948
  0
LINE
  8
0
 10
-128.895
 20
333.948
 11
-128.953
 21
334.127
  0
LINE
  8
0
 10
-128.953
 20
334.127
 11
-128.988
 21
334.312
  0
LINE
  8
0
 10
-128.988
 20
334.312
 11
-129
 21
334.5
  0
LINE
  8
0
 10
-129
 20
334.5
 11
-128.988
 21
334.688
  0
LINE
  8
0
 10
-128.988
 20
334.688
 11
-128.953
 21
334.873
  0
LINE
  8
0
 10
-128.953
 20
334.873
 11
-128.895
 21
335.052
  0
LINE
  8
0
 10
-128.895
 20
335.052
 11
-128.814
 21
335.223
  0
LINE
  8
0
 10
-128.814
 20
335.223
 11
-128.714
 21
335.382
  0
LINE
  8
0
 10
-128.714
 20
335.382
 11
-128.593
 21
335.527
  0
LINE
  8
0
 10
-128.593
 20
335.527
 11
-128.456
 21
335.656
  0
LINE
  8
0
 10
-128.456
 20
335.656
 11
-128.304
 21
335.766
  0
LINE
  8
0
 10
-128.304
 20
335.766
 11
-128.139
 21
335.857
  0
LINE
  8
0
 10
-128.139
 20
335.857
 11
-127.964
 21
335.927
  0
LINE
  8
0
 10
-127.964
 20
335.927
 11
-127.781
 21
335.973
  0
LINE
  8
0
 10
-127.781
 20
335.973
 11
-127.594
 21
335.997
  0
LINE
  8
0
 10
-127.594
 20
335.997
 11
-127.406
 21
335.997
  0
LINE
  8
0
 10
-127.406
 20
335.997
 11
-127.219
 21
335.973
  0
LINE
  8
0
 10
-127.219
 20
335.973
 11
-127.036
 21
335.927
  0
LINE
  8
0
 10
-127.036
 20
335.927
 11
-126.861
 21
335.857
  0
LINE
  8
0
 10
-126.861
 20
335.857
 11
-126.696
 21
335.766
  0
LINE
  8
0
 10
-126.696
 20
335.766
 11
-126.544
 21
335.656
  0
LINE
  8
0
 10
-126.544
 20
335.656
 11
-126.407
 21
335.527
  0
LINE
  8
0
 10
-126.407
 20
335.527
 11
-126.286
 21
335.382
  0
LINE
  8
0
 10
-126.286
 20
335.382
 11
-126.186
 21
335.223
  0
LINE
  8
0
 10
-126.186
 20
335.223
 11
-126.105
 21
335.052
  0
LINE
  8
0
 10
-126.105
 20
335.052
 11
-126.047
 21
334.873
  0
LINE
  8
0
 10
-126.047
 20
334.873
 11
-126.012
 21
334.688
  0
LINE
  8
0
 10
-126.012
 20
334.688
 11
-126
 21
334.5
  0
LINE
  8
0
 10
-126
 20
334.5
 11
-126.012
 21
334.312
  0
LINE
  8
0
 10
-126.012
 20
334.312
 11
-126.047
 21
334.127
  0
LINE
  8
0
 10
-126.047
 20
334.127
 11
-126.105
 21
333.948
  0
LINE
  8
0
 10
-126.105
 20
333.948
 11
-126.186
 21
333.777
  0
LINE
  8
0
 10
-126.186
 20
333.777
 11
-126.286
 21
333.618
  0
LINE
  8
0
 10
-126.286
 20
333.618
 11
-126.407
 21
333.473
  0
LINE
  8
0
 10
-126.407
 20
333.473
 11
-126.544
 21
333.344
  0
LINE
  8
0
 10
-126.544
 20
333.344
 11
-126.696
 21
333.234
  0
LINE
  8
0
 10
-126.696
 20
333.234
 11
-126.861
 21
333.143
  0
LINE
  8
0
 10
-126.861
 20
333.143
 11
-127.036
 21
333.073
  0
LINE
  8
0
 10
-127.036
 20
333.073
 11
-127.219
 21
333.027
  0
LINE
  8
0
 10
-127.219
 20
333.027
 11
-127.406
 21
333.003
  0
LINE
  8
0
 10
-127.406
 20
333.003
 11
-127.594
 21
333.003
  0
LINE
  8
0
 10
-127.688
 20
324.006
 11
-128.062
 21
324.053
  0
LINE
  8
0
 10
-128.062
 20
324.053
 11
-128.427
 21
324.147
  0
LINE
  8
0
 10
-128.427
 20
324.147
 11
-128.777
 21
324.286
  0
LINE
  8
0
 10
-128.777
 20
324.286
 11
-129.107
 21
324.467
  0
LINE
  8
0
 10
-129.107
 20
324.467
 11
-129.412
 21
324.688
  0
LINE
  8
0
 10
-129.412
 20
324.688
 11
-129.687
 21
324.946
  0
LINE
  8
0
 10
-129.687
 20
324.946
 11
-129.927
 21
325.237
  0
LINE
  8
0
 10
-129.927
 20
325.237
 11
-130.129
 21
325.555
  0
LINE
  8
0
 10
-130.129
 20
325.555
 11
-130.289
 21
325.896
  0
LINE
  8
0
 10
-130.289
 20
325.896
 11
-130.406
 21
326.254
  0
LINE
  8
0
 10
-130.406
 20
326.254
 11
-130.476
 21
326.624
  0
LINE
  8
0
 10
-130.476
 20
326.624
 11
-130.5
 21
327
  0
LINE
  8
0
 10
-130.5
 20
327
 11
-130.476
 21
327.376
  0
LINE
  8
0
 10
-130.476
 20
327.376
 11
-130.406
 21
327.746
  0
LINE
  8
0
 10
-130.406
 20
327.746
 11
-130.289
 21
328.104
  0
LINE
  8
0
 10
-130.289
 20
328.104
 11
-130.129
 21
328.445
  0
LINE
  8
0
 10
-130.129
 20
328.445
 11
-129.927
 21
328.763
  0
LINE
  8
0
 10
-129.927
 20
328.763
 11
-129.687
 21
329.054
  0
LINE
  8
0
 10
-129.687
 20
329.054
 11
-129.412
 21
329.312
  0
LINE
  8
0
 10
-129.412
 20
329.312
 11
-129.107
 21
329.533
  0
LINE
  8
0
 10
-129.107
 20
329.533
 11
-128.777
 21
329.714
  0
LINE
  8
0
 10
-128.777
 20
329.714
 11
-128.427
 21
329.853
  0
LINE
  8
0
 10
-128.427
 20
329.853
 11
-128.062
 21
329.947
  0
LINE
  8
0
 10
-128.062
 20
329.947
 11
-127.688
 21
329.994
  0
LINE
  8
0
 10
-127.688
 20
329.994
 11
-127.312
 21
329.994
  0
LINE
  8
0
 10
-127.312
 20
329.994
 11
-126.938
 21
329.947
  0
LINE
  8
0
 10
-126.938
 20
329.947
 11
-126.573
 21
329.853
  0
LINE
  8
0
 10
-126.573
 20
329.853
 11
-126.223
 21
329.714
  0
LINE
  8
0
 10
-126.223
 20
329.714
 11
-125.893
 21
329.533
  0
LINE
  8
0
 10
-125.893
 20
329.533
 11
-125.588
 21
329.312
  0
LINE
  8
0
 10
-125.588
 20
329.312
 11
-125.313
 21
329.054
  0
LINE
  8
0
 10
-125.313
 20
329.054
 11
-125.073
 21
328.763
  0
LINE
  8
0
 10
-125.073
 20
328.763
 11
-124.871
 21
328.445
  0
LINE
  8
0
 10
-124.871
 20
328.445
 11
-124.711
 21
328.104
  0
LINE
  8
0
 10
-124.711
 20
328.104
 11
-124.594
 21
327.746
  0
LINE
  8
0
 10
-124.594
 20
327.746
 11
-124.524
 21
327.376
  0
LINE
  8
0
 10
-124.524
 20
327.376
 11
-124.5
 21
327
  0
LINE
  8
0
 10
-124.5
 20
327
 11
-124.524
 21
326.624
  0
LINE
  8
0
 10
-124.524
 20
326.624
 11
-124.594
 21
326.254
  0
LINE
  8
0
 10
-124.594
 20
326.254
 11
-124.711
 21
325.896
  0
LINE
  8
0
 10
-124.711
 20
325.896
 11
-124.871
 21
325.555
  0
LINE
  8
0
 10
-124.871
 20
325.555
 11
-125.073
 21
325.237
  0
LINE
  8
0
 10
-125.073
 20
325.237
 11
-125.313
 21
324.946
  0
LINE
  8
0
 10
-125.313
 20
324.946
 11
-125.588
 21
324.688
  0
LINE
  8
0
 10
-125.588
 20
324.688
 11
-125.893
 21
324.467
  0
LINE
  8
0
 10
-125.893
 20
324.467
 11
-126.223
 21
324.286
  0
LINE
  8
0
 10
-126.223
 20
324.286
 11
-126.573
 21
324.147
  0
LINE
  8
0
 10
-126.573
 20
324.147
 11
-126.938
 21
324.053
  0
LINE
  8
0
 10
-126.938
 20
324.053
 11
-127.312
 21
324.006
  0
LINE
  8
0
 10
-127.312
 20
324.006
 11
-127.688
 21
324.006
  0
LINE
  8
0
 10
127.312
 20
324.006
 11
126.938
 21
324.053
  0
LINE
  8
0
 10
126.938
 20
324.053
 11
126.573
 21
324.147
  0
LINE
  8
0
 10
126.573
 20
324.147
 11
126.223
 21
324.286
  0
LINE
  8
0
 10
126.223
 20
324.286
 11
125.893
 21
324.467
  0
LINE
  8
0
 10
125.893
 20
324.467
 11
125.588
 21
324.688
  0
LINE
  8
0
 10
125.588
 20
324.688
 11
125.313
 21
324.946
  0
LINE
  8
0
 10
125.313
 20
324.946
 11
125.073
 21
325.237
  0
LINE
  8
0
 10
125.073
 20
325.237
 11
124.871
 21
325.555
  0
LINE
  8
0
 10
124.871
 20
325.555
 11
124.711
 21
325.896
  0
LINE
  8
0
 10
124.711
 20
325.896
 11
124.594
 21
326.254
  0
LINE
  8
0
 10
124.594
 20
326.254
 11
124.524
 21
326.624
  0
LINE
  8
0
 10
124.524
 20
326.624
 11
124.5
 21
327
  0
LINE
  8
0
 10
124.5
 20
327
 11
124.524
 21
327.376
  0
LINE
  8
0
 10
124.524
 20
327.376
 11
124.594
 21
327.746
  0
LINE
  8
0
 10
124.594
 20
327.746
 11
124.711
 21
328.104
  0
LINE
  8
0
 10
124.711
 20
328.104
 11
124.871
 21
328.445
  0
LINE
  8
0
 10
124.871
 20
328.445
 11
125.073
 21
328.763
  0
LINE
  8
0
 10
125.073
 20
328.763
 11
125.313
 21
329.054
  0
LINE
  8
0
 10
125.313
 20
329.054
 11
125.588
 21
329.312
  0
LINE
  8
0
 10
125.588
 20
329.312
 11
125.893
 21
329.533
  0
LINE
  8
0
 10
125.893
 20
329.533
 11
126.223
 21
329.714
  0
LINE
  8
0
 10
126.223
 20
329.714
 11
126.573
 21
329.853
  0
LINE
  8
0
 10
126.573
 20
329.853
 11
126.938
 21
329.947
  0
LINE
  8
0
 10
126.938
 20
329.947
 11
127.312
 21
329.994
  0
LINE
  8
0
 10
127.312
 20
329.994
 11
127.688
 21
329.994
  0
LINE
  8
0
 10
127.688
 20
329.994
 11
128.062
 21
329.947
  0
LINE
  8
0
 10
128.062
 20
329.947
 11
128.427
 21
329.853
  0
LINE
  8
0
 10
128.427
 20
329.853
 11
128.777
 21
329.714
  0
LINE
  8
0
 10
128.777
 20
329.714
 11
129.107
 21
329.533
  0
LINE
  8
0
 10
129.107
 20
329.533
 11
129.412
 21
329.312
  0
LINE
  8
0
 10
129.412
 20
329.312
 11
129.687
 21
329.054
  0
LINE
  8
0
 10
129.687
 20
329.054
 11
129.927
 21
328.763
  0
LINE
  8
0
 10
129.927
 20
328.763
 11
130.129
 21
328.445
  0
LINE
  8
0
 10
130.129
 20
328.445
 11
130.289
 21
328.104
  0
LINE
  8
0
 10
130.289
 20
328.104
 11
130.406
 21
327.746
  0
LINE
  8
0
 10
130.406
 20
327.746
 11
130.476
 21
327.376
  0
LINE
  8
0
 10
130.476
 20
327.376
 11
130.5
 21
327
  0
LINE
  8
0
 10
130.5
 20
327
 11
130.476
 21
326.624
  0
LINE
  8
0
 10
130.476
 20
326.624
 11
130.406
 21
326.254
  0
LINE
  8
0
 10
130.406
 20
326.254
 11
130.289
 21
325.896
  0
LINE
  8
0
 10
130.289
 20
325.896
 11
130.129
 21
325.555
  0
LINE
  8
0
 10
130.129
 20
325.555
 11
129.927
 21
325.237
  0
LINE
  8
0
 10
129.927
 20
325.237
 11
129.687
 21
324.946
  0
LINE
  8
0
 10
129.687
 20
324.946
 11
129.412
 21
324.688
  0
LINE
  8
0
 10
129.412
 20
324.688
 11
129.107
 21
324.467
  0
LINE
  8
0
 10
129.107
 20
324.467
 11
128.777
 21
324.286
  0
LINE
  8
0
 10
128.777
 20
324.286
 11
128.427
 21
324.147
  0
LINE
  8
0
 10
128.427
 20
324.147
 11
128.062
 21
324.053
  0
LINE
  8
0
 10
128.062
 20
324.053
 11
127.688
 21
324.006
  0
LINE
  8
0
 10
127.688
 20
324.006
 11
127.312
 21
324.006
  0
LINE
  8
0
 10
127.406
 20
318.003
 11
127.219
 21
318.027
  0
LINE
  8
0
 10
127.219
 20
318.027
 11
127.036
 21
318.073
  0
LINE
  8
0
 10
127.036
 20
318.073
 11
126.861
 21
318.143
  0
LINE
  8
0
 10
126.861
 20
318.143
 11
126.696
 21
318.234
  0
LINE
  8
0
 10
126.696
 20
318.234
 11
126.544
 21
318.344
  0
LINE
  8
0
 10
126.544
 20
318.344
 11
126.407
 21
318.473
  0
LINE
  8
0
 10
126.407
 20
318.473
 11
126.286
 21
318.618
  0
LINE
  8
0
 10
126.286
 20
318.618
 11
126.186
 21
318.777
  0
LINE
  8
0
 10
126.186
 20
318.777
 11
126.105
 21
318.948
  0
LINE
  8
0
 10
126.105
 20
318.948
 11
126.047
 21
319.127
  0
LINE
  8
0
 10
126.047
 20
319.127
 11
126.012
 21
319.312
  0
LINE
  8
0
 10
126.012
 20
319.312
 11
126
 21
319.5
  0
LINE
  8
0
 10
126
 20
319.5
 11
126.012
 21
319.688
  0
LINE
  8
0
 10
126.012
 20
319.688
 11
126.047
 21
319.873
  0
LINE
  8
0
 10
126.047
 20
319.873
 11
126.105
 21
320.052
  0
LINE
  8
0
 10
126.105
 20
320.052
 11
126.186
 21
320.223
  0
LINE
  8
0
 10
126.186
 20
320.223
 11
126.286
 21
320.382
  0
LINE
  8
0
 10
126.286
 20
320.382
 11
126.407
 21
320.527
  0
LINE
  8
0
 10
126.407
 20
320.527
 11
126.544
 21
320.656
  0
LINE
  8
0
 10
126.544
 20
320.656
 11
126.696
 21
320.766
  0
LINE
  8
0
 10
126.696
 20
320.766
 11
126.861
 21
320.857
  0
LINE
  8
0
 10
126.861
 20
320.857
 11
127.036
 21
320.927
  0
LINE
  8
0
 10
127.036
 20
320.927
 11
127.219
 21
320.973
  0
LINE
  8
0
 10
127.219
 20
320.973
 11
127.406
 21
320.997
  0
LINE
  8
0
 10
127.406
 20
320.997
 11
127.594
 21
320.997
  0
LINE
  8
0
 10
127.594
 20
320.997
 11
127.781
 21
320.973
  0
LINE
  8
0
 10
127.781
 20
320.973
 11
127.964
 21
320.927
  0
LINE
  8
0
 10
127.964
 20
320.927
 11
128.139
 21
320.857
  0
LINE
  8
0
 10
128.139
 20
320.857
 11
128.304
 21
320.766
  0
LINE
  8
0
 10
128.304
 20
320.766
 11
128.456
 21
320.656
  0
LINE
  8
0
 10
128.456
 20
320.656
 11
128.593
 21
320.527
  0
LINE
  8
0
 10
128.593
 20
320.527
 11
128.714
 21
320.382
  0
LINE
  8
0
 10
128.714
 20
320.382
 11
128.814
 21
320.223
  0
LINE
  8
0
 10
128.814
 20
320.223
 11
128.895
 21
320.052
  0
LINE
  8
0
 10
128.895
 20
320.052
 11
128.953
 21
319.873
  0
LINE
  8
0
 10
128.953
 20
319.873
 11
128.988
 21
319.688
  0
LINE
  8
0
 10
128.988
 20
319.688
 11
129
 21
319.5
  0
LINE
  8
0
 10
129
 20
319.5
 11
128.988
 21
319.312
  0
LINE
  8
0
 10
128.988
 20
319.312
 11
128.953
 21
319.127
  0
LINE
  8
0
 10
128.953
 20
319.127
 11
128.895
 21
318.948
  0
LINE
  8
0
 10
128.895
 20
318.948
 11
128.814
 21
318.777
  0
LINE
  8
0
 10
128.814
 20
318.777
 11
128.714
 21
318.618
  0
LINE
  8
0
 10
128.714
 20
318.618
 11
128.593
 21
318.473
  0
LINE
  8
0
 10
128.593
 20
318.473
 11
128.456
 21
318.344
  0
LINE
  8
0
 10
128.456
 20
318.344
 11
128.304
 21
318.234
  0
LINE
  8
0
 10
128.304
 20
318.234
 11
128.139
 21
318.143
  0
LINE
  8
0
 10
128.139
 20
318.143
 11
127.964
 21
318.073
  0
LINE
  8
0
 10
127.964
 20
318.073
 11
127.781
 21
318.027
  0
LINE
  8
0
 10
127.781
 20
318.027
 11
127.594
 21
318.003
  0
LINE
  8
0
 10
127.594
 20
318.003
 11
127.406
 21
318.003
  0
LINE
  8
0
 10
-127.594
 20
318.003
 11
-127.781
 21
318.027
  0
LINE
  8
0
 10
-127.781
 20
318.027
 11
-127.964
 21
318.073
  0
LINE
  8
0
 10
-127.964
 20
318.073
 11
-128.139
 21
318.143
  0
LINE
  8
0
 10
-128.139
 20
318.143
 11
-128.304
 21
318.234
  0
LINE
  8
0
 10
-128.304
 20
318.234
 11
-128.456
 21
318.344
  0
LINE
  8
0
 10
-128.456
 20
318.344
 11
-128.593
 21
318.473
  0
LINE
  8
0
 10
-128.593
 20
318.473
 11
-128.714
 21
318.618
  0
LINE
  8
0
 10
-128.714
 20
318.618
 11
-128.814
 21
318.777
  0
LINE
  8
0
 10
-128.814
 20
318.777
 11
-128.895
 21
318.948
  0
LINE
  8
0
 10
-128.895
 20
318.948
 11
-128.953
 21
319.127
  0
LINE
  8
0
 10
-128.953
 20
319.127
 11
-128.988
 21
319.312
  0
LINE
  8
0
 10
-128.988
 20
319.312
 11
-129
 21
319.5
  0
LINE
  8
0
 10
-129
 20
319.5
 11
-128.988
 21
319.688
  0
LINE
  8
0
 10
-128.988
 20
319.688
 11
-128.953
 21
319.873
  0
LINE
  8
0
 10
-128.953
 20
319.873
 11
-128.895
 21
320.052
  0
LINE
  8
0
 10
-128.895
 20
320.052
 11
-128.814
 21
320.223
  0
LINE
  8
0
 10
-128.814
 20
320.223
 11
-128.714
 21
320.382
  0
LINE
  8
0
 10
-128.714
 20
320.382
 11
-128.593
 21
320.527
  0
LINE
  8
0
 10
-128.593
 20
320.527
 11
-128.456
 21
320.656
  0
LINE
  8
0
 10
-128.456
 20
320.656
 11
-128.304
 21
320.766
  0
LINE
  8
0
 10
-128.304
 20
320.766
 11
-128.139
 21
320.857
  0
LINE
  8
0
 10
-128.139
 20
320.857
 11
-127.964
 21
320.927
  0
LINE
  8
0
 10
-127.964
 20
320.927
 11
-127.781
 21
320.973
  0
LINE
  8
0
 10
-127.781
 20
320.973
 11
-127.594
 21
320.997
  0
LINE
  8
0
 10
-127.594
 20
320.997
 11
-127.406
 21
320.997
  0
LINE
  8
0
 10
-127.406
 20
320.997
 11
-127.219
 21
320.973
  0
LINE
  8
0
 10
-127.219
 20
320.973
 11
-127.036
 21
320.927
  0
LINE
  8
0
 10
-127.036
 20
320.927
 11
-126.861
 21
320.857
  0
LINE
  8
0
 10
-126.861
 20
320.857
 11
-126.696
 21
320.766
  0
LINE
  8
0
 10
-126.696
 20
320.766
 11
-126.544
 21
320.656
  0
LINE
  8
0
 10
-126.544
 20
320.656
 11
-126.407
 21
320.527
  0
LINE
  8
0
 10
-126.407
 20
320.527
 11
-126.286
 21
320.382
  0
LINE
  8
0
 10
-126.286
 20
320.382
 11
-126.186
 21
320.223
  0
LINE
  8
0
 10
-126.186
 20
320.223
 11
-126.105
 21
320.052
  0
LINE
  8
0
 10
-126.105
 20
320.052
 11
-126.047
 21
319.873
  0
LINE
  8
0
 10
-126.047
 20
319.873
 11
-126.012
 21
319.688
  0
LINE
  8
0
 10
-126.012
 20
319.688
 11
-126
 21
319.5
  0
LINE
  8
0
 10
-126
 20
319.5
 11
-126.012
 21
319.312
  0
LINE
  8
0
 10
-126.012
 20
319.312
 11
-126.047
 21
319.127
  0
LINE
  8
0
 10
-126.047
 20
319.127
 11
-126.105
 21
318.948
  0
LINE
  8
0
 10
-126.105
 20
318.948
 11
-126.186
 21
318.777
  0
LINE
  8
0
 10
-126.186
 20
318.777
 11
-126.286
 21
318.618
  0
LINE
  8
0
 10
-126.286
 20
318.618
 11
-126.407
 21
318.473
  0
LINE
  8
0
 10
-126.407
 20
318.473
 11
-126.544
 21
318.344
  0
LINE
  8
0
 10
-126.544
 20
318.344
 11
-126.696
 21
318.234
  0
LINE
  8
0
 10
-126.696
 20
318.234
 11
-126.861
 21
318.143
  0
LINE
  8
0
 10
-126.861
 20
318.143
 11
-127.036
 21
318.073
  0
LINE
  8
0
 10
-127.036
 20
318.073
 11
-127.219
 21
318.027
  0
LINE
  8
0
 10
-127.219
 20
318.027
 11
-127.406
 21
318.003
  0
LINE
  8
0
 10
-127.406
 20
318.003
 11
-127.594
 21
318.003
  0
LINE
  8
0
 10
-127.688
 20
309.006
 11
-128.062
 21
309.053
  0
LINE
  8
0
 10
-128.062
 20
309.053
 11
-128.427
 21
309.147
  0
LINE
  8
0
 10
-128.427
 20
309.147
 11
-128.777
 21
309.286
  0
LINE
  8
0
 10
-128.777
 20
309.286
 11
-129.107
 21
309.467
  0
LINE
  8
0
 10
-129.107
 20
309.467
 11
-129.412
 21
309.688
  0
LINE
  8
0
 10
-129.412
 20
309.688
 11
-129.687
 21
309.946
  0
LINE
  8
0
 10
-129.687
 20
309.946
 11
-129.927
 21
310.237
  0
LINE
  8
0
 10
-129.927
 20
310.237
 11
-130.129
 21
310.555
  0
LINE
  8
0
 10
-130.129
 20
310.555
 11
-130.289
 21
310.896
  0
LINE
  8
0
 10
-130.289
 20
310.896
 11
-130.406
 21
311.254
  0
LINE
  8
0
 10
-130.406
 20
311.254
 11
-130.476
 21
311.624
  0
LINE
  8
0
 10
-130.476
 20
311.624
 11
-130.5
 21
312
  0
LINE
  8
0
 10
-130.5
 20
312
 11
-130.476
 21
312.376
  0
LINE
  8
0
 10
-130.476
 20
312.376
 11
-130.406
 21
312.746
  0
LINE
  8
0
 10
-130.406
 20
312.746
 11
-130.289
 21
313.104
  0
LINE
  8
0
 10
-130.289
 20
313.104
 11
-130.129
 21
313.445
  0
LINE
  8
0
 10
-130.129
 20
313.445
 11
-129.927
 21
313.763
  0
LINE
  8
0
 10
-129.927
 20
313.763
 11
-129.687
 21
314.054
  0
LINE
  8
0
 10
-129.687
 20
314.054
 11
-129.412
 21
314.312
  0
LINE
  8
0
 10
-129.412
 20
314.312
 11
-129.107
 21
314.533
  0
LINE
  8
0
 10
-129.107
 20
314.533
 11
-128.777
 21
314.714
  0
LINE
  8
0
 10
-128.777
 20
314.714
 11
-128.427
 21
314.853
  0
LINE
  8
0
 10
-128.427
 20
314.853
 11
-128.062
 21
314.947
  0
LINE
  8
0
 10
-128.062
 20
314.947
 11
-127.688
 21
314.994
  0
LINE
  8
0
 10
-127.688
 20
314.994
 11
-127.312
 21
314.994
  0
LINE
  8
0
 10
-127.312
 20
314.994
 11
-126.938
 21
314.947
  0
LINE
  8
0
 10
-126.938
 20
314.947
 11
-126.573
 21
314.853
  0
LINE
  8
0
 10
-126.573
 20
314.853
 11
-126.223
 21
314.714
  0
LINE
  8
0
 10
-126.223
 20
314.714
 11
-125.893
 21
314.533
  0
LINE
  8
0
 10
-125.893
 20
314.533
 11
-125.588
 21
314.312
  0
LINE
  8
0
 10
-125.588
 20
314.312
 11
-125.313
 21
314.054
  0
LINE
  8
0
 10
-125.313
 20
314.054
 11
-125.073
 21
313.763
  0
LINE
  8
0
 10
-125.073
 20
313.763
 11
-124.871
 21
313.445
  0
LINE
  8
0
 10
-124.871
 20
313.445
 11
-124.711
 21
313.104
  0
LINE
  8
0
 10
-124.711
 20
313.104
 11
-124.594
 21
312.746
  0
LINE
  8
0
 10
-124.594
 20
312.746
 11
-124.524
 21
312.376
  0
LINE
  8
0
 10
-124.524
 20
312.376
 11
-124.5
 21
312
  0
LINE
  8
0
 10
-124.5
 20
312
 11
-124.524
 21
311.624
  0
LINE
  8
0
 10
-124.524
 20
311.624
 11
-124.594
 21
311.254
  0
LINE
  8
0
 10
-124.594
 20
311.254
 11
-124.711
 21
310.896
  0
LINE
  8
0
 10
-124.711
 20
310.896
 11
-124.871
 21
310.555
  0
LINE
  8
0
 10
-124.871
 20
310.555
 11
-125.073
 21
310.237
  0
LINE
  8
0
 10
-125.073
 20
310.237
 11
-125.313
 21
309.946
  0
LINE
  8
0
 10
-125.313
 20
309.946
 11
-125.588
 21
309.688
  0
LINE
  8
0
 10
-125.588
 20
309.688
 11
-125.893
 21
309.467
  0
LINE
  8
0
 10
-125.893
 20
309.467
 11
-126.223
 21
309.286
  0
LINE
  8
0
 10
-126.223
 20
309.286
 11
-126.573
 21
309.147
  0
LINE
  8
0
 10
-126.573
 20
309.147
 11
-126.938
 21
309.053
  0
LINE
  8
0
 10
-126.938
 20
309.053
 11
-127.312
 21
309.006
  0
LINE
  8
0
 10
-127.312
 20
309.006
 11
-127.688
 21
309.006
  0
LINE
  8
0
 10
127.312
 20
309.006
 11
126.938
 21
309.053
  0
LINE
  8
0
 10
126.938
 20
309.053
 11
126.573
 21
309.147
  0
LINE
  8
0
 10
126.573
 20
309.147
 11
126.223
 21
309.286
  0
LINE
  8
0
 10
126.223
 20
309.286
 11
125.893
 21
309.467
  0
LINE
  8
0
 10
125.893
 20
309.467
 11
125.588
 21
309.688
  0
LINE
  8
0
 10
125.588
 20
309.688
 11
125.313
 21
309.946
  0
LINE
  8
0
 10
125.313
 20
309.946
 11
125.073
 21
310.237
  0
LINE
  8
0
 10
125.073
 20
310.237
 11
124.871
 21
310.555
  0
LINE
  8
0
 10
124.871
 20
310.555
 11
124.711
 21
310.896
  0
LINE
  8
0
 10
124.711
 20
310.896
 11
124.594
 21
311.254
  0
LINE
  8
0
 10
124.594
 20
311.254
 11
124.524
 21
311.624
  0
LINE
  8
0
 10
124.524
 20
311.624
 11
124.5
 21
312
  0
LINE
  8
0
 10
124.5
 20
312
 11
124.524
 21
312.376
  0
LINE
  8
0
 10
124.524
 20
312.376
 11
124.594
 21
312.746
  0
LINE
  8
0
 10
124.594
 20
312.746
 11
124.711
 21
313.104
  0
LINE
  8
0
 10
124.711
 20
313.104
 11
124.871
 21
313.445
  0
LINE
  8
0
 10
124.871
 20
313.445
 11
125.073
 21
313.763
  0
LINE
  8
0
 10
125.073
 20
313.763
 11
125.313
 21
314.054
  0
LINE
  8
0
 10
125.313
 20
314.054
 11
125.588
 21
314.312
  0
LINE
  8
0
 10
125.588
 20
314.312
 11
125.893
 21
314.533
  0
LINE
  8
0
 10
125.893
 20
314.533
 11
126.223
 21
314.714
  0
LINE
  8
0
 10
126.223
 20
314.714
 11
126.573
 21
314.853
  0
LINE
  8
0
 10
126.573
 20
314.853
 11
126.938
 21
314.947
  0
LINE
  8
0
 10
126.938
 20
314.947
 11
127.312
 21
314.994
  0
LINE
  8
0
 10
127.312
 20
314.994
 11
127.688
 21
314.994
  0
LINE
  8
0
 10
127.688
 20
314.994
 11
128.062
 21
314.947
  0
LINE
  8
0
 10
128.062
 20
314.947
 11
128.427
 21
314.853
  0
LINE
  8
0
 10
128.427
 20
314.853
 11
128.777
 21
314.714
  0
LINE
  8
0
 10
128.777
 20
314.714
 11
129.107
 21
314.533
  0
LINE
  8
0
 10
129.107
 20
314.533
 11
129.412
 21
314.312
  0
LINE
  8
0
 10
129.412
 20
314.312
 11
129.687
 21
314.054
  0
LINE
  8
0
 10
129.687
 20
314.054
 11
129.927
 21
313.763
  0
LINE
  8
0
 10
129.927
 20
313.763
 11
130.129
 21
313.445
  0
LINE
  8
0
 10
130.129
 20
313.445
 11
130.289
 21
313.104
  0
LINE
  8
0
 10
130.289
 20
313.104
 11
130.406
 21
312.746
  0
LINE
  8
0
 10
130.406
 20
312.746
 11
130.476
 21
312.376
  0
LINE
  8
0
 10
130.476
 20
312.376
 11
130.5
 21
312
  0
LINE
  8
0
 10
130.5
 20
312
 11
130.476
 21
311.624
  0
LINE
  8
0
 10
130.476
 20
311.624
 11
130.406
 21
311.254
  0
LINE
  8
0
 10
130.406
 20
311.254
 11
130.289
 21
310.896
  0
LINE
  8
0
 10
130.289
 20
310.896
 11
130.129
 21
310.555
  0
LINE
  8
0
 10
130.129
 20
310.555
 11
129.927
 21
310.237
  0
LINE
  8
0
 10
129.927
 20
310.237
 11
129.687
 21
309.946
  0
LINE
  8
0
 10
129.687
 20
309.946
 11
129.412
 21
309.688
  0
LINE
  8
0
 10
129.412
 20
309.688
 11
129.107
 21
309.467
  0
LINE
  8
0
 10
129.107
 20
309.467
 11
128.777
 21
309.286
  0
LINE
  8
0
 10
128.777
 20
309.286
 11
128.427
 21
309.147
  0
LINE
  8
0
 10
128.427
 20
309.147
 11
128.062
 21
309.053
  0
LINE
  8
0
 10
128.062
 20
309.053
 11
127.688
 21
309.006
  0
LINE
  8
0
 10
127.688
 20
309.006
 11
127.312
 21
309.006
  0
LINE
  8
0
 10
-127.594
 20
303.003
 11
-127.781
 21
303.027
  0
LINE
  8
0
 10
-127.781
 20
303.027
 11
-127.964
 21
303.073
  0
LINE
  8
0
 10
-127.964
 20
303.073
 11
-128.139
 21
303.143
  0
LINE
  8
0
 10
-128.139
 20
303.143
 11
-128.304
 21
303.234
  0
LINE
  8
0
 10
-128.304
 20
303.234
 11
-128.456
 21
303.344
  0
LINE
  8
0
 10
-128.456
 20
303.344
 11
-128.593
 21
303.473
  0
LINE
  8
0
 10
-128.593
 20
303.473
 11
-128.714
 21
303.618
  0
LINE
  8
0
 10
-128.714
 20
303.618
 11
-128.814
 21
303.777
  0
LINE
  8
0
 10
-128.814
 20
303.777
 11
-128.895
 21
303.948
  0
LINE
  8
0
 10
-128.895
 20
303.948
 11
-128.953
 21
304.127
  0
LINE
  8
0
 10
-128.953
 20
304.127
 11
-128.988
 21
304.312
  0
LINE
  8
0
 10
-128.988
 20
304.312
 11
-129
 21
304.5
  0
LINE
  8
0
 10
-129
 20
304.5
 11
-128.988
 21
304.688
  0
LINE
  8
0
 10
-128.988
 20
304.688
 11
-128.953
 21
304.873
  0
LINE
  8
0
 10
-128.953
 20
304.873
 11
-128.895
 21
305.052
  0
LINE
  8
0
 10
-128.895
 20
305.052
 11
-128.814
 21
305.223
  0
LINE
  8
0
 10
-128.814
 20
305.223
 11
-128.714
 21
305.382
  0
LINE
  8
0
 10
-128.714
 20
305.382
 11
-128.593
 21
305.527
  0
LINE
  8
0
 10
-128.593
 20
305.527
 11
-128.456
 21
305.656
  0
LINE
  8
0
 10
-128.456
 20
305.656
 11
-128.304
 21
305.766
  0
LINE
  8
0
 10
-128.304
 20
305.766
 11
-128.139
 21
305.857
  0
LINE
  8
0
 10
-128.139
 20
305.857
 11
-127.964
 21
305.927
  0
LINE
  8
0
 10
-127.964
 20
305.927
 11
-127.781
 21
305.973
  0
LINE
  8
0
 10
-127.781
 20
305.973
 11
-127.594
 21
305.997
  0
LINE
  8
0
 10
-127.594
 20
305.997
 11
-127.406
 21
305.997
  0
LINE
  8
0
 10
-127.406
 20
305.997
 11
-127.219
 21
305.973
  0
LINE
  8
0
 10
-127.219
 20
305.973
 11
-127.036
 21
305.927
  0
LINE
  8
0
 10
-127.036
 20
305.927
 11
-126.861
 21
305.857
  0
LINE
  8
0
 10
-126.861
 20
305.857
 11
-126.696
 21
305.766
  0
LINE
  8
0
 10
-126.696
 20
305.766
 11
-126.544
 21
305.656
  0
LINE
  8
0
 10
-126.544
 20
305.656
 11
-126.407
 21
305.527
  0
LINE
  8
0
 10
-126.407
 20
305.527
 11
-126.286
 21
305.382
  0
LINE
  8
0
 10
-126.286
 20
305.382
 11
-126.186
 21
305.223
  0
LINE
  8
0
 10
-126.186
 20
305.223
 11
-126.105
 21
305.052
  0
LINE
  8
0
 10
-126.105
 20
305.052
 11
-126.047
 21
304.873
  0
LINE
  8
0
 10
-126.047
 20
304.873
 11
-126.012
 21
304.688
  0
LINE
  8
0
 10
-126.012
 20
304.688
 11
-126
 21
304.5
  0
LINE
  8
0
 10
-126
 20
304.5
 11
-126.012
 21
304.312
  0
LINE
  8
0
 10
-126.012
 20
304.312
 11
-126.047
 21
304.127
  0
LINE
  8
0
 10
-126.047
 20
304.127
 11
-126.105
 21
303.948
  0
LINE
  8
0
 10
-126.105
 20
303.948
 11
-126.186
 21
303.777
  0
LINE
  8
0
 10
-126.186
 20
303.777
 11
-126.286
 21
303.618
  0
LINE
  8
0
 10
-126.286
 20
303.618
 11
-126.407
 21
303.473
  0
LINE
  8
0
 10
-126.407
 20
303.473
 11
-126.544
 21
303.344
  0
LINE
  8
0
 10
-126.544
 20
303.344
 11
-126.696
 21
303.234
  0
LINE
  8
0
 10
-126.696
 20
303.234
 11
-126.861
 21
303.143
  0
LINE
  8
0
 10
-126.861
 20
303.143
 11
-127.036
 21
303.073
  0
LINE
  8
0
 10
-127.036
 20
303.073
 11
-127.219
 21
303.027
  0
LINE
  8
0
 10
-127.219
 20
303.027
 11
-127.406
 21
303.003
  0
LINE
  8
0
 10
-127.406
 20
303.003
 11
-127.594
 21
303.003
  0
LINE
  8
0
 10
127.406
 20
303.003
 11
127.219
 21
303.027
  0
LINE
  8
0
 10
127.219
 20
303.027
 11
127.036
 21
303.073
  0
LINE
  8
0
 10
127.036
 20
303.073
 11
126.861
 21
303.143
  0
LINE
  8
0
 10
126.861
 20
303.143
 11
126.696
 21
303.234
  0
LINE
  8
0
 10
126.696
 20
303.234
 11
126.544
 21
303.344
  0
LINE
  8
0
 10
126.544
 20
303.344
 11
126.407
 21
303.473
  0
LINE
  8
0
 10
126.407
 20
303.473
 11
126.286
 21
303.618
  0
LINE
  8
0
 10
126.286
 20
303.618
 11
126.186
 21
303.777
  0
LINE
  8
0
 10
126.186
 20
303.777
 11
126.105
 21
303.948
  0
LINE
  8
0
 10
126.105
 20
303.948
 11
126.047
 21
304.127
  0
LINE
  8
0
 10
126.047
 20
304.127
 11
126.012
 21
304.312
  0
LINE
  8
0
 10
126.012
 20
304.312
 11
126
 21
304.5
  0
LINE
  8
0
 10
126
 20
304.5
 11
126.012
 21
304.688
  0
LINE
  8
0
 10
126.012
 20
304.688
 11
126.047
 21
304.873
  0
LINE
  8
0
 10
126.047
 20
304.873
 11
126.105
 21
305.052
  0
LINE
  8
0
 10
126.105
 20
305.052
 11
126.186
 21
305.223
  0
LINE
  8
0
 10
126.186
 20
305.223
 11
126.286
 21
305.382
  0
LINE
  8
0
 10
126.286
 20
305.382
 11
126.407
 21
305.527
  0
LINE
  8
0
 10
126.407
 20
305.527
 11
126.544
 21
305.656
  0
LINE
  8
0
 10
126.544
 20
305.656
 11
126.696
 21
305.766
  0
LINE
  8
0
 10
126.696
 20
305.766
 11
126.861
 21
305.857
  0
LINE
  8
0
 10
126.861
 20
305.857
 11
127.036
 21
305.927
  0
LINE
  8
0
 10
127.036
 20
305.927
 11
127.219
 21
305.973
  0
LINE
  8
0
 10
127.219
 20
305.973
 11
127.406
 21
305.997
  0
LINE
  8
0
 10
127.406
 20
305.997
 11
127.594
 21
305.997
  0
LINE
  8
0
 10
127.594
 20
305.997
 11
127.781
 21
305.973
  0
LINE
  8
0
 10
127.781
 20
305.973
 11
127.964
 21
305.927
  0
LINE
  8
0
 10
127.964
 20
305.927
 11
128.139
 21
305.857
  0
LINE
  8
0
 10
128.139
 20
305.857
 11
128.304
 21
305.766
  0
LINE
  8
0
 10
128.304
 20
305.766
 11
128.456
 21
305.656
  0
LINE
  8
0
 10
128.456
 20
305.656
 11
128.593
 21
305.527
  0
LINE
  8
0
 10
128.593
 20
305.527
 11
128.714
 21
305.382
  0
LINE
  8
0
 10
128.714
 20
305.382
 11
128.814
 21
305.223
  0
LINE
  8
0
 10
128.814
 20
305.223
 11
128.895
 21
305.052
  0
LINE
  8
0
 10
128.895
 20
305.052
 11
128.953
 21
304.873
  0
LINE
  8
0
 10
128.953
 20
304.873
 11
128.988
 21
304.688
  0
LINE
  8
0
 10
128.988
 20
304.688
 11
129
 21
304.5
  0
LINE
  8
0
 10
129
 20
304.5
 11
128.988
 21
304.312
  0
LINE
  8
0
 10
128.988
 20
304.312
 11
128.953
 21
304.127
  0
LINE
  8
0
 10
128.953
 20
304.127
 11
128.895
 21
303.948
  0
LINE
  8
0
 10
128.895
 20
303.948
 11
128.814
 21
303.777
  0
LINE
  8
0
 10
128.814
 20
303.777
 11
128.714
 21
303.618
  0
LINE
  8
0
 10
128.714
 20
303.618
 11
128.593
 21
303.473
  0
LINE
  8
0
 10
128.593
 20
303.473
 11
128.456
 21
303.344
  0
LINE
  8
0
 10
128.456
 20
303.344
 11
128.304
 21
303.234
  0
LINE
  8
0
 10
128.304
 20
303.234
 11
128.139
 21
303.143
  0
LINE
  8
0
 10
128.139
 20
303.143
 11
127.964
 21
303.073
  0
LINE
  8
0
 10
127.964
 20
303.073
 11
127.781
 21
303.027
  0
LINE
  8
0
 10
127.781
 20
303.027
 11
127.594
 21
303.003
  0
LINE
  8
0
 10
127.594
 20
303.003
 11
127.406
 21
303.003
  0
LINE
  8
0
 10
127.312
 20
294.006
 11
126.938
 21
294.053
  0
LINE
  8
0
 10
126.938
 20
294.053
 11
126.573
 21
294.147
  0
LINE
  8
0
 10
126.573
 20
294.147
 11
126.223
 21
294.286
  0
LINE
  8
0
 10
126.223
 20
294.286
 11
125.893
 21
294.467
  0
LINE
  8
0
 10
125.893
 20
294.467
 11
125.588
 21
294.688
  0
LINE
  8
0
 10
125.588
 20
294.688
 11
125.313
 21
294.946
  0
LINE
  8
0
 10
125.313
 20
294.946
 11
125.073
 21
295.237
  0
LINE
  8
0
 10
125.073
 20
295.237
 11
124.871
 21
295.555
  0
LINE
  8
0
 10
124.871
 20
295.555
 11
124.711
 21
295.896
  0
LINE
  8
0
 10
124.711
 20
295.896
 11
124.594
 21
296.254
  0
LINE
  8
0
 10
124.594
 20
296.254
 11
124.524
 21
296.624
  0
LINE
  8
0
 10
124.524
 20
296.624
 11
124.5
 21
297
  0
LINE
  8
0
 10
124.5
 20
297
 11
124.524
 21
297.376
  0
LINE
  8
0
 10
124.524
 20
297.376
 11
124.594
 21
297.746
  0
LINE
  8
0
 10
124.594
 20
297.746
 11
124.711
 21
298.104
  0
LINE
  8
0
 10
124.711
 20
298.104
 11
124.871
 21
298.445
  0
LINE
  8
0
 10
124.871
 20
298.445
 11
125.073
 21
298.763
  0
LINE
  8
0
 10
125.073
 20
298.763
 11
125.313
 21
299.054
  0
LINE
  8
0
 10
125.313
 20
299.054
 11
125.588
 21
299.312
  0
LINE
  8
0
 10
125.588
 20
299.312
 11
125.893
 21
299.533
  0
LINE
  8
0
 10
125.893
 20
299.533
 11
126.223
 21
299.714
  0
LINE
  8
0
 10
126.223
 20
299.714
 11
126.573
 21
299.853
  0
LINE
  8
0
 10
126.573
 20
299.853
 11
126.938
 21
299.947
  0
LINE
  8
0
 10
126.938
 20
299.947
 11
127.312
 21
299.994
  0
LINE
  8
0
 10
127.312
 20
299.994
 11
127.688
 21
299.994
  0
LINE
  8
0
 10
127.688
 20
299.994
 11
128.062
 21
299.947
  0
LINE
  8
0
 10
128.062
 20
299.947
 11
128.427
 21
299.853
  0
LINE
  8
0
 10
128.427
 20
299.853
 11
128.777
 21
299.714
  0
LINE
  8
0
 10
128.777
 20
299.714
 11
129.107
 21
299.533
  0
LINE
  8
0
 10
129.107
 20
299.533
 11
129.412
 21
299.312
  0
LINE
  8
0
 10
129.412
 20
299.312
 11
129.687
 21
299.054
  0
LINE
  8
0
 10
129.687
 20
299.054
 11
129.927
 21
298.763
  0
LINE
  8
0
 10
129.927
 20
298.763
 11
130.129
 21
298.445
  0
LINE
  8
0
 10
130.129
 20
298.445
 11
130.289
 21
298.104
  0
LINE
  8
0
 10
130.289
 20
298.104
 11
130.406
 21
297.746
  0
LINE
  8
0
 10
130.406
 20
297.746
 11
130.476
 21
297.376
  0
LINE
  8
0
 10
130.476
 20
297.376
 11
130.5
 21
297
  0
LINE
  8
0
 10
130.5
 20
297
 11
130.476
 21
296.624
  0
LINE
  8
0
 10
130.476
 20
296.624
 11
130.406
 21
296.254
  0
LINE
  8
0
 10
130.406
 20
296.254
 11
130.289
 21
295.896
  0
LINE
  8
0
 10
130.289
 20
295.896
 11
130.129
 21
295.555
  0
LINE
  8
0
 10
130.129
 20
295.555
 11
129.927
 21
295.237
  0
LINE
  8
0
 10
129.927
 20
295.237
 11
129.687
 21
294.946
  0
LINE
  8
0
 10
129.687
 20
294.946
 11
129.412
 21
294.688
  0
LINE
  8
0
 10
129.412
 20
294.688
 11
129.107
 21
294.467
  0
LINE
  8
0
 10
129.107
 20
294.467
 11
128.777
 21
294.286
  0
LINE
  8
0
 10
128.777
 20
294.286
 11
128.427
 21
294.147
  0
LINE
  8
0
 10
128.427
 20
294.147
 11
128.062
 21
294.053
  0
LINE
  8
0
 10
128.062
 20
294.053
 11
127.688
 21
294.006
  0
LINE
  8
0
 10
127.688
 20
294.006
 11
127.312
 21
294.006
  0
LINE
  8
0
 10
-127.688
 20
294.006
 11
-128.062
 21
294.053
  0
LINE
  8
0
 10
-128.062
 20
294.053
 11
-128.427
 21
294.147
  0
LINE
  8
0
 10
-128.427
 20
294.147
 11
-128.777
 21
294.286
  0
LINE
  8
0
 10
-128.777
 20
294.286
 11
-129.107
 21
294.467
  0
LINE
  8
0
 10
-129.107
 20
294.467
 11
-129.412
 21
294.688
  0
LINE
  8
0
 10
-129.412
 20
294.688
 11
-129.687
 21
294.946
  0
LINE
  8
0
 10
-129.687
 20
294.946
 11
-129.927
 21
295.237
  0
LINE
  8
0
 10
-129.927
 20
295.237
 11
-130.129
 21
295.555
  0
LINE
  8
0
 10
-130.129
 20
295.555
 11
-130.289
 21
295.896
  0
LINE
  8
0
 10
-130.289
 20
295.896
 11
-130.406
 21
296.254
  0
LINE
  8
0
 10
-130.406
 20
296.254
 11
-130.476
 21
296.624
  0
LINE
  8
0
 10
-130.476
 20
296.624
 11
-130.5
 21
297
  0
LINE
  8
0
 10
-130.5
 20
297
 11
-130.476
 21
297.376
  0
LINE
  8
0
 10
-130.476
 20
297.376
 11
-130.406
 21
297.746
  0
LINE
  8
0
 10
-130.406
 20
297.746
 11
-130.289
 21
298.104
  0
LINE
  8
0
 10
-130.289
 20
298.104
 11
-130.129
 21
298.445
  0
LINE
  8
0
 10
-130.129
 20
298.445
 11
-129.927
 21
298.763
  0
LINE
  8
0
 10
-129.927
 20
298.763
 11
-129.687
 21
299.054
  0
LINE
  8
0
 10
-129.687
 20
299.054
 11
-129.412
 21
299.312
  0
LINE
  8
0
 10
-129.412
 20
299.312
 11
-129.107
 21
299.533
  0
LINE
  8
0
 10
-129.107
 20
299.533
 11
-128.777
 21
299.714
  0
LINE
  8
0
 10
-128.777
 20
299.714
 11
-128.427
 21
299.853
  0
LINE
  8
0
 10
-128.427
 20
299.853
 11
-128.062
 21
299.947
  0
LINE
  8
0
 10
-128.062
 20
299.947
 11
-127.688
 21
299.994
  0
LINE
  8
0
 10
-127.688
 20
299.994
 11
-127.312
 21
299.994
  0
LINE
  8
0
 10
-127.312
 20
299.994
 11
-126.938
 21
299.947
  0
LINE
  8
0
 10
-126.938
 20
299.947
 11
-126.573
 21
299.853
  0
LINE
  8
0
 10
-126.573
 20
299.853
 11
-126.223
 21
299.714
  0
LINE
  8
0
 10
-126.223
 20
299.714
 11
-125.893
 21
299.533
  0
LINE
  8
0
 10
-125.893
 20
299.533
 11
-125.588
 21
299.312
  0
LINE
  8
0
 10
-125.588
 20
299.312
 11
-125.313
 21
299.054
  0
LINE
  8
0
 10
-125.313
 20
299.054
 11
-125.073
 21
298.763
  0
LINE
  8
0
 10
-125.073
 20
298.763
 11
-124.871
 21
298.445
  0
LINE
  8
0
 10
-124.871
 20
298.445
 11
-124.711
 21
298.104
  0
LINE
  8
0
 10
-124.711
 20
298.104
 11
-124.594
 21
297.746
  0
LINE
  8
0
 10
-124.594
 20
297.746
 11
-124.524
 21
297.376
  0
LINE
  8
0
 10
-124.524
 20
297.376
 11
-124.5
 21
297
  0
LINE
  8
0
 10
-124.5
 20
297
 11
-124.524
 21
296.624
  0
LINE
  8
0
 10
-124.524
 20
296.624
 11
-124.594
 21
296.254
  0
LINE
  8
0
 10
-124.594
 20
296.254
 11
-124.711
 21
295.896
  0
LINE
  8
0
 10
-124.711
 20
295.896
 11
-124.871
 21
295.555
  0
LINE
  8
0
 10
-124.871
 20
295.555
 11
-125.073
 21
295.237
  0
LINE
  8
0
 10
-125.073
 20
295.237
 11
-125.313
 21
294.946
  0
LINE
  8
0
 10
-125.313
 20
294.946
 11
-125.588
 21
294.688
  0
LINE
  8
0
 10
-125.588
 20
294.688
 11
-125.893
 21
294.467
  0
LINE
  8
0
 10
-125.893
 20
294.467
 11
-126.223
 21
294.286
  0
LINE
  8
0
 10
-126.223
 20
294.286
 11
-126.573
 21
294.147
  0
LINE
  8
0
 10
-126.573
 20
294.147
 11
-126.938
 21
294.053
  0
LINE
  8
0
 10
-126.938
 20
294.053
 11
-127.312
 21
294.006
  0
LINE
  8
0
 10
-127.312
 20
294.006
 11
-127.688
 21
294.006
  0
LINE
  8
0
 10
130.437
 20
176.089
 11
131.045
 21
176.245
  0
LINE
  8
0
 10
131.045
 20
176.245
 11
131.629
 21
176.476
  0
LINE
  8
0
 10
131.629
 20
176.476
 11
132.179
 21
176.778
  0
LINE
  8
0
 10
132.179
 20
176.778
 11
132.687
 21
177.147
  0
LINE
  8
0
 10
132.687
 20
177.147
 11
133.145
 21
177.577
  0
LINE
  8
0
 10
133.145
 20
177.577
 11
133.545
 21
178.061
  0
LINE
  8
0
 10
133.545
 20
178.061
 11
133.882
 21
178.591
  0
LINE
  8
0
 10
133.882
 20
178.591
 11
134.149
 21
179.159
  0
LINE
  8
0
 10
134.149
 20
179.159
 11
134.343
 21
179.757
  0
LINE
  8
0
 10
134.343
 20
179.757
 11
134.461
 21
180.373
  0
LINE
  8
0
 10
134.461
 20
180.373
 11
134.5
 21
181
  0
LINE
  8
0
 10
134.5
 20
181
 11
134.5
 21
275
  0
LINE
  8
0
 10
134.5
 20
275
 11
134.461
 21
275.627
  0
LINE
  8
0
 10
134.461
 20
275.627
 11
134.343
 21
276.243
  0
LINE
  8
0
 10
134.343
 20
276.243
 11
134.149
 21
276.841
  0
LINE
  8
0
 10
134.149
 20
276.841
 11
133.882
 21
277.409
  0
LINE
  8
0
 10
133.882
 20
277.409
 11
133.545
 21
277.939
  0
LINE
  8
0
 10
133.545
 20
277.939
 11
133.145
 21
278.423
  0
LINE
  8
0
 10
133.145
 20
278.423
 11
132.687
 21
278.853
  0
LINE
  8
0
 10
132.687
 20
278.853
 11
132.179
 21
279.222
  0
LINE
  8
0
 10
132.179
 20
279.222
 11
131.629
 21
279.524
  0
LINE
  8
0
 10
131.629
 20
279.524
 11
131.045
 21
279.755
  0
LINE
  8
0
 10
131.045
 20
279.755
 11
130.437
 21
279.911
  0
LINE
  8
0
 10
130.437
 20
279.911
 11
129.814
 21
279.99
  0
LINE
  8
0
 10
129.814
 20
279.99
 11
-129.814
 21
279.99
  0
LINE
  8
0
 10
-129.814
 20
279.99
 11
-130.437
 21
279.911
  0
LINE
  8
0
 10
-130.437
 20
279.911
 11
-131.045
 21
279.755
  0
LINE
  8
0
 10
-131.045
 20
279.755
 11
-131.629
 21
279.524
  0
LINE
  8
0
 10
-131.629
 20
279.524
 11
-132.179
 21
279.222
  0
LINE
  8
0
 10
-132.179
 20
279.222
 11
-132.687
 21
278.853
  0
LINE
  8
0
 10
-132.687
 20
278.853
 11
-133.145
 21
278.423
  0
LINE
  8
0
 10
-133.145
 20
278.423
 11
-133.545
 21
277.939
  0
LINE
  8
0
 10
-133.545
 20
277.939
 11
-133.882
 21
277.409
  0
LINE
  8
0
 10
-133.882
 20
277.409
 11
-134.149
 21
276.841
  0
LINE
  8
0
 10
-134.149
 20
276.841
 11
-134.343
 21
276.243
  0
LINE
  8
0
 10
-134.343
 20
276.243
 11
-134.461
 21
275.627
  0
LINE
  8
0
 10
-134.461
 20
275.627
 11
-134.5
 21
275
  0
LINE
  8
0
 10
-134.5
 20
275
 11
-134.5
 21
181
  0
LINE
  8
0
 10
-134.5
 20
181
 11
-134.461
 21
180.373
  0
LINE
  8
0
 10
-134.461
 20
180.373
 11
-134.343
 21
179.757
  0
LINE
  8
0
 10
-134.343
 20
179.757
 11
-134.149
 21
179.159
  0
LINE
  8
0
 10
-134.149
 20
179.159
 11
-133.882
 21
178.591
  0
LINE
  8
0
 10
-133.882
 20
178.591
 11
-133.545
 21
178.061
  0
LINE
  8
0
 10
-133.545
 20
178.061
 11
-133.145
 21
177.577
  0
LINE
  8
0
 10
-133.145
 20
177.577
 11
-132.687
 21
177.147
  0
LINE
  8
0
 10
-132.687
 20
177.147
 11
-132.179
 21
176.778
  0
LINE
  8
0
 10
-132.179
 20
176.778
 11
-131.629
 21
176.476
  0
LINE
  8
0
 10
-131.629
 20
176.476
 11
-131.045
 21
176.245
  0
LINE
  8
0
 10
-131.045
 20
176.245
 11
-130.437
 21
176.089
  0
LINE
  8
0
 10
-130.437
 20
176.089
 11
-129.814
 21
176.01
  0
LINE
  8
0
 10
-129.814
 20
176.01
 11
129.814
 21
176.01
  0
LINE
  8
0
 10
129.814
 20
176.01
 11
130.437
 21
176.089
  0
LINE
  8
0
 10
-127.688
 20
270.006
 11
-128.062
 21
270.053
  0
LINE
  8
0
 10
-128.062
 20
270.053
 11
-128.427
 21
270.147
  0
LINE
  8
0
 10
-128.427
 20
270.147
 11
-128.777
 21
270.286
  0
LINE
  8
0
 10
-128.777
 20
270.286
 11
-129.107
 21
270.467
  0
LINE
  8
0
 10
-129.107
 20
270.467
 11
-129.412
 21
270.688
  0
LINE
  8
0
 10
-129.412
 20
270.688
 11
-129.687
 21
270.946
  0
LINE
  8
0
 10
-129.687
 20
270.946
 11
-129.927
 21
271.237
  0
LINE
  8
0
 10
-129.927
 20
271.237
 11
-130.129
 21
271.555
  0
LINE
  8
0
 10
-130.129
 20
271.555
 11
-130.289
 21
271.896
  0
LINE
  8
0
 10
-130.289
 20
271.896
 11
-130.406
 21
272.254
  0
LINE
  8
0
 10
-130.406
 20
272.254
 11
-130.476
 21
272.624
  0
LINE
  8
0
 10
-130.476
 20
272.624
 11
-130.5
 21
273
  0
LINE
  8
0
 10
-130.5
 20
273
 11
-130.476
 21
273.376
  0
LINE
  8
0
 10
-130.476
 20
273.376
 11
-130.406
 21
273.746
  0
LINE
  8
0
 10
-130.406
 20
273.746
 11
-130.289
 21
274.104
  0
LINE
  8
0
 10
-130.289
 20
274.104
 11
-130.129
 21
274.445
  0
LINE
  8
0
 10
-130.129
 20
274.445
 11
-129.927
 21
274.763
  0
LINE
  8
0
 10
-129.927
 20
274.763
 11
-129.687
 21
275.054
  0
LINE
  8
0
 10
-129.687
 20
275.054
 11
-129.412
 21
275.312
  0
LINE
  8
0
 10
-129.412
 20
275.312
 11
-129.107
 21
275.533
  0
LINE
  8
0
 10
-129.107
 20
275.533
 11
-128.777
 21
275.714
  0
LINE
  8
0
 10
-128.777
 20
275.714
 11
-128.427
 21
275.853
  0
LINE
  8
0
 10
-128.427
 20
275.853
 11
-128.062
 21
275.947
  0
LINE
  8
0
 10
-128.062
 20
275.947
 11
-127.688
 21
275.994
  0
LINE
  8
0
 10
-127.688
 20
275.994
 11
-127.312
 21
275.994
  0
LINE
  8
0
 10
-127.312
 20
275.994
 11
-126.938
 21
275.947
  0
LINE
  8
0
 10
-126.938
 20
275.947
 11
-126.573
 21
275.853
  0
LINE
  8
0
 10
-126.573
 20
275.853
 11
-126.223
 21
275.714
  0
LINE
  8
0
 10
-126.223
 20
275.714
 11
-125.893
 21
275.533
  0
LINE
  8
0
 10
-125.893
 20
275.533
 11
-125.588
 21
275.312
  0
LINE
  8
0
 10
-125.588
 20
275.312
 11
-125.313
 21
275.054
  0
LINE
  8
0
 10
-125.313
 20
275.054
 11
-125.073
 21
274.763
  0
LINE
  8
0
 10
-125.073
 20
274.763
 11
-124.871
 21
274.445
  0
LINE
  8
0
 10
-124.871
 20
274.445
 11
-124.711
 21
274.104
  0
LINE
  8
0
 10
-124.711
 20
274.104
 11
-124.594
 21
273.746
  0
LINE
  8
0
 10
-124.594
 20
273.746
 11
-124.524
 21
273.376
  0
LINE
  8
0
 10
-124.524
 20
273.376
 11
-124.5
 21
273
  0
LINE
  8
0
 10
-124.5
 20
273
 11
-124.524
 21
272.624
  0
LINE
  8
0
 10
-124.524
 20
272.624
 11
-124.594
 21
272.254
  0
LINE
  8
0
 10
-124.594
 20
272.254
 11
-124.711
 21
271.896
  0
LINE
  8
0
 10
-124.711
 20
271.896
 11
-124.871
 21
271.555
  0
LINE
  8
0
 10
-124.871
 20
271.555
 11
-125.073
 21
271.237
  0
LINE
  8
0
 10
-125.073
 20
271.237
 11
-125.313
 21
270.946
  0
LINE
  8
0
 10
-125.313
 20
270.946
 11
-125.588
 21
270.688
  0
LINE
  8
0
 10
-125.588
 20
270.688
 11
-125.893
 21
270.467
  0
LINE
  8
0
 10
-125.893
 20
270.467
 11
-126.223
 21
270.286
  0
LINE
  8
0
 10
-126.223
 20
270.286
 11
-126.573
 21
270.147
  0
LINE
  8
0
 10
-126.573
 20
270.147
 11
-126.938
 21
270.053
  0
LINE
  8
0
 10
-126.938
 20
270.053
 11
-127.312
 21
270.006
  0
LINE
  8
0
 10
-127.312
 20
270.006
 11
-127.688
 21
270.006
  0
LINE
  8
0
 10
127.312
 20
270.006
 11
126.938
 21
270.053
  0
LINE
  8
0
 10
126.938
 20
270.053
 11
126.573
 21
270.147
  0
LINE
  8
0
 10
126.573
 20
270.147
 11
126.223
 21
270.286
  0
LINE
  8
0
 10
126.223
 20
270.286
 11
125.893
 21
270.467
  0
LINE
  8
0
 10
125.893
 20
270.467
 11
125.588
 21
270.688
  0
LINE
  8
0
 10
125.588
 20
270.688
 11
125.313
 21
270.946
  0
LINE
  8
0
 10
125.313
 20
270.946
 11
125.073
 21
271.237
  0
LINE
  8
0
 10
125.073
 20
271.237
 11
124.871
 21
271.555
  0
LINE
  8
0
 10
124.871
 20
271.555
 11
124.711
 21
271.896
  0
LINE
  8
0
 10
124.711
 20
271.896
 11
124.594
 21
272.254
  0
LINE
  8
0
 10
124.594
 20
272.254
 11
124.524
 21
272.624
  0
LINE
  8
0
 10
124.524
 20
272.624
 11
124.5
 21
273
  0
LINE
  8
0
 10
124.5
 20
273
 11
124.524
 21
273.376
  0
LINE
  8
0
 10
124.524
 20
273.376
 11
124.594
 21
273.746
  0
LINE
  8
0
 10
124.594
 20
273.746
 11
124.711
 21
274.104
  0
LINE
  8
0
 10
124.711
 20
274.104
 11
124.871
 21
274.445
  0
LINE
  8
0
 10
124.871
 20
274.445
 11
125.073
 21
274.763
  0
LINE
  8
0
 10
125.073
 20
274.763
 11
125.313
 21
275.054
  0
LINE
  8
0
 10
125.313
 20
275.054
 11
125.588
 21
275.312
  0
LINE
  8
0
 10
125.588
 20
275.312
 11
125.893
 21
275.533
  0
LINE
  8
0
 10
125.893
 20
275.533
 11
126.223
 21
275.714
  0
LINE
  8
0
 10
126.223
 20
275.714
 11
126.573
 21
275.853
  0
LINE
  8
0
 10
126.573
 20
275.853
 11
126.938
 21
275.947
  0
LINE
  8
0
 10
126.938
 20
275.947
 11
127.312
 21
275.994
  0
LINE
  8
0
 10
127.312
 20
275.994
 11
127.688
 21
275.994
  0
LINE
  8
0
 10
127.688
 20
275.994
 11
128.062
 21
275.947
  0
LINE
  8
0
 10
128.062
 20
275.947
 11
128.427
 21
275.853
  0
LINE
  8
0
 10
128.427
 20
275.853
 11
128.777
 21
275.714
  0
LINE
  8
0
 10
128.777
 20
275.714
 11
129.107
 21
275.533
  0
LINE
  8
0
 10
129.107
 20
275.533
 11
129.412
 21
275.312
  0
LINE
  8
0
 10
129.412
 20
275.312
 11
129.687
 21
275.054
  0
LINE
  8
0
 10
129.687
 20
275.054
 11
129.927
 21
274.763
  0
LINE
  8
0
 10
129.927
 20
274.763
 11
130.129
 21
274.445
  0
LINE
  8
0
 10
130.129
 20
274.445
 11
130.289
 21
274.104
  0
LINE
  8
0
 10
130.289
 20
274.104
 11
130.406
 21
273.746
  0
LINE
  8
0
 10
130.406
 20
273.746
 11
130.476
 21
273.376
  0
LINE
  8
0
 10
130.476
 20
273.376
 11
130.5
 21
273
  0
LINE
  8
0
 10
130.5
 20
273
 11
130.476
 21
272.624
  0
LINE
  8
0
 10
130.476
 20
272.624
 11
130.406
 21
272.254
  0
LINE
  8
0
 10
130.406
 20
272.254
 11
130.289
 21
271.896
  0
LINE
  8
0
 10
130.289
 20
271.896
 11
130.129
 21
271.555
  0
LINE
  8
0
 10
130.129
 20
271.555
 11
129.927
 21
271.237
  0
LINE
  8
0
 10
129.927
 20
271.237
 11
129.687
 21
270.946
  0
LINE
  8
0
 10
129.687
 20
270.946
 11
129.412
 21
270.688
  0
LINE
  8
0
 10
129.412
 20
270.688
 11
129.107
 21
270.467
  0
LINE
  8
0
 10
129.107
 20
270.467
 11
128.777
 21
270.286
  0
LINE
  8
0
 10
128.777
 20
270.286
 11
128.427
 21
270.147
  0
LINE
  8
0
 10
128.427
 20
270.147
 11
128.062
 21
270.053
  0
LINE
  8
0
 10
128.062
 20
270.053
 11
127.688
 21
270.006
  0
LINE
  8
0
 10
127.688
 20
270.006
 11
127.312
 21
270.006
  0
LINE
  8
0
 10
-127.594
 20
264.003
 11
-127.781
 21
264.027
  0
LINE
  8
0
 10
-127.781
 20
264.027
 11
-127.964
 21
264.073
  0
LINE
  8
0
 10
-127.964
 20
264.073
 11
-128.139
 21
264.143
  0
LINE
  8
0
 10
-128.139
 20
264.143
 11
-128.304
 21
264.234
  0
LINE
  8
0
 10
-128.304
 20
264.234
 11
-128.456
 21
264.344
  0
LINE
  8
0
 10
-128.456
 20
264.344
 11
-128.593
 21
264.473
  0
LINE
  8
0
 10
-128.593
 20
264.473
 11
-128.714
 21
264.618
  0
LINE
  8
0
 10
-128.714
 20
264.618
 11
-128.814
 21
264.777
  0
LINE
  8
0
 10
-128.814
 20
264.777
 11
-128.895
 21
264.948
  0
LINE
  8
0
 10
-128.895
 20
264.948
 11
-128.953
 21
265.127
  0
LINE
  8
0
 10
-128.953
 20
265.127
 11
-128.988
 21
265.312
  0
LINE
  8
0
 10
-128.988
 20
265.312
 11
-129
 21
265.5
  0
LINE
  8
0
 10
-129
 20
265.5
 11
-128.988
 21
265.688
  0
LINE
  8
0
 10
-128.988
 20
265.688
 11
-128.953
 21
265.873
  0
LINE
  8
0
 10
-128.953
 20
265.873
 11
-128.895
 21
266.052
  0
LINE
  8
0
 10
-128.895
 20
266.052
 11
-128.814
 21
266.223
  0
LINE
  8
0
 10
-128.814
 20
266.223
 11
-128.714
 21
266.382
  0
LINE
  8
0
 10
-128.714
 20
266.382
 11
-128.593
 21
266.527
  0
LINE
  8
0
 10
-128.593
 20
266.527
 11
-128.456
 21
266.656
  0
LINE
  8
0
 10
-128.456
 20
266.656
 11
-128.304
 21
266.766
  0
LINE
  8
0
 10
-128.304
 20
266.766
 11
-128.139
 21
266.857
  0
LINE
  8
0
 10
-128.139
 20
266.857
 11
-127.964
 21
266.927
  0
LINE
  8
0
 10
-127.964
 20
266.927
 11
-127.781
 21
266.973
  0
LINE
  8
0
 10
-127.781
 20
266.973
 11
-127.594
 21
266.997
  0
LINE
  8
0
 10
-127.594
 20
266.997
 11
-127.406
 21
266.997
  0
LINE
  8
0
 10
-127.406
 20
266.997
 11
-127.219
 21
266.973
  0
LINE
  8
0
 10
-127.219
 20
266.973
 11
-127.036
 21
266.927
  0
LINE
  8
0
 10
-127.036
 20
266.927
 11
-126.861
 21
266.857
  0
LINE
  8
0
 10
-126.861
 20
266.857
 11
-126.696
 21
266.766
  0
LINE
  8
0
 10
-126.696
 20
266.766
 11
-126.544
 21
266.656
  0
LINE
  8
0
 10
-126.544
 20
266.656
 11
-126.407
 21
266.527
  0
LINE
  8
0
 10
-126.407
 20
266.527
 11
-126.286
 21
266.382
  0
LINE
  8
0
 10
-126.286
 20
266.382
 11
-126.186
 21
266.223
  0
LINE
  8
0
 10
-126.186
 20
266.223
 11
-126.105
 21
266.052
  0
LINE
  8
0
 10
-126.105
 20
266.052
 11
-126.047
 21
265.873
  0
LINE
  8
0
 10
-126.047
 20
265.873
 11
-126.012
 21
265.688
  0
LINE
  8
0
 10
-126.012
 20
265.688
 11
-126
 21
265.5
  0
LINE
  8
0
 10
-126
 20
265.5
 11
-126.012
 21
265.312
  0
LINE
  8
0
 10
-126.012
 20
265.312
 11
-126.047
 21
265.127
  0
LINE
  8
0
 10
-126.047
 20
265.127
 11
-126.105
 21
264.948
  0
LINE
  8
0
 10
-126.105
 20
264.948
 11
-126.186
 21
264.777
  0
LINE
  8
0
 10
-126.186
 20
264.777
 11
-126.286
 21
264.618
  0
LINE
  8
0
 10
-126.286
 20
264.618
 11
-126.407
 21
264.473
  0
LINE
  8
0
 10
-126.407
 20
264.473
 11
-126.544
 21
264.344
  0
LINE
  8
0
 10
-126.544
 20
264.344
 11
-126.696
 21
264.234
  0
LINE
  8
0
 10
-126.696
 20
264.234
 11
-126.861
 21
264.143
  0
LINE
  8
0
 10
-126.861
 20
264.143
 11
-127.036
 21
264.073
  0
LINE
  8
0
 10
-127.036
 20
264.073
 11
-127.219
 21
264.027
  0
LINE
  8
0
 10
-127.219
 20
264.027
 11
-127.406
 21
264.003
  0
LINE
  8
0
 10
-127.406
 20
264.003
 11
-127.594
 21
264.003
  0
LINE
  8
0
 10
127.406
 20
264.003
 11
127.219
 21
264.027
  0
LINE
  8
0
 10
127.219
 20
264.027
 11
127.036
 21
264.073
  0
LINE
  8
0
 10
127.036
 20
264.073
 11
126.861
 21
264.143
  0
LINE
  8
0
 10
126.861
 20
264.143
 11
126.696
 21
264.234
  0
LINE
  8
0
 10
126.696
 20
264.234
 11
126.544
 21
264.344
  0
LINE
  8
0
 10
126.544
 20
264.344
 11
126.407
 21
264.473
  0
LINE
  8
0
 10
126.407
 20
264.473
 11
126.286
 21
264.618
  0
LINE
  8
0
 10
126.286
 20
264.618
 11
126.186
 21
264.777
  0
LINE
  8
0
 10
126.186
 20
264.777
 11
126.105
 21
264.948
  0
LINE
  8
0
 10
126.105
 20
264.948
 11
126.047
 21
265.127
  0
LINE
  8
0
 10
126.047
 20
265.127
 11
126.012
 21
265.312
  0
LINE
  8
0
 10
126.012
 20
265.312
 11
126
 21
265.5
  0
LINE
  8
0
 10
126
 20
265.5
 11
126.012
 21
265.688
  0
LINE
  8
0
 10
126.012
 20
265.688
 11
126.047
 21
265.873
  0
LINE
  8
0
 10
126.047
 20
265.873
 11
126.105
 21
266.052
  0
LINE
  8
0
 10
126.105
 20
266.052
 11
126.186
 21
266.223
  0
LINE
  8
0
 10
126.186
 20
266.223
 11
126.286
 21
266.382
  0
LINE
  8
0
 10
126.286
 20
266.382
 11
126.407
 21
266.527
  0
LINE
  8
0
 10
126.407
 20
266.527
 11
126.544
 21
266.656
  0
LINE
  8
0
 10
126.544
 20
266.656
 11
126.696
 21
266.766
  0
LINE
  8
0
 10
126.696
 20
266.766
 11
126.861
 21
266.857
  0
LINE
  8
0
 10
126.861
 20
266.857
 11
127.036
 21
266.927
  0
LINE
  8
0
 10
127.036
 20
266.927
 11
127.219
 21
266.973
  0
LINE
  8
0
 10
127.219
 20
266.973
 11
127.406
 21
266.997
  0
LINE
  8
0
 10
127.406
 20
266.997
 11
127.594
 21
266.997
  0
LINE
  8
0
 10
127.594
 20
266.997
 11
127.781
 21
266.973
  0
LINE
  8
0
 10
127.781
 20
266.973
 11
127.964
 21
266.927
  0
LINE
  8
0
 10
127.964
 20
266.927
 11
128.139
 21
266.857
  0
LINE
  8
0
 10
128.139
 20
266.857
 11
128.304
 21
266.766
  0
LINE
  8
0
 10
128.304
 20
266.766
 11
128.456
 21
266.656
  0
LINE
  8
0
 10
128.456
 20
266.656
 11
128.593
 21
266.527
  0
LINE
  8
0
 10
128.593
 20
266.527
 11
128.714
 21
266.382
  0
LINE
  8
0
 10
128.714
 20
266.382
 11
128.814
 21
266.223
  0
LINE
  8
0
 10
128.814
 20
266.223
 11
128.895
 21
266.052
  0
LINE
  8
0
 10
128.895
 20
266.052
 11
128.953
 21
265.873
  0
LINE
  8
0
 10
128.953
 20
265.873
 11
128.988
 21
265.688
  0
LINE
  8
0
 10
128.988
 20
265.688
 11
129
 21
265.5
  0
LINE
  8
0
 10
129
 20
265.5
 11
128.988
 21
265.312
  0
LINE
  8
0
 10
128.988
 20
265.312
 11
128.953
 21
265.127
  0
LINE
  8
0
 10
128.953
 20
265.127
 11
128.895
 21
264.948
  0
LINE
  8
0
 10
128.895
 20
264.948
 11
128.814
 21
264.777
  0
LINE
  8
0
 10
128.814
 20
264.777
 11
128.714
 21
264.618
  0
LINE
  8
0
 10
128.714
 20
264.618
 11
128.593
 21
264.473
  0
LINE
  8
0
 10
128.593
 20
264.473
 11
128.456
 21
264.344
  0
LINE
  8
0
 10
128.456
 20
264.344
 11
128.304
 21
264.234
  0
LINE
  8
0
 10
128.304
 20
264.234
 11
128.139
 21
264.143
  0
LINE
  8
0
 10
128.139
 20
264.143
 11
127.964
 21
264.073
  0
LINE
  8
0
 10
127.964
 20
264.073
 11
127.781
 21
264.027
  0
LINE
  8
0
 10
127.781
 20
264.027
 11
127.594
 21
264.003
  0
LINE
  8
0
 10
127.594
 20
264.003
 11
127.406
 21
264.003
  0
LINE
  8
0
 10
-127.688
 20
255.006
 11
-128.062
 21
255.053
  0
LINE
  8
0
 10
-128.062
 20
255.053
 11
-128.427
 21
255.147
  0
LINE
  8
0
 10
-128.427
 20
255.147
 11
-128.777
 21
255.286
  0
LINE
  8
0
 10
-128.777
 20
255.286
 11
-129.107
 21
255.467
  0
LINE
  8
0
 10
-129.107
 20
255.467
 11
-129.412
 21
255.688
  0
LINE
  8
0
 10
-129.412
 20
255.688
 11
-129.687
 21
255.946
  0
LINE
  8
0
 10
-129.687
 20
255.946
 11
-129.927
 21
256.237
  0
LINE
  8
0
 10
-129.927
 20
256.237
 11
-130.129
 21
256.555
  0
LINE
  8
0
 10
-130.129
 20
256.555
 11
-130.289
 21
256.896
  0
LINE
  8
0
 10
-130.289
 20
256.896
 11
-130.406
 21
257.254
  0
LINE
  8
0
 10
-130.406
 20
257.254
 11
-130.476
 21
257.624
  0
LINE
  8
0
 10
-130.476
 20
257.624
 11
-130.5
 21
258
  0
LINE
  8
0
 10
-130.5
 20
258
 11
-130.476
 21
258.376
  0
LINE
  8
0
 10
-130.476
 20
258.376
 11
-130.406
 21
258.746
  0
LINE
  8
0
 10
-130.406
 20
258.746
 11
-130.289
 21
259.104
  0
LINE
  8
0
 10
-130.289
 20
259.104
 11
-130.129
 21
259.445
  0
LINE
  8
0
 10
-130.129
 20
259.445
 11
-129.927
 21
259.763
  0
LINE
  8
0
 10
-129.927
 20
259.763
 11
-129.687
 21
260.054
  0
LINE
  8
0
 10
-129.687
 20
260.054
 11
-129.412
 21
260.312
  0
LINE
  8
0
 10
-129.412
 20
260.312
 11
-129.107
 21
260.533
  0
LINE
  8
0
 10
-129.107
 20
260.533
 11
-128.777
 21
260.714
  0
LINE
  8
0
 10
-128.777
 20
260.714
 11
-128.427
 21
260.853
  0
LINE
  8
0
 10
-128.427
 20
260.853
 11
-128.062
 21
260.947
  0
LINE
  8
0
 10
-128.062
 20
260.947
 11
-127.688
 21
260.994
  0
LINE
  8
0
 10
-127.688
 20
260.994
 11
-127.312
 21
260.994
  0
LINE
  8
0
 10
-127.312
 20
260.994
 11
-126.938
 21
260.947
  0
LINE
  8
0
 10
-126.938
 20
260.947
 11
-126.573
 21
260.853
  0
LINE
  8
0
 10
-126.573
 20
260.853
 11
-126.223
 21
260.714
  0
LINE
  8
0
 10
-126.223
 20
260.714
 11
-125.893
 21
260.533
  0
LINE
  8
0
 10
-125.893
 20
260.533
 11
-125.588
 21
260.312
  0
LINE
  8
0
 10
-125.588
 20
260.312
 11
-125.313
 21
260.054
  0
LINE
  8
0
 10
-125.313
 20
260.054
 11
-125.073
 21
259.763
  0
LINE
  8
0
 10
-125.073
 20
259.763
 11
-124.871
 21
259.445
  0
LINE
  8
0
 10
-124.871
 20
259.445
 11
-124.711
 21
259.104
  0
LINE
  8
0
 10
-124.711
 20
259.104
 11
-124.594
 21
258.746
  0
LINE
  8
0
 10
-124.594
 20
258.746
 11
-124.524
 21
258.376
  0
LINE
  8
0
 10
-124.524
 20
258.376
 11
-124.5
 21
258
  0
LINE
  8
0
 10
-124.5
 20
258
 11
-124.524
 21
257.624
  0
LINE
  8
0
 10
-124.524
 20
257.624
 11
-124.594
 21
257.254
  0
LINE
  8
0
 10
-124.594
 20
257.254
 11
-124.711
 21
256.896
  0
LINE
  8
0
 10
-124.711
 20
256.896
 11
-124.871
 21
256.555
  0
LINE
  8
0
 10
-124.871
 20
256.555
 11
-125.073
 21
256.237
  0
LINE
  8
0
 10
-125.073
 20
256.237
 11
-125.313
 21
255.946
  0
LINE
  8
0
 10
-125.313
 20
255.946
 11
-125.588
 21
255.688
  0
LINE
  8
0
 10
-125.588
 20
255.688
 11
-125.893
 21
255.467
  0
LINE
  8
0
 10
-125.893
 20
255.467
 11
-126.223
 21
255.286
  0
LINE
  8
0
 10
-126.223
 20
255.286
 11
-126.573
 21
255.147
  0
LINE
  8
0
 10
-126.573
 20
255.147
 11
-126.938
 21
255.053
  0
LINE
  8
0
 10
-126.938
 20
255.053
 11
-127.312
 21
255.006
  0
LINE
  8
0
 10
-127.312
 20
255.006
 11
-127.688
 21
255.006
  0
LINE
  8
0
 10
127.312
 20
255.006
 11
126.938
 21
255.053
  0
LINE
  8
0
 10
126.938
 20
255.053
 11
126.573
 21
255.147
  0
LINE
  8
0
 10
126.573
 20
255.147
 11
126.223
 21
255.286
  0
LINE
  8
0
 10
126.223
 20
255.286
 11
125.893
 21
255.467
  0
LINE
  8
0
 10
125.893
 20
255.467
 11
125.588
 21
255.688
  0
LINE
  8
0
 10
125.588
 20
255.688
 11
125.313
 21
255.946
  0
LINE
  8
0
 10
125.313
 20
255.946
 11
125.073
 21
256.237
  0
LINE
  8
0
 10
125.073
 20
256.237
 11
124.871
 21
256.555
  0
LINE
  8
0
 10
124.871
 20
256.555
 11
124.711
 21
256.896
  0
LINE
  8
0
 10
124.711
 20
256.896
 11
124.594
 21
257.254
  0
LINE
  8
0
 10
124.594
 20
257.254
 11
124.524
 21
257.624
  0
LINE
  8
0
 10
124.524
 20
257.624
 11
124.5
 21
258
  0
LINE
  8
0
 10
124.5
 20
258
 11
124.524
 21
258.376
  0
LINE
  8
0
 10
124.524
 20
258.376
 11
124.594
 21
258.746
  0
LINE
  8
0
 10
124.594
 20
258.746
 11
124.711
 21
259.104
  0
LINE
  8
0
 10
124.711
 20
259.104
 11
124.871
 21
259.445
  0
LINE
  8
0
 10
124.871
 20
259.445
 11
125.073
 21
259.763
  0
LINE
  8
0
 10
125.073
 20
259.763
 11
125.313
 21
260.054
  0
LINE
  8
0
 10
125.313
 20
260.054
 11
125.588
 21
260.312
  0
LINE
  8
0
 10
125.588
 20
260.312
 11
125.893
 21
260.533
  0
LINE
  8
0
 10
125.893
 20
260.533
 11
126.223
 21
260.714
  0
LINE
  8
0
 10
126.223
 20
260.714
 11
126.573
 21
260.853
  0
LINE
  8
0
 10
126.573
 20
260.853
 11
126.938
 21
260.947
  0
LINE
  8
0
 10
126.938
 20
260.947
 11
127.312
 21
260.994
  0
LINE
  8
0
 10
127.312
 20
260.994
 11
127.688
 21
260.994
  0
LINE
  8
0
 10
127.688
 20
260.994
 11
128.062
 21
260.947
  0
LINE
  8
0
 10
128.062
 20
260.947
 11
128.427
 21
260.853
  0
LINE
  8
0
 10
128.427
 20
260.853
 11
128.777
 21
260.714
  0
LINE
  8
0
 10
128.777
 20
260.714
 11
129.107
 21
260.533
  0
LINE
  8
0
 10
129.107
 20
260.533
 11
129.412
 21
260.312
  0
LINE
  8
0
 10
129.412
 20
260.312
 11
129.687
 21
260.054
  0
LINE
  8
0
 10
129.687
 20
260.054
 11
129.927
 21
259.763
  0
LINE
  8
0
 10
129.927
 20
259.763
 11
130.129
 21
259.445
  0
LINE
  8
0
 10
130.129
 20
259.445
 11
130.289
 21
259.104
  0
LINE
  8
0
 10
130.289
 20
259.104
 11
130.406
 21
258.746
  0
LINE
  8
0
 10
130.406
 20
258.746
 11
130.476
 21
258.376
  0
LINE
  8
0
 10
130.476
 20
258.376
 11
130.5
 21
258
  0
LINE
  8
0
 10
130.5
 20
258
 11
130.476
 21
257.624
  0
LINE
  8
0
 10
130.476
 20
257.624
 11
130.406
 21
257.254
  0
LINE
  8
0
 10
130.406
 20
257.254
 11
130.289
 21
256.896
  0
LINE
  8
0
 10
130.289
 20
256.896
 11
130.129
 21
256.555
  0
LINE
  8
0
 10
130.129
 20
256.555
 11
129.927
 21
256.237
  0
LINE
  8
0
 10
129.927
 20
256.237
 11
129.687
 21
255.946
  0
LINE
  8
0
 10
129.687
 20
255.946
 11
129.412
 21
255.688
  0
LINE
  8
0
 10
129.412
 20
255.688
 11
129.107
 21
255.467
  0
LINE
  8
0
 10
129.107
 20
255.467
 11
128.777
 21
255.286
  0
LINE
  8
0
 10
128.777
 20
255.286
 11
128.427
 21
255.147
  0
LINE
  8
0
 10
128.427
 20
255.147
 11
128.062
 21
255.053
  0
LINE
  8
0
 10
128.062
 20
255.053
 11
127.688
 21
255.006
  0
LINE
  8
0
 10
127.688
 20
255.006
 11
127.312
 21
255.006
  0
LINE
  8
0
 10
-127.594
 20
249.003
 11
-127.781
 21
249.027
  0
LINE
  8
0
 10
-127.781
 20
249.027
 11
-127.964
 21
249.073
  0
LINE
  8
0
 10
-127.964
 20
249.073
 11
-128.139
 21
249.143
  0
LINE
  8
0
 10
-128.139
 20
249.143
 11
-128.304
 21
249.234
  0
LINE
  8
0
 10
-128.304
 20
249.234
 11
-128.456
 21
249.344
  0
LINE
  8
0
 10
-128.456
 20
249.344
 11
-128.593
 21
249.473
  0
LINE
  8
0
 10
-128.593
 20
249.473
 11
-128.714
 21
249.618
  0
LINE
  8
0
 10
-128.714
 20
249.618
 11
-128.814
 21
249.777
  0
LINE
  8
0
 10
-128.814
 20
249.777
 11
-128.895
 21
249.948
  0
LINE
  8
0
 10
-128.895
 20
249.948
 11
-128.953
 21
250.127
  0
LINE
  8
0
 10
-128.953
 20
250.127
 11
-128.988
 21
250.312
  0
LINE
  8
0
 10
-128.988
 20
250.312
 11
-129
 21
250.5
  0
LINE
  8
0
 10
-129
 20
250.5
 11
-128.988
 21
250.688
  0
LINE
  8
0
 10
-128.988
 20
250.688
 11
-128.953
 21
250.873
  0
LINE
  8
0
 10
-128.953
 20
250.873
 11
-128.895
 21
251.052
  0
LINE
  8
0
 10
-128.895
 20
251.052
 11
-128.814
 21
251.223
  0
LINE
  8
0
 10
-128.814
 20
251.223
 11
-128.714
 21
251.382
  0
LINE
  8
0
 10
-128.714
 20
251.382
 11
-128.593
 21
251.527
  0
LINE
  8
0
 10
-128.593
 20
251.527
 11
-128.456
 21
251.656
  0
LINE
  8
0
 10
-128.456
 20
251.656
 11
-128.304
 21
251.766
  0
LINE
  8
0
 10
-128.304
 20
251.766
 11
-128.139
 21
251.857
  0
LINE
  8
0
 10
-128.139
 20
251.857
 11
-127.964
 21
251.927
  0
LINE
  8
0
 10
-127.964
 20
251.927
 11
-127.781
 21
251.973
  0
LINE
  8
0
 10
-127.781
 20
251.973
 11
-127.594
 21
251.997
  0
LINE
  8
0
 10
-127.594
 20
251.997
 11
-127.406
 21
251.997
  0
LINE
  8
0
 10
-127.406
 20
251.997
 11
-127.219
 21
251.973
  0
LINE
  8
0
 10
-127.219
 20
251.973
 11
-127.036
 21
251.927
  0
LINE
  8
0
 10
-127.036
 20
251.927
 11
-126.861
 21
251.857
  0
LINE
  8
0
 10
-126.861
 20
251.857
 11
-126.696
 21
251.766
  0
LINE
  8
0
 10
-126.696
 20
251.766
 11
-126.544
 21
251.656
  0
LINE
  8
0
 10
-126.544
 20
251.656
 11
-126.407
 21
251.527
  0
LINE
  8
0
 10
-126.407
 20
251.527
 11
-126.286
 21
251.382
  0
LINE
  8
0
 10
-126.286
 20
251.382
 11
-126.186
 21
251.223
  0
LINE
  8
0
 10
-126.186
 20
251.223
 11
-126.105
 21
251.052
  0
LINE
  8
0
 10
-126.105
 20
251.052
 11
-126.047
 21
250.873
  0
LINE
  8
0
 10
-126.047
 20
250.873
 11
-126.012
 21
250.688
  0
LINE
  8
0
 10
-126.012
 20
250.688
 11
-126
 21
250.5
  0
LINE
  8
0
 10
-126
 20
250.5
 11
-126.012
 21
250.312
  0
LINE
  8
0
 10
-126.012
 20
250.312
 11
-126.047
 21
250.127
  0
LINE
  8
0
 10
-126.047
 20
250.127
 11
-126.105
 21
249.948
  0
LINE
  8
0
 10
-126.105
 20
249.948
 11
-126.186
 21
249.777
  0
LINE
  8
0
 10
-126.186
 20
249.777
 11
-126.286
 21
249.618
  0
LINE
  8
0
 10
-126.286
 20
249.618
 11
-126.407
 21
249.473
  0
LINE
  8
0
 10
-126.407
 20
249.473
 11
-126.544
 21
249.344
  0
LINE
  8
0
 10
-126.544
 20
249.344
 11
-126.696
 21
249.234
  0
LINE
  8
0
 10
-126.696
 20
249.234
 11
-126.861
 21
249.143
  0
LINE
  8
0
 10
-126.861
 20
249.143
 11
-127.036
 21
249.073
  0
LINE
  8
0
 10
-127.036
 20
249.073
 11
-127.219
 21
249.027
  0
LINE
  8
0
 10
-127.219
 20
249.027
 11
-127.406
 21
249.003
  0
LINE
  8
0
 10
-127.406
 20
249.003
 11
-127.594
 21
249.003
  0
LINE
  8
0
 10
127.406
 20
249.003
 11
127.219
 21
249.027
  0
LINE
  8
0
 10
127.219
 20
249.027
 11
127.036
 21
249.073
  0
LINE
  8
0
 10
127.036
 20
249.073
 11
126.861
 21
249.143
  0
LINE
  8
0
 10
126.861
 20
249.143
 11
126.696
 21
249.234
  0
LINE
  8
0
 10
126.696
 20
249.234
 11
126.544
 21
249.344
  0
LINE
  8
0
 10
126.544
 20
249.344
 11
126.407
 21
249.473
  0
LINE
  8
0
 10
126.407
 20
249.473
 11
126.286
 21
249.618
  0
LINE
  8
0
 10
126.286
 20
249.618
 11
126.186
 21
249.777
  0
LINE
  8
0
 10
126.186
 20
249.777
 11
126.105
 21
249.948
  0
LINE
  8
0
 10
126.105
 20
249.948
 11
126.047
 21
250.127
  0
LINE
  8
0
 10
126.047
 20
250.127
 11
126.012
 21
250.312
  0
LINE
  8
0
 10
126.012
 20
250.312
 11
126
 21
250.5
  0
LINE
  8
0
 10
126
 20
250.5
 11
126.012
 21
250.688
  0
LINE
  8
0
 10
126.012
 20
250.688
 11
126.047
 21
250.873
  0
LINE
  8
0
 10
126.047
 20
250.873
 11
126.105
 21
251.052
  0
LINE
  8
0
 10
126.105
 20
251.052
 11
126.186
 21
251.223
  0
LINE
  8
0
 10
126.186
 20
251.223
 11
126.286
 21
251.382
  0
LINE
  8
0
 10
126.286
 20
251.382
 11
126.407
 21
251.527
  0
LINE
  8
0
 10
126.407
 20
251.527
 11
126.544
 21
251.656
  0
LINE
  8
0
 10
126.544
 20
251.656
 11
126.696
 21
251.766
  0
LINE
  8
0
 10
126.696
 20
251.766
 11
126.861
 21
251.857
  0
LINE
  8
0
 10
126.861
 20
251.857
 11
127.036
 21
251.927
  0
LINE
  8
0
 10
127.036
 20
251.927
 11
127.219
 21
251.973
  0
LINE
  8
0
 10
127.219
 20
251.973
 11
127.406
 21
251.997
  0
LINE
  8
0
 10
127.406
 20
251.997
 11
127.594
 21
251.997
  0
LINE
  8
0
 10
127.594
 20
251.997
 11
127.781
 21
251.973
  0
LINE
  8
0
 10
127.781
 20
251.973
 11
127.964
 21
251.927
  0
LINE
  8
0
 10
127.964
 20
251.927
 11
128.139
 21
251.857
  0
LINE
  8
0
 10
128.139
 20
251.857
 11
128.304
 21
251.766
  0
LINE
  8
0
 10
128.304
 20
251.766
 11
128.456
 21
251.656
  0
LINE
  8
0
 10
128.456
 20
251.656
 11
128.593
 21
251.527
  0
LINE
  8
0
 10
128.593
 20
251.527
 11
128.714
 21
251.382
  0
LINE
  8
0
 10
128.714
 20
251.382
 11
128.814
 21
251.223
  0
LINE
  8
0
 10
128.814
 20
251.223
 11
128.895
 21
251.052
  0
LINE
  8
0
 10
128.895
 20
251.052
 11
128.953
 21
250.873
  0
LINE
  8
0
 10
128.953
 20
250.873
 11
128.988
 21
250.688
  0
LINE
  8
0
 10
128.988
 20
250.688
 11
129
 21
250.5
  0
LINE
  8
0
 10
129
 20
250.5
 11
128.988
 21
250.312
  0
LINE
  8
0
 10
128.988
 20
250.312
 11
128.953
 21
250.127
  0
LINE
  8
0
 10
128.953
 20
250.127
 11
128.895
 21
249.948
  0
LINE
  8
0
 10
128.895
 20
249.948
 11
128.814
 21
249.777
  0
LINE
  8
0
 10
128.814
 20
249.777
 11
128.714
 21
249.618
  0
LINE
  8
0
 10
128.714
 20
249.618
 11
128.593
 21
249.473
  0
LINE
  8
0
 10
128.593
 20
249.473
 11
128.456
 21
249.344
  0
LINE
  8
0
 10
128.456
 20
249.344
 11
128.304
 21
249.234
  0
LINE
  8
0
 10
128.304
 20
249.234
 11
128.139
 21
249.143
  0
LINE
  8
0
 10
128.139
 20
249.143
 11
127.964
 21
249.073
  0
LINE
  8
0
 10
127.964
 20
249.073
 11
127.781
 21
249.027
  0
LINE
  8
0
 10
127.781
 20
249.027
 11
127.594
 21
249.003
  0
LINE
  8
0
 10
127.594
 20
249.003
 11
127.406
 21
249.003
  0
LINE
  8
0
 10
-127.688
 20
240.006
 11
-128.062
 21
240.053
  0
LINE
  8
0
 10
-128.062
 20
240.053
 11
-128.427
 21
240.147
  0
LINE
  8
0
 10
-128.427
 20
240.147
 11
-128.777
 21
240.286
  0
LINE
  8
0
 10
-128.777
 20
240.286
 11
-129.107
 21
240.467
  0
LINE
  8
0
 10
-129.107
 20
240.467
 11
-129.412
 21
240.688
  0
LINE
  8
0
 10
-129.412
 20
240.688
 11
-129.687
 21
240.946
  0
LINE
  8
0
 10
-129.687
 20
240.946
 11
-129.927
 21
241.237
  0
LINE
  8
0
 10
-129.927
 20
241.237
 11
-130.129
 21
241.555
  0
LINE
  8
0
 10
-130.129
 20
241.555
 11
-130.289
 21
241.896
  0
LINE
  8
0
 10
-130.289
 20
241.896
 11
-130.406
 21
242.254
  0
LINE
  8
0
 10
-130.406
 20
242.254
 11
-130.476
 21
242.624
  0
LINE
  8
0
 10
-130.476
 20
242.624
 11
-130.5
 21
243
  0
LINE
  8
0
 10
-130.5
 20
243
 11
-130.476
 21
243.376
  0
LINE
  8
0
 10
-130.476
 20
243.376
 11
-130.406
 21
243.746
  0
LINE
  8
0
 10
-130.406
 20
243.746
 11
-130.289
 21
244.104
  0
LINE
  8
0
 10
-130.289
 20
244.104
 11
-130.129
 21
244.445
  0
LINE
  8
0
 10
-130.129
 20
244.445
 11
-129.927
 21
244.763
  0
LINE
  8
0
 10
-129.927
 20
244.763
 11
-129.687
 21
245.054
  0
LINE
  8
0
 10
-129.687
 20
245.054
 11
-129.412
 21
245.312
  0
LINE
  8
0
 10
-129.412
 20
245.312
 11
-129.107
 21
245.533
  0
LINE
  8
0
 10
-129.107
 20
245.533
 11
-128.777
 21
245.714
  0
LINE
  8
0
 10
-128.777
 20
245.714
 11
-128.427
 21
245.853
  0
LINE
  8
0
 10
-128.427
 20
245.853
 11
-128.062
 21
245.947
  0
LINE
  8
0
 10
-128.062
 20
245.947
 11
-127.688
 21
245.994
  0
LINE
  8
0
 10
-127.688
 20
245.994
 11
-127.312
 21
245.994
  0
LINE
  8
0
 10
-127.312
 20
245.994
 11
-126.938
 21
245.947
  0
LINE
  8
0
 10
-126.938
 20
245.947
 11
-126.573
 21
245.853
  0
LINE
  8
0
 10
-126.573
 20
245.853
 11
-126.223
 21
245.714
  0
LINE
  8
0
 10
-126.223
 20
245.714
 11
-125.893
 21
245.533
  0
LINE
  8
0
 10
-125.893
 20
245.533
 11
-125.588
 21
245.312
  0
LINE
  8
0
 10
-125.588
 20
245.312
 11
-125.313
 21
245.054
  0
LINE
  8
0
 10
-125.313
 20
245.054
 11
-125.073
 21
244.763
  0
LINE
  8
0
 10
-125.073
 20
244.763
 11
-124.871
 21
244.445
  0
LINE
  8
0
 10
-124.871
 20
244.445
 11
-124.711
 21
244.104
  0
LINE
  8
0
 10
-124.711
 20
244.104
 11
-124.594
 21
243.746
  0
LINE
  8
0
 10
-124.594
 20
243.746
 11
-124.524
 21
243.376
  0
LINE
  8
0
 10
-124.524
 20
243.376
 11
-124.5
 21
243
  0
LINE
  8
0
 10
-124.5
 20
243
 11
-124.524
 21
242.624
  0
LINE
  8
0
 10
-124.524
 20
242.624
 11
-124.594
 21
242.254
  0
LINE
  8
0
 10
-124.594
 20
242.254
 11
-124.711
 21
241.896
  0
LINE
  8
0
 10
-124.711
 20
241.896
 11
-124.871
 21
241.555
  0
LINE
  8
0
 10
-124.871
 20
241.555
 11
-125.073
 21
241.237
  0
LINE
  8
0
 10
-125.073
 20
241.237
 11
-125.313
 21
240.946
  0
LINE
  8
0
 10
-125.313
 20
240.946
 11
-125.588
 21
240.688
  0
LINE
  8
0
 10
-125.588
 20
240.688
 11
-125.893
 21
240.467
  0
LINE
  8
0
 10
-125.893
 20
240.467
 11
-126.223
 21
240.286
  0
LINE
  8
0
 10
-126.223
 20
240.286
 11
-126.573
 21
240.147
  0
LINE
  8
0
 10
-126.573
 20
240.147
 11
-126.938
 21
240.053
  0
LINE
  8
0
 10
-126.938
 20
240.053
 11
-127.312
 21
240.006
  0
LINE
  8
0
 10
-127.312
 20
240.006
 11
-127.688
 21
240.006
  0
LINE
  8
0
 10
127.312
 20
240.006
 11
126.938
 21
240.053
  0
LINE
  8
0
 10
126.938
 20
240.053
 11
126.573
 21
240.147
  0
LINE
  8
0
 10
126.573
 20
240.147
 11
126.223
 21
240.286
  0
LINE
  8
0
 10
126.223
 20
240.286
 11
125.893
 21
240.467
  0
LINE
  8
0
 10
125.893
 20
240.467
 11
125.588
 21
240.688
  0
LINE
  8
0
 10
125.588
 20
240.688
 11
125.313
 21
240.946
  0
LINE
  8
0
 10
125.313
 20
240.946
 11
125.073
 21
241.237
  0
LINE
  8
0
 10
125.073
 20
241.237
 11
124.871
 21
241.555
  0
LINE
  8
0
 10
124.871
 20
241.555
 11
124.711
 21
241.896
  0
LINE
  8
0
 10
124.711
 20
241.896
 11
124.594
 21
242.254
  0
LINE
  8
0
 10
124.594
 20
242.254
 11
124.524
 21
242.624
  0
LINE
  8
0
 10
124.524
 20
242.624
 11
124.5
 21
243
  0
LINE
  8
0
 10
124.5
 20
243
 11
124.524
 21
243.376
  0
LINE
  8
0
 10
124.524
 20
243.376
 11
124.594
 21
243.746
  0
LINE
  8
0
 10
124.594
 20
243.746
 11
124.711
 21
244.104
  0
LINE
  8
0
 10
124.711
 20
244.104
 11
124.871
 21
244.445
  0
LINE
  8
0
 10
124.871
 20
244.445
 11
125.073
 21
244.763
  0
LINE
  8
0
 10
125.073
 20
244.763
 11
125.313
 21
245.054
  0
LINE
  8
0
 10
125.313
 20
245.054
 11
125.588
 21
245.312
  0
LINE
  8
0
 10
125.588
 20
245.312
 11
125.893
 21
245.533
  0
LINE
  8
0
 10
125.893
 20
245.533
 11
126.223
 21
245.714
  0
LINE
  8
0
 10
126.223
 20
245.714
 11
126.573
 21
245.853
  0
LINE
  8
0
 10
126.573
 20
245.853
 11
126.938
 21
245.947
  0
LINE
  8
0
 10
126.938
 20
245.947
 11
127.312
 21
245.994
  0
LINE
  8
0
 10
127.312
 20
245.994
 11
127.688
 21
245.994
  0
LINE
  8
0
 10
127.688
 20
245.994
 11
128.062
 21
245.947
  0
LINE
  8
0
 10
128.062
 20
245.947
 11
128.427
 21
245.853
  0
LINE
  8
0
 10
128.427
 20
245.853
 11
128.777
 21
245.714
  0
LINE
  8
0
 10
128.777
 20
245.714
 11
129.107
 21
245.533
  0
LINE
  8
0
 10
129.107
 20
245.533
 11
129.412
 21
245.312
  0
LINE
  8
0
 10
129.412
 20
245.312
 11
129.687
 21
245.054
  0
LINE
  8
0
 10
129.687
 20
245.054
 11
129.927
 21
244.763
  0
LINE
  8
0
 10
129.927
 20
244.763
 11
130.129
 21
244.445
  0
LINE
  8
0
 10
130.129
 20
244.445
 11
130.289
 21
244.104
  0
LINE
  8
0
 10
130.289
 20
244.104
 11
130.406
 21
243.746
  0
LINE
  8
0
 10
130.406
 20
243.746
 11
130.476
 21
243.376
  0
LINE
  8
0
 10
130.476
 20
243.376
 11
130.5
 21
243
  0
LINE
  8
0
 10
130.5
 20
243
 11
130.476
 21
242.624
  0
LINE
  8
0
 10
130.476
 20
242.624
 11
130.406
 21
242.254
  0
LINE
  8
0
 10
130.406
 20
242.254
 11
130.289
 21
241.896
  0
LINE
  8
0
 10
130.289
 20
241.896
 11
130.129
 21
241.555
  0
LINE
  8
0
 10
130.129
 20
241.555
 11
129.927
 21
241.237
  0
LINE
  8
0
 10
129.927
 20
241.237
 11
129.687
 21
240.946
  0
LINE
  8
0
 10
129.687
 20
240.946
 11
129.412
 21
240.688
  0
LINE
  8
0
 10
129.412
 20
240.688
 11
129.107
 21
240.467
  0
LINE
  8
0
 10
129.107
 20
240.467
 11
128.777
 21
240.286
  0
LINE
  8
0
 10
128.777
 20
240.286
 11
128.427
 21
240.147
  0
LINE
  8
0
 10
128.427
 20
240.147
 11
128.062
 21
240.053
  0
LINE
  8
0
 10
128.062
 20
240.053
 11
127.688
 21
240.006
  0
LINE
  8
0
 10
127.688
 20
240.006
 11
127.312
 21
240.006
  0
LINE
  8
0
 10
-127.594
 20
234.003
 11
-127.781
 21
234.027
  0
LINE
  8
0
 10
-127.781
 20
234.027
 11
-127.964
 21
234.073
  0
LINE
  8
0
 10
-127.964
 20
234.073
 11
-128.139
 21
234.143
  0
LINE
  8
0
 10
-128.139
 20
234.143
 11
-128.304
 21
234.234
  0
LINE
  8
0
 10
-128.304
 20
234.234
 11
-128.456
 21
234.344
  0
LINE
  8
0
 10
-128.456
 20
234.344
 11
-128.593
 21
234.473
  0
LINE
  8
0
 10
-128.593
 20
234.473
 11
-128.714
 21
234.618
  0
LINE
  8
0
 10
-128.714
 20
234.618
 11
-128.814
 21
234.777
  0
LINE
  8
0
 10
-128.814
 20
234.777
 11
-128.895
 21
234.948
  0
LINE
  8
0
 10
-128.895
 20
234.948
 11
-128.953
 21
235.127
  0
LINE
  8
0
 10
-128.953
 20
235.127
 11
-128.988
 21
235.312
  0
LINE
  8
0
 10
-128.988
 20
235.312
 11
-129
 21
235.5
  0
LINE
  8
0
 10
-129
 20
235.5
 11
-128.988
 21
235.688
  0
LINE
  8
0
 10
-128.988
 20
235.688
 11
-128.953
 21
235.873
  0
LINE
  8
0
 10
-128.953
 20
235.873
 11
-128.895
 21
236.052
  0
LINE
  8
0
 10
-128.895
 20
236.052
 11
-128.814
 21
236.223
  0
LINE
  8
0
 10
-128.814
 20
236.223
 11
-128.714
 21
236.382
  0
LINE
  8
0
 10
-128.714
 20
236.382
 11
-128.593
 21
236.527
  0
LINE
  8
0
 10
-128.593
 20
236.527
 11
-128.456
 21
236.656
  0
LINE
  8
0
 10
-128.456
 20
236.656
 11
-128.304
 21
236.766
  0
LINE
  8
0
 10
-128.304
 20
236.766
 11
-128.139
 21
236.857
  0
LINE
  8
0
 10
-128.139
 20
236.857
 11
-127.964
 21
236.927
  0
LINE
  8
0
 10
-127.964
 20
236.927
 11
-127.781
 21
236.973
  0
LINE
  8
0
 10
-127.781
 20
236.973
 11
-127.594
 21
236.997
  0
LINE
  8
0
 10
-127.594
 20
236.997
 11
-127.406
 21
236.997
  0
LINE
  8
0
 10
-127.406
 20
236.997
 11
-127.219
 21
236.973
  0
LINE
  8
0
 10
-127.219
 20
236.973
 11
-127.036
 21
236.927
  0
LINE
  8
0
 10
-127.036
 20
236.927
 11
-126.861
 21
236.857
  0
LINE
  8
0
 10
-126.861
 20
236.857
 11
-126.696
 21
236.766
  0
LINE
  8
0
 10
-126.696
 20
236.766
 11
-126.544
 21
236.656
  0
LINE
  8
0
 10
-126.544
 20
236.656
 11
-126.407
 21
236.527
  0
LINE
  8
0
 10
-126.407
 20
236.527
 11
-126.286
 21
236.382
  0
LINE
  8
0
 10
-126.286
 20
236.382
 11
-126.186
 21
236.223
  0
LINE
  8
0
 10
-126.186
 20
236.223
 11
-126.105
 21
236.052
  0
LINE
  8
0
 10
-126.105
 20
236.052
 11
-126.047
 21
235.873
  0
LINE
  8
0
 10
-126.047
 20
235.873
 11
-126.012
 21
235.688
  0
LINE
  8
0
 10
-126.012
 20
235.688
 11
-126
 21
235.5
  0
LINE
  8
0
 10
-126
 20
235.5
 11
-126.012
 21
235.312
  0
LINE
  8
0
 10
-126.012
 20
235.312
 11
-126.047
 21
235.127
  0
LINE
  8
0
 10
-126.047
 20
235.127
 11
-126.105
 21
234.948
  0
LINE
  8
0
 10
-126.105
 20
234.948
 11
-126.186
 21
234.777
  0
LINE
  8
0
 10
-126.186
 20
234.777
 11
-126.286
 21
234.618
  0
LINE
  8
0
 10
-126.286
 20
234.618
 11
-126.407
 21
234.473
  0
LINE
  8
0
 10
-126.407
 20
234.473
 11
-126.544
 21
234.344
  0
LINE
  8
0
 10
-126.544
 20
234.344
 11
-126.696
 21
234.234
  0
LINE
  8
0
 10
-126.696
 20
234.234
 11
-126.861
 21
234.143
  0
LINE
  8
0
 10
-126.861
 20
234.143
 11
-127.036
 21
234.073
  0
LINE
  8
0
 10
-127.036
 20
234.073
 11
-127.219
 21
234.027
  0
LINE
  8
0
 10
-127.219
 20
234.027
 11
-127.406
 21
234.003
  0
LINE
  8
0
 10
-127.406
 20
234.003
 11
-127.594
 21
234.003
  0
LINE
  8
0
 10
127.406
 20
234.003
 11
127.219
 21
234.027
  0
LINE
  8
0
 10
127.219
 20
234.027
 11
127.036
 21
234.073
  0
LINE
  8
0
 10
127.036
 20
234.073
 11
126.861
 21
234.143
  0
LINE
  8
0
 10
126.861
 20
234.143
 11
126.696
 21
234.234
  0
LINE
  8
0
 10
126.696
 20
234.234
 11
126.544
 21
234.344
  0
LINE
  8
0
 10
126.544
 20
234.344
 11
126.407
 21
234.473
  0
LINE
  8
0
 10
126.407
 20
234.473
 11
126.286
 21
234.618
  0
LINE
  8
0
 10
126.286
 20
234.618
 11
126.186
 21
234.777
  0
LINE
  8
0
 10
126.186
 20
234.777
 11
126.105
 21
234.948
  0
LINE
  8
0
 10
126.105
 20
234.948
 11
126.047
 21
235.127
  0
LINE
  8
0
 10
126.047
 20
235.127
 11
126.012
 21
235.312
  0
LINE
  8
0
 10
126.012
 20
235.312
 11
126
 21
235.5
  0
LINE
  8
0
 10
126
 20
235.5
 11
126.012
 21
235.688
  0
LINE
  8
0
 10
126.012
 20
235.688
 11
126.047
 21
235.873
  0
LINE
  8
0
 10
126.047
 20
235.873
 11
126.105
 21
236.052
  0
LINE
  8
0
 10
126.105
 20
236.052
 11
126.186
 21
236.223
  0
LINE
  8
0
 10
126.186
 20
236.223
 11
126.286
 21
236.382
  0
LINE
  8
0
 10
126.286
 20
236.382
 11
126.407
 21
236.527
  0
LINE
  8
0
 10
126.407
 20
236.527
 11
126.544
 21
236.656
  0
LINE
  8
0
 10
126.544
 20
236.656
 11
126.696
 21
236.766
  0
LINE
  8
0
 10
126.696
 20
236.766
 11
126.861
 21
236.857
  0
LINE
  8
0
 10
126.861
 20
236.857
 11
127.036
 21
236.927
  0
LINE
  8
0
 10
127.036
 20
236.927
 11
127.219
 21
236.973
  0
LINE
  8
0
 10
127.219
 20
236.973
 11
127.406
 21
236.997
  0
LINE
  8
0
 10
127.406
 20
236.997
 11
127.594
 21
236.997
  0
LINE
  8
0
 10
127.594
 20
236.997
 11
127.781
 21
236.973
  0
LINE
  8
0
 10
127.781
 20
236.973
 11
127.964
 21
236.927
  0
LINE
  8
0
 10
127.964
 20
236.927
 11
128.139
 21
236.857
  0
LINE
  8
0
 10
128.139
 20
236.857
 11
128.304
 21
236.766
  0
LINE
  8
0
 10
128.304
 20
236.766
 11
128.456
 21
236.656
  0
LINE
  8
0
 10
128.456
 20
236.656
 11
128.593
 21
236.527
  0
LINE
  8
0
 10
128.593
 20
236.527
 11
128.714
 21
236.382
  0
LINE
  8
0
 10
128.714
 20
236.382
 11
128.814
 21
236.223
  0
LINE
  8
0
 10
128.814
 20
236.223
 11
128.895
 21
236.052
  0
LINE
  8
0
 10
128.895
 20
236.052
 11
128.953
 21
235.873
  0
LINE
  8
0
 10
128.953
 20
235.873
 11
128.988
 21
235.688
  0
LINE
  8
0
 10
128.988
 20
235.688
 11
129
 21
235.5
  0
LINE
  8
0
 10
129
 20
235.5
 11
128.988
 21
235.312
  0
LINE
  8
0
 10
128.988
 20
235.312
 11
128.953
 21
235.127
  0
LINE
  8
0
 10
128.953
 20
235.127
 11
128.895
 21
234.948
  0
LINE
  8
0
 10
128.895
 20
234.948
 11
128.814
 21
234.777
  0
LINE
  8
0
 10
128.814
 20
234.777
 11
128.714
 21
234.618
  0
LINE
  8
0
 10
128.714
 20
234.618
 11
128.593
 21
234.473
  0
LINE
  8
0
 10
128.593
 20
234.473
 11
128.456
 21
234.344
  0
LINE
  8
0
 10
128.456
 20
234.344
 11
128.304
 21
234.234
  0
LINE
  8
0
 10
128.304
 20
234.234
 11
128.139
 21
234.143
  0
LINE
  8
0
 10
128.139
 20
234.143
 11
127.964
 21
234.073
  0
LINE
  8
0
 10
127.964
 20
234.073
 11
127.781
 21
234.027
  0
LINE
  8
0
 10
127.781
 20
234.027
 11
127.594
 21
234.003
  0
LINE
  8
0
 10
127.594
 20
234.003
 11
127.406
 21
234.003
  0
LINE
  8
0
 10
-127.688
 20
225.006
 11
-128.062
 21
225.053
  0
LINE
  8
0
 10
-128.062
 20
225.053
 11
-128.427
 21
225.147
  0
LINE
  8
0
 10
-128.427
 20
225.147
 11
-128.777
 21
225.286
  0
LINE
  8
0
 10
-128.777
 20
225.286
 11
-129.107
 21
225.467
  0
LINE
  8
0
 10
-129.107
 20
225.467
 11
-129.412
 21
225.688
  0
LINE
  8
0
 10
-129.412
 20
225.688
 11
-129.687
 21
225.946
  0
LINE
  8
0
 10
-129.687
 20
225.946
 11
-129.927
 21
226.237
  0
LINE
  8
0
 10
-129.927
 20
226.237
 11
-130.129
 21
226.555
  0
LINE
  8
0
 10
-130.129
 20
226.555
 11
-130.289
 21
226.896
  0
LINE
  8
0
 10
-130.289
 20
226.896
 11
-130.406
 21
227.254
  0
LINE
  8
0
 10
-130.406
 20
227.254
 11
-130.476
 21
227.624
  0
LINE
  8
0
 10
-130.476
 20
227.624
 11
-130.5
 21
228
  0
LINE
  8
0
 10
-130.5
 20
228
 11
-130.476
 21
228.376
  0
LINE
  8
0
 10
-130.476
 20
228.376
 11
-130.406
 21
228.746
  0
LINE
  8
0
 10
-130.406
 20
228.746
 11
-130.289
 21
229.104
  0
LINE
  8
0
 10
-130.289
 20
229.104
 11
-130.129
 21
229.445
  0
LINE
  8
0
 10
-130.129
 20
229.445
 11
-129.927
 21
229.763
  0
LINE
  8
0
 10
-129.927
 20
229.763
 11
-129.687
 21
230.054
  0
LINE
  8
0
 10
-129.687
 20
230.054
 11
-129.412
 21
230.312
  0
LINE
  8
0
 10
-129.412
 20
230.312
 11
-129.107
 21
230.533
  0
LINE
  8
0
 10
-129.107
 20
230.533
 11
-128.777
 21
230.714
  0
LINE
  8
0
 10
-128.777
 20
230.714
 11
-128.427
 21
230.853
  0
LINE
  8
0
 10
-128.427
 20
230.853
 11
-128.062
 21
230.947
  0
LINE
  8
0
 10
-128.062
 20
230.947
 11
-127.688
 21
230.994
  0
LINE
  8
0
 10
-127.688
 20
230.994
 11
-127.312
 21
230.994
  0
LINE
  8
0
 10
-127.312
 20
230.994
 11
-126.938
 21
230.947
  0
LINE
  8
0
 10
-126.938
 20
230.947
 11
-126.573
 21
230.853
  0
LINE
  8
0
 10
-126.573
 20
230.853
 11
-126.223
 21
230.714
  0
LINE
  8
0
 10
-126.223
 20
230.714
 11
-125.893
 21
230.533
  0
LINE
  8
0
 10
-125.893
 20
230.533
 11
-125.588
 21
230.312
  0
LINE
  8
0
 10
-125.588
 20
230.312
 11
-125.313
 21
230.054
  0
LINE
  8
0
 10
-125.313
 20
230.054
 11
-125.073
 21
229.763
  0
LINE
  8
0
 10
-125.073
 20
229.763
 11
-124.871
 21
229.445
  0
LINE
  8
0
 10
-124.871
 20
229.445
 11
-124.711
 21
229.104
  0
LINE
  8
0
 10
-124.711
 20
229.104
 11
-124.594
 21
228.746
  0
LINE
  8
0
 10
-124.594
 20
228.746
 11
-124.524
 21
228.376
  0
LINE
  8
0
 10
-124.524
 20
228.376
 11
-124.5
 21
228
  0
LINE
  8
0
 10
-124.5
 20
228
 11
-124.524
 21
227.624
  0
LINE
  8
0
 10
-124.524
 20
227.624
 11
-124.594
 21
227.254
  0
LINE
  8
0
 10
-124.594
 20
227.254
 11
-124.711
 21
226.896
  0
LINE
  8
0
 10
-124.711
 20
226.896
 11
-124.871
 21
226.555
  0
LINE
  8
0
 10
-124.871
 20
226.555
 11
-125.073
 21
226.237
  0
LINE
  8
0
 10
-125.073
 20
226.237
 11
-125.313
 21
225.946
  0
LINE
  8
0
 10
-125.313
 20
225.946
 11
-125.588
 21
225.688
  0
LINE
  8
0
 10
-125.588
 20
225.688
 11
-125.893
 21
225.467
  0
LINE
  8
0
 10
-125.893
 20
225.467
 11
-126.223
 21
225.286
  0
LINE
  8
0
 10
-126.223
 20
225.286
 11
-126.573
 21
225.147
  0
LINE
  8
0
 10
-126.573
 20
225.147
 11
-126.938
 21
225.053
  0
LINE
  8
0
 10
-126.938
 20
225.053
 11
-127.312
 21
225.006
  0
LINE
  8
0
 10
-127.312
 20
225.006
 11
-127.688
 21
225.006
  0
LINE
  8
0
 10
127.312
 20
225.006
 11
126.938
 21
225.053
  0
LINE
  8
0
 10
126.938
 20
225.053
 11
126.573
 21
225.147
  0
LINE
  8
0
 10
126.573
 20
225.147
 11
126.223
 21
225.286
  0
LINE
  8
0
 10
126.223
 20
225.286
 11
125.893
 21
225.467
  0
LINE
  8
0
 10
125.893
 20
225.467
 11
125.588
 21
225.688
  0
LINE
  8
0
 10
125.588
 20
225.688
 11
125.313
 21
225.946
  0
LINE
  8
0
 10
125.313
 20
225.946
 11
125.073
 21
226.237
  0
LINE
  8
0
 10
125.073
 20
226.237
 11
124.871
 21
226.555
  0
LINE
  8
0
 10
124.871
 20
226.555
 11
124.711
 21
226.896
  0
LINE
  8
0
 10
124.711
 20
226.896
 11
124.594
 21
227.254
  0
LINE
  8
0
 10
124.594
 20
227.254
 11
124.524
 21
227.624
  0
LINE
  8
0
 10
124.524
 20
227.624
 11
124.5
 21
228
  0
LINE
  8
0
 10
124.5
 20
228
 11
124.524
 21
228.376
  0
LINE
  8
0
 10
124.524
 20
228.376
 11
124.594
 21
228.746
  0
LINE
  8
0
 10
124.594
 20
228.746
 11
124.711
 21
229.104
  0
LINE
  8
0
 10
124.711
 20
229.104
 11
124.871
 21
229.445
  0
LINE
  8
0
 10
124.871
 20
229.445
 11
125.073
 21
229.763
  0
LINE
  8
0
 10
125.073
 20
229.763
 11
125.313
 21
230.054
  0
LINE
  8
0
 10
125.313
 20
230.054
 11
125.588
 21
230.312
  0
LINE
  8
0
 10
125.588
 20
230.312
 11
125.893
 21
230.533
  0
LINE
  8
0
 10
125.893
 20
230.533
 11
126.223
 21
230.714
  0
LINE
  8
0
 10
126.223
 20
230.714
 11
126.573
 21
230.853
  0
LINE
  8
0
 10
126.573
 20
230.853
 11
126.938
 21
230.947
  0
LINE
  8
0
 10
126.938
 20
230.947
 11
127.312
 21
230.994
  0
LINE
  8
0
 10
127.312
 20
230.994
 11
127.688
 21
230.994
  0
LINE
  8
0
 10
127.688
 20
230.994
 11
128.062
 21
230.947
  0
LINE
  8
0
 10
128.062
 20
230.947
 11
128.427
 21
230.853
  0
LINE
  8
0
 10
128.427
 20
230.853
 11
128.777
 21
230.714
  0
LINE
  8
0
 10
128.777
 20
230.714
 11
129.107
 21
230.533
  0
LINE
  8
0
 10
129.107
 20
230.533
 11
129.412
 21
230.312
  0
LINE
  8
0
 10
129.412
 20
230.312
 11
129.687
 21
230.054
  0
LINE
  8
0
 10
129.687
 20
230.054
 11
129.927
 21
229.763
  0
LINE
  8
0
 10
129.927
 20
229.763
 11
130.129
 21
229.445
  0
LINE
  8
0
 10
130.129
 20
229.445
 11
130.289
 21
229.104
  0
LINE
  8
0
 10
130.289
 20
229.104
 11
130.406
 21
228.746
  0
LINE
  8
0
 10
130.406
 20
228.746
 11
130.476
 21
228.376
  0
LINE
  8
0
 10
130.476
 20
228.376
 11
130.5
 21
228
  0
LINE
  8
0
 10
130.5
 20
228
 11
130.476
 21
227.624
  0
LINE
  8
0
 10
130.476
 20
227.624
 11
130.406
 21
227.254
  0
LINE
  8
0
 10
130.406
 20
227.254
 11
130.289
 21
226.896
  0
LINE
  8
0
 10
130.289
 20
226.896
 11
130.129
 21
226.555
  0
LINE
  8
0
 10
130.129
 20
226.555
 11
129.927
 21
226.237
  0
LINE
  8
0
 10
129.927
 20
226.237
 11
129.687
 21
225.946
  0
LINE
  8
0
 10
129.687
 20
225.946
 11
129.412
 21
225.688
  0
LINE
  8
0
 10
129.412
 20
225.688
 11
129.107
 21
225.467
  0
LINE
  8
0
 10
129.107
 20
225.467
 11
128.777
 21
225.286
  0
LINE
  8
0
 10
128.777
 20
225.286
 11
128.427
 21
225.147
  0
LINE
  8
0
 10
128.427
 20
225.147
 11
128.062
 21
225.053
  0
LINE
  8
0
 10
128.062
 20
225.053
 11
127.688
 21
225.006
  0
LINE
  8
0
 10
127.688
 20
225.006
 11
127.312
 21
225.006
  0
LINE
  8
0
 10
-127.594
 20
219.003
 11
-127.781
 21
219.027
  0
LINE
  8
0
 10
-127.781
 20
219.027
 11
-127.964
 21
219.073
  0
LINE
  8
0
 10
-127.964
 20
219.073
 11
-128.139
 21
219.143
  0
LINE
  8
0
 10
-128.139
 20
219.143
 11
-128.304
 21
219.234
  0
LINE
  8
0
 10
-128.304
 20
219.234
 11
-128.456
 21
219.344
  0
LINE
  8
0
 10
-128.456
 20
219.344
 11
-128.593
 21
219.473
  0
LINE
  8
0
 10
-128.593
 20
219.473
 11
-128.714
 21
219.618
  0
LINE
  8
0
 10
-128.714
 20
219.618
 11
-128.814
 21
219.777
  0
LINE
  8
0
 10
-128.814
 20
219.777
 11
-128.895
 21
219.948
  0
LINE
  8
0
 10
-128.895
 20
219.948
 11
-128.953
 21
220.127
  0
LINE
  8
0
 10
-128.953
 20
220.127
 11
-128.988
 21
220.312
  0
LINE
  8
0
 10
-128.988
 20
220.312
 11
-129
 21
220.5
  0
LINE
  8
0
 10
-129
 20
220.5
 11
-128.988
 21
220.688
  0
LINE
  8
0
 10
-128.988
 20
220.688
 11
-128.953
 21
220.873
  0
LINE
  8
0
 10
-128.953
 20
220.873
 11
-128.895
 21
221.052
  0
LINE
  8
0
 10
-128.895
 20
221.052
 11
-128.814
 21
221.223
  0
LINE
  8
0
 10
-128.814
 20
221.223
 11
-128.714
 21
221.382
  0
LINE
  8
0
 10
-128.714
 20
221.382
 11
-128.593
 21
221.527
  0
LINE
  8
0
 10
-128.593
 20
221.527
 11
-128.456
 21
221.656
  0
LINE
  8
0
 10
-128.456
 20
221.656
 11
-128.304
 21
221.766
  0
LINE
  8
0
 10
-128.304
 20
221.766
 11
-128.139
 21
221.857
  0
LINE
  8
0
 10
-128.139
 20
221.857
 11
-127.964
 21
221.927
  0
LINE
  8
0
 10
-127.964
 20
221.927
 11
-127.781
 21
221.973
  0
LINE
  8
0
 10
-127.781
 20
221.973
 11
-127.594
 21
221.997
  0
LINE
  8
0
 10
-127.594
 20
221.997
 11
-127.406
 21
221.997
  0
LINE
  8
0
 10
-127.406
 20
221.997
 11
-127.219
 21
221.973
  0
LINE
  8
0
 10
-127.219
 20
221.973
 11
-127.036
 21
221.927
  0
LINE
  8
0
 10
-127.036
 20
221.927
 11
-126.861
 21
221.857
  0
LINE
  8
0
 10
-126.861
 20
221.857
 11
-126.696
 21
221.766
  0
LINE
  8
0
 10
-126.696
 20
221.766
 11
-126.544
 21
221.656
  0
LINE
  8
0
 10
-126.544
 20
221.656
 11
-126.407
 21
221.527
  0
LINE
  8
0
 10
-126.407
 20
221.527
 11
-126.286
 21
221.382
  0
LINE
  8
0
 10
-126.286
 20
221.382
 11
-126.186
 21
221.223
  0
LINE
  8
0
 10
-126.186
 20
221.223
 11
-126.105
 21
221.052
  0
LINE
  8
0
 10
-126.105
 20
221.052
 11
-126.047
 21
220.873
  0
LINE
  8
0
 10
-126.047
 20
220.873
 11
-126.012
 21
220.688
  0
LINE
  8
0
 10
-126.012
 20
220.688
 11
-126
 21
220.5
  0
LINE
  8
0
 10
-126
 20
220.5
 11
-126.012
 21
220.312
  0
LINE
  8
0
 10
-126.012
 20
220.312
 11
-126.047
 21
220.127
  0
LINE
  8
0
 10
-126.047
 20
220.127
 11
-126.105
 21
219.948
  0
LINE
  8
0
 10
-126.105
 20
219.948
 11
-126.186
 21
219.777
  0
LINE
  8
0
 10
-126.186
 20
219.777
 11
-126.286
 21
219.618
  0
LINE
  8
0
 10
-126.286
 20
219.618
 11
-126.407
 21
219.473
  0
LINE
  8
0
 10
-126.407
 20
219.473
 11
-126.544
 21
219.344
  0
LINE
  8
0
 10
-126.544
 20
219.344
 11
-126.696
 21
219.234
  0
LINE
  8
0
 10
-126.696
 20
219.234
 11
-126.861
 21
219.143
  0
LINE
  8
0
 10
-126.861
 20
219.143
 11
-127.036
 21
219.073
  0
LINE
  8
0
 10
-127.036
 20
219.073
 11
-127.219
 21
219.027
  0
LINE
  8
0
 10
-127.219
 20
219.027
 11
-127.406
 21
219.003
  0
LINE
  8
0
 10
-127.406
 20
219.003
 11
-127.594
 21
219.003
  0
LINE
  8
0
 10
127.406
 20
219.003
 11
127.219
 21
219.027
  0
LINE
  8
0
 10
127.219
 20
219.027
 11
127.036
 21
219.073
  0
LINE
  8
0
 10
127.036
 20
219.073
 11
126.861
 21
219.143
  0
LINE
  8
0
 10
126.861
 20
219.143
 11
126.696
 21
219.234
  0
LINE
  8
0
 10
126.696
 20
219.234
 11
126.544
 21
219.344
  0
LINE
  8
0
 10
126.544
 20
219.344
 11
126.407
 21
219.473
  0
LINE
  8
0
 10
126.407
 20
219.473
 11
126.286
 21
219.618
  0
LINE
  8
0
 10
126.286
 20
219.618
 11
126.186
 21
219.777
  0
LINE
  8
0
 10
126.186
 20
219.777
 11
126.105
 21
219.948
  0
LINE
  8
0
 10
126.105
 20
219.948
 11
126.047
 21
220.127
  0
LINE
  8
0
 10
126.047
 20
220.127
 11
126.012
 21
220.312
  0
LINE
  8
0
 10
126.012
 20
220.312
 11
126
 21
220.5
  0
LINE
  8
0
 10
126
 20
220.5
 11
126.012
 21
220.688
  0
LINE
  8
0
 10
126.012
 20
220.688
 11
126.047
 21
220.873
  0
LINE
  8
0
 10
126.047
 20
220.873
 11
126.105
 21
221.052
  0
LINE
  8
0
 10
126.105
 20
221.052
 11
126.186
 21
221.223
  0
LINE
  8
0
 10
126.186
 20
221.223
 11
126.286
 21
221.382
  0
LINE
  8
0
 10
126.286
 20
221.382
 11
126.407
 21
221.527
  0
LINE
  8
0
 10
126.407
 20
221.527
 11
126.544
 21
221.656
  0
LINE
  8
0
 10
126.544
 20
221.656
 11
126.696
 21
221.766
  0
LINE
  8
0
 10
126.696
 20
221.766
 11
126.861
 21
221.857
  0
LINE
  8
0
 10
126.861
 20
221.857
 11
127.036
 21
221.927
  0
LINE
  8
0
 10
127.036
 20
221.927
 11
127.219
 21
221.973
  0
LINE
  8
0
 10
127.219
 20
221.973
 11
127.406
 21
221.997
  0
LINE
  8
0
 10
127.406
 20
221.997
 11
127.594
 21
221.997
  0
LINE
  8
0
 10
127.594
 20
221.997
 11
127.781
 21
221.973
  0
LINE
  8
0
 10
127.781
 20
221.973
 11
127.964
 21
221.927
  0
LINE
  8
0
 10
127.964
 20
221.927
 11
128.139
 21
221.857
  0
LINE
  8
0
 10
128.139
 20
221.857
 11
128.304
 21
221.766
  0
LINE
  8
0
 10
128.304
 20
221.766
 11
128.456
 21
221.656
  0
LINE
  8
0
 10
128.456
 20
221.656
 11
128.593
 21
221.527
  0
LINE
  8
0
 10
128.593
 20
221.527
 11
128.714
 21
221.382
  0
LINE
  8
0
 10
128.714
 20
221.382
 11
128.814
 21
221.223
  0
LINE
  8
0
 10
128.814
 20
221.223
 11
128.895
 21
221.052
  0
LINE
  8
0
 10
128.895
 20
221.052
 11
128.953
 21
220.873
  0
LINE
  8
0
 10
128.953
 20
220.873
 11
128.988
 21
220.688
  0
LINE
  8
0
 10
128.988
 20
220.688
 11
129
 21
220.5
  0
LINE
  8
0
 10
129
 20
220.5
 11
128.988
 21
220.312
  0
LINE
  8
0
 10
128.988
 20
220.312
 11
128.953
 21
220.127
  0
LINE
  8
0
 10
128.953
 20
220.127
 11
128.895
 21
219.948
  0
LINE
  8
0
 10
128.895
 20
219.948
 11
128.814
 21
219.777
  0
LINE
  8
0
 10
128.814
 20
219.777
 11
128.714
 21
219.618
  0
LINE
  8
0
 10
128.714
 20
219.618
 11
128.593
 21
219.473
  0
LINE
  8
0
 10
128.593
 20
219.473
 11
128.456
 21
219.344
  0
LINE
  8
0
 10
128.456
 20
219.344
 11
128.304
 21
219.234
  0
LINE
  8
0
 10
128.304
 20
219.234
 11
128.139
 21
219.143
  0
LINE
  8
0
 10
128.139
 20
219.143
 11
127.964
 21
219.073
  0
LINE
  8
0
 10
127.964
 20
219.073
 11
127.781
 21
219.027
  0
LINE
  8
0
 10
127.781
 20
219.027
 11
127.594
 21
219.003
  0
LINE
  8
0
 10
127.594
 20
219.003
 11
127.406
 21
219.003
  0
LINE
  8
0
 10
127.312
 20
210.006
 11
126.938
 21
210.053
  0
LINE
  8
0
 10
126.938
 20
210.053
 11
126.573
 21
210.147
  0
LINE
  8
0
 10
126.573
 20
210.147
 11
126.223
 21
210.286
  0
LINE
  8
0
 10
126.223
 20
210.286
 11
125.893
 21
210.467
  0
LINE
  8
0
 10
125.893
 20
210.467
 11
125.588
 21
210.688
  0
LINE
  8
0
 10
125.588
 20
210.688
 11
125.313
 21
210.946
  0
LINE
  8
0
 10
125.313
 20
210.946
 11
125.073
 21
211.237
  0
LINE
  8
0
 10
125.073
 20
211.237
 11
124.871
 21
211.555
  0
LINE
  8
0
 10
124.871
 20
211.555
 11
124.711
 21
211.896
  0
LINE
  8
0
 10
124.711
 20
211.896
 11
124.594
 21
212.254
  0
LINE
  8
0
 10
124.594
 20
212.254
 11
124.524
 21
212.624
  0
LINE
  8
0
 10
124.524
 20
212.624
 11
124.5
 21
213
  0
LINE
  8
0
 10
124.5
 20
213
 11
124.524
 21
213.376
  0
LINE
  8
0
 10
124.524
 20
213.376
 11
124.594
 21
213.746
  0
LINE
  8
0
 10
124.594
 20
213.746
 11
124.711
 21
214.104
  0
LINE
  8
0
 10
124.711
 20
214.104
 11
124.871
 21
214.445
  0
LINE
  8
0
 10
124.871
 20
214.445
 11
125.073
 21
214.763
  0
LINE
  8
0
 10
125.073
 20
214.763
 11
125.313
 21
215.054
  0
LINE
  8
0
 10
125.313
 20
215.054
 11
125.588
 21
215.312
  0
LINE
  8
0
 10
125.588
 20
215.312
 11
125.893
 21
215.533
  0
LINE
  8
0
 10
125.893
 20
215.533
 11
126.223
 21
215.714
  0
LINE
  8
0
 10
126.223
 20
215.714
 11
126.573
 21
215.853
  0
LINE
  8
0
 10
126.573
 20
215.853
 11
126.938
 21
215.947
  0
LINE
  8
0
 10
126.938
 20
215.947
 11
127.312
 21
215.994
  0
LINE
  8
0
 10
127.312
 20
215.994
 11
127.688
 21
215.994
  0
LINE
  8
0
 10
127.688
 20
215.994
 11
128.062
 21
215.947
  0
LINE
  8
0
 10
128.062
 20
215.947
 11
128.427
 21
215.853
  0
LINE
  8
0
 10
128.427
 20
215.853
 11
128.777
 21
215.714
  0
LINE
  8
0
 10
128.777
 20
215.714
 11
129.107
 21
215.533
  0
LINE
  8
0
 10
129.107
 20
215.533
 11
129.412
 21
215.312
  0
LINE
  8
0
 10
129.412
 20
215.312
 11
129.687
 21
215.054
  0
LINE
  8
0
 10
129.687
 20
215.054
 11
129.927
 21
214.763
  0
LINE
  8
0
 10
129.927
 20
214.763
 11
130.129
 21
214.445
  0
LINE
  8
0
 10
130.129
 20
214.445
 11
130.289
 21
214.104
  0
LINE
  8
0
 10
130.289
 20
214.104
 11
130.406
 21
213.746
  0
LINE
  8
0
 10
130.406
 20
213.746
 11
130.476
 21
213.376
  0
LINE
  8
0
 10
130.476
 20
213.376
 11
130.5
 21
213
  0
LINE
  8
0
 10
130.5
 20
213
 11
130.476
 21
212.624
  0
LINE
  8
0
 10
130.476
 20
212.624
 11
130.406
 21
212.254
  0
LINE
  8
0
 10
130.406
 20
212.254
 11
130.289
 21
211.896
  0
LINE
  8
0
 10
130.289
 20
211.896
 11
130.129
 21
211.555
  0
LINE
  8
0
 10
130.129
 20
211.555
 11
129.927
 21
211.237
  0
LINE
  8
0
 10
129.927
 20
211.237
 11
129.687
 21
210.946
  0
LINE
  8
0
 10
129.687
 20
210.946
 11
129.412
 21
210.688
  0
LINE
  8
0
 10
129.412
 20
210.688
 11
129.107
 21
210.467
  0
LINE
  8
0
 10
129.107
 20
210.467
 11
128.777
 21
210.286
  0
LINE
  8
0
 10
128.777
 20
210.286
 11
128.427
 21
210.147
  0
LINE
  8
0
 10
128.427
 20
210.147
 11
128.062
 21
210.053
  0
LINE
  8
0
 10
128.062
 20
210.053
 11
127.688
 21
210.006
  0
LINE
  8
0
 10
127.688
 20
210.006
 11
127.312
 21
210.006
  0
LINE
  8
0
 10
-127.688
 20
210.006
 11
-128.062
 21
210.053
  0
LINE
  8
0
 10
-128.062
 20
210.053
 11
-128.427
 21
210.147
  0
LINE
  8
0
 10
-128.427
 20
210.147
 11
-128.777
 21
210.286
  0
LINE
  8
0
 10
-128.777
 20
210.286
 11
-129.107
 21
210.467
  0
LINE
  8
0
 10
-129.107
 20
210.467
 11
-129.412
 21
210.688
  0
LINE
  8
0
 10
-129.412
 20
210.688
 11
-129.687
 21
210.946
  0
LINE
  8
0
 10
-129.687
 20
210.946
 11
-129.927
 21
211.237
  0
LINE
  8
0
 10
-129.927
 20
211.237
 11
-130.129
 21
211.555
  0
LINE
  8
0
 10
-130.129
 20
211.555
 11
-130.289
 21
211.896
  0
LINE
  8
0
 10
-130.289
 20
211.896
 11
-130.406
 21
212.254
  0
LINE
  8
0
 10
-130.406
 20
212.254
 11
-130.476
 21
212.624
  0
LINE
  8
0
 10
-130.476
 20
212.624
 11
-130.5
 21
213
  0
LINE
  8
0
 10
-130.5
 20
213
 11
-130.476
 21
213.376
  0
LINE
  8
0
 10
-130.476
 20
213.376
 11
-130.406
 21
213.746
  0
LINE
  8
0
 10
-130.406
 20
213.746
 11
-130.289
 21
214.104
  0
LINE
  8
0
 10
-130.289
 20
214.104
 11
-130.129
 21
214.445
  0
LINE
  8
0
 10
-130.129
 20
214.445
 11
-129.927
 21
214.763
  0
LINE
  8
0
 10
-129.927
 20
214.763
 11
-129.687
 21
215.054
  0
LINE
  8
0
 10
-129.687
 20
215.054
 11
-129.412
 21
215.312
  0
LINE
  8
0
 10
-129.412
 20
215.312
 11
-129.107
 21
215.533
  0
LINE
  8
0
 10
-129.107
 20
215.533
 11
-128.777
 21
215.714
  0
LINE
  8
0
 10
-128.777
 20
215.714
 11
-128.427
 21
215.853
  0
LINE
  8
0
 10
-128.427
 20
215.853
 11
-128.062
 21
215.947
  0
LINE
  8
0
 10
-128.062
 20
215.947
 11
-127.688
 21
215.994
  0
LINE
  8
0
 10
-127.688
 20
215.994
 11
-127.312
 21
215.994
  0
LINE
  8
0
 10
-127.312
 20
215.994
 11
-126.938
 21
215.947
  0
LINE
  8
0
 10
-126.938
 20
215.947
 11
-126.573
 21
215.853
  0
LINE
  8
0
 10
-126.573
 20
215.853
 11
-126.223
 21
215.714
  0
LINE
  8
0
 10
-126.223
 20
215.714
 11
-125.893
 21
215.533
  0
LINE
  8
0
 10
-125.893
 20
215.533
 11
-125.588
 21
215.312
  0
LINE
  8
0
 10
-125.588
 20
215.312
 11
-125.313
 21
215.054
  0
LINE
  8
0
 10
-125.313
 20
215.054
 11
-125.073
 21
214.763
  0
LINE
  8
0
 10
-125.073
 20
214.763
 11
-124.871
 21
214.445
  0
LINE
  8
0
 10
-124.871
 20
214.445
 11
-124.711
 21
214.104
  0
LINE
  8
0
 10
-124.711
 20
214.104
 11
-124.594
 21
213.746
  0
LINE
  8
0
 10
-124.594
 20
213.746
 11
-124.524
 21
213.376
  0
LINE
  8
0
 10
-124.524
 20
213.376
 11
-124.5
 21
213
  0
LINE
  8
0
 10
-124.5
 20
213
 11
-124.524
 21
212.624
  0
LINE
  8
0
 10
-124.524
 20
212.624
 11
-124.594
 21
212.254
  0
LINE
  8
0
 10
-124.594
 20
212.254
 11
-124.711
 21
211.896
  0
LINE
  8
0
 10
-124.711
 20
211.896
 11
-124.871
 21
211.555
  0
LINE
  8
0
 10
-124.871
 20
211.555
 11
-125.073
 21
211.237
  0
LINE
  8
0
 10
-125.073
 20
211.237
 11
-125.313
 21
210.946
  0
LINE
  8
0
 10
-125.313
 20
210.946
 11
-125.588
 21
210.688
  0
LINE
  8
0
 10
-125.588
 20
210.688
 11
-125.893
 21
210.467
  0
LINE
  8
0
 10
-125.893
 20
210.467
 11
-126.223
 21
210.286
  0
LINE
  8
0
 10
-126.223
 20
210.286
 11
-126.573
 21
210.147
  0
LINE
  8
0
 10
-126.573
 20
210.147
 11
-126.938
 21
210.053
  0
LINE
  8
0
 10
-126.938
 20
210.053
 11
-127.312
 21
210.006
  0
LINE
  8
0
 10
-127.312
 20
210.006
 11
-127.688
 21
210.006
  0
LINE
  8
0
 10
127.406
 20
204.003
 11
127.219
 21
204.027
  0
LINE
  8
0
 10
127.219
 20
204.027
 11
127.036
 21
204.073
  0
LINE
  8
0
 10
127.036
 20
204.073
 11
126.861
 21
204.143
  0
LINE
  8
0
 10
126.861
 20
204.143
 11
126.696
 21
204.234
  0
LINE
  8
0
 10
126.696
 20
204.234
 11
126.544
 21
204.344
  0
LINE
  8
0
 10
126.544
 20
204.344
 11
126.407
 21
204.473
  0
LINE
  8
0
 10
126.407
 20
204.473
 11
126.286
 21
204.618
  0
LINE
  8
0
 10
126.286
 20
204.618
 11
126.186
 21
204.777
  0
LINE
  8
0
 10
126.186
 20
204.777
 11
126.105
 21
204.948
  0
LINE
  8
0
 10
126.105
 20
204.948
 11
126.047
 21
205.127
  0
LINE
  8
0
 10
126.047
 20
205.127
 11
126.012
 21
205.312
  0
LINE
  8
0
 10
126.012
 20
205.312
 11
126
 21
205.5
  0
LINE
  8
0
 10
126
 20
205.5
 11
126.012
 21
205.688
  0
LINE
  8
0
 10
126.012
 20
205.688
 11
126.047
 21
205.873
  0
LINE
  8
0
 10
126.047
 20
205.873
 11
126.105
 21
206.052
  0
LINE
  8
0
 10
126.105
 20
206.052
 11
126.186
 21
206.223
  0
LINE
  8
0
 10
126.186
 20
206.223
 11
126.286
 21
206.382
  0
LINE
  8
0
 10
126.286
 20
206.382
 11
126.407
 21
206.527
  0
LINE
  8
0
 10
126.407
 20
206.527
 11
126.544
 21
206.656
  0
LINE
  8
0
 10
126.544
 20
206.656
 11
126.696
 21
206.766
  0
LINE
  8
0
 10
126.696
 20
206.766
 11
126.861
 21
206.857
  0
LINE
  8
0
 10
126.861
 20
206.857
 11
127.036
 21
206.927
  0
LINE
  8
0
 10
127.036
 20
206.927
 11
127.219
 21
206.973
  0
LINE
  8
0
 10
127.219
 20
206.973
 11
127.406
 21
206.997
  0
LINE
  8
0
 10
127.406
 20
206.997
 11
127.594
 21
206.997
  0
LINE
  8
0
 10
127.594
 20
206.997
 11
127.781
 21
206.973
  0
LINE
  8
0
 10
127.781
 20
206.973
 11
127.964
 21
206.927
  0
LINE
  8
0
 10
127.964
 20
206.927
 11
128.139
 21
206.857
  0
LINE
  8
0
 10
128.139
 20
206.857
 11
128.304
 21
206.766
  0
LINE
  8
0
 10
128.304
 20
206.766
 11
128.456
 21
206.656
  0
LINE
  8
0
 10
128.456
 20
206.656
 11
128.593
 21
206.527
  0
LINE
  8
0
 10
128.593
 20
206.527
 11
128.714
 21
206.382
  0
LINE
  8
0
 10
128.714
 20
206.382
 11
128.814
 21
206.223
  0
LINE
  8
0
 10
128.814
 20
206.223
 11
128.895
 21
206.052
  0
LINE
  8
0
 10
128.895
 20
206.052
 11
128.953
 21
205.873
  0
LINE
  8
0
 10
128.953
 20
205.873
 11
128.988
 21
205.688
  0
LINE
  8
0
 10
128.988
 20
205.688
 11
129
 21
205.5
  0
LINE
  8
0
 10
129
 20
205.5
 11
128.988
 21
205.312
  0
LINE
  8
0
 10
128.988
 20
205.312
 11
128.953
 21
205.127
  0
LINE
  8
0
 10
128.953
 20
205.127
 11
128.895
 21
204.948
  0
LINE
  8
0
 10
128.895
 20
204.948
 11
128.814
 21
204.777
  0
LINE
  8
0
 10
128.814
 20
204.777
 11
128.714
 21
204.618
  0
LINE
  8
0
 10
128.714
 20
204.618
 11
128.593
 21
204.473
  0
LINE
  8
0
 10
128.593
 20
204.473
 11
128.456
 21
204.344
  0
LINE
  8
0
 10
128.456
 20
204.344
 11
128.304
 21
204.234
  0
LINE
  8
0
 10
128.304
 20
204.234
 11
128.139
 21
204.143
  0
LINE
  8
0
 10
128.139
 20
204.143
 11
127.964
 21
204.073
  0
LINE
  8
0
 10
127.964
 20
204.073
 11
127.781
 21
204.027
  0
LINE
  8
0
 10
127.781
 20
204.027
 11
127.594
 21
204.003
  0
LINE
  8
0
 10
127.594
 20
204.003
 11
127.406
 21
204.003
  0
LINE
  8
0
 10
-127.594
 20
204.003
 11
-127.781
 21
204.027
  0
LINE
  8
0
 10
-127.781
 20
204.027
 11
-127.964
 21
204.073
  0
LINE
  8
0
 10
-127.964
 20
204.073
 11
-128.139
 21
204.143
  0
LINE
  8
0
 10
-128.139
 20
204.143
 11
-128.304
 21
204.234
  0
LINE
  8
0
 10
-128.304
 20
204.234
 11
-128.456
 21
204.344
  0
LINE
  8
0
 10
-128.456
 20
204.344
 11
-128.593
 21
204.473
  0
LINE
  8
0
 10
-128.593
 20
204.473
 11
-128.714
 21
204.618
  0
LINE
  8
0
 10
-128.714
 20
204.618
 11
-128.814
 21
204.777
  0
LINE
  8
0
 10
-128.814
 20
204.777
 11
-128.895
 21
204.948
  0
LINE
  8
0
 10
-128.895
 20
204.948
 11
-128.953
 21
205.127
  0
LINE
  8
0
 10
-128.953
 20
205.127
 11
-128.988
 21
205.312
  0
LINE
  8
0
 10
-128.988
 20
205.312
 11
-129
 21
205.5
  0
LINE
  8
0
 10
-129
 20
205.5
 11
-128.988
 21
205.688
  0
LINE
  8
0
 10
-128.988
 20
205.688
 11
-128.953
 21
205.873
  0
LINE
  8
0
 10
-128.953
 20
205.873
 11
-128.895
 21
206.052
  0
LINE
  8
0
 10
-128.895
 20
206.052
 11
-128.814
 21
206.223
  0
LINE
  8
0
 10
-128.814
 20
206.223
 11
-128.714
 21
206.382
  0
LINE
  8
0
 10
-128.714
 20
206.382
 11
-128.593
 21
206.527
  0
LINE
  8
0
 10
-128.593
 20
206.527
 11
-128.456
 21
206.656
  0
LINE
  8
0
 10
-128.456
 20
206.656
 11
-128.304
 21
206.766
  0
LINE
  8
0
 10
-128.304
 20
206.766
 11
-128.139
 21
206.857
  0
LINE
  8
0
 10
-128.139
 20
206.857
 11
-127.964
 21
206.927
  0
LINE
  8
0
 10
-127.964
 20
206.927
 11
-127.781
 21
206.973
  0
LINE
  8
0
 10
-127.781
 20
206.973
 11
-127.594
 21
206.997
  0
LINE
  8
0
 10
-127.594
 20
206.997
 11
-127.406
 21
206.997
  0
LINE
  8
0
 10
-127.406
 20
206.997
 11
-127.219
 21
206.973
  0
LINE
  8
0
 10
-127.219
 20
206.973
 11
-127.036
 21
206.927
  0
LINE
  8
0
 10
-127.036
 20
206.927
 11
-126.861
 21
206.857
  0
LINE
  8
0
 10
-126.861
 20
206.857
 11
-126.696
 21
206.766
  0
LINE
  8
0
 10
-126.696
 20
206.766
 11
-126.544
 21
206.656
  0
LINE
  8
0
 10
-126.544
 20
206.656
 11
-126.407
 21
206.527
  0
LINE
  8
0
 10
-126.407
 20
206.527
 11
-126.286
 21
206.382
  0
LINE
  8
0
 10
-126.286
 20
206.382
 11
-126.186
 21
206.223
  0
LINE
  8
0
 10
-126.186
 20
206.223
 11
-126.105
 21
206.052
  0
LINE
  8
0
 10
-126.105
 20
206.052
 11
-126.047
 21
205.873
  0
LINE
  8
0
 10
-126.047
 20
205.873
 11
-126.012
 21
205.688
  0
LINE
  8
0
 10
-126.012
 20
205.688
 11
-126
 21
205.5
  0
LINE
  8
0
 10
-126
 20
205.5
 11
-126.012
 21
205.312
  0
LINE
  8
0
 10
-126.012
 20
205.312
 11
-126.047
 21
205.127
  0
LINE
  8
0
 10
-126.047
 20
205.127
 11
-126.105
 21
204.948
  0
LINE
  8
0
 10
-126.105
 20
204.948
 11
-126.186
 21
204.777
  0
LINE
  8
0
 10
-126.186
 20
204.777
 11
-126.286
 21
204.618
  0
LINE
  8
0
 10
-126.286
 20
204.618
 11
-126.407
 21
204.473
  0
LINE
  8
0
 10
-126.407
 20
204.473
 11
-126.544
 21
204.344
  0
LINE
  8
0
 10
-126.544
 20
204.344
 11
-126.696
 21
204.234
  0
LINE
  8
0
 10
-126.696
 20
204.234
 11
-126.861
 21
204.143
  0
LINE
  8
0
 10
-126.861
 20
204.143
 11
-127.036
 21
204.073
  0
LINE
  8
0
 10
-127.036
 20
204.073
 11
-127.219
 21
204.027
  0
LINE
  8
0
 10
-127.219
 20
204.027
 11
-127.406
 21
204.003
  0
LINE
  8
0
 10
-127.406
 20
204.003
 11
-127.594
 21
204.003
  0
LINE
  8
0
 10
127.312
 20
195.006
 11
126.938
 21
195.053
  0
LINE
  8
0
 10
126.938
 20
195.053
 11
126.573
 21
195.147
  0
LINE
  8
0
 10
126.573
 20
195.147
 11
126.223
 21
195.286
  0
LINE
  8
0
 10
126.223
 20
195.286
 11
125.893
 21
195.467
  0
LINE
  8
0
 10
125.893
 20
195.467
 11
125.588
 21
195.688
  0
LINE
  8
0
 10
125.588
 20
195.688
 11
125.313
 21
195.946
  0
LINE
  8
0
 10
125.313
 20
195.946
 11
125.073
 21
196.237
  0
LINE
  8
0
 10
125.073
 20
196.237
 11
124.871
 21
196.555
  0
LINE
  8
0
 10
124.871
 20
196.555
 11
124.711
 21
196.896
  0
LINE
  8
0
 10
124.711
 20
196.896
 11
124.594
 21
197.254
  0
LINE
  8
0
 10
124.594
 20
197.254
 11
124.524
 21
197.624
  0
LINE
  8
0
 10
124.524
 20
197.624
 11
124.5
 21
198
  0
LINE
  8
0
 10
124.5
 20
198
 11
124.524
 21
198.376
  0
LINE
  8
0
 10
124.524
 20
198.376
 11
124.594
 21
198.746
  0
LINE
  8
0
 10
124.594
 20
198.746
 11
124.711
 21
199.104
  0
LINE
  8
0
 10
124.711
 20
199.104
 11
124.871
 21
199.445
  0
LINE
  8
0
 10
124.871
 20
199.445
 11
125.073
 21
199.763
  0
LINE
  8
0
 10
125.073
 20
199.763
 11
125.313
 21
200.054
  0
LINE
  8
0
 10
125.313
 20
200.054
 11
125.588
 21
200.312
  0
LINE
  8
0
 10
125.588
 20
200.312
 11
125.893
 21
200.533
  0
LINE
  8
0
 10
125.893
 20
200.533
 11
126.223
 21
200.714
  0
LINE
  8
0
 10
126.223
 20
200.714
 11
126.573
 21
200.853
  0
LINE
  8
0
 10
126.573
 20
200.853
 11
126.938
 21
200.947
  0
LINE
  8
0
 10
126.938
 20
200.947
 11
127.312
 21
200.994
  0
LINE
  8
0
 10
127.312
 20
200.994
 11
127.688
 21
200.994
  0
LINE
  8
0
 10
127.688
 20
200.994
 11
128.062
 21
200.947
  0
LINE
  8
0
 10
128.062
 20
200.947
 11
128.427
 21
200.853
  0
LINE
  8
0
 10
128.427
 20
200.853
 11
128.777
 21
200.714
  0
LINE
  8
0
 10
128.777
 20
200.714
 11
129.107
 21
200.533
  0
LINE
  8
0
 10
129.107
 20
200.533
 11
129.412
 21
200.312
  0
LINE
  8
0
 10
129.412
 20
200.312
 11
129.687
 21
200.054
  0
LINE
  8
0
 10
129.687
 20
200.054
 11
129.927
 21
199.763
  0
LINE
  8
0
 10
129.927
 20
199.763
 11
130.129
 21
199.445
  0
LINE
  8
0
 10
130.129
 20
199.445
 11
130.289
 21
199.104
  0
LINE
  8
0
 10
130.289
 20
199.104
 11
130.406
 21
198.746
  0
LINE
  8
0
 10
130.406
 20
198.746
 11
130.476
 21
198.376
  0
LINE
  8
0
 10
130.476
 20
198.376
 11
130.5
 21
198
  0
LINE
  8
0
 10
130.5
 20
198
 11
130.476
 21
197.624
  0
LINE
  8
0
 10
130.476
 20
197.624
 11
130.406
 21
197.254
  0
LINE
  8
0
 10
130.406
 20
197.254
 11
130.289
 21
196.896
  0
LINE
  8
0
 10
130.289
 20
196.896
 11
130.129
 21
196.555
  0
LINE
  8
0
 10
130.129
 20
196.555
 11
129.927
 21
196.237
  0
LINE
  8
0
 10
129.927
 20
196.237
 11
129.687
 21
195.946
  0
LINE
  8
0
 10
129.687
 20
195.946
 11
129.412
 21
195.688
  0
LINE
  8
0
 10
129.412
 20
195.688
 11
129.107
 21
195.467
  0
LINE
  8
0
 10
129.107
 20
195.467
 11
128.777
 21
195.286
  0
LINE
  8
0
 10
128.777
 20
195.286
 11
128.427
 21
195.147
  0
LINE
  8
0
 10
128.427
 20
195.147
 11
128.062
 21
195.053
  0
LINE
  8
0
 10
128.062
 20
195.053
 11
127.688
 21
195.006
  0
LINE
  8
0
 10
127.688
 20
195.006
 11
127.312
 21
195.006
  0
LINE
  8
0
 10
-127.688
 20
195.006
 11
-128.062
 21
195.053
  0
LINE
  8
0
 10
-128.062
 20
195.053
 11
-128.427
 21
195.147
  0
LINE
  8
0
 10
-128.427
 20
195.147
 11
-128.777
 21
195.286
  0
LINE
  8
0
 10
-128.777
 20
195.286
 11
-129.107
 21
195.467
  0
LINE
  8
0
 10
-129.107
 20
195.467
 11
-129.412
 21
195.688
  0
LINE
  8
0
 10
-129.412
 20
195.688
 11
-129.687
 21
195.946
  0
LINE
  8
0
 10
-129.687
 20
195.946
 11
-129.927
 21
196.237
  0
LINE
  8
0
 10
-129.927
 20
196.237
 11
-130.129
 21
196.555
  0
LINE
  8
0
 10
-130.129
 20
196.555
 11
-130.289
 21
196.896
  0
LINE
  8
0
 10
-130.289
 20
196.896
 11
-130.406
 21
197.254
  0
LINE
  8
0
 10
-130.406
 20
197.254
 11
-130.476
 21
197.624
  0
LINE
  8
0
 10
-130.476
 20
197.624
 11
-130.5
 21
198
  0
LINE
  8
0
 10
-130.5
 20
198
 11
-130.476
 21
198.376
  0
LINE
  8
0
 10
-130.476
 20
198.376
 11
-130.406
 21
198.746
  0
LINE
  8
0
 10
-130.406
 20
198.746
 11
-130.289
 21
199.104
  0
LINE
  8
0
 10
-130.289
 20
199.104
 11
-130.129
 21
199.445
  0
LINE
  8
0
 10
-130.129
 20
199.445
 11
-129.927
 21
199.763
  0
LINE
  8
0
 10
-129.927
 20
199.763
 11
-129.687
 21
200.054
  0
LINE
  8
0
 10
-129.687
 20
200.054
 11
-129.412
 21
200.312
  0
LINE
  8
0
 10
-129.412
 20
200.312
 11
-129.107
 21
200.533
  0
LINE
  8
0
 10
-129.107
 20
200.533
 11
-128.777
 21
200.714
  0
LINE
  8
0
 10
-128.777
 20
200.714
 11
-128.427
 21
200.853
  0
LINE
  8
0
 10
-128.427
 20
200.853
 11
-128.062
 21
200.947
  0
LINE
  8
0
 10
-128.062
 20
200.947
 11
-127.688
 21
200.994
  0
LINE
  8
0
 10
-127.688
 20
200.994
 11
-127.312
 21
200.994
  0
LINE
  8
0
 10
-127.312
 20
200.994
 11
-126.938
 21
200.947
  0
LINE
  8
0
 10
-126.938
 20
200.947
 11
-126.573
 21
200.853
  0
LINE
  8
0
 10
-126.573
 20
200.853
 11
-126.223
 21
200.714
  0
LINE
  8
0
 10
-126.223
 20
200.714
 11
-125.893
 21
200.533
  0
LINE
  8
0
 10
-125.893
 20
200.533
 11
-125.588
 21
200.312
  0
LINE
  8
0
 10
-125.588
 20
200.312
 11
-125.313
 21
200.054
  0
LINE
  8
0
 10
-125.313
 20
200.054
 11
-125.073
 21
199.763
  0
LINE
  8
0
 10
-125.073
 20
199.763
 11
-124.871
 21
199.445
  0
LINE
  8
0
 10
-124.871
 20
199.445
 11
-124.711
 21
199.104
  0
LINE
  8
0
 10
-124.711
 20
199.104
 11
-124.594
 21
198.746
  0
LINE
  8
0
 10
-124.594
 20
198.746
 11
-124.524
 21
198.376
  0
LINE
  8
0
 10
-124.524
 20
198.376
 11
-124.5
 21
198
  0
LINE
  8
0
 10
-124.5
 20
198
 11
-124.524
 21
197.624
  0
LINE
  8
0
 10
-124.524
 20
197.624
 11
-124.594
 21
197.254
  0
LINE
  8
0
 10
-124.594
 20
197.254
 11
-124.711
 21
196.896
  0
LINE
  8
0
 10
-124.711
 20
196.896
 11
-124.871
 21
196.555
  0
LINE
  8
0
 10
-124.871
 20
196.555
 11
-125.073
 21
196.237
  0
LINE
  8
0
 10
-125.073
 20
196.237
 11
-125.313
 21
195.946
  0
LINE
  8
0
 10
-125.313
 20
195.946
 11
-125.588
 21
195.688
  0
LINE
  8
0
 10
-125.588
 20
195.688
 11
-125.893
 21
195.467
  0
LINE
  8
0
 10
-125.893
 20
195.467
 11
-126.223
 21
195.286
  0
LINE
  8
0
 10
-126.223
 20
195.286
 11
-126.573
 21
195.147
  0
LINE
  8
0
 10
-126.573
 20
195.147
 11
-126.938
 21
195.053
  0
LINE
  8
0
 10
-126.938
 20
195.053
 11
-127.312
 21
195.006
  0
LINE
  8
0
 10
-127.312
 20
195.006
 11
-127.688
 21
195.006
  0
LINE
  8
0
 10
127.406
 20
189.003
 11
127.219
 21
189.027
  0
LINE
  8
0
 10
127.219
 20
189.027
 11
127.036
 21
189.073
  0
LINE
  8
0
 10
127.036
 20
189.073
 11
126.861
 21
189.143
  0
LINE
  8
0
 10
126.861
 20
189.143
 11
126.696
 21
189.234
  0
LINE
  8
0
 10
126.696
 20
189.234
 11
126.544
 21
189.344
  0
LINE
  8
0
 10
126.544
 20
189.344
 11
126.407
 21
189.473
  0
LINE
  8
0
 10
126.407
 20
189.473
 11
126.286
 21
189.618
  0
LINE
  8
0
 10
126.286
 20
189.618
 11
126.186
 21
189.777
  0
LINE
  8
0
 10
126.186
 20
189.777
 11
126.105
 21
189.948
  0
LINE
  8
0
 10
126.105
 20
189.948
 11
126.047
 21
190.127
  0
LINE
  8
0
 10
126.047
 20
190.127
 11
126.012
 21
190.312
  0
LINE
  8
0
 10
126.012
 20
190.312
 11
126
 21
190.5
  0
LINE
  8
0
 10
126
 20
190.5
 11
126.012
 21
190.688
  0
LINE
  8
0
 10
126.012
 20
190.688
 11
126.047
 21
190.873
  0
LINE
  8
0
 10
126.047
 20
190.873
 11
126.105
 21
191.052
  0
LINE
  8
0
 10
126.105
 20
191.052
 11
126.186
 21
191.223
  0
LINE
  8
0
 10
126.186
 20
191.223
 11
126.286
 21
191.382
  0
LINE
  8
0
 10
126.286
 20
191.382
 11
126.407
 21
191.527
  0
LINE
  8
0
 10
126.407
 20
191.527
 11
126.544
 21
191.656
  0
LINE
  8
0
 10
126.544
 20
191.656
 11
126.696
 21
191.766
  0
LINE
  8
0
 10
126.696
 20
191.766
 11
126.861
 21
191.857
  0
LINE
  8
0
 10
126.861
 20
191.857
 11
127.036
 21
191.927
  0
LINE
  8
0
 10
127.036
 20
191.927
 11
127.219
 21
191.973
  0
LINE
  8
0
 10
127.219
 20
191.973
 11
127.406
 21
191.997
  0
LINE
  8
0
 10
127.406
 20
191.997
 11
127.594
 21
191.997
  0
LINE
  8
0
 10
127.594
 20
191.997
 11
127.781
 21
191.973
  0
LINE
  8
0
 10
127.781
 20
191.973
 11
127.964
 21
191.927
  0
LINE
  8
0
 10
127.964
 20
191.927
 11
128.139
 21
191.857
  0
LINE
  8
0
 10
128.139
 20
191.857
 11
128.304
 21
191.766
  0
LINE
  8
0
 10
128.304
 20
191.766
 11
128.456
 21
191.656
  0
LINE
  8
0
 10
128.456
 20
191.656
 11
128.593
 21
191.527
  0
LINE
  8
0
 10
128.593
 20
191.527
 11
128.714
 21
191.382
  0
LINE
  8
0
 10
128.714
 20
191.382
 11
128.814
 21
191.223
  0
LINE
  8
0
 10
128.814
 20
191.223
 11
128.895
 21
191.052
  0
LINE
  8
0
 10
128.895
 20
191.052
 11
128.953
 21
190.873
  0
LINE
  8
0
 10
128.953
 20
190.873
 11
128.988
 21
190.688
  0
LINE
  8
0
 10
128.988
 20
190.688
 11
129
 21
190.5
  0
LINE
  8
0
 10
129
 20
190.5
 11
128.988
 21
190.312
  0
LINE
  8
0
 10
128.988
 20
190.312
 11
128.953
 21
190.127
  0
LINE
  8
0
 10
128.953
 20
190.127
 11
128.895
 21
189.948
  0
LINE
  8
0
 10
128.895
 20
189.948
 11
128.814
 21
189.777
  0
LINE
  8
0
 10
128.814
 20
189.777
 11
128.714
 21
189.618
  0
LINE
  8
0
 10
128.714
 20
189.618
 11
128.593
 21
189.473
  0
LINE
  8
0
 10
128.593
 20
189.473
 11
128.456
 21
189.344
  0
LINE
  8
0
 10
128.456
 20
189.344
 11
128.304
 21
189.234
  0
LINE
  8
0
 10
128.304
 20
189.234
 11
128.139
 21
189.143
  0
LINE
  8
0
 10
128.139
 20
189.143
 11
127.964
 21
189.073
  0
LINE
  8
0
 10
127.964
 20
189.073
 11
127.781
 21
189.027
  0
LINE
  8
0
 10
127.781
 20
189.027
 11
127.594
 21
189.003
  0
LINE
  8
0
 10
127.594
 20
189.003
 11
127.406
 21
189.003
  0
LINE
  8
0
 10
-127.594
 20
189.003
 11
-127.781
 21
189.027
  0
LINE
  8
0
 10
-127.781
 20
189.027
 11
-127.964
 21
189.073
  0
LINE
  8
0
 10
-127.964
 20
189.073
 11
-128.139
 21
189.143
  0
LINE
  8
0
 10
-128.139
 20
189.143
 11
-128.304
 21
189.234
  0
LINE
  8
0
 10
-128.304
 20
189.234
 11
-128.456
 21
189.344
  0
LINE
  8
0
 10
-128.456
 20
189.344
 11
-128.593
 21
189.473
  0
LINE
  8
0
 10
-128.593
 20
189.473
 11
-128.714
 21
189.618
  0
LINE
  8
0
 10
-128.714
 20
189.618
 11
-128.814
 21
189.777
  0
LINE
  8
0
 10
-128.814
 20
189.777
 11
-128.895
 21
189.948
  0
LINE
  8
0
 10
-128.895
 20
189.948
 11
-128.953
 21
190.127
  0
LINE
  8
0
 10
-128.953
 20
190.127
 11
-128.988
 21
190.312
  0
LINE
  8
0
 10
-128.988
 20
190.312
 11
-129
 21
190.5
  0
LINE
  8
0
 10
-129
 20
190.5
 11
-128.988
 21
190.688
  0
LINE
  8
0
 10
-128.988
 20
190.688
 11
-128.953
 21
190.873
  0
LINE
  8
0
 10
-128.953
 20
190.873
 11
-128.895
 21
191.052
  0
LINE
  8
0
 10
-128.895
 20
191.052
 11
-128.814
 21
191.223
  0
LINE
  8
0
 10
-128.814
 20
191.223
 11
-128.714
 21
191.382
  0
LINE
  8
0
 10
-128.714
 20
191.382
 11
-128.593
 21
191.527
  0
LINE
  8
0
 10
-128.593
 20
191.527
 11
-128.456
 21
191.656
  0
LINE
  8
0
 10
-128.456
 20
191.656
 11
-128.304
 21
191.766
  0
LINE
  8
0
 10
-128.304
 20
191.766
 11
-128.139
 21
191.857
  0
LINE
  8
0
 10
-128.139
 20
191.857
 11
-127.964
 21
191.927
  0
LINE
  8
0
 10
-127.964
 20
191.927
 11
-127.781
 21
191.973
  0
LINE
  8
0
 10
-127.781
 20
191.973
 11
-127.594
 21
191.997
  0
LINE
  8
0
 10
-127.594
 20
191.997
 11
-127.406
 21
191.997
  0
LINE
  8
0
 10
-127.406
 20
191.997
 11
-127.219
 21
191.973
  0
LINE
  8
0
 10
-127.219
 20
191.973
 11
-127.036
 21
191.927
  0
LINE
  8
0
 10
-127.036
 20
191.927
 11
-126.861
 21
191.857
  0
LINE
  8
0
 10
-126.861
 20
191.857
 11
-126.696
 21
191.766
  0
LINE
  8
0
 10
-126.696
 20
191.766
 11
-126.544
 21
191.656
  0
LINE
  8
0
 10
-126.544
 20
191.656
 11
-126.407
 21
191.527
  0
LINE
  8
0
 10
-126.407
 20
191.527
 11
-126.286
 21
191.382
  0
LINE
  8
0
 10
-126.286
 20
191.382
 11
-126.186
 21
191.223
  0
LINE
  8
0
 10
-126.186
 20
191.223
 11
-126.105
 21
191.052
  0
LINE
  8
0
 10
-126.105
 20
191.052
 11
-126.047
 21
190.873
  0
LINE
  8
0
 10
-126.047
 20
190.873
 11
-126.012
 21
190.688
  0
LINE
  8
0
 10
-126.012
 20
190.688
 11
-126
 21
190.5
  0
LINE
  8
0
 10
-126
 20
190.5
 11
-126.012
 21
190.312
  0
LINE
  8
0
 10
-126.012
 20
190.312
 11
-126.047
 21
190.127
  0
LINE
  8
0
 10
-126.047
 20
190.127
 11
-126.105
 21
189.948
  0
LINE
  8
0
 10
-126.105
 20
189.948
 11
-126.186
 21
189.777
  0
LINE
  8
0
 10
-126.186
 20
189.777
 11
-126.286
 21
189.618
  0
LINE
  8
0
 10
-126.286
 20
189.618
 11
-126.407
 21
189.473
  0
LINE
  8
0
 10
-126.407
 20
189.473
 11
-126.544
 21
189.344
  0
LINE
  8
0
 10
-126.544
 20
189.344
 11
-126.696
 21
189.234
  0
LINE
  8
0
 10
-126.696
 20
189.234
 11
-126.861
 21
189.143
  0
LINE
  8
0
 10
-126.861
 20
189.143
 11
-127.036
 21
189.073
  0
LINE
  8
0
 10
-127.036
 20
189.073
 11
-127.219
 21
189.027
  0
LINE
  8
0
 10
-127.219
 20
189.027
 11
-127.406
 21
189.003
  0
LINE
  8
0
 10
-127.406
 20
189.003
 11
-127.594
 21
189.003
  0
LINE
  8
0
 10
-127.688
 20
180.006
 11
-128.062
 21
180.053
  0
LINE
  8
0
 10
-128.062
 20
180.053
 11
-128.427
 21
180.147
  0
LINE
  8
0
 10
-128.427
 20
180.147
 11
-128.777
 21
180.286
  0
LINE
  8
0
 10
-128.777
 20
180.286
 11
-129.107
 21
180.467
  0
LINE
  8
0
 10
-129.107
 20
180.467
 11
-129.412
 21
180.688
  0
LINE
  8
0
 10
-129.412
 20
180.688
 11
-129.687
 21
180.946
  0
LINE
  8
0
 10
-129.687
 20
180.946
 11
-129.927
 21
181.237
  0
LINE
  8
0
 10
-129.927
 20
181.237
 11
-130.129
 21
181.555
  0
LINE
  8
0
 10
-130.129
 20
181.555
 11
-130.289
 21
181.896
  0
LINE
  8
0
 10
-130.289
 20
181.896
 11
-130.406
 21
182.254
  0
LINE
  8
0
 10
-130.406
 20
182.254
 11
-130.476
 21
182.624
  0
LINE
  8
0
 10
-130.476
 20
182.624
 11
-130.5
 21
183
  0
LINE
  8
0
 10
-130.5
 20
183
 11
-130.476
 21
183.376
  0
LINE
  8
0
 10
-130.476
 20
183.376
 11
-130.406
 21
183.746
  0
LINE
  8
0
 10
-130.406
 20
183.746
 11
-130.289
 21
184.104
  0
LINE
  8
0
 10
-130.289
 20
184.104
 11
-130.129
 21
184.445
  0
LINE
  8
0
 10
-130.129
 20
184.445
 11
-129.927
 21
184.763
  0
LINE
  8
0
 10
-129.927
 20
184.763
 11
-129.687
 21
185.054
  0
LINE
  8
0
 10
-129.687
 20
185.054
 11
-129.412
 21
185.312
  0
LINE
  8
0
 10
-129.412
 20
185.312
 11
-129.107
 21
185.533
  0
LINE
  8
0
 10
-129.107
 20
185.533
 11
-128.777
 21
185.714
  0
LINE
  8
0
 10
-128.777
 20
185.714
 11
-128.427
 21
185.853
  0
LINE
  8
0
 10
-128.427
 20
185.853
 11
-128.062
 21
185.947
  0
LINE
  8
0
 10
-128.062
 20
185.947
 11
-127.688
 21
185.994
  0
LINE
  8
0
 10
-127.688
 20
185.994
 11
-127.312
 21
185.994
  0
LINE
  8
0
 10
-127.312
 20
185.994
 11
-126.938
 21
185.947
  0
LINE
  8
0
 10
-126.938
 20
185.947
 11
-126.573
 21
185.853
  0
LINE
  8
0
 10
-126.573
 20
185.853
 11
-126.223
 21
185.714
  0
LINE
  8
0
 10
-126.223
 20
185.714
 11
-125.893
 21
185.533
  0
LINE
  8
0
 10
-125.893
 20
185.533
 11
-125.588
 21
185.312
  0
LINE
  8
0
 10
-125.588
 20
185.312
 11
-125.313
 21
185.054
  0
LINE
  8
0
 10
-125.313
 20
185.054
 11
-125.073
 21
184.763
  0
LINE
  8
0
 10
-125.073
 20
184.763
 11
-124.871
 21
184.445
  0
LINE
  8
0
 10
-124.871
 20
184.445
 11
-124.711
 21
184.104
  0
LINE
  8
0
 10
-124.711
 20
184.104
 11
-124.594
 21
183.746
  0
LINE
  8
0
 10
-124.594
 20
183.746
 11
-124.524
 21
183.376
  0
LINE
  8
0
 10
-124.524
 20
183.376
 11
-124.5
 21
183
  0
LINE
  8
0
 10
-124.5
 20
183
 11
-124.524
 21
182.624
  0
LINE
  8
0
 10
-124.524
 20
182.624
 11
-124.594
 21
182.254
  0
LINE
  8
0
 10
-124.594
 20
182.254
 11
-124.711
 21
181.896
  0
LINE
  8
0
 10
-124.711
 20
181.896
 11
-124.871
 21
181.555
  0
LINE
  8
0
 10
-124.871
 20
181.555
 11
-125.073
 21
181.237
  0
LINE
  8
0
 10
-125.073
 20
181.237
 11
-125.313
 21
180.946
  0
LINE
  8
0
 10
-125.313
 20
180.946
 11
-125.588
 21
180.688
  0
LINE
  8
0
 10
-125.588
 20
180.688
 11
-125.893
 21
180.467
  0
LINE
  8
0
 10
-125.893
 20
180.467
 11
-126.223
 21
180.286
  0
LINE
  8
0
 10
-126.223
 20
180.286
 11
-126.573
 21
180.147
  0
LINE
  8
0
 10
-126.573
 20
180.147
 11
-126.938
 21
180.053
  0
LINE
  8
0
 10
-126.938
 20
180.053
 11
-127.312
 21
180.006
  0
LINE
  8
0
 10
-127.312
 20
180.006
 11
-127.688
 21
180.006
  0
LINE
  8
0
 10
127.312
 20
180.006
 11
126.938
 21
180.053
  0
LINE
  8
0
 10
126.938
 20
180.053
 11
126.573
 21
180.147
  0
LINE
  8
0
 10
126.573
 20
180.147
 11
126.223
 21
180.286
  0
LINE
  8
0
 10
126.223
 20
180.286
 11
125.893
 21
180.467
  0
LINE
  8
0
 10
125.893
 20
180.467
 11
125.588
 21
180.688
  0
LINE
  8
0
 10
125.588
 20
180.688
 11
125.313
 21
180.946
  0
LINE
  8
0
 10
125.313
 20
180.946
 11
125.073
 21
181.237
  0
LINE
  8
0
 10
125.073
 20
181.237
 11
124.871
 21
181.555
  0
LINE
  8
0
 10
124.871
 20
181.555
 11
124.711
 21
181.896
  0
LINE
  8
0
 10
124.711
 20
181.896
 11
124.594
 21
182.254
  0
LINE
  8
0
 10
124.594
 20
182.254
 11
124.524
 21
182.624
  0
LINE
  8
0
 10
124.524
 20
182.624
 11
124.5
 21
183
  0
LINE
  8
0
 10
124.5
 20
183
 11
124.524
 21
183.376
  0
LINE
  8
0
 10
124.524
 20
183.376
 11
124.594
 21
183.746
  0
LINE
  8
0
 10
124.594
 20
183.746
 11
124.711
 21
184.104
  0
LINE
  8
0
 10
124.711
 20
184.104
 11
124.871
 21
184.445
  0
LINE
  8
0
 10
124.871
 20
184.445
 11
125.073
 21
184.763
  0
LINE
  8
0
 10
125.073
 20
184.763
 11
125.313
 21
185.054
  0
LINE
  8
0
 10
125.313
 20
185.054
 11
125.588
 21
185.312
  0
LINE
  8
0
 10
125.588
 20
185.312
 11
125.893
 21
185.533
  0
LINE
  8
0
 10
125.893
 20
185.533
 11
126.223
 21
185.714
  0
LINE
  8
0
 10
126.223
 20
185.714
 11
126.573
 21
185.853
  0
LINE
  8
0
 10
126.573
 20
185.853
 11
126.938
 21
185.947
  0
LINE
  8
0
 10
126.938
 20
185.947
 11
127.312
 21
185.994
  0
LINE
  8
0
 10
127.312
 20
185.994
 11
127.688
 21
185.994
  0
LINE
  8
0
 10
127.688
 20
185.994
 11
128.062
 21
185.947
  0
LINE
  8
0
 10
128.062
 20
185.947
 11
128.427
 21
185.853
  0
LINE
  8
0
 10
128.427
 20
185.853
 11
128.777
 21
185.714
  0
LINE
  8
0
 10
128.777
 20
185.714
 11
129.107
 21
185.533
  0
LINE
  8
0
 10
129.107
 20
185.533
 11
129.412
 21
185.312
  0
LINE
  8
0
 10
129.412
 20
185.312
 11
129.687
 21
185.054
  0
LINE
  8
0
 10
129.687
 20
185.054
 11
129.927
 21
184.763
  0
LINE
  8
0
 10
129.927
 20
184.763
 11
130.129
 21
184.445
  0
LINE
  8
0
 10
130.129
 20
184.445
 11
130.289
 21
184.104
  0
LINE
  8
0
 10
130.289
 20
184.104
 11
130.406
 21
183.746
  0
LINE
  8
0
 10
130.406
 20
183.746
 11
130.476
 21
183.376
  0
LINE
  8
0
 10
130.476
 20
183.376
 11
130.5
 21
183
  0
LINE
  8
0
 10
130.5
 20
183
 11
130.476
 21
182.624
  0
LINE
  8
0
 10
130.476
 20
182.624
 11
130.406
 21
182.254
  0
LINE
  8
0
 10
130.406
 20
182.254
 11
130.289
 21
181.896
  0
LINE
  8
0
 10
130.289
 20
181.896
 11
130.129
 21
181.555
  0
LINE
  8
0
 10
130.129
 20
181.555
 11
129.927
 21
181.237
  0
LINE
  8
0
 10
129.927
 20
181.237
 11
129.687
 21
180.946
  0
LINE
  8
0
 10
129.687
 20
180.946
 11
129.412
 21
180.688
  0
LINE
  8
0
 10
129.412
 20
180.688
 11
129.107
 21
180.467
  0
LINE
  8
0
 10
129.107
 20
180.467
 11
128.777
 21
180.286
  0
LINE
  8
0
 10
128.777
 20
180.286
 11
128.427
 21
180.147
  0
LINE
  8
0
 10
128.427
 20
180.147
 11
128.062
 21
180.053
  0
LINE
  8
0
 10
128.062
 20
180.053
 11
127.688
 21
180.006
  0
LINE
  8
0
 10
127.688
 20
180.006
 11
127.312
 21
180.006
  0
ENDSEC
  0
SECTION
  2
OBJECTS
  0
DICTIONARY
  0
ENDSEC
  0
EOF
