solid OpenSCAD_Model
  facet normal -0.997969 -0.0637002 0
    outer loop
      vertex -132 -30 0
      vertex -132.024 -29.624 3
      vertex -132.024 -29.624 0
    endloop
  endfacet
  facet normal -0.997969 -0.0637002 0
    outer loop
      vertex -132.024 -29.624 3
      vertex -132 -30 0
      vertex -132 -30 3
    endloop
  endfacet
  facet normal 0.997969 -0.0637002 0
    outer loop
      vertex -138 -30 3
      vertex -137.976 -29.624 0
      vertex -137.976 -29.624 3
    endloop
  endfacet
  facet normal 0.997969 -0.0637002 0
    outer loop
      vertex -137.976 -29.624 0
      vertex -138 -30 3
      vertex -138 -30 0
    endloop
  endfacet
  facet normal 0 -1 0
    outer loop
      vertex -135.188 -27.0059 0
      vertex -134.812 -27.0059 3
      vertex -135.188 -27.0059 3
    endloop
  endfacet
  facet normal 0 -1 -0
    outer loop
      vertex -134.812 -27.0059 3
      vertex -135.188 -27.0059 0
      vertex -134.812 -27.0059 0
    endloop
  endfacet
  facet normal 0 1 -0
    outer loop
      vertex -134.812 -32.9941 0
      vertex -135.188 -32.9941 3
      vertex -134.812 -32.9941 3
    endloop
  endfacet
  facet normal 0 1 0
    outer loop
      vertex -135.188 -32.9941 3
      vertex -134.812 -32.9941 0
      vertex -135.188 -32.9941 0
    endloop
  endfacet
  facet normal -0.684065 -0.729421 0
    outer loop
      vertex -133.088 -27.6885 0
      vertex -132.813 -27.9464 3
      vertex -133.088 -27.6885 3
    endloop
  endfacet
  facet normal -0.684065 -0.729421 -0
    outer loop
      vertex -132.813 -27.9464 3
      vertex -133.088 -27.6885 0
      vertex -132.813 -27.9464 0
    endloop
  endfacet
  facet normal 0.684065 -0.729421 0
    outer loop
      vertex -137.187 -27.9464 0
      vertex -136.912 -27.6885 3
      vertex -137.187 -27.9464 3
    endloop
  endfacet
  facet normal 0.684065 -0.729421 0
    outer loop
      vertex -136.912 -27.6885 3
      vertex -137.187 -27.9464 0
      vertex -136.912 -27.6885 0
    endloop
  endfacet
  facet normal 0.368412 -0.929663 0
    outer loop
      vertex -136.277 -27.2855 0
      vertex -135.927 -27.1468 3
      vertex -136.277 -27.2855 3
    endloop
  endfacet
  facet normal 0.368412 -0.929663 0
    outer loop
      vertex -135.927 -27.1468 3
      vertex -136.277 -27.2855 0
      vertex -135.927 -27.1468 0
    endloop
  endfacet
  facet normal -0.844175 0.536068 0
    outer loop
      vertex -132.573 -31.7634 0
      vertex -132.371 -31.4453 3
      vertex -132.371 -31.4453 0
    endloop
  endfacet
  facet normal -0.844175 0.536068 0
    outer loop
      vertex -132.371 -31.4453 3
      vertex -132.573 -31.7634 0
      vertex -132.573 -31.7634 3
    endloop
  endfacet
  facet normal -0.905252 -0.424876 0
    outer loop
      vertex -132.211 -28.8956 0
      vertex -132.371 -28.5547 3
      vertex -132.371 -28.5547 0
    endloop
  endfacet
  facet normal -0.905252 -0.424876 0
    outer loop
      vertex -132.371 -28.5547 3
      vertex -132.211 -28.8956 0
      vertex -132.211 -28.8956 3
    endloop
  endfacet
  facet normal -0.982579 -0.185843 0
    outer loop
      vertex -132.024 -29.624 0
      vertex -132.094 -29.2539 3
      vertex -132.094 -29.2539 0
    endloop
  endfacet
  facet normal -0.982579 -0.185843 0
    outer loop
      vertex -132.094 -29.2539 3
      vertex -132.024 -29.624 0
      vertex -132.024 -29.624 3
    endloop
  endfacet
  facet normal -0.368412 -0.929663 0
    outer loop
      vertex -134.073 -27.1468 0
      vertex -133.723 -27.2855 3
      vertex -134.073 -27.1468 3
    endloop
  endfacet
  facet normal -0.368412 -0.929663 -0
    outer loop
      vertex -133.723 -27.2855 3
      vertex -134.073 -27.1468 0
      vertex -133.723 -27.2855 0
    endloop
  endfacet
  facet normal -0.587619 -0.809137 0
    outer loop
      vertex -133.393 -27.467 0
      vertex -133.088 -27.6885 3
      vertex -133.393 -27.467 3
    endloop
  endfacet
  facet normal -0.587619 -0.809137 -0
    outer loop
      vertex -133.088 -27.6885 3
      vertex -133.393 -27.467 0
      vertex -133.088 -27.6885 0
    endloop
  endfacet
  facet normal 0.905252 -0.424876 0
    outer loop
      vertex -137.789 -28.8956 3
      vertex -137.629 -28.5547 0
      vertex -137.629 -28.5547 3
    endloop
  endfacet
  facet normal 0.905252 -0.424876 0
    outer loop
      vertex -137.629 -28.5547 0
      vertex -137.789 -28.8956 3
      vertex -137.789 -28.8956 0
    endloop
  endfacet
  facet normal 0.950602 -0.310412 0
    outer loop
      vertex -137.906 -29.2539 3
      vertex -137.789 -28.8956 0
      vertex -137.789 -28.8956 3
    endloop
  endfacet
  facet normal 0.950602 -0.310412 0
    outer loop
      vertex -137.789 -28.8956 0
      vertex -137.906 -29.2539 3
      vertex -137.906 -29.2539 0
    endloop
  endfacet
  facet normal 0.24865 -0.968593 0
    outer loop
      vertex -135.927 -27.1468 0
      vertex -135.562 -27.0531 3
      vertex -135.927 -27.1468 3
    endloop
  endfacet
  facet normal 0.24865 -0.968593 0
    outer loop
      vertex -135.562 -27.0531 3
      vertex -135.927 -27.1468 0
      vertex -135.562 -27.0531 0
    endloop
  endfacet
  facet normal -0.368412 0.929663 0
    outer loop
      vertex -133.723 -32.7145 0
      vertex -134.073 -32.8532 3
      vertex -133.723 -32.7145 3
    endloop
  endfacet
  facet normal -0.368412 0.929663 0
    outer loop
      vertex -134.073 -32.8532 3
      vertex -133.723 -32.7145 0
      vertex -134.073 -32.8532 0
    endloop
  endfacet
  facet normal -0.481919 0.876216 0
    outer loop
      vertex -133.393 -32.533 0
      vertex -133.723 -32.7145 3
      vertex -133.393 -32.533 3
    endloop
  endfacet
  facet normal -0.481919 0.876216 0
    outer loop
      vertex -133.723 -32.7145 3
      vertex -133.393 -32.533 0
      vertex -133.723 -32.7145 0
    endloop
  endfacet
  facet normal -0.950602 -0.310412 0
    outer loop
      vertex -132.094 -29.2539 0
      vertex -132.211 -28.8956 3
      vertex -132.211 -28.8956 0
    endloop
  endfacet
  facet normal -0.950602 -0.310412 0
    outer loop
      vertex -132.211 -28.8956 3
      vertex -132.094 -29.2539 0
      vertex -132.094 -29.2539 3
    endloop
  endfacet
  facet normal -0.77061 -0.637307 0
    outer loop
      vertex -132.573 -28.2366 0
      vertex -132.813 -27.9464 3
      vertex -132.813 -27.9464 0
    endloop
  endfacet
  facet normal -0.77061 -0.637307 0
    outer loop
      vertex -132.813 -27.9464 3
      vertex -132.573 -28.2366 0
      vertex -132.573 -28.2366 3
    endloop
  endfacet
  facet normal -0.844175 -0.536068 0
    outer loop
      vertex -132.371 -28.5547 0
      vertex -132.573 -28.2366 3
      vertex -132.573 -28.2366 0
    endloop
  endfacet
  facet normal -0.844175 -0.536068 0
    outer loop
      vertex -132.573 -28.2366 3
      vertex -132.371 -28.5547 0
      vertex -132.371 -28.5547 3
    endloop
  endfacet
  facet normal -0.24865 -0.968593 0
    outer loop
      vertex -134.438 -27.0531 0
      vertex -134.073 -27.1468 3
      vertex -134.438 -27.0531 3
    endloop
  endfacet
  facet normal -0.24865 -0.968593 -0
    outer loop
      vertex -134.073 -27.1468 3
      vertex -134.438 -27.0531 0
      vertex -134.073 -27.1468 0
    endloop
  endfacet
  facet normal -0.12521 -0.99213 0
    outer loop
      vertex -134.812 -27.0059 0
      vertex -134.438 -27.0531 3
      vertex -134.812 -27.0059 3
    endloop
  endfacet
  facet normal -0.12521 -0.99213 -0
    outer loop
      vertex -134.438 -27.0531 3
      vertex -134.812 -27.0059 0
      vertex -134.438 -27.0531 0
    endloop
  endfacet
  facet normal -0.481919 -0.876216 0
    outer loop
      vertex -133.723 -27.2855 0
      vertex -133.393 -27.467 3
      vertex -133.723 -27.2855 3
    endloop
  endfacet
  facet normal -0.481919 -0.876216 -0
    outer loop
      vertex -133.393 -27.467 3
      vertex -133.723 -27.2855 0
      vertex -133.393 -27.467 0
    endloop
  endfacet
  facet normal 0.844175 -0.536068 0
    outer loop
      vertex -137.629 -28.5547 3
      vertex -137.427 -28.2366 0
      vertex -137.427 -28.2366 3
    endloop
  endfacet
  facet normal 0.844175 -0.536068 0
    outer loop
      vertex -137.427 -28.2366 0
      vertex -137.629 -28.5547 3
      vertex -137.629 -28.5547 0
    endloop
  endfacet
  facet normal 0.77061 -0.637307 0
    outer loop
      vertex -137.427 -28.2366 3
      vertex -137.187 -27.9464 0
      vertex -137.187 -27.9464 3
    endloop
  endfacet
  facet normal 0.77061 -0.637307 0
    outer loop
      vertex -137.187 -27.9464 0
      vertex -137.427 -28.2366 3
      vertex -137.427 -28.2366 0
    endloop
  endfacet
  facet normal 0.982579 -0.185843 0
    outer loop
      vertex -137.976 -29.624 3
      vertex -137.906 -29.2539 0
      vertex -137.906 -29.2539 3
    endloop
  endfacet
  facet normal 0.982579 -0.185843 0
    outer loop
      vertex -137.906 -29.2539 0
      vertex -137.976 -29.624 3
      vertex -137.976 -29.624 0
    endloop
  endfacet
  facet normal 0.481919 -0.876216 0
    outer loop
      vertex -136.607 -27.467 0
      vertex -136.277 -27.2855 3
      vertex -136.607 -27.467 3
    endloop
  endfacet
  facet normal 0.481919 -0.876216 0
    outer loop
      vertex -136.277 -27.2855 3
      vertex -136.607 -27.467 0
      vertex -136.277 -27.2855 0
    endloop
  endfacet
  facet normal 0.587619 -0.809137 0
    outer loop
      vertex -136.912 -27.6885 0
      vertex -136.607 -27.467 3
      vertex -136.912 -27.6885 3
    endloop
  endfacet
  facet normal 0.587619 -0.809137 0
    outer loop
      vertex -136.607 -27.467 3
      vertex -136.912 -27.6885 0
      vertex -136.607 -27.467 0
    endloop
  endfacet
  facet normal 0.12521 -0.99213 0
    outer loop
      vertex -135.562 -27.0531 0
      vertex -135.188 -27.0059 3
      vertex -135.562 -27.0531 3
    endloop
  endfacet
  facet normal 0.12521 -0.99213 0
    outer loop
      vertex -135.188 -27.0059 3
      vertex -135.562 -27.0531 0
      vertex -135.188 -27.0059 0
    endloop
  endfacet
  facet normal -0.997969 0.0637002 0
    outer loop
      vertex -132.024 -30.376 0
      vertex -132 -30 3
      vertex -132 -30 0
    endloop
  endfacet
  facet normal -0.997969 0.0637002 0
    outer loop
      vertex -132 -30 3
      vertex -132.024 -30.376 0
      vertex -132.024 -30.376 3
    endloop
  endfacet
  facet normal -0.77061 0.637307 0
    outer loop
      vertex -132.813 -32.0536 0
      vertex -132.573 -31.7634 3
      vertex -132.573 -31.7634 0
    endloop
  endfacet
  facet normal -0.77061 0.637307 0
    outer loop
      vertex -132.573 -31.7634 3
      vertex -132.813 -32.0536 0
      vertex -132.813 -32.0536 3
    endloop
  endfacet
  facet normal -0.982579 0.185843 0
    outer loop
      vertex -132.094 -30.7461 0
      vertex -132.024 -30.376 3
      vertex -132.024 -30.376 0
    endloop
  endfacet
  facet normal -0.982579 0.185843 0
    outer loop
      vertex -132.024 -30.376 3
      vertex -132.094 -30.7461 0
      vertex -132.094 -30.7461 3
    endloop
  endfacet
  facet normal -0.587619 0.809137 0
    outer loop
      vertex -133.088 -32.3115 0
      vertex -133.393 -32.533 3
      vertex -133.088 -32.3115 3
    endloop
  endfacet
  facet normal -0.587619 0.809137 0
    outer loop
      vertex -133.393 -32.533 3
      vertex -133.088 -32.3115 0
      vertex -133.393 -32.533 0
    endloop
  endfacet
  facet normal -0.684065 0.729421 0
    outer loop
      vertex -132.813 -32.0536 0
      vertex -133.088 -32.3115 3
      vertex -132.813 -32.0536 3
    endloop
  endfacet
  facet normal -0.684065 0.729421 0
    outer loop
      vertex -133.088 -32.3115 3
      vertex -132.813 -32.0536 0
      vertex -133.088 -32.3115 0
    endloop
  endfacet
  facet normal -0.905252 0.424876 0
    outer loop
      vertex -132.371 -31.4453 0
      vertex -132.211 -31.1044 3
      vertex -132.211 -31.1044 0
    endloop
  endfacet
  facet normal -0.905252 0.424876 0
    outer loop
      vertex -132.211 -31.1044 3
      vertex -132.371 -31.4453 0
      vertex -132.371 -31.4453 3
    endloop
  endfacet
  facet normal 0.684065 0.729421 -0
    outer loop
      vertex -136.912 -32.3115 0
      vertex -137.187 -32.0536 3
      vertex -136.912 -32.3115 3
    endloop
  endfacet
  facet normal 0.684065 0.729421 0
    outer loop
      vertex -137.187 -32.0536 3
      vertex -136.912 -32.3115 0
      vertex -137.187 -32.0536 0
    endloop
  endfacet
  facet normal 0.844175 0.536068 0
    outer loop
      vertex -137.427 -31.7634 3
      vertex -137.629 -31.4453 0
      vertex -137.629 -31.4453 3
    endloop
  endfacet
  facet normal 0.844175 0.536068 0
    outer loop
      vertex -137.629 -31.4453 0
      vertex -137.427 -31.7634 3
      vertex -137.427 -31.7634 0
    endloop
  endfacet
  facet normal 0.950602 0.310412 0
    outer loop
      vertex -137.789 -31.1044 3
      vertex -137.906 -30.7461 0
      vertex -137.906 -30.7461 3
    endloop
  endfacet
  facet normal 0.950602 0.310412 0
    outer loop
      vertex -137.906 -30.7461 0
      vertex -137.789 -31.1044 3
      vertex -137.789 -31.1044 0
    endloop
  endfacet
  facet normal -0.12521 0.99213 0
    outer loop
      vertex -134.438 -32.9469 0
      vertex -134.812 -32.9941 3
      vertex -134.438 -32.9469 3
    endloop
  endfacet
  facet normal -0.12521 0.99213 0
    outer loop
      vertex -134.812 -32.9941 3
      vertex -134.438 -32.9469 0
      vertex -134.812 -32.9941 0
    endloop
  endfacet
  facet normal -0.950602 0.310412 0
    outer loop
      vertex -132.211 -31.1044 0
      vertex -132.094 -30.7461 3
      vertex -132.094 -30.7461 0
    endloop
  endfacet
  facet normal -0.950602 0.310412 0
    outer loop
      vertex -132.094 -30.7461 3
      vertex -132.211 -31.1044 0
      vertex -132.211 -31.1044 3
    endloop
  endfacet
  facet normal 0.368412 0.929663 -0
    outer loop
      vertex -135.927 -32.8532 0
      vertex -136.277 -32.7145 3
      vertex -135.927 -32.8532 3
    endloop
  endfacet
  facet normal 0.368412 0.929663 0
    outer loop
      vertex -136.277 -32.7145 3
      vertex -135.927 -32.8532 0
      vertex -136.277 -32.7145 0
    endloop
  endfacet
  facet normal 0.587619 0.809137 -0
    outer loop
      vertex -136.607 -32.533 0
      vertex -136.912 -32.3115 3
      vertex -136.607 -32.533 3
    endloop
  endfacet
  facet normal 0.587619 0.809137 0
    outer loop
      vertex -136.912 -32.3115 3
      vertex -136.607 -32.533 0
      vertex -136.912 -32.3115 0
    endloop
  endfacet
  facet normal 0.24865 0.968593 -0
    outer loop
      vertex -135.562 -32.9469 0
      vertex -135.927 -32.8532 3
      vertex -135.562 -32.9469 3
    endloop
  endfacet
  facet normal 0.24865 0.968593 0
    outer loop
      vertex -135.927 -32.8532 3
      vertex -135.562 -32.9469 0
      vertex -135.927 -32.8532 0
    endloop
  endfacet
  facet normal 0.77061 0.637307 0
    outer loop
      vertex -137.187 -32.0536 3
      vertex -137.427 -31.7634 0
      vertex -137.427 -31.7634 3
    endloop
  endfacet
  facet normal 0.77061 0.637307 0
    outer loop
      vertex -137.427 -31.7634 0
      vertex -137.187 -32.0536 3
      vertex -137.187 -32.0536 0
    endloop
  endfacet
  facet normal 0.905252 0.424876 0
    outer loop
      vertex -137.629 -31.4453 3
      vertex -137.789 -31.1044 0
      vertex -137.789 -31.1044 3
    endloop
  endfacet
  facet normal 0.905252 0.424876 0
    outer loop
      vertex -137.789 -31.1044 0
      vertex -137.629 -31.4453 3
      vertex -137.629 -31.4453 0
    endloop
  endfacet
  facet normal 0.982579 0.185843 0
    outer loop
      vertex -137.906 -30.7461 3
      vertex -137.976 -30.376 0
      vertex -137.976 -30.376 3
    endloop
  endfacet
  facet normal 0.982579 0.185843 0
    outer loop
      vertex -137.976 -30.376 0
      vertex -137.906 -30.7461 3
      vertex -137.906 -30.7461 0
    endloop
  endfacet
  facet normal 0.997969 0.0637002 0
    outer loop
      vertex -137.976 -30.376 3
      vertex -138 -30 0
      vertex -138 -30 3
    endloop
  endfacet
  facet normal 0.997969 0.0637002 0
    outer loop
      vertex -138 -30 0
      vertex -137.976 -30.376 3
      vertex -137.976 -30.376 0
    endloop
  endfacet
  facet normal -0.24865 0.968593 0
    outer loop
      vertex -134.073 -32.8532 0
      vertex -134.438 -32.9469 3
      vertex -134.073 -32.8532 3
    endloop
  endfacet
  facet normal -0.24865 0.968593 0
    outer loop
      vertex -134.438 -32.9469 3
      vertex -134.073 -32.8532 0
      vertex -134.438 -32.9469 0
    endloop
  endfacet
  facet normal 0.481919 0.876216 -0
    outer loop
      vertex -136.277 -32.7145 0
      vertex -136.607 -32.533 3
      vertex -136.277 -32.7145 3
    endloop
  endfacet
  facet normal 0.481919 0.876216 0
    outer loop
      vertex -136.607 -32.533 3
      vertex -136.277 -32.7145 0
      vertex -136.607 -32.533 0
    endloop
  endfacet
  facet normal 0.12521 0.99213 -0
    outer loop
      vertex -135.188 -32.9941 0
      vertex -135.562 -32.9469 3
      vertex -135.188 -32.9941 3
    endloop
  endfacet
  facet normal 0.12521 0.99213 0
    outer loop
      vertex -135.562 -32.9469 3
      vertex -135.188 -32.9941 0
      vertex -135.562 -32.9469 0
    endloop
  endfacet
  facet normal 0.950602 -0.310412 0
    outer loop
      vertex -137.906 30.7461 3
      vertex -137.789 31.1044 0
      vertex -137.789 31.1044 3
    endloop
  endfacet
  facet normal 0.950602 -0.310412 0
    outer loop
      vertex -137.789 31.1044 0
      vertex -137.906 30.7461 3
      vertex -137.906 30.7461 0
    endloop
  endfacet
  facet normal -0.844175 -0.536068 0
    outer loop
      vertex -132.371 31.4453 0
      vertex -132.573 31.7634 3
      vertex -132.573 31.7634 0
    endloop
  endfacet
  facet normal -0.844175 -0.536068 0
    outer loop
      vertex -132.573 31.7634 3
      vertex -132.371 31.4453 0
      vertex -132.371 31.4453 3
    endloop
  endfacet
  facet normal -0.368412 -0.929663 0
    outer loop
      vertex -134.073 32.8532 0
      vertex -133.723 32.7145 3
      vertex -134.073 32.8532 3
    endloop
  endfacet
  facet normal -0.368412 -0.929663 -0
    outer loop
      vertex -133.723 32.7145 3
      vertex -134.073 32.8532 0
      vertex -133.723 32.7145 0
    endloop
  endfacet
  facet normal 0.368412 -0.929663 0
    outer loop
      vertex -136.277 32.7145 0
      vertex -135.927 32.8532 3
      vertex -136.277 32.7145 3
    endloop
  endfacet
  facet normal 0.368412 -0.929663 0
    outer loop
      vertex -135.927 32.8532 3
      vertex -136.277 32.7145 0
      vertex -135.927 32.8532 0
    endloop
  endfacet
  facet normal 0.905252 -0.424876 0
    outer loop
      vertex -137.789 31.1044 3
      vertex -137.629 31.4453 0
      vertex -137.629 31.4453 3
    endloop
  endfacet
  facet normal 0.905252 -0.424876 0
    outer loop
      vertex -137.629 31.4453 0
      vertex -137.789 31.1044 3
      vertex -137.789 31.1044 0
    endloop
  endfacet
  facet normal -0.982579 0.185843 0
    outer loop
      vertex -132.094 29.2539 0
      vertex -132.024 29.624 3
      vertex -132.024 29.624 0
    endloop
  endfacet
  facet normal -0.982579 0.185843 0
    outer loop
      vertex -132.024 29.624 3
      vertex -132.094 29.2539 0
      vertex -132.094 29.2539 3
    endloop
  endfacet
  facet normal -0.684065 -0.729421 0
    outer loop
      vertex -133.088 32.3115 0
      vertex -132.813 32.0536 3
      vertex -133.088 32.3115 3
    endloop
  endfacet
  facet normal -0.684065 -0.729421 -0
    outer loop
      vertex -132.813 32.0536 3
      vertex -133.088 32.3115 0
      vertex -132.813 32.0536 0
    endloop
  endfacet
  facet normal 0 -1 0
    outer loop
      vertex -135.188 32.9941 0
      vertex -134.812 32.9941 3
      vertex -135.188 32.9941 3
    endloop
  endfacet
  facet normal 0 -1 -0
    outer loop
      vertex -134.812 32.9941 3
      vertex -135.188 32.9941 0
      vertex -134.812 32.9941 0
    endloop
  endfacet
  facet normal -0.587619 -0.809137 0
    outer loop
      vertex -133.393 32.533 0
      vertex -133.088 32.3115 3
      vertex -133.393 32.533 3
    endloop
  endfacet
  facet normal -0.587619 -0.809137 -0
    outer loop
      vertex -133.088 32.3115 3
      vertex -133.393 32.533 0
      vertex -133.088 32.3115 0
    endloop
  endfacet
  facet normal 0.982579 -0.185843 0
    outer loop
      vertex -137.976 30.376 3
      vertex -137.906 30.7461 0
      vertex -137.906 30.7461 3
    endloop
  endfacet
  facet normal 0.982579 -0.185843 0
    outer loop
      vertex -137.906 30.7461 0
      vertex -137.976 30.376 3
      vertex -137.976 30.376 0
    endloop
  endfacet
  facet normal 0.77061 -0.637307 0
    outer loop
      vertex -137.427 31.7634 3
      vertex -137.187 32.0536 0
      vertex -137.187 32.0536 3
    endloop
  endfacet
  facet normal 0.77061 -0.637307 0
    outer loop
      vertex -137.187 32.0536 0
      vertex -137.427 31.7634 3
      vertex -137.427 31.7634 0
    endloop
  endfacet
  facet normal 0.24865 -0.968593 0
    outer loop
      vertex -135.927 32.8532 0
      vertex -135.562 32.9469 3
      vertex -135.927 32.8532 3
    endloop
  endfacet
  facet normal 0.24865 -0.968593 0
    outer loop
      vertex -135.562 32.9469 3
      vertex -135.927 32.8532 0
      vertex -135.562 32.9469 0
    endloop
  endfacet
  facet normal 0.684065 -0.729421 0
    outer loop
      vertex -137.187 32.0536 0
      vertex -136.912 32.3115 3
      vertex -137.187 32.0536 3
    endloop
  endfacet
  facet normal 0.684065 -0.729421 0
    outer loop
      vertex -136.912 32.3115 3
      vertex -137.187 32.0536 0
      vertex -136.912 32.3115 0
    endloop
  endfacet
  facet normal -0.997969 -0.0637002 0
    outer loop
      vertex -132 30 0
      vertex -132.024 30.376 3
      vertex -132.024 30.376 0
    endloop
  endfacet
  facet normal -0.997969 -0.0637002 0
    outer loop
      vertex -132.024 30.376 3
      vertex -132 30 0
      vertex -132 30 3
    endloop
  endfacet
  facet normal -0.77061 -0.637307 0
    outer loop
      vertex -132.573 31.7634 0
      vertex -132.813 32.0536 3
      vertex -132.813 32.0536 0
    endloop
  endfacet
  facet normal -0.77061 -0.637307 0
    outer loop
      vertex -132.813 32.0536 3
      vertex -132.573 31.7634 0
      vertex -132.573 31.7634 3
    endloop
  endfacet
  facet normal -0.24865 -0.968593 0
    outer loop
      vertex -134.438 32.9469 0
      vertex -134.073 32.8532 3
      vertex -134.438 32.9469 3
    endloop
  endfacet
  facet normal -0.24865 -0.968593 -0
    outer loop
      vertex -134.073 32.8532 3
      vertex -134.438 32.9469 0
      vertex -134.073 32.8532 0
    endloop
  endfacet
  facet normal -0.12521 -0.99213 0
    outer loop
      vertex -134.812 32.9941 0
      vertex -134.438 32.9469 3
      vertex -134.812 32.9941 3
    endloop
  endfacet
  facet normal -0.12521 -0.99213 -0
    outer loop
      vertex -134.438 32.9469 3
      vertex -134.812 32.9941 0
      vertex -134.438 32.9469 0
    endloop
  endfacet
  facet normal -0.481919 -0.876216 0
    outer loop
      vertex -133.723 32.7145 0
      vertex -133.393 32.533 3
      vertex -133.723 32.7145 3
    endloop
  endfacet
  facet normal -0.481919 -0.876216 -0
    outer loop
      vertex -133.393 32.533 3
      vertex -133.723 32.7145 0
      vertex -133.393 32.533 0
    endloop
  endfacet
  facet normal 0.997969 -0.0637002 0
    outer loop
      vertex -138 30 3
      vertex -137.976 30.376 0
      vertex -137.976 30.376 3
    endloop
  endfacet
  facet normal 0.997969 -0.0637002 0
    outer loop
      vertex -137.976 30.376 0
      vertex -138 30 3
      vertex -138 30 0
    endloop
  endfacet
  facet normal 0.844175 -0.536068 0
    outer loop
      vertex -137.629 31.4453 3
      vertex -137.427 31.7634 0
      vertex -137.427 31.7634 3
    endloop
  endfacet
  facet normal 0.844175 -0.536068 0
    outer loop
      vertex -137.427 31.7634 0
      vertex -137.629 31.4453 3
      vertex -137.629 31.4453 0
    endloop
  endfacet
  facet normal 0.12521 -0.99213 0
    outer loop
      vertex -135.562 32.9469 0
      vertex -135.188 32.9941 3
      vertex -135.562 32.9469 3
    endloop
  endfacet
  facet normal 0.12521 -0.99213 0
    outer loop
      vertex -135.188 32.9941 3
      vertex -135.562 32.9469 0
      vertex -135.188 32.9941 0
    endloop
  endfacet
  facet normal 0.587619 -0.809137 0
    outer loop
      vertex -136.912 32.3115 0
      vertex -136.607 32.533 3
      vertex -136.912 32.3115 3
    endloop
  endfacet
  facet normal 0.587619 -0.809137 0
    outer loop
      vertex -136.607 32.533 3
      vertex -136.912 32.3115 0
      vertex -136.607 32.533 0
    endloop
  endfacet
  facet normal 0.481919 -0.876216 0
    outer loop
      vertex -136.607 32.533 0
      vertex -136.277 32.7145 3
      vertex -136.607 32.533 3
    endloop
  endfacet
  facet normal 0.481919 -0.876216 0
    outer loop
      vertex -136.277 32.7145 3
      vertex -136.607 32.533 0
      vertex -136.277 32.7145 0
    endloop
  endfacet
  facet normal -0.997969 0.0637002 0
    outer loop
      vertex -132.024 29.624 0
      vertex -132 30 3
      vertex -132 30 0
    endloop
  endfacet
  facet normal -0.997969 0.0637002 0
    outer loop
      vertex -132 30 3
      vertex -132.024 29.624 0
      vertex -132.024 29.624 3
    endloop
  endfacet
  facet normal 0.844175 0.536068 0
    outer loop
      vertex -137.427 28.2366 3
      vertex -137.629 28.5547 0
      vertex -137.629 28.5547 3
    endloop
  endfacet
  facet normal 0.844175 0.536068 0
    outer loop
      vertex -137.629 28.5547 0
      vertex -137.427 28.2366 3
      vertex -137.427 28.2366 0
    endloop
  endfacet
  facet normal -0.481919 0.876216 0
    outer loop
      vertex -133.393 27.467 0
      vertex -133.723 27.2855 3
      vertex -133.393 27.467 3
    endloop
  endfacet
  facet normal -0.481919 0.876216 0
    outer loop
      vertex -133.723 27.2855 3
      vertex -133.393 27.467 0
      vertex -133.723 27.2855 0
    endloop
  endfacet
  facet normal -0.905252 -0.424876 0
    outer loop
      vertex -132.211 31.1044 0
      vertex -132.371 31.4453 3
      vertex -132.371 31.4453 0
    endloop
  endfacet
  facet normal -0.905252 -0.424876 0
    outer loop
      vertex -132.371 31.4453 3
      vertex -132.211 31.1044 0
      vertex -132.211 31.1044 3
    endloop
  endfacet
  facet normal -0.950602 -0.310412 0
    outer loop
      vertex -132.094 30.7461 0
      vertex -132.211 31.1044 3
      vertex -132.211 31.1044 0
    endloop
  endfacet
  facet normal -0.950602 -0.310412 0
    outer loop
      vertex -132.211 31.1044 3
      vertex -132.094 30.7461 0
      vertex -132.094 30.7461 3
    endloop
  endfacet
  facet normal -0.982579 -0.185843 0
    outer loop
      vertex -132.024 30.376 0
      vertex -132.094 30.7461 3
      vertex -132.094 30.7461 0
    endloop
  endfacet
  facet normal -0.982579 -0.185843 0
    outer loop
      vertex -132.094 30.7461 3
      vertex -132.024 30.376 0
      vertex -132.024 30.376 3
    endloop
  endfacet
  facet normal -0.905252 0.424876 0
    outer loop
      vertex -132.371 28.5547 0
      vertex -132.211 28.8956 3
      vertex -132.211 28.8956 0
    endloop
  endfacet
  facet normal -0.905252 0.424876 0
    outer loop
      vertex -132.211 28.8956 3
      vertex -132.371 28.5547 0
      vertex -132.371 28.5547 3
    endloop
  endfacet
  facet normal -0.950602 0.310412 0
    outer loop
      vertex -132.211 28.8956 0
      vertex -132.094 29.2539 3
      vertex -132.094 29.2539 0
    endloop
  endfacet
  facet normal -0.950602 0.310412 0
    outer loop
      vertex -132.094 29.2539 3
      vertex -132.211 28.8956 0
      vertex -132.211 28.8956 3
    endloop
  endfacet
  facet normal -0.844175 0.536068 0
    outer loop
      vertex -132.573 28.2366 0
      vertex -132.371 28.5547 3
      vertex -132.371 28.5547 0
    endloop
  endfacet
  facet normal -0.844175 0.536068 0
    outer loop
      vertex -132.371 28.5547 3
      vertex -132.573 28.2366 0
      vertex -132.573 28.2366 3
    endloop
  endfacet
  facet normal 0 1 -0
    outer loop
      vertex -134.812 27.0059 0
      vertex -135.188 27.0059 3
      vertex -134.812 27.0059 3
    endloop
  endfacet
  facet normal 0 1 0
    outer loop
      vertex -135.188 27.0059 3
      vertex -134.812 27.0059 0
      vertex -135.188 27.0059 0
    endloop
  endfacet
  facet normal 0.997969 0.0637002 0
    outer loop
      vertex -137.976 29.624 3
      vertex -138 30 0
      vertex -138 30 3
    endloop
  endfacet
  facet normal 0.997969 0.0637002 0
    outer loop
      vertex -138 30 0
      vertex -137.976 29.624 3
      vertex -137.976 29.624 0
    endloop
  endfacet
  facet normal 0.982579 0.185843 0
    outer loop
      vertex -137.906 29.2539 3
      vertex -137.976 29.624 0
      vertex -137.976 29.624 3
    endloop
  endfacet
  facet normal 0.982579 0.185843 0
    outer loop
      vertex -137.976 29.624 0
      vertex -137.906 29.2539 3
      vertex -137.906 29.2539 0
    endloop
  endfacet
  facet normal 0.905252 0.424876 0
    outer loop
      vertex -137.629 28.5547 3
      vertex -137.789 28.8956 0
      vertex -137.789 28.8956 3
    endloop
  endfacet
  facet normal 0.905252 0.424876 0
    outer loop
      vertex -137.789 28.8956 0
      vertex -137.629 28.5547 3
      vertex -137.629 28.5547 0
    endloop
  endfacet
  facet normal 0.684065 0.729421 -0
    outer loop
      vertex -136.912 27.6885 0
      vertex -137.187 27.9464 3
      vertex -136.912 27.6885 3
    endloop
  endfacet
  facet normal 0.684065 0.729421 0
    outer loop
      vertex -137.187 27.9464 3
      vertex -136.912 27.6885 0
      vertex -137.187 27.9464 0
    endloop
  endfacet
  facet normal -0.12521 0.99213 0
    outer loop
      vertex -134.438 27.0531 0
      vertex -134.812 27.0059 3
      vertex -134.438 27.0531 3
    endloop
  endfacet
  facet normal -0.12521 0.99213 0
    outer loop
      vertex -134.812 27.0059 3
      vertex -134.438 27.0531 0
      vertex -134.812 27.0059 0
    endloop
  endfacet
  facet normal -0.368412 0.929663 0
    outer loop
      vertex -133.723 27.2855 0
      vertex -134.073 27.1468 3
      vertex -133.723 27.2855 3
    endloop
  endfacet
  facet normal -0.368412 0.929663 0
    outer loop
      vertex -134.073 27.1468 3
      vertex -133.723 27.2855 0
      vertex -134.073 27.1468 0
    endloop
  endfacet
  facet normal -0.684065 0.729421 0
    outer loop
      vertex -132.813 27.9464 0
      vertex -133.088 27.6885 3
      vertex -132.813 27.9464 3
    endloop
  endfacet
  facet normal -0.684065 0.729421 0
    outer loop
      vertex -133.088 27.6885 3
      vertex -132.813 27.9464 0
      vertex -133.088 27.6885 0
    endloop
  endfacet
  facet normal -0.587619 0.809137 0
    outer loop
      vertex -133.088 27.6885 0
      vertex -133.393 27.467 3
      vertex -133.088 27.6885 3
    endloop
  endfacet
  facet normal -0.587619 0.809137 0
    outer loop
      vertex -133.393 27.467 3
      vertex -133.088 27.6885 0
      vertex -133.393 27.467 0
    endloop
  endfacet
  facet normal 0.587619 0.809137 -0
    outer loop
      vertex -136.607 27.467 0
      vertex -136.912 27.6885 3
      vertex -136.607 27.467 3
    endloop
  endfacet
  facet normal 0.587619 0.809137 0
    outer loop
      vertex -136.912 27.6885 3
      vertex -136.607 27.467 0
      vertex -136.912 27.6885 0
    endloop
  endfacet
  facet normal 0.368412 0.929663 -0
    outer loop
      vertex -135.927 27.1468 0
      vertex -136.277 27.2855 3
      vertex -135.927 27.1468 3
    endloop
  endfacet
  facet normal 0.368412 0.929663 0
    outer loop
      vertex -136.277 27.2855 3
      vertex -135.927 27.1468 0
      vertex -136.277 27.2855 0
    endloop
  endfacet
  facet normal 0.12521 0.99213 -0
    outer loop
      vertex -135.188 27.0059 0
      vertex -135.562 27.0531 3
      vertex -135.188 27.0059 3
    endloop
  endfacet
  facet normal 0.12521 0.99213 0
    outer loop
      vertex -135.562 27.0531 3
      vertex -135.188 27.0059 0
      vertex -135.562 27.0531 0
    endloop
  endfacet
  facet normal 0.24865 0.968593 -0
    outer loop
      vertex -135.562 27.0531 0
      vertex -135.927 27.1468 3
      vertex -135.562 27.0531 3
    endloop
  endfacet
  facet normal 0.24865 0.968593 0
    outer loop
      vertex -135.927 27.1468 3
      vertex -135.562 27.0531 0
      vertex -135.927 27.1468 0
    endloop
  endfacet
  facet normal -0.24865 0.968593 0
    outer loop
      vertex -134.073 27.1468 0
      vertex -134.438 27.0531 3
      vertex -134.073 27.1468 3
    endloop
  endfacet
  facet normal -0.24865 0.968593 0
    outer loop
      vertex -134.438 27.0531 3
      vertex -134.073 27.1468 0
      vertex -134.438 27.0531 0
    endloop
  endfacet
  facet normal -0.77061 0.637307 0
    outer loop
      vertex -132.813 27.9464 0
      vertex -132.573 28.2366 3
      vertex -132.573 28.2366 0
    endloop
  endfacet
  facet normal -0.77061 0.637307 0
    outer loop
      vertex -132.573 28.2366 3
      vertex -132.813 27.9464 0
      vertex -132.813 27.9464 3
    endloop
  endfacet
  facet normal 0.481919 0.876216 -0
    outer loop
      vertex -136.277 27.2855 0
      vertex -136.607 27.467 3
      vertex -136.277 27.2855 3
    endloop
  endfacet
  facet normal 0.481919 0.876216 0
    outer loop
      vertex -136.607 27.467 3
      vertex -136.277 27.2855 0
      vertex -136.607 27.467 0
    endloop
  endfacet
  facet normal 0.950602 0.310412 0
    outer loop
      vertex -137.789 28.8956 3
      vertex -137.906 29.2539 0
      vertex -137.906 29.2539 3
    endloop
  endfacet
  facet normal 0.950602 0.310412 0
    outer loop
      vertex -137.906 29.2539 0
      vertex -137.789 28.8956 3
      vertex -137.789 28.8956 0
    endloop
  endfacet
  facet normal 0.77061 0.637307 0
    outer loop
      vertex -137.187 27.9464 3
      vertex -137.427 28.2366 0
      vertex -137.427 28.2366 3
    endloop
  endfacet
  facet normal 0.77061 0.637307 0
    outer loop
      vertex -137.427 28.2366 0
      vertex -137.187 27.9464 3
      vertex -137.187 27.9464 0
    endloop
  endfacet
  facet normal -0.997969 -0.0637002 0
    outer loop
      vertex 138 -30 0
      vertex 137.976 -29.624 3
      vertex 137.976 -29.624 0
    endloop
  endfacet
  facet normal -0.997969 -0.0637002 0
    outer loop
      vertex 137.976 -29.624 3
      vertex 138 -30 0
      vertex 138 -30 3
    endloop
  endfacet
  facet normal 0.12521 -0.99213 0
    outer loop
      vertex 134.438 -27.0531 0
      vertex 134.812 -27.0059 3
      vertex 134.438 -27.0531 3
    endloop
  endfacet
  facet normal 0.12521 -0.99213 0
    outer loop
      vertex 134.812 -27.0059 3
      vertex 134.438 -27.0531 0
      vertex 134.812 -27.0059 0
    endloop
  endfacet
  facet normal -0.12521 0.99213 0
    outer loop
      vertex 135.562 -32.9469 0
      vertex 135.188 -32.9941 3
      vertex 135.562 -32.9469 3
    endloop
  endfacet
  facet normal -0.12521 0.99213 0
    outer loop
      vertex 135.188 -32.9941 3
      vertex 135.562 -32.9469 0
      vertex 135.188 -32.9941 0
    endloop
  endfacet
  facet normal -0.77061 0.637307 0
    outer loop
      vertex 137.187 -32.0536 0
      vertex 137.427 -31.7634 3
      vertex 137.427 -31.7634 0
    endloop
  endfacet
  facet normal -0.77061 0.637307 0
    outer loop
      vertex 137.427 -31.7634 3
      vertex 137.187 -32.0536 0
      vertex 137.187 -32.0536 3
    endloop
  endfacet
  facet normal -0.684065 -0.729421 0
    outer loop
      vertex 136.912 -27.6885 0
      vertex 137.187 -27.9464 3
      vertex 136.912 -27.6885 3
    endloop
  endfacet
  facet normal -0.684065 -0.729421 -0
    outer loop
      vertex 137.187 -27.9464 3
      vertex 136.912 -27.6885 0
      vertex 137.187 -27.9464 0
    endloop
  endfacet
  facet normal 0.77061 -0.637307 0
    outer loop
      vertex 132.573 -28.2366 3
      vertex 132.813 -27.9464 0
      vertex 132.813 -27.9464 3
    endloop
  endfacet
  facet normal 0.77061 -0.637307 0
    outer loop
      vertex 132.813 -27.9464 0
      vertex 132.573 -28.2366 3
      vertex 132.573 -28.2366 0
    endloop
  endfacet
  facet normal 0.481919 -0.876216 0
    outer loop
      vertex 133.393 -27.467 0
      vertex 133.723 -27.2855 3
      vertex 133.393 -27.467 3
    endloop
  endfacet
  facet normal 0.481919 -0.876216 0
    outer loop
      vertex 133.723 -27.2855 3
      vertex 133.393 -27.467 0
      vertex 133.723 -27.2855 0
    endloop
  endfacet
  facet normal -0.950602 0.310412 0
    outer loop
      vertex 137.789 -31.1044 0
      vertex 137.906 -30.7461 3
      vertex 137.906 -30.7461 0
    endloop
  endfacet
  facet normal -0.950602 0.310412 0
    outer loop
      vertex 137.906 -30.7461 3
      vertex 137.789 -31.1044 0
      vertex 137.789 -31.1044 3
    endloop
  endfacet
  facet normal -0.905252 -0.424876 0
    outer loop
      vertex 137.789 -28.8956 0
      vertex 137.629 -28.5547 3
      vertex 137.629 -28.5547 0
    endloop
  endfacet
  facet normal -0.905252 -0.424876 0
    outer loop
      vertex 137.629 -28.5547 3
      vertex 137.789 -28.8956 0
      vertex 137.789 -28.8956 3
    endloop
  endfacet
  facet normal -0.982579 -0.185843 0
    outer loop
      vertex 137.976 -29.624 0
      vertex 137.906 -29.2539 3
      vertex 137.906 -29.2539 0
    endloop
  endfacet
  facet normal -0.982579 -0.185843 0
    outer loop
      vertex 137.906 -29.2539 3
      vertex 137.976 -29.624 0
      vertex 137.976 -29.624 3
    endloop
  endfacet
  facet normal -0.368412 -0.929663 0
    outer loop
      vertex 135.927 -27.1468 0
      vertex 136.277 -27.2855 3
      vertex 135.927 -27.1468 3
    endloop
  endfacet
  facet normal -0.368412 -0.929663 -0
    outer loop
      vertex 136.277 -27.2855 3
      vertex 135.927 -27.1468 0
      vertex 136.277 -27.2855 0
    endloop
  endfacet
  facet normal -0.587619 -0.809137 0
    outer loop
      vertex 136.607 -27.467 0
      vertex 136.912 -27.6885 3
      vertex 136.607 -27.467 3
    endloop
  endfacet
  facet normal -0.587619 -0.809137 -0
    outer loop
      vertex 136.912 -27.6885 3
      vertex 136.607 -27.467 0
      vertex 136.912 -27.6885 0
    endloop
  endfacet
  facet normal 0.950602 -0.310412 0
    outer loop
      vertex 132.094 -29.2539 3
      vertex 132.211 -28.8956 0
      vertex 132.211 -28.8956 3
    endloop
  endfacet
  facet normal 0.950602 -0.310412 0
    outer loop
      vertex 132.211 -28.8956 0
      vertex 132.094 -29.2539 3
      vertex 132.094 -29.2539 0
    endloop
  endfacet
  facet normal 0.844175 -0.536068 0
    outer loop
      vertex 132.371 -28.5547 3
      vertex 132.573 -28.2366 0
      vertex 132.573 -28.2366 3
    endloop
  endfacet
  facet normal 0.844175 -0.536068 0
    outer loop
      vertex 132.573 -28.2366 0
      vertex 132.371 -28.5547 3
      vertex 132.371 -28.5547 0
    endloop
  endfacet
  facet normal 0.587619 -0.809137 0
    outer loop
      vertex 133.088 -27.6885 0
      vertex 133.393 -27.467 3
      vertex 133.088 -27.6885 3
    endloop
  endfacet
  facet normal 0.587619 -0.809137 0
    outer loop
      vertex 133.393 -27.467 3
      vertex 133.088 -27.6885 0
      vertex 133.393 -27.467 0
    endloop
  endfacet
  facet normal 0.24865 -0.968593 0
    outer loop
      vertex 134.073 -27.1468 0
      vertex 134.438 -27.0531 3
      vertex 134.073 -27.1468 3
    endloop
  endfacet
  facet normal 0.24865 -0.968593 0
    outer loop
      vertex 134.438 -27.0531 3
      vertex 134.073 -27.1468 0
      vertex 134.438 -27.0531 0
    endloop
  endfacet
  facet normal -0.24865 0.968593 0
    outer loop
      vertex 135.927 -32.8532 0
      vertex 135.562 -32.9469 3
      vertex 135.927 -32.8532 3
    endloop
  endfacet
  facet normal -0.24865 0.968593 0
    outer loop
      vertex 135.562 -32.9469 3
      vertex 135.927 -32.8532 0
      vertex 135.562 -32.9469 0
    endloop
  endfacet
  facet normal -0.481919 0.876216 0
    outer loop
      vertex 136.607 -32.533 0
      vertex 136.277 -32.7145 3
      vertex 136.607 -32.533 3
    endloop
  endfacet
  facet normal -0.481919 0.876216 0
    outer loop
      vertex 136.277 -32.7145 3
      vertex 136.607 -32.533 0
      vertex 136.277 -32.7145 0
    endloop
  endfacet
  facet normal -0.950602 -0.310412 0
    outer loop
      vertex 137.906 -29.2539 0
      vertex 137.789 -28.8956 3
      vertex 137.789 -28.8956 0
    endloop
  endfacet
  facet normal -0.950602 -0.310412 0
    outer loop
      vertex 137.789 -28.8956 3
      vertex 137.906 -29.2539 0
      vertex 137.906 -29.2539 3
    endloop
  endfacet
  facet normal -0.77061 -0.637307 0
    outer loop
      vertex 137.427 -28.2366 0
      vertex 137.187 -27.9464 3
      vertex 137.187 -27.9464 0
    endloop
  endfacet
  facet normal -0.77061 -0.637307 0
    outer loop
      vertex 137.187 -27.9464 3
      vertex 137.427 -28.2366 0
      vertex 137.427 -28.2366 3
    endloop
  endfacet
  facet normal -0.844175 -0.536068 0
    outer loop
      vertex 137.629 -28.5547 0
      vertex 137.427 -28.2366 3
      vertex 137.427 -28.2366 0
    endloop
  endfacet
  facet normal -0.844175 -0.536068 0
    outer loop
      vertex 137.427 -28.2366 3
      vertex 137.629 -28.5547 0
      vertex 137.629 -28.5547 3
    endloop
  endfacet
  facet normal -0.12521 -0.99213 0
    outer loop
      vertex 135.188 -27.0059 0
      vertex 135.562 -27.0531 3
      vertex 135.188 -27.0059 3
    endloop
  endfacet
  facet normal -0.12521 -0.99213 -0
    outer loop
      vertex 135.562 -27.0531 3
      vertex 135.188 -27.0059 0
      vertex 135.562 -27.0531 0
    endloop
  endfacet
  facet normal -0.24865 -0.968593 0
    outer loop
      vertex 135.562 -27.0531 0
      vertex 135.927 -27.1468 3
      vertex 135.562 -27.0531 3
    endloop
  endfacet
  facet normal -0.24865 -0.968593 -0
    outer loop
      vertex 135.927 -27.1468 3
      vertex 135.562 -27.0531 0
      vertex 135.927 -27.1468 0
    endloop
  endfacet
  facet normal 0 -1 0
    outer loop
      vertex 134.812 -27.0059 0
      vertex 135.188 -27.0059 3
      vertex 134.812 -27.0059 3
    endloop
  endfacet
  facet normal 0 -1 -0
    outer loop
      vertex 135.188 -27.0059 3
      vertex 134.812 -27.0059 0
      vertex 135.188 -27.0059 0
    endloop
  endfacet
  facet normal -0.481919 -0.876216 0
    outer loop
      vertex 136.277 -27.2855 0
      vertex 136.607 -27.467 3
      vertex 136.277 -27.2855 3
    endloop
  endfacet
  facet normal -0.481919 -0.876216 -0
    outer loop
      vertex 136.607 -27.467 3
      vertex 136.277 -27.2855 0
      vertex 136.607 -27.467 0
    endloop
  endfacet
  facet normal 0.905252 -0.424876 0
    outer loop
      vertex 132.211 -28.8956 3
      vertex 132.371 -28.5547 0
      vertex 132.371 -28.5547 3
    endloop
  endfacet
  facet normal 0.905252 -0.424876 0
    outer loop
      vertex 132.371 -28.5547 0
      vertex 132.211 -28.8956 3
      vertex 132.211 -28.8956 0
    endloop
  endfacet
  facet normal 0.982579 -0.185843 0
    outer loop
      vertex 132.024 -29.624 3
      vertex 132.094 -29.2539 0
      vertex 132.094 -29.2539 3
    endloop
  endfacet
  facet normal 0.982579 -0.185843 0
    outer loop
      vertex 132.094 -29.2539 0
      vertex 132.024 -29.624 3
      vertex 132.024 -29.624 0
    endloop
  endfacet
  facet normal 0.997969 -0.0637002 0
    outer loop
      vertex 132 -30 3
      vertex 132.024 -29.624 0
      vertex 132.024 -29.624 3
    endloop
  endfacet
  facet normal 0.997969 -0.0637002 0
    outer loop
      vertex 132.024 -29.624 0
      vertex 132 -30 3
      vertex 132 -30 0
    endloop
  endfacet
  facet normal 0.997969 0.0637002 0
    outer loop
      vertex 132.024 -30.376 3
      vertex 132 -30 0
      vertex 132 -30 3
    endloop
  endfacet
  facet normal 0.997969 0.0637002 0
    outer loop
      vertex 132 -30 0
      vertex 132.024 -30.376 3
      vertex 132.024 -30.376 0
    endloop
  endfacet
  facet normal 0.684065 -0.729421 0
    outer loop
      vertex 132.813 -27.9464 0
      vertex 133.088 -27.6885 3
      vertex 132.813 -27.9464 3
    endloop
  endfacet
  facet normal 0.684065 -0.729421 0
    outer loop
      vertex 133.088 -27.6885 3
      vertex 132.813 -27.9464 0
      vertex 133.088 -27.6885 0
    endloop
  endfacet
  facet normal 0.368412 -0.929663 0
    outer loop
      vertex 133.723 -27.2855 0
      vertex 134.073 -27.1468 3
      vertex 133.723 -27.2855 3
    endloop
  endfacet
  facet normal 0.368412 -0.929663 0
    outer loop
      vertex 134.073 -27.1468 3
      vertex 133.723 -27.2855 0
      vertex 134.073 -27.1468 0
    endloop
  endfacet
  facet normal -0.997969 0.0637002 0
    outer loop
      vertex 137.976 -30.376 0
      vertex 138 -30 3
      vertex 138 -30 0
    endloop
  endfacet
  facet normal -0.997969 0.0637002 0
    outer loop
      vertex 138 -30 3
      vertex 137.976 -30.376 0
      vertex 137.976 -30.376 3
    endloop
  endfacet
  facet normal -0.844175 0.536068 0
    outer loop
      vertex 137.427 -31.7634 0
      vertex 137.629 -31.4453 3
      vertex 137.629 -31.4453 0
    endloop
  endfacet
  facet normal -0.844175 0.536068 0
    outer loop
      vertex 137.629 -31.4453 3
      vertex 137.427 -31.7634 0
      vertex 137.427 -31.7634 3
    endloop
  endfacet
  facet normal -0.982579 0.185843 0
    outer loop
      vertex 137.906 -30.7461 0
      vertex 137.976 -30.376 3
      vertex 137.976 -30.376 0
    endloop
  endfacet
  facet normal -0.982579 0.185843 0
    outer loop
      vertex 137.976 -30.376 3
      vertex 137.906 -30.7461 0
      vertex 137.906 -30.7461 3
    endloop
  endfacet
  facet normal 0.587619 0.809137 -0
    outer loop
      vertex 133.393 -32.533 0
      vertex 133.088 -32.3115 3
      vertex 133.393 -32.533 3
    endloop
  endfacet
  facet normal 0.587619 0.809137 0
    outer loop
      vertex 133.088 -32.3115 3
      vertex 133.393 -32.533 0
      vertex 133.088 -32.3115 0
    endloop
  endfacet
  facet normal 0.844175 0.536068 0
    outer loop
      vertex 132.573 -31.7634 3
      vertex 132.371 -31.4453 0
      vertex 132.371 -31.4453 3
    endloop
  endfacet
  facet normal 0.844175 0.536068 0
    outer loop
      vertex 132.371 -31.4453 0
      vertex 132.573 -31.7634 3
      vertex 132.573 -31.7634 0
    endloop
  endfacet
  facet normal 0.684065 0.729421 -0
    outer loop
      vertex 133.088 -32.3115 0
      vertex 132.813 -32.0536 3
      vertex 133.088 -32.3115 3
    endloop
  endfacet
  facet normal 0.684065 0.729421 0
    outer loop
      vertex 132.813 -32.0536 3
      vertex 133.088 -32.3115 0
      vertex 132.813 -32.0536 0
    endloop
  endfacet
  facet normal -0.587619 0.809137 0
    outer loop
      vertex 136.912 -32.3115 0
      vertex 136.607 -32.533 3
      vertex 136.912 -32.3115 3
    endloop
  endfacet
  facet normal -0.587619 0.809137 0
    outer loop
      vertex 136.607 -32.533 3
      vertex 136.912 -32.3115 0
      vertex 136.607 -32.533 0
    endloop
  endfacet
  facet normal -0.905252 0.424876 0
    outer loop
      vertex 137.629 -31.4453 0
      vertex 137.789 -31.1044 3
      vertex 137.789 -31.1044 0
    endloop
  endfacet
  facet normal -0.905252 0.424876 0
    outer loop
      vertex 137.789 -31.1044 3
      vertex 137.629 -31.4453 0
      vertex 137.629 -31.4453 3
    endloop
  endfacet
  facet normal 0.950602 0.310412 0
    outer loop
      vertex 132.211 -31.1044 3
      vertex 132.094 -30.7461 0
      vertex 132.094 -30.7461 3
    endloop
  endfacet
  facet normal 0.950602 0.310412 0
    outer loop
      vertex 132.094 -30.7461 0
      vertex 132.211 -31.1044 3
      vertex 132.211 -31.1044 0
    endloop
  endfacet
  facet normal 0.982579 0.185843 0
    outer loop
      vertex 132.094 -30.7461 3
      vertex 132.024 -30.376 0
      vertex 132.024 -30.376 3
    endloop
  endfacet
  facet normal 0.982579 0.185843 0
    outer loop
      vertex 132.024 -30.376 0
      vertex 132.094 -30.7461 3
      vertex 132.094 -30.7461 0
    endloop
  endfacet
  facet normal 0.905252 0.424876 0
    outer loop
      vertex 132.371 -31.4453 3
      vertex 132.211 -31.1044 0
      vertex 132.211 -31.1044 3
    endloop
  endfacet
  facet normal 0.905252 0.424876 0
    outer loop
      vertex 132.211 -31.1044 0
      vertex 132.371 -31.4453 3
      vertex 132.371 -31.4453 0
    endloop
  endfacet
  facet normal -0.684065 0.729421 0
    outer loop
      vertex 137.187 -32.0536 0
      vertex 136.912 -32.3115 3
      vertex 137.187 -32.0536 3
    endloop
  endfacet
  facet normal -0.684065 0.729421 0
    outer loop
      vertex 136.912 -32.3115 3
      vertex 137.187 -32.0536 0
      vertex 136.912 -32.3115 0
    endloop
  endfacet
  facet normal -0.368412 0.929663 0
    outer loop
      vertex 136.277 -32.7145 0
      vertex 135.927 -32.8532 3
      vertex 136.277 -32.7145 3
    endloop
  endfacet
  facet normal -0.368412 0.929663 0
    outer loop
      vertex 135.927 -32.8532 3
      vertex 136.277 -32.7145 0
      vertex 135.927 -32.8532 0
    endloop
  endfacet
  facet normal 0 1 -0
    outer loop
      vertex 135.188 -32.9941 0
      vertex 134.812 -32.9941 3
      vertex 135.188 -32.9941 3
    endloop
  endfacet
  facet normal 0 1 0
    outer loop
      vertex 134.812 -32.9941 3
      vertex 135.188 -32.9941 0
      vertex 134.812 -32.9941 0
    endloop
  endfacet
  facet normal 0.481919 0.876216 -0
    outer loop
      vertex 133.723 -32.7145 0
      vertex 133.393 -32.533 3
      vertex 133.723 -32.7145 3
    endloop
  endfacet
  facet normal 0.481919 0.876216 0
    outer loop
      vertex 133.393 -32.533 3
      vertex 133.723 -32.7145 0
      vertex 133.393 -32.533 0
    endloop
  endfacet
  facet normal 0.77061 0.637307 0
    outer loop
      vertex 132.813 -32.0536 3
      vertex 132.573 -31.7634 0
      vertex 132.573 -31.7634 3
    endloop
  endfacet
  facet normal 0.77061 0.637307 0
    outer loop
      vertex 132.573 -31.7634 0
      vertex 132.813 -32.0536 3
      vertex 132.813 -32.0536 0
    endloop
  endfacet
  facet normal 0.12521 0.99213 -0
    outer loop
      vertex 134.812 -32.9941 0
      vertex 134.438 -32.9469 3
      vertex 134.812 -32.9941 3
    endloop
  endfacet
  facet normal 0.12521 0.99213 0
    outer loop
      vertex 134.438 -32.9469 3
      vertex 134.812 -32.9941 0
      vertex 134.438 -32.9469 0
    endloop
  endfacet
  facet normal 0.24865 0.968593 -0
    outer loop
      vertex 134.438 -32.9469 0
      vertex 134.073 -32.8532 3
      vertex 134.438 -32.9469 3
    endloop
  endfacet
  facet normal 0.24865 0.968593 0
    outer loop
      vertex 134.073 -32.8532 3
      vertex 134.438 -32.9469 0
      vertex 134.073 -32.8532 0
    endloop
  endfacet
  facet normal 0.368412 0.929663 -0
    outer loop
      vertex 134.073 -32.8532 0
      vertex 133.723 -32.7145 3
      vertex 134.073 -32.8532 3
    endloop
  endfacet
  facet normal 0.368412 0.929663 0
    outer loop
      vertex 133.723 -32.7145 3
      vertex 134.073 -32.8532 0
      vertex 133.723 -32.7145 0
    endloop
  endfacet
  facet normal -0.997969 -0.0637002 0
    outer loop
      vertex 138 30 0
      vertex 137.976 30.376 3
      vertex 137.976 30.376 0
    endloop
  endfacet
  facet normal -0.997969 -0.0637002 0
    outer loop
      vertex 137.976 30.376 3
      vertex 138 30 0
      vertex 138 30 3
    endloop
  endfacet
  facet normal 0.12521 -0.99213 0
    outer loop
      vertex 134.438 32.9469 0
      vertex 134.812 32.9941 3
      vertex 134.438 32.9469 3
    endloop
  endfacet
  facet normal 0.12521 -0.99213 0
    outer loop
      vertex 134.812 32.9941 3
      vertex 134.438 32.9469 0
      vertex 134.812 32.9941 0
    endloop
  endfacet
  facet normal -0.12521 0.99213 0
    outer loop
      vertex 135.562 27.0531 0
      vertex 135.188 27.0059 3
      vertex 135.562 27.0531 3
    endloop
  endfacet
  facet normal -0.12521 0.99213 0
    outer loop
      vertex 135.188 27.0059 3
      vertex 135.562 27.0531 0
      vertex 135.188 27.0059 0
    endloop
  endfacet
  facet normal -0.684065 -0.729421 0
    outer loop
      vertex 136.912 32.3115 0
      vertex 137.187 32.0536 3
      vertex 136.912 32.3115 3
    endloop
  endfacet
  facet normal -0.684065 -0.729421 -0
    outer loop
      vertex 137.187 32.0536 3
      vertex 136.912 32.3115 0
      vertex 137.187 32.0536 0
    endloop
  endfacet
  facet normal 0.77061 -0.637307 0
    outer loop
      vertex 132.573 31.7634 3
      vertex 132.813 32.0536 0
      vertex 132.813 32.0536 3
    endloop
  endfacet
  facet normal 0.77061 -0.637307 0
    outer loop
      vertex 132.813 32.0536 0
      vertex 132.573 31.7634 3
      vertex 132.573 31.7634 0
    endloop
  endfacet
  facet normal 0.481919 -0.876216 0
    outer loop
      vertex 133.393 32.533 0
      vertex 133.723 32.7145 3
      vertex 133.393 32.533 3
    endloop
  endfacet
  facet normal 0.481919 -0.876216 0
    outer loop
      vertex 133.723 32.7145 3
      vertex 133.393 32.533 0
      vertex 133.723 32.7145 0
    endloop
  endfacet
  facet normal -0.905252 -0.424876 0
    outer loop
      vertex 137.789 31.1044 0
      vertex 137.629 31.4453 3
      vertex 137.629 31.4453 0
    endloop
  endfacet
  facet normal -0.905252 -0.424876 0
    outer loop
      vertex 137.629 31.4453 3
      vertex 137.789 31.1044 0
      vertex 137.789 31.1044 3
    endloop
  endfacet
  facet normal -0.982579 -0.185843 0
    outer loop
      vertex 137.976 30.376 0
      vertex 137.906 30.7461 3
      vertex 137.906 30.7461 0
    endloop
  endfacet
  facet normal -0.982579 -0.185843 0
    outer loop
      vertex 137.906 30.7461 3
      vertex 137.976 30.376 0
      vertex 137.976 30.376 3
    endloop
  endfacet
  facet normal -0.368412 -0.929663 0
    outer loop
      vertex 135.927 32.8532 0
      vertex 136.277 32.7145 3
      vertex 135.927 32.8532 3
    endloop
  endfacet
  facet normal -0.368412 -0.929663 -0
    outer loop
      vertex 136.277 32.7145 3
      vertex 135.927 32.8532 0
      vertex 136.277 32.7145 0
    endloop
  endfacet
  facet normal -0.587619 -0.809137 0
    outer loop
      vertex 136.607 32.533 0
      vertex 136.912 32.3115 3
      vertex 136.607 32.533 3
    endloop
  endfacet
  facet normal -0.587619 -0.809137 -0
    outer loop
      vertex 136.912 32.3115 3
      vertex 136.607 32.533 0
      vertex 136.912 32.3115 0
    endloop
  endfacet
  facet normal 0.905252 -0.424876 0
    outer loop
      vertex 132.211 31.1044 3
      vertex 132.371 31.4453 0
      vertex 132.371 31.4453 3
    endloop
  endfacet
  facet normal 0.905252 -0.424876 0
    outer loop
      vertex 132.371 31.4453 0
      vertex 132.211 31.1044 3
      vertex 132.211 31.1044 0
    endloop
  endfacet
  facet normal 0.844175 -0.536068 0
    outer loop
      vertex 132.371 31.4453 3
      vertex 132.573 31.7634 0
      vertex 132.573 31.7634 3
    endloop
  endfacet
  facet normal 0.844175 -0.536068 0
    outer loop
      vertex 132.573 31.7634 0
      vertex 132.371 31.4453 3
      vertex 132.371 31.4453 0
    endloop
  endfacet
  facet normal 0.587619 -0.809137 0
    outer loop
      vertex 133.088 32.3115 0
      vertex 133.393 32.533 3
      vertex 133.088 32.3115 3
    endloop
  endfacet
  facet normal 0.587619 -0.809137 0
    outer loop
      vertex 133.393 32.533 3
      vertex 133.088 32.3115 0
      vertex 133.393 32.533 0
    endloop
  endfacet
  facet normal 0.24865 -0.968593 0
    outer loop
      vertex 134.073 32.8532 0
      vertex 134.438 32.9469 3
      vertex 134.073 32.8532 3
    endloop
  endfacet
  facet normal 0.24865 -0.968593 0
    outer loop
      vertex 134.438 32.9469 3
      vertex 134.073 32.8532 0
      vertex 134.438 32.9469 0
    endloop
  endfacet
  facet normal -0.24865 0.968593 0
    outer loop
      vertex 135.927 27.1468 0
      vertex 135.562 27.0531 3
      vertex 135.927 27.1468 3
    endloop
  endfacet
  facet normal -0.24865 0.968593 0
    outer loop
      vertex 135.562 27.0531 3
      vertex 135.927 27.1468 0
      vertex 135.562 27.0531 0
    endloop
  endfacet
  facet normal -0.950602 -0.310412 0
    outer loop
      vertex 137.906 30.7461 0
      vertex 137.789 31.1044 3
      vertex 137.789 31.1044 0
    endloop
  endfacet
  facet normal -0.950602 -0.310412 0
    outer loop
      vertex 137.789 31.1044 3
      vertex 137.906 30.7461 0
      vertex 137.906 30.7461 3
    endloop
  endfacet
  facet normal -0.77061 -0.637307 0
    outer loop
      vertex 137.427 31.7634 0
      vertex 137.187 32.0536 3
      vertex 137.187 32.0536 0
    endloop
  endfacet
  facet normal -0.77061 -0.637307 0
    outer loop
      vertex 137.187 32.0536 3
      vertex 137.427 31.7634 0
      vertex 137.427 31.7634 3
    endloop
  endfacet
  facet normal -0.844175 -0.536068 0
    outer loop
      vertex 137.629 31.4453 0
      vertex 137.427 31.7634 3
      vertex 137.427 31.7634 0
    endloop
  endfacet
  facet normal -0.844175 -0.536068 0
    outer loop
      vertex 137.427 31.7634 3
      vertex 137.629 31.4453 0
      vertex 137.629 31.4453 3
    endloop
  endfacet
  facet normal -0.12521 -0.99213 0
    outer loop
      vertex 135.188 32.9941 0
      vertex 135.562 32.9469 3
      vertex 135.188 32.9941 3
    endloop
  endfacet
  facet normal -0.12521 -0.99213 -0
    outer loop
      vertex 135.562 32.9469 3
      vertex 135.188 32.9941 0
      vertex 135.562 32.9469 0
    endloop
  endfacet
  facet normal -0.24865 -0.968593 0
    outer loop
      vertex 135.562 32.9469 0
      vertex 135.927 32.8532 3
      vertex 135.562 32.9469 3
    endloop
  endfacet
  facet normal -0.24865 -0.968593 -0
    outer loop
      vertex 135.927 32.8532 3
      vertex 135.562 32.9469 0
      vertex 135.927 32.8532 0
    endloop
  endfacet
  facet normal 0 -1 0
    outer loop
      vertex 134.812 32.9941 0
      vertex 135.188 32.9941 3
      vertex 134.812 32.9941 3
    endloop
  endfacet
  facet normal 0 -1 -0
    outer loop
      vertex 135.188 32.9941 3
      vertex 134.812 32.9941 0
      vertex 135.188 32.9941 0
    endloop
  endfacet
  facet normal 0.950602 -0.310412 0
    outer loop
      vertex 132.094 30.7461 3
      vertex 132.211 31.1044 0
      vertex 132.211 31.1044 3
    endloop
  endfacet
  facet normal 0.950602 -0.310412 0
    outer loop
      vertex 132.211 31.1044 0
      vertex 132.094 30.7461 3
      vertex 132.094 30.7461 0
    endloop
  endfacet
  facet normal 0.997969 -0.0637002 0
    outer loop
      vertex 132 30 3
      vertex 132.024 30.376 0
      vertex 132.024 30.376 3
    endloop
  endfacet
  facet normal 0.997969 -0.0637002 0
    outer loop
      vertex 132.024 30.376 0
      vertex 132 30 3
      vertex 132 30 0
    endloop
  endfacet
  facet normal 0.997969 0.0637002 0
    outer loop
      vertex 132.024 29.624 3
      vertex 132 30 0
      vertex 132 30 3
    endloop
  endfacet
  facet normal 0.997969 0.0637002 0
    outer loop
      vertex 132 30 0
      vertex 132.024 29.624 3
      vertex 132.024 29.624 0
    endloop
  endfacet
  facet normal -0.997969 0.0637002 0
    outer loop
      vertex 137.976 29.624 0
      vertex 138 30 3
      vertex 138 30 0
    endloop
  endfacet
  facet normal -0.997969 0.0637002 0
    outer loop
      vertex 138 30 3
      vertex 137.976 29.624 0
      vertex 137.976 29.624 3
    endloop
  endfacet
  facet normal -0.844175 0.536068 0
    outer loop
      vertex 137.427 28.2366 0
      vertex 137.629 28.5547 3
      vertex 137.629 28.5547 0
    endloop
  endfacet
  facet normal -0.844175 0.536068 0
    outer loop
      vertex 137.629 28.5547 3
      vertex 137.427 28.2366 0
      vertex 137.427 28.2366 3
    endloop
  endfacet
  facet normal -0.982579 0.185843 0
    outer loop
      vertex 137.906 29.2539 0
      vertex 137.976 29.624 3
      vertex 137.976 29.624 0
    endloop
  endfacet
  facet normal -0.982579 0.185843 0
    outer loop
      vertex 137.976 29.624 3
      vertex 137.906 29.2539 0
      vertex 137.906 29.2539 3
    endloop
  endfacet
  facet normal -0.587619 0.809137 0
    outer loop
      vertex 136.912 27.6885 0
      vertex 136.607 27.467 3
      vertex 136.912 27.6885 3
    endloop
  endfacet
  facet normal -0.587619 0.809137 0
    outer loop
      vertex 136.607 27.467 3
      vertex 136.912 27.6885 0
      vertex 136.607 27.467 0
    endloop
  endfacet
  facet normal -0.481919 0.876216 0
    outer loop
      vertex 136.607 27.467 0
      vertex 136.277 27.2855 3
      vertex 136.607 27.467 3
    endloop
  endfacet
  facet normal -0.481919 0.876216 0
    outer loop
      vertex 136.277 27.2855 3
      vertex 136.607 27.467 0
      vertex 136.277 27.2855 0
    endloop
  endfacet
  facet normal -0.481919 -0.876216 0
    outer loop
      vertex 136.277 32.7145 0
      vertex 136.607 32.533 3
      vertex 136.277 32.7145 3
    endloop
  endfacet
  facet normal -0.481919 -0.876216 -0
    outer loop
      vertex 136.607 32.533 3
      vertex 136.277 32.7145 0
      vertex 136.607 32.533 0
    endloop
  endfacet
  facet normal 0.982579 -0.185843 0
    outer loop
      vertex 132.024 30.376 3
      vertex 132.094 30.7461 0
      vertex 132.094 30.7461 3
    endloop
  endfacet
  facet normal 0.982579 -0.185843 0
    outer loop
      vertex 132.094 30.7461 0
      vertex 132.024 30.376 3
      vertex 132.024 30.376 0
    endloop
  endfacet
  facet normal 0.684065 -0.729421 0
    outer loop
      vertex 132.813 32.0536 0
      vertex 133.088 32.3115 3
      vertex 132.813 32.0536 3
    endloop
  endfacet
  facet normal 0.684065 -0.729421 0
    outer loop
      vertex 133.088 32.3115 3
      vertex 132.813 32.0536 0
      vertex 133.088 32.3115 0
    endloop
  endfacet
  facet normal 0.368412 -0.929663 0
    outer loop
      vertex 133.723 32.7145 0
      vertex 134.073 32.8532 3
      vertex 133.723 32.7145 3
    endloop
  endfacet
  facet normal 0.368412 -0.929663 0
    outer loop
      vertex 134.073 32.8532 3
      vertex 133.723 32.7145 0
      vertex 134.073 32.8532 0
    endloop
  endfacet
  facet normal -0.950602 0.310412 0
    outer loop
      vertex 137.789 28.8956 0
      vertex 137.906 29.2539 3
      vertex 137.906 29.2539 0
    endloop
  endfacet
  facet normal -0.950602 0.310412 0
    outer loop
      vertex 137.906 29.2539 3
      vertex 137.789 28.8956 0
      vertex 137.789 28.8956 3
    endloop
  endfacet
  facet normal -0.905252 0.424876 0
    outer loop
      vertex 137.629 28.5547 0
      vertex 137.789 28.8956 3
      vertex 137.789 28.8956 0
    endloop
  endfacet
  facet normal -0.905252 0.424876 0
    outer loop
      vertex 137.789 28.8956 3
      vertex 137.629 28.5547 0
      vertex 137.629 28.5547 3
    endloop
  endfacet
  facet normal 0.368412 0.929663 -0
    outer loop
      vertex 134.073 27.1468 0
      vertex 133.723 27.2855 3
      vertex 134.073 27.1468 3
    endloop
  endfacet
  facet normal 0.368412 0.929663 0
    outer loop
      vertex 133.723 27.2855 3
      vertex 134.073 27.1468 0
      vertex 133.723 27.2855 0
    endloop
  endfacet
  facet normal 0.24865 0.968593 -0
    outer loop
      vertex 134.438 27.0531 0
      vertex 134.073 27.1468 3
      vertex 134.438 27.0531 3
    endloop
  endfacet
  facet normal 0.24865 0.968593 0
    outer loop
      vertex 134.073 27.1468 3
      vertex 134.438 27.0531 0
      vertex 134.073 27.1468 0
    endloop
  endfacet
  facet normal 0.587619 0.809137 -0
    outer loop
      vertex 133.393 27.467 0
      vertex 133.088 27.6885 3
      vertex 133.393 27.467 3
    endloop
  endfacet
  facet normal 0.587619 0.809137 0
    outer loop
      vertex 133.088 27.6885 3
      vertex 133.393 27.467 0
      vertex 133.088 27.6885 0
    endloop
  endfacet
  facet normal 0.684065 0.729421 -0
    outer loop
      vertex 133.088 27.6885 0
      vertex 132.813 27.9464 3
      vertex 133.088 27.6885 3
    endloop
  endfacet
  facet normal 0.684065 0.729421 0
    outer loop
      vertex 132.813 27.9464 3
      vertex 133.088 27.6885 0
      vertex 132.813 27.9464 0
    endloop
  endfacet
  facet normal 0.844175 0.536068 0
    outer loop
      vertex 132.573 28.2366 3
      vertex 132.371 28.5547 0
      vertex 132.371 28.5547 3
    endloop
  endfacet
  facet normal 0.844175 0.536068 0
    outer loop
      vertex 132.371 28.5547 0
      vertex 132.573 28.2366 3
      vertex 132.573 28.2366 0
    endloop
  endfacet
  facet normal 0.982579 0.185843 0
    outer loop
      vertex 132.094 29.2539 3
      vertex 132.024 29.624 0
      vertex 132.024 29.624 3
    endloop
  endfacet
  facet normal 0.982579 0.185843 0
    outer loop
      vertex 132.024 29.624 0
      vertex 132.094 29.2539 3
      vertex 132.094 29.2539 0
    endloop
  endfacet
  facet normal 0.950602 0.310412 0
    outer loop
      vertex 132.211 28.8956 3
      vertex 132.094 29.2539 0
      vertex 132.094 29.2539 3
    endloop
  endfacet
  facet normal 0.950602 0.310412 0
    outer loop
      vertex 132.094 29.2539 0
      vertex 132.211 28.8956 3
      vertex 132.211 28.8956 0
    endloop
  endfacet
  facet normal 0.905252 0.424876 0
    outer loop
      vertex 132.371 28.5547 3
      vertex 132.211 28.8956 0
      vertex 132.211 28.8956 3
    endloop
  endfacet
  facet normal 0.905252 0.424876 0
    outer loop
      vertex 132.211 28.8956 0
      vertex 132.371 28.5547 3
      vertex 132.371 28.5547 0
    endloop
  endfacet
  facet normal -0.684065 0.729421 0
    outer loop
      vertex 137.187 27.9464 0
      vertex 136.912 27.6885 3
      vertex 137.187 27.9464 3
    endloop
  endfacet
  facet normal -0.684065 0.729421 0
    outer loop
      vertex 136.912 27.6885 3
      vertex 137.187 27.9464 0
      vertex 136.912 27.6885 0
    endloop
  endfacet
  facet normal -0.368412 0.929663 0
    outer loop
      vertex 136.277 27.2855 0
      vertex 135.927 27.1468 3
      vertex 136.277 27.2855 3
    endloop
  endfacet
  facet normal -0.368412 0.929663 0
    outer loop
      vertex 135.927 27.1468 3
      vertex 136.277 27.2855 0
      vertex 135.927 27.1468 0
    endloop
  endfacet
  facet normal 0 1 -0
    outer loop
      vertex 135.188 27.0059 0
      vertex 134.812 27.0059 3
      vertex 135.188 27.0059 3
    endloop
  endfacet
  facet normal 0 1 0
    outer loop
      vertex 134.812 27.0059 3
      vertex 135.188 27.0059 0
      vertex 134.812 27.0059 0
    endloop
  endfacet
  facet normal 0.481919 0.876216 -0
    outer loop
      vertex 133.723 27.2855 0
      vertex 133.393 27.467 3
      vertex 133.723 27.2855 3
    endloop
  endfacet
  facet normal 0.481919 0.876216 0
    outer loop
      vertex 133.393 27.467 3
      vertex 133.723 27.2855 0
      vertex 133.393 27.467 0
    endloop
  endfacet
  facet normal 0.77061 0.637307 0
    outer loop
      vertex 132.813 27.9464 3
      vertex 132.573 28.2366 0
      vertex 132.573 28.2366 3
    endloop
  endfacet
  facet normal 0.77061 0.637307 0
    outer loop
      vertex 132.573 28.2366 0
      vertex 132.813 27.9464 3
      vertex 132.813 27.9464 0
    endloop
  endfacet
  facet normal -0.77061 0.637307 0
    outer loop
      vertex 137.187 27.9464 0
      vertex 137.427 28.2366 3
      vertex 137.427 28.2366 0
    endloop
  endfacet
  facet normal -0.77061 0.637307 0
    outer loop
      vertex 137.427 28.2366 3
      vertex 137.187 27.9464 0
      vertex 137.187 27.9464 3
    endloop
  endfacet
  facet normal 0.12521 0.99213 -0
    outer loop
      vertex 134.812 27.0059 0
      vertex 134.438 27.0531 3
      vertex 134.812 27.0059 3
    endloop
  endfacet
  facet normal 0.12521 0.99213 0
    outer loop
      vertex 134.438 27.0531 3
      vertex 134.812 27.0059 0
      vertex 134.438 27.0531 0
    endloop
  endfacet
  facet normal -0.951061 0.309003 0
    outer loop
      vertex -141.843 33.2435 0
      vertex -141.649 33.8406 3
      vertex -141.649 33.8406 0
    endloop
  endfacet
  facet normal -0.951061 0.309003 0
    outer loop
      vertex -141.649 33.8406 3
      vertex -141.843 33.2435 0
      vertex -141.843 33.2435 3
    endloop
  endfacet
  facet normal 0 1 -0
    outer loop
      vertex 137.314 36.9901 0
      vertex -137.314 36.9901 3
      vertex 137.314 36.9901 3
    endloop
  endfacet
  facet normal 0 1 0
    outer loop
      vertex -137.314 36.9901 3
      vertex 137.314 36.9901 0
      vertex -137.314 36.9901 0
    endloop
  endfacet
  facet normal 0 0 1
    outer loop
      vertex 132.094 29.2539 3
      vertex -132.094 29.2539 3
      vertex 132.094 -29.2539 3
    endloop
  endfacet
  facet normal 0 0 1
    outer loop
      vertex 132.094 -29.2539 3
      vertex -132.024 -29.624 3
      vertex -132 -30 3
    endloop
  endfacet
  facet normal 0 0 1
    outer loop
      vertex -132.094 -29.2539 3
      vertex 132.094 -29.2539 3
      vertex -132.094 29.2539 3
    endloop
  endfacet
  facet normal 0 0 1
    outer loop
      vertex 132.094 -29.2539 3
      vertex -132.094 -29.2539 3
      vertex -132.024 -29.624 3
    endloop
  endfacet
  facet normal -0 0 1
    outer loop
      vertex -132.211 28.8956 3
      vertex -132.094 -29.2539 3
      vertex -132.094 29.2539 3
    endloop
  endfacet
  facet normal 0 0 1
    outer loop
      vertex -132.211 28.8956 3
      vertex -132.211 -28.8956 3
      vertex -132.094 -29.2539 3
    endloop
  endfacet
  facet normal -0 0 1
    outer loop
      vertex -132.371 28.5547 3
      vertex -132.211 -28.8956 3
      vertex -132.211 28.8956 3
    endloop
  endfacet
  facet normal 0 0 1
    outer loop
      vertex -132.371 28.5547 3
      vertex -132.371 -28.5547 3
      vertex -132.211 -28.8956 3
    endloop
  endfacet
  facet normal -0 0 1
    outer loop
      vertex -132.573 28.2366 3
      vertex -132.371 -28.5547 3
      vertex -132.371 28.5547 3
    endloop
  endfacet
  facet normal 0 0 1
    outer loop
      vertex -132.573 28.2366 3
      vertex -132.573 -28.2366 3
      vertex -132.371 -28.5547 3
    endloop
  endfacet
  facet normal -0 0 1
    outer loop
      vertex -132.813 27.9464 3
      vertex -132.573 -28.2366 3
      vertex -132.573 28.2366 3
    endloop
  endfacet
  facet normal 0 0 1
    outer loop
      vertex -132.813 27.9464 3
      vertex -132.813 -27.9464 3
      vertex -132.573 -28.2366 3
    endloop
  endfacet
  facet normal -0 0 1
    outer loop
      vertex -133.088 27.6885 3
      vertex -132.813 -27.9464 3
      vertex -132.813 27.9464 3
    endloop
  endfacet
  facet normal 0 0 1
    outer loop
      vertex -133.088 27.6885 3
      vertex -133.088 -27.6885 3
      vertex -132.813 -27.9464 3
    endloop
  endfacet
  facet normal -0 0 1
    outer loop
      vertex -133.393 27.467 3
      vertex -133.088 -27.6885 3
      vertex -133.088 27.6885 3
    endloop
  endfacet
  facet normal 0 0 1
    outer loop
      vertex -133.393 27.467 3
      vertex -133.393 -27.467 3
      vertex -133.088 -27.6885 3
    endloop
  endfacet
  facet normal -0 0 1
    outer loop
      vertex -133.723 27.2855 3
      vertex -133.393 -27.467 3
      vertex -133.393 27.467 3
    endloop
  endfacet
  facet normal 0 0 1
    outer loop
      vertex -133.723 27.2855 3
      vertex -133.723 -27.2855 3
      vertex -133.393 -27.467 3
    endloop
  endfacet
  facet normal -0 0 1
    outer loop
      vertex -134.073 27.1468 3
      vertex -133.723 -27.2855 3
      vertex -133.723 27.2855 3
    endloop
  endfacet
  facet normal 0 0 1
    outer loop
      vertex -134.073 27.1468 3
      vertex -134.073 -27.1468 3
      vertex -133.723 -27.2855 3
    endloop
  endfacet
  facet normal -0 0 1
    outer loop
      vertex -134.438 27.0531 3
      vertex -134.073 -27.1468 3
      vertex -134.073 27.1468 3
    endloop
  endfacet
  facet normal 0 0 1
    outer loop
      vertex -134.438 27.0531 3
      vertex -134.438 -27.0531 3
      vertex -134.073 -27.1468 3
    endloop
  endfacet
  facet normal -0 0 1
    outer loop
      vertex -134.812 27.0059 3
      vertex -134.438 -27.0531 3
      vertex -134.438 27.0531 3
    endloop
  endfacet
  facet normal 0 0 1
    outer loop
      vertex -134.812 27.0059 3
      vertex -134.812 -27.0059 3
      vertex -134.438 -27.0531 3
    endloop
  endfacet
  facet normal -0 0 1
    outer loop
      vertex -135.188 27.0059 3
      vertex -134.812 -27.0059 3
      vertex -134.812 27.0059 3
    endloop
  endfacet
  facet normal 0 0 1
    outer loop
      vertex -135.188 27.0059 3
      vertex -135.188 -27.0059 3
      vertex -134.812 -27.0059 3
    endloop
  endfacet
  facet normal 0 0 1
    outer loop
      vertex -135.562 27.0531 3
      vertex -135.188 -27.0059 3
      vertex -135.188 27.0059 3
    endloop
  endfacet
  facet normal 0 0 1
    outer loop
      vertex -135.562 27.0531 3
      vertex -135.562 -27.0531 3
      vertex -135.188 -27.0059 3
    endloop
  endfacet
  facet normal 0 0 1
    outer loop
      vertex -135.927 27.1468 3
      vertex -135.562 -27.0531 3
      vertex -135.562 27.0531 3
    endloop
  endfacet
  facet normal 0 0 1
    outer loop
      vertex -135.927 27.1468 3
      vertex -135.927 -27.1468 3
      vertex -135.562 -27.0531 3
    endloop
  endfacet
  facet normal 0 0 1
    outer loop
      vertex -136.277 27.2855 3
      vertex -135.927 -27.1468 3
      vertex -135.927 27.1468 3
    endloop
  endfacet
  facet normal 0 0 1
    outer loop
      vertex -136.277 27.2855 3
      vertex -136.277 -27.2855 3
      vertex -135.927 -27.1468 3
    endloop
  endfacet
  facet normal 0 0 1
    outer loop
      vertex -136.607 27.467 3
      vertex -136.277 -27.2855 3
      vertex -136.277 27.2855 3
    endloop
  endfacet
  facet normal 0 0 1
    outer loop
      vertex -136.607 27.467 3
      vertex -136.607 -27.467 3
      vertex -136.277 -27.2855 3
    endloop
  endfacet
  facet normal 0 0 1
    outer loop
      vertex -136.912 27.6885 3
      vertex -136.607 -27.467 3
      vertex -136.607 27.467 3
    endloop
  endfacet
  facet normal 0 0 1
    outer loop
      vertex -136.912 27.6885 3
      vertex -136.912 -27.6885 3
      vertex -136.607 -27.467 3
    endloop
  endfacet
  facet normal 0 0 1
    outer loop
      vertex -137.187 27.9464 3
      vertex -136.912 -27.6885 3
      vertex -136.912 27.6885 3
    endloop
  endfacet
  facet normal 0 0 1
    outer loop
      vertex -137.187 27.9464 3
      vertex -137.187 -27.9464 3
      vertex -136.912 -27.6885 3
    endloop
  endfacet
  facet normal 0 0 1
    outer loop
      vertex -142 32 3
      vertex -137.187 27.9464 3
      vertex -137.427 28.2366 3
    endloop
  endfacet
  facet normal 0 0 1
    outer loop
      vertex -137.187 27.9464 3
      vertex -142 32 3
      vertex -137.187 -27.9464 3
    endloop
  endfacet
  facet normal 0 0 1
    outer loop
      vertex -142 32 3
      vertex -137.427 28.2366 3
      vertex -137.629 28.5547 3
    endloop
  endfacet
  facet normal 0 0 1
    outer loop
      vertex -142 -32 3
      vertex -137.187 -27.9464 3
      vertex -142 32 3
    endloop
  endfacet
  facet normal 0 0 1
    outer loop
      vertex -142 32 3
      vertex -137.629 28.5547 3
      vertex -137.789 28.8956 3
    endloop
  endfacet
  facet normal 0 0 1
    outer loop
      vertex -137.187 -27.9464 3
      vertex -142 -32 3
      vertex -137.427 -28.2366 3
    endloop
  endfacet
  facet normal 0 0 1
    outer loop
      vertex -142 32 3
      vertex -137.789 28.8956 3
      vertex -137.906 29.2539 3
    endloop
  endfacet
  facet normal 0 0 1
    outer loop
      vertex -137.427 -28.2366 3
      vertex -142 -32 3
      vertex -137.629 -28.5547 3
    endloop
  endfacet
  facet normal 0 0 1
    outer loop
      vertex -142 32 3
      vertex -137.906 29.2539 3
      vertex -137.976 29.624 3
    endloop
  endfacet
  facet normal 0 0 1
    outer loop
      vertex -137.629 -28.5547 3
      vertex -142 -32 3
      vertex -137.789 -28.8956 3
    endloop
  endfacet
  facet normal 0 0 1
    outer loop
      vertex -142 32 3
      vertex -137.976 29.624 3
      vertex -138 30 3
    endloop
  endfacet
  facet normal 0 0 1
    outer loop
      vertex -137.789 -28.8956 3
      vertex -142 -32 3
      vertex -137.906 -29.2539 3
    endloop
  endfacet
  facet normal 0 0 1
    outer loop
      vertex 137.789 28.8956 3
      vertex 142 32 3
      vertex 137.906 29.2539 3
    endloop
  endfacet
  facet normal 0 0 1
    outer loop
      vertex 142 -32 3
      vertex 137.976 -29.624 3
      vertex 138 -30 3
    endloop
  endfacet
  facet normal 0 0 1
    outer loop
      vertex 137.629 28.5547 3
      vertex 142 32 3
      vertex 137.789 28.8956 3
    endloop
  endfacet
  facet normal 0 0 1
    outer loop
      vertex 142 -32 3
      vertex 137.906 -29.2539 3
      vertex 137.976 -29.624 3
    endloop
  endfacet
  facet normal 0 0 1
    outer loop
      vertex 137.427 28.2366 3
      vertex 142 32 3
      vertex 137.629 28.5547 3
    endloop
  endfacet
  facet normal 0 0 1
    outer loop
      vertex 142 -32 3
      vertex 137.789 -28.8956 3
      vertex 137.906 -29.2539 3
    endloop
  endfacet
  facet normal 0 0 1
    outer loop
      vertex 137.187 27.9464 3
      vertex 142 32 3
      vertex 137.427 28.2366 3
    endloop
  endfacet
  facet normal 0 0 1
    outer loop
      vertex 142 -32 3
      vertex 137.629 -28.5547 3
      vertex 137.789 -28.8956 3
    endloop
  endfacet
  facet normal 0 0 1
    outer loop
      vertex 142 32 3
      vertex 137.187 27.9464 3
      vertex 142 -32 3
    endloop
  endfacet
  facet normal 0 0 1
    outer loop
      vertex 142 -32 3
      vertex 137.427 -28.2366 3
      vertex 137.629 -28.5547 3
    endloop
  endfacet
  facet normal -0 0 1
    outer loop
      vertex 137.187 -27.9464 3
      vertex 142 -32 3
      vertex 137.187 27.9464 3
    endloop
  endfacet
  facet normal 0 0 1
    outer loop
      vertex 142 -32 3
      vertex 137.187 -27.9464 3
      vertex 137.427 -28.2366 3
    endloop
  endfacet
  facet normal -0 0 1
    outer loop
      vertex 136.912 27.6885 3
      vertex 137.187 -27.9464 3
      vertex 137.187 27.9464 3
    endloop
  endfacet
  facet normal 0 0 1
    outer loop
      vertex 136.912 27.6885 3
      vertex 136.912 -27.6885 3
      vertex 137.187 -27.9464 3
    endloop
  endfacet
  facet normal -0 0 1
    outer loop
      vertex 136.607 27.467 3
      vertex 136.912 -27.6885 3
      vertex 136.912 27.6885 3
    endloop
  endfacet
  facet normal 0 0 1
    outer loop
      vertex 136.607 27.467 3
      vertex 136.607 -27.467 3
      vertex 136.912 -27.6885 3
    endloop
  endfacet
  facet normal -0 0 1
    outer loop
      vertex 136.277 27.2855 3
      vertex 136.607 -27.467 3
      vertex 136.607 27.467 3
    endloop
  endfacet
  facet normal 0 0 1
    outer loop
      vertex 136.277 27.2855 3
      vertex 136.277 -27.2855 3
      vertex 136.607 -27.467 3
    endloop
  endfacet
  facet normal -0 0 1
    outer loop
      vertex 135.927 27.1468 3
      vertex 136.277 -27.2855 3
      vertex 136.277 27.2855 3
    endloop
  endfacet
  facet normal 0 0 1
    outer loop
      vertex 135.927 27.1468 3
      vertex 135.927 -27.1468 3
      vertex 136.277 -27.2855 3
    endloop
  endfacet
  facet normal -0 0 1
    outer loop
      vertex 135.562 27.0531 3
      vertex 135.927 -27.1468 3
      vertex 135.927 27.1468 3
    endloop
  endfacet
  facet normal 0 0 1
    outer loop
      vertex 135.562 27.0531 3
      vertex 135.562 -27.0531 3
      vertex 135.927 -27.1468 3
    endloop
  endfacet
  facet normal -0 0 1
    outer loop
      vertex 135.188 27.0059 3
      vertex 135.562 -27.0531 3
      vertex 135.562 27.0531 3
    endloop
  endfacet
  facet normal 0 0 1
    outer loop
      vertex 135.188 27.0059 3
      vertex 135.188 -27.0059 3
      vertex 135.562 -27.0531 3
    endloop
  endfacet
  facet normal -0 0 1
    outer loop
      vertex 134.812 27.0059 3
      vertex 135.188 -27.0059 3
      vertex 135.188 27.0059 3
    endloop
  endfacet
  facet normal 0 0 1
    outer loop
      vertex 134.812 27.0059 3
      vertex 134.812 -27.0059 3
      vertex 135.188 -27.0059 3
    endloop
  endfacet
  facet normal 0 0 1
    outer loop
      vertex 134.438 27.0531 3
      vertex 134.812 -27.0059 3
      vertex 134.812 27.0059 3
    endloop
  endfacet
  facet normal 0 0 1
    outer loop
      vertex 134.438 27.0531 3
      vertex 134.438 -27.0531 3
      vertex 134.812 -27.0059 3
    endloop
  endfacet
  facet normal 0 0 1
    outer loop
      vertex 134.073 27.1468 3
      vertex 134.438 -27.0531 3
      vertex 134.438 27.0531 3
    endloop
  endfacet
  facet normal 0 0 1
    outer loop
      vertex 134.073 27.1468 3
      vertex 134.073 -27.1468 3
      vertex 134.438 -27.0531 3
    endloop
  endfacet
  facet normal 0 0 1
    outer loop
      vertex 133.723 27.2855 3
      vertex 134.073 -27.1468 3
      vertex 134.073 27.1468 3
    endloop
  endfacet
  facet normal 0 0 1
    outer loop
      vertex 133.723 27.2855 3
      vertex 133.723 -27.2855 3
      vertex 134.073 -27.1468 3
    endloop
  endfacet
  facet normal 0 0 1
    outer loop
      vertex 133.393 27.467 3
      vertex 133.723 -27.2855 3
      vertex 133.723 27.2855 3
    endloop
  endfacet
  facet normal 0 0 1
    outer loop
      vertex 133.393 27.467 3
      vertex 133.393 -27.467 3
      vertex 133.723 -27.2855 3
    endloop
  endfacet
  facet normal 0 0 1
    outer loop
      vertex 133.088 27.6885 3
      vertex 133.393 -27.467 3
      vertex 133.393 27.467 3
    endloop
  endfacet
  facet normal 0 0 1
    outer loop
      vertex 133.088 27.6885 3
      vertex 133.088 -27.6885 3
      vertex 133.393 -27.467 3
    endloop
  endfacet
  facet normal 0 0 1
    outer loop
      vertex 132.813 27.9464 3
      vertex 133.088 -27.6885 3
      vertex 133.088 27.6885 3
    endloop
  endfacet
  facet normal 0 0 1
    outer loop
      vertex 132.813 27.9464 3
      vertex 132.813 -27.9464 3
      vertex 133.088 -27.6885 3
    endloop
  endfacet
  facet normal 0 0 1
    outer loop
      vertex 132.573 28.2366 3
      vertex 132.813 -27.9464 3
      vertex 132.813 27.9464 3
    endloop
  endfacet
  facet normal 0 0 1
    outer loop
      vertex 132.573 28.2366 3
      vertex 132.573 -28.2366 3
      vertex 132.813 -27.9464 3
    endloop
  endfacet
  facet normal 0 0 1
    outer loop
      vertex 132.371 28.5547 3
      vertex 132.573 -28.2366 3
      vertex 132.573 28.2366 3
    endloop
  endfacet
  facet normal 0 0 1
    outer loop
      vertex 132.371 28.5547 3
      vertex 132.371 -28.5547 3
      vertex 132.573 -28.2366 3
    endloop
  endfacet
  facet normal 0 0 1
    outer loop
      vertex 132.211 28.8956 3
      vertex 132.371 -28.5547 3
      vertex 132.371 28.5547 3
    endloop
  endfacet
  facet normal 0 0 1
    outer loop
      vertex 132.211 28.8956 3
      vertex 132.211 -28.8956 3
      vertex 132.371 -28.5547 3
    endloop
  endfacet
  facet normal 0 0 1
    outer loop
      vertex 132.094 29.2539 3
      vertex 132.211 -28.8956 3
      vertex 132.211 28.8956 3
    endloop
  endfacet
  facet normal 0 0 1
    outer loop
      vertex 132.094 29.2539 3
      vertex 132.094 -29.2539 3
      vertex 132.211 -28.8956 3
    endloop
  endfacet
  facet normal 0 0 1
    outer loop
      vertex -132.024 29.624 3
      vertex 132.024 29.624 3
      vertex -132 30 3
    endloop
  endfacet
  facet normal 0 0 1
    outer loop
      vertex 132.024 29.624 3
      vertex -132.024 29.624 3
      vertex 132.094 29.2539 3
    endloop
  endfacet
  facet normal -0 0 1
    outer loop
      vertex -132 30 3
      vertex 132.024 29.624 3
      vertex 132 30 3
    endloop
  endfacet
  facet normal 0 0 1
    outer loop
      vertex -132.094 29.2539 3
      vertex 132.094 29.2539 3
      vertex -132.024 29.624 3
    endloop
  endfacet
  facet normal 0 0 1
    outer loop
      vertex 137.789 31.1044 3
      vertex 142 32 3
      vertex 141.961 32.6267 3
    endloop
  endfacet
  facet normal 0 0 1
    outer loop
      vertex 137.976 29.624 3
      vertex 142 32 3
      vertex 138 30 3
    endloop
  endfacet
  facet normal 0 0 1
    outer loop
      vertex 137.629 31.4453 3
      vertex 141.961 32.6267 3
      vertex 141.843 33.2435 3
    endloop
  endfacet
  facet normal 0 0 1
    outer loop
      vertex 137.906 29.2539 3
      vertex 142 32 3
      vertex 137.976 29.624 3
    endloop
  endfacet
  facet normal 0 0 1
    outer loop
      vertex 137.629 31.4453 3
      vertex 141.843 33.2435 3
      vertex 141.649 33.8406 3
    endloop
  endfacet
  facet normal -0 0 1
    outer loop
      vertex 137.976 -30.376 3
      vertex 142 -32 3
      vertex 138 -30 3
    endloop
  endfacet
  facet normal 0 0 1
    outer loop
      vertex 137.427 31.7634 3
      vertex 141.649 33.8406 3
      vertex 141.382 34.4088 3
    endloop
  endfacet
  facet normal -0 0 1
    outer loop
      vertex 137.906 -30.7461 3
      vertex 142 -32 3
      vertex 137.976 -30.376 3
    endloop
  endfacet
  facet normal 0 0 1
    outer loop
      vertex 137.427 31.7634 3
      vertex 141.382 34.4088 3
      vertex 141.045 34.9389 3
    endloop
  endfacet
  facet normal -0 0 1
    outer loop
      vertex 137.789 -31.1044 3
      vertex 142 -32 3
      vertex 137.906 -30.7461 3
    endloop
  endfacet
  facet normal 0 0 1
    outer loop
      vertex 137.187 32.0536 3
      vertex 141.045 34.9389 3
      vertex 140.645 35.4227 3
    endloop
  endfacet
  facet normal 0 0 1
    outer loop
      vertex 142 -32 3
      vertex 137.789 -31.1044 3
      vertex 141.961 -32.6267 3
    endloop
  endfacet
  facet normal 0 0 1
    outer loop
      vertex 137.187 32.0536 3
      vertex 140.645 35.4227 3
      vertex 140.187 35.8526 3
    endloop
  endfacet
  facet normal -0 0 1
    outer loop
      vertex 137.629 -31.4453 3
      vertex 141.961 -32.6267 3
      vertex 137.789 -31.1044 3
    endloop
  endfacet
  facet normal 0 0 1
    outer loop
      vertex 136.912 32.3115 3
      vertex 140.187 35.8526 3
      vertex 139.679 36.2216 3
    endloop
  endfacet
  facet normal 0 0 1
    outer loop
      vertex 141.961 -32.6267 3
      vertex 137.629 -31.4453 3
      vertex 141.843 -33.2435 3
    endloop
  endfacet
  facet normal 0 0 1
    outer loop
      vertex 136.912 32.3115 3
      vertex 139.679 36.2216 3
      vertex 139.129 36.5241 3
    endloop
  endfacet
  facet normal 0 0 1
    outer loop
      vertex 141.843 -33.2435 3
      vertex 137.629 -31.4453 3
      vertex 141.649 -33.8406 3
    endloop
  endfacet
  facet normal 0 0 1
    outer loop
      vertex 136.607 32.533 3
      vertex 139.129 36.5241 3
      vertex 138.545 36.7553 3
    endloop
  endfacet
  facet normal -0 0 1
    outer loop
      vertex 137.427 -31.7634 3
      vertex 141.649 -33.8406 3
      vertex 137.629 -31.4453 3
    endloop
  endfacet
  facet normal 0 0 1
    outer loop
      vertex 141.649 -33.8406 3
      vertex 137.427 -31.7634 3
      vertex 141.382 -34.4088 3
    endloop
  endfacet
  facet normal 0 0 1
    outer loop
      vertex 142 32 3
      vertex 137.976 30.376 3
      vertex 138 30 3
    endloop
  endfacet
  facet normal 0 0 1
    outer loop
      vertex 136.607 32.533 3
      vertex 138.545 36.7553 3
      vertex 137.937 36.9114 3
    endloop
  endfacet
  facet normal 0 0 1
    outer loop
      vertex 142 32 3
      vertex 137.906 30.7461 3
      vertex 137.976 30.376 3
    endloop
  endfacet
  facet normal 0 0 1
    outer loop
      vertex 142 32 3
      vertex 137.789 31.1044 3
      vertex 137.906 30.7461 3
    endloop
  endfacet
  facet normal 0 0 1
    outer loop
      vertex 141.961 32.6267 3
      vertex 137.629 31.4453 3
      vertex 137.789 31.1044 3
    endloop
  endfacet
  facet normal 0 0 1
    outer loop
      vertex 141.649 33.8406 3
      vertex 137.427 31.7634 3
      vertex 137.629 31.4453 3
    endloop
  endfacet
  facet normal 0 0 1
    outer loop
      vertex 136.277 32.7145 3
      vertex 137.937 36.9114 3
      vertex 137.314 36.9901 3
    endloop
  endfacet
  facet normal 0 0 1
    outer loop
      vertex 141.045 34.9389 3
      vertex 137.187 32.0536 3
      vertex 137.427 31.7634 3
    endloop
  endfacet
  facet normal 0 0 1
    outer loop
      vertex 140.187 35.8526 3
      vertex 136.912 32.3115 3
      vertex 137.187 32.0536 3
    endloop
  endfacet
  facet normal 0 0 1
    outer loop
      vertex 139.129 36.5241 3
      vertex 136.607 32.533 3
      vertex 136.912 32.3115 3
    endloop
  endfacet
  facet normal 0 0 1
    outer loop
      vertex 137.937 36.9114 3
      vertex 136.277 32.7145 3
      vertex 136.607 32.533 3
    endloop
  endfacet
  facet normal 0 0 1
    outer loop
      vertex 137.314 36.9901 3
      vertex 135.927 32.8532 3
      vertex 136.277 32.7145 3
    endloop
  endfacet
  facet normal 0 0 1
    outer loop
      vertex 137.314 36.9901 3
      vertex 135.562 32.9469 3
      vertex 135.927 32.8532 3
    endloop
  endfacet
  facet normal 0 0 1
    outer loop
      vertex 137.314 36.9901 3
      vertex 135.188 32.9941 3
      vertex 135.562 32.9469 3
    endloop
  endfacet
  facet normal 0 0 1
    outer loop
      vertex 137.314 36.9901 3
      vertex 134.812 32.9941 3
      vertex 135.188 32.9941 3
    endloop
  endfacet
  facet normal 0 0 1
    outer loop
      vertex 137.314 36.9901 3
      vertex 134.438 32.9469 3
      vertex 134.812 32.9941 3
    endloop
  endfacet
  facet normal 0 0 1
    outer loop
      vertex 137.314 36.9901 3
      vertex 134.073 32.8532 3
      vertex 134.438 32.9469 3
    endloop
  endfacet
  facet normal 0 0 1
    outer loop
      vertex 137.314 36.9901 3
      vertex 133.723 32.7145 3
      vertex 134.073 32.8532 3
    endloop
  endfacet
  facet normal 0 0 1
    outer loop
      vertex 137.314 36.9901 3
      vertex 133.393 32.533 3
      vertex 133.723 32.7145 3
    endloop
  endfacet
  facet normal 0 0 1
    outer loop
      vertex 137.314 36.9901 3
      vertex 133.088 32.3115 3
      vertex 133.393 32.533 3
    endloop
  endfacet
  facet normal 0 0 1
    outer loop
      vertex 137.314 36.9901 3
      vertex 132.813 32.0536 3
      vertex 133.088 32.3115 3
    endloop
  endfacet
  facet normal 0 0 1
    outer loop
      vertex 132.094 -29.2539 3
      vertex -132 -30 3
      vertex 132.024 -29.624 3
    endloop
  endfacet
  facet normal 0 0 1
    outer loop
      vertex 132.024 30.376 3
      vertex -132 30 3
      vertex 132 30 3
    endloop
  endfacet
  facet normal 0 0 1
    outer loop
      vertex -132.024 30.376 3
      vertex 132.024 30.376 3
      vertex 132.094 30.7461 3
    endloop
  endfacet
  facet normal 0 0 1
    outer loop
      vertex -132.094 30.7461 3
      vertex 132.094 30.7461 3
      vertex 132.211 31.1044 3
    endloop
  endfacet
  facet normal 0 0 1
    outer loop
      vertex -132.211 31.1044 3
      vertex 132.211 31.1044 3
      vertex 132.371 31.4453 3
    endloop
  endfacet
  facet normal 0 0 1
    outer loop
      vertex -132.371 31.4453 3
      vertex 132.371 31.4453 3
      vertex 132.573 31.7634 3
    endloop
  endfacet
  facet normal 0 0 1
    outer loop
      vertex -132.573 31.7634 3
      vertex 132.573 31.7634 3
      vertex 132.813 32.0536 3
    endloop
  endfacet
  facet normal 0 0 1
    outer loop
      vertex -132.813 32.0536 3
      vertex 132.813 32.0536 3
      vertex 137.314 36.9901 3
    endloop
  endfacet
  facet normal 0 0 1
    outer loop
      vertex 132.024 30.376 3
      vertex -132.024 30.376 3
      vertex -132 30 3
    endloop
  endfacet
  facet normal 0 0 1
    outer loop
      vertex 132.094 30.7461 3
      vertex -132.094 30.7461 3
      vertex -132.024 30.376 3
    endloop
  endfacet
  facet normal 0 0 1
    outer loop
      vertex 132.211 31.1044 3
      vertex -132.211 31.1044 3
      vertex -132.094 30.7461 3
    endloop
  endfacet
  facet normal 0 0 1
    outer loop
      vertex 132.371 31.4453 3
      vertex -132.371 31.4453 3
      vertex -132.211 31.1044 3
    endloop
  endfacet
  facet normal 0 0 1
    outer loop
      vertex 132.573 31.7634 3
      vertex -132.573 31.7634 3
      vertex -132.371 31.4453 3
    endloop
  endfacet
  facet normal 0 0 1
    outer loop
      vertex 132.813 32.0536 3
      vertex -132.813 32.0536 3
      vertex -132.573 31.7634 3
    endloop
  endfacet
  facet normal -0 0 1
    outer loop
      vertex -137.314 36.9901 3
      vertex -132.813 32.0536 3
      vertex 137.314 36.9901 3
    endloop
  endfacet
  facet normal 0 0 1
    outer loop
      vertex -132.813 32.0536 3
      vertex -137.314 36.9901 3
      vertex -133.088 32.3115 3
    endloop
  endfacet
  facet normal 0 0 1
    outer loop
      vertex -133.088 32.3115 3
      vertex -137.314 36.9901 3
      vertex -133.393 32.533 3
    endloop
  endfacet
  facet normal 0 0 1
    outer loop
      vertex -133.393 32.533 3
      vertex -137.314 36.9901 3
      vertex -133.723 32.7145 3
    endloop
  endfacet
  facet normal 0 0 1
    outer loop
      vertex -133.723 32.7145 3
      vertex -137.314 36.9901 3
      vertex -134.073 32.8532 3
    endloop
  endfacet
  facet normal 0 0 1
    outer loop
      vertex -134.073 32.8532 3
      vertex -137.314 36.9901 3
      vertex -134.438 32.9469 3
    endloop
  endfacet
  facet normal 0 0 1
    outer loop
      vertex -134.438 32.9469 3
      vertex -137.314 36.9901 3
      vertex -134.812 32.9941 3
    endloop
  endfacet
  facet normal 0 0 1
    outer loop
      vertex -134.812 32.9941 3
      vertex -137.314 36.9901 3
      vertex -135.188 32.9941 3
    endloop
  endfacet
  facet normal 0 0 1
    outer loop
      vertex -137.314 36.9901 3
      vertex -135.562 32.9469 3
      vertex -135.188 32.9941 3
    endloop
  endfacet
  facet normal 0 0 1
    outer loop
      vertex -137.314 36.9901 3
      vertex -135.927 32.8532 3
      vertex -135.562 32.9469 3
    endloop
  endfacet
  facet normal 0 0 1
    outer loop
      vertex -137.314 36.9901 3
      vertex -136.277 32.7145 3
      vertex -135.927 32.8532 3
    endloop
  endfacet
  facet normal -0 0 1
    outer loop
      vertex -137.937 36.9114 3
      vertex -136.277 32.7145 3
      vertex -137.314 36.9901 3
    endloop
  endfacet
  facet normal 0 0 1
    outer loop
      vertex -136.277 32.7145 3
      vertex -137.937 36.9114 3
      vertex -136.607 32.533 3
    endloop
  endfacet
  facet normal -0 0 1
    outer loop
      vertex -138.545 36.7553 3
      vertex -136.607 32.533 3
      vertex -137.937 36.9114 3
    endloop
  endfacet
  facet normal -0 0 1
    outer loop
      vertex -139.129 36.5241 3
      vertex -136.607 32.533 3
      vertex -138.545 36.7553 3
    endloop
  endfacet
  facet normal 0 0 1
    outer loop
      vertex -136.607 32.533 3
      vertex -139.129 36.5241 3
      vertex -136.912 32.3115 3
    endloop
  endfacet
  facet normal -0 0 1
    outer loop
      vertex -139.679 36.2216 3
      vertex -136.912 32.3115 3
      vertex -139.129 36.5241 3
    endloop
  endfacet
  facet normal -0 0 1
    outer loop
      vertex -140.187 35.8526 3
      vertex -136.912 32.3115 3
      vertex -139.679 36.2216 3
    endloop
  endfacet
  facet normal 0 0 1
    outer loop
      vertex -136.912 32.3115 3
      vertex -140.187 35.8526 3
      vertex -137.187 32.0536 3
    endloop
  endfacet
  facet normal -0 0 1
    outer loop
      vertex -140.645 35.4227 3
      vertex -137.187 32.0536 3
      vertex -140.187 35.8526 3
    endloop
  endfacet
  facet normal -0 0 1
    outer loop
      vertex -141.045 34.9389 3
      vertex -137.187 32.0536 3
      vertex -140.645 35.4227 3
    endloop
  endfacet
  facet normal -0 0 1
    outer loop
      vertex -141.382 34.4088 3
      vertex -137.427 31.7634 3
      vertex -141.045 34.9389 3
    endloop
  endfacet
  facet normal 0 0 1
    outer loop
      vertex -137.187 32.0536 3
      vertex -141.045 34.9389 3
      vertex -137.427 31.7634 3
    endloop
  endfacet
  facet normal 0 0 1
    outer loop
      vertex 141.382 -34.4088 3
      vertex 137.427 -31.7634 3
      vertex 141.045 -34.9389 3
    endloop
  endfacet
  facet normal -0 0 1
    outer loop
      vertex 137.187 -32.0536 3
      vertex 141.045 -34.9389 3
      vertex 137.427 -31.7634 3
    endloop
  endfacet
  facet normal 0 0 1
    outer loop
      vertex 141.045 -34.9389 3
      vertex 137.187 -32.0536 3
      vertex 140.645 -35.4227 3
    endloop
  endfacet
  facet normal 0 0 1
    outer loop
      vertex 140.645 -35.4227 3
      vertex 137.187 -32.0536 3
      vertex 140.187 -35.8526 3
    endloop
  endfacet
  facet normal -0 0 1
    outer loop
      vertex 136.912 -32.3115 3
      vertex 140.187 -35.8526 3
      vertex 137.187 -32.0536 3
    endloop
  endfacet
  facet normal 0 0 1
    outer loop
      vertex 140.187 -35.8526 3
      vertex 136.912 -32.3115 3
      vertex 139.679 -36.2216 3
    endloop
  endfacet
  facet normal 0 0 1
    outer loop
      vertex 139.679 -36.2216 3
      vertex 136.912 -32.3115 3
      vertex 139.129 -36.5241 3
    endloop
  endfacet
  facet normal -0 0 1
    outer loop
      vertex 136.607 -32.533 3
      vertex 139.129 -36.5241 3
      vertex 136.912 -32.3115 3
    endloop
  endfacet
  facet normal 0 0 1
    outer loop
      vertex 139.129 -36.5241 3
      vertex 136.607 -32.533 3
      vertex 138.545 -36.7553 3
    endloop
  endfacet
  facet normal 0 0 1
    outer loop
      vertex 138.545 -36.7553 3
      vertex 136.607 -32.533 3
      vertex 137.937 -36.9114 3
    endloop
  endfacet
  facet normal -0 0 1
    outer loop
      vertex 136.277 -32.7145 3
      vertex 137.937 -36.9114 3
      vertex 136.607 -32.533 3
    endloop
  endfacet
  facet normal 0 0 1
    outer loop
      vertex 137.937 -36.9114 3
      vertex 136.277 -32.7145 3
      vertex 137.314 -36.9901 3
    endloop
  endfacet
  facet normal -0 0 1
    outer loop
      vertex 135.927 -32.8532 3
      vertex 137.314 -36.9901 3
      vertex 136.277 -32.7145 3
    endloop
  endfacet
  facet normal -0 0 1
    outer loop
      vertex 135.562 -32.9469 3
      vertex 137.314 -36.9901 3
      vertex 135.927 -32.8532 3
    endloop
  endfacet
  facet normal -0 0 1
    outer loop
      vertex 135.188 -32.9941 3
      vertex 137.314 -36.9901 3
      vertex 135.562 -32.9469 3
    endloop
  endfacet
  facet normal -0 0 1
    outer loop
      vertex 134.812 -32.9941 3
      vertex 137.314 -36.9901 3
      vertex 135.188 -32.9941 3
    endloop
  endfacet
  facet normal 0 0 1
    outer loop
      vertex 134.438 -32.9469 3
      vertex 137.314 -36.9901 3
      vertex 134.812 -32.9941 3
    endloop
  endfacet
  facet normal 0 0 1
    outer loop
      vertex 134.073 -32.8532 3
      vertex 137.314 -36.9901 3
      vertex 134.438 -32.9469 3
    endloop
  endfacet
  facet normal 0 0 1
    outer loop
      vertex 133.723 -32.7145 3
      vertex 137.314 -36.9901 3
      vertex 134.073 -32.8532 3
    endloop
  endfacet
  facet normal 0 0 1
    outer loop
      vertex 133.393 -32.533 3
      vertex 137.314 -36.9901 3
      vertex 133.723 -32.7145 3
    endloop
  endfacet
  facet normal 0 0 1
    outer loop
      vertex 133.088 -32.3115 3
      vertex 137.314 -36.9901 3
      vertex 133.393 -32.533 3
    endloop
  endfacet
  facet normal 0 0 1
    outer loop
      vertex 132.813 -32.0536 3
      vertex 137.314 -36.9901 3
      vertex 133.088 -32.3115 3
    endloop
  endfacet
  facet normal 0 0 1
    outer loop
      vertex 132.024 -29.624 3
      vertex -132 -30 3
      vertex 132 -30 3
    endloop
  endfacet
  facet normal 0 0 1
    outer loop
      vertex 132 -30 3
      vertex -132 -30 3
      vertex 132.024 -30.376 3
    endloop
  endfacet
  facet normal 0 0 1
    outer loop
      vertex -132.024 -30.376 3
      vertex 132.024 -30.376 3
      vertex -132 -30 3
    endloop
  endfacet
  facet normal 0 0 1
    outer loop
      vertex 132.024 -30.376 3
      vertex -132.024 -30.376 3
      vertex 132.094 -30.7461 3
    endloop
  endfacet
  facet normal 0 0 1
    outer loop
      vertex -132.094 -30.7461 3
      vertex 132.094 -30.7461 3
      vertex -132.024 -30.376 3
    endloop
  endfacet
  facet normal 0 0 1
    outer loop
      vertex 132.094 -30.7461 3
      vertex -132.094 -30.7461 3
      vertex 132.211 -31.1044 3
    endloop
  endfacet
  facet normal 0 0 1
    outer loop
      vertex -132.211 -31.1044 3
      vertex 132.211 -31.1044 3
      vertex -132.094 -30.7461 3
    endloop
  endfacet
  facet normal 0 0 1
    outer loop
      vertex 132.211 -31.1044 3
      vertex -132.211 -31.1044 3
      vertex 132.371 -31.4453 3
    endloop
  endfacet
  facet normal 0 0 1
    outer loop
      vertex -132.371 -31.4453 3
      vertex 132.371 -31.4453 3
      vertex -132.211 -31.1044 3
    endloop
  endfacet
  facet normal 0 0 1
    outer loop
      vertex 132.371 -31.4453 3
      vertex -132.371 -31.4453 3
      vertex 132.573 -31.7634 3
    endloop
  endfacet
  facet normal 0 0 1
    outer loop
      vertex -132.573 -31.7634 3
      vertex 132.573 -31.7634 3
      vertex -132.371 -31.4453 3
    endloop
  endfacet
  facet normal 0 0 1
    outer loop
      vertex 132.573 -31.7634 3
      vertex -132.573 -31.7634 3
      vertex 132.813 -32.0536 3
    endloop
  endfacet
  facet normal 0 0 1
    outer loop
      vertex -132.813 -32.0536 3
      vertex 132.813 -32.0536 3
      vertex -132.573 -31.7634 3
    endloop
  endfacet
  facet normal 0 0 1
    outer loop
      vertex 132.813 -32.0536 3
      vertex -132.813 -32.0536 3
      vertex 137.314 -36.9901 3
    endloop
  endfacet
  facet normal 0 0 1
    outer loop
      vertex -137.314 -36.9901 3
      vertex -132.813 -32.0536 3
      vertex -133.088 -32.3115 3
    endloop
  endfacet
  facet normal 0 0 1
    outer loop
      vertex -137.314 -36.9901 3
      vertex -133.088 -32.3115 3
      vertex -133.393 -32.533 3
    endloop
  endfacet
  facet normal 0 0 1
    outer loop
      vertex -137.314 -36.9901 3
      vertex -133.393 -32.533 3
      vertex -133.723 -32.7145 3
    endloop
  endfacet
  facet normal 0 0 1
    outer loop
      vertex -137.314 -36.9901 3
      vertex -133.723 -32.7145 3
      vertex -134.073 -32.8532 3
    endloop
  endfacet
  facet normal 0 0 1
    outer loop
      vertex -137.314 -36.9901 3
      vertex -134.073 -32.8532 3
      vertex -134.438 -32.9469 3
    endloop
  endfacet
  facet normal 0 0 1
    outer loop
      vertex -137.314 -36.9901 3
      vertex -134.438 -32.9469 3
      vertex -134.812 -32.9941 3
    endloop
  endfacet
  facet normal 0 0 1
    outer loop
      vertex -137.314 -36.9901 3
      vertex -134.812 -32.9941 3
      vertex -135.188 -32.9941 3
    endloop
  endfacet
  facet normal 0 0 1
    outer loop
      vertex -132.813 -32.0536 3
      vertex -137.314 -36.9901 3
      vertex 137.314 -36.9901 3
    endloop
  endfacet
  facet normal 0 0 1
    outer loop
      vertex -135.562 -32.9469 3
      vertex -137.314 -36.9901 3
      vertex -135.188 -32.9941 3
    endloop
  endfacet
  facet normal 0 0 1
    outer loop
      vertex -135.927 -32.8532 3
      vertex -137.314 -36.9901 3
      vertex -135.562 -32.9469 3
    endloop
  endfacet
  facet normal 0 0 1
    outer loop
      vertex -136.277 -32.7145 3
      vertex -137.314 -36.9901 3
      vertex -135.927 -32.8532 3
    endloop
  endfacet
  facet normal 0 0 1
    outer loop
      vertex -137.937 -36.9114 3
      vertex -136.277 -32.7145 3
      vertex -136.607 -32.533 3
    endloop
  endfacet
  facet normal 0 0 1
    outer loop
      vertex -139.129 -36.5241 3
      vertex -136.607 -32.533 3
      vertex -136.912 -32.3115 3
    endloop
  endfacet
  facet normal 0 0 1
    outer loop
      vertex -140.187 -35.8526 3
      vertex -136.912 -32.3115 3
      vertex -137.187 -32.0536 3
    endloop
  endfacet
  facet normal 0 0 1
    outer loop
      vertex -141.045 -34.9389 3
      vertex -137.187 -32.0536 3
      vertex -137.427 -31.7634 3
    endloop
  endfacet
  facet normal 0 0 1
    outer loop
      vertex -141.649 -33.8406 3
      vertex -137.427 -31.7634 3
      vertex -137.629 -31.4453 3
    endloop
  endfacet
  facet normal 0 0 1
    outer loop
      vertex -141.961 -32.6267 3
      vertex -137.629 -31.4453 3
      vertex -137.789 -31.1044 3
    endloop
  endfacet
  facet normal 0 0 1
    outer loop
      vertex -142 -32 3
      vertex -137.789 -31.1044 3
      vertex -137.906 -30.7461 3
    endloop
  endfacet
  facet normal 0 0 1
    outer loop
      vertex -136.277 -32.7145 3
      vertex -137.937 -36.9114 3
      vertex -137.314 -36.9901 3
    endloop
  endfacet
  facet normal 0 0 1
    outer loop
      vertex -142 -32 3
      vertex -137.906 -30.7461 3
      vertex -137.976 -30.376 3
    endloop
  endfacet
  facet normal 0 0 1
    outer loop
      vertex -142 -32 3
      vertex -137.976 -30.376 3
      vertex -138 -30 3
    endloop
  endfacet
  facet normal 0 0 1
    outer loop
      vertex -136.607 -32.533 3
      vertex -138.545 -36.7553 3
      vertex -137.937 -36.9114 3
    endloop
  endfacet
  facet normal 0 0 1
    outer loop
      vertex -137.906 -29.2539 3
      vertex -142 -32 3
      vertex -137.976 -29.624 3
    endloop
  endfacet
  facet normal -0 0 1
    outer loop
      vertex -141.649 33.8406 3
      vertex -137.427 31.7634 3
      vertex -141.382 34.4088 3
    endloop
  endfacet
  facet normal 0 0 1
    outer loop
      vertex -137.976 -29.624 3
      vertex -142 -32 3
      vertex -138 -30 3
    endloop
  endfacet
  facet normal 0 0 1
    outer loop
      vertex -137.427 31.7634 3
      vertex -141.649 33.8406 3
      vertex -137.629 31.4453 3
    endloop
  endfacet
  facet normal 0 0 1
    outer loop
      vertex -137.789 -31.1044 3
      vertex -142 -32 3
      vertex -141.961 -32.6267 3
    endloop
  endfacet
  facet normal -0 0 1
    outer loop
      vertex -141.843 33.2435 3
      vertex -137.629 31.4453 3
      vertex -141.649 33.8406 3
    endloop
  endfacet
  facet normal 0 0 1
    outer loop
      vertex -136.607 -32.533 3
      vertex -139.129 -36.5241 3
      vertex -138.545 -36.7553 3
    endloop
  endfacet
  facet normal -0 0 1
    outer loop
      vertex -141.961 32.6267 3
      vertex -137.629 31.4453 3
      vertex -141.843 33.2435 3
    endloop
  endfacet
  facet normal 0 0 1
    outer loop
      vertex -136.912 -32.3115 3
      vertex -139.679 -36.2216 3
      vertex -139.129 -36.5241 3
    endloop
  endfacet
  facet normal 0 0 1
    outer loop
      vertex -137.629 31.4453 3
      vertex -141.961 32.6267 3
      vertex -137.789 31.1044 3
    endloop
  endfacet
  facet normal 0 0 1
    outer loop
      vertex -136.912 -32.3115 3
      vertex -140.187 -35.8526 3
      vertex -139.679 -36.2216 3
    endloop
  endfacet
  facet normal -0 0 1
    outer loop
      vertex -142 32 3
      vertex -137.789 31.1044 3
      vertex -141.961 32.6267 3
    endloop
  endfacet
  facet normal 0 0 1
    outer loop
      vertex -137.187 -32.0536 3
      vertex -140.645 -35.4227 3
      vertex -140.187 -35.8526 3
    endloop
  endfacet
  facet normal 0 0 1
    outer loop
      vertex -137.789 31.1044 3
      vertex -142 32 3
      vertex -137.906 30.7461 3
    endloop
  endfacet
  facet normal 0 0 1
    outer loop
      vertex -137.187 -32.0536 3
      vertex -141.045 -34.9389 3
      vertex -140.645 -35.4227 3
    endloop
  endfacet
  facet normal 0 0 1
    outer loop
      vertex -137.906 30.7461 3
      vertex -142 32 3
      vertex -137.976 30.376 3
    endloop
  endfacet
  facet normal 0 0 1
    outer loop
      vertex -137.427 -31.7634 3
      vertex -141.382 -34.4088 3
      vertex -141.045 -34.9389 3
    endloop
  endfacet
  facet normal 0 0 1
    outer loop
      vertex -137.976 30.376 3
      vertex -142 32 3
      vertex -138 30 3
    endloop
  endfacet
  facet normal 0 0 1
    outer loop
      vertex -137.427 -31.7634 3
      vertex -141.649 -33.8406 3
      vertex -141.382 -34.4088 3
    endloop
  endfacet
  facet normal 0 0 1
    outer loop
      vertex -137.629 -31.4453 3
      vertex -141.843 -33.2435 3
      vertex -141.649 -33.8406 3
    endloop
  endfacet
  facet normal 0 0 1
    outer loop
      vertex -137.629 -31.4453 3
      vertex -141.961 -32.6267 3
      vertex -141.843 -33.2435 3
    endloop
  endfacet
  facet normal 0.684386 0.72912 -0
    outer loop
      vertex 140.645 35.4227 0
      vertex 140.187 35.8526 3
      vertex 140.645 35.4227 3
    endloop
  endfacet
  facet normal 0.684386 0.72912 0
    outer loop
      vertex 140.187 35.8526 3
      vertex 140.645 35.4227 0
      vertex 140.187 35.8526 0
    endloop
  endfacet
  facet normal 0 -1 0
    outer loop
      vertex -137.314 -36.9901 0
      vertex 137.314 -36.9901 3
      vertex -137.314 -36.9901 3
    endloop
  endfacet
  facet normal 0 -1 -0
    outer loop
      vertex 137.314 -36.9901 3
      vertex -137.314 -36.9901 0
      vertex 137.314 -36.9901 0
    endloop
  endfacet
  facet normal 0.951061 0.309003 0
    outer loop
      vertex 141.843 33.2435 3
      vertex 141.649 33.8406 0
      vertex 141.649 33.8406 3
    endloop
  endfacet
  facet normal 0.951061 0.309003 0
    outer loop
      vertex 141.649 33.8406 0
      vertex 141.843 33.2435 3
      vertex 141.843 33.2435 0
    endloop
  endfacet
  facet normal -0.684386 -0.72912 0
    outer loop
      vertex -140.645 -35.4227 0
      vertex -140.187 -35.8526 3
      vertex -140.645 -35.4227 3
    endloop
  endfacet
  facet normal -0.684386 -0.72912 -0
    outer loop
      vertex -140.187 -35.8526 3
      vertex -140.645 -35.4227 0
      vertex -140.187 -35.8526 0
    endloop
  endfacet
  facet normal -0.998069 0.0621106 0
    outer loop
      vertex -142 32 0
      vertex -141.961 32.6267 3
      vertex -141.961 32.6267 0
    endloop
  endfacet
  facet normal -0.998069 0.0621106 0
    outer loop
      vertex -141.961 32.6267 3
      vertex -142 32 0
      vertex -142 32 3
    endloop
  endfacet
  facet normal 0.248678 0.968586 -0
    outer loop
      vertex 138.545 36.7553 0
      vertex 137.937 36.9114 3
      vertex 138.545 36.7553 3
    endloop
  endfacet
  facet normal 0.248678 0.968586 0
    outer loop
      vertex 137.937 36.9114 3
      vertex 138.545 36.7553 0
      vertex 137.937 36.9114 0
    endloop
  endfacet
  facet normal 0.587698 0.80908 -0
    outer loop
      vertex 140.187 35.8526 0
      vertex 139.679 36.2216 3
      vertex 140.187 35.8526 3
    endloop
  endfacet
  facet normal 0.587698 0.80908 0
    outer loop
      vertex 139.679 36.2216 3
      vertex 140.187 35.8526 0
      vertex 139.679 36.2216 0
    endloop
  endfacet
  facet normal 0.982188 0.187902 0
    outer loop
      vertex 141.961 32.6267 3
      vertex 141.843 33.2435 0
      vertex 141.843 33.2435 3
    endloop
  endfacet
  facet normal 0.982188 0.187902 0
    outer loop
      vertex 141.843 33.2435 0
      vertex 141.961 32.6267 3
      vertex 141.961 32.6267 0
    endloop
  endfacet
  facet normal -0.481919 0.876216 0
    outer loop
      vertex -139.129 36.5241 0
      vertex -139.679 36.2216 3
      vertex -139.129 36.5241 3
    endloop
  endfacet
  facet normal -0.481919 0.876216 0
    outer loop
      vertex -139.679 36.2216 3
      vertex -139.129 36.5241 0
      vertex -139.679 36.2216 0
    endloop
  endfacet
  facet normal 1 -0 0
    outer loop
      vertex 142 -32 3
      vertex 142 32 0
      vertex 142 32 3
    endloop
  endfacet
  facet normal 1 0 0
    outer loop
      vertex 142 32 0
      vertex 142 -32 3
      vertex 142 -32 0
    endloop
  endfacet
  facet normal -1 0 0
    outer loop
      vertex -142 -32 0
      vertex -142 32 3
      vertex -142 32 0
    endloop
  endfacet
  facet normal -1 -0 0
    outer loop
      vertex -142 32 3
      vertex -142 -32 0
      vertex -142 -32 3
    endloop
  endfacet
  facet normal -0.684386 0.72912 0
    outer loop
      vertex -140.187 35.8526 0
      vertex -140.645 35.4227 3
      vertex -140.187 35.8526 3
    endloop
  endfacet
  facet normal -0.684386 0.72912 0
    outer loop
      vertex -140.645 35.4227 3
      vertex -140.187 35.8526 0
      vertex -140.645 35.4227 0
    endloop
  endfacet
  facet normal -0.982188 0.187902 0
    outer loop
      vertex -141.961 32.6267 0
      vertex -141.843 33.2435 3
      vertex -141.843 33.2435 0
    endloop
  endfacet
  facet normal -0.982188 0.187902 0
    outer loop
      vertex -141.843 33.2435 3
      vertex -141.961 32.6267 0
      vertex -141.961 32.6267 3
    endloop
  endfacet
  facet normal 0.905057 0.425291 0
    outer loop
      vertex 141.649 33.8406 3
      vertex 141.382 34.4088 0
      vertex 141.382 34.4088 3
    endloop
  endfacet
  facet normal 0.905057 0.425291 0
    outer loop
      vertex 141.382 34.4088 0
      vertex 141.649 33.8406 3
      vertex 141.649 33.8406 0
    endloop
  endfacet
  facet normal 0.998069 0.0621106 0
    outer loop
      vertex 142 32 3
      vertex 141.961 32.6267 0
      vertex 141.961 32.6267 3
    endloop
  endfacet
  facet normal 0.998069 0.0621106 0
    outer loop
      vertex 141.961 32.6267 0
      vertex 142 32 3
      vertex 142 32 0
    endloop
  endfacet
  facet normal 0.951061 -0.309003 0
    outer loop
      vertex 141.649 -33.8406 3
      vertex 141.843 -33.2435 0
      vertex 141.843 -33.2435 3
    endloop
  endfacet
  facet normal 0.951061 -0.309003 0
    outer loop
      vertex 141.843 -33.2435 0
      vertex 141.649 -33.8406 3
      vertex 141.649 -33.8406 0
    endloop
  endfacet
  facet normal -0.587698 -0.80908 0
    outer loop
      vertex -140.187 -35.8526 0
      vertex -139.679 -36.2216 3
      vertex -140.187 -35.8526 3
    endloop
  endfacet
  facet normal -0.587698 -0.80908 -0
    outer loop
      vertex -139.679 -36.2216 3
      vertex -140.187 -35.8526 0
      vertex -139.679 -36.2216 0
    endloop
  endfacet
  facet normal -0.368094 -0.929788 0
    outer loop
      vertex -139.129 -36.5241 0
      vertex -138.545 -36.7553 3
      vertex -139.129 -36.5241 3
    endloop
  endfacet
  facet normal -0.368094 -0.929788 -0
    outer loop
      vertex -138.545 -36.7553 3
      vertex -139.129 -36.5241 0
      vertex -138.545 -36.7553 0
    endloop
  endfacet
  facet normal -0.770696 0.637202 0
    outer loop
      vertex -141.045 34.9389 0
      vertex -140.645 35.4227 3
      vertex -140.645 35.4227 0
    endloop
  endfacet
  facet normal -0.770696 0.637202 0
    outer loop
      vertex -140.645 35.4227 3
      vertex -141.045 34.9389 0
      vertex -141.045 34.9389 3
    endloop
  endfacet
  facet normal -0.248678 0.968586 0
    outer loop
      vertex -137.937 36.9114 0
      vertex -138.545 36.7553 3
      vertex -137.937 36.9114 3
    endloop
  endfacet
  facet normal -0.248678 0.968586 0
    outer loop
      vertex -138.545 36.7553 3
      vertex -137.937 36.9114 0
      vertex -138.545 36.7553 0
    endloop
  endfacet
  facet normal -0.368094 0.929788 0
    outer loop
      vertex -138.545 36.7553 0
      vertex -139.129 36.5241 3
      vertex -138.545 36.7553 3
    endloop
  endfacet
  facet normal -0.368094 0.929788 0
    outer loop
      vertex -139.129 36.5241 3
      vertex -138.545 36.7553 0
      vertex -139.129 36.5241 0
    endloop
  endfacet
  facet normal 0.770696 0.637202 0
    outer loop
      vertex 141.045 34.9389 3
      vertex 140.645 35.4227 0
      vertex 140.645 35.4227 3
    endloop
  endfacet
  facet normal 0.770696 0.637202 0
    outer loop
      vertex 140.645 35.4227 0
      vertex 141.045 34.9389 3
      vertex 141.045 34.9389 0
    endloop
  endfacet
  facet normal 0.843904 0.536494 0
    outer loop
      vertex 141.382 34.4088 3
      vertex 141.045 34.9389 0
      vertex 141.045 34.9389 3
    endloop
  endfacet
  facet normal 0.843904 0.536494 0
    outer loop
      vertex 141.045 34.9389 0
      vertex 141.382 34.4088 3
      vertex 141.382 34.4088 0
    endloop
  endfacet
  facet normal 0.368094 0.929788 -0
    outer loop
      vertex 139.129 36.5241 0
      vertex 138.545 36.7553 3
      vertex 139.129 36.5241 3
    endloop
  endfacet
  facet normal 0.368094 0.929788 0
    outer loop
      vertex 138.545 36.7553 3
      vertex 139.129 36.5241 0
      vertex 138.545 36.7553 0
    endloop
  endfacet
  facet normal 0.125328 0.992115 -0
    outer loop
      vertex 137.937 36.9114 0
      vertex 137.314 36.9901 3
      vertex 137.937 36.9114 3
    endloop
  endfacet
  facet normal 0.125328 0.992115 0
    outer loop
      vertex 137.314 36.9901 3
      vertex 137.937 36.9114 0
      vertex 137.314 36.9901 0
    endloop
  endfacet
  facet normal 0.248678 -0.968586 0
    outer loop
      vertex 137.937 -36.9114 0
      vertex 138.545 -36.7553 3
      vertex 137.937 -36.9114 3
    endloop
  endfacet
  facet normal 0.248678 -0.968586 0
    outer loop
      vertex 138.545 -36.7553 3
      vertex 137.937 -36.9114 0
      vertex 138.545 -36.7553 0
    endloop
  endfacet
  facet normal 0.587698 -0.80908 0
    outer loop
      vertex 139.679 -36.2216 0
      vertex 140.187 -35.8526 3
      vertex 139.679 -36.2216 3
    endloop
  endfacet
  facet normal 0.587698 -0.80908 0
    outer loop
      vertex 140.187 -35.8526 3
      vertex 139.679 -36.2216 0
      vertex 140.187 -35.8526 0
    endloop
  endfacet
  facet normal -0.998069 -0.0621106 0
    outer loop
      vertex -141.961 -32.6267 0
      vertex -142 -32 3
      vertex -142 -32 0
    endloop
  endfacet
  facet normal -0.998069 -0.0621106 0
    outer loop
      vertex -142 -32 3
      vertex -141.961 -32.6267 0
      vertex -141.961 -32.6267 3
    endloop
  endfacet
  facet normal -0.951061 -0.309003 0
    outer loop
      vertex -141.649 -33.8406 0
      vertex -141.843 -33.2435 3
      vertex -141.843 -33.2435 0
    endloop
  endfacet
  facet normal -0.951061 -0.309003 0
    outer loop
      vertex -141.843 -33.2435 3
      vertex -141.649 -33.8406 0
      vertex -141.649 -33.8406 3
    endloop
  endfacet
  facet normal -0.770696 -0.637202 0
    outer loop
      vertex -140.645 -35.4227 0
      vertex -141.045 -34.9389 3
      vertex -141.045 -34.9389 0
    endloop
  endfacet
  facet normal -0.770696 -0.637202 0
    outer loop
      vertex -141.045 -34.9389 3
      vertex -140.645 -35.4227 0
      vertex -140.645 -35.4227 3
    endloop
  endfacet
  facet normal -0.481919 -0.876216 0
    outer loop
      vertex -139.679 -36.2216 0
      vertex -139.129 -36.5241 3
      vertex -139.679 -36.2216 3
    endloop
  endfacet
  facet normal -0.481919 -0.876216 -0
    outer loop
      vertex -139.129 -36.5241 3
      vertex -139.679 -36.2216 0
      vertex -139.129 -36.5241 0
    endloop
  endfacet
  facet normal -0.248678 -0.968586 0
    outer loop
      vertex -138.545 -36.7553 0
      vertex -137.937 -36.9114 3
      vertex -138.545 -36.7553 3
    endloop
  endfacet
  facet normal -0.248678 -0.968586 -0
    outer loop
      vertex -137.937 -36.9114 3
      vertex -138.545 -36.7553 0
      vertex -137.937 -36.9114 0
    endloop
  endfacet
  facet normal -0.125328 -0.992115 0
    outer loop
      vertex -137.937 -36.9114 0
      vertex -137.314 -36.9901 3
      vertex -137.937 -36.9114 3
    endloop
  endfacet
  facet normal -0.125328 -0.992115 -0
    outer loop
      vertex -137.314 -36.9901 3
      vertex -137.937 -36.9114 0
      vertex -137.314 -36.9901 0
    endloop
  endfacet
  facet normal -0.843904 0.536494 0
    outer loop
      vertex -141.382 34.4088 0
      vertex -141.045 34.9389 3
      vertex -141.045 34.9389 0
    endloop
  endfacet
  facet normal -0.843904 0.536494 0
    outer loop
      vertex -141.045 34.9389 3
      vertex -141.382 34.4088 0
      vertex -141.382 34.4088 3
    endloop
  endfacet
  facet normal -0.905057 0.425291 0
    outer loop
      vertex -141.649 33.8406 0
      vertex -141.382 34.4088 3
      vertex -141.382 34.4088 0
    endloop
  endfacet
  facet normal -0.905057 0.425291 0
    outer loop
      vertex -141.382 34.4088 3
      vertex -141.649 33.8406 0
      vertex -141.649 33.8406 3
    endloop
  endfacet
  facet normal 0.481919 0.876216 -0
    outer loop
      vertex 139.679 36.2216 0
      vertex 139.129 36.5241 3
      vertex 139.679 36.2216 3
    endloop
  endfacet
  facet normal 0.481919 0.876216 0
    outer loop
      vertex 139.129 36.5241 3
      vertex 139.679 36.2216 0
      vertex 139.129 36.5241 0
    endloop
  endfacet
  facet normal 0.125328 -0.992115 0
    outer loop
      vertex 137.314 -36.9901 0
      vertex 137.937 -36.9114 3
      vertex 137.314 -36.9901 3
    endloop
  endfacet
  facet normal 0.125328 -0.992115 0
    outer loop
      vertex 137.937 -36.9114 3
      vertex 137.314 -36.9901 0
      vertex 137.937 -36.9114 0
    endloop
  endfacet
  facet normal 0.684386 -0.72912 0
    outer loop
      vertex 140.187 -35.8526 0
      vertex 140.645 -35.4227 3
      vertex 140.187 -35.8526 3
    endloop
  endfacet
  facet normal 0.684386 -0.72912 0
    outer loop
      vertex 140.645 -35.4227 3
      vertex 140.187 -35.8526 0
      vertex 140.645 -35.4227 0
    endloop
  endfacet
  facet normal 0.368094 -0.929788 0
    outer loop
      vertex 138.545 -36.7553 0
      vertex 139.129 -36.5241 3
      vertex 138.545 -36.7553 3
    endloop
  endfacet
  facet normal 0.368094 -0.929788 0
    outer loop
      vertex 139.129 -36.5241 3
      vertex 138.545 -36.7553 0
      vertex 139.129 -36.5241 0
    endloop
  endfacet
  facet normal 0.982188 -0.187902 0
    outer loop
      vertex 141.843 -33.2435 3
      vertex 141.961 -32.6267 0
      vertex 141.961 -32.6267 3
    endloop
  endfacet
  facet normal 0.982188 -0.187902 0
    outer loop
      vertex 141.961 -32.6267 0
      vertex 141.843 -33.2435 3
      vertex 141.843 -33.2435 0
    endloop
  endfacet
  facet normal 0.998069 -0.0621106 0
    outer loop
      vertex 141.961 -32.6267 3
      vertex 142 -32 0
      vertex 142 -32 3
    endloop
  endfacet
  facet normal 0.998069 -0.0621106 0
    outer loop
      vertex 142 -32 0
      vertex 141.961 -32.6267 3
      vertex 141.961 -32.6267 0
    endloop
  endfacet
  facet normal 0 0 -1
    outer loop
      vertex 132.094 -29.2539 0
      vertex -132.094 -29.2539 0
      vertex 132.094 29.2539 0
    endloop
  endfacet
  facet normal 0 0 -1
    outer loop
      vertex 132.094 29.2539 0
      vertex -132.024 29.624 0
      vertex -132 30 0
    endloop
  endfacet
  facet normal 0 0 -1
    outer loop
      vertex -132.094 29.2539 0
      vertex 132.094 29.2539 0
      vertex -132.094 -29.2539 0
    endloop
  endfacet
  facet normal 0 0 -1
    outer loop
      vertex 132.094 29.2539 0
      vertex -132.094 29.2539 0
      vertex -132.024 29.624 0
    endloop
  endfacet
  facet normal 0 0 -1
    outer loop
      vertex -132.211 -28.8956 0
      vertex -132.094 29.2539 0
      vertex -132.094 -29.2539 0
    endloop
  endfacet
  facet normal 0 0 -1
    outer loop
      vertex -132.211 -28.8956 0
      vertex -132.211 28.8956 0
      vertex -132.094 29.2539 0
    endloop
  endfacet
  facet normal 0 0 -1
    outer loop
      vertex -132.371 -28.5547 0
      vertex -132.211 28.8956 0
      vertex -132.211 -28.8956 0
    endloop
  endfacet
  facet normal 0 0 -1
    outer loop
      vertex -132.371 -28.5547 0
      vertex -132.371 28.5547 0
      vertex -132.211 28.8956 0
    endloop
  endfacet
  facet normal 0 0 -1
    outer loop
      vertex -132.573 -28.2366 0
      vertex -132.371 28.5547 0
      vertex -132.371 -28.5547 0
    endloop
  endfacet
  facet normal 0 0 -1
    outer loop
      vertex -132.573 -28.2366 0
      vertex -132.573 28.2366 0
      vertex -132.371 28.5547 0
    endloop
  endfacet
  facet normal 0 0 -1
    outer loop
      vertex -132.813 -27.9464 0
      vertex -132.573 28.2366 0
      vertex -132.573 -28.2366 0
    endloop
  endfacet
  facet normal 0 0 -1
    outer loop
      vertex -132.813 -27.9464 0
      vertex -132.813 27.9464 0
      vertex -132.573 28.2366 0
    endloop
  endfacet
  facet normal 0 0 -1
    outer loop
      vertex -133.088 -27.6885 0
      vertex -132.813 27.9464 0
      vertex -132.813 -27.9464 0
    endloop
  endfacet
  facet normal 0 0 -1
    outer loop
      vertex -133.088 -27.6885 0
      vertex -133.088 27.6885 0
      vertex -132.813 27.9464 0
    endloop
  endfacet
  facet normal 0 0 -1
    outer loop
      vertex -133.393 -27.467 0
      vertex -133.088 27.6885 0
      vertex -133.088 -27.6885 0
    endloop
  endfacet
  facet normal 0 0 -1
    outer loop
      vertex -133.393 -27.467 0
      vertex -133.393 27.467 0
      vertex -133.088 27.6885 0
    endloop
  endfacet
  facet normal 0 0 -1
    outer loop
      vertex -133.723 -27.2855 0
      vertex -133.393 27.467 0
      vertex -133.393 -27.467 0
    endloop
  endfacet
  facet normal 0 0 -1
    outer loop
      vertex -133.723 -27.2855 0
      vertex -133.723 27.2855 0
      vertex -133.393 27.467 0
    endloop
  endfacet
  facet normal 0 0 -1
    outer loop
      vertex -134.073 -27.1468 0
      vertex -133.723 27.2855 0
      vertex -133.723 -27.2855 0
    endloop
  endfacet
  facet normal 0 0 -1
    outer loop
      vertex -134.073 -27.1468 0
      vertex -134.073 27.1468 0
      vertex -133.723 27.2855 0
    endloop
  endfacet
  facet normal 0 0 -1
    outer loop
      vertex -134.438 -27.0531 0
      vertex -134.073 27.1468 0
      vertex -134.073 -27.1468 0
    endloop
  endfacet
  facet normal 0 0 -1
    outer loop
      vertex -134.438 -27.0531 0
      vertex -134.438 27.0531 0
      vertex -134.073 27.1468 0
    endloop
  endfacet
  facet normal 0 0 -1
    outer loop
      vertex -134.812 -27.0059 0
      vertex -134.438 27.0531 0
      vertex -134.438 -27.0531 0
    endloop
  endfacet
  facet normal 0 0 -1
    outer loop
      vertex -134.812 -27.0059 0
      vertex -134.812 27.0059 0
      vertex -134.438 27.0531 0
    endloop
  endfacet
  facet normal 0 0 -1
    outer loop
      vertex -135.188 -27.0059 0
      vertex -134.812 27.0059 0
      vertex -134.812 -27.0059 0
    endloop
  endfacet
  facet normal 0 0 -1
    outer loop
      vertex -135.188 -27.0059 0
      vertex -135.188 27.0059 0
      vertex -134.812 27.0059 0
    endloop
  endfacet
  facet normal 0 0 -1
    outer loop
      vertex -135.562 -27.0531 0
      vertex -135.188 27.0059 0
      vertex -135.188 -27.0059 0
    endloop
  endfacet
  facet normal 0 0 -1
    outer loop
      vertex -135.562 -27.0531 0
      vertex -135.562 27.0531 0
      vertex -135.188 27.0059 0
    endloop
  endfacet
  facet normal 0 0 -1
    outer loop
      vertex -135.927 -27.1468 0
      vertex -135.562 27.0531 0
      vertex -135.562 -27.0531 0
    endloop
  endfacet
  facet normal 0 0 -1
    outer loop
      vertex -135.927 -27.1468 0
      vertex -135.927 27.1468 0
      vertex -135.562 27.0531 0
    endloop
  endfacet
  facet normal 0 0 -1
    outer loop
      vertex -136.277 -27.2855 0
      vertex -135.927 27.1468 0
      vertex -135.927 -27.1468 0
    endloop
  endfacet
  facet normal 0 0 -1
    outer loop
      vertex -136.277 -27.2855 0
      vertex -136.277 27.2855 0
      vertex -135.927 27.1468 0
    endloop
  endfacet
  facet normal 0 0 -1
    outer loop
      vertex -136.607 -27.467 0
      vertex -136.277 27.2855 0
      vertex -136.277 -27.2855 0
    endloop
  endfacet
  facet normal 0 0 -1
    outer loop
      vertex -136.607 -27.467 0
      vertex -136.607 27.467 0
      vertex -136.277 27.2855 0
    endloop
  endfacet
  facet normal 0 0 -1
    outer loop
      vertex -136.912 -27.6885 0
      vertex -136.607 27.467 0
      vertex -136.607 -27.467 0
    endloop
  endfacet
  facet normal 0 0 -1
    outer loop
      vertex -136.912 -27.6885 0
      vertex -136.912 27.6885 0
      vertex -136.607 27.467 0
    endloop
  endfacet
  facet normal 0 0 -1
    outer loop
      vertex -137.187 -27.9464 0
      vertex -136.912 27.6885 0
      vertex -136.912 -27.6885 0
    endloop
  endfacet
  facet normal 0 0 -1
    outer loop
      vertex -137.187 -27.9464 0
      vertex -137.187 27.9464 0
      vertex -136.912 27.6885 0
    endloop
  endfacet
  facet normal 0 0 -1
    outer loop
      vertex -142 -32 0
      vertex -137.187 -27.9464 0
      vertex -137.427 -28.2366 0
    endloop
  endfacet
  facet normal -0 0 -1
    outer loop
      vertex -137.187 -27.9464 0
      vertex -142 -32 0
      vertex -137.187 27.9464 0
    endloop
  endfacet
  facet normal 0 0 -1
    outer loop
      vertex -142 -32 0
      vertex -137.427 -28.2366 0
      vertex -137.629 -28.5547 0
    endloop
  endfacet
  facet normal 0 0 -1
    outer loop
      vertex -142 32 0
      vertex -137.187 27.9464 0
      vertex -142 -32 0
    endloop
  endfacet
  facet normal 0 0 -1
    outer loop
      vertex -142 -32 0
      vertex -137.629 -28.5547 0
      vertex -137.789 -28.8956 0
    endloop
  endfacet
  facet normal 0 0 -1
    outer loop
      vertex -137.187 27.9464 0
      vertex -142 32 0
      vertex -137.427 28.2366 0
    endloop
  endfacet
  facet normal 0 0 -1
    outer loop
      vertex -142 -32 0
      vertex -137.789 -28.8956 0
      vertex -137.906 -29.2539 0
    endloop
  endfacet
  facet normal 0 0 -1
    outer loop
      vertex -137.427 28.2366 0
      vertex -142 32 0
      vertex -137.629 28.5547 0
    endloop
  endfacet
  facet normal 0 0 -1
    outer loop
      vertex -142 -32 0
      vertex -137.906 -29.2539 0
      vertex -137.976 -29.624 0
    endloop
  endfacet
  facet normal 0 0 -1
    outer loop
      vertex -137.629 28.5547 0
      vertex -142 32 0
      vertex -137.789 28.8956 0
    endloop
  endfacet
  facet normal 0 0 -1
    outer loop
      vertex -142 -32 0
      vertex -137.976 -29.624 0
      vertex -138 -30 0
    endloop
  endfacet
  facet normal 0 0 -1
    outer loop
      vertex -137.789 28.8956 0
      vertex -142 32 0
      vertex -137.906 29.2539 0
    endloop
  endfacet
  facet normal 0 0 -1
    outer loop
      vertex 137.789 -28.8956 0
      vertex 142 -32 0
      vertex 137.906 -29.2539 0
    endloop
  endfacet
  facet normal 0 0 -1
    outer loop
      vertex 142 32 0
      vertex 137.976 29.624 0
      vertex 138 30 0
    endloop
  endfacet
  facet normal 0 0 -1
    outer loop
      vertex 137.629 -28.5547 0
      vertex 142 -32 0
      vertex 137.789 -28.8956 0
    endloop
  endfacet
  facet normal 0 0 -1
    outer loop
      vertex 142 32 0
      vertex 137.906 29.2539 0
      vertex 137.976 29.624 0
    endloop
  endfacet
  facet normal 0 0 -1
    outer loop
      vertex 137.427 -28.2366 0
      vertex 142 -32 0
      vertex 137.629 -28.5547 0
    endloop
  endfacet
  facet normal 0 0 -1
    outer loop
      vertex 142 32 0
      vertex 137.789 28.8956 0
      vertex 137.906 29.2539 0
    endloop
  endfacet
  facet normal 0 0 -1
    outer loop
      vertex 137.187 -27.9464 0
      vertex 142 -32 0
      vertex 137.427 -28.2366 0
    endloop
  endfacet
  facet normal 0 0 -1
    outer loop
      vertex 142 32 0
      vertex 137.629 28.5547 0
      vertex 137.789 28.8956 0
    endloop
  endfacet
  facet normal 0 0 -1
    outer loop
      vertex 142 -32 0
      vertex 137.187 -27.9464 0
      vertex 142 32 0
    endloop
  endfacet
  facet normal 0 0 -1
    outer loop
      vertex 142 32 0
      vertex 137.427 28.2366 0
      vertex 137.629 28.5547 0
    endloop
  endfacet
  facet normal 0 0 -1
    outer loop
      vertex 137.187 27.9464 0
      vertex 142 32 0
      vertex 137.187 -27.9464 0
    endloop
  endfacet
  facet normal 0 0 -1
    outer loop
      vertex 142 32 0
      vertex 137.187 27.9464 0
      vertex 137.427 28.2366 0
    endloop
  endfacet
  facet normal 0 0 -1
    outer loop
      vertex 136.912 -27.6885 0
      vertex 137.187 27.9464 0
      vertex 137.187 -27.9464 0
    endloop
  endfacet
  facet normal 0 0 -1
    outer loop
      vertex 136.912 -27.6885 0
      vertex 136.912 27.6885 0
      vertex 137.187 27.9464 0
    endloop
  endfacet
  facet normal 0 0 -1
    outer loop
      vertex 136.607 -27.467 0
      vertex 136.912 27.6885 0
      vertex 136.912 -27.6885 0
    endloop
  endfacet
  facet normal 0 0 -1
    outer loop
      vertex 136.607 -27.467 0
      vertex 136.607 27.467 0
      vertex 136.912 27.6885 0
    endloop
  endfacet
  facet normal 0 0 -1
    outer loop
      vertex 136.277 -27.2855 0
      vertex 136.607 27.467 0
      vertex 136.607 -27.467 0
    endloop
  endfacet
  facet normal 0 0 -1
    outer loop
      vertex 136.277 -27.2855 0
      vertex 136.277 27.2855 0
      vertex 136.607 27.467 0
    endloop
  endfacet
  facet normal 0 0 -1
    outer loop
      vertex 135.927 -27.1468 0
      vertex 136.277 27.2855 0
      vertex 136.277 -27.2855 0
    endloop
  endfacet
  facet normal 0 0 -1
    outer loop
      vertex 135.927 -27.1468 0
      vertex 135.927 27.1468 0
      vertex 136.277 27.2855 0
    endloop
  endfacet
  facet normal 0 0 -1
    outer loop
      vertex 135.562 -27.0531 0
      vertex 135.927 27.1468 0
      vertex 135.927 -27.1468 0
    endloop
  endfacet
  facet normal 0 0 -1
    outer loop
      vertex 135.562 -27.0531 0
      vertex 135.562 27.0531 0
      vertex 135.927 27.1468 0
    endloop
  endfacet
  facet normal 0 0 -1
    outer loop
      vertex 135.188 -27.0059 0
      vertex 135.562 27.0531 0
      vertex 135.562 -27.0531 0
    endloop
  endfacet
  facet normal 0 0 -1
    outer loop
      vertex 135.188 -27.0059 0
      vertex 135.188 27.0059 0
      vertex 135.562 27.0531 0
    endloop
  endfacet
  facet normal 0 0 -1
    outer loop
      vertex 134.812 -27.0059 0
      vertex 135.188 27.0059 0
      vertex 135.188 -27.0059 0
    endloop
  endfacet
  facet normal 0 0 -1
    outer loop
      vertex 134.812 -27.0059 0
      vertex 134.812 27.0059 0
      vertex 135.188 27.0059 0
    endloop
  endfacet
  facet normal 0 0 -1
    outer loop
      vertex 134.438 -27.0531 0
      vertex 134.812 27.0059 0
      vertex 134.812 -27.0059 0
    endloop
  endfacet
  facet normal 0 0 -1
    outer loop
      vertex 134.438 -27.0531 0
      vertex 134.438 27.0531 0
      vertex 134.812 27.0059 0
    endloop
  endfacet
  facet normal 0 0 -1
    outer loop
      vertex 134.073 -27.1468 0
      vertex 134.438 27.0531 0
      vertex 134.438 -27.0531 0
    endloop
  endfacet
  facet normal 0 0 -1
    outer loop
      vertex 134.073 -27.1468 0
      vertex 134.073 27.1468 0
      vertex 134.438 27.0531 0
    endloop
  endfacet
  facet normal 0 0 -1
    outer loop
      vertex 133.723 -27.2855 0
      vertex 134.073 27.1468 0
      vertex 134.073 -27.1468 0
    endloop
  endfacet
  facet normal 0 0 -1
    outer loop
      vertex 133.723 -27.2855 0
      vertex 133.723 27.2855 0
      vertex 134.073 27.1468 0
    endloop
  endfacet
  facet normal 0 0 -1
    outer loop
      vertex 133.393 -27.467 0
      vertex 133.723 27.2855 0
      vertex 133.723 -27.2855 0
    endloop
  endfacet
  facet normal 0 0 -1
    outer loop
      vertex 133.393 -27.467 0
      vertex 133.393 27.467 0
      vertex 133.723 27.2855 0
    endloop
  endfacet
  facet normal 0 0 -1
    outer loop
      vertex 133.088 -27.6885 0
      vertex 133.393 27.467 0
      vertex 133.393 -27.467 0
    endloop
  endfacet
  facet normal 0 0 -1
    outer loop
      vertex 133.088 -27.6885 0
      vertex 133.088 27.6885 0
      vertex 133.393 27.467 0
    endloop
  endfacet
  facet normal 0 0 -1
    outer loop
      vertex 132.813 -27.9464 0
      vertex 133.088 27.6885 0
      vertex 133.088 -27.6885 0
    endloop
  endfacet
  facet normal 0 0 -1
    outer loop
      vertex 132.813 -27.9464 0
      vertex 132.813 27.9464 0
      vertex 133.088 27.6885 0
    endloop
  endfacet
  facet normal 0 0 -1
    outer loop
      vertex 132.573 -28.2366 0
      vertex 132.813 27.9464 0
      vertex 132.813 -27.9464 0
    endloop
  endfacet
  facet normal 0 0 -1
    outer loop
      vertex 132.573 -28.2366 0
      vertex 132.573 28.2366 0
      vertex 132.813 27.9464 0
    endloop
  endfacet
  facet normal 0 0 -1
    outer loop
      vertex 132.371 -28.5547 0
      vertex 132.573 28.2366 0
      vertex 132.573 -28.2366 0
    endloop
  endfacet
  facet normal 0 0 -1
    outer loop
      vertex 132.371 -28.5547 0
      vertex 132.371 28.5547 0
      vertex 132.573 28.2366 0
    endloop
  endfacet
  facet normal 0 0 -1
    outer loop
      vertex 132.211 -28.8956 0
      vertex 132.371 28.5547 0
      vertex 132.371 -28.5547 0
    endloop
  endfacet
  facet normal 0 0 -1
    outer loop
      vertex 132.211 -28.8956 0
      vertex 132.211 28.8956 0
      vertex 132.371 28.5547 0
    endloop
  endfacet
  facet normal 0 0 -1
    outer loop
      vertex 132.094 -29.2539 0
      vertex 132.211 28.8956 0
      vertex 132.211 -28.8956 0
    endloop
  endfacet
  facet normal 0 0 -1
    outer loop
      vertex 132.094 -29.2539 0
      vertex 132.094 29.2539 0
      vertex 132.211 28.8956 0
    endloop
  endfacet
  facet normal 0 0 -1
    outer loop
      vertex -132.024 -29.624 0
      vertex 132.024 -29.624 0
      vertex -132 -30 0
    endloop
  endfacet
  facet normal 0 0 -1
    outer loop
      vertex 132.024 -29.624 0
      vertex -132.024 -29.624 0
      vertex 132.094 -29.2539 0
    endloop
  endfacet
  facet normal 0 0 -1
    outer loop
      vertex -132 -30 0
      vertex 132.024 -29.624 0
      vertex 132 -30 0
    endloop
  endfacet
  facet normal 0 0 -1
    outer loop
      vertex -132.094 -29.2539 0
      vertex 132.094 -29.2539 0
      vertex -132.024 -29.624 0
    endloop
  endfacet
  facet normal 0 0 -1
    outer loop
      vertex 137.789 -31.1044 0
      vertex 142 -32 0
      vertex 141.961 -32.6267 0
    endloop
  endfacet
  facet normal 0 0 -1
    outer loop
      vertex 137.976 -29.624 0
      vertex 142 -32 0
      vertex 138 -30 0
    endloop
  endfacet
  facet normal 0 0 -1
    outer loop
      vertex 137.629 -31.4453 0
      vertex 141.961 -32.6267 0
      vertex 141.843 -33.2435 0
    endloop
  endfacet
  facet normal 0 0 -1
    outer loop
      vertex 137.906 -29.2539 0
      vertex 142 -32 0
      vertex 137.976 -29.624 0
    endloop
  endfacet
  facet normal 0 0 -1
    outer loop
      vertex 137.629 -31.4453 0
      vertex 141.843 -33.2435 0
      vertex 141.649 -33.8406 0
    endloop
  endfacet
  facet normal 0 0 -1
    outer loop
      vertex 137.976 30.376 0
      vertex 142 32 0
      vertex 138 30 0
    endloop
  endfacet
  facet normal 0 0 -1
    outer loop
      vertex 137.427 -31.7634 0
      vertex 141.649 -33.8406 0
      vertex 141.382 -34.4088 0
    endloop
  endfacet
  facet normal 0 0 -1
    outer loop
      vertex 137.906 30.7461 0
      vertex 142 32 0
      vertex 137.976 30.376 0
    endloop
  endfacet
  facet normal 0 0 -1
    outer loop
      vertex 137.427 -31.7634 0
      vertex 141.382 -34.4088 0
      vertex 141.045 -34.9389 0
    endloop
  endfacet
  facet normal 0 0 -1
    outer loop
      vertex 137.789 31.1044 0
      vertex 142 32 0
      vertex 137.906 30.7461 0
    endloop
  endfacet
  facet normal 0 0 -1
    outer loop
      vertex 137.187 -32.0536 0
      vertex 141.045 -34.9389 0
      vertex 140.645 -35.4227 0
    endloop
  endfacet
  facet normal -0 0 -1
    outer loop
      vertex 142 32 0
      vertex 137.789 31.1044 0
      vertex 141.961 32.6267 0
    endloop
  endfacet
  facet normal 0 0 -1
    outer loop
      vertex 137.187 -32.0536 0
      vertex 140.645 -35.4227 0
      vertex 140.187 -35.8526 0
    endloop
  endfacet
  facet normal 0 0 -1
    outer loop
      vertex 137.629 31.4453 0
      vertex 141.961 32.6267 0
      vertex 137.789 31.1044 0
    endloop
  endfacet
  facet normal 0 0 -1
    outer loop
      vertex 136.912 -32.3115 0
      vertex 140.187 -35.8526 0
      vertex 139.679 -36.2216 0
    endloop
  endfacet
  facet normal -0 0 -1
    outer loop
      vertex 141.961 32.6267 0
      vertex 137.629 31.4453 0
      vertex 141.843 33.2435 0
    endloop
  endfacet
  facet normal 0 0 -1
    outer loop
      vertex 136.912 -32.3115 0
      vertex 139.679 -36.2216 0
      vertex 139.129 -36.5241 0
    endloop
  endfacet
  facet normal -0 0 -1
    outer loop
      vertex 141.843 33.2435 0
      vertex 137.629 31.4453 0
      vertex 141.649 33.8406 0
    endloop
  endfacet
  facet normal 0 0 -1
    outer loop
      vertex 136.607 -32.533 0
      vertex 139.129 -36.5241 0
      vertex 138.545 -36.7553 0
    endloop
  endfacet
  facet normal 0 0 -1
    outer loop
      vertex 137.427 31.7634 0
      vertex 141.649 33.8406 0
      vertex 137.629 31.4453 0
    endloop
  endfacet
  facet normal -0 0 -1
    outer loop
      vertex 141.649 33.8406 0
      vertex 137.427 31.7634 0
      vertex 141.382 34.4088 0
    endloop
  endfacet
  facet normal 0 0 -1
    outer loop
      vertex 142 -32 0
      vertex 137.976 -30.376 0
      vertex 138 -30 0
    endloop
  endfacet
  facet normal 0 0 -1
    outer loop
      vertex 136.607 -32.533 0
      vertex 138.545 -36.7553 0
      vertex 137.937 -36.9114 0
    endloop
  endfacet
  facet normal 0 0 -1
    outer loop
      vertex 142 -32 0
      vertex 137.906 -30.7461 0
      vertex 137.976 -30.376 0
    endloop
  endfacet
  facet normal 0 0 -1
    outer loop
      vertex 142 -32 0
      vertex 137.789 -31.1044 0
      vertex 137.906 -30.7461 0
    endloop
  endfacet
  facet normal 0 0 -1
    outer loop
      vertex 141.961 -32.6267 0
      vertex 137.629 -31.4453 0
      vertex 137.789 -31.1044 0
    endloop
  endfacet
  facet normal 0 0 -1
    outer loop
      vertex 141.649 -33.8406 0
      vertex 137.427 -31.7634 0
      vertex 137.629 -31.4453 0
    endloop
  endfacet
  facet normal 0 0 -1
    outer loop
      vertex 136.277 -32.7145 0
      vertex 137.937 -36.9114 0
      vertex 137.314 -36.9901 0
    endloop
  endfacet
  facet normal 0 0 -1
    outer loop
      vertex 141.045 -34.9389 0
      vertex 137.187 -32.0536 0
      vertex 137.427 -31.7634 0
    endloop
  endfacet
  facet normal 0 0 -1
    outer loop
      vertex 140.187 -35.8526 0
      vertex 136.912 -32.3115 0
      vertex 137.187 -32.0536 0
    endloop
  endfacet
  facet normal 0 0 -1
    outer loop
      vertex 139.129 -36.5241 0
      vertex 136.607 -32.533 0
      vertex 136.912 -32.3115 0
    endloop
  endfacet
  facet normal 0 0 -1
    outer loop
      vertex 137.937 -36.9114 0
      vertex 136.277 -32.7145 0
      vertex 136.607 -32.533 0
    endloop
  endfacet
  facet normal 0 0 -1
    outer loop
      vertex 137.314 -36.9901 0
      vertex 135.927 -32.8532 0
      vertex 136.277 -32.7145 0
    endloop
  endfacet
  facet normal 0 0 -1
    outer loop
      vertex 137.314 -36.9901 0
      vertex 135.562 -32.9469 0
      vertex 135.927 -32.8532 0
    endloop
  endfacet
  facet normal 0 0 -1
    outer loop
      vertex 137.314 -36.9901 0
      vertex 135.188 -32.9941 0
      vertex 135.562 -32.9469 0
    endloop
  endfacet
  facet normal 0 0 -1
    outer loop
      vertex 137.314 -36.9901 0
      vertex 134.812 -32.9941 0
      vertex 135.188 -32.9941 0
    endloop
  endfacet
  facet normal 0 0 -1
    outer loop
      vertex 137.314 -36.9901 0
      vertex 134.438 -32.9469 0
      vertex 134.812 -32.9941 0
    endloop
  endfacet
  facet normal 0 0 -1
    outer loop
      vertex 137.314 -36.9901 0
      vertex 134.073 -32.8532 0
      vertex 134.438 -32.9469 0
    endloop
  endfacet
  facet normal 0 0 -1
    outer loop
      vertex 137.314 -36.9901 0
      vertex 133.723 -32.7145 0
      vertex 134.073 -32.8532 0
    endloop
  endfacet
  facet normal 0 0 -1
    outer loop
      vertex 137.314 -36.9901 0
      vertex 133.393 -32.533 0
      vertex 133.723 -32.7145 0
    endloop
  endfacet
  facet normal 0 0 -1
    outer loop
      vertex 137.314 -36.9901 0
      vertex 133.088 -32.3115 0
      vertex 133.393 -32.533 0
    endloop
  endfacet
  facet normal 0 0 -1
    outer loop
      vertex 137.314 -36.9901 0
      vertex 132.813 -32.0536 0
      vertex 133.088 -32.3115 0
    endloop
  endfacet
  facet normal 0 0 -1
    outer loop
      vertex 132.094 29.2539 0
      vertex -132 30 0
      vertex 132.024 29.624 0
    endloop
  endfacet
  facet normal 0 0 -1
    outer loop
      vertex 132.024 -30.376 0
      vertex -132 -30 0
      vertex 132 -30 0
    endloop
  endfacet
  facet normal 0 0 -1
    outer loop
      vertex -132.024 -30.376 0
      vertex 132.024 -30.376 0
      vertex 132.094 -30.7461 0
    endloop
  endfacet
  facet normal 0 0 -1
    outer loop
      vertex -132.094 -30.7461 0
      vertex 132.094 -30.7461 0
      vertex 132.211 -31.1044 0
    endloop
  endfacet
  facet normal 0 0 -1
    outer loop
      vertex -132.211 -31.1044 0
      vertex 132.211 -31.1044 0
      vertex 132.371 -31.4453 0
    endloop
  endfacet
  facet normal 0 0 -1
    outer loop
      vertex -132.371 -31.4453 0
      vertex 132.371 -31.4453 0
      vertex 132.573 -31.7634 0
    endloop
  endfacet
  facet normal 0 0 -1
    outer loop
      vertex -132.573 -31.7634 0
      vertex 132.573 -31.7634 0
      vertex 132.813 -32.0536 0
    endloop
  endfacet
  facet normal 0 0 -1
    outer loop
      vertex -132.813 -32.0536 0
      vertex 132.813 -32.0536 0
      vertex 137.314 -36.9901 0
    endloop
  endfacet
  facet normal 0 0 -1
    outer loop
      vertex 132.024 -30.376 0
      vertex -132.024 -30.376 0
      vertex -132 -30 0
    endloop
  endfacet
  facet normal 0 0 -1
    outer loop
      vertex 132.094 -30.7461 0
      vertex -132.094 -30.7461 0
      vertex -132.024 -30.376 0
    endloop
  endfacet
  facet normal 0 0 -1
    outer loop
      vertex 132.211 -31.1044 0
      vertex -132.211 -31.1044 0
      vertex -132.094 -30.7461 0
    endloop
  endfacet
  facet normal 0 0 -1
    outer loop
      vertex 132.371 -31.4453 0
      vertex -132.371 -31.4453 0
      vertex -132.211 -31.1044 0
    endloop
  endfacet
  facet normal 0 0 -1
    outer loop
      vertex 132.573 -31.7634 0
      vertex -132.573 -31.7634 0
      vertex -132.371 -31.4453 0
    endloop
  endfacet
  facet normal 0 0 -1
    outer loop
      vertex 132.813 -32.0536 0
      vertex -132.813 -32.0536 0
      vertex -132.573 -31.7634 0
    endloop
  endfacet
  facet normal 0 0 -1
    outer loop
      vertex -137.314 -36.9901 0
      vertex -132.813 -32.0536 0
      vertex 137.314 -36.9901 0
    endloop
  endfacet
  facet normal 0 0 -1
    outer loop
      vertex -132.813 -32.0536 0
      vertex -137.314 -36.9901 0
      vertex -133.088 -32.3115 0
    endloop
  endfacet
  facet normal 0 0 -1
    outer loop
      vertex -133.088 -32.3115 0
      vertex -137.314 -36.9901 0
      vertex -133.393 -32.533 0
    endloop
  endfacet
  facet normal 0 0 -1
    outer loop
      vertex -133.393 -32.533 0
      vertex -137.314 -36.9901 0
      vertex -133.723 -32.7145 0
    endloop
  endfacet
  facet normal 0 0 -1
    outer loop
      vertex -133.723 -32.7145 0
      vertex -137.314 -36.9901 0
      vertex -134.073 -32.8532 0
    endloop
  endfacet
  facet normal 0 0 -1
    outer loop
      vertex -134.073 -32.8532 0
      vertex -137.314 -36.9901 0
      vertex -134.438 -32.9469 0
    endloop
  endfacet
  facet normal 0 0 -1
    outer loop
      vertex -134.438 -32.9469 0
      vertex -137.314 -36.9901 0
      vertex -134.812 -32.9941 0
    endloop
  endfacet
  facet normal -0 0 -1
    outer loop
      vertex -134.812 -32.9941 0
      vertex -137.314 -36.9901 0
      vertex -135.188 -32.9941 0
    endloop
  endfacet
  facet normal 0 0 -1
    outer loop
      vertex -137.314 -36.9901 0
      vertex -135.562 -32.9469 0
      vertex -135.188 -32.9941 0
    endloop
  endfacet
  facet normal 0 0 -1
    outer loop
      vertex -137.314 -36.9901 0
      vertex -135.927 -32.8532 0
      vertex -135.562 -32.9469 0
    endloop
  endfacet
  facet normal 0 0 -1
    outer loop
      vertex -137.314 -36.9901 0
      vertex -136.277 -32.7145 0
      vertex -135.927 -32.8532 0
    endloop
  endfacet
  facet normal 0 0 -1
    outer loop
      vertex -137.937 -36.9114 0
      vertex -136.277 -32.7145 0
      vertex -137.314 -36.9901 0
    endloop
  endfacet
  facet normal -0 0 -1
    outer loop
      vertex -136.277 -32.7145 0
      vertex -137.937 -36.9114 0
      vertex -136.607 -32.533 0
    endloop
  endfacet
  facet normal 0 0 -1
    outer loop
      vertex -138.545 -36.7553 0
      vertex -136.607 -32.533 0
      vertex -137.937 -36.9114 0
    endloop
  endfacet
  facet normal 0 0 -1
    outer loop
      vertex -139.129 -36.5241 0
      vertex -136.607 -32.533 0
      vertex -138.545 -36.7553 0
    endloop
  endfacet
  facet normal -0 0 -1
    outer loop
      vertex -136.607 -32.533 0
      vertex -139.129 -36.5241 0
      vertex -136.912 -32.3115 0
    endloop
  endfacet
  facet normal 0 0 -1
    outer loop
      vertex -139.679 -36.2216 0
      vertex -136.912 -32.3115 0
      vertex -139.129 -36.5241 0
    endloop
  endfacet
  facet normal 0 0 -1
    outer loop
      vertex -140.187 -35.8526 0
      vertex -136.912 -32.3115 0
      vertex -139.679 -36.2216 0
    endloop
  endfacet
  facet normal -0 0 -1
    outer loop
      vertex -136.912 -32.3115 0
      vertex -140.187 -35.8526 0
      vertex -137.187 -32.0536 0
    endloop
  endfacet
  facet normal 0 0 -1
    outer loop
      vertex -140.645 -35.4227 0
      vertex -137.187 -32.0536 0
      vertex -140.187 -35.8526 0
    endloop
  endfacet
  facet normal 0 0 -1
    outer loop
      vertex -141.045 -34.9389 0
      vertex -137.187 -32.0536 0
      vertex -140.645 -35.4227 0
    endloop
  endfacet
  facet normal 0 0 -1
    outer loop
      vertex -141.382 -34.4088 0
      vertex -137.427 -31.7634 0
      vertex -141.045 -34.9389 0
    endloop
  endfacet
  facet normal -0 0 -1
    outer loop
      vertex -137.187 -32.0536 0
      vertex -141.045 -34.9389 0
      vertex -137.427 -31.7634 0
    endloop
  endfacet
  facet normal -0 0 -1
    outer loop
      vertex 141.382 34.4088 0
      vertex 137.427 31.7634 0
      vertex 141.045 34.9389 0
    endloop
  endfacet
  facet normal 0 0 -1
    outer loop
      vertex 137.187 32.0536 0
      vertex 141.045 34.9389 0
      vertex 137.427 31.7634 0
    endloop
  endfacet
  facet normal -0 0 -1
    outer loop
      vertex 141.045 34.9389 0
      vertex 137.187 32.0536 0
      vertex 140.645 35.4227 0
    endloop
  endfacet
  facet normal -0 0 -1
    outer loop
      vertex 140.645 35.4227 0
      vertex 137.187 32.0536 0
      vertex 140.187 35.8526 0
    endloop
  endfacet
  facet normal 0 0 -1
    outer loop
      vertex 136.912 32.3115 0
      vertex 140.187 35.8526 0
      vertex 137.187 32.0536 0
    endloop
  endfacet
  facet normal -0 0 -1
    outer loop
      vertex 140.187 35.8526 0
      vertex 136.912 32.3115 0
      vertex 139.679 36.2216 0
    endloop
  endfacet
  facet normal -0 0 -1
    outer loop
      vertex 139.679 36.2216 0
      vertex 136.912 32.3115 0
      vertex 139.129 36.5241 0
    endloop
  endfacet
  facet normal 0 0 -1
    outer loop
      vertex 136.607 32.533 0
      vertex 139.129 36.5241 0
      vertex 136.912 32.3115 0
    endloop
  endfacet
  facet normal -0 0 -1
    outer loop
      vertex 139.129 36.5241 0
      vertex 136.607 32.533 0
      vertex 138.545 36.7553 0
    endloop
  endfacet
  facet normal -0 0 -1
    outer loop
      vertex 138.545 36.7553 0
      vertex 136.607 32.533 0
      vertex 137.937 36.9114 0
    endloop
  endfacet
  facet normal 0 0 -1
    outer loop
      vertex 136.277 32.7145 0
      vertex 137.937 36.9114 0
      vertex 136.607 32.533 0
    endloop
  endfacet
  facet normal -0 0 -1
    outer loop
      vertex 137.937 36.9114 0
      vertex 136.277 32.7145 0
      vertex 137.314 36.9901 0
    endloop
  endfacet
  facet normal 0 0 -1
    outer loop
      vertex 135.927 32.8532 0
      vertex 137.314 36.9901 0
      vertex 136.277 32.7145 0
    endloop
  endfacet
  facet normal 0 0 -1
    outer loop
      vertex 135.562 32.9469 0
      vertex 137.314 36.9901 0
      vertex 135.927 32.8532 0
    endloop
  endfacet
  facet normal 0 0 -1
    outer loop
      vertex 135.188 32.9941 0
      vertex 137.314 36.9901 0
      vertex 135.562 32.9469 0
    endloop
  endfacet
  facet normal 0 0 -1
    outer loop
      vertex 134.812 32.9941 0
      vertex 137.314 36.9901 0
      vertex 135.188 32.9941 0
    endloop
  endfacet
  facet normal 0 0 -1
    outer loop
      vertex 134.438 32.9469 0
      vertex 137.314 36.9901 0
      vertex 134.812 32.9941 0
    endloop
  endfacet
  facet normal 0 0 -1
    outer loop
      vertex 134.073 32.8532 0
      vertex 137.314 36.9901 0
      vertex 134.438 32.9469 0
    endloop
  endfacet
  facet normal 0 0 -1
    outer loop
      vertex 133.723 32.7145 0
      vertex 137.314 36.9901 0
      vertex 134.073 32.8532 0
    endloop
  endfacet
  facet normal 0 0 -1
    outer loop
      vertex 133.393 32.533 0
      vertex 137.314 36.9901 0
      vertex 133.723 32.7145 0
    endloop
  endfacet
  facet normal 0 0 -1
    outer loop
      vertex 133.088 32.3115 0
      vertex 137.314 36.9901 0
      vertex 133.393 32.533 0
    endloop
  endfacet
  facet normal 0 0 -1
    outer loop
      vertex 132.813 32.0536 0
      vertex 137.314 36.9901 0
      vertex 133.088 32.3115 0
    endloop
  endfacet
  facet normal 0 0 -1
    outer loop
      vertex 132.024 29.624 0
      vertex -132 30 0
      vertex 132 30 0
    endloop
  endfacet
  facet normal 0 0 -1
    outer loop
      vertex 132 30 0
      vertex -132 30 0
      vertex 132.024 30.376 0
    endloop
  endfacet
  facet normal 0 0 -1
    outer loop
      vertex -132.024 30.376 0
      vertex 132.024 30.376 0
      vertex -132 30 0
    endloop
  endfacet
  facet normal 0 0 -1
    outer loop
      vertex 132.024 30.376 0
      vertex -132.024 30.376 0
      vertex 132.094 30.7461 0
    endloop
  endfacet
  facet normal 0 0 -1
    outer loop
      vertex -132.094 30.7461 0
      vertex 132.094 30.7461 0
      vertex -132.024 30.376 0
    endloop
  endfacet
  facet normal 0 0 -1
    outer loop
      vertex 132.094 30.7461 0
      vertex -132.094 30.7461 0
      vertex 132.211 31.1044 0
    endloop
  endfacet
  facet normal 0 0 -1
    outer loop
      vertex -132.211 31.1044 0
      vertex 132.211 31.1044 0
      vertex -132.094 30.7461 0
    endloop
  endfacet
  facet normal 0 0 -1
    outer loop
      vertex 132.211 31.1044 0
      vertex -132.211 31.1044 0
      vertex 132.371 31.4453 0
    endloop
  endfacet
  facet normal 0 0 -1
    outer loop
      vertex -132.371 31.4453 0
      vertex 132.371 31.4453 0
      vertex -132.211 31.1044 0
    endloop
  endfacet
  facet normal 0 0 -1
    outer loop
      vertex 132.371 31.4453 0
      vertex -132.371 31.4453 0
      vertex 132.573 31.7634 0
    endloop
  endfacet
  facet normal 0 0 -1
    outer loop
      vertex -132.573 31.7634 0
      vertex 132.573 31.7634 0
      vertex -132.371 31.4453 0
    endloop
  endfacet
  facet normal 0 0 -1
    outer loop
      vertex 132.573 31.7634 0
      vertex -132.573 31.7634 0
      vertex 132.813 32.0536 0
    endloop
  endfacet
  facet normal 0 0 -1
    outer loop
      vertex -132.813 32.0536 0
      vertex 132.813 32.0536 0
      vertex -132.573 31.7634 0
    endloop
  endfacet
  facet normal 0 0 -1
    outer loop
      vertex 132.813 32.0536 0
      vertex -132.813 32.0536 0
      vertex 137.314 36.9901 0
    endloop
  endfacet
  facet normal 0 0 -1
    outer loop
      vertex -137.314 36.9901 0
      vertex -132.813 32.0536 0
      vertex -133.088 32.3115 0
    endloop
  endfacet
  facet normal 0 0 -1
    outer loop
      vertex -137.314 36.9901 0
      vertex -133.088 32.3115 0
      vertex -133.393 32.533 0
    endloop
  endfacet
  facet normal 0 0 -1
    outer loop
      vertex -137.314 36.9901 0
      vertex -133.393 32.533 0
      vertex -133.723 32.7145 0
    endloop
  endfacet
  facet normal 0 0 -1
    outer loop
      vertex -137.314 36.9901 0
      vertex -133.723 32.7145 0
      vertex -134.073 32.8532 0
    endloop
  endfacet
  facet normal 0 0 -1
    outer loop
      vertex -137.314 36.9901 0
      vertex -134.073 32.8532 0
      vertex -134.438 32.9469 0
    endloop
  endfacet
  facet normal 0 0 -1
    outer loop
      vertex -137.314 36.9901 0
      vertex -134.438 32.9469 0
      vertex -134.812 32.9941 0
    endloop
  endfacet
  facet normal 0 0 -1
    outer loop
      vertex -137.314 36.9901 0
      vertex -134.812 32.9941 0
      vertex -135.188 32.9941 0
    endloop
  endfacet
  facet normal 0 0 -1
    outer loop
      vertex -132.813 32.0536 0
      vertex -137.314 36.9901 0
      vertex 137.314 36.9901 0
    endloop
  endfacet
  facet normal 0 0 -1
    outer loop
      vertex -135.562 32.9469 0
      vertex -137.314 36.9901 0
      vertex -135.188 32.9941 0
    endloop
  endfacet
  facet normal 0 0 -1
    outer loop
      vertex -135.927 32.8532 0
      vertex -137.314 36.9901 0
      vertex -135.562 32.9469 0
    endloop
  endfacet
  facet normal 0 0 -1
    outer loop
      vertex -136.277 32.7145 0
      vertex -137.314 36.9901 0
      vertex -135.927 32.8532 0
    endloop
  endfacet
  facet normal 0 0 -1
    outer loop
      vertex -137.937 36.9114 0
      vertex -136.277 32.7145 0
      vertex -136.607 32.533 0
    endloop
  endfacet
  facet normal 0 0 -1
    outer loop
      vertex -139.129 36.5241 0
      vertex -136.607 32.533 0
      vertex -136.912 32.3115 0
    endloop
  endfacet
  facet normal 0 0 -1
    outer loop
      vertex -140.187 35.8526 0
      vertex -136.912 32.3115 0
      vertex -137.187 32.0536 0
    endloop
  endfacet
  facet normal 0 0 -1
    outer loop
      vertex -141.045 34.9389 0
      vertex -137.187 32.0536 0
      vertex -137.427 31.7634 0
    endloop
  endfacet
  facet normal 0 0 -1
    outer loop
      vertex -141.649 33.8406 0
      vertex -137.427 31.7634 0
      vertex -137.629 31.4453 0
    endloop
  endfacet
  facet normal 0 0 -1
    outer loop
      vertex -141.961 32.6267 0
      vertex -137.629 31.4453 0
      vertex -137.789 31.1044 0
    endloop
  endfacet
  facet normal 0 0 -1
    outer loop
      vertex -142 32 0
      vertex -137.789 31.1044 0
      vertex -137.906 30.7461 0
    endloop
  endfacet
  facet normal 0 0 -1
    outer loop
      vertex -136.277 32.7145 0
      vertex -137.937 36.9114 0
      vertex -137.314 36.9901 0
    endloop
  endfacet
  facet normal 0 0 -1
    outer loop
      vertex -142 32 0
      vertex -137.906 30.7461 0
      vertex -137.976 30.376 0
    endloop
  endfacet
  facet normal 0 0 -1
    outer loop
      vertex -142 32 0
      vertex -137.976 30.376 0
      vertex -138 30 0
    endloop
  endfacet
  facet normal 0 0 -1
    outer loop
      vertex -136.607 32.533 0
      vertex -138.545 36.7553 0
      vertex -137.937 36.9114 0
    endloop
  endfacet
  facet normal 0 0 -1
    outer loop
      vertex -137.906 29.2539 0
      vertex -142 32 0
      vertex -137.976 29.624 0
    endloop
  endfacet
  facet normal 0 0 -1
    outer loop
      vertex -141.649 -33.8406 0
      vertex -137.427 -31.7634 0
      vertex -141.382 -34.4088 0
    endloop
  endfacet
  facet normal 0 0 -1
    outer loop
      vertex -137.976 29.624 0
      vertex -142 32 0
      vertex -138 30 0
    endloop
  endfacet
  facet normal -0 0 -1
    outer loop
      vertex -137.427 -31.7634 0
      vertex -141.649 -33.8406 0
      vertex -137.629 -31.4453 0
    endloop
  endfacet
  facet normal 0 0 -1
    outer loop
      vertex -137.789 31.1044 0
      vertex -142 32 0
      vertex -141.961 32.6267 0
    endloop
  endfacet
  facet normal 0 0 -1
    outer loop
      vertex -141.843 -33.2435 0
      vertex -137.629 -31.4453 0
      vertex -141.649 -33.8406 0
    endloop
  endfacet
  facet normal 0 0 -1
    outer loop
      vertex -136.607 32.533 0
      vertex -139.129 36.5241 0
      vertex -138.545 36.7553 0
    endloop
  endfacet
  facet normal 0 0 -1
    outer loop
      vertex -141.961 -32.6267 0
      vertex -137.629 -31.4453 0
      vertex -141.843 -33.2435 0
    endloop
  endfacet
  facet normal 0 0 -1
    outer loop
      vertex -136.912 32.3115 0
      vertex -139.679 36.2216 0
      vertex -139.129 36.5241 0
    endloop
  endfacet
  facet normal -0 0 -1
    outer loop
      vertex -137.629 -31.4453 0
      vertex -141.961 -32.6267 0
      vertex -137.789 -31.1044 0
    endloop
  endfacet
  facet normal 0 0 -1
    outer loop
      vertex -136.912 32.3115 0
      vertex -140.187 35.8526 0
      vertex -139.679 36.2216 0
    endloop
  endfacet
  facet normal 0 0 -1
    outer loop
      vertex -142 -32 0
      vertex -137.789 -31.1044 0
      vertex -141.961 -32.6267 0
    endloop
  endfacet
  facet normal 0 0 -1
    outer loop
      vertex -137.187 32.0536 0
      vertex -140.645 35.4227 0
      vertex -140.187 35.8526 0
    endloop
  endfacet
  facet normal -0 0 -1
    outer loop
      vertex -137.789 -31.1044 0
      vertex -142 -32 0
      vertex -137.906 -30.7461 0
    endloop
  endfacet
  facet normal 0 0 -1
    outer loop
      vertex -137.187 32.0536 0
      vertex -141.045 34.9389 0
      vertex -140.645 35.4227 0
    endloop
  endfacet
  facet normal -0 0 -1
    outer loop
      vertex -137.906 -30.7461 0
      vertex -142 -32 0
      vertex -137.976 -30.376 0
    endloop
  endfacet
  facet normal 0 0 -1
    outer loop
      vertex -137.427 31.7634 0
      vertex -141.382 34.4088 0
      vertex -141.045 34.9389 0
    endloop
  endfacet
  facet normal -0 0 -1
    outer loop
      vertex -137.976 -30.376 0
      vertex -142 -32 0
      vertex -138 -30 0
    endloop
  endfacet
  facet normal 0 0 -1
    outer loop
      vertex -137.427 31.7634 0
      vertex -141.649 33.8406 0
      vertex -141.382 34.4088 0
    endloop
  endfacet
  facet normal 0 0 -1
    outer loop
      vertex -137.629 31.4453 0
      vertex -141.843 33.2435 0
      vertex -141.649 33.8406 0
    endloop
  endfacet
  facet normal 0 0 -1
    outer loop
      vertex -137.629 31.4453 0
      vertex -141.961 32.6267 0
      vertex -141.843 33.2435 0
    endloop
  endfacet
  facet normal -0.982188 -0.187902 0
    outer loop
      vertex -141.843 -33.2435 0
      vertex -141.961 -32.6267 3
      vertex -141.961 -32.6267 0
    endloop
  endfacet
  facet normal -0.982188 -0.187902 0
    outer loop
      vertex -141.961 -32.6267 3
      vertex -141.843 -33.2435 0
      vertex -141.843 -33.2435 3
    endloop
  endfacet
  facet normal -0.843904 -0.536494 0
    outer loop
      vertex -141.045 -34.9389 0
      vertex -141.382 -34.4088 3
      vertex -141.382 -34.4088 0
    endloop
  endfacet
  facet normal -0.843904 -0.536494 0
    outer loop
      vertex -141.382 -34.4088 3
      vertex -141.045 -34.9389 0
      vertex -141.045 -34.9389 3
    endloop
  endfacet
  facet normal -0.905057 -0.425291 0
    outer loop
      vertex -141.382 -34.4088 0
      vertex -141.649 -33.8406 3
      vertex -141.649 -33.8406 0
    endloop
  endfacet
  facet normal -0.905057 -0.425291 0
    outer loop
      vertex -141.649 -33.8406 3
      vertex -141.382 -34.4088 0
      vertex -141.382 -34.4088 3
    endloop
  endfacet
  facet normal -0.587698 0.80908 0
    outer loop
      vertex -139.679 36.2216 0
      vertex -140.187 35.8526 3
      vertex -139.679 36.2216 3
    endloop
  endfacet
  facet normal -0.587698 0.80908 0
    outer loop
      vertex -140.187 35.8526 3
      vertex -139.679 36.2216 0
      vertex -140.187 35.8526 0
    endloop
  endfacet
  facet normal -0.125328 0.992115 0
    outer loop
      vertex -137.314 36.9901 0
      vertex -137.937 36.9114 3
      vertex -137.314 36.9901 3
    endloop
  endfacet
  facet normal -0.125328 0.992115 0
    outer loop
      vertex -137.937 36.9114 3
      vertex -137.314 36.9901 0
      vertex -137.937 36.9114 0
    endloop
  endfacet
  facet normal 0.770696 -0.637202 0
    outer loop
      vertex 140.645 -35.4227 3
      vertex 141.045 -34.9389 0
      vertex 141.045 -34.9389 3
    endloop
  endfacet
  facet normal 0.770696 -0.637202 0
    outer loop
      vertex 141.045 -34.9389 0
      vertex 140.645 -35.4227 3
      vertex 140.645 -35.4227 0
    endloop
  endfacet
  facet normal 0.481919 -0.876216 0
    outer loop
      vertex 139.129 -36.5241 0
      vertex 139.679 -36.2216 3
      vertex 139.129 -36.5241 3
    endloop
  endfacet
  facet normal 0.481919 -0.876216 0
    outer loop
      vertex 139.679 -36.2216 3
      vertex 139.129 -36.5241 0
      vertex 139.679 -36.2216 0
    endloop
  endfacet
  facet normal 0.905057 -0.425291 0
    outer loop
      vertex 141.382 -34.4088 3
      vertex 141.649 -33.8406 0
      vertex 141.649 -33.8406 3
    endloop
  endfacet
  facet normal 0.905057 -0.425291 0
    outer loop
      vertex 141.649 -33.8406 0
      vertex 141.382 -34.4088 3
      vertex 141.382 -34.4088 0
    endloop
  endfacet
  facet normal 0.843904 -0.536494 0
    outer loop
      vertex 141.045 -34.9389 3
      vertex 141.382 -34.4088 0
      vertex 141.382 -34.4088 3
    endloop
  endfacet
  facet normal 0.843904 -0.536494 0
    outer loop
      vertex 141.382 -34.4088 0
      vertex 141.045 -34.9389 3
      vertex 141.045 -34.9389 0
    endloop
  endfacet
endsolid OpenSCAD_Model
